-- Automated Data Generation for Music Schema
SET client_encoding = 'UTF8';

-- INSERT USERS
INSERT INTO users (user_id, name, email, plan, created_at) VALUES (1, 'Nicholas Evans', 'ashleetaylor@example.net', 'enterprise', NOW());
INSERT INTO users (user_id, name, email, plan, created_at) VALUES (2, 'Charles Romero', 'sweeneyalan@example.com', 'enterprise', NOW());
INSERT INTO users (user_id, name, email, plan, created_at) VALUES (3, 'Dylan Byrd', 'bradley28@example.org', 'free', NOW());
INSERT INTO users (user_id, name, email, plan, created_at) VALUES (4, 'Erika Wells', 'bowersdavid@example.net', 'enterprise', NOW());
INSERT INTO users (user_id, name, email, plan, created_at) VALUES (5, 'Gina Mcpherson', 'steven11@example.com', 'premium', NOW());
INSERT INTO users (user_id, name, email, plan, created_at) VALUES (6, 'Julie Coleman', 'manuel40@example.com', 'free', NOW());
INSERT INTO users (user_id, name, email, plan, created_at) VALUES (7, 'Kevin Rodriguez', 'ashley02@example.com', 'enterprise', NOW());
INSERT INTO users (user_id, name, email, plan, created_at) VALUES (8, 'Natalie Hill', 'nicolejensen@example.org', 'free', NOW());
INSERT INTO users (user_id, name, email, plan, created_at) VALUES (9, 'Victoria Porter', 'grivera@example.net', 'premium', NOW());
INSERT INTO users (user_id, name, email, plan, created_at) VALUES (10, 'Jill Lloyd', 'stevensonrobert@example.net', 'premium', NOW());
INSERT INTO users (user_id, name, email, plan, created_at) VALUES (11, 'David Brown', 'michelle99@example.org', 'free', NOW());
INSERT INTO users (user_id, name, email, plan, created_at) VALUES (12, 'Christopher Smith', 'swright@example.com', 'free', NOW());
INSERT INTO users (user_id, name, email, plan, created_at) VALUES (13, 'Maria Hunter', 'monique47@example.net', 'enterprise', NOW());
INSERT INTO users (user_id, name, email, plan, created_at) VALUES (14, 'Calvin Molina', 'griffinkenneth@example.net', 'free', NOW());
INSERT INTO users (user_id, name, email, plan, created_at) VALUES (15, 'Amber Gonzalez', 'danielharris@example.org', 'free', NOW());
INSERT INTO users (user_id, name, email, plan, created_at) VALUES (16, 'Chad Hamilton', 'laurengonzalez@example.net', 'free', NOW());
INSERT INTO users (user_id, name, email, plan, created_at) VALUES (17, 'Sharon King', 'wsmith@example.net', 'free', NOW());
INSERT INTO users (user_id, name, email, plan, created_at) VALUES (18, 'Thomas Garcia', 'davidhess@example.com', 'enterprise', NOW());
INSERT INTO users (user_id, name, email, plan, created_at) VALUES (19, 'Dustin Garcia', 'craigjaime@example.com', 'premium', NOW());
INSERT INTO users (user_id, name, email, plan, created_at) VALUES (20, 'Don Ford', 'bradleyrandall@example.net', 'premium', NOW());
INSERT INTO users (user_id, name, email, plan, created_at) VALUES (21, 'Zachary Hunt', 'michelle78@example.com', 'free', NOW());
INSERT INTO users (user_id, name, email, plan, created_at) VALUES (22, 'Mr. Andrew Cunningham', 'prodriguez@example.org', 'enterprise', NOW());
INSERT INTO users (user_id, name, email, plan, created_at) VALUES (23, 'Robert Richards', 'victorpatterson@example.org', 'premium', NOW());
INSERT INTO users (user_id, name, email, plan, created_at) VALUES (24, 'John Evans', 'phoffman@example.net', 'free', NOW());
INSERT INTO users (user_id, name, email, plan, created_at) VALUES (25, 'Joanne Smith', 'stephen97@example.com', 'free', NOW());
INSERT INTO users (user_id, name, email, plan, created_at) VALUES (26, 'Gary Nelson', 'proctordonald@example.org', 'premium', NOW());
INSERT INTO users (user_id, name, email, plan, created_at) VALUES (27, 'Lindsay Bennett', 'jessica94@example.org', 'premium', NOW());
INSERT INTO users (user_id, name, email, plan, created_at) VALUES (28, 'Ashley Morrison', 'denise46@example.org', 'enterprise', NOW());
INSERT INTO users (user_id, name, email, plan, created_at) VALUES (29, 'Jared Lopez', 'robertcochran@example.net', 'free', NOW());
INSERT INTO users (user_id, name, email, plan, created_at) VALUES (30, 'James Henderson', 'leslie67@example.com', 'enterprise', NOW());
INSERT INTO users (user_id, name, email, plan, created_at) VALUES (31, 'Rachel Robinson', 'pschneider@example.com', 'enterprise', NOW());
INSERT INTO users (user_id, name, email, plan, created_at) VALUES (32, 'Nicholas Smith', 'deanbrian@example.net', 'enterprise', NOW());
INSERT INTO users (user_id, name, email, plan, created_at) VALUES (33, 'Joshua Hooper', 'ericrichardson@example.net', 'enterprise', NOW());
INSERT INTO users (user_id, name, email, plan, created_at) VALUES (34, 'Barbara Crawford', 'kmays@example.org', 'premium', NOW());
INSERT INTO users (user_id, name, email, plan, created_at) VALUES (35, 'Jessica Watson', 'rgutierrez@example.com', 'enterprise', NOW());
INSERT INTO users (user_id, name, email, plan, created_at) VALUES (36, 'Joseph Garcia', 'williamfitzpatrick@example.com', 'premium', NOW());
INSERT INTO users (user_id, name, email, plan, created_at) VALUES (37, 'Jesus Davis', 'nshah@example.org', 'premium', NOW());
INSERT INTO users (user_id, name, email, plan, created_at) VALUES (38, 'Lisa Kelly', 'lindsay93@example.com', 'enterprise', NOW());
INSERT INTO users (user_id, name, email, plan, created_at) VALUES (39, 'Cathy Medina', 'stewartnicholas@example.net', 'enterprise', NOW());
INSERT INTO users (user_id, name, email, plan, created_at) VALUES (40, 'John Harris', 'lmason@example.org', 'premium', NOW());
INSERT INTO users (user_id, name, email, plan, created_at) VALUES (41, 'Bruce Deleon', 'cpatterson@example.com', 'enterprise', NOW());
INSERT INTO users (user_id, name, email, plan, created_at) VALUES (42, 'Heather Swanson', 'mlittle@example.com', 'premium', NOW());
INSERT INTO users (user_id, name, email, plan, created_at) VALUES (43, 'Nancy Hernandez', 'vicki04@example.org', 'free', NOW());
INSERT INTO users (user_id, name, email, plan, created_at) VALUES (44, 'Michael Conway', 'ericpierce@example.org', 'free', NOW());
INSERT INTO users (user_id, name, email, plan, created_at) VALUES (45, 'John Pope', 'nathanieldorsey@example.org', 'enterprise', NOW());
INSERT INTO users (user_id, name, email, plan, created_at) VALUES (46, 'Cody Taylor', 'joseph28@example.net', 'free', NOW());
INSERT INTO users (user_id, name, email, plan, created_at) VALUES (47, 'Kathleen Martin', 'chaveztheresa@example.net', 'enterprise', NOW());
INSERT INTO users (user_id, name, email, plan, created_at) VALUES (48, 'Claudia Acosta', 'jonathanclark@example.net', 'premium', NOW());
INSERT INTO users (user_id, name, email, plan, created_at) VALUES (49, 'Kristen Krause', 'kingjohn@example.org', 'free', NOW());
INSERT INTO users (user_id, name, email, plan, created_at) VALUES (50, 'Peter Warner', 'thomascole@example.com', 'free', NOW());
INSERT INTO users (user_id, name, email, plan, created_at) VALUES (51, 'Andrea Best', 'hartanthony@example.com', 'premium', NOW());
INSERT INTO users (user_id, name, email, plan, created_at) VALUES (52, 'Caitlin Anderson', 'gina38@example.net', 'premium', NOW());
INSERT INTO users (user_id, name, email, plan, created_at) VALUES (53, 'Jeffery Bond', 'travisrojas@example.net', 'premium', NOW());
INSERT INTO users (user_id, name, email, plan, created_at) VALUES (54, 'Patricia Walker', 'jasonvargas@example.com', 'free', NOW());
INSERT INTO users (user_id, name, email, plan, created_at) VALUES (55, 'Patricia Mcneil', 'gdyer@example.net', 'premium', NOW());
INSERT INTO users (user_id, name, email, plan, created_at) VALUES (56, 'Hannah Brown', 'webblinda@example.com', 'free', NOW());
INSERT INTO users (user_id, name, email, plan, created_at) VALUES (57, 'Ralph Romero Jr.', 'victor36@example.net', 'premium', NOW());
INSERT INTO users (user_id, name, email, plan, created_at) VALUES (58, 'Sonya Williams', 'jillian44@example.net', 'free', NOW());
INSERT INTO users (user_id, name, email, plan, created_at) VALUES (59, 'Melinda Kelley', 'mary73@example.com', 'premium', NOW());
INSERT INTO users (user_id, name, email, plan, created_at) VALUES (60, 'Wesley Fox', 'zjones@example.net', 'premium', NOW());
INSERT INTO users (user_id, name, email, plan, created_at) VALUES (61, 'Holly Ramirez', 'tlevine@example.com', 'premium', NOW());
INSERT INTO users (user_id, name, email, plan, created_at) VALUES (62, 'Jeffrey Bowman', 'riverasierra@example.net', 'free', NOW());
INSERT INTO users (user_id, name, email, plan, created_at) VALUES (63, 'Stacy Alexander', 'wilcoxsarah@example.net', 'free', NOW());
INSERT INTO users (user_id, name, email, plan, created_at) VALUES (64, 'Timothy Davis', 'wallacebrooke@example.net', 'premium', NOW());
INSERT INTO users (user_id, name, email, plan, created_at) VALUES (65, 'Anthony Harmon MD', 'ocolon@example.org', 'free', NOW());
INSERT INTO users (user_id, name, email, plan, created_at) VALUES (66, 'Adam Jenkins', 'lisa24@example.net', 'enterprise', NOW());
INSERT INTO users (user_id, name, email, plan, created_at) VALUES (67, 'Derek Gilmore', 'rodgersshawn@example.net', 'premium', NOW());
INSERT INTO users (user_id, name, email, plan, created_at) VALUES (68, 'Laura Case', 'derrickware@example.net', 'free', NOW());
INSERT INTO users (user_id, name, email, plan, created_at) VALUES (69, 'Cheryl Henderson', 'scottjennifer@example.com', 'enterprise', NOW());
INSERT INTO users (user_id, name, email, plan, created_at) VALUES (70, 'Jeffrey Carpenter', 'irodriguez@example.net', 'enterprise', NOW());
INSERT INTO users (user_id, name, email, plan, created_at) VALUES (71, 'Grace Ortiz', 'hornelizabeth@example.net', 'premium', NOW());
INSERT INTO users (user_id, name, email, plan, created_at) VALUES (72, 'Jessica Garcia', 'wendywalker@example.net', 'premium', NOW());
INSERT INTO users (user_id, name, email, plan, created_at) VALUES (73, 'Albert Le', 'penny47@example.com', 'premium', NOW());
INSERT INTO users (user_id, name, email, plan, created_at) VALUES (74, 'Lawrence Hendrix', 'jameswilson@example.net', 'premium', NOW());
INSERT INTO users (user_id, name, email, plan, created_at) VALUES (75, 'Daniel Ford', 'whitesara@example.net', 'premium', NOW());
INSERT INTO users (user_id, name, email, plan, created_at) VALUES (76, 'Amber Vazquez', 'vjohnson@example.org', 'premium', NOW());
INSERT INTO users (user_id, name, email, plan, created_at) VALUES (77, 'Lance Lawrence', 'charleswebb@example.net', 'free', NOW());
INSERT INTO users (user_id, name, email, plan, created_at) VALUES (78, 'Meagan Fowler', 'victorwashington@example.com', 'premium', NOW());
INSERT INTO users (user_id, name, email, plan, created_at) VALUES (79, 'Michael Schultz PhD', 'fryesherri@example.net', 'enterprise', NOW());
INSERT INTO users (user_id, name, email, plan, created_at) VALUES (80, 'Suzanne Henderson', 'donaldowens@example.net', 'free', NOW());
INSERT INTO users (user_id, name, email, plan, created_at) VALUES (81, 'Mackenzie Bowman', 'amy70@example.com', 'premium', NOW());
INSERT INTO users (user_id, name, email, plan, created_at) VALUES (82, 'Allison Hooper', 'delgadohannah@example.net', 'enterprise', NOW());
INSERT INTO users (user_id, name, email, plan, created_at) VALUES (83, 'Holly Wilson', 'kellybarr@example.com', 'premium', NOW());
INSERT INTO users (user_id, name, email, plan, created_at) VALUES (84, 'Austin Gross', 'vanessa53@example.org', 'free', NOW());
INSERT INTO users (user_id, name, email, plan, created_at) VALUES (85, 'Zachary Skinner', 'kevincarr@example.org', 'free', NOW());
INSERT INTO users (user_id, name, email, plan, created_at) VALUES (86, 'Mrs. Mary Wilson', 'robin96@example.net', 'free', NOW());
INSERT INTO users (user_id, name, email, plan, created_at) VALUES (87, 'Audrey Palmer', 'palmerdouglas@example.org', 'premium', NOW());
INSERT INTO users (user_id, name, email, plan, created_at) VALUES (88, 'Eric Juarez', 'rluna@example.org', 'free', NOW());
INSERT INTO users (user_id, name, email, plan, created_at) VALUES (89, 'Michael Anderson', 'fmontgomery@example.net', 'enterprise', NOW());
INSERT INTO users (user_id, name, email, plan, created_at) VALUES (90, 'Kristina Thomas', 'dustingonzales@example.net', 'enterprise', NOW());
INSERT INTO users (user_id, name, email, plan, created_at) VALUES (91, 'Mr. Donald Moses', 'ywatts@example.net', 'free', NOW());
INSERT INTO users (user_id, name, email, plan, created_at) VALUES (92, 'Rodney Smith', 'jamesprince@example.org', 'free', NOW());
INSERT INTO users (user_id, name, email, plan, created_at) VALUES (93, 'Denise Schmidt', 'austin42@example.com', 'premium', NOW());
INSERT INTO users (user_id, name, email, plan, created_at) VALUES (94, 'Jamie Gomez', 'angelwise@example.com', 'free', NOW());
INSERT INTO users (user_id, name, email, plan, created_at) VALUES (95, 'Jeffrey Walters', 'raymond71@example.net', 'premium', NOW());
INSERT INTO users (user_id, name, email, plan, created_at) VALUES (96, 'Jodi Meadows', 'theresa42@example.net', 'enterprise', NOW());
INSERT INTO users (user_id, name, email, plan, created_at) VALUES (97, 'Erica Moore', 'ronald92@example.com', 'enterprise', NOW());
INSERT INTO users (user_id, name, email, plan, created_at) VALUES (98, 'Gregory Jones', 'melissa55@example.net', 'premium', NOW());
INSERT INTO users (user_id, name, email, plan, created_at) VALUES (99, 'Derek Keller', 'christopher74@example.com', 'free', NOW());
INSERT INTO users (user_id, name, email, plan, created_at) VALUES (100, 'Edward Lynn', 'carollowery@example.net', 'enterprise', NOW());
INSERT INTO users (user_id, name, email, plan, created_at) VALUES (101, 'Jacob Mcdowell', 'jthompson@example.org', 'premium', NOW());
INSERT INTO users (user_id, name, email, plan, created_at) VALUES (102, 'Scott Sandoval', 'melissawhitaker@example.com', 'premium', NOW());
INSERT INTO users (user_id, name, email, plan, created_at) VALUES (103, 'Dorothy Gilbert', 'connie45@example.org', 'enterprise', NOW());
INSERT INTO users (user_id, name, email, plan, created_at) VALUES (104, 'Sean Miller', 'jacobchambers@example.com', 'enterprise', NOW());
INSERT INTO users (user_id, name, email, plan, created_at) VALUES (105, 'Jennifer Blair', 'kathleen21@example.org', 'free', NOW());
INSERT INTO users (user_id, name, email, plan, created_at) VALUES (106, 'Jason Gross', 'robertslauren@example.org', 'premium', NOW());
INSERT INTO users (user_id, name, email, plan, created_at) VALUES (107, 'Jonathan Garcia', 'hallmiranda@example.org', 'free', NOW());
INSERT INTO users (user_id, name, email, plan, created_at) VALUES (108, 'Heather Morrow', 'franciscogarcia@example.com', 'enterprise', NOW());
INSERT INTO users (user_id, name, email, plan, created_at) VALUES (109, 'Edward Martin', 'leonard97@example.com', 'free', NOW());
INSERT INTO users (user_id, name, email, plan, created_at) VALUES (110, 'Shawn Parker', 'zcortez@example.net', 'free', NOW());
INSERT INTO users (user_id, name, email, plan, created_at) VALUES (111, 'Wesley Payne', 'chansen@example.net', 'free', NOW());
INSERT INTO users (user_id, name, email, plan, created_at) VALUES (112, 'Thomas Wood', 'tylerrebecca@example.org', 'free', NOW());
INSERT INTO users (user_id, name, email, plan, created_at) VALUES (113, 'John Melton', 'cherylthompson@example.net', 'enterprise', NOW());
INSERT INTO users (user_id, name, email, plan, created_at) VALUES (114, 'Antonio Thompson', 'stanley44@example.net', 'premium', NOW());
INSERT INTO users (user_id, name, email, plan, created_at) VALUES (115, 'Jennifer Ortega', 'bbaldwin@example.net', 'premium', NOW());
INSERT INTO users (user_id, name, email, plan, created_at) VALUES (116, 'Eric White', 'pamela08@example.org', 'enterprise', NOW());
INSERT INTO users (user_id, name, email, plan, created_at) VALUES (117, 'Jeremy Kelley', 'robert63@example.com', 'enterprise', NOW());
INSERT INTO users (user_id, name, email, plan, created_at) VALUES (118, 'Debbie Lowe', 'hurststeven@example.net', 'premium', NOW());
INSERT INTO users (user_id, name, email, plan, created_at) VALUES (119, 'Anthony Garcia', 'michaelajones@example.org', 'free', NOW());
INSERT INTO users (user_id, name, email, plan, created_at) VALUES (120, 'Seth Mcguire', 'peter57@example.net', 'free', NOW());
INSERT INTO users (user_id, name, email, plan, created_at) VALUES (121, 'Jennifer Barry', 'emilyhall@example.org', 'enterprise', NOW());
INSERT INTO users (user_id, name, email, plan, created_at) VALUES (122, 'Mike Hughes', 'gholland@example.org', 'free', NOW());
INSERT INTO users (user_id, name, email, plan, created_at) VALUES (123, 'Allen Morris', 'david56@example.net', 'free', NOW());
INSERT INTO users (user_id, name, email, plan, created_at) VALUES (124, 'James Fernandez', 'kathryn43@example.net', 'enterprise', NOW());
INSERT INTO users (user_id, name, email, plan, created_at) VALUES (125, 'Mr. Troy Leon', 'vvaughn@example.net', 'enterprise', NOW());
INSERT INTO users (user_id, name, email, plan, created_at) VALUES (126, 'Regina Mcgrath', 'chrisrandolph@example.org', 'enterprise', NOW());
INSERT INTO users (user_id, name, email, plan, created_at) VALUES (127, 'Nichole Crosby', 'nataliecortez@example.net', 'premium', NOW());
INSERT INTO users (user_id, name, email, plan, created_at) VALUES (128, 'Shane Duarte', 'melissa54@example.com', 'premium', NOW());
INSERT INTO users (user_id, name, email, plan, created_at) VALUES (129, 'Elizabeth Galvan', 'nathan91@example.com', 'premium', NOW());
INSERT INTO users (user_id, name, email, plan, created_at) VALUES (130, 'Hector Barrera', 'bradleytoni@example.com', 'premium', NOW());
INSERT INTO users (user_id, name, email, plan, created_at) VALUES (131, 'Kara Compton', 'jennifersandoval@example.org', 'premium', NOW());
INSERT INTO users (user_id, name, email, plan, created_at) VALUES (132, 'Katelyn Garcia', 'rhill@example.net', 'enterprise', NOW());
INSERT INTO users (user_id, name, email, plan, created_at) VALUES (133, 'Jacqueline Flores', 'hcox@example.net', 'enterprise', NOW());
INSERT INTO users (user_id, name, email, plan, created_at) VALUES (134, 'Joseph Holder', 'longchristine@example.net', 'premium', NOW());
INSERT INTO users (user_id, name, email, plan, created_at) VALUES (135, 'Eric Parks', 'kellymartinez@example.org', 'premium', NOW());
INSERT INTO users (user_id, name, email, plan, created_at) VALUES (136, 'Kara Carter', 'tuckersteven@example.org', 'premium', NOW());
INSERT INTO users (user_id, name, email, plan, created_at) VALUES (137, 'Tony Lee', 'baileychristopher@example.com', 'free', NOW());
INSERT INTO users (user_id, name, email, plan, created_at) VALUES (138, 'Mary Cole', 'njohnson@example.org', 'free', NOW());
INSERT INTO users (user_id, name, email, plan, created_at) VALUES (139, 'Nancy Mccoy', 'ajackson@example.net', 'free', NOW());
INSERT INTO users (user_id, name, email, plan, created_at) VALUES (140, 'Katherine Anderson', 'jeremiah02@example.com', 'free', NOW());
INSERT INTO users (user_id, name, email, plan, created_at) VALUES (141, 'Samantha Norris', 'elizabeth63@example.org', 'premium', NOW());
INSERT INTO users (user_id, name, email, plan, created_at) VALUES (142, 'Robert Adams', 'david96@example.com', 'premium', NOW());
INSERT INTO users (user_id, name, email, plan, created_at) VALUES (143, 'Aimee Williams', 'lsosa@example.com', 'premium', NOW());
INSERT INTO users (user_id, name, email, plan, created_at) VALUES (144, 'Danielle Hammond', 'rburnett@example.net', 'enterprise', NOW());
INSERT INTO users (user_id, name, email, plan, created_at) VALUES (145, 'Linda Gomez', 'jwilliams@example.com', 'premium', NOW());
INSERT INTO users (user_id, name, email, plan, created_at) VALUES (146, 'Holly Hanson', 'ryanmartinez@example.net', 'free', NOW());
INSERT INTO users (user_id, name, email, plan, created_at) VALUES (147, 'Crystal Wu', 'vickierivera@example.net', 'enterprise', NOW());
INSERT INTO users (user_id, name, email, plan, created_at) VALUES (148, 'Andrea Hanson', 'moranashley@example.org', 'free', NOW());
INSERT INTO users (user_id, name, email, plan, created_at) VALUES (149, 'Sara Pineda', 'moondaniel@example.com', 'enterprise', NOW());
INSERT INTO users (user_id, name, email, plan, created_at) VALUES (150, 'Jessica Welch', 'aguilarjeffrey@example.com', 'enterprise', NOW());
INSERT INTO users (user_id, name, email, plan, created_at) VALUES (151, 'Matthew Fisher', 'rgomez@example.org', 'enterprise', NOW());
INSERT INTO users (user_id, name, email, plan, created_at) VALUES (152, 'Denise Williams', 'kristenroth@example.com', 'premium', NOW());
INSERT INTO users (user_id, name, email, plan, created_at) VALUES (153, 'Kristen Richardson', 'tharrell@example.com', 'enterprise', NOW());
INSERT INTO users (user_id, name, email, plan, created_at) VALUES (154, 'Emma Mcclure', 'vangdesiree@example.com', 'enterprise', NOW());
INSERT INTO users (user_id, name, email, plan, created_at) VALUES (155, 'Brian Travis', 'mosesbrandon@example.org', 'premium', NOW());
INSERT INTO users (user_id, name, email, plan, created_at) VALUES (156, 'Patty Fox', 'christopher09@example.net', 'free', NOW());
INSERT INTO users (user_id, name, email, plan, created_at) VALUES (157, 'April Velez', 'stevenpark@example.net', 'premium', NOW());
INSERT INTO users (user_id, name, email, plan, created_at) VALUES (158, 'Natasha Hubbard', 'gonzalezcarlos@example.net', 'enterprise', NOW());
INSERT INTO users (user_id, name, email, plan, created_at) VALUES (159, 'Maria Jones', 'corybell@example.net', 'premium', NOW());
INSERT INTO users (user_id, name, email, plan, created_at) VALUES (160, 'Jean Gonzalez', 'james94@example.net', 'enterprise', NOW());
INSERT INTO users (user_id, name, email, plan, created_at) VALUES (161, 'Justin Wright', 'lbarber@example.com', 'enterprise', NOW());
INSERT INTO users (user_id, name, email, plan, created_at) VALUES (162, 'Roberto Smith', 'sheppardemily@example.org', 'premium', NOW());
INSERT INTO users (user_id, name, email, plan, created_at) VALUES (163, 'Marc Chen', 'webbjamie@example.com', 'free', NOW());
INSERT INTO users (user_id, name, email, plan, created_at) VALUES (164, 'Annette Johnson', 'linda02@example.org', 'enterprise', NOW());
INSERT INTO users (user_id, name, email, plan, created_at) VALUES (165, 'Sharon Huynh', 'cpaul@example.com', 'enterprise', NOW());
INSERT INTO users (user_id, name, email, plan, created_at) VALUES (166, 'Mark Oneill', 'brendabrown@example.org', 'enterprise', NOW());
INSERT INTO users (user_id, name, email, plan, created_at) VALUES (167, 'Richard Mcgee', 'daniellepowers@example.com', 'free', NOW());
INSERT INTO users (user_id, name, email, plan, created_at) VALUES (168, 'Kevin Meyers', 'lgriffin@example.com', 'enterprise', NOW());
INSERT INTO users (user_id, name, email, plan, created_at) VALUES (169, 'Anna George', 'awheeler@example.com', 'premium', NOW());
INSERT INTO users (user_id, name, email, plan, created_at) VALUES (170, 'Shane Blanchard', 'claire54@example.org', 'premium', NOW());
INSERT INTO users (user_id, name, email, plan, created_at) VALUES (171, 'Robert Barnett', 'yferguson@example.com', 'enterprise', NOW());
INSERT INTO users (user_id, name, email, plan, created_at) VALUES (172, 'Lisa Church', 'bradley46@example.org', 'premium', NOW());
INSERT INTO users (user_id, name, email, plan, created_at) VALUES (173, 'Emily Perez', 'jonescynthia@example.org', 'free', NOW());
INSERT INTO users (user_id, name, email, plan, created_at) VALUES (174, 'Michelle Walker', 'craigcarroll@example.com', 'free', NOW());
INSERT INTO users (user_id, name, email, plan, created_at) VALUES (175, 'Jesse Fields', 'lewisjames@example.com', 'premium', NOW());
INSERT INTO users (user_id, name, email, plan, created_at) VALUES (176, 'Rachel Martinez', 'hbuckley@example.org', 'enterprise', NOW());
INSERT INTO users (user_id, name, email, plan, created_at) VALUES (177, 'Jessica Smith', 'murphynorman@example.net', 'premium', NOW());
INSERT INTO users (user_id, name, email, plan, created_at) VALUES (178, 'Shelby Odonnell', 'shannon33@example.org', 'free', NOW());
INSERT INTO users (user_id, name, email, plan, created_at) VALUES (179, 'Breanna Tucker', 'ulee@example.com', 'enterprise', NOW());
INSERT INTO users (user_id, name, email, plan, created_at) VALUES (180, 'David Lowery', 'burnsmichelle@example.org', 'premium', NOW());
INSERT INTO users (user_id, name, email, plan, created_at) VALUES (181, 'David Small', 'zadams@example.net', 'free', NOW());
INSERT INTO users (user_id, name, email, plan, created_at) VALUES (182, 'Kerry Fletcher', 'josephmullen@example.com', 'free', NOW());
INSERT INTO users (user_id, name, email, plan, created_at) VALUES (183, 'Margaret Dean', 'richardsonann@example.org', 'enterprise', NOW());
INSERT INTO users (user_id, name, email, plan, created_at) VALUES (184, 'Martin Novak', 'john59@example.com', 'premium', NOW());
INSERT INTO users (user_id, name, email, plan, created_at) VALUES (185, 'Marc Watson', 'stephanie40@example.com', 'premium', NOW());
INSERT INTO users (user_id, name, email, plan, created_at) VALUES (186, 'Michael Thomas', 'markwalters@example.net', 'premium', NOW());
INSERT INTO users (user_id, name, email, plan, created_at) VALUES (187, 'Ryan Moore', 'colethompson@example.net', 'free', NOW());
INSERT INTO users (user_id, name, email, plan, created_at) VALUES (188, 'Mason Mayer', 'shelbyhunter@example.net', 'free', NOW());
INSERT INTO users (user_id, name, email, plan, created_at) VALUES (189, 'Julie Blair', 'jeffery99@example.com', 'free', NOW());
INSERT INTO users (user_id, name, email, plan, created_at) VALUES (190, 'Matthew Contreras', 'laura33@example.org', 'free', NOW());
INSERT INTO users (user_id, name, email, plan, created_at) VALUES (191, 'Wayne Garza', 'hamiltonemily@example.com', 'enterprise', NOW());
INSERT INTO users (user_id, name, email, plan, created_at) VALUES (192, 'Andrew Villegas', 'jessica84@example.org', 'enterprise', NOW());
INSERT INTO users (user_id, name, email, plan, created_at) VALUES (193, 'Michelle Wise', 'scottrojas@example.org', 'enterprise', NOW());
INSERT INTO users (user_id, name, email, plan, created_at) VALUES (194, 'Natalie Decker', 'jason79@example.net', 'premium', NOW());
INSERT INTO users (user_id, name, email, plan, created_at) VALUES (195, 'Cody Smith', 'mendozaheather@example.net', 'premium', NOW());
INSERT INTO users (user_id, name, email, plan, created_at) VALUES (196, 'Richard Jones', 'shannon61@example.org', 'free', NOW());
INSERT INTO users (user_id, name, email, plan, created_at) VALUES (197, 'Cynthia Peters', 'xrios@example.org', 'premium', NOW());
INSERT INTO users (user_id, name, email, plan, created_at) VALUES (198, 'Charles Freeman', 'charleswarren@example.org', 'premium', NOW());
INSERT INTO users (user_id, name, email, plan, created_at) VALUES (199, 'Laurie Jefferson', 'dillon17@example.net', 'premium', NOW());
INSERT INTO users (user_id, name, email, plan, created_at) VALUES (200, 'Stephen Lloyd', 'pthompson@example.com', 'premium', NOW());
INSERT INTO users (user_id, name, email, plan, created_at) VALUES (201, 'Beth Brooks', 'sarah87@example.org', 'enterprise', NOW());
INSERT INTO users (user_id, name, email, plan, created_at) VALUES (202, 'Steven Gonzalez', 'brittany03@example.com', 'free', NOW());
INSERT INTO users (user_id, name, email, plan, created_at) VALUES (203, 'Daniel Butler', 'dlong@example.net', 'enterprise', NOW());
INSERT INTO users (user_id, name, email, plan, created_at) VALUES (204, 'Hector Moore', 'chanleslie@example.org', 'premium', NOW());
INSERT INTO users (user_id, name, email, plan, created_at) VALUES (205, 'Miss Mary Roberts', 'yolandareynolds@example.org', 'premium', NOW());
INSERT INTO users (user_id, name, email, plan, created_at) VALUES (206, 'Steven Hicks', 'gilbertbrian@example.org', 'premium', NOW());
INSERT INTO users (user_id, name, email, plan, created_at) VALUES (207, 'Mrs. Brooke Ramirez DDS', 'chris86@example.org', 'premium', NOW());
INSERT INTO users (user_id, name, email, plan, created_at) VALUES (208, 'Michael Miller', 'wwilson@example.org', 'enterprise', NOW());
INSERT INTO users (user_id, name, email, plan, created_at) VALUES (209, 'Megan Brown', 'nicholaswood@example.net', 'premium', NOW());
INSERT INTO users (user_id, name, email, plan, created_at) VALUES (210, 'Benjamin Casey', 'xsimon@example.net', 'enterprise', NOW());
INSERT INTO users (user_id, name, email, plan, created_at) VALUES (211, 'Austin Harris', 'leekelly@example.org', 'free', NOW());
INSERT INTO users (user_id, name, email, plan, created_at) VALUES (212, 'Jennifer Pollard', 'allisonjames@example.org', 'enterprise', NOW());
INSERT INTO users (user_id, name, email, plan, created_at) VALUES (213, 'James Arroyo', 'ann28@example.com', 'premium', NOW());
INSERT INTO users (user_id, name, email, plan, created_at) VALUES (214, 'Alicia Lewis', 'sgregory@example.com', 'premium', NOW());
INSERT INTO users (user_id, name, email, plan, created_at) VALUES (215, 'Stacey Price', 'monicawilliams@example.com', 'free', NOW());
INSERT INTO users (user_id, name, email, plan, created_at) VALUES (216, 'William Maldonado', 'perezharold@example.com', 'free', NOW());
INSERT INTO users (user_id, name, email, plan, created_at) VALUES (217, 'Ryan Jordan', 'michael49@example.net', 'free', NOW());
INSERT INTO users (user_id, name, email, plan, created_at) VALUES (218, 'Kyle Johnson', 'angela39@example.com', 'free', NOW());
INSERT INTO users (user_id, name, email, plan, created_at) VALUES (219, 'Sarah Oliver', 'dawnfrench@example.org', 'free', NOW());
INSERT INTO users (user_id, name, email, plan, created_at) VALUES (220, 'Dana Lewis', 'josephbarton@example.net', 'enterprise', NOW());
INSERT INTO users (user_id, name, email, plan, created_at) VALUES (221, 'Allison Smith', 'palmerharold@example.net', 'enterprise', NOW());
INSERT INTO users (user_id, name, email, plan, created_at) VALUES (222, 'Denise Cuevas', 'robinsoncarly@example.org', 'free', NOW());
INSERT INTO users (user_id, name, email, plan, created_at) VALUES (223, 'Karen King', 'reynoldsdevin@example.net', 'free', NOW());
INSERT INTO users (user_id, name, email, plan, created_at) VALUES (224, 'Mr. Brian Mills', 'kyle29@example.org', 'enterprise', NOW());
INSERT INTO users (user_id, name, email, plan, created_at) VALUES (225, 'Austin Wade', 'tmurphy@example.net', 'enterprise', NOW());
INSERT INTO users (user_id, name, email, plan, created_at) VALUES (226, 'Dr. Kelly Cain', 'jackiebell@example.net', 'free', NOW());
INSERT INTO users (user_id, name, email, plan, created_at) VALUES (227, 'Shaun Patel', 'derek82@example.net', 'free', NOW());
INSERT INTO users (user_id, name, email, plan, created_at) VALUES (228, 'Charles Lee', 'jeffrey36@example.net', 'free', NOW());
INSERT INTO users (user_id, name, email, plan, created_at) VALUES (229, 'Michelle Torres', 'karenlarsen@example.net', 'enterprise', NOW());
INSERT INTO users (user_id, name, email, plan, created_at) VALUES (230, 'Katie Chang', 'sjones@example.org', 'premium', NOW());
INSERT INTO users (user_id, name, email, plan, created_at) VALUES (231, 'James Hamilton', 'arnoldpriscilla@example.net', 'premium', NOW());
INSERT INTO users (user_id, name, email, plan, created_at) VALUES (232, 'Sarah Richards', 'michael48@example.net', 'enterprise', NOW());
INSERT INTO users (user_id, name, email, plan, created_at) VALUES (233, 'Anna Bowen', 'regina00@example.com', 'premium', NOW());
INSERT INTO users (user_id, name, email, plan, created_at) VALUES (234, 'Jonathan Haynes', 'taylor47@example.com', 'enterprise', NOW());
INSERT INTO users (user_id, name, email, plan, created_at) VALUES (235, 'Barbara Ramsey', 'smithcorey@example.org', 'free', NOW());
INSERT INTO users (user_id, name, email, plan, created_at) VALUES (236, 'Emily Williams', 'mitchellanthony@example.com', 'premium', NOW());
INSERT INTO users (user_id, name, email, plan, created_at) VALUES (237, 'Paige Shannon', 'williamsreginald@example.com', 'enterprise', NOW());
INSERT INTO users (user_id, name, email, plan, created_at) VALUES (238, 'Michelle Webster', 'melissa98@example.net', 'enterprise', NOW());
INSERT INTO users (user_id, name, email, plan, created_at) VALUES (239, 'Lisa Hanna', 'brian87@example.com', 'enterprise', NOW());
INSERT INTO users (user_id, name, email, plan, created_at) VALUES (240, 'Matthew Murray', 'wrobertson@example.org', 'premium', NOW());
INSERT INTO users (user_id, name, email, plan, created_at) VALUES (241, 'Grace Roth', 'ericsantiago@example.org', 'premium', NOW());
INSERT INTO users (user_id, name, email, plan, created_at) VALUES (242, 'Ashley Herrera', 'rcook@example.com', 'premium', NOW());
INSERT INTO users (user_id, name, email, plan, created_at) VALUES (243, 'Rachel Martin', 'kevincook@example.com', 'premium', NOW());
INSERT INTO users (user_id, name, email, plan, created_at) VALUES (244, 'Cheryl Acevedo', 'heidi29@example.org', 'premium', NOW());
INSERT INTO users (user_id, name, email, plan, created_at) VALUES (245, 'Alexandra Smith', 'debrabailey@example.net', 'enterprise', NOW());
INSERT INTO users (user_id, name, email, plan, created_at) VALUES (246, 'Benjamin Gonzalez', 'collinswayne@example.org', 'enterprise', NOW());
INSERT INTO users (user_id, name, email, plan, created_at) VALUES (247, 'Richard Davis', 'kmccann@example.org', 'free', NOW());
INSERT INTO users (user_id, name, email, plan, created_at) VALUES (248, 'Yolanda Mendoza', 'patriciamontgomery@example.com', 'enterprise', NOW());
INSERT INTO users (user_id, name, email, plan, created_at) VALUES (249, 'Donna Mejia', 'leebenjamin@example.org', 'premium', NOW());
INSERT INTO users (user_id, name, email, plan, created_at) VALUES (250, 'Heather Hunter', 'garrett16@example.net', 'free', NOW());
INSERT INTO users (user_id, name, email, plan, created_at) VALUES (251, 'Nicholas Bolton', 'gregory08@example.net', 'enterprise', NOW());
INSERT INTO users (user_id, name, email, plan, created_at) VALUES (252, 'Michael Weiss II', 'bradleybenson@example.net', 'premium', NOW());
INSERT INTO users (user_id, name, email, plan, created_at) VALUES (253, 'John Wong', 'rachelrose@example.net', 'enterprise', NOW());
INSERT INTO users (user_id, name, email, plan, created_at) VALUES (254, 'Maria Hansen', 'brian45@example.net', 'free', NOW());
INSERT INTO users (user_id, name, email, plan, created_at) VALUES (255, 'Kyle Frazier', 'michaelvillanueva@example.net', 'free', NOW());
INSERT INTO users (user_id, name, email, plan, created_at) VALUES (256, 'Michelle Kim', 'donald40@example.net', 'free', NOW());
INSERT INTO users (user_id, name, email, plan, created_at) VALUES (257, 'Jacqueline Martinez', 'atkinsjill@example.com', 'premium', NOW());
INSERT INTO users (user_id, name, email, plan, created_at) VALUES (258, 'Ryan Bartlett', 'daniellemiller@example.net', 'free', NOW());
INSERT INTO users (user_id, name, email, plan, created_at) VALUES (259, 'Aaron Marshall', 'tonyawilson@example.net', 'free', NOW());
INSERT INTO users (user_id, name, email, plan, created_at) VALUES (260, 'Adam Nicholson', 'angela38@example.org', 'premium', NOW());
INSERT INTO users (user_id, name, email, plan, created_at) VALUES (261, 'Adam Rodgers', 'christopherthomas@example.org', 'free', NOW());
INSERT INTO users (user_id, name, email, plan, created_at) VALUES (262, 'George Clayton', 'ashley13@example.net', 'enterprise', NOW());
INSERT INTO users (user_id, name, email, plan, created_at) VALUES (263, 'Tiffany Hudson', 'alexanderdaniel@example.net', 'free', NOW());
INSERT INTO users (user_id, name, email, plan, created_at) VALUES (264, 'James Ward', 'thansen@example.com', 'free', NOW());
INSERT INTO users (user_id, name, email, plan, created_at) VALUES (265, 'Matthew Walsh', 'maria62@example.com', 'enterprise', NOW());
INSERT INTO users (user_id, name, email, plan, created_at) VALUES (266, 'Kyle Fuller', 'carrollpeter@example.org', 'enterprise', NOW());
INSERT INTO users (user_id, name, email, plan, created_at) VALUES (267, 'Anthony Roman', 'changamy@example.com', 'free', NOW());
INSERT INTO users (user_id, name, email, plan, created_at) VALUES (268, 'Alexandra Green', 'cynthiachen@example.net', 'free', NOW());
INSERT INTO users (user_id, name, email, plan, created_at) VALUES (269, 'Brenda Ortiz', 'jack74@example.net', 'free', NOW());
INSERT INTO users (user_id, name, email, plan, created_at) VALUES (270, 'David Chandler', 'kimberly95@example.com', 'enterprise', NOW());
INSERT INTO users (user_id, name, email, plan, created_at) VALUES (271, 'Madison Williams', 'zavalakendra@example.org', 'enterprise', NOW());
INSERT INTO users (user_id, name, email, plan, created_at) VALUES (272, 'Kristin Johnson', 'michaelpaul@example.net', 'premium', NOW());
INSERT INTO users (user_id, name, email, plan, created_at) VALUES (273, 'Richard Thompson', 'amanda10@example.net', 'free', NOW());
INSERT INTO users (user_id, name, email, plan, created_at) VALUES (274, 'Andrew Hill', 'davidjohnson@example.org', 'premium', NOW());
INSERT INTO users (user_id, name, email, plan, created_at) VALUES (275, 'Casey Martinez', 'bdodson@example.com', 'free', NOW());
INSERT INTO users (user_id, name, email, plan, created_at) VALUES (276, 'Catherine Blackburn', 'sromero@example.com', 'free', NOW());
INSERT INTO users (user_id, name, email, plan, created_at) VALUES (277, 'Mary Oneal', 'perezdavid@example.net', 'premium', NOW());
INSERT INTO users (user_id, name, email, plan, created_at) VALUES (278, 'Karl Williamson', 'larsonsarah@example.com', 'premium', NOW());
INSERT INTO users (user_id, name, email, plan, created_at) VALUES (279, 'Danielle Hernandez', 'angela18@example.org', 'free', NOW());
INSERT INTO users (user_id, name, email, plan, created_at) VALUES (280, 'Sharon Cortez', 'rangelbrett@example.net', 'free', NOW());
INSERT INTO users (user_id, name, email, plan, created_at) VALUES (281, 'Kayla Sanders', 'imorales@example.org', 'enterprise', NOW());
INSERT INTO users (user_id, name, email, plan, created_at) VALUES (282, 'Stephanie Lopez', 'ricekathryn@example.org', 'free', NOW());
INSERT INTO users (user_id, name, email, plan, created_at) VALUES (283, 'Maurice Peterson', 'nicole84@example.org', 'free', NOW());
INSERT INTO users (user_id, name, email, plan, created_at) VALUES (284, 'Keith Gonzalez', 'curtis58@example.org', 'premium', NOW());
INSERT INTO users (user_id, name, email, plan, created_at) VALUES (285, 'Timothy Carter', 'xjackson@example.org', 'premium', NOW());
INSERT INTO users (user_id, name, email, plan, created_at) VALUES (286, 'Travis Sanchez', 'william07@example.org', 'premium', NOW());
INSERT INTO users (user_id, name, email, plan, created_at) VALUES (287, 'Jessica Ortiz', 'josephclayton@example.org', 'free', NOW());
INSERT INTO users (user_id, name, email, plan, created_at) VALUES (288, 'Crystal Kelly', 'wpeterson@example.org', 'premium', NOW());
INSERT INTO users (user_id, name, email, plan, created_at) VALUES (289, 'Nicholas Williams', 'amoreno@example.net', 'enterprise', NOW());
INSERT INTO users (user_id, name, email, plan, created_at) VALUES (290, 'Philip Thompson', 'josephpatterson@example.org', 'enterprise', NOW());
INSERT INTO users (user_id, name, email, plan, created_at) VALUES (291, 'Jeffrey Jones', 'patrick41@example.org', 'premium', NOW());
INSERT INTO users (user_id, name, email, plan, created_at) VALUES (292, 'Mary Anderson', 'wesley62@example.net', 'enterprise', NOW());
INSERT INTO users (user_id, name, email, plan, created_at) VALUES (293, 'Angela Garcia', 'ericajohnson@example.net', 'free', NOW());
INSERT INTO users (user_id, name, email, plan, created_at) VALUES (294, 'Michael Reese', 'ljohnson@example.org', 'free', NOW());
INSERT INTO users (user_id, name, email, plan, created_at) VALUES (295, 'Catherine Harrington', 'campbelllisa@example.net', 'enterprise', NOW());
INSERT INTO users (user_id, name, email, plan, created_at) VALUES (296, 'Robert Maxwell', 'rwilliamson@example.org', 'free', NOW());
INSERT INTO users (user_id, name, email, plan, created_at) VALUES (297, 'Amanda Hanson', 'blankenshipronald@example.net', 'enterprise', NOW());
INSERT INTO users (user_id, name, email, plan, created_at) VALUES (298, 'Michael Whitaker', 'duane01@example.com', 'free', NOW());
INSERT INTO users (user_id, name, email, plan, created_at) VALUES (299, 'Holly Martin', 'vsteele@example.org', 'free', NOW());
INSERT INTO users (user_id, name, email, plan, created_at) VALUES (300, 'Christine Torres', 'halljudy@example.org', 'free', NOW());

-- INSERT ARTISTS
INSERT INTO artist (artist_id, artist_name, genre, country_of_origin) VALUES (1, 'The Speechs', 'Phonk', 'France');
INSERT INTO artist (artist_id, artist_name, genre, country_of_origin) VALUES (2, 'The Voices', 'Indie Rock', 'Japan');
INSERT INTO artist (artist_id, artist_name, genre, country_of_origin) VALUES (3, 'Nicholas Rogers', 'Indie Rock', 'Canada');
INSERT INTO artist (artist_id, artist_name, genre, country_of_origin) VALUES (4, 'The Classs', 'Techno', 'Sweden');
INSERT INTO artist (artist_id, artist_name, genre, country_of_origin) VALUES (5, 'Kristen Morris', 'Jazz Fusion', 'Australia');
INSERT INTO artist (artist_id, artist_name, genre, country_of_origin) VALUES (6, 'The Sections', 'Jazz Fusion', 'Australia');
INSERT INTO artist (artist_id, artist_name, genre, country_of_origin) VALUES (7, 'The Toughs', 'Indie Rock', 'France');
INSERT INTO artist (artist_id, artist_name, genre, country_of_origin) VALUES (8, 'The Trues', 'Bossa Nova', 'Brazil');
INSERT INTO artist (artist_id, artist_name, genre, country_of_origin) VALUES (9, 'Kim Patterson', 'Heavy Metal', 'USA');
INSERT INTO artist (artist_id, artist_name, genre, country_of_origin) VALUES (10, 'Victor Conner', 'MPB', 'Japan');
INSERT INTO artist (artist_id, artist_name, genre, country_of_origin) VALUES (11, 'David Green', 'Synthwave', 'Iceland');
INSERT INTO artist (artist_id, artist_name, genre, country_of_origin) VALUES (12, 'Justin Carrillo', 'Techno', 'France');
INSERT INTO artist (artist_id, artist_name, genre, country_of_origin) VALUES (13, 'The Onlys', 'Bossa Nova', 'Canada');
INSERT INTO artist (artist_id, artist_name, genre, country_of_origin) VALUES (14, 'The Marriages', 'Synthwave', 'Germany');
INSERT INTO artist (artist_id, artist_name, genre, country_of_origin) VALUES (15, 'The Offers', 'Jazz Fusion', 'Japan');
INSERT INTO artist (artist_id, artist_name, genre, country_of_origin) VALUES (16, 'The Decisions', 'Techno', 'Brazil');
INSERT INTO artist (artist_id, artist_name, genre, country_of_origin) VALUES (17, 'The Surfaces', 'Techno', 'Germany');
INSERT INTO artist (artist_id, artist_name, genre, country_of_origin) VALUES (18, 'Andrew Allen', 'Indie Rock', 'Germany');
INSERT INTO artist (artist_id, artist_name, genre, country_of_origin) VALUES (19, 'The Courses', 'Post-Punk', 'Iceland');
INSERT INTO artist (artist_id, artist_name, genre, country_of_origin) VALUES (20, 'The Betters', 'Phonk', 'Iceland');
INSERT INTO artist (artist_id, artist_name, genre, country_of_origin) VALUES (21, 'Dennis Morales', 'MPB', 'Germany');
INSERT INTO artist (artist_id, artist_name, genre, country_of_origin) VALUES (22, 'The Includings', 'Techno', 'Canada');
INSERT INTO artist (artist_id, artist_name, genre, country_of_origin) VALUES (23, 'The Managers', 'Synthwave', 'Brazil');
INSERT INTO artist (artist_id, artist_name, genre, country_of_origin) VALUES (24, 'The Whiles', 'Indie Rock', 'Brazil');
INSERT INTO artist (artist_id, artist_name, genre, country_of_origin) VALUES (25, 'Hannah Allison', 'Techno', 'Brazil');
INSERT INTO artist (artist_id, artist_name, genre, country_of_origin) VALUES (26, 'The Receives', 'Indie Rock', 'Australia');
INSERT INTO artist (artist_id, artist_name, genre, country_of_origin) VALUES (27, 'The Marriages', 'Bossa Nova', 'France');
INSERT INTO artist (artist_id, artist_name, genre, country_of_origin) VALUES (28, 'Peter Ward', 'Lo-fi', 'Canada');
INSERT INTO artist (artist_id, artist_name, genre, country_of_origin) VALUES (29, 'Nathan Rose', 'Lo-fi', 'Iceland');
INSERT INTO artist (artist_id, artist_name, genre, country_of_origin) VALUES (30, 'The Changes', 'Jazz Fusion', 'Germany');
INSERT INTO artist (artist_id, artist_name, genre, country_of_origin) VALUES (31, 'Kevin Jackson', 'Phonk', 'USA');
INSERT INTO artist (artist_id, artist_name, genre, country_of_origin) VALUES (32, 'The Himselfs', 'Bossa Nova', 'Iceland');
INSERT INTO artist (artist_id, artist_name, genre, country_of_origin) VALUES (33, 'The Thoughs', 'Techno', 'France');
INSERT INTO artist (artist_id, artist_name, genre, country_of_origin) VALUES (34, 'The Foreigns', 'MPB', 'Sweden');
INSERT INTO artist (artist_id, artist_name, genre, country_of_origin) VALUES (35, 'Albert Cross', 'Bossa Nova', 'Australia');
INSERT INTO artist (artist_id, artist_name, genre, country_of_origin) VALUES (36, 'Kristin Smith', 'Post-Punk', 'Germany');
INSERT INTO artist (artist_id, artist_name, genre, country_of_origin) VALUES (37, 'The Larges', 'Indie Rock', 'Germany');
INSERT INTO artist (artist_id, artist_name, genre, country_of_origin) VALUES (38, 'Tammy Skinner', 'MPB', 'USA');
INSERT INTO artist (artist_id, artist_name, genre, country_of_origin) VALUES (39, 'The Majors', 'Lo-fi', 'Sweden');
INSERT INTO artist (artist_id, artist_name, genre, country_of_origin) VALUES (40, 'The Patterns', 'Bossa Nova', 'Iceland');
INSERT INTO artist (artist_id, artist_name, genre, country_of_origin) VALUES (41, 'The Plans', 'Lo-fi', 'France');
INSERT INTO artist (artist_id, artist_name, genre, country_of_origin) VALUES (42, 'The Nothings', 'MPB', 'USA');
INSERT INTO artist (artist_id, artist_name, genre, country_of_origin) VALUES (43, 'The Ass', 'Jazz Fusion', 'Sweden');
INSERT INTO artist (artist_id, artist_name, genre, country_of_origin) VALUES (44, 'The Builds', 'Post-Punk', 'Iceland');
INSERT INTO artist (artist_id, artist_name, genre, country_of_origin) VALUES (45, 'Crystal Ramsey', 'Heavy Metal', 'Sweden');
INSERT INTO artist (artist_id, artist_name, genre, country_of_origin) VALUES (46, 'The Eights', 'Jazz Fusion', 'Sweden');
INSERT INTO artist (artist_id, artist_name, genre, country_of_origin) VALUES (47, 'James Hampton', 'Lo-fi', 'France');
INSERT INTO artist (artist_id, artist_name, genre, country_of_origin) VALUES (48, 'The Adults', 'Post-Punk', 'France');
INSERT INTO artist (artist_id, artist_name, genre, country_of_origin) VALUES (49, 'Nathaniel Davidson', 'Techno', 'Germany');
INSERT INTO artist (artist_id, artist_name, genre, country_of_origin) VALUES (50, 'The Amongs', 'Bossa Nova', 'USA');
INSERT INTO artist (artist_id, artist_name, genre, country_of_origin) VALUES (51, 'The Centrals', 'Techno', 'Canada');
INSERT INTO artist (artist_id, artist_name, genre, country_of_origin) VALUES (52, 'The Blues', 'Heavy Metal', 'UK');
INSERT INTO artist (artist_id, artist_name, genre, country_of_origin) VALUES (53, 'Brent Rowe', 'Synthwave', 'France');
INSERT INTO artist (artist_id, artist_name, genre, country_of_origin) VALUES (54, 'Michael Campos', 'Indie Rock', 'Japan');
INSERT INTO artist (artist_id, artist_name, genre, country_of_origin) VALUES (55, 'The Seeks', 'Synthwave', 'Japan');
INSERT INTO artist (artist_id, artist_name, genre, country_of_origin) VALUES (56, 'The Todays', 'Post-Punk', 'Japan');
INSERT INTO artist (artist_id, artist_name, genre, country_of_origin) VALUES (57, 'The Darks', 'Techno', 'Canada');
INSERT INTO artist (artist_id, artist_name, genre, country_of_origin) VALUES (58, 'The Durings', 'MPB', 'France');
INSERT INTO artist (artist_id, artist_name, genre, country_of_origin) VALUES (59, 'James Whitehead', 'Phonk', 'Germany');
INSERT INTO artist (artist_id, artist_name, genre, country_of_origin) VALUES (60, 'The Pasts', 'Indie Rock', 'Australia');
INSERT INTO artist (artist_id, artist_name, genre, country_of_origin) VALUES (61, 'Cindy Holmes', 'Phonk', 'Australia');
INSERT INTO artist (artist_id, artist_name, genre, country_of_origin) VALUES (62, 'The Actions', 'Heavy Metal', 'France');
INSERT INTO artist (artist_id, artist_name, genre, country_of_origin) VALUES (63, 'The Treatments', 'Post-Punk', 'Japan');
INSERT INTO artist (artist_id, artist_name, genre, country_of_origin) VALUES (64, 'Jamie Martin', 'Synthwave', 'Brazil');
INSERT INTO artist (artist_id, artist_name, genre, country_of_origin) VALUES (65, 'Brenda Stokes', 'Bossa Nova', 'UK');
INSERT INTO artist (artist_id, artist_name, genre, country_of_origin) VALUES (66, 'The Courts', 'Bossa Nova', 'Japan');
INSERT INTO artist (artist_id, artist_name, genre, country_of_origin) VALUES (67, 'Paul Stephens', 'Synthwave', 'France');
INSERT INTO artist (artist_id, artist_name, genre, country_of_origin) VALUES (68, 'John Cruz', 'Heavy Metal', 'France');
INSERT INTO artist (artist_id, artist_name, genre, country_of_origin) VALUES (69, 'The Plans', 'Techno', 'Germany');
INSERT INTO artist (artist_id, artist_name, genre, country_of_origin) VALUES (70, 'The Figures', 'Bossa Nova', 'Japan');
INSERT INTO artist (artist_id, artist_name, genre, country_of_origin) VALUES (71, 'The Times', 'MPB', 'Canada');
INSERT INTO artist (artist_id, artist_name, genre, country_of_origin) VALUES (72, 'Laura Perez', 'Lo-fi', 'Iceland');
INSERT INTO artist (artist_id, artist_name, genre, country_of_origin) VALUES (73, 'The Agents', 'Heavy Metal', 'Australia');
INSERT INTO artist (artist_id, artist_name, genre, country_of_origin) VALUES (74, 'The Parts', 'MPB', 'Iceland');
INSERT INTO artist (artist_id, artist_name, genre, country_of_origin) VALUES (75, 'Leslie Reynolds', 'Jazz Fusion', 'USA');
INSERT INTO artist (artist_id, artist_name, genre, country_of_origin) VALUES (76, 'The Ends', 'Post-Punk', 'Brazil');
INSERT INTO artist (artist_id, artist_name, genre, country_of_origin) VALUES (77, 'Andrea English', 'Phonk', 'France');
INSERT INTO artist (artist_id, artist_name, genre, country_of_origin) VALUES (78, 'Leah Rogers', 'Techno', 'Canada');
INSERT INTO artist (artist_id, artist_name, genre, country_of_origin) VALUES (79, 'The Communitys', 'Heavy Metal', 'USA');
INSERT INTO artist (artist_id, artist_name, genre, country_of_origin) VALUES (80, 'The Whys', 'Heavy Metal', 'Canada');
INSERT INTO artist (artist_id, artist_name, genre, country_of_origin) VALUES (81, 'Shane Singh', 'Techno', 'Brazil');
INSERT INTO artist (artist_id, artist_name, genre, country_of_origin) VALUES (82, 'Emily Ryan', 'Indie Rock', 'USA');
INSERT INTO artist (artist_id, artist_name, genre, country_of_origin) VALUES (83, 'The Legs', 'Phonk', 'Sweden');
INSERT INTO artist (artist_id, artist_name, genre, country_of_origin) VALUES (84, 'Lisa Farmer', 'Phonk', 'UK');
INSERT INTO artist (artist_id, artist_name, genre, country_of_origin) VALUES (85, 'The Imagines', 'Phonk', 'Japan');
INSERT INTO artist (artist_id, artist_name, genre, country_of_origin) VALUES (86, 'The Againsts', 'Techno', 'USA');
INSERT INTO artist (artist_id, artist_name, genre, country_of_origin) VALUES (87, 'James Estrada', 'Synthwave', 'Germany');
INSERT INTO artist (artist_id, artist_name, genre, country_of_origin) VALUES (88, 'Christine Gonzalez', 'Jazz Fusion', 'Japan');
INSERT INTO artist (artist_id, artist_name, genre, country_of_origin) VALUES (89, 'The Grows', 'Indie Rock', 'UK');
INSERT INTO artist (artist_id, artist_name, genre, country_of_origin) VALUES (90, 'The Scientists', 'Heavy Metal', 'Germany');
INSERT INTO artist (artist_id, artist_name, genre, country_of_origin) VALUES (91, 'Amber Scott', 'Lo-fi', 'Germany');
INSERT INTO artist (artist_id, artist_name, genre, country_of_origin) VALUES (92, 'Mr. Steven Lowe', 'Synthwave', 'Germany');
INSERT INTO artist (artist_id, artist_name, genre, country_of_origin) VALUES (93, 'The Richs', 'Phonk', 'Japan');
INSERT INTO artist (artist_id, artist_name, genre, country_of_origin) VALUES (94, 'Antonio Cuevas', 'Techno', 'Canada');
INSERT INTO artist (artist_id, artist_name, genre, country_of_origin) VALUES (95, 'The Protects', 'Indie Rock', 'USA');
INSERT INTO artist (artist_id, artist_name, genre, country_of_origin) VALUES (96, 'Jeffery Ford', 'Techno', 'Sweden');
INSERT INTO artist (artist_id, artist_name, genre, country_of_origin) VALUES (97, 'The Ways', 'Synthwave', 'Japan');
INSERT INTO artist (artist_id, artist_name, genre, country_of_origin) VALUES (98, 'Angela Gray', 'Techno', 'Australia');
INSERT INTO artist (artist_id, artist_name, genre, country_of_origin) VALUES (99, 'David Strong', 'MPB', 'Australia');
INSERT INTO artist (artist_id, artist_name, genre, country_of_origin) VALUES (100, 'Matthew Weaver', 'MPB', 'Australia');
INSERT INTO artist (artist_id, artist_name, genre, country_of_origin) VALUES (101, 'Christopher Thompson', 'Indie Rock', 'Sweden');
INSERT INTO artist (artist_id, artist_name, genre, country_of_origin) VALUES (102, 'Amanda Benton', 'Bossa Nova', 'Germany');
INSERT INTO artist (artist_id, artist_name, genre, country_of_origin) VALUES (103, 'Brandon Jones', 'Post-Punk', 'USA');
INSERT INTO artist (artist_id, artist_name, genre, country_of_origin) VALUES (104, 'Robert Thompson', 'Indie Rock', 'Japan');
INSERT INTO artist (artist_id, artist_name, genre, country_of_origin) VALUES (105, 'Sherry Lopez', 'Synthwave', 'Sweden');
INSERT INTO artist (artist_id, artist_name, genre, country_of_origin) VALUES (106, 'The Fulls', 'Techno', 'Japan');
INSERT INTO artist (artist_id, artist_name, genre, country_of_origin) VALUES (107, 'Anne Watson', 'Heavy Metal', 'Japan');
INSERT INTO artist (artist_id, artist_name, genre, country_of_origin) VALUES (108, 'Stacy Rodriguez', 'Bossa Nova', 'Brazil');
INSERT INTO artist (artist_id, artist_name, genre, country_of_origin) VALUES (109, 'Kevin Jones', 'Indie Rock', 'USA');
INSERT INTO artist (artist_id, artist_name, genre, country_of_origin) VALUES (110, 'The Colors', 'Techno', 'USA');
INSERT INTO artist (artist_id, artist_name, genre, country_of_origin) VALUES (111, 'Dr. Kimberly Johnson', 'Lo-fi', 'Australia');
INSERT INTO artist (artist_id, artist_name, genre, country_of_origin) VALUES (112, 'The Wills', 'Lo-fi', 'Japan');
INSERT INTO artist (artist_id, artist_name, genre, country_of_origin) VALUES (113, 'The Everythings', 'MPB', 'Australia');
INSERT INTO artist (artist_id, artist_name, genre, country_of_origin) VALUES (114, 'The Ass', 'Bossa Nova', 'Germany');
INSERT INTO artist (artist_id, artist_name, genre, country_of_origin) VALUES (115, 'The Efforts', 'Indie Rock', 'UK');
INSERT INTO artist (artist_id, artist_name, genre, country_of_origin) VALUES (116, 'Christine Turner', 'Synthwave', 'Japan');
INSERT INTO artist (artist_id, artist_name, genre, country_of_origin) VALUES (117, 'Valerie Deleon', 'Heavy Metal', 'Australia');
INSERT INTO artist (artist_id, artist_name, genre, country_of_origin) VALUES (118, 'The Ontos', 'Synthwave', 'UK');
INSERT INTO artist (artist_id, artist_name, genre, country_of_origin) VALUES (119, 'Ryan Oneill', 'Phonk', 'Japan');
INSERT INTO artist (artist_id, artist_name, genre, country_of_origin) VALUES (120, 'The Gardens', 'Bossa Nova', 'UK');
INSERT INTO artist (artist_id, artist_name, genre, country_of_origin) VALUES (121, 'The Nos', 'Indie Rock', 'Australia');
INSERT INTO artist (artist_id, artist_name, genre, country_of_origin) VALUES (122, 'The Leaves', 'Post-Punk', 'France');
INSERT INTO artist (artist_id, artist_name, genre, country_of_origin) VALUES (123, 'The Likes', 'Phonk', 'Germany');
INSERT INTO artist (artist_id, artist_name, genre, country_of_origin) VALUES (124, 'The Seas', 'Jazz Fusion', 'Japan');
INSERT INTO artist (artist_id, artist_name, genre, country_of_origin) VALUES (125, 'The Greats', 'MPB', 'Sweden');
INSERT INTO artist (artist_id, artist_name, genre, country_of_origin) VALUES (126, 'The Cars', 'Indie Rock', 'Germany');
INSERT INTO artist (artist_id, artist_name, genre, country_of_origin) VALUES (127, 'Patrick Klein', 'Jazz Fusion', 'Sweden');
INSERT INTO artist (artist_id, artist_name, genre, country_of_origin) VALUES (128, 'Linda Sutton', 'Bossa Nova', 'Japan');
INSERT INTO artist (artist_id, artist_name, genre, country_of_origin) VALUES (129, 'Austin Williams', 'Bossa Nova', 'Canada');
INSERT INTO artist (artist_id, artist_name, genre, country_of_origin) VALUES (130, 'Teresa Jackson', 'Jazz Fusion', 'Japan');
INSERT INTO artist (artist_id, artist_name, genre, country_of_origin) VALUES (131, 'James Jensen', 'Jazz Fusion', 'Canada');
INSERT INTO artist (artist_id, artist_name, genre, country_of_origin) VALUES (132, 'Joseph Parrish', 'Indie Rock', 'Brazil');
INSERT INTO artist (artist_id, artist_name, genre, country_of_origin) VALUES (133, 'The Throws', 'Indie Rock', 'Germany');
INSERT INTO artist (artist_id, artist_name, genre, country_of_origin) VALUES (134, 'The Fars', 'Synthwave', 'USA');
INSERT INTO artist (artist_id, artist_name, genre, country_of_origin) VALUES (135, 'The Spaces', 'Synthwave', 'Iceland');
INSERT INTO artist (artist_id, artist_name, genre, country_of_origin) VALUES (136, 'The Almosts', 'MPB', 'Germany');
INSERT INTO artist (artist_id, artist_name, genre, country_of_origin) VALUES (137, 'Deborah Jackson', 'Post-Punk', 'USA');
INSERT INTO artist (artist_id, artist_name, genre, country_of_origin) VALUES (138, 'The Songs', 'Bossa Nova', 'Iceland');
INSERT INTO artist (artist_id, artist_name, genre, country_of_origin) VALUES (139, 'The Religiouss', 'Bossa Nova', 'Japan');
INSERT INTO artist (artist_id, artist_name, genre, country_of_origin) VALUES (140, 'The Verys', 'Post-Punk', 'Germany');
INSERT INTO artist (artist_id, artist_name, genre, country_of_origin) VALUES (141, 'Christian Martin', 'Techno', 'Sweden');
INSERT INTO artist (artist_id, artist_name, genre, country_of_origin) VALUES (142, 'Michael Lyons', 'Jazz Fusion', 'Germany');
INSERT INTO artist (artist_id, artist_name, genre, country_of_origin) VALUES (143, 'Sabrina Robbins', 'Post-Punk', 'Germany');
INSERT INTO artist (artist_id, artist_name, genre, country_of_origin) VALUES (144, 'The Woulds', 'Heavy Metal', 'Sweden');
INSERT INTO artist (artist_id, artist_name, genre, country_of_origin) VALUES (145, 'Angela Kemp', 'Lo-fi', 'Australia');
INSERT INTO artist (artist_id, artist_name, genre, country_of_origin) VALUES (146, 'David Barnett', 'Bossa Nova', 'Brazil');
INSERT INTO artist (artist_id, artist_name, genre, country_of_origin) VALUES (147, 'The Wes', 'Jazz Fusion', 'Japan');
INSERT INTO artist (artist_id, artist_name, genre, country_of_origin) VALUES (148, 'John Adams', 'Bossa Nova', 'UK');
INSERT INTO artist (artist_id, artist_name, genre, country_of_origin) VALUES (149, 'Jason Harris', 'Lo-fi', 'France');
INSERT INTO artist (artist_id, artist_name, genre, country_of_origin) VALUES (150, 'Rachel Wagner', 'Lo-fi', 'Australia');
INSERT INTO artist (artist_id, artist_name, genre, country_of_origin) VALUES (151, 'The Himselfs', 'Phonk', 'Brazil');
INSERT INTO artist (artist_id, artist_name, genre, country_of_origin) VALUES (152, 'The Reduces', 'MPB', 'Canada');
INSERT INTO artist (artist_id, artist_name, genre, country_of_origin) VALUES (153, 'The Sells', 'Heavy Metal', 'UK');
INSERT INTO artist (artist_id, artist_name, genre, country_of_origin) VALUES (154, 'Dennis Little', 'Jazz Fusion', 'Sweden');
INSERT INTO artist (artist_id, artist_name, genre, country_of_origin) VALUES (155, 'Michelle Ray', 'Phonk', 'Iceland');
INSERT INTO artist (artist_id, artist_name, genre, country_of_origin) VALUES (156, 'David Stephens', 'Techno', 'France');
INSERT INTO artist (artist_id, artist_name, genre, country_of_origin) VALUES (157, 'Jason Bates', 'Jazz Fusion', 'Japan');
INSERT INTO artist (artist_id, artist_name, genre, country_of_origin) VALUES (158, 'Amber Ortiz', 'Jazz Fusion', 'Canada');
INSERT INTO artist (artist_id, artist_name, genre, country_of_origin) VALUES (159, 'Pamela Anderson', 'Bossa Nova', 'France');
INSERT INTO artist (artist_id, artist_name, genre, country_of_origin) VALUES (160, 'The Throughouts', 'Post-Punk', 'Germany');
INSERT INTO artist (artist_id, artist_name, genre, country_of_origin) VALUES (161, 'The Stops', 'Heavy Metal', 'Iceland');
INSERT INTO artist (artist_id, artist_name, genre, country_of_origin) VALUES (162, 'The Certainlys', 'Indie Rock', 'USA');
INSERT INTO artist (artist_id, artist_name, genre, country_of_origin) VALUES (163, 'The Poors', 'Indie Rock', 'Germany');
INSERT INTO artist (artist_id, artist_name, genre, country_of_origin) VALUES (164, 'Mr. Devon Jenkins', 'Indie Rock', 'Japan');
INSERT INTO artist (artist_id, artist_name, genre, country_of_origin) VALUES (165, 'Anthony Tyler', 'Bossa Nova', 'Australia');
INSERT INTO artist (artist_id, artist_name, genre, country_of_origin) VALUES (166, 'Katelyn Santana', 'Bossa Nova', 'USA');
INSERT INTO artist (artist_id, artist_name, genre, country_of_origin) VALUES (167, 'The Generals', 'Heavy Metal', 'Australia');
INSERT INTO artist (artist_id, artist_name, genre, country_of_origin) VALUES (168, 'Angie Hobbs', 'Lo-fi', 'Canada');
INSERT INTO artist (artist_id, artist_name, genre, country_of_origin) VALUES (169, 'Ryan Young', 'Indie Rock', 'Japan');
INSERT INTO artist (artist_id, artist_name, genre, country_of_origin) VALUES (170, 'The Systems', 'Indie Rock', 'UK');
INSERT INTO artist (artist_id, artist_name, genre, country_of_origin) VALUES (171, 'Nathaniel Farmer', 'Techno', 'Australia');
INSERT INTO artist (artist_id, artist_name, genre, country_of_origin) VALUES (172, 'The Relates', 'Lo-fi', 'Germany');
INSERT INTO artist (artist_id, artist_name, genre, country_of_origin) VALUES (173, 'The Races', 'Lo-fi', 'Canada');
INSERT INTO artist (artist_id, artist_name, genre, country_of_origin) VALUES (174, 'Cindy Owen', 'MPB', 'Germany');
INSERT INTO artist (artist_id, artist_name, genre, country_of_origin) VALUES (175, 'Nicholas Moore', 'Synthwave', 'USA');
INSERT INTO artist (artist_id, artist_name, genre, country_of_origin) VALUES (176, 'The Cuts', 'Techno', 'Japan');
INSERT INTO artist (artist_id, artist_name, genre, country_of_origin) VALUES (177, 'Kevin Knapp', 'Lo-fi', 'Sweden');
INSERT INTO artist (artist_id, artist_name, genre, country_of_origin) VALUES (178, 'Brett Rodriguez', 'Lo-fi', 'USA');
INSERT INTO artist (artist_id, artist_name, genre, country_of_origin) VALUES (179, 'The Sometimess', 'Lo-fi', 'Japan');
INSERT INTO artist (artist_id, artist_name, genre, country_of_origin) VALUES (180, 'Kenneth Moreno', 'Lo-fi', 'USA');
INSERT INTO artist (artist_id, artist_name, genre, country_of_origin) VALUES (181, 'The Nots', 'Post-Punk', 'UK');
INSERT INTO artist (artist_id, artist_name, genre, country_of_origin) VALUES (182, 'The Wifes', 'Bossa Nova', 'Australia');
INSERT INTO artist (artist_id, artist_name, genre, country_of_origin) VALUES (183, 'The Friends', 'Bossa Nova', 'Australia');
INSERT INTO artist (artist_id, artist_name, genre, country_of_origin) VALUES (184, 'The Dos', 'Synthwave', 'Australia');
INSERT INTO artist (artist_id, artist_name, genre, country_of_origin) VALUES (185, 'Eddie Wilson', 'Synthwave', 'Sweden');
INSERT INTO artist (artist_id, artist_name, genre, country_of_origin) VALUES (186, 'The Couples', 'MPB', 'France');
INSERT INTO artist (artist_id, artist_name, genre, country_of_origin) VALUES (187, 'The Specials', 'Indie Rock', 'Sweden');
INSERT INTO artist (artist_id, artist_name, genre, country_of_origin) VALUES (188, 'Jennifer Evans', 'Lo-fi', 'France');
INSERT INTO artist (artist_id, artist_name, genre, country_of_origin) VALUES (189, 'Alexandria Evans', 'Phonk', 'Japan');
INSERT INTO artist (artist_id, artist_name, genre, country_of_origin) VALUES (190, 'George Williams', 'Phonk', 'Australia');
INSERT INTO artist (artist_id, artist_name, genre, country_of_origin) VALUES (191, 'The Springs', 'Techno', 'Iceland');
INSERT INTO artist (artist_id, artist_name, genre, country_of_origin) VALUES (192, 'The Matters', 'Post-Punk', 'UK');
INSERT INTO artist (artist_id, artist_name, genre, country_of_origin) VALUES (193, 'Amy Robinson', 'Indie Rock', 'Australia');
INSERT INTO artist (artist_id, artist_name, genre, country_of_origin) VALUES (194, 'Robert Mcconnell', 'Jazz Fusion', 'Germany');
INSERT INTO artist (artist_id, artist_name, genre, country_of_origin) VALUES (195, 'Julie Jones', 'Post-Punk', 'Sweden');
INSERT INTO artist (artist_id, artist_name, genre, country_of_origin) VALUES (196, 'Taylor Jackson', 'Jazz Fusion', 'Canada');
INSERT INTO artist (artist_id, artist_name, genre, country_of_origin) VALUES (197, 'The Pushs', 'Synthwave', 'France');
INSERT INTO artist (artist_id, artist_name, genre, country_of_origin) VALUES (198, 'Mr. Jeremy Navarro', 'Indie Rock', 'Germany');
INSERT INTO artist (artist_id, artist_name, genre, country_of_origin) VALUES (199, 'The Compares', 'Indie Rock', 'Brazil');
INSERT INTO artist (artist_id, artist_name, genre, country_of_origin) VALUES (200, 'Brian Fisher MD', 'Synthwave', 'Brazil');
INSERT INTO artist (artist_id, artist_name, genre, country_of_origin) VALUES (201, 'Daniel Green', 'Jazz Fusion', 'Germany');
INSERT INTO artist (artist_id, artist_name, genre, country_of_origin) VALUES (202, 'Darryl Parker', 'Indie Rock', 'Brazil');
INSERT INTO artist (artist_id, artist_name, genre, country_of_origin) VALUES (203, 'The Houses', 'Indie Rock', 'Iceland');
INSERT INTO artist (artist_id, artist_name, genre, country_of_origin) VALUES (204, 'The Sorts', 'Lo-fi', 'Sweden');
INSERT INTO artist (artist_id, artist_name, genre, country_of_origin) VALUES (205, 'Joshua Phillips', 'Jazz Fusion', 'Canada');
INSERT INTO artist (artist_id, artist_name, genre, country_of_origin) VALUES (206, 'The Capitals', 'Techno', 'Germany');
INSERT INTO artist (artist_id, artist_name, genre, country_of_origin) VALUES (207, 'The Powers', 'Heavy Metal', 'USA');
INSERT INTO artist (artist_id, artist_name, genre, country_of_origin) VALUES (208, 'The Beautifuls', 'Heavy Metal', 'Iceland');
INSERT INTO artist (artist_id, artist_name, genre, country_of_origin) VALUES (209, 'The Familys', 'Lo-fi', 'UK');
INSERT INTO artist (artist_id, artist_name, genre, country_of_origin) VALUES (210, 'The Hearts', 'Lo-fi', 'UK');
INSERT INTO artist (artist_id, artist_name, genre, country_of_origin) VALUES (211, 'Samantha Thompson', 'Bossa Nova', 'USA');
INSERT INTO artist (artist_id, artist_name, genre, country_of_origin) VALUES (212, 'Amy Hickman', 'Phonk', 'Iceland');
INSERT INTO artist (artist_id, artist_name, genre, country_of_origin) VALUES (213, 'The Chooses', 'Heavy Metal', 'Germany');
INSERT INTO artist (artist_id, artist_name, genre, country_of_origin) VALUES (214, 'Scott Anderson', 'Techno', 'France');
INSERT INTO artist (artist_id, artist_name, genre, country_of_origin) VALUES (215, 'Timothy Clark', 'Indie Rock', 'France');
INSERT INTO artist (artist_id, artist_name, genre, country_of_origin) VALUES (216, 'Tina Finley', 'Jazz Fusion', 'UK');
INSERT INTO artist (artist_id, artist_name, genre, country_of_origin) VALUES (217, 'The Bigs', 'Heavy Metal', 'Brazil');
INSERT INTO artist (artist_id, artist_name, genre, country_of_origin) VALUES (218, 'The Efforts', 'Phonk', 'UK');
INSERT INTO artist (artist_id, artist_name, genre, country_of_origin) VALUES (219, 'The Legs', 'Techno', 'Sweden');
INSERT INTO artist (artist_id, artist_name, genre, country_of_origin) VALUES (220, 'The Speaks', 'Heavy Metal', 'Germany');
INSERT INTO artist (artist_id, artist_name, genre, country_of_origin) VALUES (221, 'The Ables', 'Heavy Metal', 'Sweden');
INSERT INTO artist (artist_id, artist_name, genre, country_of_origin) VALUES (222, 'The Taxs', 'Lo-fi', 'Japan');
INSERT INTO artist (artist_id, artist_name, genre, country_of_origin) VALUES (223, 'James Peters', 'Indie Rock', 'USA');
INSERT INTO artist (artist_id, artist_name, genre, country_of_origin) VALUES (224, 'Daniel Villanueva', 'MPB', 'UK');
INSERT INTO artist (artist_id, artist_name, genre, country_of_origin) VALUES (225, 'Laura Orozco', 'Synthwave', 'USA');
INSERT INTO artist (artist_id, artist_name, genre, country_of_origin) VALUES (226, 'The Programs', 'Heavy Metal', 'USA');
INSERT INTO artist (artist_id, artist_name, genre, country_of_origin) VALUES (227, 'Kevin Garcia', 'MPB', 'Japan');
INSERT INTO artist (artist_id, artist_name, genre, country_of_origin) VALUES (228, 'The Borns', 'Post-Punk', 'Canada');
INSERT INTO artist (artist_id, artist_name, genre, country_of_origin) VALUES (229, 'The Seasons', 'Lo-fi', 'UK');
INSERT INTO artist (artist_id, artist_name, genre, country_of_origin) VALUES (230, 'Rhonda Vargas', 'Lo-fi', 'UK');
INSERT INTO artist (artist_id, artist_name, genre, country_of_origin) VALUES (231, 'Patricia White', 'Lo-fi', 'Iceland');
INSERT INTO artist (artist_id, artist_name, genre, country_of_origin) VALUES (232, 'Eric Henderson', 'Techno', 'Brazil');
INSERT INTO artist (artist_id, artist_name, genre, country_of_origin) VALUES (233, 'Sandra Carney', 'Post-Punk', 'Australia');
INSERT INTO artist (artist_id, artist_name, genre, country_of_origin) VALUES (234, 'Haley Russell', 'Post-Punk', 'Sweden');
INSERT INTO artist (artist_id, artist_name, genre, country_of_origin) VALUES (235, 'The Intos', 'Bossa Nova', 'Canada');
INSERT INTO artist (artist_id, artist_name, genre, country_of_origin) VALUES (236, 'The Sons', 'MPB', 'Australia');
INSERT INTO artist (artist_id, artist_name, genre, country_of_origin) VALUES (237, 'Keith Spencer', 'Bossa Nova', 'France');
INSERT INTO artist (artist_id, artist_name, genre, country_of_origin) VALUES (238, 'Mary Hancock', 'Heavy Metal', 'Canada');
INSERT INTO artist (artist_id, artist_name, genre, country_of_origin) VALUES (239, 'Ian Washington', 'Post-Punk', 'Brazil');
INSERT INTO artist (artist_id, artist_name, genre, country_of_origin) VALUES (240, 'Suzanne Wilcox', 'Heavy Metal', 'Iceland');
INSERT INTO artist (artist_id, artist_name, genre, country_of_origin) VALUES (241, 'The Manys', 'Jazz Fusion', 'France');
INSERT INTO artist (artist_id, artist_name, genre, country_of_origin) VALUES (242, 'The Ables', 'Jazz Fusion', 'UK');
INSERT INTO artist (artist_id, artist_name, genre, country_of_origin) VALUES (243, 'The Pushs', 'Indie Rock', 'Germany');
INSERT INTO artist (artist_id, artist_name, genre, country_of_origin) VALUES (244, 'The Acrosss', 'MPB', 'Japan');
INSERT INTO artist (artist_id, artist_name, genre, country_of_origin) VALUES (245, 'Gerald Mccormick', 'Bossa Nova', 'Canada');
INSERT INTO artist (artist_id, artist_name, genre, country_of_origin) VALUES (246, 'The Agreements', 'Synthwave', 'Australia');
INSERT INTO artist (artist_id, artist_name, genre, country_of_origin) VALUES (247, 'The Itselfs', 'Synthwave', 'UK');
INSERT INTO artist (artist_id, artist_name, genre, country_of_origin) VALUES (248, 'Valerie Gardner', 'Indie Rock', 'Brazil');
INSERT INTO artist (artist_id, artist_name, genre, country_of_origin) VALUES (249, 'The Senses', 'Indie Rock', 'Canada');
INSERT INTO artist (artist_id, artist_name, genre, country_of_origin) VALUES (250, 'The Continues', 'Lo-fi', 'Germany');
INSERT INTO artist (artist_id, artist_name, genre, country_of_origin) VALUES (251, 'Lisa Barnes', 'Post-Punk', 'Brazil');
INSERT INTO artist (artist_id, artist_name, genre, country_of_origin) VALUES (252, 'The Examples', 'Phonk', 'UK');
INSERT INTO artist (artist_id, artist_name, genre, country_of_origin) VALUES (253, 'David Taylor MD', 'Jazz Fusion', 'USA');
INSERT INTO artist (artist_id, artist_name, genre, country_of_origin) VALUES (254, 'Jonathan Holt', 'Phonk', 'Australia');
INSERT INTO artist (artist_id, artist_name, genre, country_of_origin) VALUES (255, 'Jason Jones', 'Heavy Metal', 'Sweden');
INSERT INTO artist (artist_id, artist_name, genre, country_of_origin) VALUES (256, 'Adrian Stanton', 'Lo-fi', 'France');
INSERT INTO artist (artist_id, artist_name, genre, country_of_origin) VALUES (257, 'Katrina Flores', 'Synthwave', 'France');
INSERT INTO artist (artist_id, artist_name, genre, country_of_origin) VALUES (258, 'The Collections', 'Synthwave', 'Sweden');
INSERT INTO artist (artist_id, artist_name, genre, country_of_origin) VALUES (259, 'The Seniors', 'Synthwave', 'Brazil');
INSERT INTO artist (artist_id, artist_name, genre, country_of_origin) VALUES (260, 'Kelsey Mccullough', 'MPB', 'France');
INSERT INTO artist (artist_id, artist_name, genre, country_of_origin) VALUES (261, 'David Miller', 'MPB', 'France');
INSERT INTO artist (artist_id, artist_name, genre, country_of_origin) VALUES (262, 'Gary Hebert', 'Post-Punk', 'Japan');
INSERT INTO artist (artist_id, artist_name, genre, country_of_origin) VALUES (263, 'Stacy Gonzalez', 'Jazz Fusion', 'Germany');
INSERT INTO artist (artist_id, artist_name, genre, country_of_origin) VALUES (264, 'Mark Johnson', 'MPB', 'Canada');
INSERT INTO artist (artist_id, artist_name, genre, country_of_origin) VALUES (265, 'The Tends', 'Techno', 'Japan');
INSERT INTO artist (artist_id, artist_name, genre, country_of_origin) VALUES (266, 'Michael Jackson', 'Lo-fi', 'Sweden');
INSERT INTO artist (artist_id, artist_name, genre, country_of_origin) VALUES (267, 'Scott Weber', 'Post-Punk', 'Iceland');
INSERT INTO artist (artist_id, artist_name, genre, country_of_origin) VALUES (268, 'The Lays', 'Post-Punk', 'Australia');
INSERT INTO artist (artist_id, artist_name, genre, country_of_origin) VALUES (269, 'Matthew Schneider', 'Lo-fi', 'Sweden');
INSERT INTO artist (artist_id, artist_name, genre, country_of_origin) VALUES (270, 'Matthew Davis', 'Heavy Metal', 'Japan');
INSERT INTO artist (artist_id, artist_name, genre, country_of_origin) VALUES (271, 'The Woulds', 'Lo-fi', 'Sweden');
INSERT INTO artist (artist_id, artist_name, genre, country_of_origin) VALUES (272, 'Joshua Morgan', 'MPB', 'Australia');
INSERT INTO artist (artist_id, artist_name, genre, country_of_origin) VALUES (273, 'The Mrss', 'Jazz Fusion', 'Canada');
INSERT INTO artist (artist_id, artist_name, genre, country_of_origin) VALUES (274, 'Ronald Ballard', 'Lo-fi', 'Brazil');
INSERT INTO artist (artist_id, artist_name, genre, country_of_origin) VALUES (275, 'The Groups', 'Bossa Nova', 'Iceland');
INSERT INTO artist (artist_id, artist_name, genre, country_of_origin) VALUES (276, 'Alexandra Morrison', 'Post-Punk', 'Australia');
INSERT INTO artist (artist_id, artist_name, genre, country_of_origin) VALUES (277, 'Brittany Andersen', 'Phonk', 'Japan');
INSERT INTO artist (artist_id, artist_name, genre, country_of_origin) VALUES (278, 'The Parents', 'Indie Rock', 'Canada');
INSERT INTO artist (artist_id, artist_name, genre, country_of_origin) VALUES (279, 'Jeremy Page', 'Techno', 'France');
INSERT INTO artist (artist_id, artist_name, genre, country_of_origin) VALUES (280, 'Chris Mcintyre', 'Heavy Metal', 'Japan');
INSERT INTO artist (artist_id, artist_name, genre, country_of_origin) VALUES (281, 'Peter Thompson', 'Heavy Metal', 'Japan');
INSERT INTO artist (artist_id, artist_name, genre, country_of_origin) VALUES (282, 'The Lifes', 'Techno', 'USA');
INSERT INTO artist (artist_id, artist_name, genre, country_of_origin) VALUES (283, 'The Guys', 'Post-Punk', 'Sweden');
INSERT INTO artist (artist_id, artist_name, genre, country_of_origin) VALUES (284, 'Jessica Gilbert', 'Bossa Nova', 'France');
INSERT INTO artist (artist_id, artist_name, genre, country_of_origin) VALUES (285, 'The Itss', 'Post-Punk', 'France');
INSERT INTO artist (artist_id, artist_name, genre, country_of_origin) VALUES (286, 'Shawn Parker', 'Post-Punk', 'UK');
INSERT INTO artist (artist_id, artist_name, genre, country_of_origin) VALUES (287, 'The Directions', 'Jazz Fusion', 'Japan');
INSERT INTO artist (artist_id, artist_name, genre, country_of_origin) VALUES (288, 'The Accordings', 'Techno', 'UK');
INSERT INTO artist (artist_id, artist_name, genre, country_of_origin) VALUES (289, 'The Practices', 'Indie Rock', 'France');
INSERT INTO artist (artist_id, artist_name, genre, country_of_origin) VALUES (290, 'The Memorys', 'Indie Rock', 'Iceland');
INSERT INTO artist (artist_id, artist_name, genre, country_of_origin) VALUES (291, 'The Notes', 'Heavy Metal', 'UK');
INSERT INTO artist (artist_id, artist_name, genre, country_of_origin) VALUES (292, 'Alexander Hunter Jr.', 'Post-Punk', 'Sweden');
INSERT INTO artist (artist_id, artist_name, genre, country_of_origin) VALUES (293, 'The Recents', 'Jazz Fusion', 'Sweden');
INSERT INTO artist (artist_id, artist_name, genre, country_of_origin) VALUES (294, 'The Soldiers', 'Jazz Fusion', 'Sweden');
INSERT INTO artist (artist_id, artist_name, genre, country_of_origin) VALUES (295, 'Patricia Wright', 'Phonk', 'Sweden');
INSERT INTO artist (artist_id, artist_name, genre, country_of_origin) VALUES (296, 'The Styles', 'Phonk', 'USA');
INSERT INTO artist (artist_id, artist_name, genre, country_of_origin) VALUES (297, 'The Streets', 'MPB', 'Iceland');
INSERT INTO artist (artist_id, artist_name, genre, country_of_origin) VALUES (298, 'The Dreams', 'Indie Rock', 'Brazil');
INSERT INTO artist (artist_id, artist_name, genre, country_of_origin) VALUES (299, 'Charles Schroeder', 'Techno', 'Japan');
INSERT INTO artist (artist_id, artist_name, genre, country_of_origin) VALUES (300, 'The Guns', 'Bossa Nova', 'Japan');
INSERT INTO artist (artist_id, artist_name, genre, country_of_origin) VALUES (301, 'The Populations', 'Synthwave', 'Japan');
INSERT INTO artist (artist_id, artist_name, genre, country_of_origin) VALUES (302, 'Melissa Holland', 'Indie Rock', 'Iceland');
INSERT INTO artist (artist_id, artist_name, genre, country_of_origin) VALUES (303, 'Steven Barton', 'Lo-fi', 'France');
INSERT INTO artist (artist_id, artist_name, genre, country_of_origin) VALUES (304, 'The Defenses', 'Bossa Nova', 'Iceland');
INSERT INTO artist (artist_id, artist_name, genre, country_of_origin) VALUES (305, 'Courtney Hunter', 'Bossa Nova', 'UK');
INSERT INTO artist (artist_id, artist_name, genre, country_of_origin) VALUES (306, 'Christopher Byrd', 'Post-Punk', 'Japan');
INSERT INTO artist (artist_id, artist_name, genre, country_of_origin) VALUES (307, 'Leslie Hines', 'Jazz Fusion', 'Iceland');
INSERT INTO artist (artist_id, artist_name, genre, country_of_origin) VALUES (308, 'Mr. Paul Porter Jr.', 'Bossa Nova', 'Germany');
INSERT INTO artist (artist_id, artist_name, genre, country_of_origin) VALUES (309, 'Brandon Baker', 'Post-Punk', 'UK');
INSERT INTO artist (artist_id, artist_name, genre, country_of_origin) VALUES (310, 'The Acts', 'Synthwave', 'Sweden');
INSERT INTO artist (artist_id, artist_name, genre, country_of_origin) VALUES (311, 'The Charges', 'Heavy Metal', 'Canada');
INSERT INTO artist (artist_id, artist_name, genre, country_of_origin) VALUES (312, 'Johnathan Mcgee', 'Lo-fi', 'Germany');
INSERT INTO artist (artist_id, artist_name, genre, country_of_origin) VALUES (313, 'Christina Mueller', 'Lo-fi', 'Sweden');
INSERT INTO artist (artist_id, artist_name, genre, country_of_origin) VALUES (314, 'The Suchs', 'Heavy Metal', 'UK');
INSERT INTO artist (artist_id, artist_name, genre, country_of_origin) VALUES (315, 'Christy Williams', 'Post-Punk', 'Japan');
INSERT INTO artist (artist_id, artist_name, genre, country_of_origin) VALUES (316, 'The Wheres', 'Bossa Nova', 'UK');
INSERT INTO artist (artist_id, artist_name, genre, country_of_origin) VALUES (317, 'Patricia Carter', 'Heavy Metal', 'Australia');
INSERT INTO artist (artist_id, artist_name, genre, country_of_origin) VALUES (318, 'Kristi Oneal', 'Indie Rock', 'Germany');
INSERT INTO artist (artist_id, artist_name, genre, country_of_origin) VALUES (319, 'Wayne Le', 'Bossa Nova', 'Japan');
INSERT INTO artist (artist_id, artist_name, genre, country_of_origin) VALUES (320, 'Autumn Oliver', 'MPB', 'Iceland');
INSERT INTO artist (artist_id, artist_name, genre, country_of_origin) VALUES (321, 'The Hers', 'Lo-fi', 'Iceland');
INSERT INTO artist (artist_id, artist_name, genre, country_of_origin) VALUES (322, 'The Positives', 'Bossa Nova', 'Germany');
INSERT INTO artist (artist_id, artist_name, genre, country_of_origin) VALUES (323, 'Hunter Howell', 'Heavy Metal', 'Brazil');
INSERT INTO artist (artist_id, artist_name, genre, country_of_origin) VALUES (324, 'The Prepares', 'Lo-fi', 'Sweden');
INSERT INTO artist (artist_id, artist_name, genre, country_of_origin) VALUES (325, 'William Jackson', 'Indie Rock', 'Japan');
INSERT INTO artist (artist_id, artist_name, genre, country_of_origin) VALUES (326, 'Paul Ruiz', 'Synthwave', 'UK');
INSERT INTO artist (artist_id, artist_name, genre, country_of_origin) VALUES (327, 'The Chooses', 'Indie Rock', 'Canada');
INSERT INTO artist (artist_id, artist_name, genre, country_of_origin) VALUES (328, 'The Wears', 'Lo-fi', 'Australia');
INSERT INTO artist (artist_id, artist_name, genre, country_of_origin) VALUES (329, 'Karen Logan', 'Bossa Nova', 'USA');
INSERT INTO artist (artist_id, artist_name, genre, country_of_origin) VALUES (330, 'The Likelys', 'Post-Punk', 'Sweden');
INSERT INTO artist (artist_id, artist_name, genre, country_of_origin) VALUES (331, 'Olivia Nelson', 'Bossa Nova', 'USA');
INSERT INTO artist (artist_id, artist_name, genre, country_of_origin) VALUES (332, 'The Avoids', 'Jazz Fusion', 'Australia');
INSERT INTO artist (artist_id, artist_name, genre, country_of_origin) VALUES (333, 'Curtis Vargas', 'Post-Punk', 'Japan');
INSERT INTO artist (artist_id, artist_name, genre, country_of_origin) VALUES (334, 'The Identifys', 'Jazz Fusion', 'Australia');
INSERT INTO artist (artist_id, artist_name, genre, country_of_origin) VALUES (335, 'Stephanie Miller', 'Techno', 'Germany');
INSERT INTO artist (artist_id, artist_name, genre, country_of_origin) VALUES (336, 'Kenneth Brooks', 'Jazz Fusion', 'Sweden');
INSERT INTO artist (artist_id, artist_name, genre, country_of_origin) VALUES (337, 'The Surfaces', 'Techno', 'Iceland');
INSERT INTO artist (artist_id, artist_name, genre, country_of_origin) VALUES (338, 'Jessica Jackson', 'Techno', 'UK');
INSERT INTO artist (artist_id, artist_name, genre, country_of_origin) VALUES (339, 'Matthew Evans', 'Bossa Nova', 'France');
INSERT INTO artist (artist_id, artist_name, genre, country_of_origin) VALUES (340, 'The Scientists', 'Post-Punk', 'Japan');
INSERT INTO artist (artist_id, artist_name, genre, country_of_origin) VALUES (341, 'The Stills', 'Synthwave', 'Brazil');
INSERT INTO artist (artist_id, artist_name, genre, country_of_origin) VALUES (342, 'Chris Lee', 'Techno', 'France');
INSERT INTO artist (artist_id, artist_name, genre, country_of_origin) VALUES (343, 'Jeffery Taylor', 'MPB', 'Japan');
INSERT INTO artist (artist_id, artist_name, genre, country_of_origin) VALUES (344, 'The Industrys', 'Techno', 'Canada');
INSERT INTO artist (artist_id, artist_name, genre, country_of_origin) VALUES (345, 'Corey Boyd', 'MPB', 'Sweden');
INSERT INTO artist (artist_id, artist_name, genre, country_of_origin) VALUES (346, 'The Ands', 'Bossa Nova', 'France');
INSERT INTO artist (artist_id, artist_name, genre, country_of_origin) VALUES (347, 'The Wides', 'Bossa Nova', 'USA');
INSERT INTO artist (artist_id, artist_name, genre, country_of_origin) VALUES (348, 'Trevor Hubbard', 'Phonk', 'France');
INSERT INTO artist (artist_id, artist_name, genre, country_of_origin) VALUES (349, 'Joshua Morrow', 'Bossa Nova', 'Iceland');
INSERT INTO artist (artist_id, artist_name, genre, country_of_origin) VALUES (350, 'Bruce Mahoney', 'Heavy Metal', 'France');
INSERT INTO artist (artist_id, artist_name, genre, country_of_origin) VALUES (351, 'The Agos', 'Techno', 'Brazil');
INSERT INTO artist (artist_id, artist_name, genre, country_of_origin) VALUES (352, 'The Foods', 'Bossa Nova', 'Japan');
INSERT INTO artist (artist_id, artist_name, genre, country_of_origin) VALUES (353, 'Ashlee Miller', 'Phonk', 'Brazil');
INSERT INTO artist (artist_id, artist_name, genre, country_of_origin) VALUES (354, 'The Clearlys', 'Lo-fi', 'Canada');
INSERT INTO artist (artist_id, artist_name, genre, country_of_origin) VALUES (355, 'Haley Potter', 'Bossa Nova', 'Australia');
INSERT INTO artist (artist_id, artist_name, genre, country_of_origin) VALUES (356, 'Devin Hughes', 'Phonk', 'France');
INSERT INTO artist (artist_id, artist_name, genre, country_of_origin) VALUES (357, 'The Buts', 'Techno', 'UK');
INSERT INTO artist (artist_id, artist_name, genre, country_of_origin) VALUES (358, 'Dustin Moran', 'Bossa Nova', 'Germany');
INSERT INTO artist (artist_id, artist_name, genre, country_of_origin) VALUES (359, 'The Tables', 'Jazz Fusion', 'Sweden');
INSERT INTO artist (artist_id, artist_name, genre, country_of_origin) VALUES (360, 'Stephanie Castro', 'Indie Rock', 'Japan');
INSERT INTO artist (artist_id, artist_name, genre, country_of_origin) VALUES (361, 'The Puts', 'Post-Punk', 'Japan');
INSERT INTO artist (artist_id, artist_name, genre, country_of_origin) VALUES (362, 'Lynn Coleman', 'Bossa Nova', 'Japan');
INSERT INTO artist (artist_id, artist_name, genre, country_of_origin) VALUES (363, 'The Rates', 'Synthwave', 'Sweden');
INSERT INTO artist (artist_id, artist_name, genre, country_of_origin) VALUES (364, 'Wyatt Hutchinson', 'Jazz Fusion', 'Sweden');
INSERT INTO artist (artist_id, artist_name, genre, country_of_origin) VALUES (365, 'The Myselfs', 'Lo-fi', 'Australia');
INSERT INTO artist (artist_id, artist_name, genre, country_of_origin) VALUES (366, 'Joseph Collins', 'MPB', 'Canada');
INSERT INTO artist (artist_id, artist_name, genre, country_of_origin) VALUES (367, 'Joe Macias', 'Jazz Fusion', 'France');
INSERT INTO artist (artist_id, artist_name, genre, country_of_origin) VALUES (368, 'Mrs. Allison Ashley MD', 'Techno', 'Australia');
INSERT INTO artist (artist_id, artist_name, genre, country_of_origin) VALUES (369, 'Roberta Ward', 'Heavy Metal', 'Germany');
INSERT INTO artist (artist_id, artist_name, genre, country_of_origin) VALUES (370, 'The Middles', 'Jazz Fusion', 'Sweden');
INSERT INTO artist (artist_id, artist_name, genre, country_of_origin) VALUES (371, 'The Maintains', 'Bossa Nova', 'Sweden');
INSERT INTO artist (artist_id, artist_name, genre, country_of_origin) VALUES (372, 'The Becomes', 'Techno', 'UK');
INSERT INTO artist (artist_id, artist_name, genre, country_of_origin) VALUES (373, 'The Formers', 'MPB', 'Australia');
INSERT INTO artist (artist_id, artist_name, genre, country_of_origin) VALUES (374, 'The Works', 'MPB', 'Iceland');
INSERT INTO artist (artist_id, artist_name, genre, country_of_origin) VALUES (375, 'Gina Stuart', 'MPB', 'Brazil');
INSERT INTO artist (artist_id, artist_name, genre, country_of_origin) VALUES (376, 'Nathan Lopez', 'Heavy Metal', 'USA');
INSERT INTO artist (artist_id, artist_name, genre, country_of_origin) VALUES (377, 'The Considers', 'MPB', 'USA');
INSERT INTO artist (artist_id, artist_name, genre, country_of_origin) VALUES (378, 'The Strategys', 'Bossa Nova', 'Germany');
INSERT INTO artist (artist_id, artist_name, genre, country_of_origin) VALUES (379, 'Kathy Long DDS', 'MPB', 'UK');
INSERT INTO artist (artist_id, artist_name, genre, country_of_origin) VALUES (380, 'Samantha Ray', 'Bossa Nova', 'Germany');
INSERT INTO artist (artist_id, artist_name, genre, country_of_origin) VALUES (381, 'Cory Edwards', 'Phonk', 'USA');
INSERT INTO artist (artist_id, artist_name, genre, country_of_origin) VALUES (382, 'Pamela Oliver', 'Techno', 'Sweden');
INSERT INTO artist (artist_id, artist_name, genre, country_of_origin) VALUES (383, 'Richard Taylor', 'Techno', 'Germany');
INSERT INTO artist (artist_id, artist_name, genre, country_of_origin) VALUES (384, 'The Bes', 'Techno', 'USA');
INSERT INTO artist (artist_id, artist_name, genre, country_of_origin) VALUES (385, 'Kathleen Brown', 'Phonk', 'Japan');
INSERT INTO artist (artist_id, artist_name, genre, country_of_origin) VALUES (386, 'Rebecca Meyer', 'Bossa Nova', 'Germany');
INSERT INTO artist (artist_id, artist_name, genre, country_of_origin) VALUES (387, 'The Alongs', 'Heavy Metal', 'Sweden');
INSERT INTO artist (artist_id, artist_name, genre, country_of_origin) VALUES (388, 'The Haves', 'Phonk', 'Canada');
INSERT INTO artist (artist_id, artist_name, genre, country_of_origin) VALUES (389, 'Brian Jones', 'Heavy Metal', 'Germany');
INSERT INTO artist (artist_id, artist_name, genre, country_of_origin) VALUES (390, 'Michael Miller', 'Phonk', 'Brazil');
INSERT INTO artist (artist_id, artist_name, genre, country_of_origin) VALUES (391, 'The Wears', 'Techno', 'Germany');
INSERT INTO artist (artist_id, artist_name, genre, country_of_origin) VALUES (392, 'The Larges', 'Post-Punk', 'Iceland');
INSERT INTO artist (artist_id, artist_name, genre, country_of_origin) VALUES (393, 'Jeanette Hart', 'Phonk', 'France');
INSERT INTO artist (artist_id, artist_name, genre, country_of_origin) VALUES (394, 'The Responds', 'Indie Rock', 'France');
INSERT INTO artist (artist_id, artist_name, genre, country_of_origin) VALUES (395, 'James Grant', 'Jazz Fusion', 'USA');
INSERT INTO artist (artist_id, artist_name, genre, country_of_origin) VALUES (396, 'The Fears', 'Jazz Fusion', 'Australia');
INSERT INTO artist (artist_id, artist_name, genre, country_of_origin) VALUES (397, 'Isaac Miller', 'Post-Punk', 'Canada');
INSERT INTO artist (artist_id, artist_name, genre, country_of_origin) VALUES (398, 'Matthew Love', 'Bossa Nova', 'France');
INSERT INTO artist (artist_id, artist_name, genre, country_of_origin) VALUES (399, 'The Audiences', 'Synthwave', 'France');
INSERT INTO artist (artist_id, artist_name, genre, country_of_origin) VALUES (400, 'The Necessarys', 'Indie Rock', 'Australia');

-- INSERT ALBUMS AND SONGS
INSERT INTO album (album_id, artist_id, title, release_year, created_at) VALUES (1, 1, 'Horizontal responsive leverage', 1975, NOW());
INSERT INTO song (song_id, album_id, name, duration_seconds, bpm, track_number) VALUES (1, 1, 'Institution sell image', 452, 99, 1);
INSERT INTO song (song_id, album_id, name, duration_seconds, bpm, track_number) VALUES (2, 1, 'Work station maintain', 268, 157, 2);
INSERT INTO song (song_id, album_id, name, duration_seconds, bpm, track_number) VALUES (3, 1, 'Move which', 384, 179, 3);
INSERT INTO song (song_id, album_id, name, duration_seconds, bpm, track_number) VALUES (4, 1, 'Personal south', 442, 135, 4);
INSERT INTO song (song_id, album_id, name, duration_seconds, bpm, track_number) VALUES (5, 1, 'Performance court', 252, 77, 5);
INSERT INTO song (song_id, album_id, name, duration_seconds, bpm, track_number) VALUES (6, 1, 'Order', 273, 99, 6);
INSERT INTO song (song_id, album_id, name, duration_seconds, bpm, track_number) VALUES (7, 1, 'Board film color', 211, 136, 7);
INSERT INTO song (song_id, album_id, name, duration_seconds, bpm, track_number) VALUES (8, 1, 'Per shoulder event', 291, 122, 8);
INSERT INTO album (album_id, artist_id, title, release_year, created_at) VALUES (2, 1, 'Open-source zero tolerance firmware', 1985, NOW());
INSERT INTO song (song_id, album_id, name, duration_seconds, bpm, track_number) VALUES (9, 2, 'Individual necessary', 287, 179, 1);
INSERT INTO song (song_id, album_id, name, duration_seconds, bpm, track_number) VALUES (10, 2, 'Evidence consumer', 138, 98, 2);
INSERT INTO song (song_id, album_id, name, duration_seconds, bpm, track_number) VALUES (11, 2, 'Deep material notice', 428, 151, 3);
INSERT INTO song (song_id, album_id, name, duration_seconds, bpm, track_number) VALUES (12, 2, 'Half police should', 326, 172, 4);
INSERT INTO song (song_id, album_id, name, duration_seconds, bpm, track_number) VALUES (13, 2, 'Approach', 166, 138, 5);
INSERT INTO song (song_id, album_id, name, duration_seconds, bpm, track_number) VALUES (14, 2, 'Along staff human', 274, 137, 6);
INSERT INTO song (song_id, album_id, name, duration_seconds, bpm, track_number) VALUES (15, 2, 'Environmental letter kid', 245, 120, 7);
INSERT INTO song (song_id, album_id, name, duration_seconds, bpm, track_number) VALUES (16, 2, 'Fly walk animal into', 459, 130, 8);
INSERT INTO song (song_id, album_id, name, duration_seconds, bpm, track_number) VALUES (17, 2, 'Or ever game travel', 205, 136, 9);
INSERT INTO album (album_id, artist_id, title, release_year, created_at) VALUES (3, 2, 'Seamless client-driven flexibility', 1993, NOW());
INSERT INTO song (song_id, album_id, name, duration_seconds, bpm, track_number) VALUES (18, 3, 'Old', 436, 131, 1);
INSERT INTO song (song_id, album_id, name, duration_seconds, bpm, track_number) VALUES (19, 3, 'Adult per big factor', 446, 134, 2);
INSERT INTO song (song_id, album_id, name, duration_seconds, bpm, track_number) VALUES (20, 3, 'Able economic nation', 380, 81, 3);
INSERT INTO song (song_id, album_id, name, duration_seconds, bpm, track_number) VALUES (21, 3, 'Their off it', 314, 140, 4);
INSERT INTO song (song_id, album_id, name, duration_seconds, bpm, track_number) VALUES (22, 3, 'Argue hotel national', 157, 119, 5);
INSERT INTO song (song_id, album_id, name, duration_seconds, bpm, track_number) VALUES (23, 3, 'Land reveal', 265, 161, 6);
INSERT INTO song (song_id, album_id, name, duration_seconds, bpm, track_number) VALUES (24, 3, 'He', 135, 173, 7);
INSERT INTO song (song_id, album_id, name, duration_seconds, bpm, track_number) VALUES (25, 3, 'Order against', 359, 82, 8);
INSERT INTO song (song_id, album_id, name, duration_seconds, bpm, track_number) VALUES (26, 3, 'Around', 454, 138, 9);
INSERT INTO song (song_id, album_id, name, duration_seconds, bpm, track_number) VALUES (27, 3, 'Specific', 340, 140, 10);
INSERT INTO album (album_id, artist_id, title, release_year, created_at) VALUES (4, 2, 'De-engineered needs-based parallelism', 1987, NOW());
INSERT INTO song (song_id, album_id, name, duration_seconds, bpm, track_number) VALUES (28, 4, 'Country matter up century source', 376, 119, 1);
INSERT INTO song (song_id, album_id, name, duration_seconds, bpm, track_number) VALUES (29, 4, 'Hot', 338, 121, 2);
INSERT INTO song (song_id, album_id, name, duration_seconds, bpm, track_number) VALUES (30, 4, 'Successful risk', 197, 98, 3);
INSERT INTO song (song_id, album_id, name, duration_seconds, bpm, track_number) VALUES (31, 4, 'Notice article', 354, 158, 4);
INSERT INTO song (song_id, album_id, name, duration_seconds, bpm, track_number) VALUES (32, 4, 'Week center', 430, 115, 5);
INSERT INTO album (album_id, artist_id, title, release_year, created_at) VALUES (5, 2, 'Realigned context-sensitive strategy', 1987, NOW());
INSERT INTO song (song_id, album_id, name, duration_seconds, bpm, track_number) VALUES (33, 5, 'For', 171, 122, 1);
INSERT INTO song (song_id, album_id, name, duration_seconds, bpm, track_number) VALUES (34, 5, 'Seat ahead small', 198, 75, 2);
INSERT INTO song (song_id, album_id, name, duration_seconds, bpm, track_number) VALUES (35, 5, 'Voice degree thing analysis', 283, 74, 3);
INSERT INTO song (song_id, album_id, name, duration_seconds, bpm, track_number) VALUES (36, 5, 'Statement enough necessary', 430, 105, 4);
INSERT INTO song (song_id, album_id, name, duration_seconds, bpm, track_number) VALUES (37, 5, 'Process difficult', 446, 123, 5);
INSERT INTO song (song_id, album_id, name, duration_seconds, bpm, track_number) VALUES (38, 5, 'Travel phone', 121, 122, 6);
INSERT INTO album (album_id, artist_id, title, release_year, created_at) VALUES (6, 3, 'Synchronized object-oriented complexity', 1972, NOW());
INSERT INTO song (song_id, album_id, name, duration_seconds, bpm, track_number) VALUES (39, 6, 'Walk recently picture east', 166, 146, 1);
INSERT INTO song (song_id, album_id, name, duration_seconds, bpm, track_number) VALUES (40, 6, 'Change to', 287, 144, 2);
INSERT INTO song (song_id, album_id, name, duration_seconds, bpm, track_number) VALUES (41, 6, 'Himself account', 271, 144, 3);
INSERT INTO song (song_id, album_id, name, duration_seconds, bpm, track_number) VALUES (42, 6, 'Range generation', 331, 148, 4);
INSERT INTO song (song_id, album_id, name, duration_seconds, bpm, track_number) VALUES (43, 6, 'Tonight', 446, 164, 5);
INSERT INTO song (song_id, album_id, name, duration_seconds, bpm, track_number) VALUES (44, 6, 'Notice', 417, 101, 6);
INSERT INTO album (album_id, artist_id, title, release_year, created_at) VALUES (7, 4, 'Open-source scalable Local Area Network', 1973, NOW());
INSERT INTO song (song_id, album_id, name, duration_seconds, bpm, track_number) VALUES (45, 7, 'And', 351, 62, 1);
INSERT INTO song (song_id, album_id, name, duration_seconds, bpm, track_number) VALUES (46, 7, 'Environment', 133, 100, 2);
INSERT INTO song (song_id, album_id, name, duration_seconds, bpm, track_number) VALUES (47, 7, 'Citizen word', 404, 74, 3);
INSERT INTO song (song_id, album_id, name, duration_seconds, bpm, track_number) VALUES (48, 7, 'Whom huge', 345, 132, 4);
INSERT INTO song (song_id, album_id, name, duration_seconds, bpm, track_number) VALUES (49, 7, 'Black doctor', 402, 141, 5);
INSERT INTO album (album_id, artist_id, title, release_year, created_at) VALUES (8, 4, 'Adaptive optimal middleware', 1996, NOW());
INSERT INTO song (song_id, album_id, name, duration_seconds, bpm, track_number) VALUES (50, 8, 'Challenge', 358, 141, 1);
INSERT INTO song (song_id, album_id, name, duration_seconds, bpm, track_number) VALUES (51, 8, 'Smile', 400, 157, 2);
INSERT INTO song (song_id, album_id, name, duration_seconds, bpm, track_number) VALUES (52, 8, 'Low', 223, 174, 3);
INSERT INTO song (song_id, album_id, name, duration_seconds, bpm, track_number) VALUES (53, 8, 'Write remain anyone', 298, 152, 4);
INSERT INTO song (song_id, album_id, name, duration_seconds, bpm, track_number) VALUES (54, 8, 'Point', 236, 89, 5);
INSERT INTO album (album_id, artist_id, title, release_year, created_at) VALUES (9, 5, 'Profit-focused holistic capability', 1984, NOW());
INSERT INTO song (song_id, album_id, name, duration_seconds, bpm, track_number) VALUES (55, 9, 'Item', 464, 106, 1);
INSERT INTO song (song_id, album_id, name, duration_seconds, bpm, track_number) VALUES (56, 9, 'Job', 188, 104, 2);
INSERT INTO song (song_id, album_id, name, duration_seconds, bpm, track_number) VALUES (57, 9, 'Successful', 252, 127, 3);
INSERT INTO song (song_id, album_id, name, duration_seconds, bpm, track_number) VALUES (58, 9, 'Beyond century', 465, 67, 4);
INSERT INTO song (song_id, album_id, name, duration_seconds, bpm, track_number) VALUES (59, 9, 'Trial politics', 431, 109, 5);
INSERT INTO song (song_id, album_id, name, duration_seconds, bpm, track_number) VALUES (60, 9, 'Way Republican knowledge any mean', 291, 113, 6);
INSERT INTO song (song_id, album_id, name, duration_seconds, bpm, track_number) VALUES (61, 9, 'Security', 443, 75, 7);
INSERT INTO song (song_id, album_id, name, duration_seconds, bpm, track_number) VALUES (62, 9, 'That increase', 215, 162, 8);
INSERT INTO album (album_id, artist_id, title, release_year, created_at) VALUES (10, 6, 'Synergized regional contingency', 2005, NOW());
INSERT INTO song (song_id, album_id, name, duration_seconds, bpm, track_number) VALUES (63, 10, 'Become care', 175, 126, 1);
INSERT INTO song (song_id, album_id, name, duration_seconds, bpm, track_number) VALUES (64, 10, 'Get', 164, 177, 2);
INSERT INTO song (song_id, album_id, name, duration_seconds, bpm, track_number) VALUES (65, 10, 'Leader', 198, 155, 3);
INSERT INTO song (song_id, album_id, name, duration_seconds, bpm, track_number) VALUES (66, 10, 'Successful', 294, 144, 4);
INSERT INTO song (song_id, album_id, name, duration_seconds, bpm, track_number) VALUES (67, 10, 'Prove', 137, 131, 5);
INSERT INTO song (song_id, album_id, name, duration_seconds, bpm, track_number) VALUES (68, 10, 'Much', 455, 111, 6);
INSERT INTO song (song_id, album_id, name, duration_seconds, bpm, track_number) VALUES (69, 10, 'Pattern less particularly perform down', 387, 112, 7);
INSERT INTO song (song_id, album_id, name, duration_seconds, bpm, track_number) VALUES (70, 10, 'Congress', 233, 75, 8);
INSERT INTO song (song_id, album_id, name, duration_seconds, bpm, track_number) VALUES (71, 10, 'Operation', 184, 101, 9);
INSERT INTO album (album_id, artist_id, title, release_year, created_at) VALUES (11, 7, 'Synergized multi-state moratorium', 1975, NOW());
INSERT INTO song (song_id, album_id, name, duration_seconds, bpm, track_number) VALUES (72, 11, 'Information', 366, 122, 1);
INSERT INTO song (song_id, album_id, name, duration_seconds, bpm, track_number) VALUES (73, 11, 'Store fine', 371, 83, 2);
INSERT INTO song (song_id, album_id, name, duration_seconds, bpm, track_number) VALUES (74, 11, 'Yeah two though sea', 278, 158, 3);
INSERT INTO song (song_id, album_id, name, duration_seconds, bpm, track_number) VALUES (75, 11, 'Nice', 224, 96, 4);
INSERT INTO song (song_id, album_id, name, duration_seconds, bpm, track_number) VALUES (76, 11, 'Tree plan', 386, 68, 5);
INSERT INTO song (song_id, album_id, name, duration_seconds, bpm, track_number) VALUES (77, 11, 'Board leader occur letter forget', 417, 124, 6);
INSERT INTO album (album_id, artist_id, title, release_year, created_at) VALUES (12, 7, 'Self-enabling system-worthy time-frame', 1986, NOW());
INSERT INTO song (song_id, album_id, name, duration_seconds, bpm, track_number) VALUES (78, 12, 'Total buy front', 361, 105, 1);
INSERT INTO song (song_id, album_id, name, duration_seconds, bpm, track_number) VALUES (79, 12, 'All also effect miss', 216, 74, 2);
INSERT INTO song (song_id, album_id, name, duration_seconds, bpm, track_number) VALUES (80, 12, 'Pay', 479, 75, 3);
INSERT INTO song (song_id, album_id, name, duration_seconds, bpm, track_number) VALUES (81, 12, 'Reveal who meet', 359, 176, 4);
INSERT INTO song (song_id, album_id, name, duration_seconds, bpm, track_number) VALUES (82, 12, 'First', 438, 174, 5);
INSERT INTO song (song_id, album_id, name, duration_seconds, bpm, track_number) VALUES (83, 12, 'Fly must', 427, 108, 6);
INSERT INTO song (song_id, album_id, name, duration_seconds, bpm, track_number) VALUES (84, 12, 'Air', 167, 174, 7);
INSERT INTO album (album_id, artist_id, title, release_year, created_at) VALUES (13, 8, 'Cross-group bifurcated implementation', 1973, NOW());
INSERT INTO song (song_id, album_id, name, duration_seconds, bpm, track_number) VALUES (85, 13, 'Final operation movement', 176, 156, 1);
INSERT INTO song (song_id, album_id, name, duration_seconds, bpm, track_number) VALUES (86, 13, 'International western college body', 475, 169, 2);
INSERT INTO song (song_id, album_id, name, duration_seconds, bpm, track_number) VALUES (87, 13, 'Family', 447, 94, 3);
INSERT INTO song (song_id, album_id, name, duration_seconds, bpm, track_number) VALUES (88, 13, 'Difference finish with', 260, 102, 4);
INSERT INTO song (song_id, album_id, name, duration_seconds, bpm, track_number) VALUES (89, 13, 'Let', 351, 130, 5);
INSERT INTO song (song_id, album_id, name, duration_seconds, bpm, track_number) VALUES (90, 13, 'Film', 294, 115, 6);
INSERT INTO song (song_id, album_id, name, duration_seconds, bpm, track_number) VALUES (91, 13, 'Focus far', 378, 117, 7);
INSERT INTO album (album_id, artist_id, title, release_year, created_at) VALUES (14, 8, 'Enhanced tangible intranet', 1973, NOW());
INSERT INTO song (song_id, album_id, name, duration_seconds, bpm, track_number) VALUES (92, 14, 'Ability', 163, 64, 1);
INSERT INTO song (song_id, album_id, name, duration_seconds, bpm, track_number) VALUES (93, 14, 'Difficult week tonight', 133, 171, 2);
INSERT INTO song (song_id, album_id, name, duration_seconds, bpm, track_number) VALUES (94, 14, 'Media job', 189, 162, 3);
INSERT INTO song (song_id, album_id, name, duration_seconds, bpm, track_number) VALUES (95, 14, 'Check issue', 478, 143, 4);
INSERT INTO song (song_id, album_id, name, duration_seconds, bpm, track_number) VALUES (96, 14, 'Guy record ground stand standard', 329, 148, 5);
INSERT INTO song (song_id, album_id, name, duration_seconds, bpm, track_number) VALUES (97, 14, 'Never once', 437, 86, 6);
INSERT INTO song (song_id, album_id, name, duration_seconds, bpm, track_number) VALUES (98, 14, 'Run', 416, 131, 7);
INSERT INTO song (song_id, album_id, name, duration_seconds, bpm, track_number) VALUES (99, 14, 'Blue subject maybe', 475, 149, 8);
INSERT INTO song (song_id, album_id, name, duration_seconds, bpm, track_number) VALUES (100, 14, 'Believe care', 280, 128, 9);
INSERT INTO song (song_id, album_id, name, duration_seconds, bpm, track_number) VALUES (101, 14, 'Step bag outside', 139, 148, 10);
INSERT INTO album (album_id, artist_id, title, release_year, created_at) VALUES (15, 8, 'Vision-oriented disintermediate matrix', 1993, NOW());
INSERT INTO song (song_id, album_id, name, duration_seconds, bpm, track_number) VALUES (102, 15, 'Although within', 263, 113, 1);
INSERT INTO song (song_id, album_id, name, duration_seconds, bpm, track_number) VALUES (103, 15, 'Imagine', 318, 60, 2);
INSERT INTO song (song_id, album_id, name, duration_seconds, bpm, track_number) VALUES (104, 15, 'Citizen significant accept you', 427, 150, 3);
INSERT INTO song (song_id, album_id, name, duration_seconds, bpm, track_number) VALUES (105, 15, 'Fast candidate movie federal', 364, 106, 4);
INSERT INTO song (song_id, album_id, name, duration_seconds, bpm, track_number) VALUES (106, 15, 'Television remain including', 459, 116, 5);
INSERT INTO song (song_id, album_id, name, duration_seconds, bpm, track_number) VALUES (107, 15, 'Again operation direction get consumer', 347, 161, 6);
INSERT INTO song (song_id, album_id, name, duration_seconds, bpm, track_number) VALUES (108, 15, 'Speak', 480, 106, 7);
INSERT INTO song (song_id, album_id, name, duration_seconds, bpm, track_number) VALUES (109, 15, 'Anyone cost', 353, 83, 8);
INSERT INTO song (song_id, album_id, name, duration_seconds, bpm, track_number) VALUES (110, 15, 'Know throughout', 189, 72, 9);
INSERT INTO song (song_id, album_id, name, duration_seconds, bpm, track_number) VALUES (111, 15, 'Mr quality yes floor make', 154, 75, 10);
INSERT INTO album (album_id, artist_id, title, release_year, created_at) VALUES (16, 9, 'Optimized empowering middleware', 2010, NOW());
INSERT INTO song (song_id, album_id, name, duration_seconds, bpm, track_number) VALUES (112, 16, 'Time', 138, 69, 1);
INSERT INTO song (song_id, album_id, name, duration_seconds, bpm, track_number) VALUES (113, 16, 'Provide apply', 417, 152, 2);
INSERT INTO song (song_id, album_id, name, duration_seconds, bpm, track_number) VALUES (114, 16, 'Help', 261, 169, 3);
INSERT INTO song (song_id, album_id, name, duration_seconds, bpm, track_number) VALUES (115, 16, 'Help how', 454, 72, 4);
INSERT INTO song (song_id, album_id, name, duration_seconds, bpm, track_number) VALUES (116, 16, 'These general particularly almost expect', 123, 78, 5);
INSERT INTO album (album_id, artist_id, title, release_year, created_at) VALUES (17, 9, 'Adaptive holistic monitoring', 1985, NOW());
INSERT INTO song (song_id, album_id, name, duration_seconds, bpm, track_number) VALUES (117, 17, 'Road', 225, 164, 1);
INSERT INTO song (song_id, album_id, name, duration_seconds, bpm, track_number) VALUES (118, 17, 'Study', 387, 170, 2);
INSERT INTO song (song_id, album_id, name, duration_seconds, bpm, track_number) VALUES (119, 17, 'Operation will able action store', 235, 134, 3);
INSERT INTO song (song_id, album_id, name, duration_seconds, bpm, track_number) VALUES (120, 17, 'Something', 196, 150, 4);
INSERT INTO song (song_id, album_id, name, duration_seconds, bpm, track_number) VALUES (121, 17, 'May', 412, 119, 5);
INSERT INTO song (song_id, album_id, name, duration_seconds, bpm, track_number) VALUES (122, 17, 'Local', 374, 96, 6);
INSERT INTO song (song_id, album_id, name, duration_seconds, bpm, track_number) VALUES (123, 17, 'Million everyone', 299, 128, 7);
INSERT INTO song (song_id, album_id, name, duration_seconds, bpm, track_number) VALUES (124, 17, 'Something individual', 148, 162, 8);
INSERT INTO song (song_id, album_id, name, duration_seconds, bpm, track_number) VALUES (125, 17, 'Prevent bad', 432, 109, 9);
INSERT INTO song (song_id, album_id, name, duration_seconds, bpm, track_number) VALUES (126, 17, 'Commercial sea', 172, 153, 10);
INSERT INTO album (album_id, artist_id, title, release_year, created_at) VALUES (18, 9, 'Seamless solution-oriented hardware', 2004, NOW());
INSERT INTO song (song_id, album_id, name, duration_seconds, bpm, track_number) VALUES (127, 18, 'Edge', 472, 144, 1);
INSERT INTO song (song_id, album_id, name, duration_seconds, bpm, track_number) VALUES (128, 18, 'Most', 393, 116, 2);
INSERT INTO song (song_id, album_id, name, duration_seconds, bpm, track_number) VALUES (129, 18, 'Air material', 244, 72, 3);
INSERT INTO song (song_id, album_id, name, duration_seconds, bpm, track_number) VALUES (130, 18, 'Behind', 161, 111, 4);
INSERT INTO song (song_id, album_id, name, duration_seconds, bpm, track_number) VALUES (131, 18, 'Never month', 149, 151, 5);
INSERT INTO song (song_id, album_id, name, duration_seconds, bpm, track_number) VALUES (132, 18, 'Create us', 413, 101, 6);
INSERT INTO song (song_id, album_id, name, duration_seconds, bpm, track_number) VALUES (133, 18, 'Then prove find protect go', 284, 66, 7);
INSERT INTO song (song_id, album_id, name, duration_seconds, bpm, track_number) VALUES (134, 18, 'Interest apply building', 158, 90, 8);
INSERT INTO song (song_id, album_id, name, duration_seconds, bpm, track_number) VALUES (135, 18, 'Both effect open', 217, 147, 9);
INSERT INTO song (song_id, album_id, name, duration_seconds, bpm, track_number) VALUES (136, 18, 'Magazine politics model data', 255, 123, 10);
INSERT INTO album (album_id, artist_id, title, release_year, created_at) VALUES (19, 10, 'Optional interactive portal', 2005, NOW());
INSERT INTO song (song_id, album_id, name, duration_seconds, bpm, track_number) VALUES (137, 19, 'Mind', 451, 81, 1);
INSERT INTO song (song_id, album_id, name, duration_seconds, bpm, track_number) VALUES (138, 19, 'Blue indeed management billion concern', 142, 174, 2);
INSERT INTO song (song_id, album_id, name, duration_seconds, bpm, track_number) VALUES (139, 19, 'Put', 330, 78, 3);
INSERT INTO song (song_id, album_id, name, duration_seconds, bpm, track_number) VALUES (140, 19, 'World political doctor wait', 166, 72, 4);
INSERT INTO song (song_id, album_id, name, duration_seconds, bpm, track_number) VALUES (141, 19, 'Billion', 354, 64, 5);
INSERT INTO song (song_id, album_id, name, duration_seconds, bpm, track_number) VALUES (142, 19, 'Account likely term statement', 186, 67, 6);
INSERT INTO song (song_id, album_id, name, duration_seconds, bpm, track_number) VALUES (143, 19, 'Most health theory', 139, 160, 7);
INSERT INTO song (song_id, album_id, name, duration_seconds, bpm, track_number) VALUES (144, 19, 'Technology', 350, 73, 8);
INSERT INTO song (song_id, album_id, name, duration_seconds, bpm, track_number) VALUES (145, 19, 'Rather world', 123, 123, 9);
INSERT INTO album (album_id, artist_id, title, release_year, created_at) VALUES (20, 10, 'Front-line motivating parallelism', 2010, NOW());
INSERT INTO song (song_id, album_id, name, duration_seconds, bpm, track_number) VALUES (146, 20, 'Number wrong daughter similar need', 135, 96, 1);
INSERT INTO song (song_id, album_id, name, duration_seconds, bpm, track_number) VALUES (147, 20, 'What win', 403, 77, 2);
INSERT INTO song (song_id, album_id, name, duration_seconds, bpm, track_number) VALUES (148, 20, 'Skin', 377, 169, 3);
INSERT INTO song (song_id, album_id, name, duration_seconds, bpm, track_number) VALUES (149, 20, 'Safe sound shake same score', 173, 111, 4);
INSERT INTO song (song_id, album_id, name, duration_seconds, bpm, track_number) VALUES (150, 20, 'Bag way perform scientist generation', 187, 106, 5);
INSERT INTO song (song_id, album_id, name, duration_seconds, bpm, track_number) VALUES (151, 20, 'On night general', 375, 81, 6);
INSERT INTO album (album_id, artist_id, title, release_year, created_at) VALUES (21, 11, 'Public-key global task-force', 1984, NOW());
INSERT INTO song (song_id, album_id, name, duration_seconds, bpm, track_number) VALUES (152, 21, 'Response property', 273, 164, 1);
INSERT INTO song (song_id, album_id, name, duration_seconds, bpm, track_number) VALUES (153, 21, 'Finally try against', 244, 70, 2);
INSERT INTO song (song_id, album_id, name, duration_seconds, bpm, track_number) VALUES (154, 21, 'Sit', 414, 79, 3);
INSERT INTO song (song_id, album_id, name, duration_seconds, bpm, track_number) VALUES (155, 21, 'Reason Congress assume share form', 399, 160, 4);
INSERT INTO song (song_id, album_id, name, duration_seconds, bpm, track_number) VALUES (156, 21, 'Place yet American she', 159, 130, 5);
INSERT INTO song (song_id, album_id, name, duration_seconds, bpm, track_number) VALUES (157, 21, 'Wide standard', 269, 60, 6);
INSERT INTO song (song_id, album_id, name, duration_seconds, bpm, track_number) VALUES (158, 21, 'Population offer voice two respond', 453, 87, 7);
INSERT INTO album (album_id, artist_id, title, release_year, created_at) VALUES (22, 11, 'Balanced analyzing application', 2023, NOW());
INSERT INTO song (song_id, album_id, name, duration_seconds, bpm, track_number) VALUES (159, 22, 'Manage', 335, 85, 1);
INSERT INTO song (song_id, album_id, name, duration_seconds, bpm, track_number) VALUES (160, 22, 'Catch', 273, 155, 2);
INSERT INTO song (song_id, album_id, name, duration_seconds, bpm, track_number) VALUES (161, 22, 'Your', 399, 109, 3);
INSERT INTO song (song_id, album_id, name, duration_seconds, bpm, track_number) VALUES (162, 22, 'Build', 443, 179, 4);
INSERT INTO song (song_id, album_id, name, duration_seconds, bpm, track_number) VALUES (163, 22, 'Level say no cell', 317, 127, 5);
INSERT INTO album (album_id, artist_id, title, release_year, created_at) VALUES (23, 12, 'Fundamental mission-critical database', 1980, NOW());
INSERT INTO song (song_id, album_id, name, duration_seconds, bpm, track_number) VALUES (164, 23, 'Main tough dog', 352, 102, 1);
INSERT INTO song (song_id, album_id, name, duration_seconds, bpm, track_number) VALUES (165, 23, 'Role', 346, 121, 2);
INSERT INTO song (song_id, album_id, name, duration_seconds, bpm, track_number) VALUES (166, 23, 'Food along', 368, 155, 3);
INSERT INTO song (song_id, album_id, name, duration_seconds, bpm, track_number) VALUES (167, 23, 'Reason do', 414, 137, 4);
INSERT INTO song (song_id, album_id, name, duration_seconds, bpm, track_number) VALUES (168, 23, 'Hear spend cold hold', 265, 138, 5);
INSERT INTO song (song_id, album_id, name, duration_seconds, bpm, track_number) VALUES (169, 23, 'Paper stock ever late', 395, 156, 6);
INSERT INTO song (song_id, album_id, name, duration_seconds, bpm, track_number) VALUES (170, 23, 'Avoid', 193, 81, 7);
INSERT INTO song (song_id, album_id, name, duration_seconds, bpm, track_number) VALUES (171, 23, 'Future firm', 194, 87, 8);
INSERT INTO album (album_id, artist_id, title, release_year, created_at) VALUES (24, 12, 'Stand-alone object-oriented concept', 1982, NOW());
INSERT INTO song (song_id, album_id, name, duration_seconds, bpm, track_number) VALUES (172, 24, 'Religious bar sort chair hour', 415, 173, 1);
INSERT INTO song (song_id, album_id, name, duration_seconds, bpm, track_number) VALUES (173, 24, 'Expect receive', 300, 129, 2);
INSERT INTO song (song_id, album_id, name, duration_seconds, bpm, track_number) VALUES (174, 24, 'Line remain rate impact recognize', 160, 99, 3);
INSERT INTO song (song_id, album_id, name, duration_seconds, bpm, track_number) VALUES (175, 24, 'Young seat open', 135, 135, 4);
INSERT INTO song (song_id, album_id, name, duration_seconds, bpm, track_number) VALUES (176, 24, 'Side idea something case course', 397, 134, 5);
INSERT INTO song (song_id, album_id, name, duration_seconds, bpm, track_number) VALUES (177, 24, 'Along', 316, 106, 6);
INSERT INTO song (song_id, album_id, name, duration_seconds, bpm, track_number) VALUES (178, 24, 'Ready effect finally', 319, 111, 7);
INSERT INTO song (song_id, album_id, name, duration_seconds, bpm, track_number) VALUES (179, 24, 'Sit left', 127, 74, 8);
INSERT INTO album (album_id, artist_id, title, release_year, created_at) VALUES (25, 12, 'Digitized disintermediate migration', 1979, NOW());
INSERT INTO song (song_id, album_id, name, duration_seconds, bpm, track_number) VALUES (180, 25, 'Draw', 209, 145, 1);
INSERT INTO song (song_id, album_id, name, duration_seconds, bpm, track_number) VALUES (181, 25, 'Space', 239, 97, 2);
INSERT INTO song (song_id, album_id, name, duration_seconds, bpm, track_number) VALUES (182, 25, 'Question involve', 352, 128, 3);
INSERT INTO song (song_id, album_id, name, duration_seconds, bpm, track_number) VALUES (183, 25, 'Guy', 136, 128, 4);
INSERT INTO song (song_id, album_id, name, duration_seconds, bpm, track_number) VALUES (184, 25, 'School story piece network', 340, 73, 5);
INSERT INTO song (song_id, album_id, name, duration_seconds, bpm, track_number) VALUES (185, 25, 'Spend car phone job at', 344, 89, 6);
INSERT INTO song (song_id, album_id, name, duration_seconds, bpm, track_number) VALUES (186, 25, 'Certain sound', 285, 70, 7);
INSERT INTO song (song_id, album_id, name, duration_seconds, bpm, track_number) VALUES (187, 25, 'Ball quite', 223, 126, 8);
INSERT INTO song (song_id, album_id, name, duration_seconds, bpm, track_number) VALUES (188, 25, 'Test', 168, 134, 9);
INSERT INTO album (album_id, artist_id, title, release_year, created_at) VALUES (26, 13, 'Decentralized local artificial intelligence', 2005, NOW());
INSERT INTO song (song_id, album_id, name, duration_seconds, bpm, track_number) VALUES (189, 26, 'Soldier', 349, 141, 1);
INSERT INTO song (song_id, album_id, name, duration_seconds, bpm, track_number) VALUES (190, 26, 'Her', 368, 130, 2);
INSERT INTO song (song_id, album_id, name, duration_seconds, bpm, track_number) VALUES (191, 26, 'Manager own week', 293, 84, 3);
INSERT INTO song (song_id, album_id, name, duration_seconds, bpm, track_number) VALUES (192, 26, 'Six beautiful ready', 230, 77, 4);
INSERT INTO song (song_id, album_id, name, duration_seconds, bpm, track_number) VALUES (193, 26, 'South', 144, 75, 5);
INSERT INTO song (song_id, album_id, name, duration_seconds, bpm, track_number) VALUES (194, 26, 'Box decide chance him follow', 454, 82, 6);
INSERT INTO song (song_id, album_id, name, duration_seconds, bpm, track_number) VALUES (195, 26, 'Boy cause', 402, 127, 7);
INSERT INTO album (album_id, artist_id, title, release_year, created_at) VALUES (27, 13, 'Organic exuding encoding', 1993, NOW());
INSERT INTO song (song_id, album_id, name, duration_seconds, bpm, track_number) VALUES (196, 27, 'Reduce Mr', 200, 128, 1);
INSERT INTO song (song_id, album_id, name, duration_seconds, bpm, track_number) VALUES (197, 27, 'Perform politics', 195, 133, 2);
INSERT INTO song (song_id, album_id, name, duration_seconds, bpm, track_number) VALUES (198, 27, 'Surface', 459, 93, 3);
INSERT INTO song (song_id, album_id, name, duration_seconds, bpm, track_number) VALUES (199, 27, 'First understand', 411, 89, 4);
INSERT INTO song (song_id, album_id, name, duration_seconds, bpm, track_number) VALUES (200, 27, 'Then fish answer', 395, 156, 5);
INSERT INTO song (song_id, album_id, name, duration_seconds, bpm, track_number) VALUES (201, 27, 'Page analysis air', 285, 90, 6);
INSERT INTO song (song_id, album_id, name, duration_seconds, bpm, track_number) VALUES (202, 27, 'Citizen', 386, 173, 7);
INSERT INTO album (album_id, artist_id, title, release_year, created_at) VALUES (28, 14, 'Grass-roots cohesive complexity', 2003, NOW());
INSERT INTO song (song_id, album_id, name, duration_seconds, bpm, track_number) VALUES (203, 28, 'Decide control against hard', 224, 66, 1);
INSERT INTO song (song_id, album_id, name, duration_seconds, bpm, track_number) VALUES (204, 28, 'Bad political good', 190, 100, 2);
INSERT INTO song (song_id, album_id, name, duration_seconds, bpm, track_number) VALUES (205, 28, 'Fish become', 437, 115, 3);
INSERT INTO song (song_id, album_id, name, duration_seconds, bpm, track_number) VALUES (206, 28, 'Oil should', 389, 100, 4);
INSERT INTO song (song_id, album_id, name, duration_seconds, bpm, track_number) VALUES (207, 28, 'Reach total imagine', 436, 160, 5);
INSERT INTO song (song_id, album_id, name, duration_seconds, bpm, track_number) VALUES (208, 28, 'Amount', 123, 137, 6);
INSERT INTO song (song_id, album_id, name, duration_seconds, bpm, track_number) VALUES (209, 28, 'Candidate born', 455, 85, 7);
INSERT INTO album (album_id, artist_id, title, release_year, created_at) VALUES (29, 15, 'Quality-focused 3rdgeneration neural-net', 2016, NOW());
INSERT INTO song (song_id, album_id, name, duration_seconds, bpm, track_number) VALUES (210, 29, 'Receive provide reach', 284, 117, 1);
INSERT INTO song (song_id, album_id, name, duration_seconds, bpm, track_number) VALUES (211, 29, 'Month structure black recognize', 200, 174, 2);
INSERT INTO song (song_id, album_id, name, duration_seconds, bpm, track_number) VALUES (212, 29, 'Get', 174, 159, 3);
INSERT INTO song (song_id, album_id, name, duration_seconds, bpm, track_number) VALUES (213, 29, 'Go', 318, 115, 4);
INSERT INTO song (song_id, album_id, name, duration_seconds, bpm, track_number) VALUES (214, 29, 'Point', 452, 73, 5);
INSERT INTO song (song_id, album_id, name, duration_seconds, bpm, track_number) VALUES (215, 29, 'Similar person', 304, 153, 6);
INSERT INTO song (song_id, album_id, name, duration_seconds, bpm, track_number) VALUES (216, 29, 'Year task fund these', 383, 102, 7);
INSERT INTO album (album_id, artist_id, title, release_year, created_at) VALUES (30, 15, 'Reduced zero tolerance customer loyalty', 1993, NOW());
INSERT INTO song (song_id, album_id, name, duration_seconds, bpm, track_number) VALUES (217, 30, 'Power west fight', 149, 160, 1);
INSERT INTO song (song_id, album_id, name, duration_seconds, bpm, track_number) VALUES (218, 30, 'Whether girl', 243, 98, 2);
INSERT INTO song (song_id, album_id, name, duration_seconds, bpm, track_number) VALUES (219, 30, 'Would former cause', 308, 107, 3);
INSERT INTO song (song_id, album_id, name, duration_seconds, bpm, track_number) VALUES (220, 30, 'Middle image', 319, 69, 4);
INSERT INTO song (song_id, album_id, name, duration_seconds, bpm, track_number) VALUES (221, 30, 'Dream wish', 411, 109, 5);
INSERT INTO song (song_id, album_id, name, duration_seconds, bpm, track_number) VALUES (222, 30, 'Quality brother', 234, 139, 6);
INSERT INTO song (song_id, album_id, name, duration_seconds, bpm, track_number) VALUES (223, 30, 'Speak walk', 236, 151, 7);
INSERT INTO song (song_id, album_id, name, duration_seconds, bpm, track_number) VALUES (224, 30, 'Interest participant', 167, 115, 8);
INSERT INTO album (album_id, artist_id, title, release_year, created_at) VALUES (31, 15, 'Programmable tangible orchestration', 1996, NOW());
INSERT INTO song (song_id, album_id, name, duration_seconds, bpm, track_number) VALUES (225, 31, 'Experience', 196, 136, 1);
INSERT INTO song (song_id, album_id, name, duration_seconds, bpm, track_number) VALUES (226, 31, 'Prepare', 360, 113, 2);
INSERT INTO song (song_id, album_id, name, duration_seconds, bpm, track_number) VALUES (227, 31, 'Indicate beat somebody more wrong', 321, 75, 3);
INSERT INTO song (song_id, album_id, name, duration_seconds, bpm, track_number) VALUES (228, 31, 'Enough hit', 395, 151, 4);
INSERT INTO song (song_id, album_id, name, duration_seconds, bpm, track_number) VALUES (229, 31, 'Through', 164, 165, 5);
INSERT INTO song (song_id, album_id, name, duration_seconds, bpm, track_number) VALUES (230, 31, 'Station pick fine final', 180, 102, 6);
INSERT INTO song (song_id, album_id, name, duration_seconds, bpm, track_number) VALUES (231, 31, 'Sea take', 277, 84, 7);
INSERT INTO song (song_id, album_id, name, duration_seconds, bpm, track_number) VALUES (232, 31, 'Sense event fly', 404, 129, 8);
INSERT INTO song (song_id, album_id, name, duration_seconds, bpm, track_number) VALUES (233, 31, 'Politics', 411, 179, 9);
INSERT INTO album (album_id, artist_id, title, release_year, created_at) VALUES (32, 16, 'Reverse-engineered grid-enabled forecast', 1980, NOW());
INSERT INTO song (song_id, album_id, name, duration_seconds, bpm, track_number) VALUES (234, 32, 'Two according', 137, 75, 1);
INSERT INTO song (song_id, album_id, name, duration_seconds, bpm, track_number) VALUES (235, 32, 'Less perform agent parent world', 358, 93, 2);
INSERT INTO song (song_id, album_id, name, duration_seconds, bpm, track_number) VALUES (236, 32, 'Newspaper', 153, 70, 3);
INSERT INTO song (song_id, album_id, name, duration_seconds, bpm, track_number) VALUES (237, 32, 'Bank', 282, 111, 4);
INSERT INTO song (song_id, album_id, name, duration_seconds, bpm, track_number) VALUES (238, 32, 'Building', 461, 93, 5);
INSERT INTO song (song_id, album_id, name, duration_seconds, bpm, track_number) VALUES (239, 32, 'Short', 150, 108, 6);
INSERT INTO album (album_id, artist_id, title, release_year, created_at) VALUES (33, 17, 'Automated context-sensitive capability', 2016, NOW());
INSERT INTO song (song_id, album_id, name, duration_seconds, bpm, track_number) VALUES (240, 33, 'Believe law', 433, 128, 1);
INSERT INTO song (song_id, album_id, name, duration_seconds, bpm, track_number) VALUES (241, 33, 'Price money certainly reach stay', 125, 138, 2);
INSERT INTO song (song_id, album_id, name, duration_seconds, bpm, track_number) VALUES (242, 33, 'Ready', 304, 149, 3);
INSERT INTO song (song_id, album_id, name, duration_seconds, bpm, track_number) VALUES (243, 33, 'Someone fight theory', 383, 69, 4);
INSERT INTO song (song_id, album_id, name, duration_seconds, bpm, track_number) VALUES (244, 33, 'Local', 403, 84, 5);
INSERT INTO song (song_id, album_id, name, duration_seconds, bpm, track_number) VALUES (245, 33, 'Fast', 189, 177, 6);
INSERT INTO song (song_id, album_id, name, duration_seconds, bpm, track_number) VALUES (246, 33, 'Sound organization myself', 299, 94, 7);
INSERT INTO song (song_id, album_id, name, duration_seconds, bpm, track_number) VALUES (247, 33, 'According forget', 349, 143, 8);
INSERT INTO song (song_id, album_id, name, duration_seconds, bpm, track_number) VALUES (248, 33, 'Company', 306, 163, 9);
INSERT INTO song (song_id, album_id, name, duration_seconds, bpm, track_number) VALUES (249, 33, 'Short human', 373, 133, 10);
INSERT INTO album (album_id, artist_id, title, release_year, created_at) VALUES (34, 17, 'Multi-lateral full-range budgetary management', 2000, NOW());
INSERT INTO song (song_id, album_id, name, duration_seconds, bpm, track_number) VALUES (250, 34, 'Call old religious', 178, 64, 1);
INSERT INTO song (song_id, album_id, name, duration_seconds, bpm, track_number) VALUES (251, 34, 'Stop cup morning', 168, 114, 2);
INSERT INTO song (song_id, album_id, name, duration_seconds, bpm, track_number) VALUES (252, 34, 'Our sort next', 293, 172, 3);
INSERT INTO song (song_id, album_id, name, duration_seconds, bpm, track_number) VALUES (253, 34, 'Minute', 344, 94, 4);
INSERT INTO song (song_id, album_id, name, duration_seconds, bpm, track_number) VALUES (254, 34, 'Production', 170, 157, 5);
INSERT INTO song (song_id, album_id, name, duration_seconds, bpm, track_number) VALUES (255, 34, 'Her magazine', 455, 71, 6);
INSERT INTO song (song_id, album_id, name, duration_seconds, bpm, track_number) VALUES (256, 34, 'Say note', 381, 152, 7);
INSERT INTO song (song_id, album_id, name, duration_seconds, bpm, track_number) VALUES (257, 34, 'Head', 242, 143, 8);
INSERT INTO album (album_id, artist_id, title, release_year, created_at) VALUES (35, 17, 'Assimilated responsive emulation', 1978, NOW());
INSERT INTO song (song_id, album_id, name, duration_seconds, bpm, track_number) VALUES (258, 35, 'Pretty', 137, 160, 1);
INSERT INTO song (song_id, album_id, name, duration_seconds, bpm, track_number) VALUES (259, 35, 'Order step', 209, 130, 2);
INSERT INTO song (song_id, album_id, name, duration_seconds, bpm, track_number) VALUES (260, 35, 'Through', 432, 170, 3);
INSERT INTO song (song_id, album_id, name, duration_seconds, bpm, track_number) VALUES (261, 35, 'Full painting', 318, 138, 4);
INSERT INTO song (song_id, album_id, name, duration_seconds, bpm, track_number) VALUES (262, 35, 'Food item audience rate behavior', 213, 107, 5);
INSERT INTO song (song_id, album_id, name, duration_seconds, bpm, track_number) VALUES (263, 35, 'Political', 262, 86, 6);
INSERT INTO song (song_id, album_id, name, duration_seconds, bpm, track_number) VALUES (264, 35, 'Project', 416, 150, 7);
INSERT INTO song (song_id, album_id, name, duration_seconds, bpm, track_number) VALUES (265, 35, 'Serious', 423, 180, 8);
INSERT INTO song (song_id, album_id, name, duration_seconds, bpm, track_number) VALUES (266, 35, 'Staff', 173, 95, 9);
INSERT INTO song (song_id, album_id, name, duration_seconds, bpm, track_number) VALUES (267, 35, 'Think', 219, 142, 10);
INSERT INTO album (album_id, artist_id, title, release_year, created_at) VALUES (36, 18, 'Innovative needs-based approach', 2003, NOW());
INSERT INTO song (song_id, album_id, name, duration_seconds, bpm, track_number) VALUES (268, 36, 'Close', 305, 94, 1);
INSERT INTO song (song_id, album_id, name, duration_seconds, bpm, track_number) VALUES (269, 36, 'Clearly carry', 378, 74, 2);
INSERT INTO song (song_id, album_id, name, duration_seconds, bpm, track_number) VALUES (270, 36, 'Least drop eat realize', 210, 61, 3);
INSERT INTO song (song_id, album_id, name, duration_seconds, bpm, track_number) VALUES (271, 36, 'Movie', 232, 91, 4);
INSERT INTO song (song_id, album_id, name, duration_seconds, bpm, track_number) VALUES (272, 36, 'Somebody technology stand', 238, 127, 5);
INSERT INTO album (album_id, artist_id, title, release_year, created_at) VALUES (37, 19, 'Compatible 3rdgeneration secured line', 1974, NOW());
INSERT INTO song (song_id, album_id, name, duration_seconds, bpm, track_number) VALUES (273, 37, 'Contain', 432, 86, 1);
INSERT INTO song (song_id, album_id, name, duration_seconds, bpm, track_number) VALUES (274, 37, 'Push only', 386, 120, 2);
INSERT INTO song (song_id, album_id, name, duration_seconds, bpm, track_number) VALUES (275, 37, 'He case', 171, 161, 3);
INSERT INTO song (song_id, album_id, name, duration_seconds, bpm, track_number) VALUES (276, 37, 'Language during small benefit', 227, 149, 4);
INSERT INTO song (song_id, album_id, name, duration_seconds, bpm, track_number) VALUES (277, 37, 'Activity', 164, 135, 5);
INSERT INTO song (song_id, album_id, name, duration_seconds, bpm, track_number) VALUES (278, 37, 'Computer', 179, 171, 6);
INSERT INTO song (song_id, album_id, name, duration_seconds, bpm, track_number) VALUES (279, 37, 'Serve', 270, 163, 7);
INSERT INTO song (song_id, album_id, name, duration_seconds, bpm, track_number) VALUES (280, 37, 'Unit', 330, 113, 8);
INSERT INTO song (song_id, album_id, name, duration_seconds, bpm, track_number) VALUES (281, 37, 'Cut street choice', 343, 164, 9);
INSERT INTO album (album_id, artist_id, title, release_year, created_at) VALUES (38, 19, 'Distributed 3rdgeneration architecture', 1972, NOW());
INSERT INTO song (song_id, album_id, name, duration_seconds, bpm, track_number) VALUES (282, 38, 'Join guy', 206, 145, 1);
INSERT INTO song (song_id, album_id, name, duration_seconds, bpm, track_number) VALUES (283, 38, 'Visit step', 220, 78, 2);
INSERT INTO song (song_id, album_id, name, duration_seconds, bpm, track_number) VALUES (284, 38, 'Particular figure', 385, 157, 3);
INSERT INTO song (song_id, album_id, name, duration_seconds, bpm, track_number) VALUES (285, 38, 'Until', 204, 136, 4);
INSERT INTO song (song_id, album_id, name, duration_seconds, bpm, track_number) VALUES (286, 38, 'Inside', 433, 73, 5);
INSERT INTO song (song_id, album_id, name, duration_seconds, bpm, track_number) VALUES (287, 38, 'Consider sure', 349, 83, 6);
INSERT INTO song (song_id, album_id, name, duration_seconds, bpm, track_number) VALUES (288, 38, 'Size personal', 397, 167, 7);
INSERT INTO song (song_id, album_id, name, duration_seconds, bpm, track_number) VALUES (289, 38, 'Follow', 441, 77, 8);
INSERT INTO song (song_id, album_id, name, duration_seconds, bpm, track_number) VALUES (290, 38, 'Walk Republican', 183, 164, 9);
INSERT INTO song (song_id, album_id, name, duration_seconds, bpm, track_number) VALUES (291, 38, 'Goal', 160, 166, 10);
INSERT INTO album (album_id, artist_id, title, release_year, created_at) VALUES (39, 19, 'Seamless scalable methodology', 1974, NOW());
INSERT INTO song (song_id, album_id, name, duration_seconds, bpm, track_number) VALUES (292, 39, 'Bring', 432, 125, 1);
INSERT INTO song (song_id, album_id, name, duration_seconds, bpm, track_number) VALUES (293, 39, 'Type', 153, 96, 2);
INSERT INTO song (song_id, album_id, name, duration_seconds, bpm, track_number) VALUES (294, 39, 'According smile', 336, 113, 3);
INSERT INTO song (song_id, album_id, name, duration_seconds, bpm, track_number) VALUES (295, 39, 'Join do', 155, 65, 4);
INSERT INTO song (song_id, album_id, name, duration_seconds, bpm, track_number) VALUES (296, 39, 'Gun', 143, 114, 5);
INSERT INTO album (album_id, artist_id, title, release_year, created_at) VALUES (40, 20, 'Realigned holistic Graphical User Interface', 1971, NOW());
INSERT INTO song (song_id, album_id, name, duration_seconds, bpm, track_number) VALUES (297, 40, 'Minute', 271, 120, 1);
INSERT INTO song (song_id, album_id, name, duration_seconds, bpm, track_number) VALUES (298, 40, 'Heavy better through guess', 380, 108, 2);
INSERT INTO song (song_id, album_id, name, duration_seconds, bpm, track_number) VALUES (299, 40, 'West', 373, 66, 3);
INSERT INTO song (song_id, album_id, name, duration_seconds, bpm, track_number) VALUES (300, 40, 'Free', 228, 62, 4);
INSERT INTO song (song_id, album_id, name, duration_seconds, bpm, track_number) VALUES (301, 40, 'Dream wide staff', 287, 138, 5);
INSERT INTO song (song_id, album_id, name, duration_seconds, bpm, track_number) VALUES (302, 40, 'Instead ever', 287, 154, 6);
INSERT INTO song (song_id, album_id, name, duration_seconds, bpm, track_number) VALUES (303, 40, 'Leg', 443, 129, 7);
INSERT INTO song (song_id, album_id, name, duration_seconds, bpm, track_number) VALUES (304, 40, 'Lawyer', 130, 68, 8);
INSERT INTO song (song_id, album_id, name, duration_seconds, bpm, track_number) VALUES (305, 40, 'Message indeed', 441, 180, 9);
INSERT INTO song (song_id, album_id, name, duration_seconds, bpm, track_number) VALUES (306, 40, 'Training believe beautiful', 480, 136, 10);
INSERT INTO album (album_id, artist_id, title, release_year, created_at) VALUES (41, 20, 'Ameliorated bi-directional protocol', 2023, NOW());
INSERT INTO song (song_id, album_id, name, duration_seconds, bpm, track_number) VALUES (307, 41, 'Ability', 181, 94, 1);
INSERT INTO song (song_id, album_id, name, duration_seconds, bpm, track_number) VALUES (308, 41, 'Response exist', 356, 134, 2);
INSERT INTO song (song_id, album_id, name, duration_seconds, bpm, track_number) VALUES (309, 41, 'Low child entire', 378, 133, 3);
INSERT INTO song (song_id, album_id, name, duration_seconds, bpm, track_number) VALUES (310, 41, 'Water investment break', 480, 155, 4);
INSERT INTO song (song_id, album_id, name, duration_seconds, bpm, track_number) VALUES (311, 41, 'Far perhaps', 426, 172, 5);
INSERT INTO song (song_id, album_id, name, duration_seconds, bpm, track_number) VALUES (312, 41, 'Democratic trade scientist', 359, 140, 6);
INSERT INTO song (song_id, album_id, name, duration_seconds, bpm, track_number) VALUES (313, 41, 'Military wonder', 333, 179, 7);
INSERT INTO song (song_id, album_id, name, duration_seconds, bpm, track_number) VALUES (314, 41, 'Dark', 218, 165, 8);
INSERT INTO song (song_id, album_id, name, duration_seconds, bpm, track_number) VALUES (315, 41, 'Cover religious', 125, 113, 9);
INSERT INTO album (album_id, artist_id, title, release_year, created_at) VALUES (42, 20, 'Upgradable local parallelism', 1996, NOW());
INSERT INTO song (song_id, album_id, name, duration_seconds, bpm, track_number) VALUES (316, 42, 'Provide knowledge wall do', 165, 135, 1);
INSERT INTO song (song_id, album_id, name, duration_seconds, bpm, track_number) VALUES (317, 42, 'Tonight', 381, 166, 2);
INSERT INTO song (song_id, album_id, name, duration_seconds, bpm, track_number) VALUES (318, 42, 'Back', 303, 172, 3);
INSERT INTO song (song_id, album_id, name, duration_seconds, bpm, track_number) VALUES (319, 42, 'Best tell difference', 440, 160, 4);
INSERT INTO song (song_id, album_id, name, duration_seconds, bpm, track_number) VALUES (320, 42, 'Soldier second', 216, 68, 5);
INSERT INTO song (song_id, album_id, name, duration_seconds, bpm, track_number) VALUES (321, 42, 'Produce one', 220, 137, 6);
INSERT INTO song (song_id, album_id, name, duration_seconds, bpm, track_number) VALUES (322, 42, 'Team plant debate around ahead', 432, 112, 7);
INSERT INTO song (song_id, album_id, name, duration_seconds, bpm, track_number) VALUES (323, 42, 'Measure modern', 166, 96, 8);
INSERT INTO album (album_id, artist_id, title, release_year, created_at) VALUES (43, 21, 'Multi-tiered context-sensitive challenge', 1974, NOW());
INSERT INTO song (song_id, album_id, name, duration_seconds, bpm, track_number) VALUES (324, 43, 'Already particular', 205, 85, 1);
INSERT INTO song (song_id, album_id, name, duration_seconds, bpm, track_number) VALUES (325, 43, 'Understand', 151, 139, 2);
INSERT INTO song (song_id, album_id, name, duration_seconds, bpm, track_number) VALUES (326, 43, 'Important throw garden dark arrive', 250, 103, 3);
INSERT INTO song (song_id, album_id, name, duration_seconds, bpm, track_number) VALUES (327, 43, 'Meet her quite among', 376, 126, 4);
INSERT INTO song (song_id, album_id, name, duration_seconds, bpm, track_number) VALUES (328, 43, 'Black language report garden newspaper', 279, 149, 5);
INSERT INTO song (song_id, album_id, name, duration_seconds, bpm, track_number) VALUES (329, 43, 'Mouth', 380, 128, 6);
INSERT INTO song (song_id, album_id, name, duration_seconds, bpm, track_number) VALUES (330, 43, 'Region popular free', 379, 168, 7);
INSERT INTO song (song_id, album_id, name, duration_seconds, bpm, track_number) VALUES (331, 43, 'Main American', 263, 107, 8);
INSERT INTO album (album_id, artist_id, title, release_year, created_at) VALUES (44, 21, 'Diverse next generation process improvement', 1999, NOW());
INSERT INTO song (song_id, album_id, name, duration_seconds, bpm, track_number) VALUES (332, 44, 'Teach worry will base citizen', 387, 101, 1);
INSERT INTO song (song_id, album_id, name, duration_seconds, bpm, track_number) VALUES (333, 44, 'Board rate young sort experience', 194, 105, 2);
INSERT INTO song (song_id, album_id, name, duration_seconds, bpm, track_number) VALUES (334, 44, 'Conference after record', 383, 155, 3);
INSERT INTO song (song_id, album_id, name, duration_seconds, bpm, track_number) VALUES (335, 44, 'Stop several agency return method', 138, 78, 4);
INSERT INTO song (song_id, album_id, name, duration_seconds, bpm, track_number) VALUES (336, 44, 'Identify outside tax', 123, 64, 5);
INSERT INTO song (song_id, album_id, name, duration_seconds, bpm, track_number) VALUES (337, 44, 'Future term appear', 316, 148, 6);
INSERT INTO song (song_id, album_id, name, duration_seconds, bpm, track_number) VALUES (338, 44, 'Energy evidence', 152, 153, 7);
INSERT INTO song (song_id, album_id, name, duration_seconds, bpm, track_number) VALUES (339, 44, 'Capital task', 207, 111, 8);
INSERT INTO album (album_id, artist_id, title, release_year, created_at) VALUES (45, 21, 'De-engineered content-based workforce', 2000, NOW());
INSERT INTO song (song_id, album_id, name, duration_seconds, bpm, track_number) VALUES (340, 45, 'Education size', 373, 119, 1);
INSERT INTO song (song_id, album_id, name, duration_seconds, bpm, track_number) VALUES (341, 45, 'Accept somebody plant', 122, 97, 2);
INSERT INTO song (song_id, album_id, name, duration_seconds, bpm, track_number) VALUES (342, 45, 'Blood better', 207, 116, 3);
INSERT INTO song (song_id, album_id, name, duration_seconds, bpm, track_number) VALUES (343, 45, 'Range road', 393, 73, 4);
INSERT INTO song (song_id, album_id, name, duration_seconds, bpm, track_number) VALUES (344, 45, 'Public', 290, 90, 5);
INSERT INTO song (song_id, album_id, name, duration_seconds, bpm, track_number) VALUES (345, 45, 'Someone or', 454, 176, 6);
INSERT INTO album (album_id, artist_id, title, release_year, created_at) VALUES (46, 22, 'Reduced methodical hardware', 2026, NOW());
INSERT INTO song (song_id, album_id, name, duration_seconds, bpm, track_number) VALUES (346, 46, 'Standard', 341, 169, 1);
INSERT INTO song (song_id, album_id, name, duration_seconds, bpm, track_number) VALUES (347, 46, 'There final carry', 264, 83, 2);
INSERT INTO song (song_id, album_id, name, duration_seconds, bpm, track_number) VALUES (348, 46, 'Short admit president', 254, 108, 3);
INSERT INTO song (song_id, album_id, name, duration_seconds, bpm, track_number) VALUES (349, 46, 'Television', 269, 72, 4);
INSERT INTO song (song_id, album_id, name, duration_seconds, bpm, track_number) VALUES (350, 46, 'Activity sing three', 312, 129, 5);
INSERT INTO song (song_id, album_id, name, duration_seconds, bpm, track_number) VALUES (351, 46, 'Speech write region', 378, 158, 6);
INSERT INTO song (song_id, album_id, name, duration_seconds, bpm, track_number) VALUES (352, 46, 'Identify', 142, 139, 7);
INSERT INTO album (album_id, artist_id, title, release_year, created_at) VALUES (47, 23, 'Reduced 4thgeneration success', 2000, NOW());
INSERT INTO song (song_id, album_id, name, duration_seconds, bpm, track_number) VALUES (353, 47, 'Away', 236, 164, 1);
INSERT INTO song (song_id, album_id, name, duration_seconds, bpm, track_number) VALUES (354, 47, 'Article', 436, 167, 2);
INSERT INTO song (song_id, album_id, name, duration_seconds, bpm, track_number) VALUES (355, 47, 'Look', 215, 61, 3);
INSERT INTO song (song_id, album_id, name, duration_seconds, bpm, track_number) VALUES (356, 47, 'Price', 209, 63, 4);
INSERT INTO song (song_id, album_id, name, duration_seconds, bpm, track_number) VALUES (357, 47, 'Half', 364, 90, 5);
INSERT INTO song (song_id, album_id, name, duration_seconds, bpm, track_number) VALUES (358, 47, 'Give item', 217, 123, 6);
INSERT INTO song (song_id, album_id, name, duration_seconds, bpm, track_number) VALUES (359, 47, 'After', 337, 74, 7);
INSERT INTO album (album_id, artist_id, title, release_year, created_at) VALUES (48, 23, 'Fully-configurable intermediate array', 2025, NOW());
INSERT INTO song (song_id, album_id, name, duration_seconds, bpm, track_number) VALUES (360, 48, 'Decision prove chance', 394, 179, 1);
INSERT INTO song (song_id, album_id, name, duration_seconds, bpm, track_number) VALUES (361, 48, 'Report', 329, 131, 2);
INSERT INTO song (song_id, album_id, name, duration_seconds, bpm, track_number) VALUES (362, 48, 'Senior', 311, 101, 3);
INSERT INTO song (song_id, album_id, name, duration_seconds, bpm, track_number) VALUES (363, 48, 'Generation', 200, 136, 4);
INSERT INTO song (song_id, album_id, name, duration_seconds, bpm, track_number) VALUES (364, 48, 'Bad less American', 220, 73, 5);
INSERT INTO song (song_id, album_id, name, duration_seconds, bpm, track_number) VALUES (365, 48, 'Newspaper', 191, 136, 6);
INSERT INTO song (song_id, album_id, name, duration_seconds, bpm, track_number) VALUES (366, 48, 'Person human meeting', 204, 81, 7);
INSERT INTO song (song_id, album_id, name, duration_seconds, bpm, track_number) VALUES (367, 48, 'People', 437, 148, 8);
INSERT INTO album (album_id, artist_id, title, release_year, created_at) VALUES (49, 24, 'Configurable intermediate definition', 2022, NOW());
INSERT INTO song (song_id, album_id, name, duration_seconds, bpm, track_number) VALUES (368, 49, 'Middle my likely', 375, 63, 1);
INSERT INTO song (song_id, album_id, name, duration_seconds, bpm, track_number) VALUES (369, 49, 'Easy', 162, 83, 2);
INSERT INTO song (song_id, album_id, name, duration_seconds, bpm, track_number) VALUES (370, 49, 'Own set', 221, 74, 3);
INSERT INTO song (song_id, album_id, name, duration_seconds, bpm, track_number) VALUES (371, 49, 'Degree', 301, 69, 4);
INSERT INTO song (song_id, album_id, name, duration_seconds, bpm, track_number) VALUES (372, 49, 'Go across strategy', 251, 142, 5);
INSERT INTO album (album_id, artist_id, title, release_year, created_at) VALUES (50, 24, 'Team-oriented dynamic database', 2016, NOW());
INSERT INTO song (song_id, album_id, name, duration_seconds, bpm, track_number) VALUES (373, 50, 'Gas argue sing together', 197, 137, 1);
INSERT INTO song (song_id, album_id, name, duration_seconds, bpm, track_number) VALUES (374, 50, 'Dog', 448, 81, 2);
INSERT INTO song (song_id, album_id, name, duration_seconds, bpm, track_number) VALUES (375, 50, 'Mind easy', 414, 166, 3);
INSERT INTO song (song_id, album_id, name, duration_seconds, bpm, track_number) VALUES (376, 50, 'Performance ago middle member', 405, 63, 4);
INSERT INTO song (song_id, album_id, name, duration_seconds, bpm, track_number) VALUES (377, 50, 'Thousand catch name', 341, 106, 5);
INSERT INTO song (song_id, album_id, name, duration_seconds, bpm, track_number) VALUES (378, 50, 'Foot American', 418, 152, 6);
INSERT INTO song (song_id, album_id, name, duration_seconds, bpm, track_number) VALUES (379, 50, 'Boy start increase PM positive', 441, 137, 7);
INSERT INTO song (song_id, album_id, name, duration_seconds, bpm, track_number) VALUES (380, 50, 'Best network', 220, 82, 8);
INSERT INTO song (song_id, album_id, name, duration_seconds, bpm, track_number) VALUES (381, 50, 'Ball', 256, 96, 9);
INSERT INTO album (album_id, artist_id, title, release_year, created_at) VALUES (51, 25, 'Compatible logistical alliance', 2019, NOW());
INSERT INTO song (song_id, album_id, name, duration_seconds, bpm, track_number) VALUES (382, 51, 'Recently yes speech', 315, 64, 1);
INSERT INTO song (song_id, album_id, name, duration_seconds, bpm, track_number) VALUES (383, 51, 'Like', 208, 102, 2);
INSERT INTO song (song_id, album_id, name, duration_seconds, bpm, track_number) VALUES (384, 51, 'Right stuff', 185, 76, 3);
INSERT INTO song (song_id, album_id, name, duration_seconds, bpm, track_number) VALUES (385, 51, 'Ever office', 227, 132, 4);
INSERT INTO song (song_id, album_id, name, duration_seconds, bpm, track_number) VALUES (386, 51, 'Open', 374, 79, 5);
INSERT INTO song (song_id, album_id, name, duration_seconds, bpm, track_number) VALUES (387, 51, 'Past', 240, 105, 6);
INSERT INTO song (song_id, album_id, name, duration_seconds, bpm, track_number) VALUES (388, 51, 'Democrat', 351, 81, 7);
INSERT INTO album (album_id, artist_id, title, release_year, created_at) VALUES (52, 25, 'Balanced attitude-oriented conglomeration', 2015, NOW());
INSERT INTO song (song_id, album_id, name, duration_seconds, bpm, track_number) VALUES (389, 52, 'When', 417, 78, 1);
INSERT INTO song (song_id, album_id, name, duration_seconds, bpm, track_number) VALUES (390, 52, 'Several home', 130, 61, 2);
INSERT INTO song (song_id, album_id, name, duration_seconds, bpm, track_number) VALUES (391, 52, 'Model', 380, 153, 3);
INSERT INTO song (song_id, album_id, name, duration_seconds, bpm, track_number) VALUES (392, 52, 'Back', 386, 141, 4);
INSERT INTO song (song_id, album_id, name, duration_seconds, bpm, track_number) VALUES (393, 52, 'Again', 166, 171, 5);
INSERT INTO song (song_id, album_id, name, duration_seconds, bpm, track_number) VALUES (394, 52, 'Article', 251, 108, 6);
INSERT INTO song (song_id, album_id, name, duration_seconds, bpm, track_number) VALUES (395, 52, 'Partner third call coach', 141, 145, 7);
INSERT INTO album (album_id, artist_id, title, release_year, created_at) VALUES (53, 25, 'Programmable cohesive algorithm', 1984, NOW());
INSERT INTO song (song_id, album_id, name, duration_seconds, bpm, track_number) VALUES (396, 53, 'State ask', 142, 147, 1);
INSERT INTO song (song_id, album_id, name, duration_seconds, bpm, track_number) VALUES (397, 53, 'Floor', 229, 103, 2);
INSERT INTO song (song_id, album_id, name, duration_seconds, bpm, track_number) VALUES (398, 53, 'Strong body treat security', 275, 77, 3);
INSERT INTO song (song_id, album_id, name, duration_seconds, bpm, track_number) VALUES (399, 53, 'Outside level likely tree', 146, 63, 4);
INSERT INTO song (song_id, album_id, name, duration_seconds, bpm, track_number) VALUES (400, 53, 'Alone above woman employee truth', 335, 74, 5);
INSERT INTO song (song_id, album_id, name, duration_seconds, bpm, track_number) VALUES (401, 53, 'Around every save season decision', 234, 150, 6);
INSERT INTO song (song_id, album_id, name, duration_seconds, bpm, track_number) VALUES (402, 53, 'Box you trial', 313, 125, 7);
INSERT INTO song (song_id, album_id, name, duration_seconds, bpm, track_number) VALUES (403, 53, 'Since despite', 226, 128, 8);
INSERT INTO album (album_id, artist_id, title, release_year, created_at) VALUES (54, 26, 'Ameliorated next generation function', 2010, NOW());
INSERT INTO song (song_id, album_id, name, duration_seconds, bpm, track_number) VALUES (404, 54, 'Move accept during', 395, 95, 1);
INSERT INTO song (song_id, album_id, name, duration_seconds, bpm, track_number) VALUES (405, 54, 'Participant perhaps', 438, 103, 2);
INSERT INTO song (song_id, album_id, name, duration_seconds, bpm, track_number) VALUES (406, 54, 'Threat', 191, 118, 3);
INSERT INTO song (song_id, album_id, name, duration_seconds, bpm, track_number) VALUES (407, 54, 'They charge house', 377, 86, 4);
INSERT INTO song (song_id, album_id, name, duration_seconds, bpm, track_number) VALUES (408, 54, 'Hour recently environmental continue', 347, 89, 5);
INSERT INTO song (song_id, album_id, name, duration_seconds, bpm, track_number) VALUES (409, 54, 'Join man', 302, 110, 6);
INSERT INTO song (song_id, album_id, name, duration_seconds, bpm, track_number) VALUES (410, 54, 'College', 242, 72, 7);
INSERT INTO song (song_id, album_id, name, duration_seconds, bpm, track_number) VALUES (411, 54, 'Industry', 328, 65, 8);
INSERT INTO song (song_id, album_id, name, duration_seconds, bpm, track_number) VALUES (412, 54, 'Morning son', 255, 165, 9);
INSERT INTO album (album_id, artist_id, title, release_year, created_at) VALUES (55, 26, 'Down-sized optimal artificial intelligence', 2002, NOW());
INSERT INTO song (song_id, album_id, name, duration_seconds, bpm, track_number) VALUES (413, 55, 'Happen main most attack', 134, 74, 1);
INSERT INTO song (song_id, album_id, name, duration_seconds, bpm, track_number) VALUES (414, 55, 'Until your specific compare me', 181, 153, 2);
INSERT INTO song (song_id, album_id, name, duration_seconds, bpm, track_number) VALUES (415, 55, 'Family body analysis shake none', 274, 99, 3);
INSERT INTO song (song_id, album_id, name, duration_seconds, bpm, track_number) VALUES (416, 55, 'Girl turn according', 259, 93, 4);
INSERT INTO song (song_id, album_id, name, duration_seconds, bpm, track_number) VALUES (417, 55, 'Probably', 327, 120, 5);
INSERT INTO song (song_id, album_id, name, duration_seconds, bpm, track_number) VALUES (418, 55, 'Voice', 403, 160, 6);
INSERT INTO song (song_id, album_id, name, duration_seconds, bpm, track_number) VALUES (419, 55, 'Perhaps', 290, 77, 7);
INSERT INTO song (song_id, album_id, name, duration_seconds, bpm, track_number) VALUES (420, 55, 'Choose', 233, 77, 8);
INSERT INTO song (song_id, album_id, name, duration_seconds, bpm, track_number) VALUES (421, 55, 'Song', 172, 162, 9);
INSERT INTO song (song_id, album_id, name, duration_seconds, bpm, track_number) VALUES (422, 55, 'Quality', 260, 140, 10);
INSERT INTO album (album_id, artist_id, title, release_year, created_at) VALUES (56, 26, 'Polarized mobile database', 2005, NOW());
INSERT INTO song (song_id, album_id, name, duration_seconds, bpm, track_number) VALUES (423, 56, 'Reflect card', 306, 78, 1);
INSERT INTO song (song_id, album_id, name, duration_seconds, bpm, track_number) VALUES (424, 56, 'Star', 302, 114, 2);
INSERT INTO song (song_id, album_id, name, duration_seconds, bpm, track_number) VALUES (425, 56, 'Just message', 407, 79, 3);
INSERT INTO song (song_id, album_id, name, duration_seconds, bpm, track_number) VALUES (426, 56, 'Yet career hit', 184, 172, 4);
INSERT INTO song (song_id, album_id, name, duration_seconds, bpm, track_number) VALUES (427, 56, 'Likely', 284, 139, 5);
INSERT INTO song (song_id, album_id, name, duration_seconds, bpm, track_number) VALUES (428, 56, 'Stand when ever write', 346, 152, 6);
INSERT INTO song (song_id, album_id, name, duration_seconds, bpm, track_number) VALUES (429, 56, 'Talk table', 455, 118, 7);
INSERT INTO song (song_id, album_id, name, duration_seconds, bpm, track_number) VALUES (430, 56, 'Pattern', 455, 93, 8);
INSERT INTO song (song_id, album_id, name, duration_seconds, bpm, track_number) VALUES (431, 56, 'Drop something know', 192, 177, 9);
INSERT INTO song (song_id, album_id, name, duration_seconds, bpm, track_number) VALUES (432, 56, 'Much', 172, 146, 10);
INSERT INTO album (album_id, artist_id, title, release_year, created_at) VALUES (57, 27, 'Synergistic leadingedge moderator', 2012, NOW());
INSERT INTO song (song_id, album_id, name, duration_seconds, bpm, track_number) VALUES (433, 57, 'Pretty add shoulder design issue', 431, 114, 1);
INSERT INTO song (song_id, album_id, name, duration_seconds, bpm, track_number) VALUES (434, 57, 'Total successful', 254, 164, 2);
INSERT INTO song (song_id, album_id, name, duration_seconds, bpm, track_number) VALUES (435, 57, 'Air show scientist', 445, 147, 3);
INSERT INTO song (song_id, album_id, name, duration_seconds, bpm, track_number) VALUES (436, 57, 'Expect news see', 283, 145, 4);
INSERT INTO song (song_id, album_id, name, duration_seconds, bpm, track_number) VALUES (437, 57, 'Spring', 388, 106, 5);
INSERT INTO song (song_id, album_id, name, duration_seconds, bpm, track_number) VALUES (438, 57, 'Boy project represent only organization', 359, 85, 6);
INSERT INTO song (song_id, album_id, name, duration_seconds, bpm, track_number) VALUES (439, 57, 'Week ask', 451, 70, 7);
INSERT INTO song (song_id, album_id, name, duration_seconds, bpm, track_number) VALUES (440, 57, 'Practice', 229, 131, 8);
INSERT INTO song (song_id, album_id, name, duration_seconds, bpm, track_number) VALUES (441, 57, 'Treat nearly', 240, 130, 9);
INSERT INTO song (song_id, album_id, name, duration_seconds, bpm, track_number) VALUES (442, 57, 'Energy', 287, 147, 10);
INSERT INTO album (album_id, artist_id, title, release_year, created_at) VALUES (58, 27, 'Public-key zero tolerance alliance', 2009, NOW());
INSERT INTO song (song_id, album_id, name, duration_seconds, bpm, track_number) VALUES (443, 58, 'Military', 449, 109, 1);
INSERT INTO song (song_id, album_id, name, duration_seconds, bpm, track_number) VALUES (444, 58, 'Trip', 126, 149, 2);
INSERT INTO song (song_id, album_id, name, duration_seconds, bpm, track_number) VALUES (445, 58, 'Floor', 261, 176, 3);
INSERT INTO song (song_id, album_id, name, duration_seconds, bpm, track_number) VALUES (446, 58, 'Blood boy', 149, 77, 4);
INSERT INTO song (song_id, album_id, name, duration_seconds, bpm, track_number) VALUES (447, 58, 'Now local', 417, 141, 5);
INSERT INTO album (album_id, artist_id, title, release_year, created_at) VALUES (59, 28, 'Multi-lateral object-oriented software', 2011, NOW());
INSERT INTO song (song_id, album_id, name, duration_seconds, bpm, track_number) VALUES (448, 59, 'Both special choice', 454, 74, 1);
INSERT INTO song (song_id, album_id, name, duration_seconds, bpm, track_number) VALUES (449, 59, 'Former', 286, 129, 2);
INSERT INTO song (song_id, album_id, name, duration_seconds, bpm, track_number) VALUES (450, 59, 'Book', 143, 171, 3);
INSERT INTO song (song_id, album_id, name, duration_seconds, bpm, track_number) VALUES (451, 59, 'Drive', 226, 155, 4);
INSERT INTO song (song_id, album_id, name, duration_seconds, bpm, track_number) VALUES (452, 59, 'Institution drug contain', 292, 133, 5);
INSERT INTO song (song_id, album_id, name, duration_seconds, bpm, track_number) VALUES (453, 59, 'Try', 140, 169, 6);
INSERT INTO song (song_id, album_id, name, duration_seconds, bpm, track_number) VALUES (454, 59, 'Product', 295, 162, 7);
INSERT INTO album (album_id, artist_id, title, release_year, created_at) VALUES (60, 28, 'Down-sized attitude-oriented workforce', 1988, NOW());
INSERT INTO song (song_id, album_id, name, duration_seconds, bpm, track_number) VALUES (455, 60, 'Price like', 263, 146, 1);
INSERT INTO song (song_id, album_id, name, duration_seconds, bpm, track_number) VALUES (456, 60, 'Drop turn', 213, 170, 2);
INSERT INTO song (song_id, album_id, name, duration_seconds, bpm, track_number) VALUES (457, 60, 'Measure', 206, 79, 3);
INSERT INTO song (song_id, album_id, name, duration_seconds, bpm, track_number) VALUES (458, 60, 'Else general paper same', 227, 82, 4);
INSERT INTO song (song_id, album_id, name, duration_seconds, bpm, track_number) VALUES (459, 60, 'Investment seek', 423, 83, 5);
INSERT INTO song (song_id, album_id, name, duration_seconds, bpm, track_number) VALUES (460, 60, 'Fly thought discussion', 212, 160, 6);
INSERT INTO song (song_id, album_id, name, duration_seconds, bpm, track_number) VALUES (461, 60, 'Without pretty exist', 165, 128, 7);
INSERT INTO album (album_id, artist_id, title, release_year, created_at) VALUES (61, 29, 'Re-contextualized radical model', 1987, NOW());
INSERT INTO song (song_id, album_id, name, duration_seconds, bpm, track_number) VALUES (462, 61, 'Consider training little sit', 287, 112, 1);
INSERT INTO song (song_id, album_id, name, duration_seconds, bpm, track_number) VALUES (463, 61, 'Land', 404, 161, 2);
INSERT INTO song (song_id, album_id, name, duration_seconds, bpm, track_number) VALUES (464, 61, 'Capital', 186, 130, 3);
INSERT INTO song (song_id, album_id, name, duration_seconds, bpm, track_number) VALUES (465, 61, 'Nation look economic', 384, 168, 4);
INSERT INTO song (song_id, album_id, name, duration_seconds, bpm, track_number) VALUES (466, 61, 'History', 368, 144, 5);
INSERT INTO song (song_id, album_id, name, duration_seconds, bpm, track_number) VALUES (467, 61, 'View few quality audience', 359, 152, 6);
INSERT INTO song (song_id, album_id, name, duration_seconds, bpm, track_number) VALUES (468, 61, 'Indeed fear camera', 332, 141, 7);
INSERT INTO album (album_id, artist_id, title, release_year, created_at) VALUES (62, 29, 'Integrated even-keeled concept', 1996, NOW());
INSERT INTO song (song_id, album_id, name, duration_seconds, bpm, track_number) VALUES (469, 62, 'Now', 369, 132, 1);
INSERT INTO song (song_id, album_id, name, duration_seconds, bpm, track_number) VALUES (470, 62, 'Defense field', 358, 65, 2);
INSERT INTO song (song_id, album_id, name, duration_seconds, bpm, track_number) VALUES (471, 62, 'Provide', 375, 127, 3);
INSERT INTO song (song_id, album_id, name, duration_seconds, bpm, track_number) VALUES (472, 62, 'Together', 234, 117, 4);
INSERT INTO song (song_id, album_id, name, duration_seconds, bpm, track_number) VALUES (473, 62, 'Final north', 473, 123, 5);
INSERT INTO song (song_id, album_id, name, duration_seconds, bpm, track_number) VALUES (474, 62, 'Stay land', 284, 124, 6);
INSERT INTO song (song_id, album_id, name, duration_seconds, bpm, track_number) VALUES (475, 62, 'Soon', 233, 156, 7);
INSERT INTO album (album_id, artist_id, title, release_year, created_at) VALUES (63, 30, 'Programmable mission-critical product', 2024, NOW());
INSERT INTO song (song_id, album_id, name, duration_seconds, bpm, track_number) VALUES (476, 63, 'Draw', 197, 105, 1);
INSERT INTO song (song_id, album_id, name, duration_seconds, bpm, track_number) VALUES (477, 63, 'Ahead career step institution', 261, 66, 2);
INSERT INTO song (song_id, album_id, name, duration_seconds, bpm, track_number) VALUES (478, 63, 'Particularly sea question before', 141, 176, 3);
INSERT INTO song (song_id, album_id, name, duration_seconds, bpm, track_number) VALUES (479, 63, 'President pattern bar performance child', 343, 82, 4);
INSERT INTO song (song_id, album_id, name, duration_seconds, bpm, track_number) VALUES (480, 63, 'Body economy', 199, 174, 5);
INSERT INTO song (song_id, album_id, name, duration_seconds, bpm, track_number) VALUES (481, 63, 'Institution', 437, 67, 6);
INSERT INTO song (song_id, album_id, name, duration_seconds, bpm, track_number) VALUES (482, 63, 'Admit before', 452, 120, 7);
INSERT INTO song (song_id, album_id, name, duration_seconds, bpm, track_number) VALUES (483, 63, 'Reduce dinner two', 164, 109, 8);
INSERT INTO song (song_id, album_id, name, duration_seconds, bpm, track_number) VALUES (484, 63, 'Act down respond', 146, 106, 9);
INSERT INTO song (song_id, album_id, name, duration_seconds, bpm, track_number) VALUES (485, 63, 'Other nearly yeah', 404, 85, 10);
INSERT INTO album (album_id, artist_id, title, release_year, created_at) VALUES (64, 30, 'Ergonomic logistical array', 2003, NOW());
INSERT INTO song (song_id, album_id, name, duration_seconds, bpm, track_number) VALUES (486, 64, 'Case', 174, 148, 1);
INSERT INTO song (song_id, album_id, name, duration_seconds, bpm, track_number) VALUES (487, 64, 'Without less', 283, 152, 2);
INSERT INTO song (song_id, album_id, name, duration_seconds, bpm, track_number) VALUES (488, 64, 'Suffer if beyond', 359, 133, 3);
INSERT INTO song (song_id, album_id, name, duration_seconds, bpm, track_number) VALUES (489, 64, 'Fight word', 206, 174, 4);
INSERT INTO song (song_id, album_id, name, duration_seconds, bpm, track_number) VALUES (490, 64, 'Game think', 322, 139, 5);
INSERT INTO song (song_id, album_id, name, duration_seconds, bpm, track_number) VALUES (491, 64, 'Tax matter central value', 149, 154, 6);
INSERT INTO song (song_id, album_id, name, duration_seconds, bpm, track_number) VALUES (492, 64, 'Forward how', 269, 143, 7);
INSERT INTO album (album_id, artist_id, title, release_year, created_at) VALUES (65, 31, 'Visionary uniform extranet', 1998, NOW());
INSERT INTO song (song_id, album_id, name, duration_seconds, bpm, track_number) VALUES (493, 65, 'Office pass possible', 230, 140, 1);
INSERT INTO song (song_id, album_id, name, duration_seconds, bpm, track_number) VALUES (494, 65, 'Arrive', 408, 108, 2);
INSERT INTO song (song_id, album_id, name, duration_seconds, bpm, track_number) VALUES (495, 65, 'Figure site business', 132, 168, 3);
INSERT INTO song (song_id, album_id, name, duration_seconds, bpm, track_number) VALUES (496, 65, 'Serious', 375, 72, 4);
INSERT INTO song (song_id, album_id, name, duration_seconds, bpm, track_number) VALUES (497, 65, 'Production perhaps', 288, 166, 5);
INSERT INTO song (song_id, album_id, name, duration_seconds, bpm, track_number) VALUES (498, 65, 'See', 403, 165, 6);
INSERT INTO song (song_id, album_id, name, duration_seconds, bpm, track_number) VALUES (499, 65, 'Free', 174, 84, 7);
INSERT INTO song (song_id, album_id, name, duration_seconds, bpm, track_number) VALUES (500, 65, 'Society between radio reduce', 147, 98, 8);
INSERT INTO album (album_id, artist_id, title, release_year, created_at) VALUES (66, 31, 'Realigned web-enabled workforce', 1972, NOW());
INSERT INTO song (song_id, album_id, name, duration_seconds, bpm, track_number) VALUES (501, 66, 'Summer', 388, 124, 1);
INSERT INTO song (song_id, album_id, name, duration_seconds, bpm, track_number) VALUES (502, 66, 'Future', 173, 124, 2);
INSERT INTO song (song_id, album_id, name, duration_seconds, bpm, track_number) VALUES (503, 66, 'Individual issue', 228, 80, 3);
INSERT INTO song (song_id, album_id, name, duration_seconds, bpm, track_number) VALUES (504, 66, 'Either minute', 421, 177, 4);
INSERT INTO song (song_id, album_id, name, duration_seconds, bpm, track_number) VALUES (505, 66, 'Blue myself', 315, 108, 5);
INSERT INTO song (song_id, album_id, name, duration_seconds, bpm, track_number) VALUES (506, 66, 'Better life', 243, 178, 6);
INSERT INTO album (album_id, artist_id, title, release_year, created_at) VALUES (67, 32, 'Mandatory web-enabled knowledgebase', 1970, NOW());
INSERT INTO song (song_id, album_id, name, duration_seconds, bpm, track_number) VALUES (507, 67, 'Religious', 400, 164, 1);
INSERT INTO song (song_id, album_id, name, duration_seconds, bpm, track_number) VALUES (508, 67, 'Let five', 448, 74, 2);
INSERT INTO song (song_id, album_id, name, duration_seconds, bpm, track_number) VALUES (509, 67, 'Throw', 194, 104, 3);
INSERT INTO song (song_id, album_id, name, duration_seconds, bpm, track_number) VALUES (510, 67, 'Station', 298, 89, 4);
INSERT INTO song (song_id, album_id, name, duration_seconds, bpm, track_number) VALUES (511, 67, 'Best still during', 301, 73, 5);
INSERT INTO song (song_id, album_id, name, duration_seconds, bpm, track_number) VALUES (512, 67, 'Far', 249, 84, 6);
INSERT INTO song (song_id, album_id, name, duration_seconds, bpm, track_number) VALUES (513, 67, 'Item without agreement why', 156, 178, 7);
INSERT INTO song (song_id, album_id, name, duration_seconds, bpm, track_number) VALUES (514, 67, 'Prove', 428, 108, 8);
INSERT INTO song (song_id, album_id, name, duration_seconds, bpm, track_number) VALUES (515, 67, 'Kitchen open federal', 405, 169, 9);
INSERT INTO album (album_id, artist_id, title, release_year, created_at) VALUES (68, 32, 'Multi-lateral transitional productivity', 1995, NOW());
INSERT INTO song (song_id, album_id, name, duration_seconds, bpm, track_number) VALUES (516, 68, 'Worker', 313, 146, 1);
INSERT INTO song (song_id, album_id, name, duration_seconds, bpm, track_number) VALUES (517, 68, 'Safe', 124, 105, 2);
INSERT INTO song (song_id, album_id, name, duration_seconds, bpm, track_number) VALUES (518, 68, 'Music marriage', 228, 160, 3);
INSERT INTO song (song_id, album_id, name, duration_seconds, bpm, track_number) VALUES (519, 68, 'Reflect', 269, 119, 4);
INSERT INTO song (song_id, album_id, name, duration_seconds, bpm, track_number) VALUES (520, 68, 'Either', 362, 111, 5);
INSERT INTO song (song_id, album_id, name, duration_seconds, bpm, track_number) VALUES (521, 68, 'Certain', 436, 88, 6);
INSERT INTO song (song_id, album_id, name, duration_seconds, bpm, track_number) VALUES (522, 68, 'Democrat', 294, 137, 7);
INSERT INTO song (song_id, album_id, name, duration_seconds, bpm, track_number) VALUES (523, 68, 'Consider believe', 193, 112, 8);
INSERT INTO song (song_id, album_id, name, duration_seconds, bpm, track_number) VALUES (524, 68, 'Congress whom', 475, 180, 9);
INSERT INTO album (album_id, artist_id, title, release_year, created_at) VALUES (69, 33, 'Team-oriented analyzing forecast', 2015, NOW());
INSERT INTO song (song_id, album_id, name, duration_seconds, bpm, track_number) VALUES (525, 69, 'View south positive allow', 362, 70, 1);
INSERT INTO song (song_id, album_id, name, duration_seconds, bpm, track_number) VALUES (526, 69, 'Yourself which interest represent', 423, 89, 2);
INSERT INTO song (song_id, album_id, name, duration_seconds, bpm, track_number) VALUES (527, 69, 'Maybe', 299, 121, 3);
INSERT INTO song (song_id, album_id, name, duration_seconds, bpm, track_number) VALUES (528, 69, 'Whether respond he', 321, 158, 4);
INSERT INTO song (song_id, album_id, name, duration_seconds, bpm, track_number) VALUES (529, 69, 'Even risk', 323, 72, 5);
INSERT INTO album (album_id, artist_id, title, release_year, created_at) VALUES (70, 33, 'Streamlined composite product', 1988, NOW());
INSERT INTO song (song_id, album_id, name, duration_seconds, bpm, track_number) VALUES (530, 70, 'Where case', 237, 108, 1);
INSERT INTO song (song_id, album_id, name, duration_seconds, bpm, track_number) VALUES (531, 70, 'History', 313, 166, 2);
INSERT INTO song (song_id, album_id, name, duration_seconds, bpm, track_number) VALUES (532, 70, 'President', 208, 120, 3);
INSERT INTO song (song_id, album_id, name, duration_seconds, bpm, track_number) VALUES (533, 70, 'Whole dinner beautiful', 228, 162, 4);
INSERT INTO song (song_id, album_id, name, duration_seconds, bpm, track_number) VALUES (534, 70, 'Parent now', 375, 161, 5);
INSERT INTO song (song_id, album_id, name, duration_seconds, bpm, track_number) VALUES (535, 70, 'Tree my lead fine let', 425, 143, 6);
INSERT INTO song (song_id, album_id, name, duration_seconds, bpm, track_number) VALUES (536, 70, 'Industry', 223, 129, 7);
INSERT INTO song (song_id, album_id, name, duration_seconds, bpm, track_number) VALUES (537, 70, 'Peace science', 353, 111, 8);
INSERT INTO album (album_id, artist_id, title, release_year, created_at) VALUES (71, 33, 'Cloned content-based functionalities', 1976, NOW());
INSERT INTO song (song_id, album_id, name, duration_seconds, bpm, track_number) VALUES (538, 71, 'Worry establish information', 345, 160, 1);
INSERT INTO song (song_id, album_id, name, duration_seconds, bpm, track_number) VALUES (539, 71, 'Both campaign', 292, 112, 2);
INSERT INTO song (song_id, album_id, name, duration_seconds, bpm, track_number) VALUES (540, 71, 'Never', 263, 141, 3);
INSERT INTO song (song_id, album_id, name, duration_seconds, bpm, track_number) VALUES (541, 71, 'Health', 345, 159, 4);
INSERT INTO song (song_id, album_id, name, duration_seconds, bpm, track_number) VALUES (542, 71, 'Daughter', 435, 99, 5);
INSERT INTO album (album_id, artist_id, title, release_year, created_at) VALUES (72, 34, 'Configurable national project', 2021, NOW());
INSERT INTO song (song_id, album_id, name, duration_seconds, bpm, track_number) VALUES (543, 72, 'Attorney', 129, 90, 1);
INSERT INTO song (song_id, album_id, name, duration_seconds, bpm, track_number) VALUES (544, 72, 'Action hand', 316, 108, 2);
INSERT INTO song (song_id, album_id, name, duration_seconds, bpm, track_number) VALUES (545, 72, 'Yourself', 163, 173, 3);
INSERT INTO song (song_id, album_id, name, duration_seconds, bpm, track_number) VALUES (546, 72, 'Around pretty despite', 133, 137, 4);
INSERT INTO song (song_id, album_id, name, duration_seconds, bpm, track_number) VALUES (547, 72, 'School whatever kind', 234, 89, 5);
INSERT INTO song (song_id, album_id, name, duration_seconds, bpm, track_number) VALUES (548, 72, 'Product gun', 370, 142, 6);
INSERT INTO album (album_id, artist_id, title, release_year, created_at) VALUES (73, 34, 'Open-source encompassing installation', 1970, NOW());
INSERT INTO song (song_id, album_id, name, duration_seconds, bpm, track_number) VALUES (549, 73, 'Night according', 317, 121, 1);
INSERT INTO song (song_id, album_id, name, duration_seconds, bpm, track_number) VALUES (550, 73, 'Maybe road add', 269, 122, 2);
INSERT INTO song (song_id, album_id, name, duration_seconds, bpm, track_number) VALUES (551, 73, 'Particularly', 215, 137, 3);
INSERT INTO song (song_id, album_id, name, duration_seconds, bpm, track_number) VALUES (552, 73, 'City including', 404, 106, 4);
INSERT INTO song (song_id, album_id, name, duration_seconds, bpm, track_number) VALUES (553, 73, 'Modern crime', 348, 115, 5);
INSERT INTO song (song_id, album_id, name, duration_seconds, bpm, track_number) VALUES (554, 73, 'Near risk', 442, 154, 6);
INSERT INTO song (song_id, album_id, name, duration_seconds, bpm, track_number) VALUES (555, 73, 'Enjoy', 431, 66, 7);
INSERT INTO song (song_id, album_id, name, duration_seconds, bpm, track_number) VALUES (556, 73, 'Land performance', 475, 96, 8);
INSERT INTO song (song_id, album_id, name, duration_seconds, bpm, track_number) VALUES (557, 73, 'Contain adult officer white report', 329, 84, 9);
INSERT INTO album (album_id, artist_id, title, release_year, created_at) VALUES (74, 35, 'Team-oriented attitude-oriented adapter', 1982, NOW());
INSERT INTO song (song_id, album_id, name, duration_seconds, bpm, track_number) VALUES (558, 74, 'Alone item stock', 279, 137, 1);
INSERT INTO song (song_id, album_id, name, duration_seconds, bpm, track_number) VALUES (559, 74, 'Off community probably resource', 371, 60, 2);
INSERT INTO song (song_id, album_id, name, duration_seconds, bpm, track_number) VALUES (560, 74, 'Up kid', 313, 151, 3);
INSERT INTO song (song_id, album_id, name, duration_seconds, bpm, track_number) VALUES (561, 74, 'Store', 439, 168, 4);
INSERT INTO song (song_id, album_id, name, duration_seconds, bpm, track_number) VALUES (562, 74, 'Level represent than not', 211, 125, 5);
INSERT INTO song (song_id, album_id, name, duration_seconds, bpm, track_number) VALUES (563, 74, 'Pretty', 433, 126, 6);
INSERT INTO album (album_id, artist_id, title, release_year, created_at) VALUES (75, 36, 'Proactive scalable service-desk', 1988, NOW());
INSERT INTO song (song_id, album_id, name, duration_seconds, bpm, track_number) VALUES (564, 75, 'Both page specific at', 382, 145, 1);
INSERT INTO song (song_id, album_id, name, duration_seconds, bpm, track_number) VALUES (565, 75, 'Information international speech', 327, 144, 2);
INSERT INTO song (song_id, album_id, name, duration_seconds, bpm, track_number) VALUES (566, 75, 'Go expert', 319, 75, 3);
INSERT INTO song (song_id, album_id, name, duration_seconds, bpm, track_number) VALUES (567, 75, 'Course', 205, 156, 4);
INSERT INTO song (song_id, album_id, name, duration_seconds, bpm, track_number) VALUES (568, 75, 'Like', 471, 169, 5);
INSERT INTO song (song_id, album_id, name, duration_seconds, bpm, track_number) VALUES (569, 75, 'Hospital nearly ten', 171, 179, 6);
INSERT INTO album (album_id, artist_id, title, release_year, created_at) VALUES (76, 36, 'Phased 4thgeneration encoding', 2022, NOW());
INSERT INTO song (song_id, album_id, name, duration_seconds, bpm, track_number) VALUES (570, 76, 'Provide seven prove', 395, 68, 1);
INSERT INTO song (song_id, album_id, name, duration_seconds, bpm, track_number) VALUES (571, 76, 'Prepare now', 213, 77, 2);
INSERT INTO song (song_id, album_id, name, duration_seconds, bpm, track_number) VALUES (572, 76, 'Dark', 299, 166, 3);
INSERT INTO song (song_id, album_id, name, duration_seconds, bpm, track_number) VALUES (573, 76, 'Computer along', 226, 111, 4);
INSERT INTO song (song_id, album_id, name, duration_seconds, bpm, track_number) VALUES (574, 76, 'Able make', 469, 90, 5);
INSERT INTO song (song_id, album_id, name, duration_seconds, bpm, track_number) VALUES (575, 76, 'Accept late school', 355, 139, 6);
INSERT INTO song (song_id, album_id, name, duration_seconds, bpm, track_number) VALUES (576, 76, 'Prove beyond heavy important agree', 150, 95, 7);
INSERT INTO song (song_id, album_id, name, duration_seconds, bpm, track_number) VALUES (577, 76, 'Receive cultural', 232, 79, 8);
INSERT INTO song (song_id, album_id, name, duration_seconds, bpm, track_number) VALUES (578, 76, 'Floor true accept', 433, 68, 9);
INSERT INTO song (song_id, album_id, name, duration_seconds, bpm, track_number) VALUES (579, 76, 'Already', 386, 153, 10);
INSERT INTO album (album_id, artist_id, title, release_year, created_at) VALUES (77, 37, 'Progressive next generation architecture', 2011, NOW());
INSERT INTO song (song_id, album_id, name, duration_seconds, bpm, track_number) VALUES (580, 77, 'Rise', 312, 79, 1);
INSERT INTO song (song_id, album_id, name, duration_seconds, bpm, track_number) VALUES (581, 77, 'Teach major give', 263, 138, 2);
INSERT INTO song (song_id, album_id, name, duration_seconds, bpm, track_number) VALUES (582, 77, 'Serious', 184, 171, 3);
INSERT INTO song (song_id, album_id, name, duration_seconds, bpm, track_number) VALUES (583, 77, 'Month maintain', 166, 66, 4);
INSERT INTO song (song_id, album_id, name, duration_seconds, bpm, track_number) VALUES (584, 77, 'Late', 176, 122, 5);
INSERT INTO song (song_id, album_id, name, duration_seconds, bpm, track_number) VALUES (585, 77, 'Religious', 210, 132, 6);
INSERT INTO album (album_id, artist_id, title, release_year, created_at) VALUES (78, 38, 'Streamlined interactive application', 1986, NOW());
INSERT INTO song (song_id, album_id, name, duration_seconds, bpm, track_number) VALUES (586, 78, 'My', 367, 121, 1);
INSERT INTO song (song_id, album_id, name, duration_seconds, bpm, track_number) VALUES (587, 78, 'Word', 124, 86, 2);
INSERT INTO song (song_id, album_id, name, duration_seconds, bpm, track_number) VALUES (588, 78, 'Speech', 302, 130, 3);
INSERT INTO song (song_id, album_id, name, duration_seconds, bpm, track_number) VALUES (589, 78, 'Hear risk something include', 329, 127, 4);
INSERT INTO song (song_id, album_id, name, duration_seconds, bpm, track_number) VALUES (590, 78, 'Leg off during', 215, 136, 5);
INSERT INTO song (song_id, album_id, name, duration_seconds, bpm, track_number) VALUES (591, 78, 'Between radio', 331, 132, 6);
INSERT INTO song (song_id, album_id, name, duration_seconds, bpm, track_number) VALUES (592, 78, 'Energy', 450, 116, 7);
INSERT INTO song (song_id, album_id, name, duration_seconds, bpm, track_number) VALUES (593, 78, 'Civil enough', 343, 107, 8);
INSERT INTO album (album_id, artist_id, title, release_year, created_at) VALUES (79, 38, 'Monitored directional time-frame', 1994, NOW());
INSERT INTO song (song_id, album_id, name, duration_seconds, bpm, track_number) VALUES (594, 79, 'Page', 157, 92, 1);
INSERT INTO song (song_id, album_id, name, duration_seconds, bpm, track_number) VALUES (595, 79, 'Trouble base', 259, 81, 2);
INSERT INTO song (song_id, album_id, name, duration_seconds, bpm, track_number) VALUES (596, 79, 'About', 361, 167, 3);
INSERT INTO song (song_id, album_id, name, duration_seconds, bpm, track_number) VALUES (597, 79, 'Whether', 212, 109, 4);
INSERT INTO song (song_id, album_id, name, duration_seconds, bpm, track_number) VALUES (598, 79, 'A compare response', 303, 122, 5);
INSERT INTO song (song_id, album_id, name, duration_seconds, bpm, track_number) VALUES (599, 79, 'Easy each unit', 208, 153, 6);
INSERT INTO song (song_id, album_id, name, duration_seconds, bpm, track_number) VALUES (600, 79, 'Much', 391, 173, 7);
INSERT INTO song (song_id, album_id, name, duration_seconds, bpm, track_number) VALUES (601, 79, 'Paper', 407, 82, 8);
INSERT INTO album (album_id, artist_id, title, release_year, created_at) VALUES (80, 39, 'Managed clear-thinking policy', 2016, NOW());
INSERT INTO song (song_id, album_id, name, duration_seconds, bpm, track_number) VALUES (602, 80, 'There after somebody', 251, 111, 1);
INSERT INTO song (song_id, album_id, name, duration_seconds, bpm, track_number) VALUES (603, 80, 'Evening sense', 374, 138, 2);
INSERT INTO song (song_id, album_id, name, duration_seconds, bpm, track_number) VALUES (604, 80, 'Key attorney', 177, 74, 3);
INSERT INTO song (song_id, album_id, name, duration_seconds, bpm, track_number) VALUES (605, 80, 'Chance region', 213, 176, 4);
INSERT INTO song (song_id, album_id, name, duration_seconds, bpm, track_number) VALUES (606, 80, 'Amount green', 447, 80, 5);
INSERT INTO album (album_id, artist_id, title, release_year, created_at) VALUES (81, 39, 'Extended value-added functionalities', 2012, NOW());
INSERT INTO song (song_id, album_id, name, duration_seconds, bpm, track_number) VALUES (607, 81, 'Chance', 204, 69, 1);
INSERT INTO song (song_id, album_id, name, duration_seconds, bpm, track_number) VALUES (608, 81, 'Leader set', 232, 91, 2);
INSERT INTO song (song_id, album_id, name, duration_seconds, bpm, track_number) VALUES (609, 81, 'Finish else animal especially scientist', 281, 173, 3);
INSERT INTO song (song_id, album_id, name, duration_seconds, bpm, track_number) VALUES (610, 81, 'Instead', 387, 61, 4);
INSERT INTO song (song_id, album_id, name, duration_seconds, bpm, track_number) VALUES (611, 81, 'Yourself discuss', 413, 93, 5);
INSERT INTO song (song_id, album_id, name, duration_seconds, bpm, track_number) VALUES (612, 81, 'Its', 394, 81, 6);
INSERT INTO song (song_id, album_id, name, duration_seconds, bpm, track_number) VALUES (613, 81, 'Happen hotel strategy', 312, 143, 7);
INSERT INTO song (song_id, album_id, name, duration_seconds, bpm, track_number) VALUES (614, 81, 'Exactly', 149, 84, 8);
INSERT INTO album (album_id, artist_id, title, release_year, created_at) VALUES (82, 40, 'Devolved modular groupware', 2002, NOW());
INSERT INTO song (song_id, album_id, name, duration_seconds, bpm, track_number) VALUES (615, 82, 'Movie next', 155, 135, 1);
INSERT INTO song (song_id, album_id, name, duration_seconds, bpm, track_number) VALUES (616, 82, 'Wind key same make woman', 453, 174, 2);
INSERT INTO song (song_id, album_id, name, duration_seconds, bpm, track_number) VALUES (617, 82, 'Cup', 405, 83, 3);
INSERT INTO song (song_id, album_id, name, duration_seconds, bpm, track_number) VALUES (618, 82, 'Reason on two', 215, 105, 4);
INSERT INTO song (song_id, album_id, name, duration_seconds, bpm, track_number) VALUES (619, 82, 'Measure', 455, 94, 5);
INSERT INTO song (song_id, album_id, name, duration_seconds, bpm, track_number) VALUES (620, 82, 'Place', 204, 164, 6);
INSERT INTO song (song_id, album_id, name, duration_seconds, bpm, track_number) VALUES (621, 82, 'Current adult and police learn', 447, 74, 7);
INSERT INTO album (album_id, artist_id, title, release_year, created_at) VALUES (83, 41, 'Organized needs-based knowledgebase', 1972, NOW());
INSERT INTO song (song_id, album_id, name, duration_seconds, bpm, track_number) VALUES (622, 83, 'Movie manager article yes', 297, 114, 1);
INSERT INTO song (song_id, album_id, name, duration_seconds, bpm, track_number) VALUES (623, 83, 'Quickly mother', 362, 118, 2);
INSERT INTO song (song_id, album_id, name, duration_seconds, bpm, track_number) VALUES (624, 83, 'Who environment', 188, 116, 3);
INSERT INTO song (song_id, album_id, name, duration_seconds, bpm, track_number) VALUES (625, 83, 'Science', 258, 133, 4);
INSERT INTO song (song_id, album_id, name, duration_seconds, bpm, track_number) VALUES (626, 83, 'Raise', 359, 125, 5);
INSERT INTO song (song_id, album_id, name, duration_seconds, bpm, track_number) VALUES (627, 83, 'Sign', 343, 125, 6);
INSERT INTO song (song_id, album_id, name, duration_seconds, bpm, track_number) VALUES (628, 83, 'Create', 430, 150, 7);
INSERT INTO song (song_id, album_id, name, duration_seconds, bpm, track_number) VALUES (629, 83, 'Fact', 412, 137, 8);
INSERT INTO album (album_id, artist_id, title, release_year, created_at) VALUES (84, 42, 'Multi-lateral national artificial intelligence', 1993, NOW());
INSERT INTO song (song_id, album_id, name, duration_seconds, bpm, track_number) VALUES (630, 84, 'We cut really him', 331, 156, 1);
INSERT INTO song (song_id, album_id, name, duration_seconds, bpm, track_number) VALUES (631, 84, 'Perform', 157, 83, 2);
INSERT INTO song (song_id, album_id, name, duration_seconds, bpm, track_number) VALUES (632, 84, 'Time tonight', 376, 161, 3);
INSERT INTO song (song_id, album_id, name, duration_seconds, bpm, track_number) VALUES (633, 84, 'Explain major world', 157, 141, 4);
INSERT INTO song (song_id, album_id, name, duration_seconds, bpm, track_number) VALUES (634, 84, 'Huge turn when reflect represent', 194, 89, 5);
INSERT INTO song (song_id, album_id, name, duration_seconds, bpm, track_number) VALUES (635, 84, 'Sea hand specific', 247, 108, 6);
INSERT INTO song (song_id, album_id, name, duration_seconds, bpm, track_number) VALUES (636, 84, 'Director certain', 460, 65, 7);
INSERT INTO song (song_id, album_id, name, duration_seconds, bpm, track_number) VALUES (637, 84, 'Fall', 361, 100, 8);
INSERT INTO song (song_id, album_id, name, duration_seconds, bpm, track_number) VALUES (638, 84, 'Door candidate seven', 425, 180, 9);
INSERT INTO album (album_id, artist_id, title, release_year, created_at) VALUES (85, 42, 'Focused asynchronous success', 2026, NOW());
INSERT INTO song (song_id, album_id, name, duration_seconds, bpm, track_number) VALUES (639, 85, 'Space', 292, 144, 1);
INSERT INTO song (song_id, album_id, name, duration_seconds, bpm, track_number) VALUES (640, 85, 'Green little', 193, 114, 2);
INSERT INTO song (song_id, album_id, name, duration_seconds, bpm, track_number) VALUES (641, 85, 'Push', 325, 117, 3);
INSERT INTO song (song_id, album_id, name, duration_seconds, bpm, track_number) VALUES (642, 85, 'Work although', 421, 180, 4);
INSERT INTO song (song_id, album_id, name, duration_seconds, bpm, track_number) VALUES (643, 85, 'Actually', 377, 176, 5);
INSERT INTO song (song_id, album_id, name, duration_seconds, bpm, track_number) VALUES (644, 85, 'Whatever', 191, 79, 6);
INSERT INTO album (album_id, artist_id, title, release_year, created_at) VALUES (86, 42, 'Sharable demand-driven parallelism', 1979, NOW());
INSERT INTO song (song_id, album_id, name, duration_seconds, bpm, track_number) VALUES (645, 86, 'Military take', 333, 166, 1);
INSERT INTO song (song_id, album_id, name, duration_seconds, bpm, track_number) VALUES (646, 86, 'The', 472, 141, 2);
INSERT INTO song (song_id, album_id, name, duration_seconds, bpm, track_number) VALUES (647, 86, 'Whole great', 433, 173, 3);
INSERT INTO song (song_id, album_id, name, duration_seconds, bpm, track_number) VALUES (648, 86, 'Amount', 395, 180, 4);
INSERT INTO song (song_id, album_id, name, duration_seconds, bpm, track_number) VALUES (649, 86, 'Represent', 227, 157, 5);
INSERT INTO song (song_id, album_id, name, duration_seconds, bpm, track_number) VALUES (650, 86, 'Something somebody reveal', 374, 136, 6);
INSERT INTO song (song_id, album_id, name, duration_seconds, bpm, track_number) VALUES (651, 86, 'Decision', 377, 100, 7);
INSERT INTO song (song_id, album_id, name, duration_seconds, bpm, track_number) VALUES (652, 86, 'Property industry', 297, 66, 8);
INSERT INTO album (album_id, artist_id, title, release_year, created_at) VALUES (87, 43, 'Self-enabling 4thgeneration portal', 1971, NOW());
INSERT INTO song (song_id, album_id, name, duration_seconds, bpm, track_number) VALUES (653, 87, 'Senior', 400, 76, 1);
INSERT INTO song (song_id, album_id, name, duration_seconds, bpm, track_number) VALUES (654, 87, 'Decide', 324, 137, 2);
INSERT INTO song (song_id, album_id, name, duration_seconds, bpm, track_number) VALUES (655, 87, 'Hospital', 355, 149, 3);
INSERT INTO song (song_id, album_id, name, duration_seconds, bpm, track_number) VALUES (656, 87, 'Base', 166, 106, 4);
INSERT INTO song (song_id, album_id, name, duration_seconds, bpm, track_number) VALUES (657, 87, 'People force activity', 352, 76, 5);
INSERT INTO song (song_id, album_id, name, duration_seconds, bpm, track_number) VALUES (658, 87, 'Year', 141, 163, 6);
INSERT INTO song (song_id, album_id, name, duration_seconds, bpm, track_number) VALUES (659, 87, 'Think final field', 342, 116, 7);
INSERT INTO song (song_id, album_id, name, duration_seconds, bpm, track_number) VALUES (660, 87, 'Security only perhaps community', 441, 85, 8);
INSERT INTO album (album_id, artist_id, title, release_year, created_at) VALUES (88, 44, 'Open-architected holistic info-mediaries', 2020, NOW());
INSERT INTO song (song_id, album_id, name, duration_seconds, bpm, track_number) VALUES (661, 88, 'Seven', 430, 70, 1);
INSERT INTO song (song_id, album_id, name, duration_seconds, bpm, track_number) VALUES (662, 88, 'Idea', 139, 91, 2);
INSERT INTO song (song_id, album_id, name, duration_seconds, bpm, track_number) VALUES (663, 88, 'Old open she', 386, 85, 3);
INSERT INTO song (song_id, album_id, name, duration_seconds, bpm, track_number) VALUES (664, 88, 'Act', 165, 119, 4);
INSERT INTO song (song_id, album_id, name, duration_seconds, bpm, track_number) VALUES (665, 88, 'Environmental', 290, 63, 5);
INSERT INTO song (song_id, album_id, name, duration_seconds, bpm, track_number) VALUES (666, 88, 'Sound', 425, 94, 6);
INSERT INTO song (song_id, album_id, name, duration_seconds, bpm, track_number) VALUES (667, 88, 'Whole help must', 240, 173, 7);
INSERT INTO song (song_id, album_id, name, duration_seconds, bpm, track_number) VALUES (668, 88, 'Season', 199, 112, 8);
INSERT INTO song (song_id, album_id, name, duration_seconds, bpm, track_number) VALUES (669, 88, 'Rather', 271, 105, 9);
INSERT INTO album (album_id, artist_id, title, release_year, created_at) VALUES (89, 44, 'Grass-roots attitude-oriented data-warehouse', 2011, NOW());
INSERT INTO song (song_id, album_id, name, duration_seconds, bpm, track_number) VALUES (670, 89, 'Again social', 215, 74, 1);
INSERT INTO song (song_id, album_id, name, duration_seconds, bpm, track_number) VALUES (671, 89, 'Live', 323, 112, 2);
INSERT INTO song (song_id, album_id, name, duration_seconds, bpm, track_number) VALUES (672, 89, 'Series gas', 290, 113, 3);
INSERT INTO song (song_id, album_id, name, duration_seconds, bpm, track_number) VALUES (673, 89, 'Policy', 406, 121, 4);
INSERT INTO song (song_id, album_id, name, duration_seconds, bpm, track_number) VALUES (674, 89, 'This position buy', 270, 111, 5);
INSERT INTO album (album_id, artist_id, title, release_year, created_at) VALUES (90, 44, 'Integrated analyzing projection', 2008, NOW());
INSERT INTO song (song_id, album_id, name, duration_seconds, bpm, track_number) VALUES (675, 90, 'Analysis language interview', 224, 93, 1);
INSERT INTO song (song_id, album_id, name, duration_seconds, bpm, track_number) VALUES (676, 90, 'Firm new cause southern daughter', 436, 156, 2);
INSERT INTO song (song_id, album_id, name, duration_seconds, bpm, track_number) VALUES (677, 90, 'School training job', 257, 107, 3);
INSERT INTO song (song_id, album_id, name, duration_seconds, bpm, track_number) VALUES (678, 90, 'Step operation', 215, 166, 4);
INSERT INTO song (song_id, album_id, name, duration_seconds, bpm, track_number) VALUES (679, 90, 'Impact', 334, 96, 5);
INSERT INTO song (song_id, album_id, name, duration_seconds, bpm, track_number) VALUES (680, 90, 'So successful', 378, 84, 6);
INSERT INTO song (song_id, album_id, name, duration_seconds, bpm, track_number) VALUES (681, 90, 'Popular', 218, 60, 7);
INSERT INTO album (album_id, artist_id, title, release_year, created_at) VALUES (91, 45, 'Expanded stable framework', 1971, NOW());
INSERT INTO song (song_id, album_id, name, duration_seconds, bpm, track_number) VALUES (682, 91, 'Camera finally finish', 462, 78, 1);
INSERT INTO song (song_id, album_id, name, duration_seconds, bpm, track_number) VALUES (683, 91, 'Line from product', 285, 170, 2);
INSERT INTO song (song_id, album_id, name, duration_seconds, bpm, track_number) VALUES (684, 91, 'Cut region', 123, 158, 3);
INSERT INTO song (song_id, album_id, name, duration_seconds, bpm, track_number) VALUES (685, 91, 'Despite address', 168, 155, 4);
INSERT INTO song (song_id, album_id, name, duration_seconds, bpm, track_number) VALUES (686, 91, 'Behind argue give', 255, 139, 5);
INSERT INTO song (song_id, album_id, name, duration_seconds, bpm, track_number) VALUES (687, 91, 'First study stuff best', 239, 130, 6);
INSERT INTO song (song_id, album_id, name, duration_seconds, bpm, track_number) VALUES (688, 91, 'Majority', 468, 162, 7);
INSERT INTO song (song_id, album_id, name, duration_seconds, bpm, track_number) VALUES (689, 91, 'I small service past', 410, 149, 8);
INSERT INTO album (album_id, artist_id, title, release_year, created_at) VALUES (92, 46, 'Re-engineered bandwidth-monitored hardware', 1970, NOW());
INSERT INTO song (song_id, album_id, name, duration_seconds, bpm, track_number) VALUES (690, 92, 'Might call', 174, 97, 1);
INSERT INTO song (song_id, album_id, name, duration_seconds, bpm, track_number) VALUES (691, 92, 'Scientist', 416, 158, 2);
INSERT INTO song (song_id, album_id, name, duration_seconds, bpm, track_number) VALUES (692, 92, 'Management east', 122, 122, 3);
INSERT INTO song (song_id, album_id, name, duration_seconds, bpm, track_number) VALUES (693, 92, 'Republican', 250, 75, 4);
INSERT INTO song (song_id, album_id, name, duration_seconds, bpm, track_number) VALUES (694, 92, 'Professor', 346, 165, 5);
INSERT INTO song (song_id, album_id, name, duration_seconds, bpm, track_number) VALUES (695, 92, 'Management', 169, 102, 6);
INSERT INTO song (song_id, album_id, name, duration_seconds, bpm, track_number) VALUES (696, 92, 'Work begin', 396, 89, 7);
INSERT INTO album (album_id, artist_id, title, release_year, created_at) VALUES (93, 47, 'Optional multimedia synergy', 1988, NOW());
INSERT INTO song (song_id, album_id, name, duration_seconds, bpm, track_number) VALUES (697, 93, 'Growth modern road', 460, 173, 1);
INSERT INTO song (song_id, album_id, name, duration_seconds, bpm, track_number) VALUES (698, 93, 'Product chance benefit official', 161, 131, 2);
INSERT INTO song (song_id, album_id, name, duration_seconds, bpm, track_number) VALUES (699, 93, 'Final yard', 289, 77, 3);
INSERT INTO song (song_id, album_id, name, duration_seconds, bpm, track_number) VALUES (700, 93, 'Behind far', 248, 131, 4);
INSERT INTO song (song_id, album_id, name, duration_seconds, bpm, track_number) VALUES (701, 93, 'Fly character those might', 426, 84, 5);
INSERT INTO song (song_id, album_id, name, duration_seconds, bpm, track_number) VALUES (702, 93, 'You than conference', 243, 160, 6);
INSERT INTO song (song_id, album_id, name, duration_seconds, bpm, track_number) VALUES (703, 93, 'Trial help identify carry', 383, 169, 7);
INSERT INTO album (album_id, artist_id, title, release_year, created_at) VALUES (94, 47, 'Multi-channeled secondary analyzer', 2006, NOW());
INSERT INTO song (song_id, album_id, name, duration_seconds, bpm, track_number) VALUES (704, 94, 'Option', 224, 173, 1);
INSERT INTO song (song_id, album_id, name, duration_seconds, bpm, track_number) VALUES (705, 94, 'Size decade husband nation', 213, 150, 2);
INSERT INTO song (song_id, album_id, name, duration_seconds, bpm, track_number) VALUES (706, 94, 'Put run national pressure', 442, 95, 3);
INSERT INTO song (song_id, album_id, name, duration_seconds, bpm, track_number) VALUES (707, 94, 'Matter painting treatment', 456, 70, 4);
INSERT INTO song (song_id, album_id, name, duration_seconds, bpm, track_number) VALUES (708, 94, 'Early fact edge everyone', 469, 78, 5);
INSERT INTO song (song_id, album_id, name, duration_seconds, bpm, track_number) VALUES (709, 94, 'Large design part', 239, 99, 6);
INSERT INTO album (album_id, artist_id, title, release_year, created_at) VALUES (95, 47, 'Reactive impactful superstructure', 2018, NOW());
INSERT INTO song (song_id, album_id, name, duration_seconds, bpm, track_number) VALUES (710, 95, 'Answer why', 267, 147, 1);
INSERT INTO song (song_id, album_id, name, duration_seconds, bpm, track_number) VALUES (711, 95, 'But east every size', 336, 125, 2);
INSERT INTO song (song_id, album_id, name, duration_seconds, bpm, track_number) VALUES (712, 95, 'Partner', 218, 76, 3);
INSERT INTO song (song_id, album_id, name, duration_seconds, bpm, track_number) VALUES (713, 95, 'Responsibility newspaper', 269, 133, 4);
INSERT INTO song (song_id, album_id, name, duration_seconds, bpm, track_number) VALUES (714, 95, 'Foot', 400, 98, 5);
INSERT INTO song (song_id, album_id, name, duration_seconds, bpm, track_number) VALUES (715, 95, 'Likely for focus', 364, 128, 6);
INSERT INTO song (song_id, album_id, name, duration_seconds, bpm, track_number) VALUES (716, 95, 'Arrive', 216, 130, 7);
INSERT INTO song (song_id, album_id, name, duration_seconds, bpm, track_number) VALUES (717, 95, 'Republican energy right', 327, 85, 8);
INSERT INTO song (song_id, album_id, name, duration_seconds, bpm, track_number) VALUES (718, 95, 'Picture', 366, 104, 9);
INSERT INTO song (song_id, album_id, name, duration_seconds, bpm, track_number) VALUES (719, 95, 'Exactly', 139, 141, 10);
INSERT INTO album (album_id, artist_id, title, release_year, created_at) VALUES (96, 48, 'Reverse-engineered asymmetric function', 2016, NOW());
INSERT INTO song (song_id, album_id, name, duration_seconds, bpm, track_number) VALUES (720, 96, 'Time traditional', 464, 132, 1);
INSERT INTO song (song_id, album_id, name, duration_seconds, bpm, track_number) VALUES (721, 96, 'Technology green', 276, 130, 2);
INSERT INTO song (song_id, album_id, name, duration_seconds, bpm, track_number) VALUES (722, 96, 'Ground', 364, 141, 3);
INSERT INTO song (song_id, album_id, name, duration_seconds, bpm, track_number) VALUES (723, 96, 'Describe short', 327, 99, 4);
INSERT INTO song (song_id, album_id, name, duration_seconds, bpm, track_number) VALUES (724, 96, 'Far one she fire', 236, 100, 5);
INSERT INTO album (album_id, artist_id, title, release_year, created_at) VALUES (97, 48, 'Multi-channeled clear-thinking intranet', 1998, NOW());
INSERT INTO song (song_id, album_id, name, duration_seconds, bpm, track_number) VALUES (725, 97, 'Send', 371, 70, 1);
INSERT INTO song (song_id, album_id, name, duration_seconds, bpm, track_number) VALUES (726, 97, 'Standard high', 326, 177, 2);
INSERT INTO song (song_id, album_id, name, duration_seconds, bpm, track_number) VALUES (727, 97, 'Most', 190, 124, 3);
INSERT INTO song (song_id, album_id, name, duration_seconds, bpm, track_number) VALUES (728, 97, 'Teacher', 132, 178, 4);
INSERT INTO song (song_id, album_id, name, duration_seconds, bpm, track_number) VALUES (729, 97, 'Heart ahead natural include', 242, 101, 5);
INSERT INTO song (song_id, album_id, name, duration_seconds, bpm, track_number) VALUES (730, 97, 'Character never director chance', 141, 113, 6);
INSERT INTO song (song_id, album_id, name, duration_seconds, bpm, track_number) VALUES (731, 97, 'Join throw', 120, 159, 7);
INSERT INTO song (song_id, album_id, name, duration_seconds, bpm, track_number) VALUES (732, 97, 'Hope', 448, 160, 8);
INSERT INTO song (song_id, album_id, name, duration_seconds, bpm, track_number) VALUES (733, 97, 'Case', 379, 107, 9);
INSERT INTO album (album_id, artist_id, title, release_year, created_at) VALUES (98, 48, 'Versatile 24hour neural-net', 2002, NOW());
INSERT INTO song (song_id, album_id, name, duration_seconds, bpm, track_number) VALUES (734, 98, 'Hotel', 473, 137, 1);
INSERT INTO song (song_id, album_id, name, duration_seconds, bpm, track_number) VALUES (735, 98, 'Marriage', 414, 64, 2);
INSERT INTO song (song_id, album_id, name, duration_seconds, bpm, track_number) VALUES (736, 98, 'Quality', 160, 63, 3);
INSERT INTO song (song_id, album_id, name, duration_seconds, bpm, track_number) VALUES (737, 98, 'Up', 263, 120, 4);
INSERT INTO song (song_id, album_id, name, duration_seconds, bpm, track_number) VALUES (738, 98, 'Agent', 371, 76, 5);
INSERT INTO song (song_id, album_id, name, duration_seconds, bpm, track_number) VALUES (739, 98, 'Remain always receive', 407, 142, 6);
INSERT INTO song (song_id, album_id, name, duration_seconds, bpm, track_number) VALUES (740, 98, 'Statement stay', 476, 95, 7);
INSERT INTO song (song_id, album_id, name, duration_seconds, bpm, track_number) VALUES (741, 98, 'Join', 203, 83, 8);
INSERT INTO album (album_id, artist_id, title, release_year, created_at) VALUES (99, 49, 'Ergonomic intangible knowledge user', 2002, NOW());
INSERT INTO song (song_id, album_id, name, duration_seconds, bpm, track_number) VALUES (742, 99, 'Teach step', 309, 154, 1);
INSERT INTO song (song_id, album_id, name, duration_seconds, bpm, track_number) VALUES (743, 99, 'In', 431, 156, 2);
INSERT INTO song (song_id, album_id, name, duration_seconds, bpm, track_number) VALUES (744, 99, 'Become', 452, 161, 3);
INSERT INTO song (song_id, album_id, name, duration_seconds, bpm, track_number) VALUES (745, 99, 'Full compare', 142, 167, 4);
INSERT INTO song (song_id, album_id, name, duration_seconds, bpm, track_number) VALUES (746, 99, 'Sometimes thank product', 266, 160, 5);
INSERT INTO song (song_id, album_id, name, duration_seconds, bpm, track_number) VALUES (747, 99, 'Stand', 384, 129, 6);
INSERT INTO song (song_id, album_id, name, duration_seconds, bpm, track_number) VALUES (748, 99, 'Sometimes operation everybody', 332, 167, 7);
INSERT INTO album (album_id, artist_id, title, release_year, created_at) VALUES (100, 49, 'Profound bi-directional workforce', 2023, NOW());
INSERT INTO song (song_id, album_id, name, duration_seconds, bpm, track_number) VALUES (749, 100, 'Meeting end', 332, 169, 1);
INSERT INTO song (song_id, album_id, name, duration_seconds, bpm, track_number) VALUES (750, 100, 'Practice room hope', 266, 70, 2);
INSERT INTO song (song_id, album_id, name, duration_seconds, bpm, track_number) VALUES (751, 100, 'On', 303, 94, 3);
INSERT INTO song (song_id, album_id, name, duration_seconds, bpm, track_number) VALUES (752, 100, 'Full usually', 386, 85, 4);
INSERT INTO song (song_id, album_id, name, duration_seconds, bpm, track_number) VALUES (753, 100, 'Public', 299, 165, 5);
INSERT INTO song (song_id, album_id, name, duration_seconds, bpm, track_number) VALUES (754, 100, 'Heavy', 286, 128, 6);
INSERT INTO song (song_id, album_id, name, duration_seconds, bpm, track_number) VALUES (755, 100, 'Little', 360, 110, 7);
INSERT INTO song (song_id, album_id, name, duration_seconds, bpm, track_number) VALUES (756, 100, 'Late', 356, 100, 8);
INSERT INTO album (album_id, artist_id, title, release_year, created_at) VALUES (101, 50, 'Configurable radical application', 1996, NOW());
INSERT INTO song (song_id, album_id, name, duration_seconds, bpm, track_number) VALUES (757, 101, 'Improve', 442, 161, 1);
INSERT INTO song (song_id, album_id, name, duration_seconds, bpm, track_number) VALUES (758, 101, 'Will', 372, 101, 2);
INSERT INTO song (song_id, album_id, name, duration_seconds, bpm, track_number) VALUES (759, 101, 'Politics blood material', 448, 62, 3);
INSERT INTO song (song_id, album_id, name, duration_seconds, bpm, track_number) VALUES (760, 101, 'Bed', 270, 127, 4);
INSERT INTO song (song_id, album_id, name, duration_seconds, bpm, track_number) VALUES (761, 101, 'Continue avoid body', 378, 164, 5);
INSERT INTO album (album_id, artist_id, title, release_year, created_at) VALUES (102, 50, 'Seamless bi-directional solution', 2010, NOW());
INSERT INTO song (song_id, album_id, name, duration_seconds, bpm, track_number) VALUES (762, 102, 'Run goal', 441, 142, 1);
INSERT INTO song (song_id, album_id, name, duration_seconds, bpm, track_number) VALUES (763, 102, 'Meeting', 313, 110, 2);
INSERT INTO song (song_id, album_id, name, duration_seconds, bpm, track_number) VALUES (764, 102, 'Challenge', 437, 80, 3);
INSERT INTO song (song_id, album_id, name, duration_seconds, bpm, track_number) VALUES (765, 102, 'Executive', 459, 137, 4);
INSERT INTO song (song_id, album_id, name, duration_seconds, bpm, track_number) VALUES (766, 102, 'Increase fund expert', 330, 113, 5);
INSERT INTO song (song_id, album_id, name, duration_seconds, bpm, track_number) VALUES (767, 102, 'Bar industry', 140, 126, 6);
INSERT INTO song (song_id, album_id, name, duration_seconds, bpm, track_number) VALUES (768, 102, 'Reason adult view every', 243, 166, 7);
INSERT INTO song (song_id, album_id, name, duration_seconds, bpm, track_number) VALUES (769, 102, 'Common time', 143, 85, 8);
INSERT INTO song (song_id, album_id, name, duration_seconds, bpm, track_number) VALUES (770, 102, 'Listen', 138, 60, 9);
INSERT INTO song (song_id, album_id, name, duration_seconds, bpm, track_number) VALUES (771, 102, 'Assume', 330, 84, 10);
INSERT INTO album (album_id, artist_id, title, release_year, created_at) VALUES (103, 50, 'Business-focused web-enabled migration', 1993, NOW());
INSERT INTO song (song_id, album_id, name, duration_seconds, bpm, track_number) VALUES (772, 103, 'Side pay develop', 132, 177, 1);
INSERT INTO song (song_id, album_id, name, duration_seconds, bpm, track_number) VALUES (773, 103, 'Everything member simply', 159, 175, 2);
INSERT INTO song (song_id, album_id, name, duration_seconds, bpm, track_number) VALUES (774, 103, 'Ground', 164, 131, 3);
INSERT INTO song (song_id, album_id, name, duration_seconds, bpm, track_number) VALUES (775, 103, 'Rate', 404, 86, 4);
INSERT INTO song (song_id, album_id, name, duration_seconds, bpm, track_number) VALUES (776, 103, 'Industry data body simply', 284, 101, 5);
INSERT INTO album (album_id, artist_id, title, release_year, created_at) VALUES (104, 51, 'Cloned background task-force', 1977, NOW());
INSERT INTO song (song_id, album_id, name, duration_seconds, bpm, track_number) VALUES (777, 104, 'Office American attack', 367, 147, 1);
INSERT INTO song (song_id, album_id, name, duration_seconds, bpm, track_number) VALUES (778, 104, 'Ground manage tree', 188, 180, 2);
INSERT INTO song (song_id, album_id, name, duration_seconds, bpm, track_number) VALUES (779, 104, 'Newspaper', 391, 82, 3);
INSERT INTO song (song_id, album_id, name, duration_seconds, bpm, track_number) VALUES (780, 104, 'Well usually music', 210, 71, 4);
INSERT INTO song (song_id, album_id, name, duration_seconds, bpm, track_number) VALUES (781, 104, 'Hour daughter', 297, 168, 5);
INSERT INTO song (song_id, album_id, name, duration_seconds, bpm, track_number) VALUES (782, 104, 'Free laugh', 132, 131, 6);
INSERT INTO album (album_id, artist_id, title, release_year, created_at) VALUES (105, 52, 'Quality-focused systemic archive', 1982, NOW());
INSERT INTO song (song_id, album_id, name, duration_seconds, bpm, track_number) VALUES (783, 105, 'Forget', 223, 110, 1);
INSERT INTO song (song_id, album_id, name, duration_seconds, bpm, track_number) VALUES (784, 105, 'Amount', 299, 150, 2);
INSERT INTO song (song_id, album_id, name, duration_seconds, bpm, track_number) VALUES (785, 105, 'College do', 354, 90, 3);
INSERT INTO song (song_id, album_id, name, duration_seconds, bpm, track_number) VALUES (786, 105, 'At TV', 199, 118, 4);
INSERT INTO song (song_id, album_id, name, duration_seconds, bpm, track_number) VALUES (787, 105, 'Knowledge camera', 407, 60, 5);
INSERT INTO album (album_id, artist_id, title, release_year, created_at) VALUES (106, 52, 'Sharable fresh-thinking functionalities', 2007, NOW());
INSERT INTO song (song_id, album_id, name, duration_seconds, bpm, track_number) VALUES (788, 106, 'Grow name', 124, 167, 1);
INSERT INTO song (song_id, album_id, name, duration_seconds, bpm, track_number) VALUES (789, 106, 'Too economy reach prepare', 479, 110, 2);
INSERT INTO song (song_id, album_id, name, duration_seconds, bpm, track_number) VALUES (790, 106, 'Film within', 130, 103, 3);
INSERT INTO song (song_id, album_id, name, duration_seconds, bpm, track_number) VALUES (791, 106, 'Drive red some', 279, 104, 4);
INSERT INTO song (song_id, album_id, name, duration_seconds, bpm, track_number) VALUES (792, 106, 'Rest your', 303, 137, 5);
INSERT INTO song (song_id, album_id, name, duration_seconds, bpm, track_number) VALUES (793, 106, 'Help', 156, 168, 6);
INSERT INTO song (song_id, album_id, name, duration_seconds, bpm, track_number) VALUES (794, 106, 'Edge', 162, 153, 7);
INSERT INTO album (album_id, artist_id, title, release_year, created_at) VALUES (107, 52, 'Profit-focused dedicated project', 2001, NOW());
INSERT INTO song (song_id, album_id, name, duration_seconds, bpm, track_number) VALUES (795, 107, 'Law court approach', 463, 118, 1);
INSERT INTO song (song_id, album_id, name, duration_seconds, bpm, track_number) VALUES (796, 107, 'Exist', 206, 138, 2);
INSERT INTO song (song_id, album_id, name, duration_seconds, bpm, track_number) VALUES (797, 107, 'Room citizen majority news', 395, 160, 3);
INSERT INTO song (song_id, album_id, name, duration_seconds, bpm, track_number) VALUES (798, 107, 'Who happy', 142, 110, 4);
INSERT INTO song (song_id, album_id, name, duration_seconds, bpm, track_number) VALUES (799, 107, 'Both onto', 263, 174, 5);
INSERT INTO song (song_id, album_id, name, duration_seconds, bpm, track_number) VALUES (800, 107, 'Popular pick ask company', 268, 91, 6);
INSERT INTO song (song_id, album_id, name, duration_seconds, bpm, track_number) VALUES (801, 107, 'Republican throughout development', 149, 155, 7);
INSERT INTO song (song_id, album_id, name, duration_seconds, bpm, track_number) VALUES (802, 107, 'Word', 328, 114, 8);
INSERT INTO song (song_id, album_id, name, duration_seconds, bpm, track_number) VALUES (803, 107, 'Assume fund', 305, 156, 9);
INSERT INTO song (song_id, album_id, name, duration_seconds, bpm, track_number) VALUES (804, 107, 'Before', 194, 109, 10);
INSERT INTO album (album_id, artist_id, title, release_year, created_at) VALUES (108, 53, 'Advanced attitude-oriented secured line', 1996, NOW());
INSERT INTO song (song_id, album_id, name, duration_seconds, bpm, track_number) VALUES (805, 108, 'Professor could help', 284, 83, 1);
INSERT INTO song (song_id, album_id, name, duration_seconds, bpm, track_number) VALUES (806, 108, 'Green population', 131, 99, 2);
INSERT INTO song (song_id, album_id, name, duration_seconds, bpm, track_number) VALUES (807, 108, 'Popular fall own situation', 341, 110, 3);
INSERT INTO song (song_id, album_id, name, duration_seconds, bpm, track_number) VALUES (808, 108, 'Growth commercial', 200, 92, 4);
INSERT INTO song (song_id, album_id, name, duration_seconds, bpm, track_number) VALUES (809, 108, 'Others away fund', 286, 100, 5);
INSERT INTO song (song_id, album_id, name, duration_seconds, bpm, track_number) VALUES (810, 108, 'Time more', 284, 109, 6);
INSERT INTO song (song_id, album_id, name, duration_seconds, bpm, track_number) VALUES (811, 108, 'Term cut room option', 152, 169, 7);
INSERT INTO song (song_id, album_id, name, duration_seconds, bpm, track_number) VALUES (812, 108, 'Task bed', 303, 100, 8);
INSERT INTO album (album_id, artist_id, title, release_year, created_at) VALUES (109, 53, 'Fundamental zero tolerance standardization', 2008, NOW());
INSERT INTO song (song_id, album_id, name, duration_seconds, bpm, track_number) VALUES (813, 109, 'Investment', 124, 98, 1);
INSERT INTO song (song_id, album_id, name, duration_seconds, bpm, track_number) VALUES (814, 109, 'Natural information suddenly', 166, 125, 2);
INSERT INTO song (song_id, album_id, name, duration_seconds, bpm, track_number) VALUES (815, 109, 'Summer issue film for enough', 466, 144, 3);
INSERT INTO song (song_id, album_id, name, duration_seconds, bpm, track_number) VALUES (816, 109, 'West', 270, 113, 4);
INSERT INTO song (song_id, album_id, name, duration_seconds, bpm, track_number) VALUES (817, 109, 'Fly', 357, 93, 5);
INSERT INTO song (song_id, album_id, name, duration_seconds, bpm, track_number) VALUES (818, 109, 'Weight over involve', 162, 91, 6);
INSERT INTO song (song_id, album_id, name, duration_seconds, bpm, track_number) VALUES (819, 109, 'Impact', 196, 63, 7);
INSERT INTO song (song_id, album_id, name, duration_seconds, bpm, track_number) VALUES (820, 109, 'Mother red', 330, 101, 8);
INSERT INTO song (song_id, album_id, name, duration_seconds, bpm, track_number) VALUES (821, 109, 'Wide floor believe open', 326, 154, 9);
INSERT INTO album (album_id, artist_id, title, release_year, created_at) VALUES (110, 53, 'Reactive 24/7 initiative', 1972, NOW());
INSERT INTO song (song_id, album_id, name, duration_seconds, bpm, track_number) VALUES (822, 110, 'Front', 384, 104, 1);
INSERT INTO song (song_id, album_id, name, duration_seconds, bpm, track_number) VALUES (823, 110, 'Visit let identify nothing', 166, 62, 2);
INSERT INTO song (song_id, album_id, name, duration_seconds, bpm, track_number) VALUES (824, 110, 'Minute provide cultural movement', 237, 73, 3);
INSERT INTO song (song_id, album_id, name, duration_seconds, bpm, track_number) VALUES (825, 110, 'Believe manager', 217, 125, 4);
INSERT INTO song (song_id, album_id, name, duration_seconds, bpm, track_number) VALUES (826, 110, 'Expert however music next', 338, 122, 5);
INSERT INTO song (song_id, album_id, name, duration_seconds, bpm, track_number) VALUES (827, 110, 'Benefit never Republican', 448, 150, 6);
INSERT INTO song (song_id, album_id, name, duration_seconds, bpm, track_number) VALUES (828, 110, 'East', 478, 166, 7);
INSERT INTO album (album_id, artist_id, title, release_year, created_at) VALUES (111, 54, 'Polarized high-level migration', 1982, NOW());
INSERT INTO song (song_id, album_id, name, duration_seconds, bpm, track_number) VALUES (829, 111, 'Within', 129, 138, 1);
INSERT INTO song (song_id, album_id, name, duration_seconds, bpm, track_number) VALUES (830, 111, 'Option according', 140, 101, 2);
INSERT INTO song (song_id, album_id, name, duration_seconds, bpm, track_number) VALUES (831, 111, 'Receive significant', 442, 136, 3);
INSERT INTO song (song_id, album_id, name, duration_seconds, bpm, track_number) VALUES (832, 111, 'Manager', 347, 80, 4);
INSERT INTO song (song_id, album_id, name, duration_seconds, bpm, track_number) VALUES (833, 111, 'How', 468, 83, 5);
INSERT INTO song (song_id, album_id, name, duration_seconds, bpm, track_number) VALUES (834, 111, 'Act talk place cold', 396, 140, 6);
INSERT INTO song (song_id, album_id, name, duration_seconds, bpm, track_number) VALUES (835, 111, 'What painting for', 130, 113, 7);
INSERT INTO song (song_id, album_id, name, duration_seconds, bpm, track_number) VALUES (836, 111, 'Down service small moment', 257, 92, 8);
INSERT INTO song (song_id, album_id, name, duration_seconds, bpm, track_number) VALUES (837, 111, 'National least treat', 172, 111, 9);
INSERT INTO album (album_id, artist_id, title, release_year, created_at) VALUES (112, 54, 'Balanced executive architecture', 2019, NOW());
INSERT INTO song (song_id, album_id, name, duration_seconds, bpm, track_number) VALUES (838, 112, 'Foot', 194, 162, 1);
INSERT INTO song (song_id, album_id, name, duration_seconds, bpm, track_number) VALUES (839, 112, 'Mind', 206, 140, 2);
INSERT INTO song (song_id, album_id, name, duration_seconds, bpm, track_number) VALUES (840, 112, 'Development', 455, 115, 3);
INSERT INTO song (song_id, album_id, name, duration_seconds, bpm, track_number) VALUES (841, 112, 'Give teach several answer', 401, 73, 4);
INSERT INTO song (song_id, album_id, name, duration_seconds, bpm, track_number) VALUES (842, 112, 'Per', 244, 144, 5);
INSERT INTO song (song_id, album_id, name, duration_seconds, bpm, track_number) VALUES (843, 112, 'Evidence hour', 205, 101, 6);
INSERT INTO album (album_id, artist_id, title, release_year, created_at) VALUES (113, 54, 'Advanced stable service-desk', 1978, NOW());
INSERT INTO song (song_id, album_id, name, duration_seconds, bpm, track_number) VALUES (844, 113, 'Budget', 340, 128, 1);
INSERT INTO song (song_id, album_id, name, duration_seconds, bpm, track_number) VALUES (845, 113, 'Speech', 392, 172, 2);
INSERT INTO song (song_id, album_id, name, duration_seconds, bpm, track_number) VALUES (846, 113, 'Common', 150, 73, 3);
INSERT INTO song (song_id, album_id, name, duration_seconds, bpm, track_number) VALUES (847, 113, 'Hit', 199, 161, 4);
INSERT INTO song (song_id, album_id, name, duration_seconds, bpm, track_number) VALUES (848, 113, 'Cup language but', 329, 139, 5);
INSERT INTO song (song_id, album_id, name, duration_seconds, bpm, track_number) VALUES (849, 113, 'Huge', 302, 71, 6);
INSERT INTO song (song_id, album_id, name, duration_seconds, bpm, track_number) VALUES (850, 113, 'World', 265, 125, 7);
INSERT INTO song (song_id, album_id, name, duration_seconds, bpm, track_number) VALUES (851, 113, 'Director', 237, 151, 8);
INSERT INTO album (album_id, artist_id, title, release_year, created_at) VALUES (114, 55, 'Upgradable tertiary installation', 1989, NOW());
INSERT INTO song (song_id, album_id, name, duration_seconds, bpm, track_number) VALUES (852, 114, 'Within international', 168, 118, 1);
INSERT INTO song (song_id, album_id, name, duration_seconds, bpm, track_number) VALUES (853, 114, 'Nation', 181, 156, 2);
INSERT INTO song (song_id, album_id, name, duration_seconds, bpm, track_number) VALUES (854, 114, 'Stage personal', 381, 136, 3);
INSERT INTO song (song_id, album_id, name, duration_seconds, bpm, track_number) VALUES (855, 114, 'Get wear', 256, 157, 4);
INSERT INTO song (song_id, album_id, name, duration_seconds, bpm, track_number) VALUES (856, 114, 'Two', 145, 131, 5);
INSERT INTO song (song_id, album_id, name, duration_seconds, bpm, track_number) VALUES (857, 114, 'All speak boy true where', 415, 176, 6);
INSERT INTO song (song_id, album_id, name, duration_seconds, bpm, track_number) VALUES (858, 114, 'Carry', 226, 71, 7);
INSERT INTO song (song_id, album_id, name, duration_seconds, bpm, track_number) VALUES (859, 114, 'Form', 428, 96, 8);
INSERT INTO album (album_id, artist_id, title, release_year, created_at) VALUES (115, 56, 'Programmable multimedia matrices', 2000, NOW());
INSERT INTO song (song_id, album_id, name, duration_seconds, bpm, track_number) VALUES (860, 115, 'Mind', 456, 104, 1);
INSERT INTO song (song_id, album_id, name, duration_seconds, bpm, track_number) VALUES (861, 115, 'Education', 165, 133, 2);
INSERT INTO song (song_id, album_id, name, duration_seconds, bpm, track_number) VALUES (862, 115, 'Smile', 471, 177, 3);
INSERT INTO song (song_id, album_id, name, duration_seconds, bpm, track_number) VALUES (863, 115, 'Food', 365, 140, 4);
INSERT INTO song (song_id, album_id, name, duration_seconds, bpm, track_number) VALUES (864, 115, 'Something own religious', 141, 75, 5);
INSERT INTO song (song_id, album_id, name, duration_seconds, bpm, track_number) VALUES (865, 115, 'Film tough', 343, 120, 6);
INSERT INTO song (song_id, album_id, name, duration_seconds, bpm, track_number) VALUES (866, 115, 'Cup manager call fill', 283, 146, 7);
INSERT INTO album (album_id, artist_id, title, release_year, created_at) VALUES (116, 56, 'Secured context-sensitive throughput', 1996, NOW());
INSERT INTO song (song_id, album_id, name, duration_seconds, bpm, track_number) VALUES (867, 116, 'Thing impact three', 395, 86, 1);
INSERT INTO song (song_id, album_id, name, duration_seconds, bpm, track_number) VALUES (868, 116, 'Around', 288, 136, 2);
INSERT INTO song (song_id, album_id, name, duration_seconds, bpm, track_number) VALUES (869, 116, 'Herself turn', 265, 133, 3);
INSERT INTO song (song_id, album_id, name, duration_seconds, bpm, track_number) VALUES (870, 116, 'Security make', 372, 163, 4);
INSERT INTO song (song_id, album_id, name, duration_seconds, bpm, track_number) VALUES (871, 116, 'Media', 272, 82, 5);
INSERT INTO song (song_id, album_id, name, duration_seconds, bpm, track_number) VALUES (872, 116, 'Store', 446, 70, 6);
INSERT INTO song (song_id, album_id, name, duration_seconds, bpm, track_number) VALUES (873, 116, 'Write', 349, 80, 7);
INSERT INTO album (album_id, artist_id, title, release_year, created_at) VALUES (117, 56, 'Decentralized maximized framework', 1997, NOW());
INSERT INTO song (song_id, album_id, name, duration_seconds, bpm, track_number) VALUES (874, 117, 'Probably', 125, 97, 1);
INSERT INTO song (song_id, album_id, name, duration_seconds, bpm, track_number) VALUES (875, 117, 'Evidence smile be sometimes human', 362, 64, 2);
INSERT INTO song (song_id, album_id, name, duration_seconds, bpm, track_number) VALUES (876, 117, 'Goal part', 290, 89, 3);
INSERT INTO song (song_id, album_id, name, duration_seconds, bpm, track_number) VALUES (877, 117, 'Poor concern', 159, 106, 4);
INSERT INTO song (song_id, album_id, name, duration_seconds, bpm, track_number) VALUES (878, 117, 'Real weight', 220, 152, 5);
INSERT INTO song (song_id, album_id, name, duration_seconds, bpm, track_number) VALUES (879, 117, 'Adult throughout body establish', 259, 65, 6);
INSERT INTO song (song_id, album_id, name, duration_seconds, bpm, track_number) VALUES (880, 117, 'Power during', 273, 88, 7);
INSERT INTO song (song_id, album_id, name, duration_seconds, bpm, track_number) VALUES (881, 117, 'Community too business', 160, 145, 8);
INSERT INTO song (song_id, album_id, name, duration_seconds, bpm, track_number) VALUES (882, 117, 'For wonder', 209, 110, 9);
INSERT INTO song (song_id, album_id, name, duration_seconds, bpm, track_number) VALUES (883, 117, 'Us style', 135, 68, 10);
INSERT INTO album (album_id, artist_id, title, release_year, created_at) VALUES (118, 57, 'Synergized asynchronous forecast', 1972, NOW());
INSERT INTO song (song_id, album_id, name, duration_seconds, bpm, track_number) VALUES (884, 118, 'Less', 422, 82, 1);
INSERT INTO song (song_id, album_id, name, duration_seconds, bpm, track_number) VALUES (885, 118, 'Detail order even', 272, 98, 2);
INSERT INTO song (song_id, album_id, name, duration_seconds, bpm, track_number) VALUES (886, 118, 'Question', 431, 103, 3);
INSERT INTO song (song_id, album_id, name, duration_seconds, bpm, track_number) VALUES (887, 118, 'Heavy decide subject word central', 430, 130, 4);
INSERT INTO song (song_id, album_id, name, duration_seconds, bpm, track_number) VALUES (888, 118, 'Carry imagine question allow', 277, 60, 5);
INSERT INTO album (album_id, artist_id, title, release_year, created_at) VALUES (119, 57, 'Adaptive next generation time-frame', 1999, NOW());
INSERT INTO song (song_id, album_id, name, duration_seconds, bpm, track_number) VALUES (889, 119, 'Throughout', 333, 135, 1);
INSERT INTO song (song_id, album_id, name, duration_seconds, bpm, track_number) VALUES (890, 119, 'Trouble', 340, 153, 2);
INSERT INTO song (song_id, album_id, name, duration_seconds, bpm, track_number) VALUES (891, 119, 'Rest while', 342, 145, 3);
INSERT INTO song (song_id, album_id, name, duration_seconds, bpm, track_number) VALUES (892, 119, 'Them respond', 265, 167, 4);
INSERT INTO song (song_id, album_id, name, duration_seconds, bpm, track_number) VALUES (893, 119, 'Choice', 455, 102, 5);
INSERT INTO song (song_id, album_id, name, duration_seconds, bpm, track_number) VALUES (894, 119, 'Explain form data gun', 425, 81, 6);
INSERT INTO song (song_id, album_id, name, duration_seconds, bpm, track_number) VALUES (895, 119, 'Age manager', 406, 158, 7);
INSERT INTO song (song_id, album_id, name, duration_seconds, bpm, track_number) VALUES (896, 119, 'Cultural bed nation', 165, 175, 8);
INSERT INTO song (song_id, album_id, name, duration_seconds, bpm, track_number) VALUES (897, 119, 'Newspaper', 355, 153, 9);
INSERT INTO song (song_id, album_id, name, duration_seconds, bpm, track_number) VALUES (898, 119, 'Reason strategy', 471, 116, 10);
INSERT INTO album (album_id, artist_id, title, release_year, created_at) VALUES (120, 57, 'Synchronized regional focus group', 1991, NOW());
INSERT INTO song (song_id, album_id, name, duration_seconds, bpm, track_number) VALUES (899, 120, 'Market ten dinner rich', 169, 172, 1);
INSERT INTO song (song_id, album_id, name, duration_seconds, bpm, track_number) VALUES (900, 120, 'Base when', 186, 161, 2);
INSERT INTO song (song_id, album_id, name, duration_seconds, bpm, track_number) VALUES (901, 120, 'Strong', 138, 167, 3);
INSERT INTO song (song_id, album_id, name, duration_seconds, bpm, track_number) VALUES (902, 120, 'Film such', 253, 61, 4);
INSERT INTO song (song_id, album_id, name, duration_seconds, bpm, track_number) VALUES (903, 120, 'Speak important design agency seven', 258, 109, 5);
INSERT INTO song (song_id, album_id, name, duration_seconds, bpm, track_number) VALUES (904, 120, 'Exist', 238, 76, 6);
INSERT INTO song (song_id, album_id, name, duration_seconds, bpm, track_number) VALUES (905, 120, 'Federal fear daughter meet', 198, 85, 7);
INSERT INTO song (song_id, album_id, name, duration_seconds, bpm, track_number) VALUES (906, 120, 'Tell population subject', 361, 170, 8);
INSERT INTO album (album_id, artist_id, title, release_year, created_at) VALUES (121, 58, 'Multi-lateral uniform access', 2000, NOW());
INSERT INTO song (song_id, album_id, name, duration_seconds, bpm, track_number) VALUES (907, 121, 'Option', 202, 173, 1);
INSERT INTO song (song_id, album_id, name, duration_seconds, bpm, track_number) VALUES (908, 121, 'Heavy in base another', 259, 91, 2);
INSERT INTO song (song_id, album_id, name, duration_seconds, bpm, track_number) VALUES (909, 121, 'Voice central personal', 236, 169, 3);
INSERT INTO song (song_id, album_id, name, duration_seconds, bpm, track_number) VALUES (910, 121, 'Notice hour', 274, 165, 4);
INSERT INTO song (song_id, album_id, name, duration_seconds, bpm, track_number) VALUES (911, 121, 'Little', 416, 108, 5);
INSERT INTO song (song_id, album_id, name, duration_seconds, bpm, track_number) VALUES (912, 121, 'The economic', 230, 83, 6);
INSERT INTO song (song_id, album_id, name, duration_seconds, bpm, track_number) VALUES (913, 121, 'Threat first', 441, 67, 7);
INSERT INTO album (album_id, artist_id, title, release_year, created_at) VALUES (122, 58, 'Enhanced user-facing synergy', 1982, NOW());
INSERT INTO song (song_id, album_id, name, duration_seconds, bpm, track_number) VALUES (914, 122, 'Compare statement change', 301, 97, 1);
INSERT INTO song (song_id, album_id, name, duration_seconds, bpm, track_number) VALUES (915, 122, 'Involve', 424, 124, 2);
INSERT INTO song (song_id, album_id, name, duration_seconds, bpm, track_number) VALUES (916, 122, 'Television', 441, 70, 3);
INSERT INTO song (song_id, album_id, name, duration_seconds, bpm, track_number) VALUES (917, 122, 'Resource', 231, 108, 4);
INSERT INTO song (song_id, album_id, name, duration_seconds, bpm, track_number) VALUES (918, 122, 'Easy son', 215, 63, 5);
INSERT INTO song (song_id, album_id, name, duration_seconds, bpm, track_number) VALUES (919, 122, 'Institution relationship', 148, 71, 6);
INSERT INTO song (song_id, album_id, name, duration_seconds, bpm, track_number) VALUES (920, 122, 'Receive sense tend item', 442, 63, 7);
INSERT INTO song (song_id, album_id, name, duration_seconds, bpm, track_number) VALUES (921, 122, 'Range become forget', 471, 61, 8);
INSERT INTO song (song_id, album_id, name, duration_seconds, bpm, track_number) VALUES (922, 122, 'Culture thank whose', 475, 63, 9);
INSERT INTO album (album_id, artist_id, title, release_year, created_at) VALUES (123, 58, 'Cross-group composite service-desk', 2004, NOW());
INSERT INTO song (song_id, album_id, name, duration_seconds, bpm, track_number) VALUES (923, 123, 'Board PM', 381, 175, 1);
INSERT INTO song (song_id, album_id, name, duration_seconds, bpm, track_number) VALUES (924, 123, 'Report why mouth', 180, 98, 2);
INSERT INTO song (song_id, album_id, name, duration_seconds, bpm, track_number) VALUES (925, 123, 'Home', 224, 77, 3);
INSERT INTO song (song_id, album_id, name, duration_seconds, bpm, track_number) VALUES (926, 123, 'Yes present music', 396, 136, 4);
INSERT INTO song (song_id, album_id, name, duration_seconds, bpm, track_number) VALUES (927, 123, 'Interest must north', 459, 105, 5);
INSERT INTO song (song_id, album_id, name, duration_seconds, bpm, track_number) VALUES (928, 123, 'Be number', 395, 123, 6);
INSERT INTO song (song_id, album_id, name, duration_seconds, bpm, track_number) VALUES (929, 123, 'Lay soldier', 235, 150, 7);
INSERT INTO song (song_id, album_id, name, duration_seconds, bpm, track_number) VALUES (930, 123, 'Big body public', 212, 68, 8);
INSERT INTO song (song_id, album_id, name, duration_seconds, bpm, track_number) VALUES (931, 123, 'Research', 474, 110, 9);
INSERT INTO album (album_id, artist_id, title, release_year, created_at) VALUES (124, 59, 'Diverse multimedia process improvement', 1994, NOW());
INSERT INTO song (song_id, album_id, name, duration_seconds, bpm, track_number) VALUES (932, 124, 'Some first', 323, 170, 1);
INSERT INTO song (song_id, album_id, name, duration_seconds, bpm, track_number) VALUES (933, 124, 'Evidence area', 167, 83, 2);
INSERT INTO song (song_id, album_id, name, duration_seconds, bpm, track_number) VALUES (934, 124, 'Democrat sea', 302, 129, 3);
INSERT INTO song (song_id, album_id, name, duration_seconds, bpm, track_number) VALUES (935, 124, 'Account', 319, 76, 4);
INSERT INTO song (song_id, album_id, name, duration_seconds, bpm, track_number) VALUES (936, 124, 'Economy city market decision', 454, 66, 5);
INSERT INTO song (song_id, album_id, name, duration_seconds, bpm, track_number) VALUES (937, 124, 'Pattern', 398, 70, 6);
INSERT INTO song (song_id, album_id, name, duration_seconds, bpm, track_number) VALUES (938, 124, 'Win', 454, 84, 7);
INSERT INTO album (album_id, artist_id, title, release_year, created_at) VALUES (125, 59, 'User-centric regional groupware', 1972, NOW());
INSERT INTO song (song_id, album_id, name, duration_seconds, bpm, track_number) VALUES (939, 125, 'West however need pull', 268, 60, 1);
INSERT INTO song (song_id, album_id, name, duration_seconds, bpm, track_number) VALUES (940, 125, 'Officer', 386, 102, 2);
INSERT INTO song (song_id, album_id, name, duration_seconds, bpm, track_number) VALUES (941, 125, 'Tv history total', 278, 98, 3);
INSERT INTO song (song_id, album_id, name, duration_seconds, bpm, track_number) VALUES (942, 125, 'Maintain', 236, 150, 4);
INSERT INTO song (song_id, album_id, name, duration_seconds, bpm, track_number) VALUES (943, 125, 'Society interview', 338, 70, 5);
INSERT INTO song (song_id, album_id, name, duration_seconds, bpm, track_number) VALUES (944, 125, 'Agent', 382, 95, 6);
INSERT INTO song (song_id, album_id, name, duration_seconds, bpm, track_number) VALUES (945, 125, 'Series car speech', 406, 69, 7);
INSERT INTO album (album_id, artist_id, title, release_year, created_at) VALUES (126, 60, 'Devolved executive database', 1973, NOW());
INSERT INTO song (song_id, album_id, name, duration_seconds, bpm, track_number) VALUES (946, 126, 'Me open', 250, 134, 1);
INSERT INTO song (song_id, album_id, name, duration_seconds, bpm, track_number) VALUES (947, 126, 'Mention million seat', 312, 137, 2);
INSERT INTO song (song_id, album_id, name, duration_seconds, bpm, track_number) VALUES (948, 126, 'Traditional church', 302, 150, 3);
INSERT INTO song (song_id, album_id, name, duration_seconds, bpm, track_number) VALUES (949, 126, 'Center night reduce do', 216, 105, 4);
INSERT INTO song (song_id, album_id, name, duration_seconds, bpm, track_number) VALUES (950, 126, 'Power middle interview', 146, 99, 5);
INSERT INTO album (album_id, artist_id, title, release_year, created_at) VALUES (127, 60, 'Fully-configurable homogeneous infrastructure', 2019, NOW());
INSERT INTO song (song_id, album_id, name, duration_seconds, bpm, track_number) VALUES (951, 127, 'Issue', 290, 122, 1);
INSERT INTO song (song_id, album_id, name, duration_seconds, bpm, track_number) VALUES (952, 127, 'Whole', 374, 77, 2);
INSERT INTO song (song_id, album_id, name, duration_seconds, bpm, track_number) VALUES (953, 127, 'Deep these', 304, 71, 3);
INSERT INTO song (song_id, album_id, name, duration_seconds, bpm, track_number) VALUES (954, 127, 'Newspaper important', 145, 155, 4);
INSERT INTO song (song_id, album_id, name, duration_seconds, bpm, track_number) VALUES (955, 127, 'Order', 469, 152, 5);
INSERT INTO album (album_id, artist_id, title, release_year, created_at) VALUES (128, 60, 'Compatible dynamic interface', 1972, NOW());
INSERT INTO song (song_id, album_id, name, duration_seconds, bpm, track_number) VALUES (956, 128, 'Memory side may', 237, 87, 1);
INSERT INTO song (song_id, album_id, name, duration_seconds, bpm, track_number) VALUES (957, 128, 'Sister enjoy until', 480, 146, 2);
INSERT INTO song (song_id, album_id, name, duration_seconds, bpm, track_number) VALUES (958, 128, 'Simple', 351, 112, 3);
INSERT INTO song (song_id, album_id, name, duration_seconds, bpm, track_number) VALUES (959, 128, 'Break which record', 217, 176, 4);
INSERT INTO song (song_id, album_id, name, duration_seconds, bpm, track_number) VALUES (960, 128, 'Table authority capital', 426, 173, 5);
INSERT INTO song (song_id, album_id, name, duration_seconds, bpm, track_number) VALUES (961, 128, 'Design whose', 290, 90, 6);
INSERT INTO song (song_id, album_id, name, duration_seconds, bpm, track_number) VALUES (962, 128, 'Consider into', 160, 132, 7);
INSERT INTO song (song_id, album_id, name, duration_seconds, bpm, track_number) VALUES (963, 128, 'Article', 468, 95, 8);
INSERT INTO song (song_id, album_id, name, duration_seconds, bpm, track_number) VALUES (964, 128, 'Wear seem receive field', 219, 130, 9);
INSERT INTO song (song_id, album_id, name, duration_seconds, bpm, track_number) VALUES (965, 128, 'Unit room tonight east', 154, 111, 10);
INSERT INTO album (album_id, artist_id, title, release_year, created_at) VALUES (129, 61, 'Virtual real-time algorithm', 2020, NOW());
INSERT INTO song (song_id, album_id, name, duration_seconds, bpm, track_number) VALUES (966, 129, 'Book', 153, 123, 1);
INSERT INTO song (song_id, album_id, name, duration_seconds, bpm, track_number) VALUES (967, 129, 'Guy nation position difficult', 152, 161, 2);
INSERT INTO song (song_id, album_id, name, duration_seconds, bpm, track_number) VALUES (968, 129, 'Feeling', 463, 138, 3);
INSERT INTO song (song_id, album_id, name, duration_seconds, bpm, track_number) VALUES (969, 129, 'New', 435, 60, 4);
INSERT INTO song (song_id, album_id, name, duration_seconds, bpm, track_number) VALUES (970, 129, 'Family', 405, 121, 5);
INSERT INTO album (album_id, artist_id, title, release_year, created_at) VALUES (130, 61, 'Up-sized incremental capacity', 1999, NOW());
INSERT INTO song (song_id, album_id, name, duration_seconds, bpm, track_number) VALUES (971, 130, 'Clear might usually', 235, 175, 1);
INSERT INTO song (song_id, album_id, name, duration_seconds, bpm, track_number) VALUES (972, 130, 'Support', 414, 89, 2);
INSERT INTO song (song_id, album_id, name, duration_seconds, bpm, track_number) VALUES (973, 130, 'Agree huge', 143, 101, 3);
INSERT INTO song (song_id, album_id, name, duration_seconds, bpm, track_number) VALUES (974, 130, 'Bed', 379, 89, 4);
INSERT INTO song (song_id, album_id, name, duration_seconds, bpm, track_number) VALUES (975, 130, 'Recognize glass toward', 216, 77, 5);
INSERT INTO song (song_id, album_id, name, duration_seconds, bpm, track_number) VALUES (976, 130, 'Adult', 288, 152, 6);
INSERT INTO song (song_id, album_id, name, duration_seconds, bpm, track_number) VALUES (977, 130, 'Establish oil', 477, 69, 7);
INSERT INTO song (song_id, album_id, name, duration_seconds, bpm, track_number) VALUES (978, 130, 'Rule possible animal feel', 227, 164, 8);
INSERT INTO song (song_id, album_id, name, duration_seconds, bpm, track_number) VALUES (979, 130, 'Factor inside', 411, 97, 9);
INSERT INTO album (album_id, artist_id, title, release_year, created_at) VALUES (131, 62, 'Enhanced optimizing orchestration', 2023, NOW());
INSERT INTO song (song_id, album_id, name, duration_seconds, bpm, track_number) VALUES (980, 131, 'News', 268, 100, 1);
INSERT INTO song (song_id, album_id, name, duration_seconds, bpm, track_number) VALUES (981, 131, 'Age look can worker compare', 224, 82, 2);
INSERT INTO song (song_id, album_id, name, duration_seconds, bpm, track_number) VALUES (982, 131, 'Case', 457, 124, 3);
INSERT INTO song (song_id, album_id, name, duration_seconds, bpm, track_number) VALUES (983, 131, 'Several fire her', 313, 142, 4);
INSERT INTO song (song_id, album_id, name, duration_seconds, bpm, track_number) VALUES (984, 131, 'Relationship lot effect', 297, 96, 5);
INSERT INTO album (album_id, artist_id, title, release_year, created_at) VALUES (132, 63, 'De-engineered human-resource workforce', 2010, NOW());
INSERT INTO song (song_id, album_id, name, duration_seconds, bpm, track_number) VALUES (985, 132, 'Both space whole exist', 169, 165, 1);
INSERT INTO song (song_id, album_id, name, duration_seconds, bpm, track_number) VALUES (986, 132, 'Everybody', 424, 88, 2);
INSERT INTO song (song_id, album_id, name, duration_seconds, bpm, track_number) VALUES (987, 132, 'So', 430, 64, 3);
INSERT INTO song (song_id, album_id, name, duration_seconds, bpm, track_number) VALUES (988, 132, 'Hit consider', 422, 152, 4);
INSERT INTO song (song_id, album_id, name, duration_seconds, bpm, track_number) VALUES (989, 132, 'Medical', 129, 92, 5);
INSERT INTO song (song_id, album_id, name, duration_seconds, bpm, track_number) VALUES (990, 132, 'Expect', 415, 60, 6);
INSERT INTO album (album_id, artist_id, title, release_year, created_at) VALUES (133, 64, 'Team-oriented leadingedge methodology', 1982, NOW());
INSERT INTO song (song_id, album_id, name, duration_seconds, bpm, track_number) VALUES (991, 133, 'Article for control member', 256, 150, 1);
INSERT INTO song (song_id, album_id, name, duration_seconds, bpm, track_number) VALUES (992, 133, 'Company', 335, 105, 2);
INSERT INTO song (song_id, album_id, name, duration_seconds, bpm, track_number) VALUES (993, 133, 'Relationship have', 455, 135, 3);
INSERT INTO song (song_id, album_id, name, duration_seconds, bpm, track_number) VALUES (994, 133, 'Heart often', 454, 144, 4);
INSERT INTO song (song_id, album_id, name, duration_seconds, bpm, track_number) VALUES (995, 133, 'Onto', 276, 140, 5);
INSERT INTO song (song_id, album_id, name, duration_seconds, bpm, track_number) VALUES (996, 133, 'Mouth thus', 284, 162, 6);
INSERT INTO song (song_id, album_id, name, duration_seconds, bpm, track_number) VALUES (997, 133, 'Ahead', 183, 176, 7);
INSERT INTO song (song_id, album_id, name, duration_seconds, bpm, track_number) VALUES (998, 133, 'Hold', 411, 142, 8);
INSERT INTO song (song_id, album_id, name, duration_seconds, bpm, track_number) VALUES (999, 133, 'Part', 405, 158, 9);
INSERT INTO song (song_id, album_id, name, duration_seconds, bpm, track_number) VALUES (1000, 133, 'Get place church', 368, 159, 10);
INSERT INTO album (album_id, artist_id, title, release_year, created_at) VALUES (134, 64, 'Synergistic demand-driven function', 2018, NOW());
INSERT INTO song (song_id, album_id, name, duration_seconds, bpm, track_number) VALUES (1001, 134, 'Business', 373, 139, 1);
INSERT INTO song (song_id, album_id, name, duration_seconds, bpm, track_number) VALUES (1002, 134, 'But expect father', 421, 131, 2);
INSERT INTO song (song_id, album_id, name, duration_seconds, bpm, track_number) VALUES (1003, 134, 'Charge small', 281, 64, 3);
INSERT INTO song (song_id, album_id, name, duration_seconds, bpm, track_number) VALUES (1004, 134, 'Mother positive product kitchen', 403, 171, 4);
INSERT INTO song (song_id, album_id, name, duration_seconds, bpm, track_number) VALUES (1005, 134, 'Fund image wide', 439, 149, 5);
INSERT INTO song (song_id, album_id, name, duration_seconds, bpm, track_number) VALUES (1006, 134, 'Provide shake every turn response', 442, 133, 6);
INSERT INTO song (song_id, album_id, name, duration_seconds, bpm, track_number) VALUES (1007, 134, 'Step during', 436, 168, 7);
INSERT INTO album (album_id, artist_id, title, release_year, created_at) VALUES (135, 64, 'Diverse object-oriented standardization', 1975, NOW());
INSERT INTO song (song_id, album_id, name, duration_seconds, bpm, track_number) VALUES (1008, 135, 'Quickly back strong', 347, 121, 1);
INSERT INTO song (song_id, album_id, name, duration_seconds, bpm, track_number) VALUES (1009, 135, 'Must', 389, 87, 2);
INSERT INTO song (song_id, album_id, name, duration_seconds, bpm, track_number) VALUES (1010, 135, 'Financial tax', 405, 161, 3);
INSERT INTO song (song_id, album_id, name, duration_seconds, bpm, track_number) VALUES (1011, 135, 'Include public among', 327, 107, 4);
INSERT INTO song (song_id, album_id, name, duration_seconds, bpm, track_number) VALUES (1012, 135, 'May treat vote', 322, 108, 5);
INSERT INTO song (song_id, album_id, name, duration_seconds, bpm, track_number) VALUES (1013, 135, 'Spring meeting', 356, 165, 6);
INSERT INTO song (song_id, album_id, name, duration_seconds, bpm, track_number) VALUES (1014, 135, 'Student', 245, 107, 7);
INSERT INTO song (song_id, album_id, name, duration_seconds, bpm, track_number) VALUES (1015, 135, 'Officer billion', 310, 130, 8);
INSERT INTO song (song_id, album_id, name, duration_seconds, bpm, track_number) VALUES (1016, 135, 'Action', 265, 111, 9);
INSERT INTO song (song_id, album_id, name, duration_seconds, bpm, track_number) VALUES (1017, 135, 'Moment', 297, 142, 10);
INSERT INTO album (album_id, artist_id, title, release_year, created_at) VALUES (136, 65, 'Secured upward-trending pricing structure', 1973, NOW());
INSERT INTO song (song_id, album_id, name, duration_seconds, bpm, track_number) VALUES (1018, 136, 'Purpose', 402, 102, 1);
INSERT INTO song (song_id, album_id, name, duration_seconds, bpm, track_number) VALUES (1019, 136, 'Stage work', 146, 95, 2);
INSERT INTO song (song_id, album_id, name, duration_seconds, bpm, track_number) VALUES (1020, 136, 'Nature', 297, 60, 3);
INSERT INTO song (song_id, album_id, name, duration_seconds, bpm, track_number) VALUES (1021, 136, 'Morning', 446, 166, 4);
INSERT INTO song (song_id, album_id, name, duration_seconds, bpm, track_number) VALUES (1022, 136, 'Chair our', 444, 156, 5);
INSERT INTO song (song_id, album_id, name, duration_seconds, bpm, track_number) VALUES (1023, 136, 'These identify culture Democrat', 383, 111, 6);
INSERT INTO song (song_id, album_id, name, duration_seconds, bpm, track_number) VALUES (1024, 136, 'Material laugh', 177, 123, 7);
INSERT INTO album (album_id, artist_id, title, release_year, created_at) VALUES (137, 66, 'Managed next generation portal', 1973, NOW());
INSERT INTO song (song_id, album_id, name, duration_seconds, bpm, track_number) VALUES (1025, 137, 'Everyone conference tough', 282, 119, 1);
INSERT INTO song (song_id, album_id, name, duration_seconds, bpm, track_number) VALUES (1026, 137, 'Son could already health', 237, 153, 2);
INSERT INTO song (song_id, album_id, name, duration_seconds, bpm, track_number) VALUES (1027, 137, 'Generation', 317, 115, 3);
INSERT INTO song (song_id, album_id, name, duration_seconds, bpm, track_number) VALUES (1028, 137, 'Me', 382, 159, 4);
INSERT INTO song (song_id, album_id, name, duration_seconds, bpm, track_number) VALUES (1029, 137, 'Far write visit real', 199, 155, 5);
INSERT INTO song (song_id, album_id, name, duration_seconds, bpm, track_number) VALUES (1030, 137, 'Even', 154, 111, 6);
INSERT INTO song (song_id, album_id, name, duration_seconds, bpm, track_number) VALUES (1031, 137, 'Improve player try himself national', 123, 65, 7);
INSERT INTO song (song_id, album_id, name, duration_seconds, bpm, track_number) VALUES (1032, 137, 'Seem dream', 429, 111, 8);
INSERT INTO song (song_id, album_id, name, duration_seconds, bpm, track_number) VALUES (1033, 137, 'Painting', 237, 96, 9);
INSERT INTO album (album_id, artist_id, title, release_year, created_at) VALUES (138, 66, 'Triple-buffered client-server focus group', 2019, NOW());
INSERT INTO song (song_id, album_id, name, duration_seconds, bpm, track_number) VALUES (1034, 138, 'Really', 275, 166, 1);
INSERT INTO song (song_id, album_id, name, duration_seconds, bpm, track_number) VALUES (1035, 138, 'Guy today', 324, 132, 2);
INSERT INTO song (song_id, album_id, name, duration_seconds, bpm, track_number) VALUES (1036, 138, 'Great accept training', 240, 112, 3);
INSERT INTO song (song_id, album_id, name, duration_seconds, bpm, track_number) VALUES (1037, 138, 'Very', 141, 124, 4);
INSERT INTO song (song_id, album_id, name, duration_seconds, bpm, track_number) VALUES (1038, 138, 'Wrong', 461, 60, 5);
INSERT INTO song (song_id, album_id, name, duration_seconds, bpm, track_number) VALUES (1039, 138, 'Anything', 370, 157, 6);
INSERT INTO song (song_id, album_id, name, duration_seconds, bpm, track_number) VALUES (1040, 138, 'Tv discuss', 261, 159, 7);
INSERT INTO album (album_id, artist_id, title, release_year, created_at) VALUES (139, 67, 'Automated human-resource solution', 2006, NOW());
INSERT INTO song (song_id, album_id, name, duration_seconds, bpm, track_number) VALUES (1041, 139, 'Activity address assume', 274, 155, 1);
INSERT INTO song (song_id, album_id, name, duration_seconds, bpm, track_number) VALUES (1042, 139, 'Sign seat investment', 200, 88, 2);
INSERT INTO song (song_id, album_id, name, duration_seconds, bpm, track_number) VALUES (1043, 139, 'Simple resource official spend for', 142, 177, 3);
INSERT INTO song (song_id, album_id, name, duration_seconds, bpm, track_number) VALUES (1044, 139, 'Behavior then project anything tough', 166, 65, 4);
INSERT INTO song (song_id, album_id, name, duration_seconds, bpm, track_number) VALUES (1045, 139, 'Current again moment', 203, 114, 5);
INSERT INTO song (song_id, album_id, name, duration_seconds, bpm, track_number) VALUES (1046, 139, 'Peace beautiful dinner college', 212, 126, 6);
INSERT INTO song (song_id, album_id, name, duration_seconds, bpm, track_number) VALUES (1047, 139, 'Available', 428, 68, 7);
INSERT INTO song (song_id, album_id, name, duration_seconds, bpm, track_number) VALUES (1048, 139, 'Present', 218, 169, 8);
INSERT INTO song (song_id, album_id, name, duration_seconds, bpm, track_number) VALUES (1049, 139, 'Image series upon', 355, 144, 9);
INSERT INTO song (song_id, album_id, name, duration_seconds, bpm, track_number) VALUES (1050, 139, 'Officer quickly wide', 207, 136, 10);
INSERT INTO album (album_id, artist_id, title, release_year, created_at) VALUES (140, 67, 'Total high-level challenge', 2002, NOW());
INSERT INTO song (song_id, album_id, name, duration_seconds, bpm, track_number) VALUES (1051, 140, 'Store', 388, 148, 1);
INSERT INTO song (song_id, album_id, name, duration_seconds, bpm, track_number) VALUES (1052, 140, 'Throw others soon', 328, 67, 2);
INSERT INTO song (song_id, album_id, name, duration_seconds, bpm, track_number) VALUES (1053, 140, 'Oil hope heart message', 352, 144, 3);
INSERT INTO song (song_id, album_id, name, duration_seconds, bpm, track_number) VALUES (1054, 140, 'Store', 453, 109, 4);
INSERT INTO song (song_id, album_id, name, duration_seconds, bpm, track_number) VALUES (1055, 140, 'Student', 304, 163, 5);
INSERT INTO album (album_id, artist_id, title, release_year, created_at) VALUES (141, 68, 'Diverse exuding core', 1995, NOW());
INSERT INTO song (song_id, album_id, name, duration_seconds, bpm, track_number) VALUES (1056, 141, 'Both born if', 152, 158, 1);
INSERT INTO song (song_id, album_id, name, duration_seconds, bpm, track_number) VALUES (1057, 141, 'Detail news west those', 375, 135, 2);
INSERT INTO song (song_id, album_id, name, duration_seconds, bpm, track_number) VALUES (1058, 141, 'Attack', 386, 157, 3);
INSERT INTO song (song_id, album_id, name, duration_seconds, bpm, track_number) VALUES (1059, 141, 'Will central something', 181, 86, 4);
INSERT INTO song (song_id, album_id, name, duration_seconds, bpm, track_number) VALUES (1060, 141, 'Weight', 399, 66, 5);
INSERT INTO song (song_id, album_id, name, duration_seconds, bpm, track_number) VALUES (1061, 141, 'Day', 369, 104, 6);
INSERT INTO song (song_id, album_id, name, duration_seconds, bpm, track_number) VALUES (1062, 141, 'Gun manage movie', 231, 153, 7);
INSERT INTO song (song_id, album_id, name, duration_seconds, bpm, track_number) VALUES (1063, 141, 'Like set', 437, 136, 8);
INSERT INTO song (song_id, album_id, name, duration_seconds, bpm, track_number) VALUES (1064, 141, 'Himself', 331, 66, 9);
INSERT INTO album (album_id, artist_id, title, release_year, created_at) VALUES (142, 68, 'Self-enabling next generation Local Area Network', 1996, NOW());
INSERT INTO song (song_id, album_id, name, duration_seconds, bpm, track_number) VALUES (1065, 142, 'Whether himself', 314, 177, 1);
INSERT INTO song (song_id, album_id, name, duration_seconds, bpm, track_number) VALUES (1066, 142, 'Anything not', 209, 127, 2);
INSERT INTO song (song_id, album_id, name, duration_seconds, bpm, track_number) VALUES (1067, 142, 'Put a improve sport', 339, 91, 3);
INSERT INTO song (song_id, album_id, name, duration_seconds, bpm, track_number) VALUES (1068, 142, 'Wind middle', 441, 89, 4);
INSERT INTO song (song_id, album_id, name, duration_seconds, bpm, track_number) VALUES (1069, 142, 'Official or set probably', 346, 177, 5);
INSERT INTO song (song_id, album_id, name, duration_seconds, bpm, track_number) VALUES (1070, 142, 'Cost according according', 308, 78, 6);
INSERT INTO song (song_id, album_id, name, duration_seconds, bpm, track_number) VALUES (1071, 142, 'Little', 124, 108, 7);
INSERT INTO album (album_id, artist_id, title, release_year, created_at) VALUES (143, 68, 'Reverse-engineered system-worthy contingency', 2022, NOW());
INSERT INTO song (song_id, album_id, name, duration_seconds, bpm, track_number) VALUES (1072, 143, 'Short girl', 456, 169, 1);
INSERT INTO song (song_id, album_id, name, duration_seconds, bpm, track_number) VALUES (1073, 143, 'Hospital story use', 441, 76, 2);
INSERT INTO song (song_id, album_id, name, duration_seconds, bpm, track_number) VALUES (1074, 143, 'Produce unit', 442, 64, 3);
INSERT INTO song (song_id, album_id, name, duration_seconds, bpm, track_number) VALUES (1075, 143, 'Difference our', 222, 151, 4);
INSERT INTO song (song_id, album_id, name, duration_seconds, bpm, track_number) VALUES (1076, 143, 'Field civil', 319, 172, 5);
INSERT INTO song (song_id, album_id, name, duration_seconds, bpm, track_number) VALUES (1077, 143, 'Few including traditional', 159, 106, 6);
INSERT INTO song (song_id, album_id, name, duration_seconds, bpm, track_number) VALUES (1078, 143, 'Foreign relate best', 395, 126, 7);
INSERT INTO song (song_id, album_id, name, duration_seconds, bpm, track_number) VALUES (1079, 143, 'Size enough herself', 237, 164, 8);
INSERT INTO song (song_id, album_id, name, duration_seconds, bpm, track_number) VALUES (1080, 143, 'Follow', 306, 138, 9);
INSERT INTO album (album_id, artist_id, title, release_year, created_at) VALUES (144, 69, 'Focused holistic productivity', 1983, NOW());
INSERT INTO song (song_id, album_id, name, duration_seconds, bpm, track_number) VALUES (1081, 144, 'Kid environment professor', 316, 121, 1);
INSERT INTO song (song_id, album_id, name, duration_seconds, bpm, track_number) VALUES (1082, 144, 'Receive usually', 241, 97, 2);
INSERT INTO song (song_id, album_id, name, duration_seconds, bpm, track_number) VALUES (1083, 144, 'Minute in', 385, 155, 3);
INSERT INTO song (song_id, album_id, name, duration_seconds, bpm, track_number) VALUES (1084, 144, 'Politics', 303, 129, 4);
INSERT INTO song (song_id, album_id, name, duration_seconds, bpm, track_number) VALUES (1085, 144, 'Factor', 270, 135, 5);
INSERT INTO song (song_id, album_id, name, duration_seconds, bpm, track_number) VALUES (1086, 144, 'These', 308, 85, 6);
INSERT INTO song (song_id, album_id, name, duration_seconds, bpm, track_number) VALUES (1087, 144, 'Feeling ground bad', 176, 75, 7);
INSERT INTO album (album_id, artist_id, title, release_year, created_at) VALUES (145, 69, 'De-engineered background encryption', 2011, NOW());
INSERT INTO song (song_id, album_id, name, duration_seconds, bpm, track_number) VALUES (1088, 145, 'Base glass foot democratic', 477, 68, 1);
INSERT INTO song (song_id, album_id, name, duration_seconds, bpm, track_number) VALUES (1089, 145, 'Customer', 200, 163, 2);
INSERT INTO song (song_id, album_id, name, duration_seconds, bpm, track_number) VALUES (1090, 145, 'Whom happen truth', 249, 166, 3);
INSERT INTO song (song_id, album_id, name, duration_seconds, bpm, track_number) VALUES (1091, 145, 'Apply note', 167, 107, 4);
INSERT INTO song (song_id, album_id, name, duration_seconds, bpm, track_number) VALUES (1092, 145, 'Science note win these', 257, 147, 5);
INSERT INTO song (song_id, album_id, name, duration_seconds, bpm, track_number) VALUES (1093, 145, 'Loss old particular', 465, 86, 6);
INSERT INTO song (song_id, album_id, name, duration_seconds, bpm, track_number) VALUES (1094, 145, 'Goal', 326, 117, 7);
INSERT INTO song (song_id, album_id, name, duration_seconds, bpm, track_number) VALUES (1095, 145, 'Live', 256, 94, 8);
INSERT INTO song (song_id, album_id, name, duration_seconds, bpm, track_number) VALUES (1096, 145, 'Analysis', 312, 145, 9);
INSERT INTO album (album_id, artist_id, title, release_year, created_at) VALUES (146, 69, 'Self-enabling tangible superstructure', 2007, NOW());
INSERT INTO song (song_id, album_id, name, duration_seconds, bpm, track_number) VALUES (1097, 146, 'Always baby', 333, 76, 1);
INSERT INTO song (song_id, album_id, name, duration_seconds, bpm, track_number) VALUES (1098, 146, 'Arm certainly', 462, 155, 2);
INSERT INTO song (song_id, album_id, name, duration_seconds, bpm, track_number) VALUES (1099, 146, 'Both', 442, 95, 3);
INSERT INTO song (song_id, album_id, name, duration_seconds, bpm, track_number) VALUES (1100, 146, 'Effect', 414, 158, 4);
INSERT INTO song (song_id, album_id, name, duration_seconds, bpm, track_number) VALUES (1101, 146, 'Above', 220, 114, 5);
INSERT INTO song (song_id, album_id, name, duration_seconds, bpm, track_number) VALUES (1102, 146, 'Into bill', 403, 128, 6);
INSERT INTO album (album_id, artist_id, title, release_year, created_at) VALUES (147, 70, 'Front-line bifurcated Graphic Interface', 2021, NOW());
INSERT INTO song (song_id, album_id, name, duration_seconds, bpm, track_number) VALUES (1103, 147, 'Hundred', 426, 166, 1);
INSERT INTO song (song_id, album_id, name, duration_seconds, bpm, track_number) VALUES (1104, 147, 'Move represent', 323, 172, 2);
INSERT INTO song (song_id, album_id, name, duration_seconds, bpm, track_number) VALUES (1105, 147, 'Win base', 388, 102, 3);
INSERT INTO song (song_id, album_id, name, duration_seconds, bpm, track_number) VALUES (1106, 147, 'Fund', 140, 137, 4);
INSERT INTO song (song_id, album_id, name, duration_seconds, bpm, track_number) VALUES (1107, 147, 'Election adult partner leader', 362, 157, 5);
INSERT INTO song (song_id, album_id, name, duration_seconds, bpm, track_number) VALUES (1108, 147, 'Bring behavior whole', 149, 104, 6);
INSERT INTO album (album_id, artist_id, title, release_year, created_at) VALUES (148, 70, 'Team-oriented system-worthy open architecture', 2021, NOW());
INSERT INTO song (song_id, album_id, name, duration_seconds, bpm, track_number) VALUES (1109, 148, 'Big around', 151, 176, 1);
INSERT INTO song (song_id, album_id, name, duration_seconds, bpm, track_number) VALUES (1110, 148, 'Yourself', 326, 66, 2);
INSERT INTO song (song_id, album_id, name, duration_seconds, bpm, track_number) VALUES (1111, 148, 'Miss', 387, 83, 3);
INSERT INTO song (song_id, album_id, name, duration_seconds, bpm, track_number) VALUES (1112, 148, 'Join', 470, 111, 4);
INSERT INTO song (song_id, album_id, name, duration_seconds, bpm, track_number) VALUES (1113, 148, 'Eye three rather', 353, 178, 5);
INSERT INTO song (song_id, album_id, name, duration_seconds, bpm, track_number) VALUES (1114, 148, 'Trial', 445, 151, 6);
INSERT INTO album (album_id, artist_id, title, release_year, created_at) VALUES (149, 70, 'Business-focused demand-driven strategy', 2024, NOW());
INSERT INTO song (song_id, album_id, name, duration_seconds, bpm, track_number) VALUES (1115, 149, 'Information sport decide', 430, 112, 1);
INSERT INTO song (song_id, album_id, name, duration_seconds, bpm, track_number) VALUES (1116, 149, 'Successful', 409, 92, 2);
INSERT INTO song (song_id, album_id, name, duration_seconds, bpm, track_number) VALUES (1117, 149, 'Wind gun', 399, 164, 3);
INSERT INTO song (song_id, album_id, name, duration_seconds, bpm, track_number) VALUES (1118, 149, 'Prevent', 379, 116, 4);
INSERT INTO song (song_id, album_id, name, duration_seconds, bpm, track_number) VALUES (1119, 149, 'Former', 138, 142, 5);
INSERT INTO album (album_id, artist_id, title, release_year, created_at) VALUES (150, 71, 'Customizable full-range orchestration', 1978, NOW());
INSERT INTO song (song_id, album_id, name, duration_seconds, bpm, track_number) VALUES (1120, 150, 'Billion piece', 460, 136, 1);
INSERT INTO song (song_id, album_id, name, duration_seconds, bpm, track_number) VALUES (1121, 150, 'Front four defense arm cell', 478, 158, 2);
INSERT INTO song (song_id, album_id, name, duration_seconds, bpm, track_number) VALUES (1122, 150, 'With meet', 259, 141, 3);
INSERT INTO song (song_id, album_id, name, duration_seconds, bpm, track_number) VALUES (1123, 150, 'Section', 146, 67, 4);
INSERT INTO song (song_id, album_id, name, duration_seconds, bpm, track_number) VALUES (1124, 150, 'Certainly effort drug doctor', 371, 65, 5);
INSERT INTO album (album_id, artist_id, title, release_year, created_at) VALUES (151, 72, 'Balanced mobile hierarchy', 1997, NOW());
INSERT INTO song (song_id, album_id, name, duration_seconds, bpm, track_number) VALUES (1125, 151, 'Window become woman', 277, 105, 1);
INSERT INTO song (song_id, album_id, name, duration_seconds, bpm, track_number) VALUES (1126, 151, 'Prevent', 373, 82, 2);
INSERT INTO song (song_id, album_id, name, duration_seconds, bpm, track_number) VALUES (1127, 151, 'Toward join', 340, 156, 3);
INSERT INTO song (song_id, album_id, name, duration_seconds, bpm, track_number) VALUES (1128, 151, 'Time try', 152, 143, 4);
INSERT INTO song (song_id, album_id, name, duration_seconds, bpm, track_number) VALUES (1129, 151, 'Community foot', 166, 122, 5);
INSERT INTO song (song_id, album_id, name, duration_seconds, bpm, track_number) VALUES (1130, 151, 'Share', 275, 66, 6);
INSERT INTO album (album_id, artist_id, title, release_year, created_at) VALUES (152, 72, 'Open-architected transitional standardization', 1984, NOW());
INSERT INTO song (song_id, album_id, name, duration_seconds, bpm, track_number) VALUES (1131, 152, 'Environmental score', 396, 93, 1);
INSERT INTO song (song_id, album_id, name, duration_seconds, bpm, track_number) VALUES (1132, 152, 'Early', 231, 170, 2);
INSERT INTO song (song_id, album_id, name, duration_seconds, bpm, track_number) VALUES (1133, 152, 'Son', 268, 115, 3);
INSERT INTO song (song_id, album_id, name, duration_seconds, bpm, track_number) VALUES (1134, 152, 'Challenge', 351, 81, 4);
INSERT INTO song (song_id, album_id, name, duration_seconds, bpm, track_number) VALUES (1135, 152, 'Employee official', 199, 149, 5);
INSERT INTO song (song_id, album_id, name, duration_seconds, bpm, track_number) VALUES (1136, 152, 'Nor discuss anyone cultural', 291, 136, 6);
INSERT INTO song (song_id, album_id, name, duration_seconds, bpm, track_number) VALUES (1137, 152, 'Major let improve health wait', 235, 137, 7);
INSERT INTO song (song_id, album_id, name, duration_seconds, bpm, track_number) VALUES (1138, 152, 'One oil professor machine', 316, 175, 8);
INSERT INTO song (song_id, album_id, name, duration_seconds, bpm, track_number) VALUES (1139, 152, 'Customer', 442, 63, 9);
INSERT INTO album (album_id, artist_id, title, release_year, created_at) VALUES (153, 72, 'Assimilated object-oriented structure', 2020, NOW());
INSERT INTO song (song_id, album_id, name, duration_seconds, bpm, track_number) VALUES (1140, 153, 'Story', 247, 89, 1);
INSERT INTO song (song_id, album_id, name, duration_seconds, bpm, track_number) VALUES (1141, 153, 'Owner me billion', 206, 99, 2);
INSERT INTO song (song_id, album_id, name, duration_seconds, bpm, track_number) VALUES (1142, 153, 'Let', 158, 95, 3);
INSERT INTO song (song_id, album_id, name, duration_seconds, bpm, track_number) VALUES (1143, 153, 'Watch', 324, 71, 4);
INSERT INTO song (song_id, album_id, name, duration_seconds, bpm, track_number) VALUES (1144, 153, 'Employee', 279, 142, 5);
INSERT INTO song (song_id, album_id, name, duration_seconds, bpm, track_number) VALUES (1145, 153, 'Sing character week', 324, 172, 6);
INSERT INTO album (album_id, artist_id, title, release_year, created_at) VALUES (154, 73, 'Optimized regional emulation', 2000, NOW());
INSERT INTO song (song_id, album_id, name, duration_seconds, bpm, track_number) VALUES (1146, 154, 'Start hold account book', 456, 180, 1);
INSERT INTO song (song_id, album_id, name, duration_seconds, bpm, track_number) VALUES (1147, 154, 'Allow', 164, 161, 2);
INSERT INTO song (song_id, album_id, name, duration_seconds, bpm, track_number) VALUES (1148, 154, 'Available', 419, 158, 3);
INSERT INTO song (song_id, album_id, name, duration_seconds, bpm, track_number) VALUES (1149, 154, 'Myself surface', 302, 66, 4);
INSERT INTO song (song_id, album_id, name, duration_seconds, bpm, track_number) VALUES (1150, 154, 'Its', 339, 163, 5);
INSERT INTO song (song_id, album_id, name, duration_seconds, bpm, track_number) VALUES (1151, 154, 'Voice', 477, 99, 6);
INSERT INTO album (album_id, artist_id, title, release_year, created_at) VALUES (155, 73, 'Switchable attitude-oriented array', 1976, NOW());
INSERT INTO song (song_id, album_id, name, duration_seconds, bpm, track_number) VALUES (1152, 155, 'Agree', 355, 163, 1);
INSERT INTO song (song_id, album_id, name, duration_seconds, bpm, track_number) VALUES (1153, 155, 'Author beat research', 184, 147, 2);
INSERT INTO song (song_id, album_id, name, duration_seconds, bpm, track_number) VALUES (1154, 155, 'Both dinner special need', 447, 128, 3);
INSERT INTO song (song_id, album_id, name, duration_seconds, bpm, track_number) VALUES (1155, 155, 'Water', 231, 113, 4);
INSERT INTO song (song_id, album_id, name, duration_seconds, bpm, track_number) VALUES (1156, 155, 'Moment', 358, 179, 5);
INSERT INTO album (album_id, artist_id, title, release_year, created_at) VALUES (156, 74, 'Realigned disintermediate support', 1989, NOW());
INSERT INTO song (song_id, album_id, name, duration_seconds, bpm, track_number) VALUES (1157, 156, 'Budget', 387, 100, 1);
INSERT INTO song (song_id, album_id, name, duration_seconds, bpm, track_number) VALUES (1158, 156, 'Prepare', 197, 70, 2);
INSERT INTO song (song_id, album_id, name, duration_seconds, bpm, track_number) VALUES (1159, 156, 'One ability cold important', 283, 138, 3);
INSERT INTO song (song_id, album_id, name, duration_seconds, bpm, track_number) VALUES (1160, 156, 'Single give', 135, 118, 4);
INSERT INTO song (song_id, album_id, name, duration_seconds, bpm, track_number) VALUES (1161, 156, 'Tonight', 300, 115, 5);
INSERT INTO song (song_id, album_id, name, duration_seconds, bpm, track_number) VALUES (1162, 156, 'Cost cut', 173, 172, 6);
INSERT INTO song (song_id, album_id, name, duration_seconds, bpm, track_number) VALUES (1163, 156, 'Natural animal', 402, 142, 7);
INSERT INTO song (song_id, album_id, name, duration_seconds, bpm, track_number) VALUES (1164, 156, 'Account receive bring great', 122, 177, 8);
INSERT INTO album (album_id, artist_id, title, release_year, created_at) VALUES (157, 74, 'Phased even-keeled initiative', 2007, NOW());
INSERT INTO song (song_id, album_id, name, duration_seconds, bpm, track_number) VALUES (1165, 157, 'Imagine face likely also', 225, 91, 1);
INSERT INTO song (song_id, album_id, name, duration_seconds, bpm, track_number) VALUES (1166, 157, 'Tend out', 436, 131, 2);
INSERT INTO song (song_id, album_id, name, duration_seconds, bpm, track_number) VALUES (1167, 157, 'Cell maybe information', 383, 158, 3);
INSERT INTO song (song_id, album_id, name, duration_seconds, bpm, track_number) VALUES (1168, 157, 'Seek', 471, 64, 4);
INSERT INTO song (song_id, album_id, name, duration_seconds, bpm, track_number) VALUES (1169, 157, 'Show onto third', 177, 159, 5);
INSERT INTO song (song_id, album_id, name, duration_seconds, bpm, track_number) VALUES (1170, 157, 'Also history be', 343, 80, 6);
INSERT INTO song (song_id, album_id, name, duration_seconds, bpm, track_number) VALUES (1171, 157, 'There', 157, 107, 7);
INSERT INTO song (song_id, album_id, name, duration_seconds, bpm, track_number) VALUES (1172, 157, 'Piece', 310, 83, 8);
INSERT INTO song (song_id, album_id, name, duration_seconds, bpm, track_number) VALUES (1173, 157, 'Pick prepare', 320, 169, 9);
INSERT INTO album (album_id, artist_id, title, release_year, created_at) VALUES (158, 74, 'Inverse explicit adapter', 2005, NOW());
INSERT INTO song (song_id, album_id, name, duration_seconds, bpm, track_number) VALUES (1174, 158, 'Think guess', 389, 106, 1);
INSERT INTO song (song_id, album_id, name, duration_seconds, bpm, track_number) VALUES (1175, 158, 'See feeling', 456, 169, 2);
INSERT INTO song (song_id, album_id, name, duration_seconds, bpm, track_number) VALUES (1176, 158, 'Financial', 433, 81, 3);
INSERT INTO song (song_id, album_id, name, duration_seconds, bpm, track_number) VALUES (1177, 158, 'System', 288, 155, 4);
INSERT INTO song (song_id, album_id, name, duration_seconds, bpm, track_number) VALUES (1178, 158, 'Same very choose cold', 143, 99, 5);
INSERT INTO album (album_id, artist_id, title, release_year, created_at) VALUES (159, 75, 'Universal logistical data-warehouse', 1997, NOW());
INSERT INTO song (song_id, album_id, name, duration_seconds, bpm, track_number) VALUES (1179, 159, 'So start design', 205, 81, 1);
INSERT INTO song (song_id, album_id, name, duration_seconds, bpm, track_number) VALUES (1180, 159, 'Million', 399, 169, 2);
INSERT INTO song (song_id, album_id, name, duration_seconds, bpm, track_number) VALUES (1181, 159, 'Structure', 404, 155, 3);
INSERT INTO song (song_id, album_id, name, duration_seconds, bpm, track_number) VALUES (1182, 159, 'Something', 157, 64, 4);
INSERT INTO song (song_id, album_id, name, duration_seconds, bpm, track_number) VALUES (1183, 159, 'Yard', 345, 140, 5);
INSERT INTO album (album_id, artist_id, title, release_year, created_at) VALUES (160, 75, 'Decentralized even-keeled structure', 1994, NOW());
INSERT INTO song (song_id, album_id, name, duration_seconds, bpm, track_number) VALUES (1184, 160, 'Dark girl hand', 159, 106, 1);
INSERT INTO song (song_id, album_id, name, duration_seconds, bpm, track_number) VALUES (1185, 160, 'Land', 431, 126, 2);
INSERT INTO song (song_id, album_id, name, duration_seconds, bpm, track_number) VALUES (1186, 160, 'Huge thought', 275, 117, 3);
INSERT INTO song (song_id, album_id, name, duration_seconds, bpm, track_number) VALUES (1187, 160, 'Painting', 412, 136, 4);
INSERT INTO song (song_id, album_id, name, duration_seconds, bpm, track_number) VALUES (1188, 160, 'Administration', 411, 148, 5);
INSERT INTO song (song_id, album_id, name, duration_seconds, bpm, track_number) VALUES (1189, 160, 'Area', 413, 143, 6);
INSERT INTO song (song_id, album_id, name, duration_seconds, bpm, track_number) VALUES (1190, 160, 'Spend', 344, 146, 7);
INSERT INTO song (song_id, album_id, name, duration_seconds, bpm, track_number) VALUES (1191, 160, 'Who traditional us tend', 228, 177, 8);
INSERT INTO song (song_id, album_id, name, duration_seconds, bpm, track_number) VALUES (1192, 160, 'Pass style', 477, 139, 9);
INSERT INTO song (song_id, album_id, name, duration_seconds, bpm, track_number) VALUES (1193, 160, 'Finally', 288, 113, 10);
INSERT INTO album (album_id, artist_id, title, release_year, created_at) VALUES (161, 76, 'Multi-layered upward-trending encoding', 2022, NOW());
INSERT INTO song (song_id, album_id, name, duration_seconds, bpm, track_number) VALUES (1194, 161, 'Hold', 175, 178, 1);
INSERT INTO song (song_id, album_id, name, duration_seconds, bpm, track_number) VALUES (1195, 161, 'Ability bring', 175, 66, 2);
INSERT INTO song (song_id, album_id, name, duration_seconds, bpm, track_number) VALUES (1196, 161, 'Theory media', 279, 61, 3);
INSERT INTO song (song_id, album_id, name, duration_seconds, bpm, track_number) VALUES (1197, 161, 'After', 254, 124, 4);
INSERT INTO song (song_id, album_id, name, duration_seconds, bpm, track_number) VALUES (1198, 161, 'Home order mention big', 251, 162, 5);
INSERT INTO song (song_id, album_id, name, duration_seconds, bpm, track_number) VALUES (1199, 161, 'Product', 477, 158, 6);
INSERT INTO song (song_id, album_id, name, duration_seconds, bpm, track_number) VALUES (1200, 161, 'Direction partner', 264, 83, 7);
INSERT INTO song (song_id, album_id, name, duration_seconds, bpm, track_number) VALUES (1201, 161, 'Avoid', 462, 133, 8);
INSERT INTO album (album_id, artist_id, title, release_year, created_at) VALUES (162, 76, 'Visionary 24hour groupware', 2001, NOW());
INSERT INTO song (song_id, album_id, name, duration_seconds, bpm, track_number) VALUES (1202, 162, 'Image', 146, 114, 1);
INSERT INTO song (song_id, album_id, name, duration_seconds, bpm, track_number) VALUES (1203, 162, 'Social', 133, 136, 2);
INSERT INTO song (song_id, album_id, name, duration_seconds, bpm, track_number) VALUES (1204, 162, 'Animal project', 224, 73, 3);
INSERT INTO song (song_id, album_id, name, duration_seconds, bpm, track_number) VALUES (1205, 162, 'Reach', 142, 60, 4);
INSERT INTO song (song_id, album_id, name, duration_seconds, bpm, track_number) VALUES (1206, 162, 'Brother what', 448, 143, 5);
INSERT INTO song (song_id, album_id, name, duration_seconds, bpm, track_number) VALUES (1207, 162, 'Me', 430, 171, 6);
INSERT INTO song (song_id, album_id, name, duration_seconds, bpm, track_number) VALUES (1208, 162, 'Imagine suddenly response', 278, 99, 7);
INSERT INTO song (song_id, album_id, name, duration_seconds, bpm, track_number) VALUES (1209, 162, 'Responsibility', 251, 112, 8);
INSERT INTO song (song_id, album_id, name, duration_seconds, bpm, track_number) VALUES (1210, 162, 'Indicate', 180, 137, 9);
INSERT INTO song (song_id, album_id, name, duration_seconds, bpm, track_number) VALUES (1211, 162, 'Recently land', 321, 132, 10);
INSERT INTO album (album_id, artist_id, title, release_year, created_at) VALUES (163, 77, 'Down-sized object-oriented interface', 1970, NOW());
INSERT INTO song (song_id, album_id, name, duration_seconds, bpm, track_number) VALUES (1212, 163, 'Main this', 456, 132, 1);
INSERT INTO song (song_id, album_id, name, duration_seconds, bpm, track_number) VALUES (1213, 163, 'Start building summer message', 284, 76, 2);
INSERT INTO song (song_id, album_id, name, duration_seconds, bpm, track_number) VALUES (1214, 163, 'Carry project', 235, 89, 3);
INSERT INTO song (song_id, album_id, name, duration_seconds, bpm, track_number) VALUES (1215, 163, 'Similar war son', 230, 144, 4);
INSERT INTO song (song_id, album_id, name, duration_seconds, bpm, track_number) VALUES (1216, 163, 'Yourself', 214, 159, 5);
INSERT INTO song (song_id, album_id, name, duration_seconds, bpm, track_number) VALUES (1217, 163, 'Follow', 160, 163, 6);
INSERT INTO song (song_id, album_id, name, duration_seconds, bpm, track_number) VALUES (1218, 163, 'Out issue', 446, 157, 7);
INSERT INTO song (song_id, album_id, name, duration_seconds, bpm, track_number) VALUES (1219, 163, 'Guy', 159, 77, 8);
INSERT INTO song (song_id, album_id, name, duration_seconds, bpm, track_number) VALUES (1220, 163, 'Order', 390, 174, 9);
INSERT INTO album (album_id, artist_id, title, release_year, created_at) VALUES (164, 78, 'Automated analyzing help-desk', 1991, NOW());
INSERT INTO song (song_id, album_id, name, duration_seconds, bpm, track_number) VALUES (1221, 164, 'Heart key teacher check trip', 125, 131, 1);
INSERT INTO song (song_id, album_id, name, duration_seconds, bpm, track_number) VALUES (1222, 164, 'View break', 201, 99, 2);
INSERT INTO song (song_id, album_id, name, duration_seconds, bpm, track_number) VALUES (1223, 164, 'Magazine or maintain', 141, 69, 3);
INSERT INTO song (song_id, album_id, name, duration_seconds, bpm, track_number) VALUES (1224, 164, 'Even', 342, 68, 4);
INSERT INTO song (song_id, album_id, name, duration_seconds, bpm, track_number) VALUES (1225, 164, 'Since', 359, 152, 5);
INSERT INTO song (song_id, album_id, name, duration_seconds, bpm, track_number) VALUES (1226, 164, 'Economic', 244, 173, 6);
INSERT INTO song (song_id, album_id, name, duration_seconds, bpm, track_number) VALUES (1227, 164, 'Exactly', 257, 143, 7);
INSERT INTO album (album_id, artist_id, title, release_year, created_at) VALUES (165, 79, 'Multi-channeled intangible capacity', 2018, NOW());
INSERT INTO song (song_id, album_id, name, duration_seconds, bpm, track_number) VALUES (1228, 165, 'Age city itself chance', 372, 112, 1);
INSERT INTO song (song_id, album_id, name, duration_seconds, bpm, track_number) VALUES (1229, 165, 'Easy', 206, 162, 2);
INSERT INTO song (song_id, album_id, name, duration_seconds, bpm, track_number) VALUES (1230, 165, 'Something', 312, 73, 3);
INSERT INTO song (song_id, album_id, name, duration_seconds, bpm, track_number) VALUES (1231, 165, 'Clear stage agent', 139, 110, 4);
INSERT INTO song (song_id, album_id, name, duration_seconds, bpm, track_number) VALUES (1232, 165, 'West prove chance right mother', 436, 168, 5);
INSERT INTO song (song_id, album_id, name, duration_seconds, bpm, track_number) VALUES (1233, 165, 'Enjoy guess ok', 303, 138, 6);
INSERT INTO song (song_id, album_id, name, duration_seconds, bpm, track_number) VALUES (1234, 165, 'Training side', 358, 63, 7);
INSERT INTO song (song_id, album_id, name, duration_seconds, bpm, track_number) VALUES (1235, 165, 'Must particularly and near see', 457, 107, 8);
INSERT INTO album (album_id, artist_id, title, release_year, created_at) VALUES (166, 79, 'Cross-group dynamic challenge', 1993, NOW());
INSERT INTO song (song_id, album_id, name, duration_seconds, bpm, track_number) VALUES (1236, 166, 'Cup cost issue', 201, 101, 1);
INSERT INTO song (song_id, album_id, name, duration_seconds, bpm, track_number) VALUES (1237, 166, 'Half evening', 177, 172, 2);
INSERT INTO song (song_id, album_id, name, duration_seconds, bpm, track_number) VALUES (1238, 166, 'Away avoid', 121, 149, 3);
INSERT INTO song (song_id, album_id, name, duration_seconds, bpm, track_number) VALUES (1239, 166, 'School movement cold', 134, 152, 4);
INSERT INTO song (song_id, album_id, name, duration_seconds, bpm, track_number) VALUES (1240, 166, 'Glass discover fear look', 388, 117, 5);
INSERT INTO song (song_id, album_id, name, duration_seconds, bpm, track_number) VALUES (1241, 166, 'Magazine success exist', 396, 148, 6);
INSERT INTO song (song_id, album_id, name, duration_seconds, bpm, track_number) VALUES (1242, 166, 'You threat', 121, 153, 7);
INSERT INTO song (song_id, album_id, name, duration_seconds, bpm, track_number) VALUES (1243, 166, 'Course', 191, 91, 8);
INSERT INTO song (song_id, album_id, name, duration_seconds, bpm, track_number) VALUES (1244, 166, 'Health they', 238, 111, 9);
INSERT INTO album (album_id, artist_id, title, release_year, created_at) VALUES (167, 79, 'Triple-buffered holistic project', 2021, NOW());
INSERT INTO song (song_id, album_id, name, duration_seconds, bpm, track_number) VALUES (1245, 167, 'He hot', 165, 68, 1);
INSERT INTO song (song_id, album_id, name, duration_seconds, bpm, track_number) VALUES (1246, 167, 'Case nearly', 398, 174, 2);
INSERT INTO song (song_id, album_id, name, duration_seconds, bpm, track_number) VALUES (1247, 167, 'Democrat', 134, 178, 3);
INSERT INTO song (song_id, album_id, name, duration_seconds, bpm, track_number) VALUES (1248, 167, 'Read game', 408, 128, 4);
INSERT INTO song (song_id, album_id, name, duration_seconds, bpm, track_number) VALUES (1249, 167, 'During vote food', 391, 134, 5);
INSERT INTO song (song_id, album_id, name, duration_seconds, bpm, track_number) VALUES (1250, 167, 'Before stock whom', 238, 150, 6);
INSERT INTO song (song_id, album_id, name, duration_seconds, bpm, track_number) VALUES (1251, 167, 'Federal', 313, 72, 7);
INSERT INTO song (song_id, album_id, name, duration_seconds, bpm, track_number) VALUES (1252, 167, 'Which though pick international', 285, 79, 8);
INSERT INTO album (album_id, artist_id, title, release_year, created_at) VALUES (168, 80, 'Face-to-face contextually-based adapter', 1984, NOW());
INSERT INTO song (song_id, album_id, name, duration_seconds, bpm, track_number) VALUES (1253, 168, 'Thing model network', 294, 148, 1);
INSERT INTO song (song_id, album_id, name, duration_seconds, bpm, track_number) VALUES (1254, 168, 'Challenge business poor too animal', 468, 140, 2);
INSERT INTO song (song_id, album_id, name, duration_seconds, bpm, track_number) VALUES (1255, 168, 'News', 428, 169, 3);
INSERT INTO song (song_id, album_id, name, duration_seconds, bpm, track_number) VALUES (1256, 168, 'Past', 412, 138, 4);
INSERT INTO song (song_id, album_id, name, duration_seconds, bpm, track_number) VALUES (1257, 168, 'Impact mother across', 343, 140, 5);
INSERT INTO song (song_id, album_id, name, duration_seconds, bpm, track_number) VALUES (1258, 168, 'Rest media nation', 291, 171, 6);
INSERT INTO song (song_id, album_id, name, duration_seconds, bpm, track_number) VALUES (1259, 168, 'Kitchen', 361, 158, 7);
INSERT INTO song (song_id, album_id, name, duration_seconds, bpm, track_number) VALUES (1260, 168, 'Future', 356, 143, 8);
INSERT INTO album (album_id, artist_id, title, release_year, created_at) VALUES (169, 80, 'Fully-configurable neutral workforce', 2006, NOW());
INSERT INTO song (song_id, album_id, name, duration_seconds, bpm, track_number) VALUES (1261, 169, 'On support', 186, 109, 1);
INSERT INTO song (song_id, album_id, name, duration_seconds, bpm, track_number) VALUES (1262, 169, 'Environment board', 147, 102, 2);
INSERT INTO song (song_id, album_id, name, duration_seconds, bpm, track_number) VALUES (1263, 169, 'Guy national difference house', 145, 82, 3);
INSERT INTO song (song_id, album_id, name, duration_seconds, bpm, track_number) VALUES (1264, 169, 'So professional', 151, 103, 4);
INSERT INTO song (song_id, album_id, name, duration_seconds, bpm, track_number) VALUES (1265, 169, 'Deep vote', 234, 137, 5);
INSERT INTO song (song_id, album_id, name, duration_seconds, bpm, track_number) VALUES (1266, 169, 'Material', 225, 162, 6);
INSERT INTO album (album_id, artist_id, title, release_year, created_at) VALUES (170, 80, 'Switchable systematic instruction set', 1980, NOW());
INSERT INTO song (song_id, album_id, name, duration_seconds, bpm, track_number) VALUES (1267, 170, 'Rich design surface', 200, 163, 1);
INSERT INTO song (song_id, album_id, name, duration_seconds, bpm, track_number) VALUES (1268, 170, 'Wonder', 376, 66, 2);
INSERT INTO song (song_id, album_id, name, duration_seconds, bpm, track_number) VALUES (1269, 170, 'West space home according', 439, 132, 3);
INSERT INTO song (song_id, album_id, name, duration_seconds, bpm, track_number) VALUES (1270, 170, 'Respond investment', 291, 167, 4);
INSERT INTO song (song_id, album_id, name, duration_seconds, bpm, track_number) VALUES (1271, 170, 'Wear avoid', 123, 64, 5);
INSERT INTO song (song_id, album_id, name, duration_seconds, bpm, track_number) VALUES (1272, 170, 'Station face simple almost society', 336, 66, 6);
INSERT INTO song (song_id, album_id, name, duration_seconds, bpm, track_number) VALUES (1273, 170, 'Beyond', 128, 75, 7);
INSERT INTO song (song_id, album_id, name, duration_seconds, bpm, track_number) VALUES (1274, 170, 'Thousand', 231, 126, 8);
INSERT INTO album (album_id, artist_id, title, release_year, created_at) VALUES (171, 81, 'Optimized modular instruction set', 2004, NOW());
INSERT INTO song (song_id, album_id, name, duration_seconds, bpm, track_number) VALUES (1275, 171, 'Feel Mr', 430, 102, 1);
INSERT INTO song (song_id, album_id, name, duration_seconds, bpm, track_number) VALUES (1276, 171, 'Particularly miss trial project method', 361, 106, 2);
INSERT INTO song (song_id, album_id, name, duration_seconds, bpm, track_number) VALUES (1277, 171, 'Get', 352, 168, 3);
INSERT INTO song (song_id, album_id, name, duration_seconds, bpm, track_number) VALUES (1278, 171, 'Impact machine', 263, 123, 4);
INSERT INTO song (song_id, album_id, name, duration_seconds, bpm, track_number) VALUES (1279, 171, 'Worry sign figure', 393, 171, 5);
INSERT INTO album (album_id, artist_id, title, release_year, created_at) VALUES (172, 82, 'Secured tangible analyzer', 1994, NOW());
INSERT INTO song (song_id, album_id, name, duration_seconds, bpm, track_number) VALUES (1280, 172, 'Capital health', 427, 169, 1);
INSERT INTO song (song_id, album_id, name, duration_seconds, bpm, track_number) VALUES (1281, 172, 'How', 431, 129, 2);
INSERT INTO song (song_id, album_id, name, duration_seconds, bpm, track_number) VALUES (1282, 172, 'Side tend', 122, 101, 3);
INSERT INTO song (song_id, album_id, name, duration_seconds, bpm, track_number) VALUES (1283, 172, 'West', 263, 111, 4);
INSERT INTO song (song_id, album_id, name, duration_seconds, bpm, track_number) VALUES (1284, 172, 'Guess occur every', 292, 149, 5);
INSERT INTO song (song_id, album_id, name, duration_seconds, bpm, track_number) VALUES (1285, 172, 'Vote foot recent often news', 298, 67, 6);
INSERT INTO song (song_id, album_id, name, duration_seconds, bpm, track_number) VALUES (1286, 172, 'Avoid', 152, 70, 7);
INSERT INTO song (song_id, album_id, name, duration_seconds, bpm, track_number) VALUES (1287, 172, 'Bring structure', 424, 154, 8);
INSERT INTO song (song_id, album_id, name, duration_seconds, bpm, track_number) VALUES (1288, 172, 'Floor', 472, 76, 9);
INSERT INTO album (album_id, artist_id, title, release_year, created_at) VALUES (173, 83, 'Organic 5thgeneration strategy', 2026, NOW());
INSERT INTO song (song_id, album_id, name, duration_seconds, bpm, track_number) VALUES (1289, 173, 'Involve lead order', 212, 156, 1);
INSERT INTO song (song_id, album_id, name, duration_seconds, bpm, track_number) VALUES (1290, 173, 'Too', 140, 129, 2);
INSERT INTO song (song_id, album_id, name, duration_seconds, bpm, track_number) VALUES (1291, 173, 'Design west', 421, 165, 3);
INSERT INTO song (song_id, album_id, name, duration_seconds, bpm, track_number) VALUES (1292, 173, 'Mission', 438, 146, 4);
INSERT INTO song (song_id, album_id, name, duration_seconds, bpm, track_number) VALUES (1293, 173, 'Home', 302, 172, 5);
INSERT INTO song (song_id, album_id, name, duration_seconds, bpm, track_number) VALUES (1294, 173, 'North', 247, 89, 6);
INSERT INTO song (song_id, album_id, name, duration_seconds, bpm, track_number) VALUES (1295, 173, 'Message fill', 392, 70, 7);
INSERT INTO album (album_id, artist_id, title, release_year, created_at) VALUES (174, 83, 'Balanced responsive access', 1979, NOW());
INSERT INTO song (song_id, album_id, name, duration_seconds, bpm, track_number) VALUES (1296, 174, 'Today record continue', 374, 100, 1);
INSERT INTO song (song_id, album_id, name, duration_seconds, bpm, track_number) VALUES (1297, 174, 'Per', 312, 86, 2);
INSERT INTO song (song_id, album_id, name, duration_seconds, bpm, track_number) VALUES (1298, 174, 'Interest anyone wonder just', 136, 123, 3);
INSERT INTO song (song_id, album_id, name, duration_seconds, bpm, track_number) VALUES (1299, 174, 'Son must woman', 419, 87, 4);
INSERT INTO song (song_id, album_id, name, duration_seconds, bpm, track_number) VALUES (1300, 174, 'Care leader', 363, 73, 5);
INSERT INTO song (song_id, album_id, name, duration_seconds, bpm, track_number) VALUES (1301, 174, 'Lawyer stop address', 291, 155, 6);
INSERT INTO song (song_id, album_id, name, duration_seconds, bpm, track_number) VALUES (1302, 174, 'Natural', 165, 130, 7);
INSERT INTO song (song_id, album_id, name, duration_seconds, bpm, track_number) VALUES (1303, 174, 'Seek', 412, 180, 8);
INSERT INTO song (song_id, album_id, name, duration_seconds, bpm, track_number) VALUES (1304, 174, 'Statement modern', 388, 155, 9);
INSERT INTO song (song_id, album_id, name, duration_seconds, bpm, track_number) VALUES (1305, 174, 'Fish', 375, 121, 10);
INSERT INTO album (album_id, artist_id, title, release_year, created_at) VALUES (175, 84, 'Intuitive client-driven forecast', 2024, NOW());
INSERT INTO song (song_id, album_id, name, duration_seconds, bpm, track_number) VALUES (1306, 175, 'Exactly course million board sport', 366, 81, 1);
INSERT INTO song (song_id, album_id, name, duration_seconds, bpm, track_number) VALUES (1307, 175, 'Front identify dark traditional exist', 247, 77, 2);
INSERT INTO song (song_id, album_id, name, duration_seconds, bpm, track_number) VALUES (1308, 175, 'Close side lot carry', 456, 158, 3);
INSERT INTO song (song_id, album_id, name, duration_seconds, bpm, track_number) VALUES (1309, 175, 'Card', 269, 142, 4);
INSERT INTO song (song_id, album_id, name, duration_seconds, bpm, track_number) VALUES (1310, 175, 'Author contain story', 458, 146, 5);
INSERT INTO song (song_id, album_id, name, duration_seconds, bpm, track_number) VALUES (1311, 175, 'Million', 368, 70, 6);
INSERT INTO album (album_id, artist_id, title, release_year, created_at) VALUES (176, 85, 'Reverse-engineered modular policy', 1972, NOW());
INSERT INTO song (song_id, album_id, name, duration_seconds, bpm, track_number) VALUES (1312, 176, 'Suggest', 270, 83, 1);
INSERT INTO song (song_id, album_id, name, duration_seconds, bpm, track_number) VALUES (1313, 176, 'Stuff', 339, 115, 2);
INSERT INTO song (song_id, album_id, name, duration_seconds, bpm, track_number) VALUES (1314, 176, 'Decision', 276, 150, 3);
INSERT INTO song (song_id, album_id, name, duration_seconds, bpm, track_number) VALUES (1315, 176, 'Ago property', 271, 109, 4);
INSERT INTO song (song_id, album_id, name, duration_seconds, bpm, track_number) VALUES (1316, 176, 'Though', 186, 109, 5);
INSERT INTO song (song_id, album_id, name, duration_seconds, bpm, track_number) VALUES (1317, 176, 'Possible executive', 239, 107, 6);
INSERT INTO song (song_id, album_id, name, duration_seconds, bpm, track_number) VALUES (1318, 176, 'Floor often because', 427, 90, 7);
INSERT INTO album (album_id, artist_id, title, release_year, created_at) VALUES (177, 85, 'Persevering scalable collaboration', 2014, NOW());
INSERT INTO song (song_id, album_id, name, duration_seconds, bpm, track_number) VALUES (1319, 177, 'General', 208, 93, 1);
INSERT INTO song (song_id, album_id, name, duration_seconds, bpm, track_number) VALUES (1320, 177, 'Page future', 226, 153, 2);
INSERT INTO song (song_id, album_id, name, duration_seconds, bpm, track_number) VALUES (1321, 177, 'Star', 162, 155, 3);
INSERT INTO song (song_id, album_id, name, duration_seconds, bpm, track_number) VALUES (1322, 177, 'City every', 180, 102, 4);
INSERT INTO song (song_id, album_id, name, duration_seconds, bpm, track_number) VALUES (1323, 177, 'Country reach they artist', 156, 152, 5);
INSERT INTO song (song_id, album_id, name, duration_seconds, bpm, track_number) VALUES (1324, 177, 'It', 365, 93, 6);
INSERT INTO song (song_id, album_id, name, duration_seconds, bpm, track_number) VALUES (1325, 177, 'Executive', 227, 108, 7);
INSERT INTO album (album_id, artist_id, title, release_year, created_at) VALUES (178, 86, 'Robust regional methodology', 2015, NOW());
INSERT INTO song (song_id, album_id, name, duration_seconds, bpm, track_number) VALUES (1326, 178, 'Town', 383, 117, 1);
INSERT INTO song (song_id, album_id, name, duration_seconds, bpm, track_number) VALUES (1327, 178, 'Price', 389, 105, 2);
INSERT INTO song (song_id, album_id, name, duration_seconds, bpm, track_number) VALUES (1328, 178, 'Politics', 472, 158, 3);
INSERT INTO song (song_id, album_id, name, duration_seconds, bpm, track_number) VALUES (1329, 178, 'Fill although green project', 193, 116, 4);
INSERT INTO song (song_id, album_id, name, duration_seconds, bpm, track_number) VALUES (1330, 178, 'Authority', 174, 145, 5);
INSERT INTO song (song_id, album_id, name, duration_seconds, bpm, track_number) VALUES (1331, 178, 'Game rest operation', 238, 78, 6);
INSERT INTO song (song_id, album_id, name, duration_seconds, bpm, track_number) VALUES (1332, 178, 'Base together', 438, 115, 7);
INSERT INTO album (album_id, artist_id, title, release_year, created_at) VALUES (179, 87, 'Reverse-engineered 3rdgeneration implementation', 2023, NOW());
INSERT INTO song (song_id, album_id, name, duration_seconds, bpm, track_number) VALUES (1333, 179, 'Claim', 294, 155, 1);
INSERT INTO song (song_id, album_id, name, duration_seconds, bpm, track_number) VALUES (1334, 179, 'Create real among', 300, 100, 2);
INSERT INTO song (song_id, album_id, name, duration_seconds, bpm, track_number) VALUES (1335, 179, 'Similar sister', 162, 101, 3);
INSERT INTO song (song_id, album_id, name, duration_seconds, bpm, track_number) VALUES (1336, 179, 'Manager somebody family', 324, 122, 4);
INSERT INTO song (song_id, album_id, name, duration_seconds, bpm, track_number) VALUES (1337, 179, 'Miss all', 366, 76, 5);
INSERT INTO song (song_id, album_id, name, duration_seconds, bpm, track_number) VALUES (1338, 179, 'Night direction', 346, 74, 6);
INSERT INTO song (song_id, album_id, name, duration_seconds, bpm, track_number) VALUES (1339, 179, 'Put local', 223, 152, 7);
INSERT INTO album (album_id, artist_id, title, release_year, created_at) VALUES (180, 87, 'Balanced neutral project', 1981, NOW());
INSERT INTO song (song_id, album_id, name, duration_seconds, bpm, track_number) VALUES (1340, 180, 'Teach', 301, 60, 1);
INSERT INTO song (song_id, album_id, name, duration_seconds, bpm, track_number) VALUES (1341, 180, 'Investment', 264, 167, 2);
INSERT INTO song (song_id, album_id, name, duration_seconds, bpm, track_number) VALUES (1342, 180, 'Clearly professional', 309, 75, 3);
INSERT INTO song (song_id, album_id, name, duration_seconds, bpm, track_number) VALUES (1343, 180, 'Toward', 463, 126, 4);
INSERT INTO song (song_id, album_id, name, duration_seconds, bpm, track_number) VALUES (1344, 180, 'Rock dog', 408, 121, 5);
INSERT INTO song (song_id, album_id, name, duration_seconds, bpm, track_number) VALUES (1345, 180, 'Fill analysis', 307, 115, 6);
INSERT INTO song (song_id, album_id, name, duration_seconds, bpm, track_number) VALUES (1346, 180, 'Financial than', 281, 150, 7);
INSERT INTO song (song_id, album_id, name, duration_seconds, bpm, track_number) VALUES (1347, 180, 'Suddenly', 153, 99, 8);
INSERT INTO album (album_id, artist_id, title, release_year, created_at) VALUES (181, 88, 'Up-sized analyzing system engine', 1984, NOW());
INSERT INTO song (song_id, album_id, name, duration_seconds, bpm, track_number) VALUES (1348, 181, 'Company', 141, 123, 1);
INSERT INTO song (song_id, album_id, name, duration_seconds, bpm, track_number) VALUES (1349, 181, 'Remain culture', 339, 149, 2);
INSERT INTO song (song_id, album_id, name, duration_seconds, bpm, track_number) VALUES (1350, 181, 'Mouth well book', 432, 140, 3);
INSERT INTO song (song_id, album_id, name, duration_seconds, bpm, track_number) VALUES (1351, 181, 'Sit', 286, 163, 4);
INSERT INTO song (song_id, album_id, name, duration_seconds, bpm, track_number) VALUES (1352, 181, 'Ahead blue', 463, 102, 5);
INSERT INTO song (song_id, album_id, name, duration_seconds, bpm, track_number) VALUES (1353, 181, 'Where window toward', 259, 149, 6);
INSERT INTO album (album_id, artist_id, title, release_year, created_at) VALUES (182, 89, 'Cloned empowering access', 1978, NOW());
INSERT INTO song (song_id, album_id, name, duration_seconds, bpm, track_number) VALUES (1354, 182, 'Age', 379, 62, 1);
INSERT INTO song (song_id, album_id, name, duration_seconds, bpm, track_number) VALUES (1355, 182, 'Mission call', 131, 170, 2);
INSERT INTO song (song_id, album_id, name, duration_seconds, bpm, track_number) VALUES (1356, 182, 'Forget guy', 169, 168, 3);
INSERT INTO song (song_id, album_id, name, duration_seconds, bpm, track_number) VALUES (1357, 182, 'Occur', 281, 68, 4);
INSERT INTO song (song_id, album_id, name, duration_seconds, bpm, track_number) VALUES (1358, 182, 'Shake full dog nothing determine', 284, 94, 5);
INSERT INTO song (song_id, album_id, name, duration_seconds, bpm, track_number) VALUES (1359, 182, 'Make building imagine', 152, 106, 6);
INSERT INTO song (song_id, album_id, name, duration_seconds, bpm, track_number) VALUES (1360, 182, 'Coach pressure find skill', 258, 60, 7);
INSERT INTO song (song_id, album_id, name, duration_seconds, bpm, track_number) VALUES (1361, 182, 'Until', 325, 118, 8);
INSERT INTO album (album_id, artist_id, title, release_year, created_at) VALUES (183, 90, 'Customizable stable parallelism', 1972, NOW());
INSERT INTO song (song_id, album_id, name, duration_seconds, bpm, track_number) VALUES (1362, 183, 'Say', 364, 88, 1);
INSERT INTO song (song_id, album_id, name, duration_seconds, bpm, track_number) VALUES (1363, 183, 'Together then', 212, 96, 2);
INSERT INTO song (song_id, album_id, name, duration_seconds, bpm, track_number) VALUES (1364, 183, 'Study', 425, 167, 3);
INSERT INTO song (song_id, album_id, name, duration_seconds, bpm, track_number) VALUES (1365, 183, 'Create ahead popular serious', 269, 129, 4);
INSERT INTO song (song_id, album_id, name, duration_seconds, bpm, track_number) VALUES (1366, 183, 'Year man', 254, 103, 5);
INSERT INTO song (song_id, album_id, name, duration_seconds, bpm, track_number) VALUES (1367, 183, 'Maybe direction', 350, 158, 6);
INSERT INTO song (song_id, album_id, name, duration_seconds, bpm, track_number) VALUES (1368, 183, 'Century big', 390, 169, 7);
INSERT INTO album (album_id, artist_id, title, release_year, created_at) VALUES (184, 90, 'Networked intermediate migration', 1990, NOW());
INSERT INTO song (song_id, album_id, name, duration_seconds, bpm, track_number) VALUES (1369, 184, 'Down', 340, 102, 1);
INSERT INTO song (song_id, album_id, name, duration_seconds, bpm, track_number) VALUES (1370, 184, 'Young', 167, 64, 2);
INSERT INTO song (song_id, album_id, name, duration_seconds, bpm, track_number) VALUES (1371, 184, 'They bank', 444, 60, 3);
INSERT INTO song (song_id, album_id, name, duration_seconds, bpm, track_number) VALUES (1372, 184, 'Interview', 323, 60, 4);
INSERT INTO song (song_id, album_id, name, duration_seconds, bpm, track_number) VALUES (1373, 184, 'Tree', 330, 124, 5);
INSERT INTO album (album_id, artist_id, title, release_year, created_at) VALUES (185, 90, 'Open-architected composite Graphic Interface', 2026, NOW());
INSERT INTO song (song_id, album_id, name, duration_seconds, bpm, track_number) VALUES (1374, 185, 'Truth down store', 179, 119, 1);
INSERT INTO song (song_id, album_id, name, duration_seconds, bpm, track_number) VALUES (1375, 185, 'Scene low population interest', 319, 109, 2);
INSERT INTO song (song_id, album_id, name, duration_seconds, bpm, track_number) VALUES (1376, 185, 'Share society same', 248, 168, 3);
INSERT INTO song (song_id, album_id, name, duration_seconds, bpm, track_number) VALUES (1377, 185, 'Argue', 153, 89, 4);
INSERT INTO song (song_id, album_id, name, duration_seconds, bpm, track_number) VALUES (1378, 185, 'Skill', 360, 60, 5);
INSERT INTO song (song_id, album_id, name, duration_seconds, bpm, track_number) VALUES (1379, 185, 'Any as', 209, 180, 6);
INSERT INTO song (song_id, album_id, name, duration_seconds, bpm, track_number) VALUES (1380, 185, 'South', 244, 108, 7);
INSERT INTO album (album_id, artist_id, title, release_year, created_at) VALUES (186, 91, 'Self-enabling zero tolerance database', 2023, NOW());
INSERT INTO song (song_id, album_id, name, duration_seconds, bpm, track_number) VALUES (1381, 186, 'Within expert', 316, 79, 1);
INSERT INTO song (song_id, album_id, name, duration_seconds, bpm, track_number) VALUES (1382, 186, 'Tell', 241, 77, 2);
INSERT INTO song (song_id, album_id, name, duration_seconds, bpm, track_number) VALUES (1383, 186, 'Apply', 341, 145, 3);
INSERT INTO song (song_id, album_id, name, duration_seconds, bpm, track_number) VALUES (1384, 186, 'Pull', 400, 150, 4);
INSERT INTO song (song_id, album_id, name, duration_seconds, bpm, track_number) VALUES (1385, 186, 'General clear', 444, 155, 5);
INSERT INTO song (song_id, album_id, name, duration_seconds, bpm, track_number) VALUES (1386, 186, 'Billion', 351, 75, 6);
INSERT INTO song (song_id, album_id, name, duration_seconds, bpm, track_number) VALUES (1387, 186, 'Speak south reduce', 424, 88, 7);
INSERT INTO song (song_id, album_id, name, duration_seconds, bpm, track_number) VALUES (1388, 186, 'Official sort star himself', 334, 144, 8);
INSERT INTO song (song_id, album_id, name, duration_seconds, bpm, track_number) VALUES (1389, 186, 'Effect region', 227, 148, 9);
INSERT INTO album (album_id, artist_id, title, release_year, created_at) VALUES (187, 91, 'Streamlined 24/7 groupware', 2012, NOW());
INSERT INTO song (song_id, album_id, name, duration_seconds, bpm, track_number) VALUES (1390, 187, 'Throw', 315, 122, 1);
INSERT INTO song (song_id, album_id, name, duration_seconds, bpm, track_number) VALUES (1391, 187, 'Popular', 315, 136, 2);
INSERT INTO song (song_id, album_id, name, duration_seconds, bpm, track_number) VALUES (1392, 187, 'Bag fast', 469, 64, 3);
INSERT INTO song (song_id, album_id, name, duration_seconds, bpm, track_number) VALUES (1393, 187, 'Current', 422, 99, 4);
INSERT INTO song (song_id, album_id, name, duration_seconds, bpm, track_number) VALUES (1394, 187, 'As', 199, 101, 5);
INSERT INTO song (song_id, album_id, name, duration_seconds, bpm, track_number) VALUES (1395, 187, 'Western do future', 257, 130, 6);
INSERT INTO song (song_id, album_id, name, duration_seconds, bpm, track_number) VALUES (1396, 187, 'Conference sure', 141, 97, 7);
INSERT INTO song (song_id, album_id, name, duration_seconds, bpm, track_number) VALUES (1397, 187, 'Your', 195, 72, 8);
INSERT INTO song (song_id, album_id, name, duration_seconds, bpm, track_number) VALUES (1398, 187, 'Everyone', 241, 163, 9);
INSERT INTO song (song_id, album_id, name, duration_seconds, bpm, track_number) VALUES (1399, 187, 'Will guess', 247, 76, 10);
INSERT INTO album (album_id, artist_id, title, release_year, created_at) VALUES (188, 91, 'Future-proofed cohesive conglomeration', 2025, NOW());
INSERT INTO song (song_id, album_id, name, duration_seconds, bpm, track_number) VALUES (1400, 188, 'Imagine evidence', 331, 147, 1);
INSERT INTO song (song_id, album_id, name, duration_seconds, bpm, track_number) VALUES (1401, 188, 'Some team born unit', 413, 94, 2);
INSERT INTO song (song_id, album_id, name, duration_seconds, bpm, track_number) VALUES (1402, 188, 'Cost', 132, 164, 3);
INSERT INTO song (song_id, album_id, name, duration_seconds, bpm, track_number) VALUES (1403, 188, 'Opportunity song product pick pattern', 332, 112, 4);
INSERT INTO song (song_id, album_id, name, duration_seconds, bpm, track_number) VALUES (1404, 188, 'Structure', 462, 159, 5);
INSERT INTO song (song_id, album_id, name, duration_seconds, bpm, track_number) VALUES (1405, 188, 'Never history situation', 393, 156, 6);
INSERT INTO song (song_id, album_id, name, duration_seconds, bpm, track_number) VALUES (1406, 188, 'Attention scene dark conference', 176, 78, 7);
INSERT INTO song (song_id, album_id, name, duration_seconds, bpm, track_number) VALUES (1407, 188, 'Road away hear', 132, 105, 8);
INSERT INTO album (album_id, artist_id, title, release_year, created_at) VALUES (189, 92, 'Multi-lateral empowering functionalities', 1985, NOW());
INSERT INTO song (song_id, album_id, name, duration_seconds, bpm, track_number) VALUES (1408, 189, 'Card', 397, 73, 1);
INSERT INTO song (song_id, album_id, name, duration_seconds, bpm, track_number) VALUES (1409, 189, 'Artist idea scientist', 187, 100, 2);
INSERT INTO song (song_id, album_id, name, duration_seconds, bpm, track_number) VALUES (1410, 189, 'Several', 325, 140, 3);
INSERT INTO song (song_id, album_id, name, duration_seconds, bpm, track_number) VALUES (1411, 189, 'Pm admit value model', 215, 88, 4);
INSERT INTO song (song_id, album_id, name, duration_seconds, bpm, track_number) VALUES (1412, 189, 'Practice', 362, 164, 5);
INSERT INTO song (song_id, album_id, name, duration_seconds, bpm, track_number) VALUES (1413, 189, 'Of candidate', 274, 100, 6);
INSERT INTO song (song_id, album_id, name, duration_seconds, bpm, track_number) VALUES (1414, 189, 'Grow leave southern', 175, 79, 7);
INSERT INTO song (song_id, album_id, name, duration_seconds, bpm, track_number) VALUES (1415, 189, 'By final yourself', 182, 99, 8);
INSERT INTO song (song_id, album_id, name, duration_seconds, bpm, track_number) VALUES (1416, 189, 'Skin organization', 392, 164, 9);
INSERT INTO song (song_id, album_id, name, duration_seconds, bpm, track_number) VALUES (1417, 189, 'Case', 236, 124, 10);
INSERT INTO album (album_id, artist_id, title, release_year, created_at) VALUES (190, 92, 'De-engineered exuding open architecture', 2017, NOW());
INSERT INTO song (song_id, album_id, name, duration_seconds, bpm, track_number) VALUES (1418, 190, 'On beautiful', 224, 166, 1);
INSERT INTO song (song_id, album_id, name, duration_seconds, bpm, track_number) VALUES (1419, 190, 'Road', 349, 79, 2);
INSERT INTO song (song_id, album_id, name, duration_seconds, bpm, track_number) VALUES (1420, 190, 'Scientist hospital stay', 373, 148, 3);
INSERT INTO song (song_id, album_id, name, duration_seconds, bpm, track_number) VALUES (1421, 190, 'Relate between century', 302, 132, 4);
INSERT INTO song (song_id, album_id, name, duration_seconds, bpm, track_number) VALUES (1422, 190, 'Pay tough score', 324, 140, 5);
INSERT INTO album (album_id, artist_id, title, release_year, created_at) VALUES (191, 93, 'Multi-tiered needs-based methodology', 2002, NOW());
INSERT INTO song (song_id, album_id, name, duration_seconds, bpm, track_number) VALUES (1423, 191, 'Growth performance', 407, 84, 1);
INSERT INTO song (song_id, album_id, name, duration_seconds, bpm, track_number) VALUES (1424, 191, 'Almost', 388, 113, 2);
INSERT INTO song (song_id, album_id, name, duration_seconds, bpm, track_number) VALUES (1425, 191, 'Certain', 311, 99, 3);
INSERT INTO song (song_id, album_id, name, duration_seconds, bpm, track_number) VALUES (1426, 191, 'South', 472, 110, 4);
INSERT INTO song (song_id, album_id, name, duration_seconds, bpm, track_number) VALUES (1427, 191, 'Hot close simply', 189, 110, 5);
INSERT INTO song (song_id, album_id, name, duration_seconds, bpm, track_number) VALUES (1428, 191, 'From', 281, 65, 6);
INSERT INTO album (album_id, artist_id, title, release_year, created_at) VALUES (192, 93, 'Upgradable full-range artificial intelligence', 1977, NOW());
INSERT INTO song (song_id, album_id, name, duration_seconds, bpm, track_number) VALUES (1429, 192, 'Analysis team', 154, 61, 1);
INSERT INTO song (song_id, album_id, name, duration_seconds, bpm, track_number) VALUES (1430, 192, 'Account society', 379, 132, 2);
INSERT INTO song (song_id, album_id, name, duration_seconds, bpm, track_number) VALUES (1431, 192, 'Record seek serious carry foot', 336, 173, 3);
INSERT INTO song (song_id, album_id, name, duration_seconds, bpm, track_number) VALUES (1432, 192, 'Same position thank call', 173, 87, 4);
INSERT INTO song (song_id, album_id, name, duration_seconds, bpm, track_number) VALUES (1433, 192, 'Similar share', 331, 100, 5);
INSERT INTO song (song_id, album_id, name, duration_seconds, bpm, track_number) VALUES (1434, 192, 'Share', 139, 154, 6);
INSERT INTO song (song_id, album_id, name, duration_seconds, bpm, track_number) VALUES (1435, 192, 'Order', 237, 144, 7);
INSERT INTO song (song_id, album_id, name, duration_seconds, bpm, track_number) VALUES (1436, 192, 'No top pay', 129, 110, 8);
INSERT INTO song (song_id, album_id, name, duration_seconds, bpm, track_number) VALUES (1437, 192, 'Camera', 346, 71, 9);
INSERT INTO album (album_id, artist_id, title, release_year, created_at) VALUES (193, 93, 'Monitored eco-centric workforce', 2023, NOW());
INSERT INTO song (song_id, album_id, name, duration_seconds, bpm, track_number) VALUES (1438, 193, 'Arrive', 280, 85, 1);
INSERT INTO song (song_id, album_id, name, duration_seconds, bpm, track_number) VALUES (1439, 193, 'Worker police', 348, 103, 2);
INSERT INTO song (song_id, album_id, name, duration_seconds, bpm, track_number) VALUES (1440, 193, 'Grow', 238, 99, 3);
INSERT INTO song (song_id, album_id, name, duration_seconds, bpm, track_number) VALUES (1441, 193, 'Art specific', 126, 180, 4);
INSERT INTO song (song_id, album_id, name, duration_seconds, bpm, track_number) VALUES (1442, 193, 'Door', 444, 72, 5);
INSERT INTO song (song_id, album_id, name, duration_seconds, bpm, track_number) VALUES (1443, 193, 'Through management detail', 189, 96, 6);
INSERT INTO song (song_id, album_id, name, duration_seconds, bpm, track_number) VALUES (1444, 193, 'Example increase', 259, 162, 7);
INSERT INTO song (song_id, album_id, name, duration_seconds, bpm, track_number) VALUES (1445, 193, 'Training', 232, 124, 8);
INSERT INTO album (album_id, artist_id, title, release_year, created_at) VALUES (194, 94, 'Ergonomic foreground knowledgebase', 2001, NOW());
INSERT INTO song (song_id, album_id, name, duration_seconds, bpm, track_number) VALUES (1446, 194, 'Establish shake west party phone', 228, 86, 1);
INSERT INTO song (song_id, album_id, name, duration_seconds, bpm, track_number) VALUES (1447, 194, 'Letter member green these', 263, 119, 2);
INSERT INTO song (song_id, album_id, name, duration_seconds, bpm, track_number) VALUES (1448, 194, 'Young because surface', 333, 145, 3);
INSERT INTO song (song_id, album_id, name, duration_seconds, bpm, track_number) VALUES (1449, 194, 'Go foreign when common', 295, 98, 4);
INSERT INTO song (song_id, album_id, name, duration_seconds, bpm, track_number) VALUES (1450, 194, 'Age generation course', 274, 172, 5);
INSERT INTO song (song_id, album_id, name, duration_seconds, bpm, track_number) VALUES (1451, 194, 'Cause far', 201, 71, 6);
INSERT INTO song (song_id, album_id, name, duration_seconds, bpm, track_number) VALUES (1452, 194, 'Former', 239, 72, 7);
INSERT INTO song (song_id, album_id, name, duration_seconds, bpm, track_number) VALUES (1453, 194, 'Modern drive', 356, 70, 8);
INSERT INTO song (song_id, album_id, name, duration_seconds, bpm, track_number) VALUES (1454, 194, 'Choice', 182, 173, 9);
INSERT INTO song (song_id, album_id, name, duration_seconds, bpm, track_number) VALUES (1455, 194, 'Find', 388, 174, 10);
INSERT INTO album (album_id, artist_id, title, release_year, created_at) VALUES (195, 95, 'Proactive grid-enabled task-force', 1981, NOW());
INSERT INTO song (song_id, album_id, name, duration_seconds, bpm, track_number) VALUES (1456, 195, 'Fill hospital', 259, 137, 1);
INSERT INTO song (song_id, album_id, name, duration_seconds, bpm, track_number) VALUES (1457, 195, 'More couple', 419, 167, 2);
INSERT INTO song (song_id, album_id, name, duration_seconds, bpm, track_number) VALUES (1458, 195, 'Well leader direction', 374, 152, 3);
INSERT INTO song (song_id, album_id, name, duration_seconds, bpm, track_number) VALUES (1459, 195, 'Hundred let deep', 326, 178, 4);
INSERT INTO song (song_id, album_id, name, duration_seconds, bpm, track_number) VALUES (1460, 195, 'Voice hundred guess catch affect', 392, 98, 5);
INSERT INTO album (album_id, artist_id, title, release_year, created_at) VALUES (196, 95, 'Cross-platform fresh-thinking contingency', 1997, NOW());
INSERT INTO song (song_id, album_id, name, duration_seconds, bpm, track_number) VALUES (1461, 196, 'Shoulder way blue left southern', 204, 128, 1);
INSERT INTO song (song_id, album_id, name, duration_seconds, bpm, track_number) VALUES (1462, 196, 'Process', 387, 150, 2);
INSERT INTO song (song_id, album_id, name, duration_seconds, bpm, track_number) VALUES (1463, 196, 'Left', 439, 166, 3);
INSERT INTO song (song_id, album_id, name, duration_seconds, bpm, track_number) VALUES (1464, 196, 'Build century', 445, 64, 4);
INSERT INTO song (song_id, album_id, name, duration_seconds, bpm, track_number) VALUES (1465, 196, 'Perhaps act expert', 411, 148, 5);
INSERT INTO song (song_id, album_id, name, duration_seconds, bpm, track_number) VALUES (1466, 196, 'Lot', 443, 154, 6);
INSERT INTO song (song_id, album_id, name, duration_seconds, bpm, track_number) VALUES (1467, 196, 'Such teach', 225, 91, 7);
INSERT INTO song (song_id, album_id, name, duration_seconds, bpm, track_number) VALUES (1468, 196, 'Beat country story help', 192, 99, 8);
INSERT INTO song (song_id, album_id, name, duration_seconds, bpm, track_number) VALUES (1469, 196, 'During', 199, 74, 9);
INSERT INTO album (album_id, artist_id, title, release_year, created_at) VALUES (197, 95, 'Secured cohesive encryption', 1979, NOW());
INSERT INTO song (song_id, album_id, name, duration_seconds, bpm, track_number) VALUES (1470, 197, 'House', 365, 91, 1);
INSERT INTO song (song_id, album_id, name, duration_seconds, bpm, track_number) VALUES (1471, 197, 'Decade', 255, 154, 2);
INSERT INTO song (song_id, album_id, name, duration_seconds, bpm, track_number) VALUES (1472, 197, 'People war song', 336, 101, 3);
INSERT INTO song (song_id, album_id, name, duration_seconds, bpm, track_number) VALUES (1473, 197, 'Management catch', 397, 136, 4);
INSERT INTO song (song_id, album_id, name, duration_seconds, bpm, track_number) VALUES (1474, 197, 'Six', 369, 135, 5);
INSERT INTO song (song_id, album_id, name, duration_seconds, bpm, track_number) VALUES (1475, 197, 'Piece suggest', 326, 89, 6);
INSERT INTO song (song_id, album_id, name, duration_seconds, bpm, track_number) VALUES (1476, 197, 'Seek', 227, 148, 7);
INSERT INTO song (song_id, album_id, name, duration_seconds, bpm, track_number) VALUES (1477, 197, 'Let wrong', 127, 123, 8);
INSERT INTO album (album_id, artist_id, title, release_year, created_at) VALUES (198, 96, 'Progressive object-oriented algorithm', 2011, NOW());
INSERT INTO song (song_id, album_id, name, duration_seconds, bpm, track_number) VALUES (1478, 198, 'Keep name', 303, 155, 1);
INSERT INTO song (song_id, album_id, name, duration_seconds, bpm, track_number) VALUES (1479, 198, 'Page financial executive enough listen', 454, 177, 2);
INSERT INTO song (song_id, album_id, name, duration_seconds, bpm, track_number) VALUES (1480, 198, 'Concern', 262, 145, 3);
INSERT INTO song (song_id, album_id, name, duration_seconds, bpm, track_number) VALUES (1481, 198, 'For', 388, 63, 4);
INSERT INTO song (song_id, album_id, name, duration_seconds, bpm, track_number) VALUES (1482, 198, 'Result', 312, 94, 5);
INSERT INTO song (song_id, album_id, name, duration_seconds, bpm, track_number) VALUES (1483, 198, 'East energy hair camera', 466, 137, 6);
INSERT INTO album (album_id, artist_id, title, release_year, created_at) VALUES (199, 97, 'Streamlined motivating projection', 1973, NOW());
INSERT INTO song (song_id, album_id, name, duration_seconds, bpm, track_number) VALUES (1484, 199, 'May oil test', 240, 111, 1);
INSERT INTO song (song_id, album_id, name, duration_seconds, bpm, track_number) VALUES (1485, 199, 'Kid trial none world', 162, 176, 2);
INSERT INTO song (song_id, album_id, name, duration_seconds, bpm, track_number) VALUES (1486, 199, 'Much', 132, 160, 3);
INSERT INTO song (song_id, album_id, name, duration_seconds, bpm, track_number) VALUES (1487, 199, 'Economy show', 248, 68, 4);
INSERT INTO song (song_id, album_id, name, duration_seconds, bpm, track_number) VALUES (1488, 199, 'Practice', 234, 147, 5);
INSERT INTO album (album_id, artist_id, title, release_year, created_at) VALUES (200, 98, 'Reduced object-oriented attitude', 2023, NOW());
INSERT INTO song (song_id, album_id, name, duration_seconds, bpm, track_number) VALUES (1489, 200, 'Law low', 409, 128, 1);
INSERT INTO song (song_id, album_id, name, duration_seconds, bpm, track_number) VALUES (1490, 200, 'Thus early like', 148, 128, 2);
INSERT INTO song (song_id, album_id, name, duration_seconds, bpm, track_number) VALUES (1491, 200, 'Home poor', 399, 79, 3);
INSERT INTO song (song_id, album_id, name, duration_seconds, bpm, track_number) VALUES (1492, 200, 'What whatever', 449, 111, 4);
INSERT INTO song (song_id, album_id, name, duration_seconds, bpm, track_number) VALUES (1493, 200, 'Full memory', 240, 112, 5);
INSERT INTO song (song_id, album_id, name, duration_seconds, bpm, track_number) VALUES (1494, 200, 'Role Congress', 219, 150, 6);
INSERT INTO song (song_id, album_id, name, duration_seconds, bpm, track_number) VALUES (1495, 200, 'Eat', 206, 129, 7);
INSERT INTO song (song_id, album_id, name, duration_seconds, bpm, track_number) VALUES (1496, 200, 'Road', 203, 152, 8);
INSERT INTO album (album_id, artist_id, title, release_year, created_at) VALUES (201, 99, 'Upgradable bifurcated open architecture', 1993, NOW());
INSERT INTO song (song_id, album_id, name, duration_seconds, bpm, track_number) VALUES (1497, 201, 'Front', 372, 63, 1);
INSERT INTO song (song_id, album_id, name, duration_seconds, bpm, track_number) VALUES (1498, 201, 'Phone', 181, 174, 2);
INSERT INTO song (song_id, album_id, name, duration_seconds, bpm, track_number) VALUES (1499, 201, 'Adult husband', 296, 143, 3);
INSERT INTO song (song_id, album_id, name, duration_seconds, bpm, track_number) VALUES (1500, 201, 'Generation hard crime', 272, 99, 4);
INSERT INTO song (song_id, album_id, name, duration_seconds, bpm, track_number) VALUES (1501, 201, 'Decade center', 135, 178, 5);
INSERT INTO song (song_id, album_id, name, duration_seconds, bpm, track_number) VALUES (1502, 201, 'Book', 153, 100, 6);
INSERT INTO album (album_id, artist_id, title, release_year, created_at) VALUES (202, 99, 'Pre-emptive methodical focus group', 1970, NOW());
INSERT INTO song (song_id, album_id, name, duration_seconds, bpm, track_number) VALUES (1503, 202, 'Forward yeah', 214, 148, 1);
INSERT INTO song (song_id, album_id, name, duration_seconds, bpm, track_number) VALUES (1504, 202, 'Only mention number', 440, 65, 2);
INSERT INTO song (song_id, album_id, name, duration_seconds, bpm, track_number) VALUES (1505, 202, 'Physical amount', 326, 160, 3);
INSERT INTO song (song_id, album_id, name, duration_seconds, bpm, track_number) VALUES (1506, 202, 'Yard street', 288, 118, 4);
INSERT INTO song (song_id, album_id, name, duration_seconds, bpm, track_number) VALUES (1507, 202, 'Laugh', 159, 85, 5);
INSERT INTO album (album_id, artist_id, title, release_year, created_at) VALUES (203, 100, 'Innovative mobile analyzer', 2013, NOW());
INSERT INTO song (song_id, album_id, name, duration_seconds, bpm, track_number) VALUES (1508, 203, 'Huge from', 243, 75, 1);
INSERT INTO song (song_id, album_id, name, duration_seconds, bpm, track_number) VALUES (1509, 203, 'Create charge help', 311, 146, 2);
INSERT INTO song (song_id, album_id, name, duration_seconds, bpm, track_number) VALUES (1510, 203, 'Wind agreement give', 363, 99, 3);
INSERT INTO song (song_id, album_id, name, duration_seconds, bpm, track_number) VALUES (1511, 203, 'Difficult', 239, 157, 4);
INSERT INTO song (song_id, album_id, name, duration_seconds, bpm, track_number) VALUES (1512, 203, 'Choice rule paper marriage', 143, 92, 5);
INSERT INTO song (song_id, album_id, name, duration_seconds, bpm, track_number) VALUES (1513, 203, 'Sea thousand', 458, 149, 6);
INSERT INTO song (song_id, album_id, name, duration_seconds, bpm, track_number) VALUES (1514, 203, 'Above', 390, 108, 7);
INSERT INTO song (song_id, album_id, name, duration_seconds, bpm, track_number) VALUES (1515, 203, 'Fear watch writer', 254, 163, 8);
INSERT INTO album (album_id, artist_id, title, release_year, created_at) VALUES (204, 100, 'Mandatory coherent functionalities', 2007, NOW());
INSERT INTO song (song_id, album_id, name, duration_seconds, bpm, track_number) VALUES (1516, 204, 'Wait', 224, 76, 1);
INSERT INTO song (song_id, album_id, name, duration_seconds, bpm, track_number) VALUES (1517, 204, 'Partner wall', 419, 138, 2);
INSERT INTO song (song_id, album_id, name, duration_seconds, bpm, track_number) VALUES (1518, 204, 'Person', 347, 75, 3);
INSERT INTO song (song_id, album_id, name, duration_seconds, bpm, track_number) VALUES (1519, 204, 'Need green', 468, 85, 4);
INSERT INTO song (song_id, album_id, name, duration_seconds, bpm, track_number) VALUES (1520, 204, 'Step with strong', 274, 79, 5);
INSERT INTO song (song_id, album_id, name, duration_seconds, bpm, track_number) VALUES (1521, 204, 'Dinner', 416, 69, 6);
INSERT INTO song (song_id, album_id, name, duration_seconds, bpm, track_number) VALUES (1522, 204, 'Toward', 454, 149, 7);
INSERT INTO song (song_id, album_id, name, duration_seconds, bpm, track_number) VALUES (1523, 204, 'Moment subject', 376, 98, 8);
INSERT INTO song (song_id, album_id, name, duration_seconds, bpm, track_number) VALUES (1524, 204, 'Capital', 316, 125, 9);
INSERT INTO album (album_id, artist_id, title, release_year, created_at) VALUES (205, 101, 'Face-to-face directional utilization', 1994, NOW());
INSERT INTO song (song_id, album_id, name, duration_seconds, bpm, track_number) VALUES (1525, 205, 'World discuss', 147, 85, 1);
INSERT INTO song (song_id, album_id, name, duration_seconds, bpm, track_number) VALUES (1526, 205, 'Commercial read arrive', 229, 90, 2);
INSERT INTO song (song_id, album_id, name, duration_seconds, bpm, track_number) VALUES (1527, 205, 'Old', 218, 90, 3);
INSERT INTO song (song_id, album_id, name, duration_seconds, bpm, track_number) VALUES (1528, 205, 'Apply watch', 399, 65, 4);
INSERT INTO song (song_id, album_id, name, duration_seconds, bpm, track_number) VALUES (1529, 205, 'Wear audience threat', 299, 85, 5);
INSERT INTO song (song_id, album_id, name, duration_seconds, bpm, track_number) VALUES (1530, 205, 'Ahead', 151, 121, 6);
INSERT INTO song (song_id, album_id, name, duration_seconds, bpm, track_number) VALUES (1531, 205, 'Weight agency', 224, 154, 7);
INSERT INTO song (song_id, album_id, name, duration_seconds, bpm, track_number) VALUES (1532, 205, 'Worker allow recently', 301, 171, 8);
INSERT INTO album (album_id, artist_id, title, release_year, created_at) VALUES (206, 102, 'Right-sized hybrid definition', 2019, NOW());
INSERT INTO song (song_id, album_id, name, duration_seconds, bpm, track_number) VALUES (1533, 206, 'Maybe music', 472, 62, 1);
INSERT INTO song (song_id, album_id, name, duration_seconds, bpm, track_number) VALUES (1534, 206, 'Hundred', 273, 147, 2);
INSERT INTO song (song_id, album_id, name, duration_seconds, bpm, track_number) VALUES (1535, 206, 'Change', 172, 125, 3);
INSERT INTO song (song_id, album_id, name, duration_seconds, bpm, track_number) VALUES (1536, 206, 'Mr story', 403, 159, 4);
INSERT INTO song (song_id, album_id, name, duration_seconds, bpm, track_number) VALUES (1537, 206, 'Staff', 332, 152, 5);
INSERT INTO song (song_id, album_id, name, duration_seconds, bpm, track_number) VALUES (1538, 206, 'Yourself point for', 154, 136, 6);
INSERT INTO song (song_id, album_id, name, duration_seconds, bpm, track_number) VALUES (1539, 206, 'Challenge never film reduce however', 413, 126, 7);
INSERT INTO song (song_id, album_id, name, duration_seconds, bpm, track_number) VALUES (1540, 206, 'Account conference adult heavy difference', 449, 140, 8);
INSERT INTO album (album_id, artist_id, title, release_year, created_at) VALUES (207, 102, 'Synchronized 3rdgeneration success', 1975, NOW());
INSERT INTO song (song_id, album_id, name, duration_seconds, bpm, track_number) VALUES (1541, 207, 'Purpose court', 192, 71, 1);
INSERT INTO song (song_id, album_id, name, duration_seconds, bpm, track_number) VALUES (1542, 207, 'High amount idea', 250, 151, 2);
INSERT INTO song (song_id, album_id, name, duration_seconds, bpm, track_number) VALUES (1543, 207, 'Simply range become into', 467, 136, 3);
INSERT INTO song (song_id, album_id, name, duration_seconds, bpm, track_number) VALUES (1544, 207, 'Tonight rate Democrat', 222, 173, 4);
INSERT INTO song (song_id, album_id, name, duration_seconds, bpm, track_number) VALUES (1545, 207, 'Treat', 229, 130, 5);
INSERT INTO song (song_id, album_id, name, duration_seconds, bpm, track_number) VALUES (1546, 207, 'Vote', 260, 76, 6);
INSERT INTO song (song_id, album_id, name, duration_seconds, bpm, track_number) VALUES (1547, 207, 'Avoid change indicate', 323, 157, 7);
INSERT INTO song (song_id, album_id, name, duration_seconds, bpm, track_number) VALUES (1548, 207, 'Increase', 272, 102, 8);
INSERT INTO song (song_id, album_id, name, duration_seconds, bpm, track_number) VALUES (1549, 207, 'Argue society', 447, 141, 9);
INSERT INTO song (song_id, album_id, name, duration_seconds, bpm, track_number) VALUES (1550, 207, 'Watch question', 399, 112, 10);
INSERT INTO album (album_id, artist_id, title, release_year, created_at) VALUES (208, 102, 'Configurable multimedia standardization', 2004, NOW());
INSERT INTO song (song_id, album_id, name, duration_seconds, bpm, track_number) VALUES (1551, 208, 'Close citizen', 248, 89, 1);
INSERT INTO song (song_id, album_id, name, duration_seconds, bpm, track_number) VALUES (1552, 208, 'Detail system across', 415, 162, 2);
INSERT INTO song (song_id, album_id, name, duration_seconds, bpm, track_number) VALUES (1553, 208, 'Debate field former', 383, 76, 3);
INSERT INTO song (song_id, album_id, name, duration_seconds, bpm, track_number) VALUES (1554, 208, 'Phone provide', 280, 160, 4);
INSERT INTO song (song_id, album_id, name, duration_seconds, bpm, track_number) VALUES (1555, 208, 'Understand', 170, 117, 5);
INSERT INTO album (album_id, artist_id, title, release_year, created_at) VALUES (209, 103, 'Pre-emptive user-facing function', 2009, NOW());
INSERT INTO song (song_id, album_id, name, duration_seconds, bpm, track_number) VALUES (1556, 209, 'Hotel major sign', 365, 160, 1);
INSERT INTO song (song_id, album_id, name, duration_seconds, bpm, track_number) VALUES (1557, 209, 'Already business understand rock', 256, 154, 2);
INSERT INTO song (song_id, album_id, name, duration_seconds, bpm, track_number) VALUES (1558, 209, 'Change situation occur particularly beyond', 252, 151, 3);
INSERT INTO song (song_id, album_id, name, duration_seconds, bpm, track_number) VALUES (1559, 209, 'Write society indeed', 444, 124, 4);
INSERT INTO song (song_id, album_id, name, duration_seconds, bpm, track_number) VALUES (1560, 209, 'Red subject big', 155, 171, 5);
INSERT INTO song (song_id, album_id, name, duration_seconds, bpm, track_number) VALUES (1561, 209, 'Rule', 410, 165, 6);
INSERT INTO album (album_id, artist_id, title, release_year, created_at) VALUES (210, 103, 'Upgradable logistical functionalities', 2016, NOW());
INSERT INTO song (song_id, album_id, name, duration_seconds, bpm, track_number) VALUES (1562, 210, 'Indeed bag major very', 440, 122, 1);
INSERT INTO song (song_id, album_id, name, duration_seconds, bpm, track_number) VALUES (1563, 210, 'Season', 275, 142, 2);
INSERT INTO song (song_id, album_id, name, duration_seconds, bpm, track_number) VALUES (1564, 210, 'East finally scene party care', 420, 119, 3);
INSERT INTO song (song_id, album_id, name, duration_seconds, bpm, track_number) VALUES (1565, 210, 'Consider', 351, 70, 4);
INSERT INTO song (song_id, album_id, name, duration_seconds, bpm, track_number) VALUES (1566, 210, 'Degree before', 363, 67, 5);
INSERT INTO song (song_id, album_id, name, duration_seconds, bpm, track_number) VALUES (1567, 210, 'Practice', 204, 122, 6);
INSERT INTO album (album_id, artist_id, title, release_year, created_at) VALUES (211, 103, 'Cross-group intermediate encoding', 2007, NOW());
INSERT INTO song (song_id, album_id, name, duration_seconds, bpm, track_number) VALUES (1568, 211, 'Five close do somebody eat', 219, 73, 1);
INSERT INTO song (song_id, album_id, name, duration_seconds, bpm, track_number) VALUES (1569, 211, 'Stock affect world', 149, 126, 2);
INSERT INTO song (song_id, album_id, name, duration_seconds, bpm, track_number) VALUES (1570, 211, 'Share', 218, 172, 3);
INSERT INTO song (song_id, album_id, name, duration_seconds, bpm, track_number) VALUES (1571, 211, 'My believe', 266, 83, 4);
INSERT INTO song (song_id, album_id, name, duration_seconds, bpm, track_number) VALUES (1572, 211, 'Budget lead', 470, 141, 5);
INSERT INTO song (song_id, album_id, name, duration_seconds, bpm, track_number) VALUES (1573, 211, 'Seek hit skill education protect', 199, 149, 6);
INSERT INTO album (album_id, artist_id, title, release_year, created_at) VALUES (212, 104, 'Programmable impactful strategy', 2019, NOW());
INSERT INTO song (song_id, album_id, name, duration_seconds, bpm, track_number) VALUES (1574, 212, 'Never effect however interesting author', 445, 99, 1);
INSERT INTO song (song_id, album_id, name, duration_seconds, bpm, track_number) VALUES (1575, 212, 'Garden', 242, 147, 2);
INSERT INTO song (song_id, album_id, name, duration_seconds, bpm, track_number) VALUES (1576, 212, 'Daughter represent better to', 397, 80, 3);
INSERT INTO song (song_id, album_id, name, duration_seconds, bpm, track_number) VALUES (1577, 212, 'Or', 212, 65, 4);
INSERT INTO song (song_id, album_id, name, duration_seconds, bpm, track_number) VALUES (1578, 212, 'Federal director', 409, 144, 5);
INSERT INTO album (album_id, artist_id, title, release_year, created_at) VALUES (213, 104, 'Reduced coherent collaboration', 1990, NOW());
INSERT INTO song (song_id, album_id, name, duration_seconds, bpm, track_number) VALUES (1579, 213, 'Interesting peace red', 177, 124, 1);
INSERT INTO song (song_id, album_id, name, duration_seconds, bpm, track_number) VALUES (1580, 213, 'Production', 231, 64, 2);
INSERT INTO song (song_id, album_id, name, duration_seconds, bpm, track_number) VALUES (1581, 213, 'Specific particular indeed', 172, 163, 3);
INSERT INTO song (song_id, album_id, name, duration_seconds, bpm, track_number) VALUES (1582, 213, 'Book', 149, 107, 4);
INSERT INTO song (song_id, album_id, name, duration_seconds, bpm, track_number) VALUES (1583, 213, 'Those ball while away', 141, 151, 5);
INSERT INTO album (album_id, artist_id, title, release_year, created_at) VALUES (214, 105, 'De-engineered stable portal', 1971, NOW());
INSERT INTO song (song_id, album_id, name, duration_seconds, bpm, track_number) VALUES (1584, 214, 'Shoulder people', 215, 142, 1);
INSERT INTO song (song_id, album_id, name, duration_seconds, bpm, track_number) VALUES (1585, 214, 'Evidence lay', 406, 131, 2);
INSERT INTO song (song_id, album_id, name, duration_seconds, bpm, track_number) VALUES (1586, 214, 'Couple range country gas', 262, 80, 3);
INSERT INTO song (song_id, album_id, name, duration_seconds, bpm, track_number) VALUES (1587, 214, 'Including alone purpose', 208, 114, 4);
INSERT INTO song (song_id, album_id, name, duration_seconds, bpm, track_number) VALUES (1588, 214, 'Possible', 198, 161, 5);
INSERT INTO song (song_id, album_id, name, duration_seconds, bpm, track_number) VALUES (1589, 214, 'Fast exactly', 124, 74, 6);
INSERT INTO song (song_id, album_id, name, duration_seconds, bpm, track_number) VALUES (1590, 214, 'Reduce send', 306, 150, 7);
INSERT INTO song (song_id, album_id, name, duration_seconds, bpm, track_number) VALUES (1591, 214, 'Rest', 452, 96, 8);
INSERT INTO song (song_id, album_id, name, duration_seconds, bpm, track_number) VALUES (1592, 214, 'Project', 455, 163, 9);
INSERT INTO album (album_id, artist_id, title, release_year, created_at) VALUES (215, 105, 'Grass-roots foreground core', 2000, NOW());
INSERT INTO song (song_id, album_id, name, duration_seconds, bpm, track_number) VALUES (1593, 215, 'General', 370, 137, 1);
INSERT INTO song (song_id, album_id, name, duration_seconds, bpm, track_number) VALUES (1594, 215, 'Break hard', 359, 157, 2);
INSERT INTO song (song_id, album_id, name, duration_seconds, bpm, track_number) VALUES (1595, 215, 'Away', 335, 75, 3);
INSERT INTO song (song_id, album_id, name, duration_seconds, bpm, track_number) VALUES (1596, 215, 'Service finish power', 309, 144, 4);
INSERT INTO song (song_id, album_id, name, duration_seconds, bpm, track_number) VALUES (1597, 215, 'Six and', 271, 165, 5);
INSERT INTO song (song_id, album_id, name, duration_seconds, bpm, track_number) VALUES (1598, 215, 'Play letter after', 346, 166, 6);
INSERT INTO album (album_id, artist_id, title, release_year, created_at) VALUES (216, 106, 'Multi-layered executive orchestration', 2015, NOW());
INSERT INTO song (song_id, album_id, name, duration_seconds, bpm, track_number) VALUES (1599, 216, 'Himself type', 222, 69, 1);
INSERT INTO song (song_id, album_id, name, duration_seconds, bpm, track_number) VALUES (1600, 216, 'Beyond', 221, 155, 2);
INSERT INTO song (song_id, album_id, name, duration_seconds, bpm, track_number) VALUES (1601, 216, 'Gun perhaps fish', 230, 156, 3);
INSERT INTO song (song_id, album_id, name, duration_seconds, bpm, track_number) VALUES (1602, 216, 'Picture yard write medical why', 283, 145, 4);
INSERT INTO song (song_id, album_id, name, duration_seconds, bpm, track_number) VALUES (1603, 216, 'Budget who shoulder', 295, 79, 5);
INSERT INTO song (song_id, album_id, name, duration_seconds, bpm, track_number) VALUES (1604, 216, 'Skin development own', 262, 89, 6);
INSERT INTO album (album_id, artist_id, title, release_year, created_at) VALUES (217, 107, 'Compatible context-sensitive Graphic Interface', 2005, NOW());
INSERT INTO song (song_id, album_id, name, duration_seconds, bpm, track_number) VALUES (1605, 217, 'Hard those', 301, 85, 1);
INSERT INTO song (song_id, album_id, name, duration_seconds, bpm, track_number) VALUES (1606, 217, 'Stock', 281, 80, 2);
INSERT INTO song (song_id, album_id, name, duration_seconds, bpm, track_number) VALUES (1607, 217, 'Window natural', 258, 174, 3);
INSERT INTO song (song_id, album_id, name, duration_seconds, bpm, track_number) VALUES (1608, 217, 'Station available only', 222, 139, 4);
INSERT INTO song (song_id, album_id, name, duration_seconds, bpm, track_number) VALUES (1609, 217, 'Figure will', 311, 139, 5);
INSERT INTO song (song_id, album_id, name, duration_seconds, bpm, track_number) VALUES (1610, 217, 'Expect', 250, 115, 6);
INSERT INTO album (album_id, artist_id, title, release_year, created_at) VALUES (218, 108, 'Persistent human-resource budgetary management', 2010, NOW());
INSERT INTO song (song_id, album_id, name, duration_seconds, bpm, track_number) VALUES (1611, 218, 'Main', 260, 109, 1);
INSERT INTO song (song_id, album_id, name, duration_seconds, bpm, track_number) VALUES (1612, 218, 'Lawyer goal each back', 412, 125, 2);
INSERT INTO song (song_id, album_id, name, duration_seconds, bpm, track_number) VALUES (1613, 218, 'Both', 455, 86, 3);
INSERT INTO song (song_id, album_id, name, duration_seconds, bpm, track_number) VALUES (1614, 218, 'Nothing', 367, 99, 4);
INSERT INTO song (song_id, album_id, name, duration_seconds, bpm, track_number) VALUES (1615, 218, 'The', 331, 167, 5);
INSERT INTO song (song_id, album_id, name, duration_seconds, bpm, track_number) VALUES (1616, 218, 'Fill', 336, 155, 6);
INSERT INTO song (song_id, album_id, name, duration_seconds, bpm, track_number) VALUES (1617, 218, 'Person', 227, 70, 7);
INSERT INTO song (song_id, album_id, name, duration_seconds, bpm, track_number) VALUES (1618, 218, 'You', 173, 78, 8);
INSERT INTO album (album_id, artist_id, title, release_year, created_at) VALUES (219, 108, 'Pre-emptive homogeneous structure', 2000, NOW());
INSERT INTO song (song_id, album_id, name, duration_seconds, bpm, track_number) VALUES (1619, 219, 'Physical claim', 194, 158, 1);
INSERT INTO song (song_id, album_id, name, duration_seconds, bpm, track_number) VALUES (1620, 219, 'Budget', 308, 83, 2);
INSERT INTO song (song_id, album_id, name, duration_seconds, bpm, track_number) VALUES (1621, 219, 'Have', 213, 171, 3);
INSERT INTO song (song_id, album_id, name, duration_seconds, bpm, track_number) VALUES (1622, 219, 'Thought', 228, 167, 4);
INSERT INTO song (song_id, album_id, name, duration_seconds, bpm, track_number) VALUES (1623, 219, 'Trouble series right', 147, 85, 5);
INSERT INTO song (song_id, album_id, name, duration_seconds, bpm, track_number) VALUES (1624, 219, 'These later', 157, 72, 6);
INSERT INTO album (album_id, artist_id, title, release_year, created_at) VALUES (220, 109, 'Synchronized foreground info-mediaries', 2008, NOW());
INSERT INTO song (song_id, album_id, name, duration_seconds, bpm, track_number) VALUES (1625, 220, 'Bring can', 134, 70, 1);
INSERT INTO song (song_id, album_id, name, duration_seconds, bpm, track_number) VALUES (1626, 220, 'Tv', 141, 147, 2);
INSERT INTO song (song_id, album_id, name, duration_seconds, bpm, track_number) VALUES (1627, 220, 'Idea', 144, 173, 3);
INSERT INTO song (song_id, album_id, name, duration_seconds, bpm, track_number) VALUES (1628, 220, 'Hit season', 400, 115, 4);
INSERT INTO song (song_id, album_id, name, duration_seconds, bpm, track_number) VALUES (1629, 220, 'Question religious', 302, 91, 5);
INSERT INTO album (album_id, artist_id, title, release_year, created_at) VALUES (221, 109, 'Advanced systematic data-warehouse', 2004, NOW());
INSERT INTO song (song_id, album_id, name, duration_seconds, bpm, track_number) VALUES (1630, 221, 'Director', 133, 174, 1);
INSERT INTO song (song_id, album_id, name, duration_seconds, bpm, track_number) VALUES (1631, 221, 'Season', 437, 61, 2);
INSERT INTO song (song_id, album_id, name, duration_seconds, bpm, track_number) VALUES (1632, 221, 'Sell', 378, 70, 3);
INSERT INTO song (song_id, album_id, name, duration_seconds, bpm, track_number) VALUES (1633, 221, 'Clear', 197, 162, 4);
INSERT INTO song (song_id, album_id, name, duration_seconds, bpm, track_number) VALUES (1634, 221, 'Agent way', 213, 147, 5);
INSERT INTO song (song_id, album_id, name, duration_seconds, bpm, track_number) VALUES (1635, 221, 'Determine clear station', 134, 155, 6);
INSERT INTO album (album_id, artist_id, title, release_year, created_at) VALUES (222, 110, 'Integrated transitional synergy', 2015, NOW());
INSERT INTO song (song_id, album_id, name, duration_seconds, bpm, track_number) VALUES (1636, 222, 'Tree to short', 358, 111, 1);
INSERT INTO song (song_id, album_id, name, duration_seconds, bpm, track_number) VALUES (1637, 222, 'Poor read indeed', 442, 66, 2);
INSERT INTO song (song_id, album_id, name, duration_seconds, bpm, track_number) VALUES (1638, 222, 'Nature try', 132, 114, 3);
INSERT INTO song (song_id, album_id, name, duration_seconds, bpm, track_number) VALUES (1639, 222, 'Computer practice matter late', 387, 131, 4);
INSERT INTO song (song_id, album_id, name, duration_seconds, bpm, track_number) VALUES (1640, 222, 'Away nature of different', 194, 164, 5);
INSERT INTO album (album_id, artist_id, title, release_year, created_at) VALUES (223, 110, 'Self-enabling dynamic website', 2020, NOW());
INSERT INTO song (song_id, album_id, name, duration_seconds, bpm, track_number) VALUES (1641, 223, 'Gun', 417, 130, 1);
INSERT INTO song (song_id, album_id, name, duration_seconds, bpm, track_number) VALUES (1642, 223, 'Huge anything all speak', 364, 101, 2);
INSERT INTO song (song_id, album_id, name, duration_seconds, bpm, track_number) VALUES (1643, 223, 'Life off', 387, 106, 3);
INSERT INTO song (song_id, album_id, name, duration_seconds, bpm, track_number) VALUES (1644, 223, 'Real', 184, 91, 4);
INSERT INTO song (song_id, album_id, name, duration_seconds, bpm, track_number) VALUES (1645, 223, 'Popular tonight', 237, 180, 5);
INSERT INTO song (song_id, album_id, name, duration_seconds, bpm, track_number) VALUES (1646, 223, 'Cultural school', 265, 86, 6);
INSERT INTO song (song_id, album_id, name, duration_seconds, bpm, track_number) VALUES (1647, 223, 'Fast before painting', 440, 81, 7);
INSERT INTO song (song_id, album_id, name, duration_seconds, bpm, track_number) VALUES (1648, 223, 'Their', 261, 77, 8);
INSERT INTO album (album_id, artist_id, title, release_year, created_at) VALUES (224, 111, 'Adaptive bandwidth-monitored protocol', 2004, NOW());
INSERT INTO song (song_id, album_id, name, duration_seconds, bpm, track_number) VALUES (1649, 224, 'Check', 160, 151, 1);
INSERT INTO song (song_id, album_id, name, duration_seconds, bpm, track_number) VALUES (1650, 224, 'Decision', 390, 67, 2);
INSERT INTO song (song_id, album_id, name, duration_seconds, bpm, track_number) VALUES (1651, 224, 'Better wish heart', 286, 138, 3);
INSERT INTO song (song_id, album_id, name, duration_seconds, bpm, track_number) VALUES (1652, 224, 'Look', 143, 155, 4);
INSERT INTO song (song_id, album_id, name, duration_seconds, bpm, track_number) VALUES (1653, 224, 'Whose', 343, 102, 5);
INSERT INTO song (song_id, album_id, name, duration_seconds, bpm, track_number) VALUES (1654, 224, 'Already language', 385, 136, 6);
INSERT INTO album (album_id, artist_id, title, release_year, created_at) VALUES (225, 112, 'Customizable optimal model', 2008, NOW());
INSERT INTO song (song_id, album_id, name, duration_seconds, bpm, track_number) VALUES (1655, 225, 'Subject way way analysis water', 462, 149, 1);
INSERT INTO song (song_id, album_id, name, duration_seconds, bpm, track_number) VALUES (1656, 225, 'Five structure political mother', 240, 105, 2);
INSERT INTO song (song_id, album_id, name, duration_seconds, bpm, track_number) VALUES (1657, 225, 'West structure quality movement', 372, 114, 3);
INSERT INTO song (song_id, album_id, name, duration_seconds, bpm, track_number) VALUES (1658, 225, 'Expect', 315, 91, 4);
INSERT INTO song (song_id, album_id, name, duration_seconds, bpm, track_number) VALUES (1659, 225, 'Foreign cost', 383, 118, 5);
INSERT INTO song (song_id, album_id, name, duration_seconds, bpm, track_number) VALUES (1660, 225, 'Either no', 164, 110, 6);
INSERT INTO song (song_id, album_id, name, duration_seconds, bpm, track_number) VALUES (1661, 225, 'Particular contain standard', 139, 162, 7);
INSERT INTO album (album_id, artist_id, title, release_year, created_at) VALUES (226, 112, 'Expanded empowering software', 2016, NOW());
INSERT INTO song (song_id, album_id, name, duration_seconds, bpm, track_number) VALUES (1662, 226, 'Deal popular amount', 301, 169, 1);
INSERT INTO song (song_id, album_id, name, duration_seconds, bpm, track_number) VALUES (1663, 226, 'Material', 163, 97, 2);
INSERT INTO song (song_id, album_id, name, duration_seconds, bpm, track_number) VALUES (1664, 226, 'Them only', 249, 130, 3);
INSERT INTO song (song_id, album_id, name, duration_seconds, bpm, track_number) VALUES (1665, 226, 'Decade', 312, 94, 4);
INSERT INTO song (song_id, album_id, name, duration_seconds, bpm, track_number) VALUES (1666, 226, 'Common voice', 225, 74, 5);
INSERT INTO song (song_id, album_id, name, duration_seconds, bpm, track_number) VALUES (1667, 226, 'Green treat official week', 235, 101, 6);
INSERT INTO song (song_id, album_id, name, duration_seconds, bpm, track_number) VALUES (1668, 226, 'Expert short challenge tonight', 241, 60, 7);
INSERT INTO song (song_id, album_id, name, duration_seconds, bpm, track_number) VALUES (1669, 226, 'Detail color yeah operation audience', 227, 150, 8);
INSERT INTO album (album_id, artist_id, title, release_year, created_at) VALUES (227, 113, 'Re-engineered context-sensitive conglomeration', 1981, NOW());
INSERT INTO song (song_id, album_id, name, duration_seconds, bpm, track_number) VALUES (1670, 227, 'Popular', 435, 76, 1);
INSERT INTO song (song_id, album_id, name, duration_seconds, bpm, track_number) VALUES (1671, 227, 'Here hit', 472, 132, 2);
INSERT INTO song (song_id, album_id, name, duration_seconds, bpm, track_number) VALUES (1672, 227, 'It', 130, 75, 3);
INSERT INTO song (song_id, album_id, name, duration_seconds, bpm, track_number) VALUES (1673, 227, 'Part', 413, 178, 4);
INSERT INTO song (song_id, album_id, name, duration_seconds, bpm, track_number) VALUES (1674, 227, 'Run story', 339, 62, 5);
INSERT INTO song (song_id, album_id, name, duration_seconds, bpm, track_number) VALUES (1675, 227, 'Evening us nor impact', 313, 124, 6);
INSERT INTO song (song_id, album_id, name, duration_seconds, bpm, track_number) VALUES (1676, 227, 'Experience describe', 305, 90, 7);
INSERT INTO song (song_id, album_id, name, duration_seconds, bpm, track_number) VALUES (1677, 227, 'Safe', 230, 174, 8);
INSERT INTO album (album_id, artist_id, title, release_year, created_at) VALUES (228, 113, 'Face-to-face encompassing knowledge user', 1993, NOW());
INSERT INTO song (song_id, album_id, name, duration_seconds, bpm, track_number) VALUES (1678, 228, 'Your heart live', 220, 142, 1);
INSERT INTO song (song_id, album_id, name, duration_seconds, bpm, track_number) VALUES (1679, 228, 'Summer half everything picture ground', 281, 157, 2);
INSERT INTO song (song_id, album_id, name, duration_seconds, bpm, track_number) VALUES (1680, 228, 'Choose develop', 299, 177, 3);
INSERT INTO song (song_id, album_id, name, duration_seconds, bpm, track_number) VALUES (1681, 228, 'Parent cause', 275, 75, 4);
INSERT INTO song (song_id, album_id, name, duration_seconds, bpm, track_number) VALUES (1682, 228, 'Professional necessary', 367, 150, 5);
INSERT INTO song (song_id, album_id, name, duration_seconds, bpm, track_number) VALUES (1683, 228, 'Beyond', 447, 96, 6);
INSERT INTO song (song_id, album_id, name, duration_seconds, bpm, track_number) VALUES (1684, 228, 'Much', 394, 105, 7);
INSERT INTO song (song_id, album_id, name, duration_seconds, bpm, track_number) VALUES (1685, 228, 'Form fast thank', 151, 99, 8);
INSERT INTO song (song_id, album_id, name, duration_seconds, bpm, track_number) VALUES (1686, 228, 'Difference', 414, 164, 9);
INSERT INTO album (album_id, artist_id, title, release_year, created_at) VALUES (229, 114, 'Function-based regional portal', 1974, NOW());
INSERT INTO song (song_id, album_id, name, duration_seconds, bpm, track_number) VALUES (1687, 229, 'Research single', 352, 139, 1);
INSERT INTO song (song_id, album_id, name, duration_seconds, bpm, track_number) VALUES (1688, 229, 'Town public', 247, 98, 2);
INSERT INTO song (song_id, album_id, name, duration_seconds, bpm, track_number) VALUES (1689, 229, 'Step', 198, 111, 3);
INSERT INTO song (song_id, album_id, name, duration_seconds, bpm, track_number) VALUES (1690, 229, 'Join', 396, 88, 4);
INSERT INTO song (song_id, album_id, name, duration_seconds, bpm, track_number) VALUES (1691, 229, 'Because', 181, 111, 5);
INSERT INTO song (song_id, album_id, name, duration_seconds, bpm, track_number) VALUES (1692, 229, 'Without', 437, 107, 6);
INSERT INTO song (song_id, album_id, name, duration_seconds, bpm, track_number) VALUES (1693, 229, 'Budget', 151, 165, 7);
INSERT INTO song (song_id, album_id, name, duration_seconds, bpm, track_number) VALUES (1694, 229, 'Green', 320, 108, 8);
INSERT INTO song (song_id, album_id, name, duration_seconds, bpm, track_number) VALUES (1695, 229, 'Member still', 314, 142, 9);
INSERT INTO album (album_id, artist_id, title, release_year, created_at) VALUES (230, 114, 'Total radical protocol', 2011, NOW());
INSERT INTO song (song_id, album_id, name, duration_seconds, bpm, track_number) VALUES (1696, 230, 'Set', 459, 113, 1);
INSERT INTO song (song_id, album_id, name, duration_seconds, bpm, track_number) VALUES (1697, 230, 'By edge', 395, 62, 2);
INSERT INTO song (song_id, album_id, name, duration_seconds, bpm, track_number) VALUES (1698, 230, 'Like', 120, 74, 3);
INSERT INTO song (song_id, album_id, name, duration_seconds, bpm, track_number) VALUES (1699, 230, 'Money best executive who cultural', 277, 103, 4);
INSERT INTO song (song_id, album_id, name, duration_seconds, bpm, track_number) VALUES (1700, 230, 'Let morning draw organization', 258, 178, 5);
INSERT INTO song (song_id, album_id, name, duration_seconds, bpm, track_number) VALUES (1701, 230, 'Race prevent event', 332, 92, 6);
INSERT INTO song (song_id, album_id, name, duration_seconds, bpm, track_number) VALUES (1702, 230, 'Recognize', 243, 146, 7);
INSERT INTO album (album_id, artist_id, title, release_year, created_at) VALUES (231, 115, 'Reduced didactic monitoring', 2013, NOW());
INSERT INTO song (song_id, album_id, name, duration_seconds, bpm, track_number) VALUES (1703, 231, 'Process', 157, 63, 1);
INSERT INTO song (song_id, album_id, name, duration_seconds, bpm, track_number) VALUES (1704, 231, 'Represent age address', 122, 127, 2);
INSERT INTO song (song_id, album_id, name, duration_seconds, bpm, track_number) VALUES (1705, 231, 'North by', 400, 117, 3);
INSERT INTO song (song_id, album_id, name, duration_seconds, bpm, track_number) VALUES (1706, 231, 'Teacher', 445, 76, 4);
INSERT INTO song (song_id, album_id, name, duration_seconds, bpm, track_number) VALUES (1707, 231, 'Agency', 177, 139, 5);
INSERT INTO song (song_id, album_id, name, duration_seconds, bpm, track_number) VALUES (1708, 231, 'First', 226, 178, 6);
INSERT INTO song (song_id, album_id, name, duration_seconds, bpm, track_number) VALUES (1709, 231, 'Industry respond', 165, 100, 7);
INSERT INTO album (album_id, artist_id, title, release_year, created_at) VALUES (232, 115, 'Right-sized dynamic hub', 2009, NOW());
INSERT INTO song (song_id, album_id, name, duration_seconds, bpm, track_number) VALUES (1710, 232, 'Rise customer', 159, 106, 1);
INSERT INTO song (song_id, album_id, name, duration_seconds, bpm, track_number) VALUES (1711, 232, 'We sell', 318, 178, 2);
INSERT INTO song (song_id, album_id, name, duration_seconds, bpm, track_number) VALUES (1712, 232, 'Director possible', 185, 180, 3);
INSERT INTO song (song_id, album_id, name, duration_seconds, bpm, track_number) VALUES (1713, 232, 'Because', 352, 125, 4);
INSERT INTO song (song_id, album_id, name, duration_seconds, bpm, track_number) VALUES (1714, 232, 'Next field', 337, 77, 5);
INSERT INTO song (song_id, album_id, name, duration_seconds, bpm, track_number) VALUES (1715, 232, 'Group single', 140, 161, 6);
INSERT INTO song (song_id, album_id, name, duration_seconds, bpm, track_number) VALUES (1716, 232, 'Task free enjoy Mr', 156, 66, 7);
INSERT INTO song (song_id, album_id, name, duration_seconds, bpm, track_number) VALUES (1717, 232, 'After why street full', 126, 131, 8);
INSERT INTO album (album_id, artist_id, title, release_year, created_at) VALUES (233, 116, 'Decentralized hybrid leverage', 1997, NOW());
INSERT INTO song (song_id, album_id, name, duration_seconds, bpm, track_number) VALUES (1718, 233, 'Soon meet', 470, 118, 1);
INSERT INTO song (song_id, album_id, name, duration_seconds, bpm, track_number) VALUES (1719, 233, 'Clear', 447, 69, 2);
INSERT INTO song (song_id, album_id, name, duration_seconds, bpm, track_number) VALUES (1720, 233, 'Two financial Congress', 234, 97, 3);
INSERT INTO song (song_id, album_id, name, duration_seconds, bpm, track_number) VALUES (1721, 233, 'Require', 281, 130, 4);
INSERT INTO song (song_id, album_id, name, duration_seconds, bpm, track_number) VALUES (1722, 233, 'Item', 212, 177, 5);
INSERT INTO song (song_id, album_id, name, duration_seconds, bpm, track_number) VALUES (1723, 233, 'Artist then wind', 161, 155, 6);
INSERT INTO song (song_id, album_id, name, duration_seconds, bpm, track_number) VALUES (1724, 233, 'Sign history', 453, 69, 7);
INSERT INTO song (song_id, album_id, name, duration_seconds, bpm, track_number) VALUES (1725, 233, 'Family pass', 155, 110, 8);
INSERT INTO song (song_id, album_id, name, duration_seconds, bpm, track_number) VALUES (1726, 233, 'Hope', 372, 137, 9);
INSERT INTO album (album_id, artist_id, title, release_year, created_at) VALUES (234, 116, 'Versatile dynamic frame', 1988, NOW());
INSERT INTO song (song_id, album_id, name, duration_seconds, bpm, track_number) VALUES (1727, 234, 'Public', 335, 109, 1);
INSERT INTO song (song_id, album_id, name, duration_seconds, bpm, track_number) VALUES (1728, 234, 'Far', 466, 135, 2);
INSERT INTO song (song_id, album_id, name, duration_seconds, bpm, track_number) VALUES (1729, 234, 'More', 218, 173, 3);
INSERT INTO song (song_id, album_id, name, duration_seconds, bpm, track_number) VALUES (1730, 234, 'Finally', 308, 83, 4);
INSERT INTO song (song_id, album_id, name, duration_seconds, bpm, track_number) VALUES (1731, 234, 'Suddenly wrong risk', 346, 167, 5);
INSERT INTO album (album_id, artist_id, title, release_year, created_at) VALUES (235, 116, 'Horizontal fresh-thinking core', 2026, NOW());
INSERT INTO song (song_id, album_id, name, duration_seconds, bpm, track_number) VALUES (1732, 235, 'Single raise identify', 450, 150, 1);
INSERT INTO song (song_id, album_id, name, duration_seconds, bpm, track_number) VALUES (1733, 235, 'Day else eight design', 280, 74, 2);
INSERT INTO song (song_id, album_id, name, duration_seconds, bpm, track_number) VALUES (1734, 235, 'Boy', 249, 102, 3);
INSERT INTO song (song_id, album_id, name, duration_seconds, bpm, track_number) VALUES (1735, 235, 'Exactly mother interesting', 287, 113, 4);
INSERT INTO song (song_id, album_id, name, duration_seconds, bpm, track_number) VALUES (1736, 235, 'Other', 439, 67, 5);
INSERT INTO album (album_id, artist_id, title, release_year, created_at) VALUES (236, 117, 'Visionary eco-centric groupware', 2007, NOW());
INSERT INTO song (song_id, album_id, name, duration_seconds, bpm, track_number) VALUES (1737, 236, 'Laugh claim goal', 396, 160, 1);
INSERT INTO song (song_id, album_id, name, duration_seconds, bpm, track_number) VALUES (1738, 236, 'Rate city remain', 314, 119, 2);
INSERT INTO song (song_id, album_id, name, duration_seconds, bpm, track_number) VALUES (1739, 236, 'Usually pass best sign', 393, 82, 3);
INSERT INTO song (song_id, album_id, name, duration_seconds, bpm, track_number) VALUES (1740, 236, 'Task year', 390, 154, 4);
INSERT INTO song (song_id, album_id, name, duration_seconds, bpm, track_number) VALUES (1741, 236, 'Receive image', 448, 133, 5);
INSERT INTO song (song_id, album_id, name, duration_seconds, bpm, track_number) VALUES (1742, 236, 'View', 128, 163, 6);
INSERT INTO song (song_id, album_id, name, duration_seconds, bpm, track_number) VALUES (1743, 236, 'Operation he stuff', 281, 175, 7);
INSERT INTO song (song_id, album_id, name, duration_seconds, bpm, track_number) VALUES (1744, 236, 'History', 211, 168, 8);
INSERT INTO song (song_id, album_id, name, duration_seconds, bpm, track_number) VALUES (1745, 236, 'Tree event which difference', 434, 136, 9);
INSERT INTO album (album_id, artist_id, title, release_year, created_at) VALUES (237, 117, 'Reduced 3rdgeneration moratorium', 1984, NOW());
INSERT INTO song (song_id, album_id, name, duration_seconds, bpm, track_number) VALUES (1746, 237, 'Memory', 150, 179, 1);
INSERT INTO song (song_id, album_id, name, duration_seconds, bpm, track_number) VALUES (1747, 237, 'Land stay everyone', 265, 100, 2);
INSERT INTO song (song_id, album_id, name, duration_seconds, bpm, track_number) VALUES (1748, 237, 'Form bag', 213, 87, 3);
INSERT INTO song (song_id, album_id, name, duration_seconds, bpm, track_number) VALUES (1749, 237, 'Front court degree', 433, 128, 4);
INSERT INTO song (song_id, album_id, name, duration_seconds, bpm, track_number) VALUES (1750, 237, 'Expect', 326, 166, 5);
INSERT INTO song (song_id, album_id, name, duration_seconds, bpm, track_number) VALUES (1751, 237, 'Role east', 437, 108, 6);
INSERT INTO album (album_id, artist_id, title, release_year, created_at) VALUES (238, 118, 'Monitored multi-tasking algorithm', 2010, NOW());
INSERT INTO song (song_id, album_id, name, duration_seconds, bpm, track_number) VALUES (1752, 238, 'Modern data apply', 149, 104, 1);
INSERT INTO song (song_id, album_id, name, duration_seconds, bpm, track_number) VALUES (1753, 238, 'Task difficult artist', 406, 151, 2);
INSERT INTO song (song_id, album_id, name, duration_seconds, bpm, track_number) VALUES (1754, 238, 'Hospital general', 160, 90, 3);
INSERT INTO song (song_id, album_id, name, duration_seconds, bpm, track_number) VALUES (1755, 238, 'Bring', 198, 168, 4);
INSERT INTO song (song_id, album_id, name, duration_seconds, bpm, track_number) VALUES (1756, 238, 'Yet tough produce drive involve', 425, 78, 5);
INSERT INTO album (album_id, artist_id, title, release_year, created_at) VALUES (239, 119, 'Enhanced secondary contingency', 2011, NOW());
INSERT INTO song (song_id, album_id, name, duration_seconds, bpm, track_number) VALUES (1757, 239, 'First stuff carry hand', 214, 106, 1);
INSERT INTO song (song_id, album_id, name, duration_seconds, bpm, track_number) VALUES (1758, 239, 'Anyone', 451, 131, 2);
INSERT INTO song (song_id, album_id, name, duration_seconds, bpm, track_number) VALUES (1759, 239, 'Old', 206, 83, 3);
INSERT INTO song (song_id, album_id, name, duration_seconds, bpm, track_number) VALUES (1760, 239, 'Computer', 375, 153, 4);
INSERT INTO song (song_id, album_id, name, duration_seconds, bpm, track_number) VALUES (1761, 239, 'Station those', 315, 171, 5);
INSERT INTO song (song_id, album_id, name, duration_seconds, bpm, track_number) VALUES (1762, 239, 'Brother anyone', 315, 153, 6);
INSERT INTO song (song_id, album_id, name, duration_seconds, bpm, track_number) VALUES (1763, 239, 'Receive sense', 298, 160, 7);
INSERT INTO album (album_id, artist_id, title, release_year, created_at) VALUES (240, 119, 'Monitored mission-critical moratorium', 1972, NOW());
INSERT INTO song (song_id, album_id, name, duration_seconds, bpm, track_number) VALUES (1764, 240, 'Nature', 126, 91, 1);
INSERT INTO song (song_id, album_id, name, duration_seconds, bpm, track_number) VALUES (1765, 240, 'Start', 418, 127, 2);
INSERT INTO song (song_id, album_id, name, duration_seconds, bpm, track_number) VALUES (1766, 240, 'Rather local', 292, 87, 3);
INSERT INTO song (song_id, album_id, name, duration_seconds, bpm, track_number) VALUES (1767, 240, 'Indicate share amount until responsibility', 358, 150, 4);
INSERT INTO song (song_id, album_id, name, duration_seconds, bpm, track_number) VALUES (1768, 240, 'Act', 186, 151, 5);
INSERT INTO song (song_id, album_id, name, duration_seconds, bpm, track_number) VALUES (1769, 240, 'Say wind account house', 313, 102, 6);
INSERT INTO album (album_id, artist_id, title, release_year, created_at) VALUES (241, 120, 'Enhanced well-modulated capability', 1987, NOW());
INSERT INTO song (song_id, album_id, name, duration_seconds, bpm, track_number) VALUES (1770, 241, 'Political', 166, 147, 1);
INSERT INTO song (song_id, album_id, name, duration_seconds, bpm, track_number) VALUES (1771, 241, 'Voice', 196, 132, 2);
INSERT INTO song (song_id, album_id, name, duration_seconds, bpm, track_number) VALUES (1772, 241, 'Alone thousand thought among', 456, 151, 3);
INSERT INTO song (song_id, album_id, name, duration_seconds, bpm, track_number) VALUES (1773, 241, 'Catch', 196, 118, 4);
INSERT INTO song (song_id, album_id, name, duration_seconds, bpm, track_number) VALUES (1774, 241, 'Since', 248, 131, 5);
INSERT INTO song (song_id, album_id, name, duration_seconds, bpm, track_number) VALUES (1775, 241, 'Answer its various win', 417, 169, 6);
INSERT INTO album (album_id, artist_id, title, release_year, created_at) VALUES (242, 120, 'Versatile bandwidth-monitored portal', 2021, NOW());
INSERT INTO song (song_id, album_id, name, duration_seconds, bpm, track_number) VALUES (1776, 242, 'Close establish', 223, 133, 1);
INSERT INTO song (song_id, album_id, name, duration_seconds, bpm, track_number) VALUES (1777, 242, 'Name moment from draw wife', 402, 126, 2);
INSERT INTO song (song_id, album_id, name, duration_seconds, bpm, track_number) VALUES (1778, 242, 'Cause', 377, 156, 3);
INSERT INTO song (song_id, album_id, name, duration_seconds, bpm, track_number) VALUES (1779, 242, 'Future', 440, 96, 4);
INSERT INTO song (song_id, album_id, name, duration_seconds, bpm, track_number) VALUES (1780, 242, 'Dark situation crime table', 299, 173, 5);
INSERT INTO song (song_id, album_id, name, duration_seconds, bpm, track_number) VALUES (1781, 242, 'Consumer', 134, 151, 6);
INSERT INTO song (song_id, album_id, name, duration_seconds, bpm, track_number) VALUES (1782, 242, 'School', 382, 71, 7);
INSERT INTO album (album_id, artist_id, title, release_year, created_at) VALUES (243, 121, 'Adaptive intermediate adapter', 1989, NOW());
INSERT INTO song (song_id, album_id, name, duration_seconds, bpm, track_number) VALUES (1783, 243, 'Choice', 435, 68, 1);
INSERT INTO song (song_id, album_id, name, duration_seconds, bpm, track_number) VALUES (1784, 243, 'Beyond their support', 421, 94, 2);
INSERT INTO song (song_id, album_id, name, duration_seconds, bpm, track_number) VALUES (1785, 243, 'Part', 265, 76, 3);
INSERT INTO song (song_id, album_id, name, duration_seconds, bpm, track_number) VALUES (1786, 243, 'Summer executive special', 465, 172, 4);
INSERT INTO song (song_id, album_id, name, duration_seconds, bpm, track_number) VALUES (1787, 243, 'Whole anyone attention', 125, 78, 5);
INSERT INTO song (song_id, album_id, name, duration_seconds, bpm, track_number) VALUES (1788, 243, 'Indeed decide', 339, 88, 6);
INSERT INTO song (song_id, album_id, name, duration_seconds, bpm, track_number) VALUES (1789, 243, 'Prove plant make', 233, 65, 7);
INSERT INTO song (song_id, album_id, name, duration_seconds, bpm, track_number) VALUES (1790, 243, 'Color', 161, 129, 8);
INSERT INTO album (album_id, artist_id, title, release_year, created_at) VALUES (244, 121, 'Horizontal user-facing function', 2018, NOW());
INSERT INTO song (song_id, album_id, name, duration_seconds, bpm, track_number) VALUES (1791, 244, 'Night since', 404, 120, 1);
INSERT INTO song (song_id, album_id, name, duration_seconds, bpm, track_number) VALUES (1792, 244, 'Mission deal soon', 174, 153, 2);
INSERT INTO song (song_id, album_id, name, duration_seconds, bpm, track_number) VALUES (1793, 244, 'Why', 230, 112, 3);
INSERT INTO song (song_id, album_id, name, duration_seconds, bpm, track_number) VALUES (1794, 244, 'Card three', 215, 97, 4);
INSERT INTO song (song_id, album_id, name, duration_seconds, bpm, track_number) VALUES (1795, 244, 'Son', 460, 112, 5);
INSERT INTO album (album_id, artist_id, title, release_year, created_at) VALUES (245, 121, 'Diverse maximized circuit', 2015, NOW());
INSERT INTO song (song_id, album_id, name, duration_seconds, bpm, track_number) VALUES (1796, 245, 'Move', 125, 142, 1);
INSERT INTO song (song_id, album_id, name, duration_seconds, bpm, track_number) VALUES (1797, 245, 'Physical indeed institution', 476, 112, 2);
INSERT INTO song (song_id, album_id, name, duration_seconds, bpm, track_number) VALUES (1798, 245, 'Positive maybe', 332, 165, 3);
INSERT INTO song (song_id, album_id, name, duration_seconds, bpm, track_number) VALUES (1799, 245, 'Field why', 444, 177, 4);
INSERT INTO song (song_id, album_id, name, duration_seconds, bpm, track_number) VALUES (1800, 245, 'Relationship', 231, 118, 5);
INSERT INTO song (song_id, album_id, name, duration_seconds, bpm, track_number) VALUES (1801, 245, 'National that feeling', 165, 132, 6);
INSERT INTO song (song_id, album_id, name, duration_seconds, bpm, track_number) VALUES (1802, 245, 'World', 315, 136, 7);
INSERT INTO album (album_id, artist_id, title, release_year, created_at) VALUES (246, 122, 'Upgradable bifurcated emulation', 1972, NOW());
INSERT INTO song (song_id, album_id, name, duration_seconds, bpm, track_number) VALUES (1803, 246, 'Option world service', 199, 74, 1);
INSERT INTO song (song_id, album_id, name, duration_seconds, bpm, track_number) VALUES (1804, 246, 'Step listen', 229, 173, 2);
INSERT INTO song (song_id, album_id, name, duration_seconds, bpm, track_number) VALUES (1805, 246, 'Final upon', 153, 119, 3);
INSERT INTO song (song_id, album_id, name, duration_seconds, bpm, track_number) VALUES (1806, 246, 'Would', 468, 179, 4);
INSERT INTO song (song_id, album_id, name, duration_seconds, bpm, track_number) VALUES (1807, 246, 'Film any', 389, 76, 5);
INSERT INTO album (album_id, artist_id, title, release_year, created_at) VALUES (247, 122, 'Networked next generation Internet solution', 1994, NOW());
INSERT INTO song (song_id, album_id, name, duration_seconds, bpm, track_number) VALUES (1808, 247, 'Dog American', 328, 156, 1);
INSERT INTO song (song_id, album_id, name, duration_seconds, bpm, track_number) VALUES (1809, 247, 'Step school', 126, 87, 2);
INSERT INTO song (song_id, album_id, name, duration_seconds, bpm, track_number) VALUES (1810, 247, 'Father our', 134, 169, 3);
INSERT INTO song (song_id, album_id, name, duration_seconds, bpm, track_number) VALUES (1811, 247, 'Late', 241, 63, 4);
INSERT INTO song (song_id, album_id, name, duration_seconds, bpm, track_number) VALUES (1812, 247, 'Might point', 402, 142, 5);
INSERT INTO album (album_id, artist_id, title, release_year, created_at) VALUES (248, 123, 'Universal leadingedge service-desk', 2016, NOW());
INSERT INTO song (song_id, album_id, name, duration_seconds, bpm, track_number) VALUES (1813, 248, 'Future right once', 249, 135, 1);
INSERT INTO song (song_id, album_id, name, duration_seconds, bpm, track_number) VALUES (1814, 248, 'Chair throw citizen research south', 222, 164, 2);
INSERT INTO song (song_id, album_id, name, duration_seconds, bpm, track_number) VALUES (1815, 248, 'Involve job pull', 132, 148, 3);
INSERT INTO song (song_id, album_id, name, duration_seconds, bpm, track_number) VALUES (1816, 248, 'Role able pretty', 185, 141, 4);
INSERT INTO song (song_id, album_id, name, duration_seconds, bpm, track_number) VALUES (1817, 248, 'Window should board', 197, 78, 5);
INSERT INTO song (song_id, album_id, name, duration_seconds, bpm, track_number) VALUES (1818, 248, 'Manage', 156, 84, 6);
INSERT INTO song (song_id, album_id, name, duration_seconds, bpm, track_number) VALUES (1819, 248, 'Movement program training', 471, 122, 7);
INSERT INTO song (song_id, album_id, name, duration_seconds, bpm, track_number) VALUES (1820, 248, 'Test', 407, 107, 8);
INSERT INTO song (song_id, album_id, name, duration_seconds, bpm, track_number) VALUES (1821, 248, 'Morning spend occur', 346, 167, 9);
INSERT INTO album (album_id, artist_id, title, release_year, created_at) VALUES (249, 123, 'Quality-focused logistical ability', 1993, NOW());
INSERT INTO song (song_id, album_id, name, duration_seconds, bpm, track_number) VALUES (1822, 249, 'Future', 385, 88, 1);
INSERT INTO song (song_id, album_id, name, duration_seconds, bpm, track_number) VALUES (1823, 249, 'Dinner begin cause', 203, 161, 2);
INSERT INTO song (song_id, album_id, name, duration_seconds, bpm, track_number) VALUES (1824, 249, 'Environment much draw between nor', 139, 166, 3);
INSERT INTO song (song_id, album_id, name, duration_seconds, bpm, track_number) VALUES (1825, 249, 'Little', 250, 99, 4);
INSERT INTO song (song_id, album_id, name, duration_seconds, bpm, track_number) VALUES (1826, 249, 'Heavy east', 142, 89, 5);
INSERT INTO song (song_id, album_id, name, duration_seconds, bpm, track_number) VALUES (1827, 249, 'Enjoy local car arrive', 383, 144, 6);
INSERT INTO song (song_id, album_id, name, duration_seconds, bpm, track_number) VALUES (1828, 249, 'Hand career', 391, 60, 7);
INSERT INTO song (song_id, album_id, name, duration_seconds, bpm, track_number) VALUES (1829, 249, 'Beautiful', 397, 76, 8);
INSERT INTO song (song_id, album_id, name, duration_seconds, bpm, track_number) VALUES (1830, 249, 'As', 172, 134, 9);
INSERT INTO song (song_id, album_id, name, duration_seconds, bpm, track_number) VALUES (1831, 249, 'Scientist', 232, 107, 10);
INSERT INTO album (album_id, artist_id, title, release_year, created_at) VALUES (250, 123, 'Re-engineered real-time application', 2013, NOW());
INSERT INTO song (song_id, album_id, name, duration_seconds, bpm, track_number) VALUES (1832, 250, 'According resource writer', 287, 75, 1);
INSERT INTO song (song_id, album_id, name, duration_seconds, bpm, track_number) VALUES (1833, 250, 'Identify study give', 211, 97, 2);
INSERT INTO song (song_id, album_id, name, duration_seconds, bpm, track_number) VALUES (1834, 250, 'Him truth involve', 283, 169, 3);
INSERT INTO song (song_id, album_id, name, duration_seconds, bpm, track_number) VALUES (1835, 250, 'Through road', 387, 170, 4);
INSERT INTO song (song_id, album_id, name, duration_seconds, bpm, track_number) VALUES (1836, 250, 'Condition reason', 276, 89, 5);
INSERT INTO song (song_id, album_id, name, duration_seconds, bpm, track_number) VALUES (1837, 250, 'Collection bag', 403, 83, 6);
INSERT INTO album (album_id, artist_id, title, release_year, created_at) VALUES (251, 124, 'Grass-roots national initiative', 2002, NOW());
INSERT INTO song (song_id, album_id, name, duration_seconds, bpm, track_number) VALUES (1838, 251, 'Put two', 387, 123, 1);
INSERT INTO song (song_id, album_id, name, duration_seconds, bpm, track_number) VALUES (1839, 251, 'Nearly', 224, 83, 2);
INSERT INTO song (song_id, album_id, name, duration_seconds, bpm, track_number) VALUES (1840, 251, 'Poor', 405, 90, 3);
INSERT INTO song (song_id, album_id, name, duration_seconds, bpm, track_number) VALUES (1841, 251, 'Worry', 226, 88, 4);
INSERT INTO song (song_id, album_id, name, duration_seconds, bpm, track_number) VALUES (1842, 251, 'Action realize down', 253, 108, 5);
INSERT INTO song (song_id, album_id, name, duration_seconds, bpm, track_number) VALUES (1843, 251, 'Make', 191, 138, 6);
INSERT INTO song (song_id, album_id, name, duration_seconds, bpm, track_number) VALUES (1844, 251, 'Outside nature expect', 190, 174, 7);
INSERT INTO album (album_id, artist_id, title, release_year, created_at) VALUES (252, 124, 'Down-sized local benchmark', 2005, NOW());
INSERT INTO song (song_id, album_id, name, duration_seconds, bpm, track_number) VALUES (1845, 252, 'Evening home card', 330, 173, 1);
INSERT INTO song (song_id, album_id, name, duration_seconds, bpm, track_number) VALUES (1846, 252, 'Charge', 279, 170, 2);
INSERT INTO song (song_id, album_id, name, duration_seconds, bpm, track_number) VALUES (1847, 252, 'Drive ability for', 308, 70, 3);
INSERT INTO song (song_id, album_id, name, duration_seconds, bpm, track_number) VALUES (1848, 252, 'Can think', 289, 124, 4);
INSERT INTO song (song_id, album_id, name, duration_seconds, bpm, track_number) VALUES (1849, 252, 'Benefit bar', 340, 149, 5);
INSERT INTO album (album_id, artist_id, title, release_year, created_at) VALUES (253, 124, 'Extended hybrid synergy', 1994, NOW());
INSERT INTO song (song_id, album_id, name, duration_seconds, bpm, track_number) VALUES (1850, 253, 'Win late leg', 335, 160, 1);
INSERT INTO song (song_id, album_id, name, duration_seconds, bpm, track_number) VALUES (1851, 253, 'Effect color plan', 182, 70, 2);
INSERT INTO song (song_id, album_id, name, duration_seconds, bpm, track_number) VALUES (1852, 253, 'Strong', 472, 156, 3);
INSERT INTO song (song_id, album_id, name, duration_seconds, bpm, track_number) VALUES (1853, 253, 'Keep', 265, 102, 4);
INSERT INTO song (song_id, album_id, name, duration_seconds, bpm, track_number) VALUES (1854, 253, 'Seat', 168, 97, 5);
INSERT INTO song (song_id, album_id, name, duration_seconds, bpm, track_number) VALUES (1855, 253, 'Bad', 238, 179, 6);
INSERT INTO song (song_id, album_id, name, duration_seconds, bpm, track_number) VALUES (1856, 253, 'Thought', 377, 97, 7);
INSERT INTO song (song_id, album_id, name, duration_seconds, bpm, track_number) VALUES (1857, 253, 'Have since physical', 305, 152, 8);
INSERT INTO song (song_id, album_id, name, duration_seconds, bpm, track_number) VALUES (1858, 253, 'Act throw', 460, 99, 9);
INSERT INTO song (song_id, album_id, name, duration_seconds, bpm, track_number) VALUES (1859, 253, 'Professor sport', 154, 95, 10);
INSERT INTO album (album_id, artist_id, title, release_year, created_at) VALUES (254, 125, 'Self-enabling mission-critical open architecture', 2024, NOW());
INSERT INTO song (song_id, album_id, name, duration_seconds, bpm, track_number) VALUES (1860, 254, 'Far', 471, 178, 1);
INSERT INTO song (song_id, album_id, name, duration_seconds, bpm, track_number) VALUES (1861, 254, 'Law', 243, 150, 2);
INSERT INTO song (song_id, album_id, name, duration_seconds, bpm, track_number) VALUES (1862, 254, 'Bed race', 374, 168, 3);
INSERT INTO song (song_id, album_id, name, duration_seconds, bpm, track_number) VALUES (1863, 254, 'Degree wonder ability', 444, 165, 4);
INSERT INTO song (song_id, album_id, name, duration_seconds, bpm, track_number) VALUES (1864, 254, 'Too', 209, 130, 5);
INSERT INTO album (album_id, artist_id, title, release_year, created_at) VALUES (255, 125, 'Optimized non-volatile flexibility', 2006, NOW());
INSERT INTO song (song_id, album_id, name, duration_seconds, bpm, track_number) VALUES (1865, 255, 'Only in improve', 361, 80, 1);
INSERT INTO song (song_id, album_id, name, duration_seconds, bpm, track_number) VALUES (1866, 255, 'Three east expert', 179, 89, 2);
INSERT INTO song (song_id, album_id, name, duration_seconds, bpm, track_number) VALUES (1867, 255, 'Career', 324, 135, 3);
INSERT INTO song (song_id, album_id, name, duration_seconds, bpm, track_number) VALUES (1868, 255, 'Tax important crime', 126, 80, 4);
INSERT INTO song (song_id, album_id, name, duration_seconds, bpm, track_number) VALUES (1869, 255, 'Who southern', 126, 66, 5);
INSERT INTO song (song_id, album_id, name, duration_seconds, bpm, track_number) VALUES (1870, 255, 'Professional staff paper raise reflect', 198, 153, 6);
INSERT INTO song (song_id, album_id, name, duration_seconds, bpm, track_number) VALUES (1871, 255, 'Bar', 220, 168, 7);
INSERT INTO song (song_id, album_id, name, duration_seconds, bpm, track_number) VALUES (1872, 255, 'Her', 293, 129, 8);
INSERT INTO song (song_id, album_id, name, duration_seconds, bpm, track_number) VALUES (1873, 255, 'Issue draw rise bring', 202, 65, 9);
INSERT INTO album (album_id, artist_id, title, release_year, created_at) VALUES (256, 126, 'Cloned fault-tolerant attitude', 2026, NOW());
INSERT INTO song (song_id, album_id, name, duration_seconds, bpm, track_number) VALUES (1874, 256, 'Player stand former', 282, 72, 1);
INSERT INTO song (song_id, album_id, name, duration_seconds, bpm, track_number) VALUES (1875, 256, 'From strong kind drug eight', 286, 82, 2);
INSERT INTO song (song_id, album_id, name, duration_seconds, bpm, track_number) VALUES (1876, 256, 'Several', 446, 85, 3);
INSERT INTO song (song_id, album_id, name, duration_seconds, bpm, track_number) VALUES (1877, 256, 'Because time argue', 271, 71, 4);
INSERT INTO song (song_id, album_id, name, duration_seconds, bpm, track_number) VALUES (1878, 256, 'Effect education far', 260, 177, 5);
INSERT INTO song (song_id, album_id, name, duration_seconds, bpm, track_number) VALUES (1879, 256, 'First', 151, 158, 6);
INSERT INTO song (song_id, album_id, name, duration_seconds, bpm, track_number) VALUES (1880, 256, 'Class', 257, 84, 7);
INSERT INTO song (song_id, album_id, name, duration_seconds, bpm, track_number) VALUES (1881, 256, 'Suggest there', 373, 80, 8);
INSERT INTO song (song_id, album_id, name, duration_seconds, bpm, track_number) VALUES (1882, 256, 'Three', 259, 128, 9);
INSERT INTO album (album_id, artist_id, title, release_year, created_at) VALUES (257, 126, 'Automated local moratorium', 2018, NOW());
INSERT INTO song (song_id, album_id, name, duration_seconds, bpm, track_number) VALUES (1883, 257, 'Right', 296, 111, 1);
INSERT INTO song (song_id, album_id, name, duration_seconds, bpm, track_number) VALUES (1884, 257, 'Fact', 360, 178, 2);
INSERT INTO song (song_id, album_id, name, duration_seconds, bpm, track_number) VALUES (1885, 257, 'Her', 241, 176, 3);
INSERT INTO song (song_id, album_id, name, duration_seconds, bpm, track_number) VALUES (1886, 257, 'Example', 288, 159, 4);
INSERT INTO song (song_id, album_id, name, duration_seconds, bpm, track_number) VALUES (1887, 257, 'Sell thing out throw', 390, 85, 5);
INSERT INTO song (song_id, album_id, name, duration_seconds, bpm, track_number) VALUES (1888, 257, 'Turn method total', 223, 87, 6);
INSERT INTO album (album_id, artist_id, title, release_year, created_at) VALUES (258, 126, 'Streamlined intermediate capacity', 1992, NOW());
INSERT INTO song (song_id, album_id, name, duration_seconds, bpm, track_number) VALUES (1889, 258, 'Sign human back', 476, 113, 1);
INSERT INTO song (song_id, album_id, name, duration_seconds, bpm, track_number) VALUES (1890, 258, 'Early leader', 388, 126, 2);
INSERT INTO song (song_id, album_id, name, duration_seconds, bpm, track_number) VALUES (1891, 258, 'From himself', 158, 168, 3);
INSERT INTO song (song_id, album_id, name, duration_seconds, bpm, track_number) VALUES (1892, 258, 'Cultural', 375, 66, 4);
INSERT INTO song (song_id, album_id, name, duration_seconds, bpm, track_number) VALUES (1893, 258, 'Then want laugh', 381, 77, 5);
INSERT INTO album (album_id, artist_id, title, release_year, created_at) VALUES (259, 127, 'Programmable stable groupware', 1976, NOW());
INSERT INTO song (song_id, album_id, name, duration_seconds, bpm, track_number) VALUES (1894, 259, 'For pick degree', 290, 74, 1);
INSERT INTO song (song_id, album_id, name, duration_seconds, bpm, track_number) VALUES (1895, 259, 'Heavy test', 322, 164, 2);
INSERT INTO song (song_id, album_id, name, duration_seconds, bpm, track_number) VALUES (1896, 259, 'New herself today', 222, 83, 3);
INSERT INTO song (song_id, album_id, name, duration_seconds, bpm, track_number) VALUES (1897, 259, 'Today wait region thousand', 247, 131, 4);
INSERT INTO song (song_id, album_id, name, duration_seconds, bpm, track_number) VALUES (1898, 259, 'Baby', 162, 145, 5);
INSERT INTO song (song_id, album_id, name, duration_seconds, bpm, track_number) VALUES (1899, 259, 'Too', 348, 90, 6);
INSERT INTO song (song_id, album_id, name, duration_seconds, bpm, track_number) VALUES (1900, 259, 'On surface', 220, 73, 7);
INSERT INTO song (song_id, album_id, name, duration_seconds, bpm, track_number) VALUES (1901, 259, 'Statement human college', 237, 145, 8);
INSERT INTO song (song_id, album_id, name, duration_seconds, bpm, track_number) VALUES (1902, 259, 'Simple term parent market million', 359, 64, 9);
INSERT INTO song (song_id, album_id, name, duration_seconds, bpm, track_number) VALUES (1903, 259, 'Property opportunity commercial of', 289, 170, 10);
INSERT INTO album (album_id, artist_id, title, release_year, created_at) VALUES (260, 128, 'Fundamental asymmetric concept', 2007, NOW());
INSERT INTO song (song_id, album_id, name, duration_seconds, bpm, track_number) VALUES (1904, 260, 'Region heart', 202, 103, 1);
INSERT INTO song (song_id, album_id, name, duration_seconds, bpm, track_number) VALUES (1905, 260, 'Wish', 316, 124, 2);
INSERT INTO song (song_id, album_id, name, duration_seconds, bpm, track_number) VALUES (1906, 260, 'Really', 343, 173, 3);
INSERT INTO song (song_id, album_id, name, duration_seconds, bpm, track_number) VALUES (1907, 260, 'Wide', 273, 105, 4);
INSERT INTO song (song_id, album_id, name, duration_seconds, bpm, track_number) VALUES (1908, 260, 'Economy', 255, 68, 5);
INSERT INTO song (song_id, album_id, name, duration_seconds, bpm, track_number) VALUES (1909, 260, 'Tree seven method middle', 311, 170, 6);
INSERT INTO song (song_id, album_id, name, duration_seconds, bpm, track_number) VALUES (1910, 260, 'Develop sense almost', 423, 173, 7);
INSERT INTO song (song_id, album_id, name, duration_seconds, bpm, track_number) VALUES (1911, 260, 'Suffer cold', 376, 168, 8);
INSERT INTO album (album_id, artist_id, title, release_year, created_at) VALUES (261, 128, 'Switchable upward-trending knowledgebase', 2018, NOW());
INSERT INTO song (song_id, album_id, name, duration_seconds, bpm, track_number) VALUES (1912, 261, 'Law participant', 268, 60, 1);
INSERT INTO song (song_id, album_id, name, duration_seconds, bpm, track_number) VALUES (1913, 261, 'Result', 205, 155, 2);
INSERT INTO song (song_id, album_id, name, duration_seconds, bpm, track_number) VALUES (1914, 261, 'Small each foot present risk', 249, 115, 3);
INSERT INTO song (song_id, album_id, name, duration_seconds, bpm, track_number) VALUES (1915, 261, 'Free sound', 375, 89, 4);
INSERT INTO song (song_id, album_id, name, duration_seconds, bpm, track_number) VALUES (1916, 261, 'Heart', 160, 164, 5);
INSERT INTO song (song_id, album_id, name, duration_seconds, bpm, track_number) VALUES (1917, 261, 'Music window', 287, 150, 6);
INSERT INTO album (album_id, artist_id, title, release_year, created_at) VALUES (262, 129, 'Quality-focused well-modulated info-mediaries', 1991, NOW());
INSERT INTO song (song_id, album_id, name, duration_seconds, bpm, track_number) VALUES (1918, 262, 'One', 382, 106, 1);
INSERT INTO song (song_id, album_id, name, duration_seconds, bpm, track_number) VALUES (1919, 262, 'Family daughter sound', 214, 103, 2);
INSERT INTO song (song_id, album_id, name, duration_seconds, bpm, track_number) VALUES (1920, 262, 'People', 340, 166, 3);
INSERT INTO song (song_id, album_id, name, duration_seconds, bpm, track_number) VALUES (1921, 262, 'Later some table', 355, 104, 4);
INSERT INTO song (song_id, album_id, name, duration_seconds, bpm, track_number) VALUES (1922, 262, 'Much want', 317, 63, 5);
INSERT INTO song (song_id, album_id, name, duration_seconds, bpm, track_number) VALUES (1923, 262, 'Shake', 373, 130, 6);
INSERT INTO album (album_id, artist_id, title, release_year, created_at) VALUES (263, 130, 'Intuitive systemic intranet', 2015, NOW());
INSERT INTO song (song_id, album_id, name, duration_seconds, bpm, track_number) VALUES (1924, 263, 'For society', 372, 145, 1);
INSERT INTO song (song_id, album_id, name, duration_seconds, bpm, track_number) VALUES (1925, 263, 'Follow president', 282, 128, 2);
INSERT INTO song (song_id, album_id, name, duration_seconds, bpm, track_number) VALUES (1926, 263, 'First reason simple', 182, 96, 3);
INSERT INTO song (song_id, album_id, name, duration_seconds, bpm, track_number) VALUES (1927, 263, 'That', 229, 121, 4);
INSERT INTO song (song_id, album_id, name, duration_seconds, bpm, track_number) VALUES (1928, 263, 'Everybody bank body', 420, 117, 5);
INSERT INTO song (song_id, album_id, name, duration_seconds, bpm, track_number) VALUES (1929, 263, 'Maybe section', 200, 82, 6);
INSERT INTO song (song_id, album_id, name, duration_seconds, bpm, track_number) VALUES (1930, 263, 'Wear', 321, 106, 7);
INSERT INTO album (album_id, artist_id, title, release_year, created_at) VALUES (264, 130, 'Decentralized grid-enabled pricing structure', 1997, NOW());
INSERT INTO song (song_id, album_id, name, duration_seconds, bpm, track_number) VALUES (1931, 264, 'Effect increase', 371, 152, 1);
INSERT INTO song (song_id, album_id, name, duration_seconds, bpm, track_number) VALUES (1932, 264, 'Every individual', 277, 98, 2);
INSERT INTO song (song_id, album_id, name, duration_seconds, bpm, track_number) VALUES (1933, 264, 'Leave speak across', 428, 71, 3);
INSERT INTO song (song_id, album_id, name, duration_seconds, bpm, track_number) VALUES (1934, 264, 'Black', 231, 63, 4);
INSERT INTO song (song_id, album_id, name, duration_seconds, bpm, track_number) VALUES (1935, 264, 'Heavy personal', 442, 164, 5);
INSERT INTO song (song_id, album_id, name, duration_seconds, bpm, track_number) VALUES (1936, 264, 'Case', 328, 172, 6);
INSERT INTO album (album_id, artist_id, title, release_year, created_at) VALUES (265, 131, 'Cross-platform well-modulated process improvement', 2008, NOW());
INSERT INTO song (song_id, album_id, name, duration_seconds, bpm, track_number) VALUES (1937, 265, 'Their oil seek', 458, 156, 1);
INSERT INTO song (song_id, album_id, name, duration_seconds, bpm, track_number) VALUES (1938, 265, 'Down gas investment skill teacher', 183, 65, 2);
INSERT INTO song (song_id, album_id, name, duration_seconds, bpm, track_number) VALUES (1939, 265, 'Number', 289, 137, 3);
INSERT INTO song (song_id, album_id, name, duration_seconds, bpm, track_number) VALUES (1940, 265, 'Ready unit suddenly', 466, 166, 4);
INSERT INTO song (song_id, album_id, name, duration_seconds, bpm, track_number) VALUES (1941, 265, 'Without lay', 437, 155, 5);
INSERT INTO song (song_id, album_id, name, duration_seconds, bpm, track_number) VALUES (1942, 265, 'Goal strong country', 388, 173, 6);
INSERT INTO song (song_id, album_id, name, duration_seconds, bpm, track_number) VALUES (1943, 265, 'Age', 367, 65, 7);
INSERT INTO song (song_id, album_id, name, duration_seconds, bpm, track_number) VALUES (1944, 265, 'Something ground quickly', 396, 164, 8);
INSERT INTO song (song_id, album_id, name, duration_seconds, bpm, track_number) VALUES (1945, 265, 'Environment Mrs', 457, 68, 9);
INSERT INTO album (album_id, artist_id, title, release_year, created_at) VALUES (266, 131, 'Innovative explicit process improvement', 1995, NOW());
INSERT INTO song (song_id, album_id, name, duration_seconds, bpm, track_number) VALUES (1946, 266, 'Bed admit', 304, 140, 1);
INSERT INTO song (song_id, album_id, name, duration_seconds, bpm, track_number) VALUES (1947, 266, 'Evening might enjoy', 170, 157, 2);
INSERT INTO song (song_id, album_id, name, duration_seconds, bpm, track_number) VALUES (1948, 266, 'These with much positive', 411, 90, 3);
INSERT INTO song (song_id, album_id, name, duration_seconds, bpm, track_number) VALUES (1949, 266, 'Assume', 170, 140, 4);
INSERT INTO song (song_id, album_id, name, duration_seconds, bpm, track_number) VALUES (1950, 266, 'Recently', 229, 138, 5);
INSERT INTO song (song_id, album_id, name, duration_seconds, bpm, track_number) VALUES (1951, 266, 'About', 355, 83, 6);
INSERT INTO song (song_id, album_id, name, duration_seconds, bpm, track_number) VALUES (1952, 266, 'Source since rule near', 171, 64, 7);
INSERT INTO song (song_id, album_id, name, duration_seconds, bpm, track_number) VALUES (1953, 266, 'Win local most spring plant', 125, 94, 8);
INSERT INTO album (album_id, artist_id, title, release_year, created_at) VALUES (267, 131, 'Seamless directional challenge', 2012, NOW());
INSERT INTO song (song_id, album_id, name, duration_seconds, bpm, track_number) VALUES (1954, 267, 'Word positive officer', 313, 72, 1);
INSERT INTO song (song_id, album_id, name, duration_seconds, bpm, track_number) VALUES (1955, 267, 'Suffer later', 240, 79, 2);
INSERT INTO song (song_id, album_id, name, duration_seconds, bpm, track_number) VALUES (1956, 267, 'Difference', 233, 151, 3);
INSERT INTO song (song_id, album_id, name, duration_seconds, bpm, track_number) VALUES (1957, 267, 'Close', 160, 159, 4);
INSERT INTO song (song_id, album_id, name, duration_seconds, bpm, track_number) VALUES (1958, 267, 'Goal capital especially perhaps', 399, 79, 5);
INSERT INTO song (song_id, album_id, name, duration_seconds, bpm, track_number) VALUES (1959, 267, 'Model loss population', 408, 147, 6);
INSERT INTO song (song_id, album_id, name, duration_seconds, bpm, track_number) VALUES (1960, 267, 'Professor see sister international environmental', 186, 145, 7);
INSERT INTO song (song_id, album_id, name, duration_seconds, bpm, track_number) VALUES (1961, 267, 'Good', 336, 142, 8);
INSERT INTO album (album_id, artist_id, title, release_year, created_at) VALUES (268, 132, 'Re-contextualized foreground emulation', 2024, NOW());
INSERT INTO song (song_id, album_id, name, duration_seconds, bpm, track_number) VALUES (1962, 268, 'Listen seat school', 161, 96, 1);
INSERT INTO song (song_id, album_id, name, duration_seconds, bpm, track_number) VALUES (1963, 268, 'Protect', 219, 173, 2);
INSERT INTO song (song_id, album_id, name, duration_seconds, bpm, track_number) VALUES (1964, 268, 'Third', 183, 163, 3);
INSERT INTO song (song_id, album_id, name, duration_seconds, bpm, track_number) VALUES (1965, 268, 'Rich recent choose arrive surface', 451, 106, 4);
INSERT INTO song (song_id, album_id, name, duration_seconds, bpm, track_number) VALUES (1966, 268, 'Best writer', 347, 158, 5);
INSERT INTO song (song_id, album_id, name, duration_seconds, bpm, track_number) VALUES (1967, 268, 'Better large', 150, 166, 6);
INSERT INTO song (song_id, album_id, name, duration_seconds, bpm, track_number) VALUES (1968, 268, 'Moment per less', 124, 115, 7);
INSERT INTO song (song_id, album_id, name, duration_seconds, bpm, track_number) VALUES (1969, 268, 'Example per protect', 399, 107, 8);
INSERT INTO song (song_id, album_id, name, duration_seconds, bpm, track_number) VALUES (1970, 268, 'Maintain between less thing out', 142, 176, 9);
INSERT INTO album (album_id, artist_id, title, release_year, created_at) VALUES (269, 133, 'Ergonomic value-added methodology', 2021, NOW());
INSERT INTO song (song_id, album_id, name, duration_seconds, bpm, track_number) VALUES (1971, 269, 'The matter crime', 254, 170, 1);
INSERT INTO song (song_id, album_id, name, duration_seconds, bpm, track_number) VALUES (1972, 269, 'Treatment part', 472, 152, 2);
INSERT INTO song (song_id, album_id, name, duration_seconds, bpm, track_number) VALUES (1973, 269, 'Garden', 415, 87, 3);
INSERT INTO song (song_id, album_id, name, duration_seconds, bpm, track_number) VALUES (1974, 269, 'Still practice', 350, 109, 4);
INSERT INTO song (song_id, album_id, name, duration_seconds, bpm, track_number) VALUES (1975, 269, 'Argue voice federal', 309, 122, 5);
INSERT INTO song (song_id, album_id, name, duration_seconds, bpm, track_number) VALUES (1976, 269, 'Fight', 306, 165, 6);
INSERT INTO song (song_id, album_id, name, duration_seconds, bpm, track_number) VALUES (1977, 269, 'Business stay new analysis also', 208, 180, 7);
INSERT INTO song (song_id, album_id, name, duration_seconds, bpm, track_number) VALUES (1978, 269, 'If deep maybe', 135, 105, 8);
INSERT INTO song (song_id, album_id, name, duration_seconds, bpm, track_number) VALUES (1979, 269, 'Lay Congress', 162, 71, 9);
INSERT INTO album (album_id, artist_id, title, release_year, created_at) VALUES (270, 133, 'Focused directional migration', 2025, NOW());
INSERT INTO song (song_id, album_id, name, duration_seconds, bpm, track_number) VALUES (1980, 270, 'Human reality American security', 182, 116, 1);
INSERT INTO song (song_id, album_id, name, duration_seconds, bpm, track_number) VALUES (1981, 270, 'Star hair', 262, 133, 2);
INSERT INTO song (song_id, album_id, name, duration_seconds, bpm, track_number) VALUES (1982, 270, 'Late', 388, 76, 3);
INSERT INTO song (song_id, album_id, name, duration_seconds, bpm, track_number) VALUES (1983, 270, 'Into', 216, 135, 4);
INSERT INTO song (song_id, album_id, name, duration_seconds, bpm, track_number) VALUES (1984, 270, 'Resource', 290, 134, 5);
INSERT INTO song (song_id, album_id, name, duration_seconds, bpm, track_number) VALUES (1985, 270, 'Prepare conference sing', 430, 76, 6);
INSERT INTO song (song_id, album_id, name, duration_seconds, bpm, track_number) VALUES (1986, 270, 'Color public myself far', 173, 143, 7);
INSERT INTO album (album_id, artist_id, title, release_year, created_at) VALUES (271, 133, 'Seamless coherent pricing structure', 1997, NOW());
INSERT INTO song (song_id, album_id, name, duration_seconds, bpm, track_number) VALUES (1987, 271, 'Manager', 130, 173, 1);
INSERT INTO song (song_id, album_id, name, duration_seconds, bpm, track_number) VALUES (1988, 271, 'Always garden', 440, 99, 2);
INSERT INTO song (song_id, album_id, name, duration_seconds, bpm, track_number) VALUES (1989, 271, 'Magazine first', 329, 65, 3);
INSERT INTO song (song_id, album_id, name, duration_seconds, bpm, track_number) VALUES (1990, 271, 'New around perform artist', 440, 110, 4);
INSERT INTO song (song_id, album_id, name, duration_seconds, bpm, track_number) VALUES (1991, 271, 'Commercial see serious', 293, 126, 5);
INSERT INTO song (song_id, album_id, name, duration_seconds, bpm, track_number) VALUES (1992, 271, 'On', 259, 63, 6);
INSERT INTO album (album_id, artist_id, title, release_year, created_at) VALUES (272, 134, 'Synergistic intangible groupware', 2019, NOW());
INSERT INTO song (song_id, album_id, name, duration_seconds, bpm, track_number) VALUES (1993, 272, 'Student fire whose rather', 395, 168, 1);
INSERT INTO song (song_id, album_id, name, duration_seconds, bpm, track_number) VALUES (1994, 272, 'Page realize actually', 125, 130, 2);
INSERT INTO song (song_id, album_id, name, duration_seconds, bpm, track_number) VALUES (1995, 272, 'Drive', 218, 83, 3);
INSERT INTO song (song_id, album_id, name, duration_seconds, bpm, track_number) VALUES (1996, 272, 'Forward develop mean', 276, 140, 4);
INSERT INTO song (song_id, album_id, name, duration_seconds, bpm, track_number) VALUES (1997, 272, 'Certainly', 159, 93, 5);
INSERT INTO album (album_id, artist_id, title, release_year, created_at) VALUES (273, 135, 'Monitored 6thgeneration Internet solution', 2004, NOW());
INSERT INTO song (song_id, album_id, name, duration_seconds, bpm, track_number) VALUES (1998, 273, 'Activity budget', 156, 62, 1);
INSERT INTO song (song_id, album_id, name, duration_seconds, bpm, track_number) VALUES (1999, 273, 'Support', 151, 88, 2);
INSERT INTO song (song_id, album_id, name, duration_seconds, bpm, track_number) VALUES (2000, 273, 'Receive', 177, 132, 3);
INSERT INTO song (song_id, album_id, name, duration_seconds, bpm, track_number) VALUES (2001, 273, 'Show', 125, 162, 4);
INSERT INTO song (song_id, album_id, name, duration_seconds, bpm, track_number) VALUES (2002, 273, 'Money start could', 176, 174, 5);
INSERT INTO album (album_id, artist_id, title, release_year, created_at) VALUES (274, 135, 'Grass-roots tertiary portal', 2017, NOW());
INSERT INTO song (song_id, album_id, name, duration_seconds, bpm, track_number) VALUES (2003, 274, 'Artist issue', 418, 136, 1);
INSERT INTO song (song_id, album_id, name, duration_seconds, bpm, track_number) VALUES (2004, 274, 'Magazine clear', 156, 126, 2);
INSERT INTO song (song_id, album_id, name, duration_seconds, bpm, track_number) VALUES (2005, 274, 'During voice create', 259, 155, 3);
INSERT INTO song (song_id, album_id, name, duration_seconds, bpm, track_number) VALUES (2006, 274, 'Lawyer morning', 169, 86, 4);
INSERT INTO song (song_id, album_id, name, duration_seconds, bpm, track_number) VALUES (2007, 274, 'Seek', 197, 78, 5);
INSERT INTO album (album_id, artist_id, title, release_year, created_at) VALUES (275, 136, 'Cloned multimedia model', 2005, NOW());
INSERT INTO song (song_id, album_id, name, duration_seconds, bpm, track_number) VALUES (2008, 275, 'Realize gas', 257, 93, 1);
INSERT INTO song (song_id, album_id, name, duration_seconds, bpm, track_number) VALUES (2009, 275, 'Energy', 345, 117, 2);
INSERT INTO song (song_id, album_id, name, duration_seconds, bpm, track_number) VALUES (2010, 275, 'Field', 171, 63, 3);
INSERT INTO song (song_id, album_id, name, duration_seconds, bpm, track_number) VALUES (2011, 275, 'Positive respond especially', 355, 160, 4);
INSERT INTO song (song_id, album_id, name, duration_seconds, bpm, track_number) VALUES (2012, 275, 'Less forget', 182, 76, 5);
INSERT INTO song (song_id, album_id, name, duration_seconds, bpm, track_number) VALUES (2013, 275, 'Assume miss', 163, 86, 6);
INSERT INTO song (song_id, album_id, name, duration_seconds, bpm, track_number) VALUES (2014, 275, 'Price answer', 192, 140, 7);
INSERT INTO song (song_id, album_id, name, duration_seconds, bpm, track_number) VALUES (2015, 275, 'Turn', 273, 116, 8);
INSERT INTO song (song_id, album_id, name, duration_seconds, bpm, track_number) VALUES (2016, 275, 'Whole', 237, 130, 9);
INSERT INTO song (song_id, album_id, name, duration_seconds, bpm, track_number) VALUES (2017, 275, 'View', 436, 172, 10);
INSERT INTO album (album_id, artist_id, title, release_year, created_at) VALUES (276, 136, 'Organized heuristic monitoring', 1995, NOW());
INSERT INTO song (song_id, album_id, name, duration_seconds, bpm, track_number) VALUES (2018, 276, 'The clear opportunity focus', 176, 86, 1);
INSERT INTO song (song_id, album_id, name, duration_seconds, bpm, track_number) VALUES (2019, 276, 'Development position the this', 317, 107, 2);
INSERT INTO song (song_id, album_id, name, duration_seconds, bpm, track_number) VALUES (2020, 276, 'Simply', 140, 104, 3);
INSERT INTO song (song_id, album_id, name, duration_seconds, bpm, track_number) VALUES (2021, 276, 'Story', 155, 119, 4);
INSERT INTO song (song_id, album_id, name, duration_seconds, bpm, track_number) VALUES (2022, 276, 'Door agency', 123, 109, 5);
INSERT INTO album (album_id, artist_id, title, release_year, created_at) VALUES (277, 136, 'Cloned intangible moderator', 1991, NOW());
INSERT INTO song (song_id, album_id, name, duration_seconds, bpm, track_number) VALUES (2023, 277, 'Argue purpose', 460, 114, 1);
INSERT INTO song (song_id, album_id, name, duration_seconds, bpm, track_number) VALUES (2024, 277, 'Him sometimes recent remember', 451, 78, 2);
INSERT INTO song (song_id, album_id, name, duration_seconds, bpm, track_number) VALUES (2025, 277, 'Indicate value dinner possible', 157, 158, 3);
INSERT INTO song (song_id, album_id, name, duration_seconds, bpm, track_number) VALUES (2026, 277, 'Both strong system', 285, 65, 4);
INSERT INTO song (song_id, album_id, name, duration_seconds, bpm, track_number) VALUES (2027, 277, 'Little wonder', 145, 130, 5);
INSERT INTO album (album_id, artist_id, title, release_year, created_at) VALUES (278, 137, 'Cross-platform uniform definition', 1981, NOW());
INSERT INTO song (song_id, album_id, name, duration_seconds, bpm, track_number) VALUES (2028, 278, 'Meeting', 273, 120, 1);
INSERT INTO song (song_id, album_id, name, duration_seconds, bpm, track_number) VALUES (2029, 278, 'War land', 419, 140, 2);
INSERT INTO song (song_id, album_id, name, duration_seconds, bpm, track_number) VALUES (2030, 278, 'Likely better official establish', 342, 99, 3);
INSERT INTO song (song_id, album_id, name, duration_seconds, bpm, track_number) VALUES (2031, 278, 'Main factor quite mission', 307, 134, 4);
INSERT INTO song (song_id, album_id, name, duration_seconds, bpm, track_number) VALUES (2032, 278, 'During', 260, 159, 5);
INSERT INTO song (song_id, album_id, name, duration_seconds, bpm, track_number) VALUES (2033, 278, 'New lot factor', 313, 103, 6);
INSERT INTO song (song_id, album_id, name, duration_seconds, bpm, track_number) VALUES (2034, 278, 'Behind test', 307, 135, 7);
INSERT INTO song (song_id, album_id, name, duration_seconds, bpm, track_number) VALUES (2035, 278, 'Old', 275, 86, 8);
INSERT INTO song (song_id, album_id, name, duration_seconds, bpm, track_number) VALUES (2036, 278, 'Race know four section thus', 136, 67, 9);
INSERT INTO album (album_id, artist_id, title, release_year, created_at) VALUES (279, 137, 'Optional mobile open architecture', 1971, NOW());
INSERT INTO song (song_id, album_id, name, duration_seconds, bpm, track_number) VALUES (2037, 279, 'Plant performance onto next page', 221, 125, 1);
INSERT INTO song (song_id, album_id, name, duration_seconds, bpm, track_number) VALUES (2038, 279, 'Pick', 277, 152, 2);
INSERT INTO song (song_id, album_id, name, duration_seconds, bpm, track_number) VALUES (2039, 279, 'Line', 325, 68, 3);
INSERT INTO song (song_id, album_id, name, duration_seconds, bpm, track_number) VALUES (2040, 279, 'Congress', 459, 78, 4);
INSERT INTO song (song_id, album_id, name, duration_seconds, bpm, track_number) VALUES (2041, 279, 'Forget floor office industry', 401, 107, 5);
INSERT INTO song (song_id, album_id, name, duration_seconds, bpm, track_number) VALUES (2042, 279, 'Above thing president', 448, 124, 6);
INSERT INTO song (song_id, album_id, name, duration_seconds, bpm, track_number) VALUES (2043, 279, 'Appear', 155, 87, 7);
INSERT INTO song (song_id, album_id, name, duration_seconds, bpm, track_number) VALUES (2044, 279, 'Democratic hand', 287, 128, 8);
INSERT INTO song (song_id, album_id, name, duration_seconds, bpm, track_number) VALUES (2045, 279, 'Serve end', 141, 172, 9);
INSERT INTO song (song_id, album_id, name, duration_seconds, bpm, track_number) VALUES (2046, 279, 'Without', 418, 142, 10);
INSERT INTO album (album_id, artist_id, title, release_year, created_at) VALUES (280, 138, 'Cross-platform executive complexity', 2015, NOW());
INSERT INTO song (song_id, album_id, name, duration_seconds, bpm, track_number) VALUES (2047, 280, 'Choice southern', 382, 85, 1);
INSERT INTO song (song_id, album_id, name, duration_seconds, bpm, track_number) VALUES (2048, 280, 'Family health clearly possible industry', 238, 152, 2);
INSERT INTO song (song_id, album_id, name, duration_seconds, bpm, track_number) VALUES (2049, 280, 'Fire child', 205, 112, 3);
INSERT INTO song (song_id, album_id, name, duration_seconds, bpm, track_number) VALUES (2050, 280, 'Head hear clearly', 278, 69, 4);
INSERT INTO song (song_id, album_id, name, duration_seconds, bpm, track_number) VALUES (2051, 280, 'Important nature', 297, 116, 5);
INSERT INTO song (song_id, album_id, name, duration_seconds, bpm, track_number) VALUES (2052, 280, 'Inside', 180, 63, 6);
INSERT INTO song (song_id, album_id, name, duration_seconds, bpm, track_number) VALUES (2053, 280, 'Church bring arm force', 198, 141, 7);
INSERT INTO song (song_id, album_id, name, duration_seconds, bpm, track_number) VALUES (2054, 280, 'Exist', 265, 177, 8);
INSERT INTO album (album_id, artist_id, title, release_year, created_at) VALUES (281, 139, 'Expanded static extranet', 1973, NOW());
INSERT INTO song (song_id, album_id, name, duration_seconds, bpm, track_number) VALUES (2055, 281, 'Method least serve', 402, 77, 1);
INSERT INTO song (song_id, album_id, name, duration_seconds, bpm, track_number) VALUES (2056, 281, 'Finally seek', 278, 140, 2);
INSERT INTO song (song_id, album_id, name, duration_seconds, bpm, track_number) VALUES (2057, 281, 'Example stage specific', 262, 169, 3);
INSERT INTO song (song_id, album_id, name, duration_seconds, bpm, track_number) VALUES (2058, 281, 'Statement start film', 225, 104, 4);
INSERT INTO song (song_id, album_id, name, duration_seconds, bpm, track_number) VALUES (2059, 281, 'Say', 277, 124, 5);
INSERT INTO song (song_id, album_id, name, duration_seconds, bpm, track_number) VALUES (2060, 281, 'Result could long story', 404, 95, 6);
INSERT INTO song (song_id, album_id, name, duration_seconds, bpm, track_number) VALUES (2061, 281, 'Tax purpose word', 279, 161, 7);
INSERT INTO song (song_id, album_id, name, duration_seconds, bpm, track_number) VALUES (2062, 281, 'Condition reveal today discussion', 416, 166, 8);
INSERT INTO song (song_id, album_id, name, duration_seconds, bpm, track_number) VALUES (2063, 281, 'Start season Mr', 317, 111, 9);
INSERT INTO album (album_id, artist_id, title, release_year, created_at) VALUES (282, 140, 'Public-key content-based parallelism', 1984, NOW());
INSERT INTO song (song_id, album_id, name, duration_seconds, bpm, track_number) VALUES (2064, 282, 'Help', 388, 82, 1);
INSERT INTO song (song_id, album_id, name, duration_seconds, bpm, track_number) VALUES (2065, 282, 'Season', 246, 157, 2);
INSERT INTO song (song_id, album_id, name, duration_seconds, bpm, track_number) VALUES (2066, 282, 'Offer', 257, 144, 3);
INSERT INTO song (song_id, album_id, name, duration_seconds, bpm, track_number) VALUES (2067, 282, 'Itself', 468, 180, 4);
INSERT INTO song (song_id, album_id, name, duration_seconds, bpm, track_number) VALUES (2068, 282, 'Three', 158, 160, 5);
INSERT INTO song (song_id, album_id, name, duration_seconds, bpm, track_number) VALUES (2069, 282, 'Require general style', 133, 158, 6);
INSERT INTO song (song_id, album_id, name, duration_seconds, bpm, track_number) VALUES (2070, 282, 'Game between cup administration', 415, 120, 7);
INSERT INTO song (song_id, album_id, name, duration_seconds, bpm, track_number) VALUES (2071, 282, 'Decision', 386, 121, 8);
INSERT INTO song (song_id, album_id, name, duration_seconds, bpm, track_number) VALUES (2072, 282, 'Clearly party', 184, 109, 9);
INSERT INTO album (album_id, artist_id, title, release_year, created_at) VALUES (283, 141, 'Cross-platform dedicated alliance', 2002, NOW());
INSERT INTO song (song_id, album_id, name, duration_seconds, bpm, track_number) VALUES (2073, 283, 'Clearly future teacher do market', 180, 113, 1);
INSERT INTO song (song_id, album_id, name, duration_seconds, bpm, track_number) VALUES (2074, 283, 'Data yourself beat', 323, 149, 2);
INSERT INTO song (song_id, album_id, name, duration_seconds, bpm, track_number) VALUES (2075, 283, 'Push', 226, 71, 3);
INSERT INTO song (song_id, album_id, name, duration_seconds, bpm, track_number) VALUES (2076, 283, 'When respond miss officer', 471, 60, 4);
INSERT INTO song (song_id, album_id, name, duration_seconds, bpm, track_number) VALUES (2077, 283, 'Wide far second similar', 407, 104, 5);
INSERT INTO song (song_id, album_id, name, duration_seconds, bpm, track_number) VALUES (2078, 283, 'Score', 412, 101, 6);
INSERT INTO song (song_id, album_id, name, duration_seconds, bpm, track_number) VALUES (2079, 283, 'Certain why', 312, 94, 7);
INSERT INTO album (album_id, artist_id, title, release_year, created_at) VALUES (284, 142, 'Progressive didactic challenge', 1983, NOW());
INSERT INTO song (song_id, album_id, name, duration_seconds, bpm, track_number) VALUES (2080, 284, 'Word', 172, 145, 1);
INSERT INTO song (song_id, album_id, name, duration_seconds, bpm, track_number) VALUES (2081, 284, 'Tell', 460, 66, 2);
INSERT INTO song (song_id, album_id, name, duration_seconds, bpm, track_number) VALUES (2082, 284, 'Stuff', 257, 165, 3);
INSERT INTO song (song_id, album_id, name, duration_seconds, bpm, track_number) VALUES (2083, 284, 'Whatever step', 390, 170, 4);
INSERT INTO song (song_id, album_id, name, duration_seconds, bpm, track_number) VALUES (2084, 284, 'Continue magazine box', 137, 147, 5);
INSERT INTO song (song_id, album_id, name, duration_seconds, bpm, track_number) VALUES (2085, 284, 'Important', 407, 180, 6);
INSERT INTO song (song_id, album_id, name, duration_seconds, bpm, track_number) VALUES (2086, 284, 'Community', 269, 165, 7);
INSERT INTO song (song_id, album_id, name, duration_seconds, bpm, track_number) VALUES (2087, 284, 'Customer', 140, 97, 8);
INSERT INTO album (album_id, artist_id, title, release_year, created_at) VALUES (285, 143, 'Down-sized discrete artificial intelligence', 1992, NOW());
INSERT INTO song (song_id, album_id, name, duration_seconds, bpm, track_number) VALUES (2088, 285, 'Them', 217, 110, 1);
INSERT INTO song (song_id, album_id, name, duration_seconds, bpm, track_number) VALUES (2089, 285, 'Rich able', 435, 146, 2);
INSERT INTO song (song_id, album_id, name, duration_seconds, bpm, track_number) VALUES (2090, 285, 'Cell reason happy write', 354, 84, 3);
INSERT INTO song (song_id, album_id, name, duration_seconds, bpm, track_number) VALUES (2091, 285, 'Road hundred', 225, 179, 4);
INSERT INTO song (song_id, album_id, name, duration_seconds, bpm, track_number) VALUES (2092, 285, 'Positive say', 218, 116, 5);
INSERT INTO song (song_id, album_id, name, duration_seconds, bpm, track_number) VALUES (2093, 285, 'Early more', 320, 165, 6);
INSERT INTO song (song_id, album_id, name, duration_seconds, bpm, track_number) VALUES (2094, 285, 'Partner', 307, 63, 7);
INSERT INTO album (album_id, artist_id, title, release_year, created_at) VALUES (286, 143, 'Pre-emptive grid-enabled protocol', 1984, NOW());
INSERT INTO song (song_id, album_id, name, duration_seconds, bpm, track_number) VALUES (2095, 286, 'Sort economy', 197, 180, 1);
INSERT INTO song (song_id, album_id, name, duration_seconds, bpm, track_number) VALUES (2096, 286, 'Responsibility risk', 234, 168, 2);
INSERT INTO song (song_id, album_id, name, duration_seconds, bpm, track_number) VALUES (2097, 286, 'Other', 451, 61, 3);
INSERT INTO song (song_id, album_id, name, duration_seconds, bpm, track_number) VALUES (2098, 286, 'All seem', 308, 158, 4);
INSERT INTO song (song_id, album_id, name, duration_seconds, bpm, track_number) VALUES (2099, 286, 'Accept know read', 474, 102, 5);
INSERT INTO song (song_id, album_id, name, duration_seconds, bpm, track_number) VALUES (2100, 286, 'Paper live', 266, 127, 6);
INSERT INTO song (song_id, album_id, name, duration_seconds, bpm, track_number) VALUES (2101, 286, 'Apply suffer kind pressure career', 151, 103, 7);
INSERT INTO song (song_id, album_id, name, duration_seconds, bpm, track_number) VALUES (2102, 286, 'After protect including', 342, 67, 8);
INSERT INTO album (album_id, artist_id, title, release_year, created_at) VALUES (287, 144, 'Versatile analyzing functionalities', 1981, NOW());
INSERT INTO song (song_id, album_id, name, duration_seconds, bpm, track_number) VALUES (2103, 287, 'Best her', 412, 74, 1);
INSERT INTO song (song_id, album_id, name, duration_seconds, bpm, track_number) VALUES (2104, 287, 'If government', 396, 109, 2);
INSERT INTO song (song_id, album_id, name, duration_seconds, bpm, track_number) VALUES (2105, 287, 'Tend', 209, 128, 3);
INSERT INTO song (song_id, album_id, name, duration_seconds, bpm, track_number) VALUES (2106, 287, 'Near', 246, 136, 4);
INSERT INTO song (song_id, album_id, name, duration_seconds, bpm, track_number) VALUES (2107, 287, 'Once president', 143, 116, 5);
INSERT INTO song (song_id, album_id, name, duration_seconds, bpm, track_number) VALUES (2108, 287, 'Also watch', 256, 126, 6);
INSERT INTO song (song_id, album_id, name, duration_seconds, bpm, track_number) VALUES (2109, 287, 'Record', 132, 170, 7);
INSERT INTO song (song_id, album_id, name, duration_seconds, bpm, track_number) VALUES (2110, 287, 'That media during', 171, 119, 8);
INSERT INTO song (song_id, album_id, name, duration_seconds, bpm, track_number) VALUES (2111, 287, 'Manager', 262, 154, 9);
INSERT INTO album (album_id, artist_id, title, release_year, created_at) VALUES (288, 144, 'Fundamental modular methodology', 1998, NOW());
INSERT INTO song (song_id, album_id, name, duration_seconds, bpm, track_number) VALUES (2112, 288, 'Draw', 290, 89, 1);
INSERT INTO song (song_id, album_id, name, duration_seconds, bpm, track_number) VALUES (2113, 288, 'Will during', 126, 84, 2);
INSERT INTO song (song_id, album_id, name, duration_seconds, bpm, track_number) VALUES (2114, 288, 'Health', 217, 131, 3);
INSERT INTO song (song_id, album_id, name, duration_seconds, bpm, track_number) VALUES (2115, 288, 'Democrat', 280, 90, 4);
INSERT INTO song (song_id, album_id, name, duration_seconds, bpm, track_number) VALUES (2116, 288, 'Better maybe', 197, 115, 5);
INSERT INTO song (song_id, album_id, name, duration_seconds, bpm, track_number) VALUES (2117, 288, 'Require', 264, 79, 6);
INSERT INTO song (song_id, album_id, name, duration_seconds, bpm, track_number) VALUES (2118, 288, 'Matter yard can', 140, 133, 7);
INSERT INTO album (album_id, artist_id, title, release_year, created_at) VALUES (289, 145, 'Universal systematic open system', 1992, NOW());
INSERT INTO song (song_id, album_id, name, duration_seconds, bpm, track_number) VALUES (2119, 289, 'Available personal', 239, 78, 1);
INSERT INTO song (song_id, album_id, name, duration_seconds, bpm, track_number) VALUES (2120, 289, 'Leader simply', 385, 94, 2);
INSERT INTO song (song_id, album_id, name, duration_seconds, bpm, track_number) VALUES (2121, 289, 'Card', 155, 158, 3);
INSERT INTO song (song_id, album_id, name, duration_seconds, bpm, track_number) VALUES (2122, 289, 'Officer', 234, 101, 4);
INSERT INTO song (song_id, album_id, name, duration_seconds, bpm, track_number) VALUES (2123, 289, 'Allow only hard', 455, 116, 5);
INSERT INTO song (song_id, album_id, name, duration_seconds, bpm, track_number) VALUES (2124, 289, 'Between news', 413, 161, 6);
INSERT INTO song (song_id, album_id, name, duration_seconds, bpm, track_number) VALUES (2125, 289, 'Administration view', 169, 88, 7);
INSERT INTO album (album_id, artist_id, title, release_year, created_at) VALUES (290, 145, 'Object-based asynchronous neural-net', 2002, NOW());
INSERT INTO song (song_id, album_id, name, duration_seconds, bpm, track_number) VALUES (2126, 290, 'Energy degree', 143, 121, 1);
INSERT INTO song (song_id, album_id, name, duration_seconds, bpm, track_number) VALUES (2127, 290, 'Beat', 411, 156, 2);
INSERT INTO song (song_id, album_id, name, duration_seconds, bpm, track_number) VALUES (2128, 290, 'Light win', 240, 154, 3);
INSERT INTO song (song_id, album_id, name, duration_seconds, bpm, track_number) VALUES (2129, 290, 'Scientist why sell', 468, 67, 4);
INSERT INTO song (song_id, album_id, name, duration_seconds, bpm, track_number) VALUES (2130, 290, 'Three', 400, 157, 5);
INSERT INTO song (song_id, album_id, name, duration_seconds, bpm, track_number) VALUES (2131, 290, 'Political', 453, 164, 6);
INSERT INTO song (song_id, album_id, name, duration_seconds, bpm, track_number) VALUES (2132, 290, 'Simply pattern others', 291, 64, 7);
INSERT INTO song (song_id, album_id, name, duration_seconds, bpm, track_number) VALUES (2133, 290, 'Task those they travel always', 441, 130, 8);
INSERT INTO song (song_id, album_id, name, duration_seconds, bpm, track_number) VALUES (2134, 290, 'Any', 198, 67, 9);
INSERT INTO song (song_id, album_id, name, duration_seconds, bpm, track_number) VALUES (2135, 290, 'Attorney', 456, 68, 10);
INSERT INTO album (album_id, artist_id, title, release_year, created_at) VALUES (291, 145, 'Profit-focused 3rdgeneration circuit', 1979, NOW());
INSERT INTO song (song_id, album_id, name, duration_seconds, bpm, track_number) VALUES (2136, 291, 'Manager deep', 464, 146, 1);
INSERT INTO song (song_id, album_id, name, duration_seconds, bpm, track_number) VALUES (2137, 291, 'Pay', 247, 129, 2);
INSERT INTO song (song_id, album_id, name, duration_seconds, bpm, track_number) VALUES (2138, 291, 'Bed', 225, 134, 3);
INSERT INTO song (song_id, album_id, name, duration_seconds, bpm, track_number) VALUES (2139, 291, 'Else', 145, 89, 4);
INSERT INTO song (song_id, album_id, name, duration_seconds, bpm, track_number) VALUES (2140, 291, 'Wait section dinner', 146, 81, 5);
INSERT INTO album (album_id, artist_id, title, release_year, created_at) VALUES (292, 146, 'Operative real-time throughput', 1997, NOW());
INSERT INTO song (song_id, album_id, name, duration_seconds, bpm, track_number) VALUES (2141, 292, 'Deep thank', 226, 135, 1);
INSERT INTO song (song_id, album_id, name, duration_seconds, bpm, track_number) VALUES (2142, 292, 'Yeah on game head', 410, 125, 2);
INSERT INTO song (song_id, album_id, name, duration_seconds, bpm, track_number) VALUES (2143, 292, 'Scientist decade none', 269, 123, 3);
INSERT INTO song (song_id, album_id, name, duration_seconds, bpm, track_number) VALUES (2144, 292, 'Room piece argue camera budget', 195, 138, 4);
INSERT INTO song (song_id, album_id, name, duration_seconds, bpm, track_number) VALUES (2145, 292, 'Serious traditional', 352, 173, 5);
INSERT INTO song (song_id, album_id, name, duration_seconds, bpm, track_number) VALUES (2146, 292, 'Eight', 451, 174, 6);
INSERT INTO album (album_id, artist_id, title, release_year, created_at) VALUES (293, 146, 'Streamlined fault-tolerant contingency', 1976, NOW());
INSERT INTO song (song_id, album_id, name, duration_seconds, bpm, track_number) VALUES (2147, 293, 'Feeling tax', 384, 128, 1);
INSERT INTO song (song_id, album_id, name, duration_seconds, bpm, track_number) VALUES (2148, 293, 'Turn write certainly really', 438, 82, 2);
INSERT INTO song (song_id, album_id, name, duration_seconds, bpm, track_number) VALUES (2149, 293, 'Get page', 330, 61, 3);
INSERT INTO song (song_id, album_id, name, duration_seconds, bpm, track_number) VALUES (2150, 293, 'Hit however similar fact', 208, 176, 4);
INSERT INTO song (song_id, album_id, name, duration_seconds, bpm, track_number) VALUES (2151, 293, 'Account trade', 244, 98, 5);
INSERT INTO song (song_id, album_id, name, duration_seconds, bpm, track_number) VALUES (2152, 293, 'Lay', 239, 130, 6);
INSERT INTO album (album_id, artist_id, title, release_year, created_at) VALUES (294, 146, 'Persistent motivating ability', 2002, NOW());
INSERT INTO song (song_id, album_id, name, duration_seconds, bpm, track_number) VALUES (2153, 294, 'Beyond ball', 396, 134, 1);
INSERT INTO song (song_id, album_id, name, duration_seconds, bpm, track_number) VALUES (2154, 294, 'Run foreign face', 414, 92, 2);
INSERT INTO song (song_id, album_id, name, duration_seconds, bpm, track_number) VALUES (2155, 294, 'Official really good attack', 173, 83, 3);
INSERT INTO song (song_id, album_id, name, duration_seconds, bpm, track_number) VALUES (2156, 294, 'Second year phone', 452, 94, 4);
INSERT INTO song (song_id, album_id, name, duration_seconds, bpm, track_number) VALUES (2157, 294, 'Life day low', 188, 97, 5);
INSERT INTO song (song_id, album_id, name, duration_seconds, bpm, track_number) VALUES (2158, 294, 'Include daughter apply rich', 273, 136, 6);
INSERT INTO song (song_id, album_id, name, duration_seconds, bpm, track_number) VALUES (2159, 294, 'Middle', 353, 78, 7);
INSERT INTO song (song_id, album_id, name, duration_seconds, bpm, track_number) VALUES (2160, 294, 'Example', 470, 163, 8);
INSERT INTO song (song_id, album_id, name, duration_seconds, bpm, track_number) VALUES (2161, 294, 'Body machine program', 459, 120, 9);
INSERT INTO album (album_id, artist_id, title, release_year, created_at) VALUES (295, 147, 'Re-contextualized object-oriented knowledge user', 2024, NOW());
INSERT INTO song (song_id, album_id, name, duration_seconds, bpm, track_number) VALUES (2162, 295, 'Member like', 452, 71, 1);
INSERT INTO song (song_id, album_id, name, duration_seconds, bpm, track_number) VALUES (2163, 295, 'Section', 203, 93, 2);
INSERT INTO song (song_id, album_id, name, duration_seconds, bpm, track_number) VALUES (2164, 295, 'Wind hope', 141, 109, 3);
INSERT INTO song (song_id, album_id, name, duration_seconds, bpm, track_number) VALUES (2165, 295, 'Black', 412, 75, 4);
INSERT INTO song (song_id, album_id, name, duration_seconds, bpm, track_number) VALUES (2166, 295, 'Southern country', 146, 106, 5);
INSERT INTO song (song_id, album_id, name, duration_seconds, bpm, track_number) VALUES (2167, 295, 'Field happy', 391, 94, 6);
INSERT INTO song (song_id, album_id, name, duration_seconds, bpm, track_number) VALUES (2168, 295, 'Serve year special', 279, 178, 7);
INSERT INTO song (song_id, album_id, name, duration_seconds, bpm, track_number) VALUES (2169, 295, 'Sea like exactly herself', 379, 116, 8);
INSERT INTO song (song_id, album_id, name, duration_seconds, bpm, track_number) VALUES (2170, 295, 'Bill evidence reason', 381, 122, 9);
INSERT INTO song (song_id, album_id, name, duration_seconds, bpm, track_number) VALUES (2171, 295, 'Record amount policy young office', 311, 62, 10);
INSERT INTO album (album_id, artist_id, title, release_year, created_at) VALUES (296, 148, 'Re-contextualized even-keeled knowledge user', 1990, NOW());
INSERT INTO song (song_id, album_id, name, duration_seconds, bpm, track_number) VALUES (2172, 296, 'Water wall', 264, 116, 1);
INSERT INTO song (song_id, album_id, name, duration_seconds, bpm, track_number) VALUES (2173, 296, 'From', 189, 63, 2);
INSERT INTO song (song_id, album_id, name, duration_seconds, bpm, track_number) VALUES (2174, 296, 'Occur student suddenly', 347, 141, 3);
INSERT INTO song (song_id, album_id, name, duration_seconds, bpm, track_number) VALUES (2175, 296, 'Also edge short', 365, 128, 4);
INSERT INTO song (song_id, album_id, name, duration_seconds, bpm, track_number) VALUES (2176, 296, 'Chair language', 424, 174, 5);
INSERT INTO album (album_id, artist_id, title, release_year, created_at) VALUES (297, 148, 'Multi-lateral well-modulated utilization', 1978, NOW());
INSERT INTO song (song_id, album_id, name, duration_seconds, bpm, track_number) VALUES (2177, 297, 'Campaign', 279, 106, 1);
INSERT INTO song (song_id, album_id, name, duration_seconds, bpm, track_number) VALUES (2178, 297, 'Board', 257, 179, 2);
INSERT INTO song (song_id, album_id, name, duration_seconds, bpm, track_number) VALUES (2179, 297, 'Discover', 244, 156, 3);
INSERT INTO song (song_id, album_id, name, duration_seconds, bpm, track_number) VALUES (2180, 297, 'Memory', 333, 100, 4);
INSERT INTO song (song_id, album_id, name, duration_seconds, bpm, track_number) VALUES (2181, 297, 'Do', 151, 79, 5);
INSERT INTO song (song_id, album_id, name, duration_seconds, bpm, track_number) VALUES (2182, 297, 'New practice', 265, 137, 6);
INSERT INTO song (song_id, album_id, name, duration_seconds, bpm, track_number) VALUES (2183, 297, 'Century', 280, 151, 7);
INSERT INTO song (song_id, album_id, name, duration_seconds, bpm, track_number) VALUES (2184, 297, 'My blue', 136, 168, 8);
INSERT INTO song (song_id, album_id, name, duration_seconds, bpm, track_number) VALUES (2185, 297, 'Fill', 319, 139, 9);
INSERT INTO album (album_id, artist_id, title, release_year, created_at) VALUES (298, 148, 'Fully-configurable dynamic framework', 1986, NOW());
INSERT INTO song (song_id, album_id, name, duration_seconds, bpm, track_number) VALUES (2186, 298, 'Man sell much', 266, 131, 1);
INSERT INTO song (song_id, album_id, name, duration_seconds, bpm, track_number) VALUES (2187, 298, 'Husband attorney night only', 403, 144, 2);
INSERT INTO song (song_id, album_id, name, duration_seconds, bpm, track_number) VALUES (2188, 298, 'Family', 205, 128, 3);
INSERT INTO song (song_id, album_id, name, duration_seconds, bpm, track_number) VALUES (2189, 298, 'Newspaper why senior', 123, 153, 4);
INSERT INTO song (song_id, album_id, name, duration_seconds, bpm, track_number) VALUES (2190, 298, 'Accept', 408, 135, 5);
INSERT INTO song (song_id, album_id, name, duration_seconds, bpm, track_number) VALUES (2191, 298, 'Air happen condition', 476, 103, 6);
INSERT INTO song (song_id, album_id, name, duration_seconds, bpm, track_number) VALUES (2192, 298, 'Word special', 394, 79, 7);
INSERT INTO song (song_id, album_id, name, duration_seconds, bpm, track_number) VALUES (2193, 298, 'No', 132, 63, 8);
INSERT INTO song (song_id, album_id, name, duration_seconds, bpm, track_number) VALUES (2194, 298, 'Bill', 137, 146, 9);
INSERT INTO album (album_id, artist_id, title, release_year, created_at) VALUES (299, 149, 'Down-sized zero-defect implementation', 2016, NOW());
INSERT INTO song (song_id, album_id, name, duration_seconds, bpm, track_number) VALUES (2195, 299, 'Themselves election as', 303, 73, 1);
INSERT INTO song (song_id, album_id, name, duration_seconds, bpm, track_number) VALUES (2196, 299, 'Citizen hot evening record', 423, 134, 2);
INSERT INTO song (song_id, album_id, name, duration_seconds, bpm, track_number) VALUES (2197, 299, 'Now', 239, 156, 3);
INSERT INTO song (song_id, album_id, name, duration_seconds, bpm, track_number) VALUES (2198, 299, 'Field girl couple', 173, 112, 4);
INSERT INTO song (song_id, album_id, name, duration_seconds, bpm, track_number) VALUES (2199, 299, 'Line month control each', 382, 142, 5);
INSERT INTO song (song_id, album_id, name, duration_seconds, bpm, track_number) VALUES (2200, 299, 'Life today work point', 459, 69, 6);
INSERT INTO song (song_id, album_id, name, duration_seconds, bpm, track_number) VALUES (2201, 299, 'Car type', 329, 176, 7);
INSERT INTO song (song_id, album_id, name, duration_seconds, bpm, track_number) VALUES (2202, 299, 'Model box some', 334, 70, 8);
INSERT INTO song (song_id, album_id, name, duration_seconds, bpm, track_number) VALUES (2203, 299, 'Any skill training', 197, 155, 9);
INSERT INTO album (album_id, artist_id, title, release_year, created_at) VALUES (300, 149, 'Expanded client-driven support', 1989, NOW());
INSERT INTO song (song_id, album_id, name, duration_seconds, bpm, track_number) VALUES (2204, 300, 'Feel finally real song', 415, 121, 1);
INSERT INTO song (song_id, album_id, name, duration_seconds, bpm, track_number) VALUES (2205, 300, 'Production serve', 302, 77, 2);
INSERT INTO song (song_id, album_id, name, duration_seconds, bpm, track_number) VALUES (2206, 300, 'Admit mother treat section', 223, 76, 3);
INSERT INTO song (song_id, album_id, name, duration_seconds, bpm, track_number) VALUES (2207, 300, 'Cup', 167, 126, 4);
INSERT INTO song (song_id, album_id, name, duration_seconds, bpm, track_number) VALUES (2208, 300, 'Leg door down born already', 175, 65, 5);
INSERT INTO song (song_id, album_id, name, duration_seconds, bpm, track_number) VALUES (2209, 300, 'Save across', 296, 78, 6);
INSERT INTO song (song_id, album_id, name, duration_seconds, bpm, track_number) VALUES (2210, 300, 'Best smile child test perhaps', 216, 146, 7);
INSERT INTO song (song_id, album_id, name, duration_seconds, bpm, track_number) VALUES (2211, 300, 'These pay', 171, 157, 8);
INSERT INTO song (song_id, album_id, name, duration_seconds, bpm, track_number) VALUES (2212, 300, 'Discuss', 213, 109, 9);
INSERT INTO song (song_id, album_id, name, duration_seconds, bpm, track_number) VALUES (2213, 300, 'Wrong', 391, 96, 10);
INSERT INTO album (album_id, artist_id, title, release_year, created_at) VALUES (301, 149, 'Fully-configurable homogeneous policy', 1999, NOW());
INSERT INTO song (song_id, album_id, name, duration_seconds, bpm, track_number) VALUES (2214, 301, 'Whose former', 219, 95, 1);
INSERT INTO song (song_id, album_id, name, duration_seconds, bpm, track_number) VALUES (2215, 301, 'Base painting pressure without something', 299, 116, 2);
INSERT INTO song (song_id, album_id, name, duration_seconds, bpm, track_number) VALUES (2216, 301, 'Short million', 454, 84, 3);
INSERT INTO song (song_id, album_id, name, duration_seconds, bpm, track_number) VALUES (2217, 301, 'Someone', 435, 171, 4);
INSERT INTO song (song_id, album_id, name, duration_seconds, bpm, track_number) VALUES (2218, 301, 'Contain decade', 125, 141, 5);
INSERT INTO song (song_id, album_id, name, duration_seconds, bpm, track_number) VALUES (2219, 301, 'Discover central Congress', 126, 115, 6);
INSERT INTO song (song_id, album_id, name, duration_seconds, bpm, track_number) VALUES (2220, 301, 'Seat hot', 456, 77, 7);
INSERT INTO song (song_id, album_id, name, duration_seconds, bpm, track_number) VALUES (2221, 301, 'Structure different yes', 153, 85, 8);
INSERT INTO album (album_id, artist_id, title, release_year, created_at) VALUES (302, 150, 'Public-key modular encryption', 1986, NOW());
INSERT INTO song (song_id, album_id, name, duration_seconds, bpm, track_number) VALUES (2222, 302, 'Number', 392, 81, 1);
INSERT INTO song (song_id, album_id, name, duration_seconds, bpm, track_number) VALUES (2223, 302, 'Feel', 461, 150, 2);
INSERT INTO song (song_id, album_id, name, duration_seconds, bpm, track_number) VALUES (2224, 302, 'Visit evidence fire learn fast', 294, 68, 3);
INSERT INTO song (song_id, album_id, name, duration_seconds, bpm, track_number) VALUES (2225, 302, 'Question occur car', 333, 100, 4);
INSERT INTO song (song_id, album_id, name, duration_seconds, bpm, track_number) VALUES (2226, 302, 'Sea citizen', 365, 69, 5);
INSERT INTO album (album_id, artist_id, title, release_year, created_at) VALUES (303, 151, 'Extended transitional system engine', 1979, NOW());
INSERT INTO song (song_id, album_id, name, duration_seconds, bpm, track_number) VALUES (2227, 303, 'Fish', 189, 100, 1);
INSERT INTO song (song_id, album_id, name, duration_seconds, bpm, track_number) VALUES (2228, 303, 'If', 422, 144, 2);
INSERT INTO song (song_id, album_id, name, duration_seconds, bpm, track_number) VALUES (2229, 303, 'Wish politics thousand', 402, 176, 3);
INSERT INTO song (song_id, album_id, name, duration_seconds, bpm, track_number) VALUES (2230, 303, 'Fall stage', 478, 174, 4);
INSERT INTO song (song_id, album_id, name, duration_seconds, bpm, track_number) VALUES (2231, 303, 'Ahead born executive', 341, 71, 5);
INSERT INTO song (song_id, album_id, name, duration_seconds, bpm, track_number) VALUES (2232, 303, 'News', 422, 156, 6);
INSERT INTO song (song_id, album_id, name, duration_seconds, bpm, track_number) VALUES (2233, 303, 'General', 444, 115, 7);
INSERT INTO song (song_id, album_id, name, duration_seconds, bpm, track_number) VALUES (2234, 303, 'Sound', 220, 179, 8);
INSERT INTO album (album_id, artist_id, title, release_year, created_at) VALUES (304, 151, 'Total real-time ability', 1985, NOW());
INSERT INTO song (song_id, album_id, name, duration_seconds, bpm, track_number) VALUES (2235, 304, 'Mean', 382, 133, 1);
INSERT INTO song (song_id, album_id, name, duration_seconds, bpm, track_number) VALUES (2236, 304, 'Large design early use movie', 368, 71, 2);
INSERT INTO song (song_id, album_id, name, duration_seconds, bpm, track_number) VALUES (2237, 304, 'Unit like yeah sometimes occur', 200, 130, 3);
INSERT INTO song (song_id, album_id, name, duration_seconds, bpm, track_number) VALUES (2238, 304, 'Model', 302, 78, 4);
INSERT INTO song (song_id, album_id, name, duration_seconds, bpm, track_number) VALUES (2239, 304, 'Claim important marriage', 157, 104, 5);
INSERT INTO song (song_id, album_id, name, duration_seconds, bpm, track_number) VALUES (2240, 304, 'Religious', 292, 80, 6);
INSERT INTO song (song_id, album_id, name, duration_seconds, bpm, track_number) VALUES (2241, 304, 'Agree wonder rather', 352, 118, 7);
INSERT INTO song (song_id, album_id, name, duration_seconds, bpm, track_number) VALUES (2242, 304, 'Team give history coach', 441, 101, 8);
INSERT INTO song (song_id, album_id, name, duration_seconds, bpm, track_number) VALUES (2243, 304, 'Newspaper energy', 447, 170, 9);
INSERT INTO album (album_id, artist_id, title, release_year, created_at) VALUES (305, 151, 'Reduced multimedia service-desk', 2003, NOW());
INSERT INTO song (song_id, album_id, name, duration_seconds, bpm, track_number) VALUES (2244, 305, 'Tree protect yes better', 142, 82, 1);
INSERT INTO song (song_id, album_id, name, duration_seconds, bpm, track_number) VALUES (2245, 305, 'Result', 208, 148, 2);
INSERT INTO song (song_id, album_id, name, duration_seconds, bpm, track_number) VALUES (2246, 305, 'Your', 239, 120, 3);
INSERT INTO song (song_id, album_id, name, duration_seconds, bpm, track_number) VALUES (2247, 305, 'Could bed production themselves', 216, 75, 4);
INSERT INTO song (song_id, album_id, name, duration_seconds, bpm, track_number) VALUES (2248, 305, 'Significant example', 261, 169, 5);
INSERT INTO song (song_id, album_id, name, duration_seconds, bpm, track_number) VALUES (2249, 305, 'Sure', 164, 69, 6);
INSERT INTO song (song_id, album_id, name, duration_seconds, bpm, track_number) VALUES (2250, 305, 'Federal nearly', 332, 147, 7);
INSERT INTO song (song_id, album_id, name, duration_seconds, bpm, track_number) VALUES (2251, 305, 'Threat white', 420, 120, 8);
INSERT INTO song (song_id, album_id, name, duration_seconds, bpm, track_number) VALUES (2252, 305, 'Whatever board want', 140, 60, 9);
INSERT INTO song (song_id, album_id, name, duration_seconds, bpm, track_number) VALUES (2253, 305, 'Find', 469, 169, 10);
INSERT INTO album (album_id, artist_id, title, release_year, created_at) VALUES (306, 152, 'Multi-tiered exuding standardization', 2024, NOW());
INSERT INTO song (song_id, album_id, name, duration_seconds, bpm, track_number) VALUES (2254, 306, 'Fast all half', 422, 162, 1);
INSERT INTO song (song_id, album_id, name, duration_seconds, bpm, track_number) VALUES (2255, 306, 'Deep', 399, 172, 2);
INSERT INTO song (song_id, album_id, name, duration_seconds, bpm, track_number) VALUES (2256, 306, 'Me', 227, 175, 3);
INSERT INTO song (song_id, album_id, name, duration_seconds, bpm, track_number) VALUES (2257, 306, 'Detail stock', 371, 88, 4);
INSERT INTO song (song_id, album_id, name, duration_seconds, bpm, track_number) VALUES (2258, 306, 'Become respond', 250, 122, 5);
INSERT INTO song (song_id, album_id, name, duration_seconds, bpm, track_number) VALUES (2259, 306, 'Price begin know here', 169, 180, 6);
INSERT INTO song (song_id, album_id, name, duration_seconds, bpm, track_number) VALUES (2260, 306, 'True', 460, 105, 7);
INSERT INTO song (song_id, album_id, name, duration_seconds, bpm, track_number) VALUES (2261, 306, 'Foreign', 183, 71, 8);
INSERT INTO song (song_id, album_id, name, duration_seconds, bpm, track_number) VALUES (2262, 306, 'Hand', 465, 108, 9);
INSERT INTO album (album_id, artist_id, title, release_year, created_at) VALUES (307, 152, 'Cross-group tangible benchmark', 1990, NOW());
INSERT INTO song (song_id, album_id, name, duration_seconds, bpm, track_number) VALUES (2263, 307, 'Near the decision', 157, 62, 1);
INSERT INTO song (song_id, album_id, name, duration_seconds, bpm, track_number) VALUES (2264, 307, 'Animal', 264, 130, 2);
INSERT INTO song (song_id, album_id, name, duration_seconds, bpm, track_number) VALUES (2265, 307, 'Rise character matter read', 356, 141, 3);
INSERT INTO song (song_id, album_id, name, duration_seconds, bpm, track_number) VALUES (2266, 307, 'Study eat growth', 247, 136, 4);
INSERT INTO song (song_id, album_id, name, duration_seconds, bpm, track_number) VALUES (2267, 307, 'Around', 144, 143, 5);
INSERT INTO song (song_id, album_id, name, duration_seconds, bpm, track_number) VALUES (2268, 307, 'Improve', 414, 133, 6);
INSERT INTO song (song_id, album_id, name, duration_seconds, bpm, track_number) VALUES (2269, 307, 'Southern find suddenly beyond', 418, 136, 7);
INSERT INTO album (album_id, artist_id, title, release_year, created_at) VALUES (308, 152, 'Quality-focused asymmetric data-warehouse', 2020, NOW());
INSERT INTO song (song_id, album_id, name, duration_seconds, bpm, track_number) VALUES (2270, 308, 'Order', 318, 169, 1);
INSERT INTO song (song_id, album_id, name, duration_seconds, bpm, track_number) VALUES (2271, 308, 'Leave ground', 404, 170, 2);
INSERT INTO song (song_id, album_id, name, duration_seconds, bpm, track_number) VALUES (2272, 308, 'In political', 307, 176, 3);
INSERT INTO song (song_id, album_id, name, duration_seconds, bpm, track_number) VALUES (2273, 308, 'Should over', 256, 62, 4);
INSERT INTO song (song_id, album_id, name, duration_seconds, bpm, track_number) VALUES (2274, 308, 'Throw', 292, 105, 5);
INSERT INTO song (song_id, album_id, name, duration_seconds, bpm, track_number) VALUES (2275, 308, 'Available', 232, 113, 6);
INSERT INTO song (song_id, album_id, name, duration_seconds, bpm, track_number) VALUES (2276, 308, 'Forward edge apply', 438, 168, 7);
INSERT INTO song (song_id, album_id, name, duration_seconds, bpm, track_number) VALUES (2277, 308, 'Need', 299, 65, 8);
INSERT INTO song (song_id, album_id, name, duration_seconds, bpm, track_number) VALUES (2278, 308, 'Candidate than', 208, 91, 9);
INSERT INTO song (song_id, album_id, name, duration_seconds, bpm, track_number) VALUES (2279, 308, 'Health', 345, 106, 10);
INSERT INTO album (album_id, artist_id, title, release_year, created_at) VALUES (309, 153, 'Team-oriented explicit parallelism', 2016, NOW());
INSERT INTO song (song_id, album_id, name, duration_seconds, bpm, track_number) VALUES (2280, 309, 'If', 439, 74, 1);
INSERT INTO song (song_id, album_id, name, duration_seconds, bpm, track_number) VALUES (2281, 309, 'Must question', 330, 100, 2);
INSERT INTO song (song_id, album_id, name, duration_seconds, bpm, track_number) VALUES (2282, 309, 'Tell', 342, 147, 3);
INSERT INTO song (song_id, album_id, name, duration_seconds, bpm, track_number) VALUES (2283, 309, 'Play', 430, 69, 4);
INSERT INTO song (song_id, album_id, name, duration_seconds, bpm, track_number) VALUES (2284, 309, 'Hair', 158, 115, 5);
INSERT INTO song (song_id, album_id, name, duration_seconds, bpm, track_number) VALUES (2285, 309, 'Evening college', 151, 119, 6);
INSERT INTO song (song_id, album_id, name, duration_seconds, bpm, track_number) VALUES (2286, 309, 'Son place woman', 417, 111, 7);
INSERT INTO song (song_id, album_id, name, duration_seconds, bpm, track_number) VALUES (2287, 309, 'Amount', 246, 101, 8);
INSERT INTO album (album_id, artist_id, title, release_year, created_at) VALUES (310, 154, 'Self-enabling optimizing capability', 1997, NOW());
INSERT INTO song (song_id, album_id, name, duration_seconds, bpm, track_number) VALUES (2288, 310, 'Network rock common fall', 394, 145, 1);
INSERT INTO song (song_id, album_id, name, duration_seconds, bpm, track_number) VALUES (2289, 310, 'Event', 339, 174, 2);
INSERT INTO song (song_id, album_id, name, duration_seconds, bpm, track_number) VALUES (2290, 310, 'Season avoid', 291, 179, 3);
INSERT INTO song (song_id, album_id, name, duration_seconds, bpm, track_number) VALUES (2291, 310, 'Across', 325, 108, 4);
INSERT INTO song (song_id, album_id, name, duration_seconds, bpm, track_number) VALUES (2292, 310, 'Magazine', 474, 61, 5);
INSERT INTO song (song_id, album_id, name, duration_seconds, bpm, track_number) VALUES (2293, 310, 'Radio answer', 146, 145, 6);
INSERT INTO song (song_id, album_id, name, duration_seconds, bpm, track_number) VALUES (2294, 310, 'Pressure toward large', 205, 120, 7);
INSERT INTO album (album_id, artist_id, title, release_year, created_at) VALUES (311, 155, 'Devolved solution-oriented protocol', 2006, NOW());
INSERT INTO song (song_id, album_id, name, duration_seconds, bpm, track_number) VALUES (2295, 311, 'Item', 474, 96, 1);
INSERT INTO song (song_id, album_id, name, duration_seconds, bpm, track_number) VALUES (2296, 311, 'Wind much run must', 322, 74, 2);
INSERT INTO song (song_id, album_id, name, duration_seconds, bpm, track_number) VALUES (2297, 311, 'Something wide similar', 262, 134, 3);
INSERT INTO song (song_id, album_id, name, duration_seconds, bpm, track_number) VALUES (2298, 311, 'Again', 420, 148, 4);
INSERT INTO song (song_id, album_id, name, duration_seconds, bpm, track_number) VALUES (2299, 311, 'Get', 450, 165, 5);
INSERT INTO song (song_id, album_id, name, duration_seconds, bpm, track_number) VALUES (2300, 311, 'Run available this', 436, 179, 6);
INSERT INTO album (album_id, artist_id, title, release_year, created_at) VALUES (312, 155, 'Multi-tiered high-level complexity', 1999, NOW());
INSERT INTO song (song_id, album_id, name, duration_seconds, bpm, track_number) VALUES (2301, 312, 'Learn', 451, 63, 1);
INSERT INTO song (song_id, album_id, name, duration_seconds, bpm, track_number) VALUES (2302, 312, 'Book develop officer', 285, 104, 2);
INSERT INTO song (song_id, album_id, name, duration_seconds, bpm, track_number) VALUES (2303, 312, 'Find performance', 370, 71, 3);
INSERT INTO song (song_id, album_id, name, duration_seconds, bpm, track_number) VALUES (2304, 312, 'Hope enough might property', 151, 140, 4);
INSERT INTO song (song_id, album_id, name, duration_seconds, bpm, track_number) VALUES (2305, 312, 'Keep', 301, 147, 5);
INSERT INTO album (album_id, artist_id, title, release_year, created_at) VALUES (313, 156, 'Phased transitional functionalities', 1972, NOW());
INSERT INTO song (song_id, album_id, name, duration_seconds, bpm, track_number) VALUES (2306, 313, 'Social tell', 285, 156, 1);
INSERT INTO song (song_id, album_id, name, duration_seconds, bpm, track_number) VALUES (2307, 313, 'Price politics', 137, 90, 2);
INSERT INTO song (song_id, album_id, name, duration_seconds, bpm, track_number) VALUES (2308, 313, 'Difference', 465, 111, 3);
INSERT INTO song (song_id, album_id, name, duration_seconds, bpm, track_number) VALUES (2309, 313, 'Bring until purpose', 165, 67, 4);
INSERT INTO song (song_id, album_id, name, duration_seconds, bpm, track_number) VALUES (2310, 313, 'Place may', 199, 100, 5);
INSERT INTO song (song_id, album_id, name, duration_seconds, bpm, track_number) VALUES (2311, 313, 'Begin mother', 409, 121, 6);
INSERT INTO song (song_id, album_id, name, duration_seconds, bpm, track_number) VALUES (2312, 313, 'Report create approach', 465, 156, 7);
INSERT INTO song (song_id, album_id, name, duration_seconds, bpm, track_number) VALUES (2313, 313, 'Offer ok', 377, 166, 8);
INSERT INTO album (album_id, artist_id, title, release_year, created_at) VALUES (314, 156, 'Adaptive interactive model', 2018, NOW());
INSERT INTO song (song_id, album_id, name, duration_seconds, bpm, track_number) VALUES (2314, 314, 'Level', 384, 156, 1);
INSERT INTO song (song_id, album_id, name, duration_seconds, bpm, track_number) VALUES (2315, 314, 'Every', 416, 64, 2);
INSERT INTO song (song_id, album_id, name, duration_seconds, bpm, track_number) VALUES (2316, 314, 'Feeling', 145, 175, 3);
INSERT INTO song (song_id, album_id, name, duration_seconds, bpm, track_number) VALUES (2317, 314, 'Site that fear physical first', 125, 76, 4);
INSERT INTO song (song_id, album_id, name, duration_seconds, bpm, track_number) VALUES (2318, 314, 'Ahead', 261, 98, 5);
INSERT INTO song (song_id, album_id, name, duration_seconds, bpm, track_number) VALUES (2319, 314, 'White', 255, 85, 6);
INSERT INTO song (song_id, album_id, name, duration_seconds, bpm, track_number) VALUES (2320, 314, 'Position', 301, 84, 7);
INSERT INTO song (song_id, album_id, name, duration_seconds, bpm, track_number) VALUES (2321, 314, 'Relationship away technology', 231, 145, 8);
INSERT INTO song (song_id, album_id, name, duration_seconds, bpm, track_number) VALUES (2322, 314, 'System fear', 219, 99, 9);
INSERT INTO album (album_id, artist_id, title, release_year, created_at) VALUES (315, 156, 'Programmable dynamic approach', 2012, NOW());
INSERT INTO song (song_id, album_id, name, duration_seconds, bpm, track_number) VALUES (2323, 315, 'Successful', 377, 142, 1);
INSERT INTO song (song_id, album_id, name, duration_seconds, bpm, track_number) VALUES (2324, 315, 'Radio', 319, 63, 2);
INSERT INTO song (song_id, album_id, name, duration_seconds, bpm, track_number) VALUES (2325, 315, 'Pick', 147, 174, 3);
INSERT INTO song (song_id, album_id, name, duration_seconds, bpm, track_number) VALUES (2326, 315, 'Policy break few', 360, 76, 4);
INSERT INTO song (song_id, album_id, name, duration_seconds, bpm, track_number) VALUES (2327, 315, 'Public perhaps', 301, 159, 5);
INSERT INTO album (album_id, artist_id, title, release_year, created_at) VALUES (316, 157, 'Visionary dedicated knowledge user', 1989, NOW());
INSERT INTO song (song_id, album_id, name, duration_seconds, bpm, track_number) VALUES (2328, 316, 'Information protect result part way', 348, 64, 1);
INSERT INTO song (song_id, album_id, name, duration_seconds, bpm, track_number) VALUES (2329, 316, 'Finish', 242, 137, 2);
INSERT INTO song (song_id, album_id, name, duration_seconds, bpm, track_number) VALUES (2330, 316, 'Social see', 261, 166, 3);
INSERT INTO song (song_id, album_id, name, duration_seconds, bpm, track_number) VALUES (2331, 316, 'Later', 476, 64, 4);
INSERT INTO song (song_id, album_id, name, duration_seconds, bpm, track_number) VALUES (2332, 316, 'Produce officer art', 451, 167, 5);
INSERT INTO song (song_id, album_id, name, duration_seconds, bpm, track_number) VALUES (2333, 316, 'Media guess', 334, 115, 6);
INSERT INTO song (song_id, album_id, name, duration_seconds, bpm, track_number) VALUES (2334, 316, 'News adult', 465, 62, 7);
INSERT INTO song (song_id, album_id, name, duration_seconds, bpm, track_number) VALUES (2335, 316, 'Owner total', 252, 160, 8);
INSERT INTO song (song_id, album_id, name, duration_seconds, bpm, track_number) VALUES (2336, 316, 'Where manager dinner', 141, 110, 9);
INSERT INTO song (song_id, album_id, name, duration_seconds, bpm, track_number) VALUES (2337, 316, 'Feel catch', 288, 148, 10);
INSERT INTO album (album_id, artist_id, title, release_year, created_at) VALUES (317, 157, 'Implemented 5thgeneration policy', 2022, NOW());
INSERT INTO song (song_id, album_id, name, duration_seconds, bpm, track_number) VALUES (2338, 317, 'Market conference', 299, 134, 1);
INSERT INTO song (song_id, album_id, name, duration_seconds, bpm, track_number) VALUES (2339, 317, 'Into', 370, 124, 2);
INSERT INTO song (song_id, album_id, name, duration_seconds, bpm, track_number) VALUES (2340, 317, 'Care staff wrong in', 413, 83, 3);
INSERT INTO song (song_id, album_id, name, duration_seconds, bpm, track_number) VALUES (2341, 317, 'Daughter treat', 420, 174, 4);
INSERT INTO song (song_id, album_id, name, duration_seconds, bpm, track_number) VALUES (2342, 317, 'Guy particularly stand thank', 409, 80, 5);
INSERT INTO song (song_id, album_id, name, duration_seconds, bpm, track_number) VALUES (2343, 317, 'Deep rather teach', 203, 100, 6);
INSERT INTO song (song_id, album_id, name, duration_seconds, bpm, track_number) VALUES (2344, 317, 'Former', 294, 125, 7);
INSERT INTO song (song_id, album_id, name, duration_seconds, bpm, track_number) VALUES (2345, 317, 'Inside', 397, 72, 8);
INSERT INTO album (album_id, artist_id, title, release_year, created_at) VALUES (318, 157, 'Automated empowering attitude', 1970, NOW());
INSERT INTO song (song_id, album_id, name, duration_seconds, bpm, track_number) VALUES (2346, 318, 'Range', 389, 89, 1);
INSERT INTO song (song_id, album_id, name, duration_seconds, bpm, track_number) VALUES (2347, 318, 'Country sister wife', 372, 76, 2);
INSERT INTO song (song_id, album_id, name, duration_seconds, bpm, track_number) VALUES (2348, 318, 'Yard', 284, 104, 3);
INSERT INTO song (song_id, album_id, name, duration_seconds, bpm, track_number) VALUES (2349, 318, 'Trade sense', 159, 148, 4);
INSERT INTO song (song_id, album_id, name, duration_seconds, bpm, track_number) VALUES (2350, 318, 'Rest', 385, 176, 5);
INSERT INTO song (song_id, album_id, name, duration_seconds, bpm, track_number) VALUES (2351, 318, 'Before', 261, 94, 6);
INSERT INTO album (album_id, artist_id, title, release_year, created_at) VALUES (319, 158, 'Open-architected scalable encryption', 1997, NOW());
INSERT INTO song (song_id, album_id, name, duration_seconds, bpm, track_number) VALUES (2352, 319, 'Red', 241, 117, 1);
INSERT INTO song (song_id, album_id, name, duration_seconds, bpm, track_number) VALUES (2353, 319, 'Degree', 275, 77, 2);
INSERT INTO song (song_id, album_id, name, duration_seconds, bpm, track_number) VALUES (2354, 319, 'More president because', 345, 180, 3);
INSERT INTO song (song_id, album_id, name, duration_seconds, bpm, track_number) VALUES (2355, 319, 'Particularly', 270, 139, 4);
INSERT INTO song (song_id, album_id, name, duration_seconds, bpm, track_number) VALUES (2356, 319, 'Law agreement', 297, 68, 5);
INSERT INTO song (song_id, album_id, name, duration_seconds, bpm, track_number) VALUES (2357, 319, 'How', 358, 97, 6);
INSERT INTO album (album_id, artist_id, title, release_year, created_at) VALUES (320, 158, 'Synergistic real-time infrastructure', 1989, NOW());
INSERT INTO song (song_id, album_id, name, duration_seconds, bpm, track_number) VALUES (2358, 320, 'Fall either difficult personal', 335, 78, 1);
INSERT INTO song (song_id, album_id, name, duration_seconds, bpm, track_number) VALUES (2359, 320, 'Debate week direction', 423, 62, 2);
INSERT INTO song (song_id, album_id, name, duration_seconds, bpm, track_number) VALUES (2360, 320, 'Friend', 467, 98, 3);
INSERT INTO song (song_id, album_id, name, duration_seconds, bpm, track_number) VALUES (2361, 320, 'Bad listen machine certain', 144, 111, 4);
INSERT INTO song (song_id, album_id, name, duration_seconds, bpm, track_number) VALUES (2362, 320, 'Approach fact', 395, 68, 5);
INSERT INTO song (song_id, album_id, name, duration_seconds, bpm, track_number) VALUES (2363, 320, 'Power', 464, 146, 6);
INSERT INTO song (song_id, album_id, name, duration_seconds, bpm, track_number) VALUES (2364, 320, 'Look', 264, 60, 7);
INSERT INTO song (song_id, album_id, name, duration_seconds, bpm, track_number) VALUES (2365, 320, 'Listen', 149, 133, 8);
INSERT INTO song (song_id, album_id, name, duration_seconds, bpm, track_number) VALUES (2366, 320, 'My character', 298, 161, 9);
INSERT INTO song (song_id, album_id, name, duration_seconds, bpm, track_number) VALUES (2367, 320, 'Argue kid instead', 398, 87, 10);
INSERT INTO album (album_id, artist_id, title, release_year, created_at) VALUES (321, 159, 'Ergonomic even-keeled hierarchy', 2016, NOW());
INSERT INTO song (song_id, album_id, name, duration_seconds, bpm, track_number) VALUES (2368, 321, 'Write provide', 265, 108, 1);
INSERT INTO song (song_id, album_id, name, duration_seconds, bpm, track_number) VALUES (2369, 321, 'Account second', 278, 92, 2);
INSERT INTO song (song_id, album_id, name, duration_seconds, bpm, track_number) VALUES (2370, 321, 'Stage', 218, 116, 3);
INSERT INTO song (song_id, album_id, name, duration_seconds, bpm, track_number) VALUES (2371, 321, 'Movie among', 457, 147, 4);
INSERT INTO song (song_id, album_id, name, duration_seconds, bpm, track_number) VALUES (2372, 321, 'Involve', 452, 178, 5);
INSERT INTO song (song_id, album_id, name, duration_seconds, bpm, track_number) VALUES (2373, 321, 'Risk little', 230, 169, 6);
INSERT INTO album (album_id, artist_id, title, release_year, created_at) VALUES (322, 160, 'Persevering cohesive workforce', 2023, NOW());
INSERT INTO song (song_id, album_id, name, duration_seconds, bpm, track_number) VALUES (2374, 322, 'For', 299, 146, 1);
INSERT INTO song (song_id, album_id, name, duration_seconds, bpm, track_number) VALUES (2375, 322, 'Glass reduce', 258, 72, 2);
INSERT INTO song (song_id, album_id, name, duration_seconds, bpm, track_number) VALUES (2376, 322, 'Author stock', 334, 161, 3);
INSERT INTO song (song_id, album_id, name, duration_seconds, bpm, track_number) VALUES (2377, 322, 'Building produce own', 367, 95, 4);
INSERT INTO song (song_id, album_id, name, duration_seconds, bpm, track_number) VALUES (2378, 322, 'Catch head onto direction', 454, 156, 5);
INSERT INTO song (song_id, album_id, name, duration_seconds, bpm, track_number) VALUES (2379, 322, 'Military edge over', 260, 82, 6);
INSERT INTO song (song_id, album_id, name, duration_seconds, bpm, track_number) VALUES (2380, 322, 'There test', 264, 161, 7);
INSERT INTO album (album_id, artist_id, title, release_year, created_at) VALUES (323, 160, 'Integrated foreground portal', 1978, NOW());
INSERT INTO song (song_id, album_id, name, duration_seconds, bpm, track_number) VALUES (2381, 323, 'Question notice', 385, 150, 1);
INSERT INTO song (song_id, album_id, name, duration_seconds, bpm, track_number) VALUES (2382, 323, 'Quite nothing', 415, 119, 2);
INSERT INTO song (song_id, album_id, name, duration_seconds, bpm, track_number) VALUES (2383, 323, 'Until over baby someone situation', 262, 115, 3);
INSERT INTO song (song_id, album_id, name, duration_seconds, bpm, track_number) VALUES (2384, 323, 'Factor past', 234, 172, 4);
INSERT INTO song (song_id, album_id, name, duration_seconds, bpm, track_number) VALUES (2385, 323, 'Serious military American', 469, 167, 5);
INSERT INTO album (album_id, artist_id, title, release_year, created_at) VALUES (324, 160, 'Triple-buffered dynamic interface', 2019, NOW());
INSERT INTO song (song_id, album_id, name, duration_seconds, bpm, track_number) VALUES (2386, 324, 'Fear', 390, 162, 1);
INSERT INTO song (song_id, album_id, name, duration_seconds, bpm, track_number) VALUES (2387, 324, 'This different provide speech', 344, 106, 2);
INSERT INTO song (song_id, album_id, name, duration_seconds, bpm, track_number) VALUES (2388, 324, 'Recent ability particularly push appear', 120, 177, 3);
INSERT INTO song (song_id, album_id, name, duration_seconds, bpm, track_number) VALUES (2389, 324, 'Few back', 199, 102, 4);
INSERT INTO song (song_id, album_id, name, duration_seconds, bpm, track_number) VALUES (2390, 324, 'Direction adult', 281, 74, 5);
INSERT INTO album (album_id, artist_id, title, release_year, created_at) VALUES (325, 161, 'Re-contextualized heuristic frame', 2020, NOW());
INSERT INTO song (song_id, album_id, name, duration_seconds, bpm, track_number) VALUES (2391, 325, 'Institution exactly able', 267, 72, 1);
INSERT INTO song (song_id, album_id, name, duration_seconds, bpm, track_number) VALUES (2392, 325, 'Fast', 418, 160, 2);
INSERT INTO song (song_id, album_id, name, duration_seconds, bpm, track_number) VALUES (2393, 325, 'Appear nice', 188, 74, 3);
INSERT INTO song (song_id, album_id, name, duration_seconds, bpm, track_number) VALUES (2394, 325, 'Role', 408, 177, 4);
INSERT INTO song (song_id, album_id, name, duration_seconds, bpm, track_number) VALUES (2395, 325, 'Dream', 219, 107, 5);
INSERT INTO song (song_id, album_id, name, duration_seconds, bpm, track_number) VALUES (2396, 325, 'Three realize tough', 443, 129, 6);
INSERT INTO song (song_id, album_id, name, duration_seconds, bpm, track_number) VALUES (2397, 325, 'Again decision too government particularly', 123, 88, 7);
INSERT INTO song (song_id, album_id, name, duration_seconds, bpm, track_number) VALUES (2398, 325, 'Drop certainly', 446, 99, 8);
INSERT INTO song (song_id, album_id, name, duration_seconds, bpm, track_number) VALUES (2399, 325, 'Person far soldier everyone', 330, 77, 9);
INSERT INTO song (song_id, album_id, name, duration_seconds, bpm, track_number) VALUES (2400, 325, 'Various note', 472, 104, 10);
INSERT INTO album (album_id, artist_id, title, release_year, created_at) VALUES (326, 161, 'Fundamental exuding structure', 2017, NOW());
INSERT INTO song (song_id, album_id, name, duration_seconds, bpm, track_number) VALUES (2401, 326, 'Artist', 211, 116, 1);
INSERT INTO song (song_id, album_id, name, duration_seconds, bpm, track_number) VALUES (2402, 326, 'Style', 438, 101, 2);
INSERT INTO song (song_id, album_id, name, duration_seconds, bpm, track_number) VALUES (2403, 326, 'Best other heavy', 315, 137, 3);
INSERT INTO song (song_id, album_id, name, duration_seconds, bpm, track_number) VALUES (2404, 326, 'Meeting', 334, 160, 4);
INSERT INTO song (song_id, album_id, name, duration_seconds, bpm, track_number) VALUES (2405, 326, 'Person', 155, 179, 5);
INSERT INTO song (song_id, album_id, name, duration_seconds, bpm, track_number) VALUES (2406, 326, 'Offer', 184, 152, 6);
INSERT INTO album (album_id, artist_id, title, release_year, created_at) VALUES (327, 161, 'Intuitive zero-defect time-frame', 2011, NOW());
INSERT INTO song (song_id, album_id, name, duration_seconds, bpm, track_number) VALUES (2407, 327, 'Try note range now', 377, 175, 1);
INSERT INTO song (song_id, album_id, name, duration_seconds, bpm, track_number) VALUES (2408, 327, 'Bit', 438, 89, 2);
INSERT INTO song (song_id, album_id, name, duration_seconds, bpm, track_number) VALUES (2409, 327, 'Run minute', 214, 77, 3);
INSERT INTO song (song_id, album_id, name, duration_seconds, bpm, track_number) VALUES (2410, 327, 'Seek', 306, 111, 4);
INSERT INTO song (song_id, album_id, name, duration_seconds, bpm, track_number) VALUES (2411, 327, 'Reason paper', 294, 105, 5);
INSERT INTO song (song_id, album_id, name, duration_seconds, bpm, track_number) VALUES (2412, 327, 'Record commercial', 182, 85, 6);
INSERT INTO song (song_id, album_id, name, duration_seconds, bpm, track_number) VALUES (2413, 327, 'It', 158, 85, 7);
INSERT INTO song (song_id, album_id, name, duration_seconds, bpm, track_number) VALUES (2414, 327, 'After', 475, 97, 8);
INSERT INTO song (song_id, album_id, name, duration_seconds, bpm, track_number) VALUES (2415, 327, 'Land', 462, 107, 9);
INSERT INTO album (album_id, artist_id, title, release_year, created_at) VALUES (328, 162, 'Down-sized stable paradigm', 1975, NOW());
INSERT INTO song (song_id, album_id, name, duration_seconds, bpm, track_number) VALUES (2416, 328, 'Several huge', 140, 101, 1);
INSERT INTO song (song_id, album_id, name, duration_seconds, bpm, track_number) VALUES (2417, 328, 'Song', 129, 75, 2);
INSERT INTO song (song_id, album_id, name, duration_seconds, bpm, track_number) VALUES (2418, 328, 'People', 339, 162, 3);
INSERT INTO song (song_id, album_id, name, duration_seconds, bpm, track_number) VALUES (2419, 328, 'Significant notice', 468, 176, 4);
INSERT INTO song (song_id, album_id, name, duration_seconds, bpm, track_number) VALUES (2420, 328, 'West', 351, 76, 5);
INSERT INTO album (album_id, artist_id, title, release_year, created_at) VALUES (329, 163, 'Robust intermediate capability', 2011, NOW());
INSERT INTO song (song_id, album_id, name, duration_seconds, bpm, track_number) VALUES (2421, 329, 'Walk', 326, 73, 1);
INSERT INTO song (song_id, album_id, name, duration_seconds, bpm, track_number) VALUES (2422, 329, 'Call', 147, 105, 2);
INSERT INTO song (song_id, album_id, name, duration_seconds, bpm, track_number) VALUES (2423, 329, 'Though oil necessary', 221, 95, 3);
INSERT INTO song (song_id, album_id, name, duration_seconds, bpm, track_number) VALUES (2424, 329, 'Tree share', 210, 166, 4);
INSERT INTO song (song_id, album_id, name, duration_seconds, bpm, track_number) VALUES (2425, 329, 'But', 400, 75, 5);
INSERT INTO song (song_id, album_id, name, duration_seconds, bpm, track_number) VALUES (2426, 329, 'Street', 316, 73, 6);
INSERT INTO song (song_id, album_id, name, duration_seconds, bpm, track_number) VALUES (2427, 329, 'Happen', 217, 63, 7);
INSERT INTO album (album_id, artist_id, title, release_year, created_at) VALUES (330, 164, 'Sharable secondary budgetary management', 1975, NOW());
INSERT INTO song (song_id, album_id, name, duration_seconds, bpm, track_number) VALUES (2428, 330, 'Heavy science', 290, 128, 1);
INSERT INTO song (song_id, album_id, name, duration_seconds, bpm, track_number) VALUES (2429, 330, 'Food success', 412, 103, 2);
INSERT INTO song (song_id, album_id, name, duration_seconds, bpm, track_number) VALUES (2430, 330, 'Base here read high then', 356, 151, 3);
INSERT INTO song (song_id, album_id, name, duration_seconds, bpm, track_number) VALUES (2431, 330, 'You', 148, 152, 4);
INSERT INTO song (song_id, album_id, name, duration_seconds, bpm, track_number) VALUES (2432, 330, 'Somebody', 434, 102, 5);
INSERT INTO album (album_id, artist_id, title, release_year, created_at) VALUES (331, 164, 'Monitored attitude-oriented ability', 2000, NOW());
INSERT INTO song (song_id, album_id, name, duration_seconds, bpm, track_number) VALUES (2433, 331, 'Happy center set', 194, 156, 1);
INSERT INTO song (song_id, album_id, name, duration_seconds, bpm, track_number) VALUES (2434, 331, 'Control talk', 151, 121, 2);
INSERT INTO song (song_id, album_id, name, duration_seconds, bpm, track_number) VALUES (2435, 331, 'Show inside address', 310, 179, 3);
INSERT INTO song (song_id, album_id, name, duration_seconds, bpm, track_number) VALUES (2436, 331, 'Throughout', 275, 93, 4);
INSERT INTO song (song_id, album_id, name, duration_seconds, bpm, track_number) VALUES (2437, 331, 'Tough age sit', 331, 140, 5);
INSERT INTO album (album_id, artist_id, title, release_year, created_at) VALUES (332, 165, 'Compatible tangible budgetary management', 2009, NOW());
INSERT INTO song (song_id, album_id, name, duration_seconds, bpm, track_number) VALUES (2438, 332, 'Television mean', 428, 142, 1);
INSERT INTO song (song_id, album_id, name, duration_seconds, bpm, track_number) VALUES (2439, 332, 'White', 136, 84, 2);
INSERT INTO song (song_id, album_id, name, duration_seconds, bpm, track_number) VALUES (2440, 332, 'Wish computer', 150, 150, 3);
INSERT INTO song (song_id, album_id, name, duration_seconds, bpm, track_number) VALUES (2441, 332, 'Single rise', 181, 123, 4);
INSERT INTO song (song_id, album_id, name, duration_seconds, bpm, track_number) VALUES (2442, 332, 'Teacher group', 152, 86, 5);
INSERT INTO song (song_id, album_id, name, duration_seconds, bpm, track_number) VALUES (2443, 332, 'Own stop father', 317, 117, 6);
INSERT INTO song (song_id, album_id, name, duration_seconds, bpm, track_number) VALUES (2444, 332, 'Possible interest', 395, 93, 7);
INSERT INTO song (song_id, album_id, name, duration_seconds, bpm, track_number) VALUES (2445, 332, 'Adult position fly', 298, 138, 8);
INSERT INTO album (album_id, artist_id, title, release_year, created_at) VALUES (333, 165, 'Face-to-face holistic infrastructure', 2000, NOW());
INSERT INTO song (song_id, album_id, name, duration_seconds, bpm, track_number) VALUES (2446, 333, 'See effort end', 398, 145, 1);
INSERT INTO song (song_id, album_id, name, duration_seconds, bpm, track_number) VALUES (2447, 333, 'Industry two technology', 127, 147, 2);
INSERT INTO song (song_id, album_id, name, duration_seconds, bpm, track_number) VALUES (2448, 333, 'Return', 161, 123, 3);
INSERT INTO song (song_id, album_id, name, duration_seconds, bpm, track_number) VALUES (2449, 333, 'Join believe rich', 242, 115, 4);
INSERT INTO song (song_id, album_id, name, duration_seconds, bpm, track_number) VALUES (2450, 333, 'Worker', 308, 105, 5);
INSERT INTO album (album_id, artist_id, title, release_year, created_at) VALUES (334, 165, 'Realigned 24/7 collaboration', 2024, NOW());
INSERT INTO song (song_id, album_id, name, duration_seconds, bpm, track_number) VALUES (2451, 334, 'Study', 225, 66, 1);
INSERT INTO song (song_id, album_id, name, duration_seconds, bpm, track_number) VALUES (2452, 334, 'Painting central', 391, 163, 2);
INSERT INTO song (song_id, album_id, name, duration_seconds, bpm, track_number) VALUES (2453, 334, 'Political', 472, 134, 3);
INSERT INTO song (song_id, album_id, name, duration_seconds, bpm, track_number) VALUES (2454, 334, 'Must lay ago', 296, 63, 4);
INSERT INTO song (song_id, album_id, name, duration_seconds, bpm, track_number) VALUES (2455, 334, 'Physical baby prove', 420, 64, 5);
INSERT INTO song (song_id, album_id, name, duration_seconds, bpm, track_number) VALUES (2456, 334, 'Tv information key thought', 256, 162, 6);
INSERT INTO album (album_id, artist_id, title, release_year, created_at) VALUES (335, 166, 'Horizontal demand-driven framework', 2002, NOW());
INSERT INTO song (song_id, album_id, name, duration_seconds, bpm, track_number) VALUES (2457, 335, 'Table central', 373, 122, 1);
INSERT INTO song (song_id, album_id, name, duration_seconds, bpm, track_number) VALUES (2458, 335, 'Boy which drop', 175, 70, 2);
INSERT INTO song (song_id, album_id, name, duration_seconds, bpm, track_number) VALUES (2459, 335, 'Environment sister', 212, 63, 3);
INSERT INTO song (song_id, album_id, name, duration_seconds, bpm, track_number) VALUES (2460, 335, 'Agent treat', 449, 131, 4);
INSERT INTO song (song_id, album_id, name, duration_seconds, bpm, track_number) VALUES (2461, 335, 'World yourself', 315, 150, 5);
INSERT INTO song (song_id, album_id, name, duration_seconds, bpm, track_number) VALUES (2462, 335, 'Since', 283, 153, 6);
INSERT INTO song (song_id, album_id, name, duration_seconds, bpm, track_number) VALUES (2463, 335, 'Speak', 181, 64, 7);
INSERT INTO song (song_id, album_id, name, duration_seconds, bpm, track_number) VALUES (2464, 335, 'Later', 279, 169, 8);
INSERT INTO album (album_id, artist_id, title, release_year, created_at) VALUES (336, 166, 'Intuitive incremental instruction set', 2000, NOW());
INSERT INTO song (song_id, album_id, name, duration_seconds, bpm, track_number) VALUES (2465, 336, 'Field detail issue nearly', 169, 154, 1);
INSERT INTO song (song_id, album_id, name, duration_seconds, bpm, track_number) VALUES (2466, 336, 'Pick responsibility', 127, 123, 2);
INSERT INTO song (song_id, album_id, name, duration_seconds, bpm, track_number) VALUES (2467, 336, 'But', 151, 152, 3);
INSERT INTO song (song_id, album_id, name, duration_seconds, bpm, track_number) VALUES (2468, 336, 'Billion', 284, 145, 4);
INSERT INTO song (song_id, album_id, name, duration_seconds, bpm, track_number) VALUES (2469, 336, 'Technology', 207, 91, 5);
INSERT INTO song (song_id, album_id, name, duration_seconds, bpm, track_number) VALUES (2470, 336, 'Stage her', 237, 152, 6);
INSERT INTO song (song_id, album_id, name, duration_seconds, bpm, track_number) VALUES (2471, 336, 'Take food stay increase', 424, 171, 7);
INSERT INTO song (song_id, album_id, name, duration_seconds, bpm, track_number) VALUES (2472, 336, 'Organization', 309, 136, 8);
INSERT INTO album (album_id, artist_id, title, release_year, created_at) VALUES (337, 167, 'Streamlined 3rdgeneration utilization', 2014, NOW());
INSERT INTO song (song_id, album_id, name, duration_seconds, bpm, track_number) VALUES (2473, 337, 'Before rate wish manager', 264, 174, 1);
INSERT INTO song (song_id, album_id, name, duration_seconds, bpm, track_number) VALUES (2474, 337, 'Station', 264, 87, 2);
INSERT INTO song (song_id, album_id, name, duration_seconds, bpm, track_number) VALUES (2475, 337, 'Write', 312, 172, 3);
INSERT INTO song (song_id, album_id, name, duration_seconds, bpm, track_number) VALUES (2476, 337, 'Such', 351, 134, 4);
INSERT INTO song (song_id, album_id, name, duration_seconds, bpm, track_number) VALUES (2477, 337, 'Second', 147, 63, 5);
INSERT INTO song (song_id, album_id, name, duration_seconds, bpm, track_number) VALUES (2478, 337, 'Positive', 455, 148, 6);
INSERT INTO song (song_id, album_id, name, duration_seconds, bpm, track_number) VALUES (2479, 337, 'Appear', 157, 114, 7);
INSERT INTO song (song_id, album_id, name, duration_seconds, bpm, track_number) VALUES (2480, 337, 'Accept', 356, 169, 8);
INSERT INTO album (album_id, artist_id, title, release_year, created_at) VALUES (338, 168, 'Cross-platform well-modulated intranet', 2013, NOW());
INSERT INTO song (song_id, album_id, name, duration_seconds, bpm, track_number) VALUES (2481, 338, 'Hot line', 199, 61, 1);
INSERT INTO song (song_id, album_id, name, duration_seconds, bpm, track_number) VALUES (2482, 338, 'Teach', 480, 114, 2);
INSERT INTO song (song_id, album_id, name, duration_seconds, bpm, track_number) VALUES (2483, 338, 'Hundred', 187, 109, 3);
INSERT INTO song (song_id, album_id, name, duration_seconds, bpm, track_number) VALUES (2484, 338, 'International', 145, 162, 4);
INSERT INTO song (song_id, album_id, name, duration_seconds, bpm, track_number) VALUES (2485, 338, 'Rule camera while our', 261, 69, 5);
INSERT INTO song (song_id, album_id, name, duration_seconds, bpm, track_number) VALUES (2486, 338, 'Try situation science', 461, 73, 6);
INSERT INTO song (song_id, album_id, name, duration_seconds, bpm, track_number) VALUES (2487, 338, 'Base', 280, 160, 7);
INSERT INTO album (album_id, artist_id, title, release_year, created_at) VALUES (339, 168, 'Customizable web-enabled structure', 2021, NOW());
INSERT INTO song (song_id, album_id, name, duration_seconds, bpm, track_number) VALUES (2488, 339, 'Meet set easy', 288, 126, 1);
INSERT INTO song (song_id, album_id, name, duration_seconds, bpm, track_number) VALUES (2489, 339, 'Wife race something', 369, 146, 2);
INSERT INTO song (song_id, album_id, name, duration_seconds, bpm, track_number) VALUES (2490, 339, 'Thing job industry foot', 164, 137, 3);
INSERT INTO song (song_id, album_id, name, duration_seconds, bpm, track_number) VALUES (2491, 339, 'Size material year feel', 372, 91, 4);
INSERT INTO song (song_id, album_id, name, duration_seconds, bpm, track_number) VALUES (2492, 339, 'Rule relate good', 244, 136, 5);
INSERT INTO album (album_id, artist_id, title, release_year, created_at) VALUES (340, 169, 'Focused secondary interface', 2005, NOW());
INSERT INTO song (song_id, album_id, name, duration_seconds, bpm, track_number) VALUES (2493, 340, 'Bag continue', 452, 133, 1);
INSERT INTO song (song_id, album_id, name, duration_seconds, bpm, track_number) VALUES (2494, 340, 'Easy', 468, 110, 2);
INSERT INTO song (song_id, album_id, name, duration_seconds, bpm, track_number) VALUES (2495, 340, 'Military', 395, 166, 3);
INSERT INTO song (song_id, album_id, name, duration_seconds, bpm, track_number) VALUES (2496, 340, 'Manager', 190, 71, 4);
INSERT INTO song (song_id, album_id, name, duration_seconds, bpm, track_number) VALUES (2497, 340, 'Player', 398, 115, 5);
INSERT INTO song (song_id, album_id, name, duration_seconds, bpm, track_number) VALUES (2498, 340, 'Include', 287, 144, 6);
INSERT INTO song (song_id, album_id, name, duration_seconds, bpm, track_number) VALUES (2499, 340, 'General', 320, 86, 7);
INSERT INTO song (song_id, album_id, name, duration_seconds, bpm, track_number) VALUES (2500, 340, 'Experience', 333, 180, 8);
INSERT INTO song (song_id, album_id, name, duration_seconds, bpm, track_number) VALUES (2501, 340, 'Item news sell such', 402, 74, 9);
INSERT INTO song (song_id, album_id, name, duration_seconds, bpm, track_number) VALUES (2502, 340, 'Air', 431, 119, 10);
INSERT INTO album (album_id, artist_id, title, release_year, created_at) VALUES (341, 169, 'Multi-layered high-level concept', 2013, NOW());
INSERT INTO song (song_id, album_id, name, duration_seconds, bpm, track_number) VALUES (2503, 341, 'Push', 178, 71, 1);
INSERT INTO song (song_id, album_id, name, duration_seconds, bpm, track_number) VALUES (2504, 341, 'Catch', 202, 113, 2);
INSERT INTO song (song_id, album_id, name, duration_seconds, bpm, track_number) VALUES (2505, 341, 'Discuss design east', 304, 103, 3);
INSERT INTO song (song_id, album_id, name, duration_seconds, bpm, track_number) VALUES (2506, 341, 'Box', 165, 117, 4);
INSERT INTO song (song_id, album_id, name, duration_seconds, bpm, track_number) VALUES (2507, 341, 'Difference', 309, 130, 5);
INSERT INTO song (song_id, album_id, name, duration_seconds, bpm, track_number) VALUES (2508, 341, 'Girl age', 165, 171, 6);
INSERT INTO song (song_id, album_id, name, duration_seconds, bpm, track_number) VALUES (2509, 341, 'How', 381, 78, 7);
INSERT INTO album (album_id, artist_id, title, release_year, created_at) VALUES (342, 170, 'Compatible real-time installation', 2021, NOW());
INSERT INTO song (song_id, album_id, name, duration_seconds, bpm, track_number) VALUES (2510, 342, 'Forget', 386, 94, 1);
INSERT INTO song (song_id, album_id, name, duration_seconds, bpm, track_number) VALUES (2511, 342, 'Issue', 129, 74, 2);
INSERT INTO song (song_id, album_id, name, duration_seconds, bpm, track_number) VALUES (2512, 342, 'Simply', 274, 170, 3);
INSERT INTO song (song_id, album_id, name, duration_seconds, bpm, track_number) VALUES (2513, 342, 'Truth', 217, 124, 4);
INSERT INTO song (song_id, album_id, name, duration_seconds, bpm, track_number) VALUES (2514, 342, 'According ability', 154, 176, 5);
INSERT INTO album (album_id, artist_id, title, release_year, created_at) VALUES (343, 170, 'Exclusive zero administration framework', 2015, NOW());
INSERT INTO song (song_id, album_id, name, duration_seconds, bpm, track_number) VALUES (2515, 343, 'Serious way', 416, 108, 1);
INSERT INTO song (song_id, album_id, name, duration_seconds, bpm, track_number) VALUES (2516, 343, 'Cultural present', 307, 85, 2);
INSERT INTO song (song_id, album_id, name, duration_seconds, bpm, track_number) VALUES (2517, 343, 'Own', 332, 132, 3);
INSERT INTO song (song_id, album_id, name, duration_seconds, bpm, track_number) VALUES (2518, 343, 'Speak possible', 333, 146, 4);
INSERT INTO song (song_id, album_id, name, duration_seconds, bpm, track_number) VALUES (2519, 343, 'Seven', 243, 83, 5);
INSERT INTO song (song_id, album_id, name, duration_seconds, bpm, track_number) VALUES (2520, 343, 'Might sing another', 189, 73, 6);
INSERT INTO song (song_id, album_id, name, duration_seconds, bpm, track_number) VALUES (2521, 343, 'Certain', 319, 120, 7);
INSERT INTO song (song_id, album_id, name, duration_seconds, bpm, track_number) VALUES (2522, 343, 'Carry customer mouth book rule', 347, 139, 8);
INSERT INTO song (song_id, album_id, name, duration_seconds, bpm, track_number) VALUES (2523, 343, 'Choice side on second', 141, 135, 9);
INSERT INTO album (album_id, artist_id, title, release_year, created_at) VALUES (344, 171, 'Extended 24hour artificial intelligence', 1994, NOW());
INSERT INTO song (song_id, album_id, name, duration_seconds, bpm, track_number) VALUES (2524, 344, 'Scientist best', 425, 104, 1);
INSERT INTO song (song_id, album_id, name, duration_seconds, bpm, track_number) VALUES (2525, 344, 'Fight', 282, 98, 2);
INSERT INTO song (song_id, album_id, name, duration_seconds, bpm, track_number) VALUES (2526, 344, 'Might', 120, 160, 3);
INSERT INTO song (song_id, album_id, name, duration_seconds, bpm, track_number) VALUES (2527, 344, 'Find', 440, 73, 4);
INSERT INTO song (song_id, album_id, name, duration_seconds, bpm, track_number) VALUES (2528, 344, 'Cost somebody', 179, 137, 5);
INSERT INTO song (song_id, album_id, name, duration_seconds, bpm, track_number) VALUES (2529, 344, 'Read instead', 272, 76, 6);
INSERT INTO album (album_id, artist_id, title, release_year, created_at) VALUES (345, 171, 'Managed eco-centric intranet', 2012, NOW());
INSERT INTO song (song_id, album_id, name, duration_seconds, bpm, track_number) VALUES (2530, 345, 'Important us available couple', 294, 125, 1);
INSERT INTO song (song_id, album_id, name, duration_seconds, bpm, track_number) VALUES (2531, 345, 'Half receive all', 271, 170, 2);
INSERT INTO song (song_id, album_id, name, duration_seconds, bpm, track_number) VALUES (2532, 345, 'List large bit carry everything', 125, 89, 3);
INSERT INTO song (song_id, album_id, name, duration_seconds, bpm, track_number) VALUES (2533, 345, 'Remember', 186, 125, 4);
INSERT INTO song (song_id, album_id, name, duration_seconds, bpm, track_number) VALUES (2534, 345, 'Relationship', 290, 127, 5);
INSERT INTO song (song_id, album_id, name, duration_seconds, bpm, track_number) VALUES (2535, 345, 'Expert', 396, 85, 6);
INSERT INTO album (album_id, artist_id, title, release_year, created_at) VALUES (346, 172, 'Balanced actuating contingency', 2012, NOW());
INSERT INTO song (song_id, album_id, name, duration_seconds, bpm, track_number) VALUES (2536, 346, 'Think', 176, 159, 1);
INSERT INTO song (song_id, album_id, name, duration_seconds, bpm, track_number) VALUES (2537, 346, 'Staff team imagine election', 354, 160, 2);
INSERT INTO song (song_id, album_id, name, duration_seconds, bpm, track_number) VALUES (2538, 346, 'Past', 261, 69, 3);
INSERT INTO song (song_id, album_id, name, duration_seconds, bpm, track_number) VALUES (2539, 346, 'Power', 420, 171, 4);
INSERT INTO song (song_id, album_id, name, duration_seconds, bpm, track_number) VALUES (2540, 346, 'Manage', 448, 174, 5);
INSERT INTO song (song_id, album_id, name, duration_seconds, bpm, track_number) VALUES (2541, 346, 'Protect tax', 178, 120, 6);
INSERT INTO song (song_id, album_id, name, duration_seconds, bpm, track_number) VALUES (2542, 346, 'Various particularly', 479, 169, 7);
INSERT INTO song (song_id, album_id, name, duration_seconds, bpm, track_number) VALUES (2543, 346, 'Spend', 179, 145, 8);
INSERT INTO song (song_id, album_id, name, duration_seconds, bpm, track_number) VALUES (2544, 346, 'Far believe', 391, 72, 9);
INSERT INTO song (song_id, album_id, name, duration_seconds, bpm, track_number) VALUES (2545, 346, 'No imagine head', 389, 143, 10);
INSERT INTO album (album_id, artist_id, title, release_year, created_at) VALUES (347, 173, 'Profit-focused impactful intranet', 1973, NOW());
INSERT INTO song (song_id, album_id, name, duration_seconds, bpm, track_number) VALUES (2546, 347, 'Movie enter', 153, 115, 1);
INSERT INTO song (song_id, album_id, name, duration_seconds, bpm, track_number) VALUES (2547, 347, 'Pressure', 302, 81, 2);
INSERT INTO song (song_id, album_id, name, duration_seconds, bpm, track_number) VALUES (2548, 347, 'Onto company', 300, 131, 3);
INSERT INTO song (song_id, album_id, name, duration_seconds, bpm, track_number) VALUES (2549, 347, 'Information thing', 284, 167, 4);
INSERT INTO song (song_id, album_id, name, duration_seconds, bpm, track_number) VALUES (2550, 347, 'Another yes over', 280, 153, 5);
INSERT INTO song (song_id, album_id, name, duration_seconds, bpm, track_number) VALUES (2551, 347, 'Must', 209, 65, 6);
INSERT INTO album (album_id, artist_id, title, release_year, created_at) VALUES (348, 173, 'Balanced regional conglomeration', 2001, NOW());
INSERT INTO song (song_id, album_id, name, duration_seconds, bpm, track_number) VALUES (2552, 348, 'Little large', 420, 144, 1);
INSERT INTO song (song_id, album_id, name, duration_seconds, bpm, track_number) VALUES (2553, 348, 'Picture break', 124, 77, 2);
INSERT INTO song (song_id, album_id, name, duration_seconds, bpm, track_number) VALUES (2554, 348, 'Season', 300, 130, 3);
INSERT INTO song (song_id, album_id, name, duration_seconds, bpm, track_number) VALUES (2555, 348, 'Plant', 122, 145, 4);
INSERT INTO song (song_id, album_id, name, duration_seconds, bpm, track_number) VALUES (2556, 348, 'Course', 450, 149, 5);
INSERT INTO song (song_id, album_id, name, duration_seconds, bpm, track_number) VALUES (2557, 348, 'Forward expect', 391, 122, 6);
INSERT INTO song (song_id, album_id, name, duration_seconds, bpm, track_number) VALUES (2558, 348, 'Election they those', 441, 146, 7);
INSERT INTO song (song_id, album_id, name, duration_seconds, bpm, track_number) VALUES (2559, 348, 'Admit either', 346, 160, 8);
INSERT INTO song (song_id, album_id, name, duration_seconds, bpm, track_number) VALUES (2560, 348, 'War themselves spring', 428, 72, 9);
INSERT INTO album (album_id, artist_id, title, release_year, created_at) VALUES (349, 173, 'Visionary web-enabled standardization', 1998, NOW());
INSERT INTO song (song_id, album_id, name, duration_seconds, bpm, track_number) VALUES (2561, 349, 'Tree campaign star', 472, 136, 1);
INSERT INTO song (song_id, album_id, name, duration_seconds, bpm, track_number) VALUES (2562, 349, 'Audience', 367, 90, 2);
INSERT INTO song (song_id, album_id, name, duration_seconds, bpm, track_number) VALUES (2563, 349, 'Unit', 322, 180, 3);
INSERT INTO song (song_id, album_id, name, duration_seconds, bpm, track_number) VALUES (2564, 349, 'Most them', 121, 174, 4);
INSERT INTO song (song_id, album_id, name, duration_seconds, bpm, track_number) VALUES (2565, 349, 'Position claim', 174, 81, 5);
INSERT INTO album (album_id, artist_id, title, release_year, created_at) VALUES (350, 174, 'Profound systematic system engine', 2025, NOW());
INSERT INTO song (song_id, album_id, name, duration_seconds, bpm, track_number) VALUES (2566, 350, 'Almost yourself', 318, 69, 1);
INSERT INTO song (song_id, album_id, name, duration_seconds, bpm, track_number) VALUES (2567, 350, 'Off science risk', 336, 135, 2);
INSERT INTO song (song_id, album_id, name, duration_seconds, bpm, track_number) VALUES (2568, 350, 'Brother', 375, 155, 3);
INSERT INTO song (song_id, album_id, name, duration_seconds, bpm, track_number) VALUES (2569, 350, 'Partner', 460, 114, 4);
INSERT INTO song (song_id, album_id, name, duration_seconds, bpm, track_number) VALUES (2570, 350, 'Today we', 196, 154, 5);
INSERT INTO song (song_id, album_id, name, duration_seconds, bpm, track_number) VALUES (2571, 350, 'Young inside several', 438, 123, 6);
INSERT INTO album (album_id, artist_id, title, release_year, created_at) VALUES (351, 175, 'Down-sized secondary flexibility', 2014, NOW());
INSERT INTO song (song_id, album_id, name, duration_seconds, bpm, track_number) VALUES (2572, 351, 'Want', 393, 77, 1);
INSERT INTO song (song_id, album_id, name, duration_seconds, bpm, track_number) VALUES (2573, 351, 'Write wall', 433, 103, 2);
INSERT INTO song (song_id, album_id, name, duration_seconds, bpm, track_number) VALUES (2574, 351, 'Piece center', 346, 102, 3);
INSERT INTO song (song_id, album_id, name, duration_seconds, bpm, track_number) VALUES (2575, 351, 'Growth', 141, 72, 4);
INSERT INTO song (song_id, album_id, name, duration_seconds, bpm, track_number) VALUES (2576, 351, 'Lawyer much', 437, 134, 5);
INSERT INTO song (song_id, album_id, name, duration_seconds, bpm, track_number) VALUES (2577, 351, 'Money society', 168, 124, 6);
INSERT INTO album (album_id, artist_id, title, release_year, created_at) VALUES (352, 176, 'Reduced analyzing alliance', 2026, NOW());
INSERT INTO song (song_id, album_id, name, duration_seconds, bpm, track_number) VALUES (2578, 352, 'Physical deep economic', 141, 143, 1);
INSERT INTO song (song_id, album_id, name, duration_seconds, bpm, track_number) VALUES (2579, 352, 'Pull', 460, 143, 2);
INSERT INTO song (song_id, album_id, name, duration_seconds, bpm, track_number) VALUES (2580, 352, 'Ground', 438, 136, 3);
INSERT INTO song (song_id, album_id, name, duration_seconds, bpm, track_number) VALUES (2581, 352, 'They city charge', 480, 78, 4);
INSERT INTO song (song_id, album_id, name, duration_seconds, bpm, track_number) VALUES (2582, 352, 'Offer eye', 153, 152, 5);
INSERT INTO album (album_id, artist_id, title, release_year, created_at) VALUES (353, 177, 'Synergistic dynamic application', 1999, NOW());
INSERT INTO song (song_id, album_id, name, duration_seconds, bpm, track_number) VALUES (2583, 353, 'Attorney million write', 212, 163, 1);
INSERT INTO song (song_id, album_id, name, duration_seconds, bpm, track_number) VALUES (2584, 353, 'Daughter chance wear', 295, 136, 2);
INSERT INTO song (song_id, album_id, name, duration_seconds, bpm, track_number) VALUES (2585, 353, 'Audience far suddenly', 461, 80, 3);
INSERT INTO song (song_id, album_id, name, duration_seconds, bpm, track_number) VALUES (2586, 353, 'Month country yeah partner', 331, 102, 4);
INSERT INTO song (song_id, album_id, name, duration_seconds, bpm, track_number) VALUES (2587, 353, 'Though', 241, 152, 5);
INSERT INTO song (song_id, album_id, name, duration_seconds, bpm, track_number) VALUES (2588, 353, 'Area peace specific', 423, 168, 6);
INSERT INTO song (song_id, album_id, name, duration_seconds, bpm, track_number) VALUES (2589, 353, 'Movie', 424, 123, 7);
INSERT INTO song (song_id, album_id, name, duration_seconds, bpm, track_number) VALUES (2590, 353, 'End', 163, 82, 8);
INSERT INTO song (song_id, album_id, name, duration_seconds, bpm, track_number) VALUES (2591, 353, 'Music', 199, 119, 9);
INSERT INTO song (song_id, album_id, name, duration_seconds, bpm, track_number) VALUES (2592, 353, 'Great', 394, 131, 10);
INSERT INTO album (album_id, artist_id, title, release_year, created_at) VALUES (354, 177, 'Inverse clear-thinking complexity', 2026, NOW());
INSERT INTO song (song_id, album_id, name, duration_seconds, bpm, track_number) VALUES (2593, 354, 'That home', 132, 156, 1);
INSERT INTO song (song_id, album_id, name, duration_seconds, bpm, track_number) VALUES (2594, 354, 'Hand', 183, 149, 2);
INSERT INTO song (song_id, album_id, name, duration_seconds, bpm, track_number) VALUES (2595, 354, 'Education', 201, 114, 3);
INSERT INTO song (song_id, album_id, name, duration_seconds, bpm, track_number) VALUES (2596, 354, 'Pull remember', 242, 179, 4);
INSERT INTO song (song_id, album_id, name, duration_seconds, bpm, track_number) VALUES (2597, 354, 'Seven point', 248, 77, 5);
INSERT INTO song (song_id, album_id, name, duration_seconds, bpm, track_number) VALUES (2598, 354, 'Everything late other', 378, 122, 6);
INSERT INTO song (song_id, album_id, name, duration_seconds, bpm, track_number) VALUES (2599, 354, 'Throughout seven', 262, 74, 7);
INSERT INTO album (album_id, artist_id, title, release_year, created_at) VALUES (355, 177, 'Profit-focused 5thgeneration definition', 1995, NOW());
INSERT INTO song (song_id, album_id, name, duration_seconds, bpm, track_number) VALUES (2600, 355, 'Trouble', 474, 138, 1);
INSERT INTO song (song_id, album_id, name, duration_seconds, bpm, track_number) VALUES (2601, 355, 'Old inside', 168, 109, 2);
INSERT INTO song (song_id, album_id, name, duration_seconds, bpm, track_number) VALUES (2602, 355, 'Different argue', 258, 177, 3);
INSERT INTO song (song_id, album_id, name, duration_seconds, bpm, track_number) VALUES (2603, 355, 'Notice', 262, 106, 4);
INSERT INTO song (song_id, album_id, name, duration_seconds, bpm, track_number) VALUES (2604, 355, 'Network', 285, 147, 5);
INSERT INTO song (song_id, album_id, name, duration_seconds, bpm, track_number) VALUES (2605, 355, 'Likely', 407, 154, 6);
INSERT INTO song (song_id, album_id, name, duration_seconds, bpm, track_number) VALUES (2606, 355, 'Student reach', 226, 104, 7);
INSERT INTO song (song_id, album_id, name, duration_seconds, bpm, track_number) VALUES (2607, 355, 'Each reach south', 352, 98, 8);
INSERT INTO song (song_id, album_id, name, duration_seconds, bpm, track_number) VALUES (2608, 355, 'Probably', 167, 157, 9);
INSERT INTO song (song_id, album_id, name, duration_seconds, bpm, track_number) VALUES (2609, 355, 'Simply listen', 303, 140, 10);
INSERT INTO album (album_id, artist_id, title, release_year, created_at) VALUES (356, 178, 'Optional next generation firmware', 2007, NOW());
INSERT INTO song (song_id, album_id, name, duration_seconds, bpm, track_number) VALUES (2610, 356, 'Tax somebody newspaper', 422, 180, 1);
INSERT INTO song (song_id, album_id, name, duration_seconds, bpm, track_number) VALUES (2611, 356, 'Themselves', 238, 117, 2);
INSERT INTO song (song_id, album_id, name, duration_seconds, bpm, track_number) VALUES (2612, 356, 'Suffer father per fish', 363, 128, 3);
INSERT INTO song (song_id, album_id, name, duration_seconds, bpm, track_number) VALUES (2613, 356, 'Choose challenge', 431, 155, 4);
INSERT INTO song (song_id, album_id, name, duration_seconds, bpm, track_number) VALUES (2614, 356, 'Impact develop cup', 367, 60, 5);
INSERT INTO song (song_id, album_id, name, duration_seconds, bpm, track_number) VALUES (2615, 356, 'Class', 377, 89, 6);
INSERT INTO song (song_id, album_id, name, duration_seconds, bpm, track_number) VALUES (2616, 356, 'Stock nature', 298, 147, 7);
INSERT INTO album (album_id, artist_id, title, release_year, created_at) VALUES (357, 179, 'Customizable responsive productivity', 2014, NOW());
INSERT INTO song (song_id, album_id, name, duration_seconds, bpm, track_number) VALUES (2617, 357, 'Decade charge get deep', 222, 179, 1);
INSERT INTO song (song_id, album_id, name, duration_seconds, bpm, track_number) VALUES (2618, 357, 'Nothing wind', 357, 175, 2);
INSERT INTO song (song_id, album_id, name, duration_seconds, bpm, track_number) VALUES (2619, 357, 'Whose without citizen watch', 242, 90, 3);
INSERT INTO song (song_id, album_id, name, duration_seconds, bpm, track_number) VALUES (2620, 357, 'Space source', 428, 88, 4);
INSERT INTO song (song_id, album_id, name, duration_seconds, bpm, track_number) VALUES (2621, 357, 'Worry turn', 424, 119, 5);
INSERT INTO album (album_id, artist_id, title, release_year, created_at) VALUES (358, 180, 'Realigned interactive moratorium', 1971, NOW());
INSERT INTO song (song_id, album_id, name, duration_seconds, bpm, track_number) VALUES (2622, 358, 'Live later simply a', 452, 165, 1);
INSERT INTO song (song_id, album_id, name, duration_seconds, bpm, track_number) VALUES (2623, 358, 'Until figure', 447, 109, 2);
INSERT INTO song (song_id, album_id, name, duration_seconds, bpm, track_number) VALUES (2624, 358, 'Ever fly kitchen', 127, 110, 3);
INSERT INTO song (song_id, album_id, name, duration_seconds, bpm, track_number) VALUES (2625, 358, 'Pretty', 135, 151, 4);
INSERT INTO song (song_id, album_id, name, duration_seconds, bpm, track_number) VALUES (2626, 358, 'Culture', 272, 110, 5);
INSERT INTO song (song_id, album_id, name, duration_seconds, bpm, track_number) VALUES (2627, 358, 'Behind', 272, 149, 6);
INSERT INTO song (song_id, album_id, name, duration_seconds, bpm, track_number) VALUES (2628, 358, 'Catch', 244, 145, 7);
INSERT INTO song (song_id, album_id, name, duration_seconds, bpm, track_number) VALUES (2629, 358, 'Item face share describe', 413, 119, 8);
INSERT INTO album (album_id, artist_id, title, release_year, created_at) VALUES (359, 180, 'Automated coherent challenge', 1981, NOW());
INSERT INTO song (song_id, album_id, name, duration_seconds, bpm, track_number) VALUES (2630, 359, 'Notice', 452, 152, 1);
INSERT INTO song (song_id, album_id, name, duration_seconds, bpm, track_number) VALUES (2631, 359, 'Provide executive', 437, 84, 2);
INSERT INTO song (song_id, album_id, name, duration_seconds, bpm, track_number) VALUES (2632, 359, 'Admit', 260, 107, 3);
INSERT INTO song (song_id, album_id, name, duration_seconds, bpm, track_number) VALUES (2633, 359, 'Easy daughter', 234, 84, 4);
INSERT INTO song (song_id, album_id, name, duration_seconds, bpm, track_number) VALUES (2634, 359, 'Interview', 155, 170, 5);
INSERT INTO song (song_id, album_id, name, duration_seconds, bpm, track_number) VALUES (2635, 359, 'Development', 164, 147, 6);
INSERT INTO song (song_id, album_id, name, duration_seconds, bpm, track_number) VALUES (2636, 359, 'Watch can power', 383, 84, 7);
INSERT INTO song (song_id, album_id, name, duration_seconds, bpm, track_number) VALUES (2637, 359, 'Practice reveal research', 452, 158, 8);
INSERT INTO song (song_id, album_id, name, duration_seconds, bpm, track_number) VALUES (2638, 359, 'It realize near', 259, 107, 9);
INSERT INTO song (song_id, album_id, name, duration_seconds, bpm, track_number) VALUES (2639, 359, 'Draw source cause ok', 136, 72, 10);
INSERT INTO album (album_id, artist_id, title, release_year, created_at) VALUES (360, 181, 'Profound methodical adapter', 2004, NOW());
INSERT INTO song (song_id, album_id, name, duration_seconds, bpm, track_number) VALUES (2640, 360, 'Speak field', 354, 93, 1);
INSERT INTO song (song_id, album_id, name, duration_seconds, bpm, track_number) VALUES (2641, 360, 'Sit', 126, 148, 2);
INSERT INTO song (song_id, album_id, name, duration_seconds, bpm, track_number) VALUES (2642, 360, 'Should run', 256, 69, 3);
INSERT INTO song (song_id, album_id, name, duration_seconds, bpm, track_number) VALUES (2643, 360, 'Control', 293, 78, 4);
INSERT INTO song (song_id, album_id, name, duration_seconds, bpm, track_number) VALUES (2644, 360, 'Guy', 322, 168, 5);
INSERT INTO album (album_id, artist_id, title, release_year, created_at) VALUES (361, 181, 'Enterprise-wide context-sensitive knowledgebase', 2008, NOW());
INSERT INTO song (song_id, album_id, name, duration_seconds, bpm, track_number) VALUES (2645, 361, 'Detail result threat inside', 318, 157, 1);
INSERT INTO song (song_id, album_id, name, duration_seconds, bpm, track_number) VALUES (2646, 361, 'Whole star ability product', 336, 99, 2);
INSERT INTO song (song_id, album_id, name, duration_seconds, bpm, track_number) VALUES (2647, 361, 'Relate guy figure', 293, 135, 3);
INSERT INTO song (song_id, album_id, name, duration_seconds, bpm, track_number) VALUES (2648, 361, 'Real', 437, 122, 4);
INSERT INTO song (song_id, album_id, name, duration_seconds, bpm, track_number) VALUES (2649, 361, 'Ahead drug capital follow either', 334, 124, 5);
INSERT INTO song (song_id, album_id, name, duration_seconds, bpm, track_number) VALUES (2650, 361, 'Civil song vote', 380, 172, 6);
INSERT INTO song (song_id, album_id, name, duration_seconds, bpm, track_number) VALUES (2651, 361, 'Boy', 207, 152, 7);
INSERT INTO song (song_id, album_id, name, duration_seconds, bpm, track_number) VALUES (2652, 361, 'Often must various six key', 297, 156, 8);
INSERT INTO album (album_id, artist_id, title, release_year, created_at) VALUES (362, 181, 'Reduced bottom-line analyzer', 2005, NOW());
INSERT INTO song (song_id, album_id, name, duration_seconds, bpm, track_number) VALUES (2653, 362, 'Specific a', 450, 171, 1);
INSERT INTO song (song_id, album_id, name, duration_seconds, bpm, track_number) VALUES (2654, 362, 'Cause take', 148, 158, 2);
INSERT INTO song (song_id, album_id, name, duration_seconds, bpm, track_number) VALUES (2655, 362, 'Mouth', 244, 103, 3);
INSERT INTO song (song_id, album_id, name, duration_seconds, bpm, track_number) VALUES (2656, 362, 'For such', 177, 81, 4);
INSERT INTO song (song_id, album_id, name, duration_seconds, bpm, track_number) VALUES (2657, 362, 'Close', 409, 111, 5);
INSERT INTO song (song_id, album_id, name, duration_seconds, bpm, track_number) VALUES (2658, 362, 'Program bit start', 152, 71, 6);
INSERT INTO song (song_id, album_id, name, duration_seconds, bpm, track_number) VALUES (2659, 362, 'Tv beyond trouble', 221, 75, 7);
INSERT INTO song (song_id, album_id, name, duration_seconds, bpm, track_number) VALUES (2660, 362, 'Two attack', 354, 140, 8);
INSERT INTO song (song_id, album_id, name, duration_seconds, bpm, track_number) VALUES (2661, 362, 'Body traditional near', 418, 164, 9);
INSERT INTO album (album_id, artist_id, title, release_year, created_at) VALUES (363, 182, 'Automated 6thgeneration leverage', 2011, NOW());
INSERT INTO song (song_id, album_id, name, duration_seconds, bpm, track_number) VALUES (2662, 363, 'Tv play soldier', 268, 115, 1);
INSERT INTO song (song_id, album_id, name, duration_seconds, bpm, track_number) VALUES (2663, 363, 'Actually attack act', 458, 72, 2);
INSERT INTO song (song_id, album_id, name, duration_seconds, bpm, track_number) VALUES (2664, 363, 'World purpose', 192, 154, 3);
INSERT INTO song (song_id, album_id, name, duration_seconds, bpm, track_number) VALUES (2665, 363, 'None', 127, 176, 4);
INSERT INTO song (song_id, album_id, name, duration_seconds, bpm, track_number) VALUES (2666, 363, 'Between', 319, 178, 5);
INSERT INTO song (song_id, album_id, name, duration_seconds, bpm, track_number) VALUES (2667, 363, 'Another local beat', 241, 173, 6);
INSERT INTO song (song_id, album_id, name, duration_seconds, bpm, track_number) VALUES (2668, 363, 'Play unit benefit age', 130, 65, 7);
INSERT INTO song (song_id, album_id, name, duration_seconds, bpm, track_number) VALUES (2669, 363, 'Value source', 190, 173, 8);
INSERT INTO song (song_id, album_id, name, duration_seconds, bpm, track_number) VALUES (2670, 363, 'Hand a military', 258, 131, 9);
INSERT INTO song (song_id, album_id, name, duration_seconds, bpm, track_number) VALUES (2671, 363, 'Forget suddenly research', 150, 97, 10);
INSERT INTO album (album_id, artist_id, title, release_year, created_at) VALUES (364, 182, 'Focused reciprocal function', 2025, NOW());
INSERT INTO song (song_id, album_id, name, duration_seconds, bpm, track_number) VALUES (2672, 364, 'Picture case activity ready participant', 356, 101, 1);
INSERT INTO song (song_id, album_id, name, duration_seconds, bpm, track_number) VALUES (2673, 364, 'Church election kid', 420, 170, 2);
INSERT INTO song (song_id, album_id, name, duration_seconds, bpm, track_number) VALUES (2674, 364, 'Yet', 437, 74, 3);
INSERT INTO song (song_id, album_id, name, duration_seconds, bpm, track_number) VALUES (2675, 364, 'Some consumer point drug', 465, 121, 4);
INSERT INTO song (song_id, album_id, name, duration_seconds, bpm, track_number) VALUES (2676, 364, 'History tend share', 158, 131, 5);
INSERT INTO song (song_id, album_id, name, duration_seconds, bpm, track_number) VALUES (2677, 364, 'Film', 177, 68, 6);
INSERT INTO album (album_id, artist_id, title, release_year, created_at) VALUES (365, 183, 'Multi-layered 6thgeneration workforce', 1993, NOW());
INSERT INTO song (song_id, album_id, name, duration_seconds, bpm, track_number) VALUES (2678, 365, 'Onto young', 291, 139, 1);
INSERT INTO song (song_id, album_id, name, duration_seconds, bpm, track_number) VALUES (2679, 365, 'Really', 159, 146, 2);
INSERT INTO song (song_id, album_id, name, duration_seconds, bpm, track_number) VALUES (2680, 365, 'Fish', 353, 71, 3);
INSERT INTO song (song_id, album_id, name, duration_seconds, bpm, track_number) VALUES (2681, 365, 'Body', 361, 160, 4);
INSERT INTO song (song_id, album_id, name, duration_seconds, bpm, track_number) VALUES (2682, 365, 'Five', 474, 87, 5);
INSERT INTO song (song_id, album_id, name, duration_seconds, bpm, track_number) VALUES (2683, 365, 'Type', 342, 107, 6);
INSERT INTO song (song_id, album_id, name, duration_seconds, bpm, track_number) VALUES (2684, 365, 'Support', 414, 169, 7);
INSERT INTO album (album_id, artist_id, title, release_year, created_at) VALUES (366, 183, 'Self-enabling cohesive application', 1975, NOW());
INSERT INTO song (song_id, album_id, name, duration_seconds, bpm, track_number) VALUES (2685, 366, 'Effect', 124, 152, 1);
INSERT INTO song (song_id, album_id, name, duration_seconds, bpm, track_number) VALUES (2686, 366, 'Remember they ball sound', 394, 115, 2);
INSERT INTO song (song_id, album_id, name, duration_seconds, bpm, track_number) VALUES (2687, 366, 'Writer', 411, 90, 3);
INSERT INTO song (song_id, album_id, name, duration_seconds, bpm, track_number) VALUES (2688, 366, 'Happen language task', 128, 108, 4);
INSERT INTO song (song_id, album_id, name, duration_seconds, bpm, track_number) VALUES (2689, 366, 'Dark second such yet easy', 253, 77, 5);
INSERT INTO song (song_id, album_id, name, duration_seconds, bpm, track_number) VALUES (2690, 366, 'Society name represent accept', 186, 114, 6);
INSERT INTO song (song_id, album_id, name, duration_seconds, bpm, track_number) VALUES (2691, 366, 'Share thing', 443, 102, 7);
INSERT INTO song (song_id, album_id, name, duration_seconds, bpm, track_number) VALUES (2692, 366, 'Skill notice although effort', 236, 63, 8);
INSERT INTO album (album_id, artist_id, title, release_year, created_at) VALUES (367, 184, 'Polarized human-resource paradigm', 1980, NOW());
INSERT INTO song (song_id, album_id, name, duration_seconds, bpm, track_number) VALUES (2693, 367, 'Wrong father shake', 200, 176, 1);
INSERT INTO song (song_id, album_id, name, duration_seconds, bpm, track_number) VALUES (2694, 367, 'Former', 465, 129, 2);
INSERT INTO song (song_id, album_id, name, duration_seconds, bpm, track_number) VALUES (2695, 367, 'Idea explain', 206, 156, 3);
INSERT INTO song (song_id, album_id, name, duration_seconds, bpm, track_number) VALUES (2696, 367, 'Entire none', 235, 144, 4);
INSERT INTO song (song_id, album_id, name, duration_seconds, bpm, track_number) VALUES (2697, 367, 'Pay', 186, 83, 5);
INSERT INTO song (song_id, album_id, name, duration_seconds, bpm, track_number) VALUES (2698, 367, 'Positive speak particular', 228, 90, 6);
INSERT INTO song (song_id, album_id, name, duration_seconds, bpm, track_number) VALUES (2699, 367, 'Ahead', 190, 132, 7);
INSERT INTO song (song_id, album_id, name, duration_seconds, bpm, track_number) VALUES (2700, 367, 'Before', 278, 109, 8);
INSERT INTO song (song_id, album_id, name, duration_seconds, bpm, track_number) VALUES (2701, 367, 'Appear', 355, 158, 9);
INSERT INTO album (album_id, artist_id, title, release_year, created_at) VALUES (368, 185, 'Persistent cohesive frame', 1995, NOW());
INSERT INTO song (song_id, album_id, name, duration_seconds, bpm, track_number) VALUES (2702, 368, 'Process model institution', 219, 168, 1);
INSERT INTO song (song_id, album_id, name, duration_seconds, bpm, track_number) VALUES (2703, 368, 'Learn', 434, 159, 2);
INSERT INTO song (song_id, album_id, name, duration_seconds, bpm, track_number) VALUES (2704, 368, 'Official couple sea', 352, 88, 3);
INSERT INTO song (song_id, album_id, name, duration_seconds, bpm, track_number) VALUES (2705, 368, 'Whether son community scientist', 195, 163, 4);
INSERT INTO song (song_id, album_id, name, duration_seconds, bpm, track_number) VALUES (2706, 368, 'Although', 452, 81, 5);
INSERT INTO song (song_id, album_id, name, duration_seconds, bpm, track_number) VALUES (2707, 368, 'Political', 194, 98, 6);
INSERT INTO album (album_id, artist_id, title, release_year, created_at) VALUES (369, 186, 'Profound zero-defect website', 2021, NOW());
INSERT INTO song (song_id, album_id, name, duration_seconds, bpm, track_number) VALUES (2708, 369, 'Move country', 246, 77, 1);
INSERT INTO song (song_id, album_id, name, duration_seconds, bpm, track_number) VALUES (2709, 369, 'Certain', 210, 84, 2);
INSERT INTO song (song_id, album_id, name, duration_seconds, bpm, track_number) VALUES (2710, 369, 'Quality couple', 175, 61, 3);
INSERT INTO song (song_id, album_id, name, duration_seconds, bpm, track_number) VALUES (2711, 369, 'Street politics', 394, 100, 4);
INSERT INTO song (song_id, album_id, name, duration_seconds, bpm, track_number) VALUES (2712, 369, 'Far tend', 172, 91, 5);
INSERT INTO song (song_id, album_id, name, duration_seconds, bpm, track_number) VALUES (2713, 369, 'School', 293, 168, 6);
INSERT INTO song (song_id, album_id, name, duration_seconds, bpm, track_number) VALUES (2714, 369, 'Area wait', 315, 151, 7);
INSERT INTO song (song_id, album_id, name, duration_seconds, bpm, track_number) VALUES (2715, 369, 'Recently place', 279, 174, 8);
INSERT INTO song (song_id, album_id, name, duration_seconds, bpm, track_number) VALUES (2716, 369, 'Sport blood', 457, 141, 9);
INSERT INTO album (album_id, artist_id, title, release_year, created_at) VALUES (370, 186, 'Business-focused heuristic hierarchy', 2005, NOW());
INSERT INTO song (song_id, album_id, name, duration_seconds, bpm, track_number) VALUES (2717, 370, 'Never', 458, 95, 1);
INSERT INTO song (song_id, album_id, name, duration_seconds, bpm, track_number) VALUES (2718, 370, 'Event', 372, 156, 2);
INSERT INTO song (song_id, album_id, name, duration_seconds, bpm, track_number) VALUES (2719, 370, 'Career water', 232, 142, 3);
INSERT INTO song (song_id, album_id, name, duration_seconds, bpm, track_number) VALUES (2720, 370, 'Air', 272, 106, 4);
INSERT INTO song (song_id, album_id, name, duration_seconds, bpm, track_number) VALUES (2721, 370, 'Within', 430, 154, 5);
INSERT INTO song (song_id, album_id, name, duration_seconds, bpm, track_number) VALUES (2722, 370, 'Own memory I', 145, 82, 6);
INSERT INTO album (album_id, artist_id, title, release_year, created_at) VALUES (371, 187, 'Function-based 4thgeneration paradigm', 1998, NOW());
INSERT INTO song (song_id, album_id, name, duration_seconds, bpm, track_number) VALUES (2723, 371, 'Resource before', 410, 116, 1);
INSERT INTO song (song_id, album_id, name, duration_seconds, bpm, track_number) VALUES (2724, 371, 'Example', 457, 112, 2);
INSERT INTO song (song_id, album_id, name, duration_seconds, bpm, track_number) VALUES (2725, 371, 'By so', 356, 72, 3);
INSERT INTO song (song_id, album_id, name, duration_seconds, bpm, track_number) VALUES (2726, 371, 'Recently man grow ahead', 198, 129, 4);
INSERT INTO song (song_id, album_id, name, duration_seconds, bpm, track_number) VALUES (2727, 371, 'Wife instead', 475, 165, 5);
INSERT INTO song (song_id, album_id, name, duration_seconds, bpm, track_number) VALUES (2728, 371, 'All trial firm start', 274, 127, 6);
INSERT INTO song (song_id, album_id, name, duration_seconds, bpm, track_number) VALUES (2729, 371, 'Address same charge', 209, 130, 7);
INSERT INTO album (album_id, artist_id, title, release_year, created_at) VALUES (372, 187, 'Inverse tangible Internet solution', 1995, NOW());
INSERT INTO song (song_id, album_id, name, duration_seconds, bpm, track_number) VALUES (2730, 372, 'Those Democrat last behavior', 363, 80, 1);
INSERT INTO song (song_id, album_id, name, duration_seconds, bpm, track_number) VALUES (2731, 372, 'Win', 432, 138, 2);
INSERT INTO song (song_id, album_id, name, duration_seconds, bpm, track_number) VALUES (2732, 372, 'Goal', 204, 174, 3);
INSERT INTO song (song_id, album_id, name, duration_seconds, bpm, track_number) VALUES (2733, 372, 'Light', 469, 84, 4);
INSERT INTO song (song_id, album_id, name, duration_seconds, bpm, track_number) VALUES (2734, 372, 'Determine', 149, 103, 5);
INSERT INTO song (song_id, album_id, name, duration_seconds, bpm, track_number) VALUES (2735, 372, 'Bit', 339, 129, 6);
INSERT INTO song (song_id, album_id, name, duration_seconds, bpm, track_number) VALUES (2736, 372, 'Green', 374, 117, 7);
INSERT INTO song (song_id, album_id, name, duration_seconds, bpm, track_number) VALUES (2737, 372, 'Structure every', 282, 112, 8);
INSERT INTO song (song_id, album_id, name, duration_seconds, bpm, track_number) VALUES (2738, 372, 'Staff', 257, 143, 9);
INSERT INTO album (album_id, artist_id, title, release_year, created_at) VALUES (373, 188, 'Upgradable upward-trending moratorium', 2024, NOW());
INSERT INTO song (song_id, album_id, name, duration_seconds, bpm, track_number) VALUES (2739, 373, 'Force several treatment program', 301, 74, 1);
INSERT INTO song (song_id, album_id, name, duration_seconds, bpm, track_number) VALUES (2740, 373, 'Cell', 320, 178, 2);
INSERT INTO song (song_id, album_id, name, duration_seconds, bpm, track_number) VALUES (2741, 373, 'Everything become', 375, 157, 3);
INSERT INTO song (song_id, album_id, name, duration_seconds, bpm, track_number) VALUES (2742, 373, 'Maybe yourself act', 306, 113, 4);
INSERT INTO song (song_id, album_id, name, duration_seconds, bpm, track_number) VALUES (2743, 373, 'Night result project', 150, 153, 5);
INSERT INTO song (song_id, album_id, name, duration_seconds, bpm, track_number) VALUES (2744, 373, 'Turn about', 387, 160, 6);
INSERT INTO song (song_id, album_id, name, duration_seconds, bpm, track_number) VALUES (2745, 373, 'Nothing morning reveal professional', 430, 93, 7);
INSERT INTO album (album_id, artist_id, title, release_year, created_at) VALUES (374, 188, 'Multi-layered clear-thinking challenge', 1973, NOW());
INSERT INTO song (song_id, album_id, name, duration_seconds, bpm, track_number) VALUES (2746, 374, 'Big month here', 298, 148, 1);
INSERT INTO song (song_id, album_id, name, duration_seconds, bpm, track_number) VALUES (2747, 374, 'As national', 288, 165, 2);
INSERT INTO song (song_id, album_id, name, duration_seconds, bpm, track_number) VALUES (2748, 374, 'Necessary personal Mr understand', 415, 155, 3);
INSERT INTO song (song_id, album_id, name, duration_seconds, bpm, track_number) VALUES (2749, 374, 'Last daughter long', 353, 110, 4);
INSERT INTO song (song_id, album_id, name, duration_seconds, bpm, track_number) VALUES (2750, 374, 'Coach', 396, 62, 5);
INSERT INTO song (song_id, album_id, name, duration_seconds, bpm, track_number) VALUES (2751, 374, 'Author', 236, 143, 6);
INSERT INTO song (song_id, album_id, name, duration_seconds, bpm, track_number) VALUES (2752, 374, 'Property', 347, 172, 7);
INSERT INTO album (album_id, artist_id, title, release_year, created_at) VALUES (375, 189, 'Enhanced national definition', 2011, NOW());
INSERT INTO song (song_id, album_id, name, duration_seconds, bpm, track_number) VALUES (2753, 375, 'Year', 451, 141, 1);
INSERT INTO song (song_id, album_id, name, duration_seconds, bpm, track_number) VALUES (2754, 375, 'Friend floor oil call accept', 225, 74, 2);
INSERT INTO song (song_id, album_id, name, duration_seconds, bpm, track_number) VALUES (2755, 375, 'Figure respond', 456, 136, 3);
INSERT INTO song (song_id, album_id, name, duration_seconds, bpm, track_number) VALUES (2756, 375, 'Opportunity again', 239, 179, 4);
INSERT INTO song (song_id, album_id, name, duration_seconds, bpm, track_number) VALUES (2757, 375, 'Soldier memory', 326, 60, 5);
INSERT INTO song (song_id, album_id, name, duration_seconds, bpm, track_number) VALUES (2758, 375, 'Official over', 291, 108, 6);
INSERT INTO song (song_id, album_id, name, duration_seconds, bpm, track_number) VALUES (2759, 375, 'Budget', 403, 143, 7);
INSERT INTO song (song_id, album_id, name, duration_seconds, bpm, track_number) VALUES (2760, 375, 'Professional', 480, 96, 8);
INSERT INTO song (song_id, album_id, name, duration_seconds, bpm, track_number) VALUES (2761, 375, 'Agent', 249, 75, 9);
INSERT INTO album (album_id, artist_id, title, release_year, created_at) VALUES (376, 190, 'Reverse-engineered contextually-based service-desk', 2005, NOW());
INSERT INTO song (song_id, album_id, name, duration_seconds, bpm, track_number) VALUES (2762, 376, 'Politics', 344, 92, 1);
INSERT INTO song (song_id, album_id, name, duration_seconds, bpm, track_number) VALUES (2763, 376, 'Idea yourself', 438, 72, 2);
INSERT INTO song (song_id, album_id, name, duration_seconds, bpm, track_number) VALUES (2764, 376, 'Report', 311, 128, 3);
INSERT INTO song (song_id, album_id, name, duration_seconds, bpm, track_number) VALUES (2765, 376, 'School', 366, 131, 4);
INSERT INTO song (song_id, album_id, name, duration_seconds, bpm, track_number) VALUES (2766, 376, 'Ever next establish', 243, 109, 5);
INSERT INTO song (song_id, album_id, name, duration_seconds, bpm, track_number) VALUES (2767, 376, 'Improve', 326, 176, 6);
INSERT INTO song (song_id, album_id, name, duration_seconds, bpm, track_number) VALUES (2768, 376, 'Attack', 129, 148, 7);
INSERT INTO song (song_id, album_id, name, duration_seconds, bpm, track_number) VALUES (2769, 376, 'Soon', 207, 141, 8);
INSERT INTO song (song_id, album_id, name, duration_seconds, bpm, track_number) VALUES (2770, 376, 'System', 260, 130, 9);
INSERT INTO song (song_id, album_id, name, duration_seconds, bpm, track_number) VALUES (2771, 376, 'Report during final rest', 299, 89, 10);
INSERT INTO album (album_id, artist_id, title, release_year, created_at) VALUES (377, 190, 'Multi-tiered responsive structure', 1998, NOW());
INSERT INTO song (song_id, album_id, name, duration_seconds, bpm, track_number) VALUES (2772, 377, 'Issue', 339, 179, 1);
INSERT INTO song (song_id, album_id, name, duration_seconds, bpm, track_number) VALUES (2773, 377, 'Key magazine such', 465, 66, 2);
INSERT INTO song (song_id, album_id, name, duration_seconds, bpm, track_number) VALUES (2774, 377, 'May seat beautiful', 439, 136, 3);
INSERT INTO song (song_id, album_id, name, duration_seconds, bpm, track_number) VALUES (2775, 377, 'Tree', 320, 122, 4);
INSERT INTO song (song_id, album_id, name, duration_seconds, bpm, track_number) VALUES (2776, 377, 'History', 183, 119, 5);
INSERT INTO song (song_id, album_id, name, duration_seconds, bpm, track_number) VALUES (2777, 377, 'Either', 381, 178, 6);
INSERT INTO song (song_id, album_id, name, duration_seconds, bpm, track_number) VALUES (2778, 377, 'Radio learn', 179, 90, 7);
INSERT INTO song (song_id, album_id, name, duration_seconds, bpm, track_number) VALUES (2779, 377, 'Audience top', 378, 66, 8);
INSERT INTO song (song_id, album_id, name, duration_seconds, bpm, track_number) VALUES (2780, 377, 'High painting them group', 212, 133, 9);
INSERT INTO album (album_id, artist_id, title, release_year, created_at) VALUES (378, 191, 'Distributed hybrid groupware', 2014, NOW());
INSERT INTO song (song_id, album_id, name, duration_seconds, bpm, track_number) VALUES (2781, 378, 'Tree', 234, 169, 1);
INSERT INTO song (song_id, album_id, name, duration_seconds, bpm, track_number) VALUES (2782, 378, 'Throughout air economy talk', 356, 131, 2);
INSERT INTO song (song_id, album_id, name, duration_seconds, bpm, track_number) VALUES (2783, 378, 'Keep situation', 408, 161, 3);
INSERT INTO song (song_id, album_id, name, duration_seconds, bpm, track_number) VALUES (2784, 378, 'Born big', 134, 87, 4);
INSERT INTO song (song_id, album_id, name, duration_seconds, bpm, track_number) VALUES (2785, 378, 'Decision always', 442, 61, 5);
INSERT INTO song (song_id, album_id, name, duration_seconds, bpm, track_number) VALUES (2786, 378, 'Eye', 480, 173, 6);
INSERT INTO song (song_id, album_id, name, duration_seconds, bpm, track_number) VALUES (2787, 378, 'Now down', 272, 179, 7);
INSERT INTO song (song_id, album_id, name, duration_seconds, bpm, track_number) VALUES (2788, 378, 'Just', 244, 159, 8);
INSERT INTO album (album_id, artist_id, title, release_year, created_at) VALUES (379, 192, 'Mandatory value-added firmware', 2006, NOW());
INSERT INTO song (song_id, album_id, name, duration_seconds, bpm, track_number) VALUES (2789, 379, 'Investment', 218, 107, 1);
INSERT INTO song (song_id, album_id, name, duration_seconds, bpm, track_number) VALUES (2790, 379, 'Process give language', 350, 139, 2);
INSERT INTO song (song_id, album_id, name, duration_seconds, bpm, track_number) VALUES (2791, 379, 'Western eat', 295, 77, 3);
INSERT INTO song (song_id, album_id, name, duration_seconds, bpm, track_number) VALUES (2792, 379, 'Beat', 444, 89, 4);
INSERT INTO song (song_id, album_id, name, duration_seconds, bpm, track_number) VALUES (2793, 379, 'Movie', 257, 63, 5);
INSERT INTO song (song_id, album_id, name, duration_seconds, bpm, track_number) VALUES (2794, 379, 'Hospital', 210, 159, 6);
INSERT INTO album (album_id, artist_id, title, release_year, created_at) VALUES (380, 193, 'Progressive demand-driven array', 1978, NOW());
INSERT INTO song (song_id, album_id, name, duration_seconds, bpm, track_number) VALUES (2795, 380, 'Talk through', 444, 122, 1);
INSERT INTO song (song_id, album_id, name, duration_seconds, bpm, track_number) VALUES (2796, 380, 'Usually threat', 161, 163, 2);
INSERT INTO song (song_id, album_id, name, duration_seconds, bpm, track_number) VALUES (2797, 380, 'Describe', 456, 159, 3);
INSERT INTO song (song_id, album_id, name, duration_seconds, bpm, track_number) VALUES (2798, 380, 'To trip require mouth', 215, 121, 4);
INSERT INTO song (song_id, album_id, name, duration_seconds, bpm, track_number) VALUES (2799, 380, 'Director push', 247, 110, 5);
INSERT INTO song (song_id, album_id, name, duration_seconds, bpm, track_number) VALUES (2800, 380, 'Light available then', 432, 148, 6);
INSERT INTO album (album_id, artist_id, title, release_year, created_at) VALUES (381, 194, 'Object-based heuristic function', 2022, NOW());
INSERT INTO song (song_id, album_id, name, duration_seconds, bpm, track_number) VALUES (2801, 381, 'Once parent will we', 178, 137, 1);
INSERT INTO song (song_id, album_id, name, duration_seconds, bpm, track_number) VALUES (2802, 381, 'Family', 383, 137, 2);
INSERT INTO song (song_id, album_id, name, duration_seconds, bpm, track_number) VALUES (2803, 381, 'Rate sense boy', 278, 127, 3);
INSERT INTO song (song_id, album_id, name, duration_seconds, bpm, track_number) VALUES (2804, 381, 'Agent moment recognize place', 415, 176, 4);
INSERT INTO song (song_id, album_id, name, duration_seconds, bpm, track_number) VALUES (2805, 381, 'Least', 150, 159, 5);
INSERT INTO song (song_id, album_id, name, duration_seconds, bpm, track_number) VALUES (2806, 381, 'Information today', 255, 176, 6);
INSERT INTO album (album_id, artist_id, title, release_year, created_at) VALUES (382, 194, 'Digitized dedicated function', 2014, NOW());
INSERT INTO song (song_id, album_id, name, duration_seconds, bpm, track_number) VALUES (2807, 382, 'Rise', 356, 169, 1);
INSERT INTO song (song_id, album_id, name, duration_seconds, bpm, track_number) VALUES (2808, 382, 'Election', 126, 93, 2);
INSERT INTO song (song_id, album_id, name, duration_seconds, bpm, track_number) VALUES (2809, 382, 'Resource camera', 232, 175, 3);
INSERT INTO song (song_id, album_id, name, duration_seconds, bpm, track_number) VALUES (2810, 382, 'Personal specific', 286, 82, 4);
INSERT INTO song (song_id, album_id, name, duration_seconds, bpm, track_number) VALUES (2811, 382, 'Meet like table', 375, 94, 5);
INSERT INTO song (song_id, album_id, name, duration_seconds, bpm, track_number) VALUES (2812, 382, 'Sing ago well', 334, 160, 6);
INSERT INTO song (song_id, album_id, name, duration_seconds, bpm, track_number) VALUES (2813, 382, 'Recent', 145, 87, 7);
INSERT INTO song (song_id, album_id, name, duration_seconds, bpm, track_number) VALUES (2814, 382, 'Wind alone', 477, 92, 8);
INSERT INTO album (album_id, artist_id, title, release_year, created_at) VALUES (383, 195, 'Fundamental grid-enabled application', 2001, NOW());
INSERT INTO song (song_id, album_id, name, duration_seconds, bpm, track_number) VALUES (2815, 383, 'My ability daughter', 167, 98, 1);
INSERT INTO song (song_id, album_id, name, duration_seconds, bpm, track_number) VALUES (2816, 383, 'Energy', 159, 75, 2);
INSERT INTO song (song_id, album_id, name, duration_seconds, bpm, track_number) VALUES (2817, 383, 'Be product', 310, 110, 3);
INSERT INTO song (song_id, album_id, name, duration_seconds, bpm, track_number) VALUES (2818, 383, 'Pay', 327, 92, 4);
INSERT INTO song (song_id, album_id, name, duration_seconds, bpm, track_number) VALUES (2819, 383, 'Red floor raise', 355, 120, 5);
INSERT INTO song (song_id, album_id, name, duration_seconds, bpm, track_number) VALUES (2820, 383, 'Before', 400, 127, 6);
INSERT INTO song (song_id, album_id, name, duration_seconds, bpm, track_number) VALUES (2821, 383, 'Attorney big relationship', 419, 73, 7);
INSERT INTO song (song_id, album_id, name, duration_seconds, bpm, track_number) VALUES (2822, 383, 'Prove someone property', 192, 76, 8);
INSERT INTO song (song_id, album_id, name, duration_seconds, bpm, track_number) VALUES (2823, 383, 'Customer', 314, 84, 9);
INSERT INTO song (song_id, album_id, name, duration_seconds, bpm, track_number) VALUES (2824, 383, 'Up if', 451, 129, 10);
INSERT INTO album (album_id, artist_id, title, release_year, created_at) VALUES (384, 195, 'Distributed reciprocal analyzer', 2007, NOW());
INSERT INTO song (song_id, album_id, name, duration_seconds, bpm, track_number) VALUES (2825, 384, 'Material', 242, 118, 1);
INSERT INTO song (song_id, album_id, name, duration_seconds, bpm, track_number) VALUES (2826, 384, 'Understand', 316, 76, 2);
INSERT INTO song (song_id, album_id, name, duration_seconds, bpm, track_number) VALUES (2827, 384, 'Do style range go expert', 441, 69, 3);
INSERT INTO song (song_id, album_id, name, duration_seconds, bpm, track_number) VALUES (2828, 384, 'Yard rich', 298, 148, 4);
INSERT INTO song (song_id, album_id, name, duration_seconds, bpm, track_number) VALUES (2829, 384, 'Interest', 239, 124, 5);
INSERT INTO song (song_id, album_id, name, duration_seconds, bpm, track_number) VALUES (2830, 384, 'Collection surface', 146, 130, 6);
INSERT INTO song (song_id, album_id, name, duration_seconds, bpm, track_number) VALUES (2831, 384, 'Assume task', 262, 133, 7);
INSERT INTO song (song_id, album_id, name, duration_seconds, bpm, track_number) VALUES (2832, 384, 'Article', 385, 174, 8);
INSERT INTO song (song_id, album_id, name, duration_seconds, bpm, track_number) VALUES (2833, 384, 'Worry', 418, 169, 9);
INSERT INTO song (song_id, album_id, name, duration_seconds, bpm, track_number) VALUES (2834, 384, 'Example', 472, 66, 10);
INSERT INTO album (album_id, artist_id, title, release_year, created_at) VALUES (385, 196, 'Exclusive heuristic pricing structure', 2009, NOW());
INSERT INTO song (song_id, album_id, name, duration_seconds, bpm, track_number) VALUES (2835, 385, 'Mr', 283, 132, 1);
INSERT INTO song (song_id, album_id, name, duration_seconds, bpm, track_number) VALUES (2836, 385, 'How', 177, 68, 2);
INSERT INTO song (song_id, album_id, name, duration_seconds, bpm, track_number) VALUES (2837, 385, 'Teach himself', 265, 78, 3);
INSERT INTO song (song_id, album_id, name, duration_seconds, bpm, track_number) VALUES (2838, 385, 'Million of lose move energy', 298, 95, 4);
INSERT INTO song (song_id, album_id, name, duration_seconds, bpm, track_number) VALUES (2839, 385, 'Think reflect explain instead', 386, 168, 5);
INSERT INTO album (album_id, artist_id, title, release_year, created_at) VALUES (386, 196, 'Synergized user-facing Graphic Interface', 2013, NOW());
INSERT INTO song (song_id, album_id, name, duration_seconds, bpm, track_number) VALUES (2840, 386, 'Difference campaign', 384, 141, 1);
INSERT INTO song (song_id, album_id, name, duration_seconds, bpm, track_number) VALUES (2841, 386, 'Color', 144, 155, 2);
INSERT INTO song (song_id, album_id, name, duration_seconds, bpm, track_number) VALUES (2842, 386, 'Age', 187, 79, 3);
INSERT INTO song (song_id, album_id, name, duration_seconds, bpm, track_number) VALUES (2843, 386, 'Deep TV moment recognize', 345, 121, 4);
INSERT INTO song (song_id, album_id, name, duration_seconds, bpm, track_number) VALUES (2844, 386, 'American camera', 380, 67, 5);
INSERT INTO song (song_id, album_id, name, duration_seconds, bpm, track_number) VALUES (2845, 386, 'Arm', 445, 129, 6);
INSERT INTO song (song_id, album_id, name, duration_seconds, bpm, track_number) VALUES (2846, 386, 'Season', 331, 84, 7);
INSERT INTO song (song_id, album_id, name, duration_seconds, bpm, track_number) VALUES (2847, 386, 'Trade general then', 366, 68, 8);
INSERT INTO album (album_id, artist_id, title, release_year, created_at) VALUES (387, 197, 'Ergonomic global approach', 1972, NOW());
INSERT INTO song (song_id, album_id, name, duration_seconds, bpm, track_number) VALUES (2848, 387, 'Represent center', 158, 86, 1);
INSERT INTO song (song_id, album_id, name, duration_seconds, bpm, track_number) VALUES (2849, 387, 'Spring protect learn', 405, 94, 2);
INSERT INTO song (song_id, album_id, name, duration_seconds, bpm, track_number) VALUES (2850, 387, 'Fine care', 441, 178, 3);
INSERT INTO song (song_id, album_id, name, duration_seconds, bpm, track_number) VALUES (2851, 387, 'Wife thus indicate seem', 149, 130, 4);
INSERT INTO song (song_id, album_id, name, duration_seconds, bpm, track_number) VALUES (2852, 387, 'Tough', 427, 170, 5);
INSERT INTO song (song_id, album_id, name, duration_seconds, bpm, track_number) VALUES (2853, 387, 'Effect foreign sport', 308, 132, 6);
INSERT INTO song (song_id, album_id, name, duration_seconds, bpm, track_number) VALUES (2854, 387, 'Front and you', 432, 82, 7);
INSERT INTO album (album_id, artist_id, title, release_year, created_at) VALUES (388, 197, 'Switchable bandwidth-monitored secured line', 2016, NOW());
INSERT INTO song (song_id, album_id, name, duration_seconds, bpm, track_number) VALUES (2855, 388, 'Cup art hundred necessary example', 172, 150, 1);
INSERT INTO song (song_id, album_id, name, duration_seconds, bpm, track_number) VALUES (2856, 388, 'Market population', 345, 168, 2);
INSERT INTO song (song_id, album_id, name, duration_seconds, bpm, track_number) VALUES (2857, 388, 'Throw', 403, 108, 3);
INSERT INTO song (song_id, album_id, name, duration_seconds, bpm, track_number) VALUES (2858, 388, 'Specific', 236, 169, 4);
INSERT INTO song (song_id, album_id, name, duration_seconds, bpm, track_number) VALUES (2859, 388, 'Sometimes Democrat find memory', 254, 163, 5);
INSERT INTO song (song_id, album_id, name, duration_seconds, bpm, track_number) VALUES (2860, 388, 'Answer', 414, 122, 6);
INSERT INTO album (album_id, artist_id, title, release_year, created_at) VALUES (389, 197, 'Multi-layered responsive definition', 2020, NOW());
INSERT INTO song (song_id, album_id, name, duration_seconds, bpm, track_number) VALUES (2861, 389, 'Economic education go', 148, 84, 1);
INSERT INTO song (song_id, album_id, name, duration_seconds, bpm, track_number) VALUES (2862, 389, 'Happen enter huge', 229, 154, 2);
INSERT INTO song (song_id, album_id, name, duration_seconds, bpm, track_number) VALUES (2863, 389, 'Technology speak doctor long', 364, 88, 3);
INSERT INTO song (song_id, album_id, name, duration_seconds, bpm, track_number) VALUES (2864, 389, 'While family peace', 257, 97, 4);
INSERT INTO song (song_id, album_id, name, duration_seconds, bpm, track_number) VALUES (2865, 389, 'Picture', 455, 91, 5);
INSERT INTO song (song_id, album_id, name, duration_seconds, bpm, track_number) VALUES (2866, 389, 'Yeah watch expert establish', 302, 127, 6);
INSERT INTO song (song_id, album_id, name, duration_seconds, bpm, track_number) VALUES (2867, 389, 'Among', 211, 121, 7);
INSERT INTO song (song_id, album_id, name, duration_seconds, bpm, track_number) VALUES (2868, 389, 'Various', 230, 100, 8);
INSERT INTO song (song_id, album_id, name, duration_seconds, bpm, track_number) VALUES (2869, 389, 'Operation', 467, 148, 9);
INSERT INTO song (song_id, album_id, name, duration_seconds, bpm, track_number) VALUES (2870, 389, 'Old', 440, 129, 10);
INSERT INTO album (album_id, artist_id, title, release_year, created_at) VALUES (390, 198, 'Progressive well-modulated alliance', 1975, NOW());
INSERT INTO song (song_id, album_id, name, duration_seconds, bpm, track_number) VALUES (2871, 390, 'Easy', 160, 73, 1);
INSERT INTO song (song_id, album_id, name, duration_seconds, bpm, track_number) VALUES (2872, 390, 'Quickly rule', 207, 121, 2);
INSERT INTO song (song_id, album_id, name, duration_seconds, bpm, track_number) VALUES (2873, 390, 'Arrive', 215, 116, 3);
INSERT INTO song (song_id, album_id, name, duration_seconds, bpm, track_number) VALUES (2874, 390, 'Wait', 260, 71, 4);
INSERT INTO song (song_id, album_id, name, duration_seconds, bpm, track_number) VALUES (2875, 390, 'Thought right', 458, 109, 5);
INSERT INTO song (song_id, album_id, name, duration_seconds, bpm, track_number) VALUES (2876, 390, 'Seat', 121, 69, 6);
INSERT INTO song (song_id, album_id, name, duration_seconds, bpm, track_number) VALUES (2877, 390, 'Language simply pretty', 163, 96, 7);
INSERT INTO album (album_id, artist_id, title, release_year, created_at) VALUES (391, 199, 'User-centric asynchronous firmware', 1994, NOW());
INSERT INTO song (song_id, album_id, name, duration_seconds, bpm, track_number) VALUES (2878, 391, 'Social happen news', 421, 154, 1);
INSERT INTO song (song_id, album_id, name, duration_seconds, bpm, track_number) VALUES (2879, 391, 'Every choice call', 259, 155, 2);
INSERT INTO song (song_id, album_id, name, duration_seconds, bpm, track_number) VALUES (2880, 391, 'Soldier', 364, 129, 3);
INSERT INTO song (song_id, album_id, name, duration_seconds, bpm, track_number) VALUES (2881, 391, 'Occur', 385, 145, 4);
INSERT INTO song (song_id, album_id, name, duration_seconds, bpm, track_number) VALUES (2882, 391, 'War', 359, 125, 5);
INSERT INTO song (song_id, album_id, name, duration_seconds, bpm, track_number) VALUES (2883, 391, 'Social', 455, 93, 6);
INSERT INTO song (song_id, album_id, name, duration_seconds, bpm, track_number) VALUES (2884, 391, 'Bar matter', 252, 151, 7);
INSERT INTO song (song_id, album_id, name, duration_seconds, bpm, track_number) VALUES (2885, 391, 'Feeling', 419, 106, 8);
INSERT INTO song (song_id, album_id, name, duration_seconds, bpm, track_number) VALUES (2886, 391, 'Color', 478, 63, 9);
INSERT INTO song (song_id, album_id, name, duration_seconds, bpm, track_number) VALUES (2887, 391, 'Person ball', 296, 65, 10);
INSERT INTO album (album_id, artist_id, title, release_year, created_at) VALUES (392, 199, 'Distributed web-enabled Graphic Interface', 1977, NOW());
INSERT INTO song (song_id, album_id, name, duration_seconds, bpm, track_number) VALUES (2888, 392, 'Describe commercial then actually tonight', 440, 99, 1);
INSERT INTO song (song_id, album_id, name, duration_seconds, bpm, track_number) VALUES (2889, 392, 'Test', 403, 135, 2);
INSERT INTO song (song_id, album_id, name, duration_seconds, bpm, track_number) VALUES (2890, 392, 'Perform', 371, 121, 3);
INSERT INTO song (song_id, album_id, name, duration_seconds, bpm, track_number) VALUES (2891, 392, 'Drive his', 398, 115, 4);
INSERT INTO song (song_id, album_id, name, duration_seconds, bpm, track_number) VALUES (2892, 392, 'Model turn', 382, 105, 5);
INSERT INTO song (song_id, album_id, name, duration_seconds, bpm, track_number) VALUES (2893, 392, 'Stuff including born occur kind', 229, 163, 6);
INSERT INTO song (song_id, album_id, name, duration_seconds, bpm, track_number) VALUES (2894, 392, 'Threat guy', 232, 170, 7);
INSERT INTO song (song_id, album_id, name, duration_seconds, bpm, track_number) VALUES (2895, 392, 'You price visit bad', 431, 93, 8);
INSERT INTO song (song_id, album_id, name, duration_seconds, bpm, track_number) VALUES (2896, 392, 'Appear great card', 305, 133, 9);
INSERT INTO song (song_id, album_id, name, duration_seconds, bpm, track_number) VALUES (2897, 392, 'These impact TV think', 308, 81, 10);
INSERT INTO album (album_id, artist_id, title, release_year, created_at) VALUES (393, 199, 'Enterprise-wide holistic throughput', 2002, NOW());
INSERT INTO song (song_id, album_id, name, duration_seconds, bpm, track_number) VALUES (2898, 393, 'Artist', 410, 150, 1);
INSERT INTO song (song_id, album_id, name, duration_seconds, bpm, track_number) VALUES (2899, 393, 'Drug bit director himself', 413, 174, 2);
INSERT INTO song (song_id, album_id, name, duration_seconds, bpm, track_number) VALUES (2900, 393, 'Remain', 409, 87, 3);
INSERT INTO song (song_id, album_id, name, duration_seconds, bpm, track_number) VALUES (2901, 393, 'Interesting put case family', 302, 119, 4);
INSERT INTO song (song_id, album_id, name, duration_seconds, bpm, track_number) VALUES (2902, 393, 'Herself cover business', 242, 112, 5);
INSERT INTO song (song_id, album_id, name, duration_seconds, bpm, track_number) VALUES (2903, 393, 'Sing eye game democratic be', 346, 135, 6);
INSERT INTO album (album_id, artist_id, title, release_year, created_at) VALUES (394, 200, 'Down-sized system-worthy knowledgebase', 2018, NOW());
INSERT INTO song (song_id, album_id, name, duration_seconds, bpm, track_number) VALUES (2904, 394, 'Stock until account success guy', 441, 111, 1);
INSERT INTO song (song_id, album_id, name, duration_seconds, bpm, track_number) VALUES (2905, 394, 'Close full stop consider drop', 391, 172, 2);
INSERT INTO song (song_id, album_id, name, duration_seconds, bpm, track_number) VALUES (2906, 394, 'Senior how tell', 246, 143, 3);
INSERT INTO song (song_id, album_id, name, duration_seconds, bpm, track_number) VALUES (2907, 394, 'Figure cultural physical', 190, 104, 4);
INSERT INTO song (song_id, album_id, name, duration_seconds, bpm, track_number) VALUES (2908, 394, 'Seat', 304, 62, 5);
INSERT INTO song (song_id, album_id, name, duration_seconds, bpm, track_number) VALUES (2909, 394, 'Drive', 338, 109, 6);
INSERT INTO song (song_id, album_id, name, duration_seconds, bpm, track_number) VALUES (2910, 394, 'Possible simply', 330, 71, 7);
INSERT INTO album (album_id, artist_id, title, release_year, created_at) VALUES (395, 201, 'Digitized fault-tolerant forecast', 2003, NOW());
INSERT INTO song (song_id, album_id, name, duration_seconds, bpm, track_number) VALUES (2911, 395, 'Woman foreign', 226, 111, 1);
INSERT INTO song (song_id, album_id, name, duration_seconds, bpm, track_number) VALUES (2912, 395, 'Second increase live school', 378, 71, 2);
INSERT INTO song (song_id, album_id, name, duration_seconds, bpm, track_number) VALUES (2913, 395, 'Food', 346, 89, 3);
INSERT INTO song (song_id, album_id, name, duration_seconds, bpm, track_number) VALUES (2914, 395, 'Center share', 122, 115, 4);
INSERT INTO song (song_id, album_id, name, duration_seconds, bpm, track_number) VALUES (2915, 395, 'Half', 249, 149, 5);
INSERT INTO song (song_id, album_id, name, duration_seconds, bpm, track_number) VALUES (2916, 395, 'Certainly economic', 320, 60, 6);
INSERT INTO song (song_id, album_id, name, duration_seconds, bpm, track_number) VALUES (2917, 395, 'Research sure', 168, 126, 7);
INSERT INTO song (song_id, album_id, name, duration_seconds, bpm, track_number) VALUES (2918, 395, 'Argue age', 408, 100, 8);
INSERT INTO song (song_id, album_id, name, duration_seconds, bpm, track_number) VALUES (2919, 395, 'Huge', 268, 128, 9);
INSERT INTO album (album_id, artist_id, title, release_year, created_at) VALUES (396, 202, 'Front-line scalable solution', 1990, NOW());
INSERT INTO song (song_id, album_id, name, duration_seconds, bpm, track_number) VALUES (2920, 396, 'See', 290, 124, 1);
INSERT INTO song (song_id, album_id, name, duration_seconds, bpm, track_number) VALUES (2921, 396, 'Price', 132, 108, 2);
INSERT INTO song (song_id, album_id, name, duration_seconds, bpm, track_number) VALUES (2922, 396, 'Much little', 440, 64, 3);
INSERT INTO song (song_id, album_id, name, duration_seconds, bpm, track_number) VALUES (2923, 396, 'Physical like current', 265, 67, 4);
INSERT INTO song (song_id, album_id, name, duration_seconds, bpm, track_number) VALUES (2924, 396, 'Use expert', 233, 175, 5);
INSERT INTO album (album_id, artist_id, title, release_year, created_at) VALUES (397, 202, 'Cross-platform transitional matrices', 2007, NOW());
INSERT INTO song (song_id, album_id, name, duration_seconds, bpm, track_number) VALUES (2925, 397, 'Draw available board compare', 248, 145, 1);
INSERT INTO song (song_id, album_id, name, duration_seconds, bpm, track_number) VALUES (2926, 397, 'About serious', 422, 121, 2);
INSERT INTO song (song_id, album_id, name, duration_seconds, bpm, track_number) VALUES (2927, 397, 'Tend boy staff', 245, 63, 3);
INSERT INTO song (song_id, album_id, name, duration_seconds, bpm, track_number) VALUES (2928, 397, 'Pull save', 204, 73, 4);
INSERT INTO song (song_id, album_id, name, duration_seconds, bpm, track_number) VALUES (2929, 397, 'Figure development receive', 357, 165, 5);
INSERT INTO song (song_id, album_id, name, duration_seconds, bpm, track_number) VALUES (2930, 397, 'Risk', 162, 132, 6);
INSERT INTO album (album_id, artist_id, title, release_year, created_at) VALUES (398, 203, 'Extended systemic budgetary management', 1986, NOW());
INSERT INTO song (song_id, album_id, name, duration_seconds, bpm, track_number) VALUES (2931, 398, 'Science', 194, 106, 1);
INSERT INTO song (song_id, album_id, name, duration_seconds, bpm, track_number) VALUES (2932, 398, 'Consumer', 409, 173, 2);
INSERT INTO song (song_id, album_id, name, duration_seconds, bpm, track_number) VALUES (2933, 398, 'Good spring economic', 235, 102, 3);
INSERT INTO song (song_id, album_id, name, duration_seconds, bpm, track_number) VALUES (2934, 398, 'Military personal eye', 161, 91, 4);
INSERT INTO song (song_id, album_id, name, duration_seconds, bpm, track_number) VALUES (2935, 398, 'Analysis', 162, 77, 5);
INSERT INTO song (song_id, album_id, name, duration_seconds, bpm, track_number) VALUES (2936, 398, 'Become', 312, 131, 6);
INSERT INTO song (song_id, album_id, name, duration_seconds, bpm, track_number) VALUES (2937, 398, 'Well account another', 348, 180, 7);
INSERT INTO song (song_id, album_id, name, duration_seconds, bpm, track_number) VALUES (2938, 398, 'Institution issue', 389, 161, 8);
INSERT INTO song (song_id, album_id, name, duration_seconds, bpm, track_number) VALUES (2939, 398, 'Deep', 436, 125, 9);
INSERT INTO album (album_id, artist_id, title, release_year, created_at) VALUES (399, 204, 'Organized systematic installation', 2008, NOW());
INSERT INTO song (song_id, album_id, name, duration_seconds, bpm, track_number) VALUES (2940, 399, 'Floor', 444, 101, 1);
INSERT INTO song (song_id, album_id, name, duration_seconds, bpm, track_number) VALUES (2941, 399, 'International any effect', 173, 146, 2);
INSERT INTO song (song_id, album_id, name, duration_seconds, bpm, track_number) VALUES (2942, 399, 'Item', 251, 148, 3);
INSERT INTO song (song_id, album_id, name, duration_seconds, bpm, track_number) VALUES (2943, 399, 'Somebody', 126, 142, 4);
INSERT INTO song (song_id, album_id, name, duration_seconds, bpm, track_number) VALUES (2944, 399, 'Present', 200, 116, 5);
INSERT INTO song (song_id, album_id, name, duration_seconds, bpm, track_number) VALUES (2945, 399, 'Worry', 145, 174, 6);
INSERT INTO song (song_id, album_id, name, duration_seconds, bpm, track_number) VALUES (2946, 399, 'Heavy', 228, 168, 7);
INSERT INTO song (song_id, album_id, name, duration_seconds, bpm, track_number) VALUES (2947, 399, 'There', 290, 145, 8);
INSERT INTO song (song_id, album_id, name, duration_seconds, bpm, track_number) VALUES (2948, 399, 'Drop', 346, 169, 9);
INSERT INTO album (album_id, artist_id, title, release_year, created_at) VALUES (400, 204, 'Reverse-engineered well-modulated parallelism', 2005, NOW());
INSERT INTO song (song_id, album_id, name, duration_seconds, bpm, track_number) VALUES (2949, 400, 'Billion easy word', 185, 85, 1);
INSERT INTO song (song_id, album_id, name, duration_seconds, bpm, track_number) VALUES (2950, 400, 'Food lose natural', 352, 86, 2);
INSERT INTO song (song_id, album_id, name, duration_seconds, bpm, track_number) VALUES (2951, 400, 'Deep else', 412, 107, 3);
INSERT INTO song (song_id, album_id, name, duration_seconds, bpm, track_number) VALUES (2952, 400, 'Back', 289, 99, 4);
INSERT INTO song (song_id, album_id, name, duration_seconds, bpm, track_number) VALUES (2953, 400, 'Money including', 434, 146, 5);
INSERT INTO album (album_id, artist_id, title, release_year, created_at) VALUES (401, 205, 'Decentralized 6thgeneration firmware', 1991, NOW());
INSERT INTO song (song_id, album_id, name, duration_seconds, bpm, track_number) VALUES (2954, 401, 'Doctor suddenly', 240, 113, 1);
INSERT INTO song (song_id, album_id, name, duration_seconds, bpm, track_number) VALUES (2955, 401, 'Western hold let', 404, 89, 2);
INSERT INTO song (song_id, album_id, name, duration_seconds, bpm, track_number) VALUES (2956, 401, 'Rich', 407, 130, 3);
INSERT INTO song (song_id, album_id, name, duration_seconds, bpm, track_number) VALUES (2957, 401, 'Rock hand thousand technology', 395, 81, 4);
INSERT INTO song (song_id, album_id, name, duration_seconds, bpm, track_number) VALUES (2958, 401, 'Could or lot', 467, 112, 5);
INSERT INTO song (song_id, album_id, name, duration_seconds, bpm, track_number) VALUES (2959, 401, 'Specific respond point', 359, 83, 6);
INSERT INTO album (album_id, artist_id, title, release_year, created_at) VALUES (402, 205, 'Virtual global database', 2020, NOW());
INSERT INTO song (song_id, album_id, name, duration_seconds, bpm, track_number) VALUES (2960, 402, 'Break', 123, 120, 1);
INSERT INTO song (song_id, album_id, name, duration_seconds, bpm, track_number) VALUES (2961, 402, 'Public expect property', 375, 62, 2);
INSERT INTO song (song_id, album_id, name, duration_seconds, bpm, track_number) VALUES (2962, 402, 'General', 280, 164, 3);
INSERT INTO song (song_id, album_id, name, duration_seconds, bpm, track_number) VALUES (2963, 402, 'Value no', 308, 67, 4);
INSERT INTO song (song_id, album_id, name, duration_seconds, bpm, track_number) VALUES (2964, 402, 'West', 474, 104, 5);
INSERT INTO song (song_id, album_id, name, duration_seconds, bpm, track_number) VALUES (2965, 402, 'Like', 283, 166, 6);
INSERT INTO song (song_id, album_id, name, duration_seconds, bpm, track_number) VALUES (2966, 402, 'Movement', 203, 148, 7);
INSERT INTO song (song_id, album_id, name, duration_seconds, bpm, track_number) VALUES (2967, 402, 'Note learn Congress', 395, 95, 8);
INSERT INTO album (album_id, artist_id, title, release_year, created_at) VALUES (403, 205, 'Synergized even-keeled architecture', 1974, NOW());
INSERT INTO song (song_id, album_id, name, duration_seconds, bpm, track_number) VALUES (2968, 403, 'Floor', 199, 79, 1);
INSERT INTO song (song_id, album_id, name, duration_seconds, bpm, track_number) VALUES (2969, 403, 'Will', 139, 97, 2);
INSERT INTO song (song_id, album_id, name, duration_seconds, bpm, track_number) VALUES (2970, 403, 'Card', 404, 145, 3);
INSERT INTO song (song_id, album_id, name, duration_seconds, bpm, track_number) VALUES (2971, 403, 'Bed identify thought work', 363, 126, 4);
INSERT INTO song (song_id, album_id, name, duration_seconds, bpm, track_number) VALUES (2972, 403, 'Soldier age', 395, 84, 5);
INSERT INTO song (song_id, album_id, name, duration_seconds, bpm, track_number) VALUES (2973, 403, 'Draw', 122, 99, 6);
INSERT INTO song (song_id, album_id, name, duration_seconds, bpm, track_number) VALUES (2974, 403, 'For', 347, 96, 7);
INSERT INTO song (song_id, album_id, name, duration_seconds, bpm, track_number) VALUES (2975, 403, 'Scientist blue dinner', 182, 107, 8);
INSERT INTO song (song_id, album_id, name, duration_seconds, bpm, track_number) VALUES (2976, 403, 'Thus audience he', 416, 170, 9);
INSERT INTO song (song_id, album_id, name, duration_seconds, bpm, track_number) VALUES (2977, 403, 'Attorney responsibility leader fly recent', 202, 102, 10);
INSERT INTO album (album_id, artist_id, title, release_year, created_at) VALUES (404, 206, 'User-centric modular neural-net', 2023, NOW());
INSERT INTO song (song_id, album_id, name, duration_seconds, bpm, track_number) VALUES (2978, 404, 'Behind word', 406, 125, 1);
INSERT INTO song (song_id, album_id, name, duration_seconds, bpm, track_number) VALUES (2979, 404, 'Represent wonder receive song', 126, 98, 2);
INSERT INTO song (song_id, album_id, name, duration_seconds, bpm, track_number) VALUES (2980, 404, 'Religious', 340, 79, 3);
INSERT INTO song (song_id, album_id, name, duration_seconds, bpm, track_number) VALUES (2981, 404, 'Writer', 473, 176, 4);
INSERT INTO song (song_id, album_id, name, duration_seconds, bpm, track_number) VALUES (2982, 404, 'Evening', 128, 72, 5);
INSERT INTO song (song_id, album_id, name, duration_seconds, bpm, track_number) VALUES (2983, 404, 'Already as', 220, 79, 6);
INSERT INTO song (song_id, album_id, name, duration_seconds, bpm, track_number) VALUES (2984, 404, 'Hair', 324, 180, 7);
INSERT INTO song (song_id, album_id, name, duration_seconds, bpm, track_number) VALUES (2985, 404, 'Way', 214, 83, 8);
INSERT INTO song (song_id, album_id, name, duration_seconds, bpm, track_number) VALUES (2986, 404, 'Machine region really represent', 374, 146, 9);
INSERT INTO album (album_id, artist_id, title, release_year, created_at) VALUES (405, 207, 'Managed scalable alliance', 2018, NOW());
INSERT INTO song (song_id, album_id, name, duration_seconds, bpm, track_number) VALUES (2987, 405, 'Meeting particularly', 355, 116, 1);
INSERT INTO song (song_id, album_id, name, duration_seconds, bpm, track_number) VALUES (2988, 405, 'Candidate', 136, 174, 2);
INSERT INTO song (song_id, album_id, name, duration_seconds, bpm, track_number) VALUES (2989, 405, 'Box', 192, 177, 3);
INSERT INTO song (song_id, album_id, name, duration_seconds, bpm, track_number) VALUES (2990, 405, 'Show level thus', 373, 60, 4);
INSERT INTO song (song_id, album_id, name, duration_seconds, bpm, track_number) VALUES (2991, 405, 'Final act fly', 461, 60, 5);
INSERT INTO song (song_id, album_id, name, duration_seconds, bpm, track_number) VALUES (2992, 405, 'Avoid', 303, 61, 6);
INSERT INTO song (song_id, album_id, name, duration_seconds, bpm, track_number) VALUES (2993, 405, 'Three message character', 247, 116, 7);
INSERT INTO album (album_id, artist_id, title, release_year, created_at) VALUES (406, 208, 'Team-oriented regional contingency', 2005, NOW());
INSERT INTO song (song_id, album_id, name, duration_seconds, bpm, track_number) VALUES (2994, 406, 'Rule', 408, 99, 1);
INSERT INTO song (song_id, album_id, name, duration_seconds, bpm, track_number) VALUES (2995, 406, 'Yard', 449, 166, 2);
INSERT INTO song (song_id, album_id, name, duration_seconds, bpm, track_number) VALUES (2996, 406, 'Kid', 149, 66, 3);
INSERT INTO song (song_id, album_id, name, duration_seconds, bpm, track_number) VALUES (2997, 406, 'National', 375, 102, 4);
INSERT INTO song (song_id, album_id, name, duration_seconds, bpm, track_number) VALUES (2998, 406, 'Hope quite', 479, 94, 5);
INSERT INTO song (song_id, album_id, name, duration_seconds, bpm, track_number) VALUES (2999, 406, 'Strong morning mention hot activity', 218, 153, 6);
INSERT INTO song (song_id, album_id, name, duration_seconds, bpm, track_number) VALUES (3000, 406, 'Name participant specific', 372, 160, 7);
INSERT INTO song (song_id, album_id, name, duration_seconds, bpm, track_number) VALUES (3001, 406, 'Man no animal', 433, 130, 8);
INSERT INTO song (song_id, album_id, name, duration_seconds, bpm, track_number) VALUES (3002, 406, 'Pm', 259, 108, 9);
INSERT INTO album (album_id, artist_id, title, release_year, created_at) VALUES (407, 209, 'Triple-buffered needs-based hardware', 2004, NOW());
INSERT INTO song (song_id, album_id, name, duration_seconds, bpm, track_number) VALUES (3003, 407, 'Imagine population', 157, 108, 1);
INSERT INTO song (song_id, album_id, name, duration_seconds, bpm, track_number) VALUES (3004, 407, 'Western article goal', 306, 128, 2);
INSERT INTO song (song_id, album_id, name, duration_seconds, bpm, track_number) VALUES (3005, 407, 'Can', 413, 144, 3);
INSERT INTO song (song_id, album_id, name, duration_seconds, bpm, track_number) VALUES (3006, 407, 'Why', 448, 170, 4);
INSERT INTO song (song_id, album_id, name, duration_seconds, bpm, track_number) VALUES (3007, 407, 'Risk', 256, 97, 5);
INSERT INTO song (song_id, album_id, name, duration_seconds, bpm, track_number) VALUES (3008, 407, 'Short', 265, 149, 6);
INSERT INTO album (album_id, artist_id, title, release_year, created_at) VALUES (408, 209, 'Networked intangible workforce', 1981, NOW());
INSERT INTO song (song_id, album_id, name, duration_seconds, bpm, track_number) VALUES (3009, 408, 'Street apply', 339, 169, 1);
INSERT INTO song (song_id, album_id, name, duration_seconds, bpm, track_number) VALUES (3010, 408, 'Sell member', 404, 110, 2);
INSERT INTO song (song_id, album_id, name, duration_seconds, bpm, track_number) VALUES (3011, 408, 'Hundred site', 211, 102, 3);
INSERT INTO song (song_id, album_id, name, duration_seconds, bpm, track_number) VALUES (3012, 408, 'Job', 398, 144, 4);
INSERT INTO song (song_id, album_id, name, duration_seconds, bpm, track_number) VALUES (3013, 408, 'Year', 419, 99, 5);
INSERT INTO song (song_id, album_id, name, duration_seconds, bpm, track_number) VALUES (3014, 408, 'Candidate', 253, 165, 6);
INSERT INTO song (song_id, album_id, name, duration_seconds, bpm, track_number) VALUES (3015, 408, 'Appear key', 217, 88, 7);
INSERT INTO song (song_id, album_id, name, duration_seconds, bpm, track_number) VALUES (3016, 408, 'Much place', 211, 88, 8);
INSERT INTO album (album_id, artist_id, title, release_year, created_at) VALUES (409, 209, 'Organized context-sensitive array', 1996, NOW());
INSERT INTO song (song_id, album_id, name, duration_seconds, bpm, track_number) VALUES (3017, 409, 'Pm subject', 292, 102, 1);
INSERT INTO song (song_id, album_id, name, duration_seconds, bpm, track_number) VALUES (3018, 409, 'Prepare man', 478, 113, 2);
INSERT INTO song (song_id, album_id, name, duration_seconds, bpm, track_number) VALUES (3019, 409, 'Organization', 285, 94, 3);
INSERT INTO song (song_id, album_id, name, duration_seconds, bpm, track_number) VALUES (3020, 409, 'Understand', 390, 72, 4);
INSERT INTO song (song_id, album_id, name, duration_seconds, bpm, track_number) VALUES (3021, 409, 'Police quite', 372, 64, 5);
INSERT INTO album (album_id, artist_id, title, release_year, created_at) VALUES (410, 210, 'User-centric motivating migration', 1992, NOW());
INSERT INTO song (song_id, album_id, name, duration_seconds, bpm, track_number) VALUES (3022, 410, 'Word child', 469, 139, 1);
INSERT INTO song (song_id, album_id, name, duration_seconds, bpm, track_number) VALUES (3023, 410, 'Evening', 390, 122, 2);
INSERT INTO song (song_id, album_id, name, duration_seconds, bpm, track_number) VALUES (3024, 410, 'Past', 163, 131, 3);
INSERT INTO song (song_id, album_id, name, duration_seconds, bpm, track_number) VALUES (3025, 410, 'Including', 439, 144, 4);
INSERT INTO song (song_id, album_id, name, duration_seconds, bpm, track_number) VALUES (3026, 410, 'True him play', 229, 116, 5);
INSERT INTO song (song_id, album_id, name, duration_seconds, bpm, track_number) VALUES (3027, 410, 'Argue', 301, 76, 6);
INSERT INTO song (song_id, album_id, name, duration_seconds, bpm, track_number) VALUES (3028, 410, 'Special theory as upon edge', 384, 123, 7);
INSERT INTO song (song_id, album_id, name, duration_seconds, bpm, track_number) VALUES (3029, 410, 'Collection into management coach believe', 307, 150, 8);
INSERT INTO song (song_id, album_id, name, duration_seconds, bpm, track_number) VALUES (3030, 410, 'Story step', 290, 89, 9);
INSERT INTO song (song_id, album_id, name, duration_seconds, bpm, track_number) VALUES (3031, 410, 'Research', 191, 100, 10);
INSERT INTO album (album_id, artist_id, title, release_year, created_at) VALUES (411, 210, 'Fully-configurable stable task-force', 1995, NOW());
INSERT INTO song (song_id, album_id, name, duration_seconds, bpm, track_number) VALUES (3032, 411, 'Away', 423, 148, 1);
INSERT INTO song (song_id, album_id, name, duration_seconds, bpm, track_number) VALUES (3033, 411, 'Subject', 248, 79, 2);
INSERT INTO song (song_id, album_id, name, duration_seconds, bpm, track_number) VALUES (3034, 411, 'Short', 315, 145, 3);
INSERT INTO song (song_id, album_id, name, duration_seconds, bpm, track_number) VALUES (3035, 411, 'Foreign', 133, 165, 4);
INSERT INTO song (song_id, album_id, name, duration_seconds, bpm, track_number) VALUES (3036, 411, 'Us', 477, 140, 5);
INSERT INTO song (song_id, album_id, name, duration_seconds, bpm, track_number) VALUES (3037, 411, 'Successful case something worker', 270, 151, 6);
INSERT INTO song (song_id, album_id, name, duration_seconds, bpm, track_number) VALUES (3038, 411, 'By indeed vote try', 339, 171, 7);
INSERT INTO album (album_id, artist_id, title, release_year, created_at) VALUES (412, 210, 'Progressive executive secured line', 1974, NOW());
INSERT INTO song (song_id, album_id, name, duration_seconds, bpm, track_number) VALUES (3039, 412, 'Brother trouble', 274, 164, 1);
INSERT INTO song (song_id, album_id, name, duration_seconds, bpm, track_number) VALUES (3040, 412, 'Research money step truth', 396, 76, 2);
INSERT INTO song (song_id, album_id, name, duration_seconds, bpm, track_number) VALUES (3041, 412, 'Able early concern mean report', 173, 96, 3);
INSERT INTO song (song_id, album_id, name, duration_seconds, bpm, track_number) VALUES (3042, 412, 'Can election', 460, 159, 4);
INSERT INTO song (song_id, album_id, name, duration_seconds, bpm, track_number) VALUES (3043, 412, 'We season', 297, 147, 5);
INSERT INTO album (album_id, artist_id, title, release_year, created_at) VALUES (413, 211, 'User-friendly empowering migration', 2022, NOW());
INSERT INTO song (song_id, album_id, name, duration_seconds, bpm, track_number) VALUES (3044, 413, 'Mrs sister like turn', 319, 95, 1);
INSERT INTO song (song_id, album_id, name, duration_seconds, bpm, track_number) VALUES (3045, 413, 'Score various', 297, 175, 2);
INSERT INTO song (song_id, album_id, name, duration_seconds, bpm, track_number) VALUES (3046, 413, 'These already past', 457, 159, 3);
INSERT INTO song (song_id, album_id, name, duration_seconds, bpm, track_number) VALUES (3047, 413, 'Item develop', 459, 82, 4);
INSERT INTO song (song_id, album_id, name, duration_seconds, bpm, track_number) VALUES (3048, 413, 'She various section', 167, 160, 5);
INSERT INTO song (song_id, album_id, name, duration_seconds, bpm, track_number) VALUES (3049, 413, 'Treatment day particular', 278, 126, 6);
INSERT INTO song (song_id, album_id, name, duration_seconds, bpm, track_number) VALUES (3050, 413, 'Bill action become', 135, 88, 7);
INSERT INTO song (song_id, album_id, name, duration_seconds, bpm, track_number) VALUES (3051, 413, 'Avoid city factor', 346, 133, 8);
INSERT INTO song (song_id, album_id, name, duration_seconds, bpm, track_number) VALUES (3052, 413, 'Air hour painting', 398, 150, 9);
INSERT INTO song (song_id, album_id, name, duration_seconds, bpm, track_number) VALUES (3053, 413, 'Easy', 186, 91, 10);
INSERT INTO album (album_id, artist_id, title, release_year, created_at) VALUES (414, 212, 'Upgradable systemic customer loyalty', 2018, NOW());
INSERT INTO song (song_id, album_id, name, duration_seconds, bpm, track_number) VALUES (3054, 414, 'Indeed above hear sit set', 139, 141, 1);
INSERT INTO song (song_id, album_id, name, duration_seconds, bpm, track_number) VALUES (3055, 414, 'Size', 446, 109, 2);
INSERT INTO song (song_id, album_id, name, duration_seconds, bpm, track_number) VALUES (3056, 414, 'Mind white', 341, 175, 3);
INSERT INTO song (song_id, album_id, name, duration_seconds, bpm, track_number) VALUES (3057, 414, 'Produce employee message to discuss', 206, 65, 4);
INSERT INTO song (song_id, album_id, name, duration_seconds, bpm, track_number) VALUES (3058, 414, 'Treat', 224, 65, 5);
INSERT INTO song (song_id, album_id, name, duration_seconds, bpm, track_number) VALUES (3059, 414, 'Hundred', 194, 95, 6);
INSERT INTO album (album_id, artist_id, title, release_year, created_at) VALUES (415, 212, 'Down-sized bifurcated open system', 1985, NOW());
INSERT INTO song (song_id, album_id, name, duration_seconds, bpm, track_number) VALUES (3060, 415, 'Nature international', 176, 139, 1);
INSERT INTO song (song_id, album_id, name, duration_seconds, bpm, track_number) VALUES (3061, 415, 'End', 363, 106, 2);
INSERT INTO song (song_id, album_id, name, duration_seconds, bpm, track_number) VALUES (3062, 415, 'Institution sing establish often author', 186, 104, 3);
INSERT INTO song (song_id, album_id, name, duration_seconds, bpm, track_number) VALUES (3063, 415, 'Case law', 261, 170, 4);
INSERT INTO song (song_id, album_id, name, duration_seconds, bpm, track_number) VALUES (3064, 415, 'Big tonight pass safe', 413, 172, 5);
INSERT INTO song (song_id, album_id, name, duration_seconds, bpm, track_number) VALUES (3065, 415, 'Represent', 124, 70, 6);
INSERT INTO song (song_id, album_id, name, duration_seconds, bpm, track_number) VALUES (3066, 415, 'Fall sea west', 237, 118, 7);
INSERT INTO song (song_id, album_id, name, duration_seconds, bpm, track_number) VALUES (3067, 415, 'Here', 408, 80, 8);
INSERT INTO song (song_id, album_id, name, duration_seconds, bpm, track_number) VALUES (3068, 415, 'Lose statement color', 135, 118, 9);
INSERT INTO album (album_id, artist_id, title, release_year, created_at) VALUES (416, 212, 'Optimized user-facing throughput', 1991, NOW());
INSERT INTO song (song_id, album_id, name, duration_seconds, bpm, track_number) VALUES (3069, 416, 'Name take born', 375, 97, 1);
INSERT INTO song (song_id, album_id, name, duration_seconds, bpm, track_number) VALUES (3070, 416, 'Success mention gas', 253, 131, 2);
INSERT INTO song (song_id, album_id, name, duration_seconds, bpm, track_number) VALUES (3071, 416, 'Avoid while thing worker', 121, 91, 3);
INSERT INTO song (song_id, album_id, name, duration_seconds, bpm, track_number) VALUES (3072, 416, 'Yard', 386, 69, 4);
INSERT INTO song (song_id, album_id, name, duration_seconds, bpm, track_number) VALUES (3073, 416, 'Collection', 221, 109, 5);
INSERT INTO song (song_id, album_id, name, duration_seconds, bpm, track_number) VALUES (3074, 416, 'Since specific far', 432, 116, 6);
INSERT INTO song (song_id, album_id, name, duration_seconds, bpm, track_number) VALUES (3075, 416, 'Strong popular', 333, 175, 7);
INSERT INTO song (song_id, album_id, name, duration_seconds, bpm, track_number) VALUES (3076, 416, 'Beautiful step', 389, 151, 8);
INSERT INTO song (song_id, album_id, name, duration_seconds, bpm, track_number) VALUES (3077, 416, 'Military', 443, 78, 9);
INSERT INTO song (song_id, album_id, name, duration_seconds, bpm, track_number) VALUES (3078, 416, 'Here personal', 449, 154, 10);
INSERT INTO album (album_id, artist_id, title, release_year, created_at) VALUES (417, 213, 'Centralized local artificial intelligence', 2002, NOW());
INSERT INTO song (song_id, album_id, name, duration_seconds, bpm, track_number) VALUES (3079, 417, 'Parent', 314, 104, 1);
INSERT INTO song (song_id, album_id, name, duration_seconds, bpm, track_number) VALUES (3080, 417, 'Thought health', 474, 97, 2);
INSERT INTO song (song_id, album_id, name, duration_seconds, bpm, track_number) VALUES (3081, 417, 'Bring school', 185, 102, 3);
INSERT INTO song (song_id, album_id, name, duration_seconds, bpm, track_number) VALUES (3082, 417, 'Huge old', 125, 157, 4);
INSERT INTO song (song_id, album_id, name, duration_seconds, bpm, track_number) VALUES (3083, 417, 'Yeah', 203, 153, 5);
INSERT INTO song (song_id, album_id, name, duration_seconds, bpm, track_number) VALUES (3084, 417, 'Entire by', 196, 72, 6);
INSERT INTO song (song_id, album_id, name, duration_seconds, bpm, track_number) VALUES (3085, 417, 'Weight', 361, 67, 7);
INSERT INTO song (song_id, album_id, name, duration_seconds, bpm, track_number) VALUES (3086, 417, 'Character', 354, 138, 8);
INSERT INTO song (song_id, album_id, name, duration_seconds, bpm, track_number) VALUES (3087, 417, 'Understand', 169, 126, 9);
INSERT INTO album (album_id, artist_id, title, release_year, created_at) VALUES (418, 213, 'Horizontal analyzing Graphic Interface', 2026, NOW());
INSERT INTO song (song_id, album_id, name, duration_seconds, bpm, track_number) VALUES (3088, 418, 'South picture reality', 380, 98, 1);
INSERT INTO song (song_id, album_id, name, duration_seconds, bpm, track_number) VALUES (3089, 418, 'Break', 268, 135, 2);
INSERT INTO song (song_id, album_id, name, duration_seconds, bpm, track_number) VALUES (3090, 418, 'Sister this official', 396, 75, 3);
INSERT INTO song (song_id, album_id, name, duration_seconds, bpm, track_number) VALUES (3091, 418, 'Order', 192, 146, 4);
INSERT INTO song (song_id, album_id, name, duration_seconds, bpm, track_number) VALUES (3092, 418, 'Thousand ask', 440, 106, 5);
INSERT INTO song (song_id, album_id, name, duration_seconds, bpm, track_number) VALUES (3093, 418, 'Knowledge compare teacher', 142, 144, 6);
INSERT INTO song (song_id, album_id, name, duration_seconds, bpm, track_number) VALUES (3094, 418, 'Score', 286, 175, 7);
INSERT INTO album (album_id, artist_id, title, release_year, created_at) VALUES (419, 214, 'Virtual 5thgeneration functionalities', 1996, NOW());
INSERT INTO song (song_id, album_id, name, duration_seconds, bpm, track_number) VALUES (3095, 419, 'Of', 475, 130, 1);
INSERT INTO song (song_id, album_id, name, duration_seconds, bpm, track_number) VALUES (3096, 419, 'Sister final agent politics', 203, 157, 2);
INSERT INTO song (song_id, album_id, name, duration_seconds, bpm, track_number) VALUES (3097, 419, 'Woman', 205, 128, 3);
INSERT INTO song (song_id, album_id, name, duration_seconds, bpm, track_number) VALUES (3098, 419, 'Pressure', 276, 117, 4);
INSERT INTO song (song_id, album_id, name, duration_seconds, bpm, track_number) VALUES (3099, 419, 'Baby all', 186, 79, 5);
INSERT INTO song (song_id, album_id, name, duration_seconds, bpm, track_number) VALUES (3100, 419, 'Its', 249, 180, 6);
INSERT INTO song (song_id, album_id, name, duration_seconds, bpm, track_number) VALUES (3101, 419, 'Response white list resource', 307, 144, 7);
INSERT INTO song (song_id, album_id, name, duration_seconds, bpm, track_number) VALUES (3102, 419, 'Exist approach figure', 223, 86, 8);
INSERT INTO album (album_id, artist_id, title, release_year, created_at) VALUES (420, 214, 'Virtual stable secured line', 1978, NOW());
INSERT INTO song (song_id, album_id, name, duration_seconds, bpm, track_number) VALUES (3103, 420, 'Build family', 216, 95, 1);
INSERT INTO song (song_id, album_id, name, duration_seconds, bpm, track_number) VALUES (3104, 420, 'Worry', 360, 129, 2);
INSERT INTO song (song_id, album_id, name, duration_seconds, bpm, track_number) VALUES (3105, 420, 'Remember', 146, 60, 3);
INSERT INTO song (song_id, album_id, name, duration_seconds, bpm, track_number) VALUES (3106, 420, 'Me serve design', 319, 170, 4);
INSERT INTO song (song_id, album_id, name, duration_seconds, bpm, track_number) VALUES (3107, 420, 'Life environmental court', 190, 163, 5);
INSERT INTO song (song_id, album_id, name, duration_seconds, bpm, track_number) VALUES (3108, 420, 'Affect culture brother claim', 185, 143, 6);
INSERT INTO song (song_id, album_id, name, duration_seconds, bpm, track_number) VALUES (3109, 420, 'Best', 224, 161, 7);
INSERT INTO song (song_id, album_id, name, duration_seconds, bpm, track_number) VALUES (3110, 420, 'Break build', 317, 176, 8);
INSERT INTO song (song_id, album_id, name, duration_seconds, bpm, track_number) VALUES (3111, 420, 'Wear', 432, 116, 9);
INSERT INTO album (album_id, artist_id, title, release_year, created_at) VALUES (421, 214, 'Distributed non-volatile infrastructure', 2010, NOW());
INSERT INTO song (song_id, album_id, name, duration_seconds, bpm, track_number) VALUES (3112, 421, 'Thousand', 303, 98, 1);
INSERT INTO song (song_id, album_id, name, duration_seconds, bpm, track_number) VALUES (3113, 421, 'Eye outside wife size', 362, 64, 2);
INSERT INTO song (song_id, album_id, name, duration_seconds, bpm, track_number) VALUES (3114, 421, 'Development behavior', 228, 71, 3);
INSERT INTO song (song_id, album_id, name, duration_seconds, bpm, track_number) VALUES (3115, 421, 'Company society interest', 153, 145, 4);
INSERT INTO song (song_id, album_id, name, duration_seconds, bpm, track_number) VALUES (3116, 421, 'Throw remain floor', 129, 179, 5);
INSERT INTO song (song_id, album_id, name, duration_seconds, bpm, track_number) VALUES (3117, 421, 'Against office', 341, 167, 6);
INSERT INTO album (album_id, artist_id, title, release_year, created_at) VALUES (422, 215, 'Upgradable mobile functionalities', 2012, NOW());
INSERT INTO song (song_id, album_id, name, duration_seconds, bpm, track_number) VALUES (3118, 422, 'Policy those use forward', 421, 128, 1);
INSERT INTO song (song_id, album_id, name, duration_seconds, bpm, track_number) VALUES (3119, 422, 'Per', 433, 135, 2);
INSERT INTO song (song_id, album_id, name, duration_seconds, bpm, track_number) VALUES (3120, 422, 'Accept', 447, 81, 3);
INSERT INTO song (song_id, album_id, name, duration_seconds, bpm, track_number) VALUES (3121, 422, 'Become necessary', 446, 126, 4);
INSERT INTO song (song_id, album_id, name, duration_seconds, bpm, track_number) VALUES (3122, 422, 'Camera reveal', 476, 170, 5);
INSERT INTO song (song_id, album_id, name, duration_seconds, bpm, track_number) VALUES (3123, 422, 'Upon institution', 181, 81, 6);
INSERT INTO song (song_id, album_id, name, duration_seconds, bpm, track_number) VALUES (3124, 422, 'Prepare whether set outside agreement', 235, 81, 7);
INSERT INTO album (album_id, artist_id, title, release_year, created_at) VALUES (423, 215, 'Open-source real-time frame', 2020, NOW());
INSERT INTO song (song_id, album_id, name, duration_seconds, bpm, track_number) VALUES (3125, 423, 'State', 401, 175, 1);
INSERT INTO song (song_id, album_id, name, duration_seconds, bpm, track_number) VALUES (3126, 423, 'Speech argue', 408, 145, 2);
INSERT INTO song (song_id, album_id, name, duration_seconds, bpm, track_number) VALUES (3127, 423, 'Walk ground', 465, 135, 3);
INSERT INTO song (song_id, album_id, name, duration_seconds, bpm, track_number) VALUES (3128, 423, 'Theory room grow', 354, 148, 4);
INSERT INTO song (song_id, album_id, name, duration_seconds, bpm, track_number) VALUES (3129, 423, 'Authority modern', 176, 132, 5);
INSERT INTO song (song_id, album_id, name, duration_seconds, bpm, track_number) VALUES (3130, 423, 'Guy yard discussion head range', 361, 83, 6);
INSERT INTO song (song_id, album_id, name, duration_seconds, bpm, track_number) VALUES (3131, 423, 'Open what despite should', 175, 151, 7);
INSERT INTO album (album_id, artist_id, title, release_year, created_at) VALUES (424, 216, 'Multi-layered reciprocal knowledgebase', 2007, NOW());
INSERT INTO song (song_id, album_id, name, duration_seconds, bpm, track_number) VALUES (3132, 424, 'Almost second', 403, 176, 1);
INSERT INTO song (song_id, album_id, name, duration_seconds, bpm, track_number) VALUES (3133, 424, 'More hold his', 359, 82, 2);
INSERT INTO song (song_id, album_id, name, duration_seconds, bpm, track_number) VALUES (3134, 424, 'Look', 376, 139, 3);
INSERT INTO song (song_id, album_id, name, duration_seconds, bpm, track_number) VALUES (3135, 424, 'Between because', 396, 92, 4);
INSERT INTO song (song_id, album_id, name, duration_seconds, bpm, track_number) VALUES (3136, 424, 'Work', 420, 106, 5);
INSERT INTO song (song_id, album_id, name, duration_seconds, bpm, track_number) VALUES (3137, 424, 'Owner care fill', 139, 149, 6);
INSERT INTO song (song_id, album_id, name, duration_seconds, bpm, track_number) VALUES (3138, 424, 'Amount list', 265, 131, 7);
INSERT INTO album (album_id, artist_id, title, release_year, created_at) VALUES (425, 216, 'Optional 24/7 methodology', 1998, NOW());
INSERT INTO song (song_id, album_id, name, duration_seconds, bpm, track_number) VALUES (3139, 425, 'Major similar', 337, 93, 1);
INSERT INTO song (song_id, album_id, name, duration_seconds, bpm, track_number) VALUES (3140, 425, 'Improve career', 420, 145, 2);
INSERT INTO song (song_id, album_id, name, duration_seconds, bpm, track_number) VALUES (3141, 425, 'Visit when former', 416, 98, 3);
INSERT INTO song (song_id, album_id, name, duration_seconds, bpm, track_number) VALUES (3142, 425, 'Head', 378, 141, 4);
INSERT INTO song (song_id, album_id, name, duration_seconds, bpm, track_number) VALUES (3143, 425, 'Cost understand safe', 130, 146, 5);
INSERT INTO song (song_id, album_id, name, duration_seconds, bpm, track_number) VALUES (3144, 425, 'Want', 402, 169, 6);
INSERT INTO song (song_id, album_id, name, duration_seconds, bpm, track_number) VALUES (3145, 425, 'Exist perhaps necessary happy', 304, 72, 7);
INSERT INTO song (song_id, album_id, name, duration_seconds, bpm, track_number) VALUES (3146, 425, 'Conference', 361, 131, 8);
INSERT INTO album (album_id, artist_id, title, release_year, created_at) VALUES (426, 217, 'Down-sized responsive knowledge user', 1986, NOW());
INSERT INTO song (song_id, album_id, name, duration_seconds, bpm, track_number) VALUES (3147, 426, 'Federal rate development other', 340, 130, 1);
INSERT INTO song (song_id, album_id, name, duration_seconds, bpm, track_number) VALUES (3148, 426, 'This rise system', 419, 64, 2);
INSERT INTO song (song_id, album_id, name, duration_seconds, bpm, track_number) VALUES (3149, 426, 'Speak', 248, 139, 3);
INSERT INTO song (song_id, album_id, name, duration_seconds, bpm, track_number) VALUES (3150, 426, 'Article rather', 162, 166, 4);
INSERT INTO song (song_id, album_id, name, duration_seconds, bpm, track_number) VALUES (3151, 426, 'Several everything share', 123, 76, 5);
INSERT INTO song (song_id, album_id, name, duration_seconds, bpm, track_number) VALUES (3152, 426, 'Form beyond', 336, 87, 6);
INSERT INTO song (song_id, album_id, name, duration_seconds, bpm, track_number) VALUES (3153, 426, 'Opportunity', 175, 108, 7);
INSERT INTO song (song_id, album_id, name, duration_seconds, bpm, track_number) VALUES (3154, 426, 'Well arrive', 172, 161, 8);
INSERT INTO song (song_id, album_id, name, duration_seconds, bpm, track_number) VALUES (3155, 426, 'Sing', 294, 135, 9);
INSERT INTO album (album_id, artist_id, title, release_year, created_at) VALUES (427, 217, 'Universal exuding circuit', 2003, NOW());
INSERT INTO song (song_id, album_id, name, duration_seconds, bpm, track_number) VALUES (3156, 427, 'Position', 370, 133, 1);
INSERT INTO song (song_id, album_id, name, duration_seconds, bpm, track_number) VALUES (3157, 427, 'That before', 407, 131, 2);
INSERT INTO song (song_id, album_id, name, duration_seconds, bpm, track_number) VALUES (3158, 427, 'Fear ahead like', 237, 146, 3);
INSERT INTO song (song_id, album_id, name, duration_seconds, bpm, track_number) VALUES (3159, 427, 'Itself', 244, 133, 4);
INSERT INTO song (song_id, album_id, name, duration_seconds, bpm, track_number) VALUES (3160, 427, 'Professional challenge any', 339, 73, 5);
INSERT INTO song (song_id, album_id, name, duration_seconds, bpm, track_number) VALUES (3161, 427, 'Now', 217, 107, 6);
INSERT INTO album (album_id, artist_id, title, release_year, created_at) VALUES (428, 217, 'Implemented asynchronous matrix', 2012, NOW());
INSERT INTO song (song_id, album_id, name, duration_seconds, bpm, track_number) VALUES (3162, 428, 'Action hospital', 386, 67, 1);
INSERT INTO song (song_id, album_id, name, duration_seconds, bpm, track_number) VALUES (3163, 428, 'Feeling', 204, 152, 2);
INSERT INTO song (song_id, album_id, name, duration_seconds, bpm, track_number) VALUES (3164, 428, 'Ever investment', 256, 146, 3);
INSERT INTO song (song_id, album_id, name, duration_seconds, bpm, track_number) VALUES (3165, 428, 'According answer protect imagine country', 166, 166, 4);
INSERT INTO song (song_id, album_id, name, duration_seconds, bpm, track_number) VALUES (3166, 428, 'Around', 346, 116, 5);
INSERT INTO song (song_id, album_id, name, duration_seconds, bpm, track_number) VALUES (3167, 428, 'Lot', 245, 82, 6);
INSERT INTO song (song_id, album_id, name, duration_seconds, bpm, track_number) VALUES (3168, 428, 'Rich decide anyone', 448, 138, 7);
INSERT INTO song (song_id, album_id, name, duration_seconds, bpm, track_number) VALUES (3169, 428, 'Carry', 399, 173, 8);
INSERT INTO song (song_id, album_id, name, duration_seconds, bpm, track_number) VALUES (3170, 428, 'Too enough gas particularly', 378, 166, 9);
INSERT INTO song (song_id, album_id, name, duration_seconds, bpm, track_number) VALUES (3171, 428, 'Prove rest', 178, 111, 10);
INSERT INTO album (album_id, artist_id, title, release_year, created_at) VALUES (429, 218, 'Horizontal mobile service-desk', 2001, NOW());
INSERT INTO song (song_id, album_id, name, duration_seconds, bpm, track_number) VALUES (3172, 429, 'Smile important wide', 393, 83, 1);
INSERT INTO song (song_id, album_id, name, duration_seconds, bpm, track_number) VALUES (3173, 429, 'First', 216, 72, 2);
INSERT INTO song (song_id, album_id, name, duration_seconds, bpm, track_number) VALUES (3174, 429, 'Brother sit', 210, 110, 3);
INSERT INTO song (song_id, album_id, name, duration_seconds, bpm, track_number) VALUES (3175, 429, 'Nothing clear', 130, 91, 4);
INSERT INTO song (song_id, album_id, name, duration_seconds, bpm, track_number) VALUES (3176, 429, 'Ask', 135, 104, 5);
INSERT INTO song (song_id, album_id, name, duration_seconds, bpm, track_number) VALUES (3177, 429, 'Financial scientist ball into', 145, 123, 6);
INSERT INTO album (album_id, artist_id, title, release_year, created_at) VALUES (430, 218, 'Extended methodical array', 1974, NOW());
INSERT INTO song (song_id, album_id, name, duration_seconds, bpm, track_number) VALUES (3178, 430, 'Environment', 369, 103, 1);
INSERT INTO song (song_id, album_id, name, duration_seconds, bpm, track_number) VALUES (3179, 430, 'Its single', 182, 125, 2);
INSERT INTO song (song_id, album_id, name, duration_seconds, bpm, track_number) VALUES (3180, 430, 'East', 197, 102, 3);
INSERT INTO song (song_id, album_id, name, duration_seconds, bpm, track_number) VALUES (3181, 430, 'Relationship happy usually', 222, 170, 4);
INSERT INTO song (song_id, album_id, name, duration_seconds, bpm, track_number) VALUES (3182, 430, 'Medical', 373, 115, 5);
INSERT INTO song (song_id, album_id, name, duration_seconds, bpm, track_number) VALUES (3183, 430, 'Edge somebody', 155, 61, 6);
INSERT INTO album (album_id, artist_id, title, release_year, created_at) VALUES (431, 219, 'Down-sized client-driven functionalities', 1983, NOW());
INSERT INTO song (song_id, album_id, name, duration_seconds, bpm, track_number) VALUES (3184, 431, 'Send education', 421, 79, 1);
INSERT INTO song (song_id, album_id, name, duration_seconds, bpm, track_number) VALUES (3185, 431, 'There', 461, 120, 2);
INSERT INTO song (song_id, album_id, name, duration_seconds, bpm, track_number) VALUES (3186, 431, 'Term few itself grow', 265, 103, 3);
INSERT INTO song (song_id, album_id, name, duration_seconds, bpm, track_number) VALUES (3187, 431, 'Drop too', 465, 95, 4);
INSERT INTO song (song_id, album_id, name, duration_seconds, bpm, track_number) VALUES (3188, 431, 'Tough', 123, 156, 5);
INSERT INTO song (song_id, album_id, name, duration_seconds, bpm, track_number) VALUES (3189, 431, 'Coach wife', 366, 111, 6);
INSERT INTO song (song_id, album_id, name, duration_seconds, bpm, track_number) VALUES (3190, 431, 'Economy', 186, 155, 7);
INSERT INTO song (song_id, album_id, name, duration_seconds, bpm, track_number) VALUES (3191, 431, 'Voice', 417, 165, 8);
INSERT INTO song (song_id, album_id, name, duration_seconds, bpm, track_number) VALUES (3192, 431, 'Fine particular', 213, 85, 9);
INSERT INTO song (song_id, album_id, name, duration_seconds, bpm, track_number) VALUES (3193, 431, 'Bad professor sport', 458, 62, 10);
INSERT INTO album (album_id, artist_id, title, release_year, created_at) VALUES (432, 220, 'Public-key optimal synergy', 1980, NOW());
INSERT INTO song (song_id, album_id, name, duration_seconds, bpm, track_number) VALUES (3194, 432, 'These case develop', 415, 91, 1);
INSERT INTO song (song_id, album_id, name, duration_seconds, bpm, track_number) VALUES (3195, 432, 'Soldier', 277, 155, 2);
INSERT INTO song (song_id, album_id, name, duration_seconds, bpm, track_number) VALUES (3196, 432, 'Interesting he', 329, 85, 3);
INSERT INTO song (song_id, album_id, name, duration_seconds, bpm, track_number) VALUES (3197, 432, 'Spring', 306, 123, 4);
INSERT INTO song (song_id, album_id, name, duration_seconds, bpm, track_number) VALUES (3198, 432, 'Wife single', 436, 151, 5);
INSERT INTO song (song_id, album_id, name, duration_seconds, bpm, track_number) VALUES (3199, 432, 'Whom', 232, 69, 6);
INSERT INTO song (song_id, album_id, name, duration_seconds, bpm, track_number) VALUES (3200, 432, 'There none option', 354, 161, 7);
INSERT INTO album (album_id, artist_id, title, release_year, created_at) VALUES (433, 220, 'Integrated exuding functionalities', 2011, NOW());
INSERT INTO song (song_id, album_id, name, duration_seconds, bpm, track_number) VALUES (3201, 433, 'Interview factor page', 233, 90, 1);
INSERT INTO song (song_id, album_id, name, duration_seconds, bpm, track_number) VALUES (3202, 433, 'Change system special', 197, 72, 2);
INSERT INTO song (song_id, album_id, name, duration_seconds, bpm, track_number) VALUES (3203, 433, 'Information avoid professional real', 469, 136, 3);
INSERT INTO song (song_id, album_id, name, duration_seconds, bpm, track_number) VALUES (3204, 433, 'Alone rock score fly', 297, 164, 4);
INSERT INTO song (song_id, album_id, name, duration_seconds, bpm, track_number) VALUES (3205, 433, 'Yes seat', 469, 73, 5);
INSERT INTO album (album_id, artist_id, title, release_year, created_at) VALUES (434, 220, 'Fully-configurable mission-critical parallelism', 1996, NOW());
INSERT INTO song (song_id, album_id, name, duration_seconds, bpm, track_number) VALUES (3206, 434, 'Create vote purpose', 465, 90, 1);
INSERT INTO song (song_id, album_id, name, duration_seconds, bpm, track_number) VALUES (3207, 434, 'Main very', 137, 127, 2);
INSERT INTO song (song_id, album_id, name, duration_seconds, bpm, track_number) VALUES (3208, 434, 'Small have clearly', 250, 132, 3);
INSERT INTO song (song_id, album_id, name, duration_seconds, bpm, track_number) VALUES (3209, 434, 'Relationship', 458, 88, 4);
INSERT INTO song (song_id, album_id, name, duration_seconds, bpm, track_number) VALUES (3210, 434, 'Four mean exist region', 174, 130, 5);
INSERT INTO song (song_id, album_id, name, duration_seconds, bpm, track_number) VALUES (3211, 434, 'Seven', 176, 102, 6);
INSERT INTO song (song_id, album_id, name, duration_seconds, bpm, track_number) VALUES (3212, 434, 'During head past us', 208, 179, 7);
INSERT INTO song (song_id, album_id, name, duration_seconds, bpm, track_number) VALUES (3213, 434, 'Citizen compare', 478, 108, 8);
INSERT INTO song (song_id, album_id, name, duration_seconds, bpm, track_number) VALUES (3214, 434, 'Pretty clear', 221, 79, 9);
INSERT INTO song (song_id, album_id, name, duration_seconds, bpm, track_number) VALUES (3215, 434, 'Professional summer able oil apply', 216, 125, 10);
INSERT INTO album (album_id, artist_id, title, release_year, created_at) VALUES (435, 221, 'Balanced 24/7 standardization', 1995, NOW());
INSERT INTO song (song_id, album_id, name, duration_seconds, bpm, track_number) VALUES (3216, 435, 'Foot economic personal but', 150, 152, 1);
INSERT INTO song (song_id, album_id, name, duration_seconds, bpm, track_number) VALUES (3217, 435, 'Or feel', 207, 94, 2);
INSERT INTO song (song_id, album_id, name, duration_seconds, bpm, track_number) VALUES (3218, 435, 'War', 184, 64, 3);
INSERT INTO song (song_id, album_id, name, duration_seconds, bpm, track_number) VALUES (3219, 435, 'Live for which', 269, 134, 4);
INSERT INTO song (song_id, album_id, name, duration_seconds, bpm, track_number) VALUES (3220, 435, 'Sell', 370, 160, 5);
INSERT INTO song (song_id, album_id, name, duration_seconds, bpm, track_number) VALUES (3221, 435, 'Box player', 234, 163, 6);
INSERT INTO song (song_id, album_id, name, duration_seconds, bpm, track_number) VALUES (3222, 435, 'Join first', 260, 103, 7);
INSERT INTO song (song_id, album_id, name, duration_seconds, bpm, track_number) VALUES (3223, 435, 'Create', 201, 144, 8);
INSERT INTO song (song_id, album_id, name, duration_seconds, bpm, track_number) VALUES (3224, 435, 'Might', 300, 60, 9);
INSERT INTO album (album_id, artist_id, title, release_year, created_at) VALUES (436, 222, 'Synergized intangible leverage', 1976, NOW());
INSERT INTO song (song_id, album_id, name, duration_seconds, bpm, track_number) VALUES (3225, 436, 'Effect television', 290, 90, 1);
INSERT INTO song (song_id, album_id, name, duration_seconds, bpm, track_number) VALUES (3226, 436, 'Power', 465, 119, 2);
INSERT INTO song (song_id, album_id, name, duration_seconds, bpm, track_number) VALUES (3227, 436, 'Month', 275, 103, 3);
INSERT INTO song (song_id, album_id, name, duration_seconds, bpm, track_number) VALUES (3228, 436, 'Someone', 335, 169, 4);
INSERT INTO song (song_id, album_id, name, duration_seconds, bpm, track_number) VALUES (3229, 436, 'Price ability road garden', 379, 124, 5);
INSERT INTO album (album_id, artist_id, title, release_year, created_at) VALUES (437, 222, 'Self-enabling encompassing hierarchy', 1971, NOW());
INSERT INTO song (song_id, album_id, name, duration_seconds, bpm, track_number) VALUES (3230, 437, 'Memory change', 313, 162, 1);
INSERT INTO song (song_id, album_id, name, duration_seconds, bpm, track_number) VALUES (3231, 437, 'Live either', 121, 146, 2);
INSERT INTO song (song_id, album_id, name, duration_seconds, bpm, track_number) VALUES (3232, 437, 'Seat herself environmental', 143, 122, 3);
INSERT INTO song (song_id, album_id, name, duration_seconds, bpm, track_number) VALUES (3233, 437, 'Make', 380, 134, 4);
INSERT INTO song (song_id, album_id, name, duration_seconds, bpm, track_number) VALUES (3234, 437, 'Feeling bar', 391, 72, 5);
INSERT INTO album (album_id, artist_id, title, release_year, created_at) VALUES (438, 223, 'Virtual methodical portal', 1989, NOW());
INSERT INTO song (song_id, album_id, name, duration_seconds, bpm, track_number) VALUES (3235, 438, 'So box remain', 287, 150, 1);
INSERT INTO song (song_id, album_id, name, duration_seconds, bpm, track_number) VALUES (3236, 438, 'Far', 478, 144, 2);
INSERT INTO song (song_id, album_id, name, duration_seconds, bpm, track_number) VALUES (3237, 438, 'Later because', 123, 98, 3);
INSERT INTO song (song_id, album_id, name, duration_seconds, bpm, track_number) VALUES (3238, 438, 'Room meeting involve exactly', 151, 140, 4);
INSERT INTO song (song_id, album_id, name, duration_seconds, bpm, track_number) VALUES (3239, 438, 'Personal well action perform near', 433, 126, 5);
INSERT INTO album (album_id, artist_id, title, release_year, created_at) VALUES (439, 224, 'Advanced background instruction set', 2014, NOW());
INSERT INTO song (song_id, album_id, name, duration_seconds, bpm, track_number) VALUES (3240, 439, 'Challenge', 328, 156, 1);
INSERT INTO song (song_id, album_id, name, duration_seconds, bpm, track_number) VALUES (3241, 439, 'Floor organization past art', 192, 94, 2);
INSERT INTO song (song_id, album_id, name, duration_seconds, bpm, track_number) VALUES (3242, 439, 'Better house clearly', 261, 123, 3);
INSERT INTO song (song_id, album_id, name, duration_seconds, bpm, track_number) VALUES (3243, 439, 'Focus he old', 272, 90, 4);
INSERT INTO song (song_id, album_id, name, duration_seconds, bpm, track_number) VALUES (3244, 439, 'Good system', 191, 135, 5);
INSERT INTO song (song_id, album_id, name, duration_seconds, bpm, track_number) VALUES (3245, 439, 'Stock medical her very', 124, 75, 6);
INSERT INTO album (album_id, artist_id, title, release_year, created_at) VALUES (440, 224, 'Monitored executive neural-net', 2023, NOW());
INSERT INTO song (song_id, album_id, name, duration_seconds, bpm, track_number) VALUES (3246, 440, 'Much', 137, 168, 1);
INSERT INTO song (song_id, album_id, name, duration_seconds, bpm, track_number) VALUES (3247, 440, 'Investment', 456, 96, 2);
INSERT INTO song (song_id, album_id, name, duration_seconds, bpm, track_number) VALUES (3248, 440, 'Without', 161, 134, 3);
INSERT INTO song (song_id, album_id, name, duration_seconds, bpm, track_number) VALUES (3249, 440, 'Large', 280, 145, 4);
INSERT INTO song (song_id, album_id, name, duration_seconds, bpm, track_number) VALUES (3250, 440, 'Purpose', 326, 138, 5);
INSERT INTO song (song_id, album_id, name, duration_seconds, bpm, track_number) VALUES (3251, 440, 'Party rather east politics law', 162, 139, 6);
INSERT INTO album (album_id, artist_id, title, release_year, created_at) VALUES (441, 224, 'Persistent incremental open system', 1997, NOW());
INSERT INTO song (song_id, album_id, name, duration_seconds, bpm, track_number) VALUES (3252, 441, 'Radio stuff always', 301, 157, 1);
INSERT INTO song (song_id, album_id, name, duration_seconds, bpm, track_number) VALUES (3253, 441, 'Throw', 249, 148, 2);
INSERT INTO song (song_id, album_id, name, duration_seconds, bpm, track_number) VALUES (3254, 441, 'Sort', 413, 110, 3);
INSERT INTO song (song_id, album_id, name, duration_seconds, bpm, track_number) VALUES (3255, 441, 'Woman protect west spring', 210, 165, 4);
INSERT INTO song (song_id, album_id, name, duration_seconds, bpm, track_number) VALUES (3256, 441, 'Particularly', 368, 102, 5);
INSERT INTO song (song_id, album_id, name, duration_seconds, bpm, track_number) VALUES (3257, 441, 'Can', 193, 61, 6);
INSERT INTO song (song_id, album_id, name, duration_seconds, bpm, track_number) VALUES (3258, 441, 'Want', 203, 165, 7);
INSERT INTO song (song_id, album_id, name, duration_seconds, bpm, track_number) VALUES (3259, 441, 'Forward staff someone trouble', 192, 136, 8);
INSERT INTO album (album_id, artist_id, title, release_year, created_at) VALUES (442, 225, 'Synergistic global initiative', 2025, NOW());
INSERT INTO song (song_id, album_id, name, duration_seconds, bpm, track_number) VALUES (3260, 442, 'Event hold', 212, 73, 1);
INSERT INTO song (song_id, album_id, name, duration_seconds, bpm, track_number) VALUES (3261, 442, 'To', 363, 131, 2);
INSERT INTO song (song_id, album_id, name, duration_seconds, bpm, track_number) VALUES (3262, 442, 'Road little', 247, 161, 3);
INSERT INTO song (song_id, album_id, name, duration_seconds, bpm, track_number) VALUES (3263, 442, 'First', 124, 89, 4);
INSERT INTO song (song_id, album_id, name, duration_seconds, bpm, track_number) VALUES (3264, 442, 'Develop', 160, 169, 5);
INSERT INTO song (song_id, album_id, name, duration_seconds, bpm, track_number) VALUES (3265, 442, 'With', 272, 132, 6);
INSERT INTO album (album_id, artist_id, title, release_year, created_at) VALUES (443, 226, 'Networked 24/7 paradigm', 1993, NOW());
INSERT INTO song (song_id, album_id, name, duration_seconds, bpm, track_number) VALUES (3266, 443, 'Nothing heart', 213, 128, 1);
INSERT INTO song (song_id, album_id, name, duration_seconds, bpm, track_number) VALUES (3267, 443, 'Soon', 159, 180, 2);
INSERT INTO song (song_id, album_id, name, duration_seconds, bpm, track_number) VALUES (3268, 443, 'Town real', 363, 95, 3);
INSERT INTO song (song_id, album_id, name, duration_seconds, bpm, track_number) VALUES (3269, 443, 'Parent pretty beyond', 397, 115, 4);
INSERT INTO song (song_id, album_id, name, duration_seconds, bpm, track_number) VALUES (3270, 443, 'Model', 181, 107, 5);
INSERT INTO song (song_id, album_id, name, duration_seconds, bpm, track_number) VALUES (3271, 443, 'Rock toward want travel', 307, 158, 6);
INSERT INTO song (song_id, album_id, name, duration_seconds, bpm, track_number) VALUES (3272, 443, 'Your security', 412, 60, 7);
INSERT INTO album (album_id, artist_id, title, release_year, created_at) VALUES (444, 226, 'Function-based real-time concept', 1975, NOW());
INSERT INTO song (song_id, album_id, name, duration_seconds, bpm, track_number) VALUES (3273, 444, 'Actually usually', 146, 170, 1);
INSERT INTO song (song_id, album_id, name, duration_seconds, bpm, track_number) VALUES (3274, 444, 'Article', 151, 74, 2);
INSERT INTO song (song_id, album_id, name, duration_seconds, bpm, track_number) VALUES (3275, 444, 'Prove', 296, 83, 3);
INSERT INTO song (song_id, album_id, name, duration_seconds, bpm, track_number) VALUES (3276, 444, 'Cold report', 244, 64, 4);
INSERT INTO song (song_id, album_id, name, duration_seconds, bpm, track_number) VALUES (3277, 444, 'Off', 359, 132, 5);
INSERT INTO album (album_id, artist_id, title, release_year, created_at) VALUES (445, 226, 'Distributed analyzing matrix', 1988, NOW());
INSERT INTO song (song_id, album_id, name, duration_seconds, bpm, track_number) VALUES (3278, 445, 'Store continue carry', 264, 80, 1);
INSERT INTO song (song_id, album_id, name, duration_seconds, bpm, track_number) VALUES (3279, 445, 'Five', 190, 152, 2);
INSERT INTO song (song_id, album_id, name, duration_seconds, bpm, track_number) VALUES (3280, 445, 'Avoid research official', 384, 176, 3);
INSERT INTO song (song_id, album_id, name, duration_seconds, bpm, track_number) VALUES (3281, 445, 'Nation', 278, 158, 4);
INSERT INTO song (song_id, album_id, name, duration_seconds, bpm, track_number) VALUES (3282, 445, 'Star recently sea', 371, 80, 5);
INSERT INTO song (song_id, album_id, name, duration_seconds, bpm, track_number) VALUES (3283, 445, 'Special support if', 424, 158, 6);
INSERT INTO song (song_id, album_id, name, duration_seconds, bpm, track_number) VALUES (3284, 445, 'Company range', 478, 97, 7);
INSERT INTO song (song_id, album_id, name, duration_seconds, bpm, track_number) VALUES (3285, 445, 'End', 392, 99, 8);
INSERT INTO album (album_id, artist_id, title, release_year, created_at) VALUES (446, 227, 'Distributed optimizing paradigm', 1985, NOW());
INSERT INTO song (song_id, album_id, name, duration_seconds, bpm, track_number) VALUES (3286, 446, 'Amount develop hard not', 359, 161, 1);
INSERT INTO song (song_id, album_id, name, duration_seconds, bpm, track_number) VALUES (3287, 446, 'Responsibility', 144, 97, 2);
INSERT INTO song (song_id, album_id, name, duration_seconds, bpm, track_number) VALUES (3288, 446, 'Reality', 432, 121, 3);
INSERT INTO song (song_id, album_id, name, duration_seconds, bpm, track_number) VALUES (3289, 446, 'Drug ago', 452, 106, 4);
INSERT INTO song (song_id, album_id, name, duration_seconds, bpm, track_number) VALUES (3290, 446, 'Military', 275, 137, 5);
INSERT INTO song (song_id, album_id, name, duration_seconds, bpm, track_number) VALUES (3291, 446, 'Focus consider she area', 478, 105, 6);
INSERT INTO song (song_id, album_id, name, duration_seconds, bpm, track_number) VALUES (3292, 446, 'Movie future end', 446, 157, 7);
INSERT INTO song (song_id, album_id, name, duration_seconds, bpm, track_number) VALUES (3293, 446, 'Hair administration', 140, 107, 8);
INSERT INTO album (album_id, artist_id, title, release_year, created_at) VALUES (447, 227, 'De-engineered demand-driven complexity', 1973, NOW());
INSERT INTO song (song_id, album_id, name, duration_seconds, bpm, track_number) VALUES (3294, 447, 'By look', 326, 149, 1);
INSERT INTO song (song_id, album_id, name, duration_seconds, bpm, track_number) VALUES (3295, 447, 'Film change compare home', 205, 118, 2);
INSERT INTO song (song_id, album_id, name, duration_seconds, bpm, track_number) VALUES (3296, 447, 'Industry', 244, 155, 3);
INSERT INTO song (song_id, album_id, name, duration_seconds, bpm, track_number) VALUES (3297, 447, 'Resource beautiful store century hospital', 307, 117, 4);
INSERT INTO song (song_id, album_id, name, duration_seconds, bpm, track_number) VALUES (3298, 447, 'Than', 475, 84, 5);
INSERT INTO song (song_id, album_id, name, duration_seconds, bpm, track_number) VALUES (3299, 447, 'Should', 430, 127, 6);
INSERT INTO song (song_id, album_id, name, duration_seconds, bpm, track_number) VALUES (3300, 447, 'Fear great reality', 297, 109, 7);
INSERT INTO song (song_id, album_id, name, duration_seconds, bpm, track_number) VALUES (3301, 447, 'Seem fly even', 331, 102, 8);
INSERT INTO song (song_id, album_id, name, duration_seconds, bpm, track_number) VALUES (3302, 447, 'Matter ask', 296, 100, 9);
INSERT INTO album (album_id, artist_id, title, release_year, created_at) VALUES (448, 228, 'User-friendly systemic concept', 1984, NOW());
INSERT INTO song (song_id, album_id, name, duration_seconds, bpm, track_number) VALUES (3303, 448, 'Open', 366, 91, 1);
INSERT INTO song (song_id, album_id, name, duration_seconds, bpm, track_number) VALUES (3304, 448, 'Father exactly yet cultural unit', 407, 130, 2);
INSERT INTO song (song_id, album_id, name, duration_seconds, bpm, track_number) VALUES (3305, 448, 'Admit', 291, 63, 3);
INSERT INTO song (song_id, album_id, name, duration_seconds, bpm, track_number) VALUES (3306, 448, 'Million ground enough interview ok', 449, 76, 4);
INSERT INTO song (song_id, album_id, name, duration_seconds, bpm, track_number) VALUES (3307, 448, 'And', 341, 143, 5);
INSERT INTO song (song_id, album_id, name, duration_seconds, bpm, track_number) VALUES (3308, 448, 'Black history', 137, 146, 6);
INSERT INTO song (song_id, album_id, name, duration_seconds, bpm, track_number) VALUES (3309, 448, 'Item', 441, 92, 7);
INSERT INTO song (song_id, album_id, name, duration_seconds, bpm, track_number) VALUES (3310, 448, 'Floor cold economic', 283, 158, 8);
INSERT INTO song (song_id, album_id, name, duration_seconds, bpm, track_number) VALUES (3311, 448, 'Book', 448, 135, 9);
INSERT INTO song (song_id, album_id, name, duration_seconds, bpm, track_number) VALUES (3312, 448, 'Get', 197, 166, 10);
INSERT INTO album (album_id, artist_id, title, release_year, created_at) VALUES (449, 229, 'User-friendly national system engine', 1975, NOW());
INSERT INTO song (song_id, album_id, name, duration_seconds, bpm, track_number) VALUES (3313, 449, 'General', 416, 168, 1);
INSERT INTO song (song_id, album_id, name, duration_seconds, bpm, track_number) VALUES (3314, 449, 'Even tend', 144, 134, 2);
INSERT INTO song (song_id, album_id, name, duration_seconds, bpm, track_number) VALUES (3315, 449, 'Knowledge decide', 343, 164, 3);
INSERT INTO song (song_id, album_id, name, duration_seconds, bpm, track_number) VALUES (3316, 449, 'Foreign among money', 353, 77, 4);
INSERT INTO song (song_id, album_id, name, duration_seconds, bpm, track_number) VALUES (3317, 449, 'Resource meeting', 131, 179, 5);
INSERT INTO song (song_id, album_id, name, duration_seconds, bpm, track_number) VALUES (3318, 449, 'Skill painting most', 174, 154, 6);
INSERT INTO song (song_id, album_id, name, duration_seconds, bpm, track_number) VALUES (3319, 449, 'Summer', 252, 108, 7);
INSERT INTO song (song_id, album_id, name, duration_seconds, bpm, track_number) VALUES (3320, 449, 'Pull', 172, 165, 8);
INSERT INTO song (song_id, album_id, name, duration_seconds, bpm, track_number) VALUES (3321, 449, 'Business rich', 224, 71, 9);
INSERT INTO song (song_id, album_id, name, duration_seconds, bpm, track_number) VALUES (3322, 449, 'Air fear', 345, 141, 10);
INSERT INTO album (album_id, artist_id, title, release_year, created_at) VALUES (450, 230, 'Multi-channeled 24hour parallelism', 2021, NOW());
INSERT INTO song (song_id, album_id, name, duration_seconds, bpm, track_number) VALUES (3323, 450, 'Within price pay', 311, 144, 1);
INSERT INTO song (song_id, album_id, name, duration_seconds, bpm, track_number) VALUES (3324, 450, 'Line', 308, 73, 2);
INSERT INTO song (song_id, album_id, name, duration_seconds, bpm, track_number) VALUES (3325, 450, 'Put report resource', 381, 156, 3);
INSERT INTO song (song_id, album_id, name, duration_seconds, bpm, track_number) VALUES (3326, 450, 'At computer rock fly art', 373, 67, 4);
INSERT INTO song (song_id, album_id, name, duration_seconds, bpm, track_number) VALUES (3327, 450, 'His', 244, 136, 5);
INSERT INTO album (album_id, artist_id, title, release_year, created_at) VALUES (451, 230, 'Open-architected regional intranet', 2015, NOW());
INSERT INTO song (song_id, album_id, name, duration_seconds, bpm, track_number) VALUES (3328, 451, 'By born although', 336, 83, 1);
INSERT INTO song (song_id, album_id, name, duration_seconds, bpm, track_number) VALUES (3329, 451, 'Nature', 261, 78, 2);
INSERT INTO song (song_id, album_id, name, duration_seconds, bpm, track_number) VALUES (3330, 451, 'Artist part against', 387, 166, 3);
INSERT INTO song (song_id, album_id, name, duration_seconds, bpm, track_number) VALUES (3331, 451, 'A ago sign public will', 176, 156, 4);
INSERT INTO song (song_id, album_id, name, duration_seconds, bpm, track_number) VALUES (3332, 451, 'Agreement fire east oil', 158, 126, 5);
INSERT INTO song (song_id, album_id, name, duration_seconds, bpm, track_number) VALUES (3333, 451, 'Eye old oil', 367, 145, 6);
INSERT INTO album (album_id, artist_id, title, release_year, created_at) VALUES (452, 231, 'Programmable user-facing product', 1979, NOW());
INSERT INTO song (song_id, album_id, name, duration_seconds, bpm, track_number) VALUES (3334, 452, 'Edge', 411, 117, 1);
INSERT INTO song (song_id, album_id, name, duration_seconds, bpm, track_number) VALUES (3335, 452, 'Similar factor action', 130, 112, 2);
INSERT INTO song (song_id, album_id, name, duration_seconds, bpm, track_number) VALUES (3336, 452, 'Upon', 363, 180, 3);
INSERT INTO song (song_id, album_id, name, duration_seconds, bpm, track_number) VALUES (3337, 452, 'Ball', 193, 143, 4);
INSERT INTO song (song_id, album_id, name, duration_seconds, bpm, track_number) VALUES (3338, 452, 'Compare', 378, 86, 5);
INSERT INTO song (song_id, album_id, name, duration_seconds, bpm, track_number) VALUES (3339, 452, 'She officer early', 162, 137, 6);
INSERT INTO song (song_id, album_id, name, duration_seconds, bpm, track_number) VALUES (3340, 452, 'Race least', 276, 178, 7);
INSERT INTO album (album_id, artist_id, title, release_year, created_at) VALUES (453, 231, 'Streamlined reciprocal model', 1988, NOW());
INSERT INTO song (song_id, album_id, name, duration_seconds, bpm, track_number) VALUES (3341, 453, 'Arrive', 415, 90, 1);
INSERT INTO song (song_id, album_id, name, duration_seconds, bpm, track_number) VALUES (3342, 453, 'Open', 254, 95, 2);
INSERT INTO song (song_id, album_id, name, duration_seconds, bpm, track_number) VALUES (3343, 453, 'Idea environmental', 303, 169, 3);
INSERT INTO song (song_id, album_id, name, duration_seconds, bpm, track_number) VALUES (3344, 453, 'Physical process enough final', 187, 125, 4);
INSERT INTO song (song_id, album_id, name, duration_seconds, bpm, track_number) VALUES (3345, 453, 'Research place', 184, 120, 5);
INSERT INTO song (song_id, album_id, name, duration_seconds, bpm, track_number) VALUES (3346, 453, 'Which sister tend general', 314, 75, 6);
INSERT INTO song (song_id, album_id, name, duration_seconds, bpm, track_number) VALUES (3347, 453, 'Nice set', 130, 110, 7);
INSERT INTO song (song_id, album_id, name, duration_seconds, bpm, track_number) VALUES (3348, 453, 'Stand term firm', 358, 64, 8);
INSERT INTO song (song_id, album_id, name, duration_seconds, bpm, track_number) VALUES (3349, 453, 'Participant', 460, 121, 9);
INSERT INTO album (album_id, artist_id, title, release_year, created_at) VALUES (454, 232, 'Cross-group regional open architecture', 2025, NOW());
INSERT INTO song (song_id, album_id, name, duration_seconds, bpm, track_number) VALUES (3350, 454, 'Son charge response child', 479, 73, 1);
INSERT INTO song (song_id, album_id, name, duration_seconds, bpm, track_number) VALUES (3351, 454, 'Out want', 219, 80, 2);
INSERT INTO song (song_id, album_id, name, duration_seconds, bpm, track_number) VALUES (3352, 454, 'Scene', 328, 80, 3);
INSERT INTO song (song_id, album_id, name, duration_seconds, bpm, track_number) VALUES (3353, 454, 'Financial Mr', 343, 92, 4);
INSERT INTO song (song_id, album_id, name, duration_seconds, bpm, track_number) VALUES (3354, 454, 'Daughter', 405, 139, 5);
INSERT INTO song (song_id, album_id, name, duration_seconds, bpm, track_number) VALUES (3355, 454, 'Per', 408, 62, 6);
INSERT INTO song (song_id, album_id, name, duration_seconds, bpm, track_number) VALUES (3356, 454, 'Into activity', 357, 134, 7);
INSERT INTO song (song_id, album_id, name, duration_seconds, bpm, track_number) VALUES (3357, 454, 'So owner should loss', 160, 162, 8);
INSERT INTO song (song_id, album_id, name, duration_seconds, bpm, track_number) VALUES (3358, 454, 'Enjoy property hear glass', 184, 96, 9);
INSERT INTO song (song_id, album_id, name, duration_seconds, bpm, track_number) VALUES (3359, 454, 'Model', 310, 152, 10);
INSERT INTO album (album_id, artist_id, title, release_year, created_at) VALUES (455, 233, 'User-centric multi-tasking approach', 1985, NOW());
INSERT INTO song (song_id, album_id, name, duration_seconds, bpm, track_number) VALUES (3360, 455, 'Write economy', 468, 136, 1);
INSERT INTO song (song_id, album_id, name, duration_seconds, bpm, track_number) VALUES (3361, 455, 'Me lawyer add bank control', 468, 163, 2);
INSERT INTO song (song_id, album_id, name, duration_seconds, bpm, track_number) VALUES (3362, 455, 'Executive available', 125, 108, 3);
INSERT INTO song (song_id, album_id, name, duration_seconds, bpm, track_number) VALUES (3363, 455, 'Character policy', 456, 105, 4);
INSERT INTO song (song_id, album_id, name, duration_seconds, bpm, track_number) VALUES (3364, 455, 'Candidate car', 212, 99, 5);
INSERT INTO song (song_id, album_id, name, duration_seconds, bpm, track_number) VALUES (3365, 455, 'Form story', 229, 99, 6);
INSERT INTO song (song_id, album_id, name, duration_seconds, bpm, track_number) VALUES (3366, 455, 'Economic huge', 182, 62, 7);
INSERT INTO song (song_id, album_id, name, duration_seconds, bpm, track_number) VALUES (3367, 455, 'Practice', 398, 137, 8);
INSERT INTO album (album_id, artist_id, title, release_year, created_at) VALUES (456, 234, 'Cross-group uniform instruction set', 2015, NOW());
INSERT INTO song (song_id, album_id, name, duration_seconds, bpm, track_number) VALUES (3368, 456, 'Son', 439, 60, 1);
INSERT INTO song (song_id, album_id, name, duration_seconds, bpm, track_number) VALUES (3369, 456, 'Religious professional agent', 288, 112, 2);
INSERT INTO song (song_id, album_id, name, duration_seconds, bpm, track_number) VALUES (3370, 456, 'Laugh modern option environment', 258, 137, 3);
INSERT INTO song (song_id, album_id, name, duration_seconds, bpm, track_number) VALUES (3371, 456, 'Song phone', 322, 155, 4);
INSERT INTO song (song_id, album_id, name, duration_seconds, bpm, track_number) VALUES (3372, 456, 'Recognize easy control maybe', 434, 147, 5);
INSERT INTO song (song_id, album_id, name, duration_seconds, bpm, track_number) VALUES (3373, 456, 'Religious government organization', 372, 153, 6);
INSERT INTO song (song_id, album_id, name, duration_seconds, bpm, track_number) VALUES (3374, 456, 'Also', 472, 114, 7);
INSERT INTO album (album_id, artist_id, title, release_year, created_at) VALUES (457, 235, 'Ameliorated value-added moderator', 2017, NOW());
INSERT INTO song (song_id, album_id, name, duration_seconds, bpm, track_number) VALUES (3375, 457, 'Land effect claim', 248, 119, 1);
INSERT INTO song (song_id, album_id, name, duration_seconds, bpm, track_number) VALUES (3376, 457, 'Thank', 131, 108, 2);
INSERT INTO song (song_id, album_id, name, duration_seconds, bpm, track_number) VALUES (3377, 457, 'Sit voice', 283, 96, 3);
INSERT INTO song (song_id, album_id, name, duration_seconds, bpm, track_number) VALUES (3378, 457, 'Cut', 334, 86, 4);
INSERT INTO song (song_id, album_id, name, duration_seconds, bpm, track_number) VALUES (3379, 457, 'Newspaper week only', 136, 178, 5);
INSERT INTO song (song_id, album_id, name, duration_seconds, bpm, track_number) VALUES (3380, 457, 'Pass join among shake', 395, 62, 6);
INSERT INTO song (song_id, album_id, name, duration_seconds, bpm, track_number) VALUES (3381, 457, 'Reason kid produce', 198, 91, 7);
INSERT INTO song (song_id, album_id, name, duration_seconds, bpm, track_number) VALUES (3382, 457, 'Third itself hot', 218, 99, 8);
INSERT INTO song (song_id, album_id, name, duration_seconds, bpm, track_number) VALUES (3383, 457, 'Soon room', 345, 122, 9);
INSERT INTO album (album_id, artist_id, title, release_year, created_at) VALUES (458, 235, 'Quality-focused scalable migration', 1995, NOW());
INSERT INTO song (song_id, album_id, name, duration_seconds, bpm, track_number) VALUES (3384, 458, 'Western realize thank', 183, 125, 1);
INSERT INTO song (song_id, album_id, name, duration_seconds, bpm, track_number) VALUES (3385, 458, 'Eat', 461, 174, 2);
INSERT INTO song (song_id, album_id, name, duration_seconds, bpm, track_number) VALUES (3386, 458, 'Before', 459, 134, 3);
INSERT INTO song (song_id, album_id, name, duration_seconds, bpm, track_number) VALUES (3387, 458, 'Talk room before', 265, 93, 4);
INSERT INTO song (song_id, album_id, name, duration_seconds, bpm, track_number) VALUES (3388, 458, 'Any size blue', 335, 138, 5);
INSERT INTO song (song_id, album_id, name, duration_seconds, bpm, track_number) VALUES (3389, 458, 'Nation tough', 287, 71, 6);
INSERT INTO song (song_id, album_id, name, duration_seconds, bpm, track_number) VALUES (3390, 458, 'Dog', 352, 106, 7);
INSERT INTO album (album_id, artist_id, title, release_year, created_at) VALUES (459, 236, 'Polarized intangible leverage', 1972, NOW());
INSERT INTO song (song_id, album_id, name, duration_seconds, bpm, track_number) VALUES (3391, 459, 'Ask', 318, 95, 1);
INSERT INTO song (song_id, album_id, name, duration_seconds, bpm, track_number) VALUES (3392, 459, 'Energy', 387, 149, 2);
INSERT INTO song (song_id, album_id, name, duration_seconds, bpm, track_number) VALUES (3393, 459, 'Local challenge', 267, 96, 3);
INSERT INTO song (song_id, album_id, name, duration_seconds, bpm, track_number) VALUES (3394, 459, 'Card', 257, 98, 4);
INSERT INTO song (song_id, album_id, name, duration_seconds, bpm, track_number) VALUES (3395, 459, 'Authority anything', 381, 135, 5);
INSERT INTO song (song_id, album_id, name, duration_seconds, bpm, track_number) VALUES (3396, 459, 'My threat any', 284, 98, 6);
INSERT INTO song (song_id, album_id, name, duration_seconds, bpm, track_number) VALUES (3397, 459, 'Check moment', 168, 160, 7);
INSERT INTO album (album_id, artist_id, title, release_year, created_at) VALUES (460, 237, 'Mandatory 5thgeneration complexity', 2001, NOW());
INSERT INTO song (song_id, album_id, name, duration_seconds, bpm, track_number) VALUES (3398, 460, 'Bank', 188, 140, 1);
INSERT INTO song (song_id, album_id, name, duration_seconds, bpm, track_number) VALUES (3399, 460, 'Also force special', 392, 142, 2);
INSERT INTO song (song_id, album_id, name, duration_seconds, bpm, track_number) VALUES (3400, 460, 'Six outside to make', 332, 89, 3);
INSERT INTO song (song_id, album_id, name, duration_seconds, bpm, track_number) VALUES (3401, 460, 'World', 461, 112, 4);
INSERT INTO song (song_id, album_id, name, duration_seconds, bpm, track_number) VALUES (3402, 460, 'Project star give', 438, 72, 5);
INSERT INTO album (album_id, artist_id, title, release_year, created_at) VALUES (461, 237, 'Reverse-engineered modular initiative', 1973, NOW());
INSERT INTO song (song_id, album_id, name, duration_seconds, bpm, track_number) VALUES (3403, 461, 'Customer protect charge', 288, 87, 1);
INSERT INTO song (song_id, album_id, name, duration_seconds, bpm, track_number) VALUES (3404, 461, 'Until guy', 329, 178, 2);
INSERT INTO song (song_id, album_id, name, duration_seconds, bpm, track_number) VALUES (3405, 461, 'Part', 365, 141, 3);
INSERT INTO song (song_id, album_id, name, duration_seconds, bpm, track_number) VALUES (3406, 461, 'Decade', 219, 76, 4);
INSERT INTO song (song_id, album_id, name, duration_seconds, bpm, track_number) VALUES (3407, 461, 'Glass which', 414, 119, 5);
INSERT INTO song (song_id, album_id, name, duration_seconds, bpm, track_number) VALUES (3408, 461, 'Firm', 149, 127, 6);
INSERT INTO song (song_id, album_id, name, duration_seconds, bpm, track_number) VALUES (3409, 461, 'Town', 363, 110, 7);
INSERT INTO song (song_id, album_id, name, duration_seconds, bpm, track_number) VALUES (3410, 461, 'Player same', 244, 125, 8);
INSERT INTO album (album_id, artist_id, title, release_year, created_at) VALUES (462, 238, 'User-friendly systematic complexity', 1985, NOW());
INSERT INTO song (song_id, album_id, name, duration_seconds, bpm, track_number) VALUES (3411, 462, 'Popular fine', 464, 73, 1);
INSERT INTO song (song_id, album_id, name, duration_seconds, bpm, track_number) VALUES (3412, 462, 'Up social', 376, 131, 2);
INSERT INTO song (song_id, album_id, name, duration_seconds, bpm, track_number) VALUES (3413, 462, 'International forget star', 209, 139, 3);
INSERT INTO song (song_id, album_id, name, duration_seconds, bpm, track_number) VALUES (3414, 462, 'Democrat', 178, 108, 4);
INSERT INTO song (song_id, album_id, name, duration_seconds, bpm, track_number) VALUES (3415, 462, 'Pressure', 379, 137, 5);
INSERT INTO song (song_id, album_id, name, duration_seconds, bpm, track_number) VALUES (3416, 462, 'Maintain', 133, 67, 6);
INSERT INTO song (song_id, album_id, name, duration_seconds, bpm, track_number) VALUES (3417, 462, 'Friend bring speak couple something', 476, 162, 7);
INSERT INTO song (song_id, album_id, name, duration_seconds, bpm, track_number) VALUES (3418, 462, 'Foot', 233, 99, 8);
INSERT INTO song (song_id, album_id, name, duration_seconds, bpm, track_number) VALUES (3419, 462, 'Be', 359, 89, 9);
INSERT INTO album (album_id, artist_id, title, release_year, created_at) VALUES (463, 238, 'Organized multimedia standardization', 2017, NOW());
INSERT INTO song (song_id, album_id, name, duration_seconds, bpm, track_number) VALUES (3420, 463, 'Benefit', 401, 90, 1);
INSERT INTO song (song_id, album_id, name, duration_seconds, bpm, track_number) VALUES (3421, 463, 'Short rise', 216, 77, 2);
INSERT INTO song (song_id, album_id, name, duration_seconds, bpm, track_number) VALUES (3422, 463, 'Development himself travel subject', 346, 161, 3);
INSERT INTO song (song_id, album_id, name, duration_seconds, bpm, track_number) VALUES (3423, 463, 'Step', 313, 126, 4);
INSERT INTO song (song_id, album_id, name, duration_seconds, bpm, track_number) VALUES (3424, 463, 'Someone factor', 216, 148, 5);
INSERT INTO album (album_id, artist_id, title, release_year, created_at) VALUES (464, 239, 'Visionary optimizing collaboration', 2026, NOW());
INSERT INTO song (song_id, album_id, name, duration_seconds, bpm, track_number) VALUES (3425, 464, 'Reveal PM', 405, 136, 1);
INSERT INTO song (song_id, album_id, name, duration_seconds, bpm, track_number) VALUES (3426, 464, 'Shake', 122, 97, 2);
INSERT INTO song (song_id, album_id, name, duration_seconds, bpm, track_number) VALUES (3427, 464, 'Give', 280, 124, 3);
INSERT INTO song (song_id, album_id, name, duration_seconds, bpm, track_number) VALUES (3428, 464, 'Situation team', 171, 105, 4);
INSERT INTO song (song_id, album_id, name, duration_seconds, bpm, track_number) VALUES (3429, 464, 'Chair', 148, 164, 5);
INSERT INTO song (song_id, album_id, name, duration_seconds, bpm, track_number) VALUES (3430, 464, 'List office', 387, 125, 6);
INSERT INTO song (song_id, album_id, name, duration_seconds, bpm, track_number) VALUES (3431, 464, 'Safe', 277, 108, 7);
INSERT INTO album (album_id, artist_id, title, release_year, created_at) VALUES (465, 239, 'Reduced incremental support', 1991, NOW());
INSERT INTO song (song_id, album_id, name, duration_seconds, bpm, track_number) VALUES (3432, 465, 'Old', 280, 171, 1);
INSERT INTO song (song_id, album_id, name, duration_seconds, bpm, track_number) VALUES (3433, 465, 'Cover once technology environmental other', 231, 91, 2);
INSERT INTO song (song_id, album_id, name, duration_seconds, bpm, track_number) VALUES (3434, 465, 'Wear', 200, 111, 3);
INSERT INTO song (song_id, album_id, name, duration_seconds, bpm, track_number) VALUES (3435, 465, 'Provide more bad yard by', 473, 164, 4);
INSERT INTO song (song_id, album_id, name, duration_seconds, bpm, track_number) VALUES (3436, 465, 'Organization', 199, 157, 5);
INSERT INTO song (song_id, album_id, name, duration_seconds, bpm, track_number) VALUES (3437, 465, 'Public', 466, 74, 6);
INSERT INTO song (song_id, album_id, name, duration_seconds, bpm, track_number) VALUES (3438, 465, 'Artist own public time', 477, 60, 7);
INSERT INTO song (song_id, album_id, name, duration_seconds, bpm, track_number) VALUES (3439, 465, 'Expert', 205, 165, 8);
INSERT INTO song (song_id, album_id, name, duration_seconds, bpm, track_number) VALUES (3440, 465, 'Successful see', 203, 162, 9);
INSERT INTO album (album_id, artist_id, title, release_year, created_at) VALUES (466, 239, 'Robust multi-state neural-net', 2017, NOW());
INSERT INTO song (song_id, album_id, name, duration_seconds, bpm, track_number) VALUES (3441, 466, 'National', 323, 173, 1);
INSERT INTO song (song_id, album_id, name, duration_seconds, bpm, track_number) VALUES (3442, 466, 'Vote', 439, 145, 2);
INSERT INTO song (song_id, album_id, name, duration_seconds, bpm, track_number) VALUES (3443, 466, 'Economy society', 258, 120, 3);
INSERT INTO song (song_id, album_id, name, duration_seconds, bpm, track_number) VALUES (3444, 466, 'Side mission', 396, 85, 4);
INSERT INTO song (song_id, album_id, name, duration_seconds, bpm, track_number) VALUES (3445, 466, 'Democratic', 334, 106, 5);
INSERT INTO album (album_id, artist_id, title, release_year, created_at) VALUES (467, 240, 'Multi-channeled non-volatile hardware', 1992, NOW());
INSERT INTO song (song_id, album_id, name, duration_seconds, bpm, track_number) VALUES (3446, 467, 'Drug near already state', 251, 99, 1);
INSERT INTO song (song_id, album_id, name, duration_seconds, bpm, track_number) VALUES (3447, 467, 'Over particular TV', 271, 106, 2);
INSERT INTO song (song_id, album_id, name, duration_seconds, bpm, track_number) VALUES (3448, 467, 'Understand push', 459, 136, 3);
INSERT INTO song (song_id, album_id, name, duration_seconds, bpm, track_number) VALUES (3449, 467, 'Thought share', 253, 159, 4);
INSERT INTO song (song_id, album_id, name, duration_seconds, bpm, track_number) VALUES (3450, 467, 'Specific', 184, 174, 5);
INSERT INTO song (song_id, album_id, name, duration_seconds, bpm, track_number) VALUES (3451, 467, 'Child local bar out', 219, 131, 6);
INSERT INTO album (album_id, artist_id, title, release_year, created_at) VALUES (468, 240, 'Seamless didactic support', 1975, NOW());
INSERT INTO song (song_id, album_id, name, duration_seconds, bpm, track_number) VALUES (3452, 468, 'I', 243, 141, 1);
INSERT INTO song (song_id, album_id, name, duration_seconds, bpm, track_number) VALUES (3453, 468, 'Kind doctor', 294, 66, 2);
INSERT INTO song (song_id, album_id, name, duration_seconds, bpm, track_number) VALUES (3454, 468, 'Pass help', 377, 90, 3);
INSERT INTO song (song_id, album_id, name, duration_seconds, bpm, track_number) VALUES (3455, 468, 'Member', 233, 138, 4);
INSERT INTO song (song_id, album_id, name, duration_seconds, bpm, track_number) VALUES (3456, 468, 'Doctor response', 431, 164, 5);
INSERT INTO song (song_id, album_id, name, duration_seconds, bpm, track_number) VALUES (3457, 468, 'Media', 276, 146, 6);
INSERT INTO song (song_id, album_id, name, duration_seconds, bpm, track_number) VALUES (3458, 468, 'Brother turn', 154, 158, 7);
INSERT INTO song (song_id, album_id, name, duration_seconds, bpm, track_number) VALUES (3459, 468, 'Onto', 303, 115, 8);
INSERT INTO song (song_id, album_id, name, duration_seconds, bpm, track_number) VALUES (3460, 468, 'Happen', 202, 63, 9);
INSERT INTO song (song_id, album_id, name, duration_seconds, bpm, track_number) VALUES (3461, 468, 'Could whole stage', 412, 85, 10);
INSERT INTO album (album_id, artist_id, title, release_year, created_at) VALUES (469, 241, 'Public-key logistical capability', 1973, NOW());
INSERT INTO song (song_id, album_id, name, duration_seconds, bpm, track_number) VALUES (3462, 469, 'Hotel', 369, 136, 1);
INSERT INTO song (song_id, album_id, name, duration_seconds, bpm, track_number) VALUES (3463, 469, 'Whole', 474, 94, 2);
INSERT INTO song (song_id, album_id, name, duration_seconds, bpm, track_number) VALUES (3464, 469, 'Half trial civil item be', 217, 155, 3);
INSERT INTO song (song_id, album_id, name, duration_seconds, bpm, track_number) VALUES (3465, 469, 'These', 332, 96, 4);
INSERT INTO song (song_id, album_id, name, duration_seconds, bpm, track_number) VALUES (3466, 469, 'Stage particularly hotel', 434, 123, 5);
INSERT INTO song (song_id, album_id, name, duration_seconds, bpm, track_number) VALUES (3467, 469, 'When someone child', 172, 126, 6);
INSERT INTO album (album_id, artist_id, title, release_year, created_at) VALUES (470, 241, 'Team-oriented client-server Local Area Network', 2014, NOW());
INSERT INTO song (song_id, album_id, name, duration_seconds, bpm, track_number) VALUES (3468, 470, 'Hear thing', 352, 89, 1);
INSERT INTO song (song_id, album_id, name, duration_seconds, bpm, track_number) VALUES (3469, 470, 'Hour', 285, 165, 2);
INSERT INTO song (song_id, album_id, name, duration_seconds, bpm, track_number) VALUES (3470, 470, 'Appear', 438, 100, 3);
INSERT INTO song (song_id, album_id, name, duration_seconds, bpm, track_number) VALUES (3471, 470, 'Listen', 369, 154, 4);
INSERT INTO song (song_id, album_id, name, duration_seconds, bpm, track_number) VALUES (3472, 470, 'Cold report machine', 240, 96, 5);
INSERT INTO song (song_id, album_id, name, duration_seconds, bpm, track_number) VALUES (3473, 470, 'Hotel cause detail', 352, 160, 6);
INSERT INTO song (song_id, album_id, name, duration_seconds, bpm, track_number) VALUES (3474, 470, 'Democratic cut religious physical', 432, 147, 7);
INSERT INTO song (song_id, album_id, name, duration_seconds, bpm, track_number) VALUES (3475, 470, 'Social learn', 202, 120, 8);
INSERT INTO album (album_id, artist_id, title, release_year, created_at) VALUES (471, 242, 'Reduced neutral policy', 1991, NOW());
INSERT INTO song (song_id, album_id, name, duration_seconds, bpm, track_number) VALUES (3476, 471, 'Security analysis two', 352, 147, 1);
INSERT INTO song (song_id, album_id, name, duration_seconds, bpm, track_number) VALUES (3477, 471, 'Simply', 158, 169, 2);
INSERT INTO song (song_id, album_id, name, duration_seconds, bpm, track_number) VALUES (3478, 471, 'Environmental a church serve', 375, 80, 3);
INSERT INTO song (song_id, album_id, name, duration_seconds, bpm, track_number) VALUES (3479, 471, 'Would', 161, 163, 4);
INSERT INTO song (song_id, album_id, name, duration_seconds, bpm, track_number) VALUES (3480, 471, 'Town this recognize', 268, 112, 5);
INSERT INTO song (song_id, album_id, name, duration_seconds, bpm, track_number) VALUES (3481, 471, 'Lawyer', 140, 113, 6);
INSERT INTO album (album_id, artist_id, title, release_year, created_at) VALUES (472, 242, 'Self-enabling foreground help-desk', 1991, NOW());
INSERT INTO song (song_id, album_id, name, duration_seconds, bpm, track_number) VALUES (3482, 472, 'Language', 237, 110, 1);
INSERT INTO song (song_id, album_id, name, duration_seconds, bpm, track_number) VALUES (3483, 472, 'Particularly himself', 206, 90, 2);
INSERT INTO song (song_id, album_id, name, duration_seconds, bpm, track_number) VALUES (3484, 472, 'Trip', 375, 153, 3);
INSERT INTO song (song_id, album_id, name, duration_seconds, bpm, track_number) VALUES (3485, 472, 'Mean morning', 286, 178, 4);
INSERT INTO song (song_id, album_id, name, duration_seconds, bpm, track_number) VALUES (3486, 472, 'Teach', 369, 115, 5);
INSERT INTO song (song_id, album_id, name, duration_seconds, bpm, track_number) VALUES (3487, 472, 'Later', 344, 154, 6);
INSERT INTO album (album_id, artist_id, title, release_year, created_at) VALUES (473, 243, 'Fully-configurable regional initiative', 1984, NOW());
INSERT INTO song (song_id, album_id, name, duration_seconds, bpm, track_number) VALUES (3488, 473, 'Meeting right pick detail', 425, 100, 1);
INSERT INTO song (song_id, album_id, name, duration_seconds, bpm, track_number) VALUES (3489, 473, 'Body lose can explain in', 365, 82, 2);
INSERT INTO song (song_id, album_id, name, duration_seconds, bpm, track_number) VALUES (3490, 473, 'Least', 419, 174, 3);
INSERT INTO song (song_id, album_id, name, duration_seconds, bpm, track_number) VALUES (3491, 473, 'Something number opportunity', 203, 84, 4);
INSERT INTO song (song_id, album_id, name, duration_seconds, bpm, track_number) VALUES (3492, 473, 'Create enough rate this', 319, 121, 5);
INSERT INTO song (song_id, album_id, name, duration_seconds, bpm, track_number) VALUES (3493, 473, 'Market become movement', 163, 122, 6);
INSERT INTO song (song_id, album_id, name, duration_seconds, bpm, track_number) VALUES (3494, 473, 'Rather', 341, 86, 7);
INSERT INTO song (song_id, album_id, name, duration_seconds, bpm, track_number) VALUES (3495, 473, 'Finish', 466, 168, 8);
INSERT INTO album (album_id, artist_id, title, release_year, created_at) VALUES (474, 244, 'Reverse-engineered responsive Graphical User Interface', 2013, NOW());
INSERT INTO song (song_id, album_id, name, duration_seconds, bpm, track_number) VALUES (3496, 474, 'Nothing', 252, 78, 1);
INSERT INTO song (song_id, album_id, name, duration_seconds, bpm, track_number) VALUES (3497, 474, 'Out agree team', 177, 147, 2);
INSERT INTO song (song_id, album_id, name, duration_seconds, bpm, track_number) VALUES (3498, 474, 'Our two well', 225, 116, 3);
INSERT INTO song (song_id, album_id, name, duration_seconds, bpm, track_number) VALUES (3499, 474, 'Question fund', 285, 171, 4);
INSERT INTO song (song_id, album_id, name, duration_seconds, bpm, track_number) VALUES (3500, 474, 'Single prepare', 364, 158, 5);
INSERT INTO song (song_id, album_id, name, duration_seconds, bpm, track_number) VALUES (3501, 474, 'Factor', 367, 111, 6);
INSERT INTO song (song_id, album_id, name, duration_seconds, bpm, track_number) VALUES (3502, 474, 'Example network matter', 268, 109, 7);
INSERT INTO song (song_id, album_id, name, duration_seconds, bpm, track_number) VALUES (3503, 474, 'Leader owner article', 466, 92, 8);
INSERT INTO song (song_id, album_id, name, duration_seconds, bpm, track_number) VALUES (3504, 474, 'Particular reason high', 207, 105, 9);
INSERT INTO song (song_id, album_id, name, duration_seconds, bpm, track_number) VALUES (3505, 474, 'Use matter tend anything seek', 179, 154, 10);
INSERT INTO album (album_id, artist_id, title, release_year, created_at) VALUES (475, 244, 'Integrated global hierarchy', 2002, NOW());
INSERT INTO song (song_id, album_id, name, duration_seconds, bpm, track_number) VALUES (3506, 475, 'Contain', 154, 128, 1);
INSERT INTO song (song_id, album_id, name, duration_seconds, bpm, track_number) VALUES (3507, 475, 'Speech', 383, 158, 2);
INSERT INTO song (song_id, album_id, name, duration_seconds, bpm, track_number) VALUES (3508, 475, 'Service clear', 452, 140, 3);
INSERT INTO song (song_id, album_id, name, duration_seconds, bpm, track_number) VALUES (3509, 475, 'Finally', 422, 146, 4);
INSERT INTO song (song_id, album_id, name, duration_seconds, bpm, track_number) VALUES (3510, 475, 'Network yeah', 302, 163, 5);
INSERT INTO song (song_id, album_id, name, duration_seconds, bpm, track_number) VALUES (3511, 475, 'Line activity bad ball', 188, 148, 6);
INSERT INTO album (album_id, artist_id, title, release_year, created_at) VALUES (476, 245, 'Function-based maximized hub', 1976, NOW());
INSERT INTO song (song_id, album_id, name, duration_seconds, bpm, track_number) VALUES (3512, 476, 'Data condition rest', 337, 129, 1);
INSERT INTO song (song_id, album_id, name, duration_seconds, bpm, track_number) VALUES (3513, 476, 'Approach', 285, 71, 2);
INSERT INTO song (song_id, album_id, name, duration_seconds, bpm, track_number) VALUES (3514, 476, 'Consumer', 170, 122, 3);
INSERT INTO song (song_id, album_id, name, duration_seconds, bpm, track_number) VALUES (3515, 476, 'Energy', 271, 88, 4);
INSERT INTO song (song_id, album_id, name, duration_seconds, bpm, track_number) VALUES (3516, 476, 'Reflect ability', 279, 78, 5);
INSERT INTO album (album_id, artist_id, title, release_year, created_at) VALUES (477, 245, 'Reduced hybrid software', 2001, NOW());
INSERT INTO song (song_id, album_id, name, duration_seconds, bpm, track_number) VALUES (3517, 477, 'Huge edge onto', 453, 120, 1);
INSERT INTO song (song_id, album_id, name, duration_seconds, bpm, track_number) VALUES (3518, 477, 'Painting event care', 136, 85, 2);
INSERT INTO song (song_id, album_id, name, duration_seconds, bpm, track_number) VALUES (3519, 477, 'Card tell', 359, 144, 3);
INSERT INTO song (song_id, album_id, name, duration_seconds, bpm, track_number) VALUES (3520, 477, 'Moment beyond', 149, 130, 4);
INSERT INTO song (song_id, album_id, name, duration_seconds, bpm, track_number) VALUES (3521, 477, 'Person true foot', 155, 162, 5);
INSERT INTO song (song_id, album_id, name, duration_seconds, bpm, track_number) VALUES (3522, 477, 'Democratic action', 371, 67, 6);
INSERT INTO song (song_id, album_id, name, duration_seconds, bpm, track_number) VALUES (3523, 477, 'Sign', 452, 179, 7);
INSERT INTO song (song_id, album_id, name, duration_seconds, bpm, track_number) VALUES (3524, 477, 'Road', 300, 176, 8);
INSERT INTO song (song_id, album_id, name, duration_seconds, bpm, track_number) VALUES (3525, 477, 'Administration should', 155, 103, 9);
INSERT INTO song (song_id, album_id, name, duration_seconds, bpm, track_number) VALUES (3526, 477, 'Clear firm any social evening', 326, 131, 10);
INSERT INTO album (album_id, artist_id, title, release_year, created_at) VALUES (478, 246, 'Diverse dynamic core', 1999, NOW());
INSERT INTO song (song_id, album_id, name, duration_seconds, bpm, track_number) VALUES (3527, 478, 'Daughter', 312, 128, 1);
INSERT INTO song (song_id, album_id, name, duration_seconds, bpm, track_number) VALUES (3528, 478, 'Old', 196, 102, 2);
INSERT INTO song (song_id, album_id, name, duration_seconds, bpm, track_number) VALUES (3529, 478, 'Energy part', 246, 94, 3);
INSERT INTO song (song_id, album_id, name, duration_seconds, bpm, track_number) VALUES (3530, 478, 'Sing', 480, 104, 4);
INSERT INTO song (song_id, album_id, name, duration_seconds, bpm, track_number) VALUES (3531, 478, 'Conference reach arm', 274, 71, 5);
INSERT INTO song (song_id, album_id, name, duration_seconds, bpm, track_number) VALUES (3532, 478, 'Focus ground occur', 130, 121, 6);
INSERT INTO song (song_id, album_id, name, duration_seconds, bpm, track_number) VALUES (3533, 478, 'Next', 330, 80, 7);
INSERT INTO album (album_id, artist_id, title, release_year, created_at) VALUES (479, 246, 'Intuitive homogeneous functionalities', 2001, NOW());
INSERT INTO song (song_id, album_id, name, duration_seconds, bpm, track_number) VALUES (3534, 479, 'Enough character defense', 480, 79, 1);
INSERT INTO song (song_id, album_id, name, duration_seconds, bpm, track_number) VALUES (3535, 479, 'Later', 456, 139, 2);
INSERT INTO song (song_id, album_id, name, duration_seconds, bpm, track_number) VALUES (3536, 479, 'Measure city parent', 313, 63, 3);
INSERT INTO song (song_id, album_id, name, duration_seconds, bpm, track_number) VALUES (3537, 479, 'Suffer drug red work', 476, 160, 4);
INSERT INTO song (song_id, album_id, name, duration_seconds, bpm, track_number) VALUES (3538, 479, 'Put through onto start their', 356, 164, 5);
INSERT INTO album (album_id, artist_id, title, release_year, created_at) VALUES (480, 247, 'Re-contextualized multi-tasking matrix', 2015, NOW());
INSERT INTO song (song_id, album_id, name, duration_seconds, bpm, track_number) VALUES (3539, 480, 'Check moment', 208, 160, 1);
INSERT INTO song (song_id, album_id, name, duration_seconds, bpm, track_number) VALUES (3540, 480, 'Start', 430, 68, 2);
INSERT INTO song (song_id, album_id, name, duration_seconds, bpm, track_number) VALUES (3541, 480, 'Instead', 148, 131, 3);
INSERT INTO song (song_id, album_id, name, duration_seconds, bpm, track_number) VALUES (3542, 480, 'Life', 266, 67, 4);
INSERT INTO song (song_id, album_id, name, duration_seconds, bpm, track_number) VALUES (3543, 480, 'Deal rule', 372, 147, 5);
INSERT INTO song (song_id, album_id, name, duration_seconds, bpm, track_number) VALUES (3544, 480, 'Some', 410, 124, 6);
INSERT INTO song (song_id, album_id, name, duration_seconds, bpm, track_number) VALUES (3545, 480, 'Turn already close why', 406, 172, 7);
INSERT INTO song (song_id, album_id, name, duration_seconds, bpm, track_number) VALUES (3546, 480, 'By staff', 246, 118, 8);
INSERT INTO album (album_id, artist_id, title, release_year, created_at) VALUES (481, 247, 'Open-architected reciprocal open architecture', 2006, NOW());
INSERT INTO song (song_id, album_id, name, duration_seconds, bpm, track_number) VALUES (3547, 481, 'Use travel', 156, 162, 1);
INSERT INTO song (song_id, album_id, name, duration_seconds, bpm, track_number) VALUES (3548, 481, 'Most newspaper table', 122, 61, 2);
INSERT INTO song (song_id, album_id, name, duration_seconds, bpm, track_number) VALUES (3549, 481, 'Likely', 224, 123, 3);
INSERT INTO song (song_id, album_id, name, duration_seconds, bpm, track_number) VALUES (3550, 481, 'Beyond short', 330, 134, 4);
INSERT INTO song (song_id, album_id, name, duration_seconds, bpm, track_number) VALUES (3551, 481, 'Herself million statement', 280, 165, 5);
INSERT INTO album (album_id, artist_id, title, release_year, created_at) VALUES (482, 248, 'Advanced actuating task-force', 1997, NOW());
INSERT INTO song (song_id, album_id, name, duration_seconds, bpm, track_number) VALUES (3552, 482, 'Seven meeting', 217, 140, 1);
INSERT INTO song (song_id, album_id, name, duration_seconds, bpm, track_number) VALUES (3553, 482, 'Protect add', 473, 64, 2);
INSERT INTO song (song_id, album_id, name, duration_seconds, bpm, track_number) VALUES (3554, 482, 'Visit ok', 263, 151, 3);
INSERT INTO song (song_id, album_id, name, duration_seconds, bpm, track_number) VALUES (3555, 482, 'Focus', 122, 125, 4);
INSERT INTO song (song_id, album_id, name, duration_seconds, bpm, track_number) VALUES (3556, 482, 'Experience', 242, 116, 5);
INSERT INTO song (song_id, album_id, name, duration_seconds, bpm, track_number) VALUES (3557, 482, 'Answer heavy debate', 124, 74, 6);
INSERT INTO song (song_id, album_id, name, duration_seconds, bpm, track_number) VALUES (3558, 482, 'Everything', 439, 131, 7);
INSERT INTO album (album_id, artist_id, title, release_year, created_at) VALUES (483, 248, 'Sharable upward-trending access', 2017, NOW());
INSERT INTO song (song_id, album_id, name, duration_seconds, bpm, track_number) VALUES (3559, 483, 'Big', 392, 148, 1);
INSERT INTO song (song_id, album_id, name, duration_seconds, bpm, track_number) VALUES (3560, 483, 'Wonder country', 373, 177, 2);
INSERT INTO song (song_id, album_id, name, duration_seconds, bpm, track_number) VALUES (3561, 483, 'Vote raise', 324, 148, 3);
INSERT INTO song (song_id, album_id, name, duration_seconds, bpm, track_number) VALUES (3562, 483, 'Buy drop', 229, 60, 4);
INSERT INTO song (song_id, album_id, name, duration_seconds, bpm, track_number) VALUES (3563, 483, 'House', 369, 101, 5);
INSERT INTO song (song_id, album_id, name, duration_seconds, bpm, track_number) VALUES (3564, 483, 'Order', 295, 85, 6);
INSERT INTO song (song_id, album_id, name, duration_seconds, bpm, track_number) VALUES (3565, 483, 'President trip', 473, 79, 7);
INSERT INTO song (song_id, album_id, name, duration_seconds, bpm, track_number) VALUES (3566, 483, 'High', 363, 120, 8);
INSERT INTO song (song_id, album_id, name, duration_seconds, bpm, track_number) VALUES (3567, 483, 'Interesting top major', 127, 141, 9);
INSERT INTO song (song_id, album_id, name, duration_seconds, bpm, track_number) VALUES (3568, 483, 'Mr', 167, 138, 10);
INSERT INTO album (album_id, artist_id, title, release_year, created_at) VALUES (484, 248, 'Synchronized systematic instruction set', 2023, NOW());
INSERT INTO song (song_id, album_id, name, duration_seconds, bpm, track_number) VALUES (3569, 484, 'Time', 311, 158, 1);
INSERT INTO song (song_id, album_id, name, duration_seconds, bpm, track_number) VALUES (3570, 484, 'Ago', 276, 64, 2);
INSERT INTO song (song_id, album_id, name, duration_seconds, bpm, track_number) VALUES (3571, 484, 'Speak', 131, 176, 3);
INSERT INTO song (song_id, album_id, name, duration_seconds, bpm, track_number) VALUES (3572, 484, 'Like election member', 196, 166, 4);
INSERT INTO song (song_id, album_id, name, duration_seconds, bpm, track_number) VALUES (3573, 484, 'Real room', 247, 155, 5);
INSERT INTO song (song_id, album_id, name, duration_seconds, bpm, track_number) VALUES (3574, 484, 'Happy', 331, 175, 6);
INSERT INTO song (song_id, album_id, name, duration_seconds, bpm, track_number) VALUES (3575, 484, 'Again rock painting how little', 260, 159, 7);
INSERT INTO song (song_id, album_id, name, duration_seconds, bpm, track_number) VALUES (3576, 484, 'Answer', 290, 120, 8);
INSERT INTO song (song_id, album_id, name, duration_seconds, bpm, track_number) VALUES (3577, 484, 'Not alone', 240, 73, 9);
INSERT INTO song (song_id, album_id, name, duration_seconds, bpm, track_number) VALUES (3578, 484, 'Degree', 396, 152, 10);
INSERT INTO album (album_id, artist_id, title, release_year, created_at) VALUES (485, 249, 'Open-source fresh-thinking alliance', 1988, NOW());
INSERT INTO song (song_id, album_id, name, duration_seconds, bpm, track_number) VALUES (3579, 485, 'Remember present leg certain us', 333, 65, 1);
INSERT INTO song (song_id, album_id, name, duration_seconds, bpm, track_number) VALUES (3580, 485, 'Always', 357, 169, 2);
INSERT INTO song (song_id, album_id, name, duration_seconds, bpm, track_number) VALUES (3581, 485, 'Area', 462, 113, 3);
INSERT INTO song (song_id, album_id, name, duration_seconds, bpm, track_number) VALUES (3582, 485, 'Identify', 430, 142, 4);
INSERT INTO song (song_id, album_id, name, duration_seconds, bpm, track_number) VALUES (3583, 485, 'Same', 373, 136, 5);
INSERT INTO song (song_id, album_id, name, duration_seconds, bpm, track_number) VALUES (3584, 485, 'Visit if', 370, 148, 6);
INSERT INTO song (song_id, album_id, name, duration_seconds, bpm, track_number) VALUES (3585, 485, 'Risk', 325, 96, 7);
INSERT INTO song (song_id, album_id, name, duration_seconds, bpm, track_number) VALUES (3586, 485, 'Both', 265, 84, 8);
INSERT INTO song (song_id, album_id, name, duration_seconds, bpm, track_number) VALUES (3587, 485, 'Part style', 340, 136, 9);
INSERT INTO album (album_id, artist_id, title, release_year, created_at) VALUES (486, 249, 'Open-source needs-based focus group', 2002, NOW());
INSERT INTO song (song_id, album_id, name, duration_seconds, bpm, track_number) VALUES (3588, 486, 'Yourself discuss foot', 388, 114, 1);
INSERT INTO song (song_id, album_id, name, duration_seconds, bpm, track_number) VALUES (3589, 486, 'Tough tree second low', 138, 95, 2);
INSERT INTO song (song_id, album_id, name, duration_seconds, bpm, track_number) VALUES (3590, 486, 'Meeting', 141, 179, 3);
INSERT INTO song (song_id, album_id, name, duration_seconds, bpm, track_number) VALUES (3591, 486, 'Hope', 423, 61, 4);
INSERT INTO song (song_id, album_id, name, duration_seconds, bpm, track_number) VALUES (3592, 486, 'Follow meet', 480, 167, 5);
INSERT INTO song (song_id, album_id, name, duration_seconds, bpm, track_number) VALUES (3593, 486, 'Sense president ago', 218, 123, 6);
INSERT INTO song (song_id, album_id, name, duration_seconds, bpm, track_number) VALUES (3594, 486, 'Research third', 188, 165, 7);
INSERT INTO album (album_id, artist_id, title, release_year, created_at) VALUES (487, 250, 'Open-source interactive standardization', 2002, NOW());
INSERT INTO song (song_id, album_id, name, duration_seconds, bpm, track_number) VALUES (3595, 487, 'Put cut', 212, 145, 1);
INSERT INTO song (song_id, album_id, name, duration_seconds, bpm, track_number) VALUES (3596, 487, 'Often prevent majority western skill', 390, 176, 2);
INSERT INTO song (song_id, album_id, name, duration_seconds, bpm, track_number) VALUES (3597, 487, 'Including', 376, 125, 3);
INSERT INTO song (song_id, album_id, name, duration_seconds, bpm, track_number) VALUES (3598, 487, 'Suddenly', 370, 85, 4);
INSERT INTO song (song_id, album_id, name, duration_seconds, bpm, track_number) VALUES (3599, 487, 'Boy authority', 242, 113, 5);
INSERT INTO album (album_id, artist_id, title, release_year, created_at) VALUES (488, 251, 'Exclusive multi-tasking throughput', 2014, NOW());
INSERT INTO song (song_id, album_id, name, duration_seconds, bpm, track_number) VALUES (3600, 488, 'Hit recognize', 462, 87, 1);
INSERT INTO song (song_id, album_id, name, duration_seconds, bpm, track_number) VALUES (3601, 488, 'Tax', 467, 95, 2);
INSERT INTO song (song_id, album_id, name, duration_seconds, bpm, track_number) VALUES (3602, 488, 'Field should actually morning', 159, 98, 3);
INSERT INTO song (song_id, album_id, name, duration_seconds, bpm, track_number) VALUES (3603, 488, 'Analysis', 249, 159, 4);
INSERT INTO song (song_id, album_id, name, duration_seconds, bpm, track_number) VALUES (3604, 488, 'Watch line recently', 285, 174, 5);
INSERT INTO song (song_id, album_id, name, duration_seconds, bpm, track_number) VALUES (3605, 488, 'Case career', 430, 150, 6);
INSERT INTO song (song_id, album_id, name, duration_seconds, bpm, track_number) VALUES (3606, 488, 'Meet among', 179, 155, 7);
INSERT INTO song (song_id, album_id, name, duration_seconds, bpm, track_number) VALUES (3607, 488, 'There stage agency Congress', 309, 78, 8);
INSERT INTO album (album_id, artist_id, title, release_year, created_at) VALUES (489, 252, 'Reduced upward-trending methodology', 2019, NOW());
INSERT INTO song (song_id, album_id, name, duration_seconds, bpm, track_number) VALUES (3608, 489, 'Action dog financial', 234, 70, 1);
INSERT INTO song (song_id, album_id, name, duration_seconds, bpm, track_number) VALUES (3609, 489, 'Alone consumer keep', 246, 72, 2);
INSERT INTO song (song_id, album_id, name, duration_seconds, bpm, track_number) VALUES (3610, 489, 'News agreement raise rate', 438, 122, 3);
INSERT INTO song (song_id, album_id, name, duration_seconds, bpm, track_number) VALUES (3611, 489, 'By', 346, 168, 4);
INSERT INTO song (song_id, album_id, name, duration_seconds, bpm, track_number) VALUES (3612, 489, 'Think thought subject', 163, 109, 5);
INSERT INTO song (song_id, album_id, name, duration_seconds, bpm, track_number) VALUES (3613, 489, 'Rule paper cell throughout bring', 353, 157, 6);
INSERT INTO song (song_id, album_id, name, duration_seconds, bpm, track_number) VALUES (3614, 489, 'Drop', 156, 97, 7);
INSERT INTO song (song_id, album_id, name, duration_seconds, bpm, track_number) VALUES (3615, 489, 'Mr', 429, 85, 8);
INSERT INTO album (album_id, artist_id, title, release_year, created_at) VALUES (490, 252, 'Progressive eco-centric help-desk', 1991, NOW());
INSERT INTO song (song_id, album_id, name, duration_seconds, bpm, track_number) VALUES (3616, 490, 'Home', 188, 148, 1);
INSERT INTO song (song_id, album_id, name, duration_seconds, bpm, track_number) VALUES (3617, 490, 'Hour compare role', 354, 100, 2);
INSERT INTO song (song_id, album_id, name, duration_seconds, bpm, track_number) VALUES (3618, 490, 'Edge these', 465, 153, 3);
INSERT INTO song (song_id, album_id, name, duration_seconds, bpm, track_number) VALUES (3619, 490, 'Hair', 309, 176, 4);
INSERT INTO song (song_id, album_id, name, duration_seconds, bpm, track_number) VALUES (3620, 490, 'Field also station upon bar', 373, 134, 5);
INSERT INTO song (song_id, album_id, name, duration_seconds, bpm, track_number) VALUES (3621, 490, 'Choose', 270, 126, 6);
INSERT INTO album (album_id, artist_id, title, release_year, created_at) VALUES (491, 253, 'Synchronized multimedia utilization', 1991, NOW());
INSERT INTO song (song_id, album_id, name, duration_seconds, bpm, track_number) VALUES (3622, 491, 'Think every sound', 226, 121, 1);
INSERT INTO song (song_id, album_id, name, duration_seconds, bpm, track_number) VALUES (3623, 491, 'Tonight popular one church admit', 124, 111, 2);
INSERT INTO song (song_id, album_id, name, duration_seconds, bpm, track_number) VALUES (3624, 491, 'Then particularly seek', 309, 126, 3);
INSERT INTO song (song_id, album_id, name, duration_seconds, bpm, track_number) VALUES (3625, 491, 'Network', 398, 171, 4);
INSERT INTO song (song_id, album_id, name, duration_seconds, bpm, track_number) VALUES (3626, 491, 'East', 180, 148, 5);
INSERT INTO song (song_id, album_id, name, duration_seconds, bpm, track_number) VALUES (3627, 491, 'Because defense four indicate industry', 371, 111, 6);
INSERT INTO song (song_id, album_id, name, duration_seconds, bpm, track_number) VALUES (3628, 491, 'Trial less', 154, 136, 7);
INSERT INTO album (album_id, artist_id, title, release_year, created_at) VALUES (492, 254, 'Diverse full-range policy', 2001, NOW());
INSERT INTO song (song_id, album_id, name, duration_seconds, bpm, track_number) VALUES (3629, 492, 'Rate', 449, 104, 1);
INSERT INTO song (song_id, album_id, name, duration_seconds, bpm, track_number) VALUES (3630, 492, 'Believe mean', 182, 162, 2);
INSERT INTO song (song_id, album_id, name, duration_seconds, bpm, track_number) VALUES (3631, 492, 'Floor', 453, 167, 3);
INSERT INTO song (song_id, album_id, name, duration_seconds, bpm, track_number) VALUES (3632, 492, 'Continue economic', 202, 174, 4);
INSERT INTO song (song_id, album_id, name, duration_seconds, bpm, track_number) VALUES (3633, 492, 'Modern', 352, 71, 5);
INSERT INTO song (song_id, album_id, name, duration_seconds, bpm, track_number) VALUES (3634, 492, 'Property director check', 147, 98, 6);
INSERT INTO song (song_id, album_id, name, duration_seconds, bpm, track_number) VALUES (3635, 492, 'Result', 275, 85, 7);
INSERT INTO song (song_id, album_id, name, duration_seconds, bpm, track_number) VALUES (3636, 492, 'Past meeting', 445, 142, 8);
INSERT INTO song (song_id, album_id, name, duration_seconds, bpm, track_number) VALUES (3637, 492, 'Perform interesting', 282, 93, 9);
INSERT INTO album (album_id, artist_id, title, release_year, created_at) VALUES (493, 255, 'Proactive motivating conglomeration', 2009, NOW());
INSERT INTO song (song_id, album_id, name, duration_seconds, bpm, track_number) VALUES (3638, 493, 'Choose serve and', 200, 66, 1);
INSERT INTO song (song_id, album_id, name, duration_seconds, bpm, track_number) VALUES (3639, 493, 'Wrong', 448, 81, 2);
INSERT INTO song (song_id, album_id, name, duration_seconds, bpm, track_number) VALUES (3640, 493, 'Himself', 127, 110, 3);
INSERT INTO song (song_id, album_id, name, duration_seconds, bpm, track_number) VALUES (3641, 493, 'If', 469, 121, 4);
INSERT INTO song (song_id, album_id, name, duration_seconds, bpm, track_number) VALUES (3642, 493, 'Maybe century bag modern easy', 469, 154, 5);
INSERT INTO song (song_id, album_id, name, duration_seconds, bpm, track_number) VALUES (3643, 493, 'Image outside', 443, 93, 6);
INSERT INTO album (album_id, artist_id, title, release_year, created_at) VALUES (494, 255, 'Stand-alone fresh-thinking core', 1975, NOW());
INSERT INTO song (song_id, album_id, name, duration_seconds, bpm, track_number) VALUES (3644, 494, 'Like', 368, 112, 1);
INSERT INTO song (song_id, album_id, name, duration_seconds, bpm, track_number) VALUES (3645, 494, 'Establish spring', 252, 118, 2);
INSERT INTO song (song_id, album_id, name, duration_seconds, bpm, track_number) VALUES (3646, 494, 'Detail early', 223, 97, 3);
INSERT INTO song (song_id, album_id, name, duration_seconds, bpm, track_number) VALUES (3647, 494, 'Media', 388, 87, 4);
INSERT INTO song (song_id, album_id, name, duration_seconds, bpm, track_number) VALUES (3648, 494, 'Share', 330, 74, 5);
INSERT INTO song (song_id, album_id, name, duration_seconds, bpm, track_number) VALUES (3649, 494, 'Enough behavior', 325, 106, 6);
INSERT INTO song (song_id, album_id, name, duration_seconds, bpm, track_number) VALUES (3650, 494, 'Leg fall deal', 456, 177, 7);
INSERT INTO song (song_id, album_id, name, duration_seconds, bpm, track_number) VALUES (3651, 494, 'Dream group late wrong answer', 436, 135, 8);
INSERT INTO song (song_id, album_id, name, duration_seconds, bpm, track_number) VALUES (3652, 494, 'Security direction fine director', 367, 74, 9);
INSERT INTO album (album_id, artist_id, title, release_year, created_at) VALUES (495, 255, 'De-engineered attitude-oriented data-warehouse', 1971, NOW());
INSERT INTO song (song_id, album_id, name, duration_seconds, bpm, track_number) VALUES (3653, 495, 'Talk too support', 182, 127, 1);
INSERT INTO song (song_id, album_id, name, duration_seconds, bpm, track_number) VALUES (3654, 495, 'Hot', 478, 118, 2);
INSERT INTO song (song_id, album_id, name, duration_seconds, bpm, track_number) VALUES (3655, 495, 'Street accept involve usually', 449, 96, 3);
INSERT INTO song (song_id, album_id, name, duration_seconds, bpm, track_number) VALUES (3656, 495, 'Customer blood bag bad vote', 142, 95, 4);
INSERT INTO song (song_id, album_id, name, duration_seconds, bpm, track_number) VALUES (3657, 495, 'Approach else child', 122, 145, 5);
INSERT INTO song (song_id, album_id, name, duration_seconds, bpm, track_number) VALUES (3658, 495, 'Story into discuss sound', 361, 153, 6);
INSERT INTO song (song_id, album_id, name, duration_seconds, bpm, track_number) VALUES (3659, 495, 'Five decision bar', 239, 146, 7);
INSERT INTO song (song_id, album_id, name, duration_seconds, bpm, track_number) VALUES (3660, 495, 'Treat', 188, 99, 8);
INSERT INTO album (album_id, artist_id, title, release_year, created_at) VALUES (496, 256, 'Ergonomic impactful concept', 1986, NOW());
INSERT INTO song (song_id, album_id, name, duration_seconds, bpm, track_number) VALUES (3661, 496, 'Cold gun', 208, 75, 1);
INSERT INTO song (song_id, album_id, name, duration_seconds, bpm, track_number) VALUES (3662, 496, 'Only', 195, 83, 2);
INSERT INTO song (song_id, album_id, name, duration_seconds, bpm, track_number) VALUES (3663, 496, 'If', 409, 173, 3);
INSERT INTO song (song_id, album_id, name, duration_seconds, bpm, track_number) VALUES (3664, 496, 'Recent hour suggest', 387, 88, 4);
INSERT INTO song (song_id, album_id, name, duration_seconds, bpm, track_number) VALUES (3665, 496, 'Bed', 430, 87, 5);
INSERT INTO song (song_id, album_id, name, duration_seconds, bpm, track_number) VALUES (3666, 496, 'Would everybody', 285, 87, 6);
INSERT INTO song (song_id, album_id, name, duration_seconds, bpm, track_number) VALUES (3667, 496, 'Yet', 340, 72, 7);
INSERT INTO song (song_id, album_id, name, duration_seconds, bpm, track_number) VALUES (3668, 496, 'Final', 140, 104, 8);
INSERT INTO song (song_id, album_id, name, duration_seconds, bpm, track_number) VALUES (3669, 496, 'Near', 303, 103, 9);
INSERT INTO album (album_id, artist_id, title, release_year, created_at) VALUES (497, 256, 'Inverse exuding function', 1987, NOW());
INSERT INTO song (song_id, album_id, name, duration_seconds, bpm, track_number) VALUES (3670, 497, 'Toward more', 349, 177, 1);
INSERT INTO song (song_id, album_id, name, duration_seconds, bpm, track_number) VALUES (3671, 497, 'Example specific', 247, 93, 2);
INSERT INTO song (song_id, album_id, name, duration_seconds, bpm, track_number) VALUES (3672, 497, 'Operation', 300, 130, 3);
INSERT INTO song (song_id, album_id, name, duration_seconds, bpm, track_number) VALUES (3673, 497, 'Floor security month admit', 205, 157, 4);
INSERT INTO song (song_id, album_id, name, duration_seconds, bpm, track_number) VALUES (3674, 497, 'Rise', 387, 106, 5);
INSERT INTO song (song_id, album_id, name, duration_seconds, bpm, track_number) VALUES (3675, 497, 'Coach data', 251, 103, 6);
INSERT INTO song (song_id, album_id, name, duration_seconds, bpm, track_number) VALUES (3676, 497, 'Tv audience task', 159, 168, 7);
INSERT INTO song (song_id, album_id, name, duration_seconds, bpm, track_number) VALUES (3677, 497, 'My necessary how', 342, 101, 8);
INSERT INTO song (song_id, album_id, name, duration_seconds, bpm, track_number) VALUES (3678, 497, 'People lead science by', 345, 60, 9);
INSERT INTO album (album_id, artist_id, title, release_year, created_at) VALUES (498, 257, 'Open-architected optimizing hub', 1993, NOW());
INSERT INTO song (song_id, album_id, name, duration_seconds, bpm, track_number) VALUES (3679, 498, 'Something yard cover', 274, 113, 1);
INSERT INTO song (song_id, album_id, name, duration_seconds, bpm, track_number) VALUES (3680, 498, 'List', 447, 64, 2);
INSERT INTO song (song_id, album_id, name, duration_seconds, bpm, track_number) VALUES (3681, 498, 'Nature eight', 173, 163, 3);
INSERT INTO song (song_id, album_id, name, duration_seconds, bpm, track_number) VALUES (3682, 498, 'Catch', 382, 87, 4);
INSERT INTO song (song_id, album_id, name, duration_seconds, bpm, track_number) VALUES (3683, 498, 'See', 270, 144, 5);
INSERT INTO album (album_id, artist_id, title, release_year, created_at) VALUES (499, 257, 'Re-contextualized next generation challenge', 2026, NOW());
INSERT INTO song (song_id, album_id, name, duration_seconds, bpm, track_number) VALUES (3684, 499, 'Western', 125, 80, 1);
INSERT INTO song (song_id, album_id, name, duration_seconds, bpm, track_number) VALUES (3685, 499, 'Model option', 267, 179, 2);
INSERT INTO song (song_id, album_id, name, duration_seconds, bpm, track_number) VALUES (3686, 499, 'Away dark use keep', 372, 63, 3);
INSERT INTO song (song_id, album_id, name, duration_seconds, bpm, track_number) VALUES (3687, 499, 'Month', 390, 65, 4);
INSERT INTO song (song_id, album_id, name, duration_seconds, bpm, track_number) VALUES (3688, 499, 'Walk suggest', 200, 151, 5);
INSERT INTO song (song_id, album_id, name, duration_seconds, bpm, track_number) VALUES (3689, 499, 'Fall Mr condition per although', 353, 68, 6);
INSERT INTO album (album_id, artist_id, title, release_year, created_at) VALUES (500, 257, 'Multi-layered content-based process improvement', 1992, NOW());
INSERT INTO song (song_id, album_id, name, duration_seconds, bpm, track_number) VALUES (3690, 500, 'Here', 248, 88, 1);
INSERT INTO song (song_id, album_id, name, duration_seconds, bpm, track_number) VALUES (3691, 500, 'Message', 380, 144, 2);
INSERT INTO song (song_id, album_id, name, duration_seconds, bpm, track_number) VALUES (3692, 500, 'Data', 459, 161, 3);
INSERT INTO song (song_id, album_id, name, duration_seconds, bpm, track_number) VALUES (3693, 500, 'Car decision chance this', 360, 65, 4);
INSERT INTO song (song_id, album_id, name, duration_seconds, bpm, track_number) VALUES (3694, 500, 'Develop knowledge', 447, 62, 5);
INSERT INTO song (song_id, album_id, name, duration_seconds, bpm, track_number) VALUES (3695, 500, 'War', 202, 141, 6);
INSERT INTO song (song_id, album_id, name, duration_seconds, bpm, track_number) VALUES (3696, 500, 'Imagine', 283, 93, 7);
INSERT INTO song (song_id, album_id, name, duration_seconds, bpm, track_number) VALUES (3697, 500, 'Safe', 472, 103, 8);
INSERT INTO album (album_id, artist_id, title, release_year, created_at) VALUES (501, 258, 'Multi-channeled heuristic projection', 2016, NOW());
INSERT INTO song (song_id, album_id, name, duration_seconds, bpm, track_number) VALUES (3698, 501, 'Then', 457, 119, 1);
INSERT INTO song (song_id, album_id, name, duration_seconds, bpm, track_number) VALUES (3699, 501, 'Bad', 151, 65, 2);
INSERT INTO song (song_id, album_id, name, duration_seconds, bpm, track_number) VALUES (3700, 501, 'Alone', 471, 97, 3);
INSERT INTO song (song_id, album_id, name, duration_seconds, bpm, track_number) VALUES (3701, 501, 'Manage', 224, 125, 4);
INSERT INTO song (song_id, album_id, name, duration_seconds, bpm, track_number) VALUES (3702, 501, 'Compare', 455, 117, 5);
INSERT INTO song (song_id, album_id, name, duration_seconds, bpm, track_number) VALUES (3703, 501, 'Smile resource', 306, 94, 6);
INSERT INTO song (song_id, album_id, name, duration_seconds, bpm, track_number) VALUES (3704, 501, 'Since mention', 224, 161, 7);
INSERT INTO song (song_id, album_id, name, duration_seconds, bpm, track_number) VALUES (3705, 501, 'Glass', 269, 174, 8);
INSERT INTO song (song_id, album_id, name, duration_seconds, bpm, track_number) VALUES (3706, 501, 'Lot', 459, 72, 9);
INSERT INTO song (song_id, album_id, name, duration_seconds, bpm, track_number) VALUES (3707, 501, 'About', 198, 131, 10);
INSERT INTO album (album_id, artist_id, title, release_year, created_at) VALUES (502, 258, 'Extended cohesive migration', 1978, NOW());
INSERT INTO song (song_id, album_id, name, duration_seconds, bpm, track_number) VALUES (3708, 502, 'Evidence', 360, 88, 1);
INSERT INTO song (song_id, album_id, name, duration_seconds, bpm, track_number) VALUES (3709, 502, 'Message it argue', 256, 171, 2);
INSERT INTO song (song_id, album_id, name, duration_seconds, bpm, track_number) VALUES (3710, 502, 'Receive might why', 269, 86, 3);
INSERT INTO song (song_id, album_id, name, duration_seconds, bpm, track_number) VALUES (3711, 502, 'Analysis return', 193, 150, 4);
INSERT INTO song (song_id, album_id, name, duration_seconds, bpm, track_number) VALUES (3712, 502, 'Anyone', 414, 126, 5);
INSERT INTO song (song_id, album_id, name, duration_seconds, bpm, track_number) VALUES (3713, 502, 'Officer', 433, 141, 6);
INSERT INTO song (song_id, album_id, name, duration_seconds, bpm, track_number) VALUES (3714, 502, 'Read able ahead author', 354, 145, 7);
INSERT INTO song (song_id, album_id, name, duration_seconds, bpm, track_number) VALUES (3715, 502, 'Street front', 261, 176, 8);
INSERT INTO song (song_id, album_id, name, duration_seconds, bpm, track_number) VALUES (3716, 502, 'Blood social PM but high', 335, 82, 9);
INSERT INTO album (album_id, artist_id, title, release_year, created_at) VALUES (503, 259, 'Robust needs-based function', 2005, NOW());
INSERT INTO song (song_id, album_id, name, duration_seconds, bpm, track_number) VALUES (3717, 503, 'Medical use', 229, 134, 1);
INSERT INTO song (song_id, album_id, name, duration_seconds, bpm, track_number) VALUES (3718, 503, 'Area Mr career', 427, 103, 2);
INSERT INTO song (song_id, album_id, name, duration_seconds, bpm, track_number) VALUES (3719, 503, 'Second', 406, 178, 3);
INSERT INTO song (song_id, album_id, name, duration_seconds, bpm, track_number) VALUES (3720, 503, 'Plan policy', 309, 160, 4);
INSERT INTO song (song_id, album_id, name, duration_seconds, bpm, track_number) VALUES (3721, 503, 'This', 403, 157, 5);
INSERT INTO song (song_id, album_id, name, duration_seconds, bpm, track_number) VALUES (3722, 503, 'End hit relationship various environment', 137, 77, 6);
INSERT INTO song (song_id, album_id, name, duration_seconds, bpm, track_number) VALUES (3723, 503, 'And clear across', 203, 123, 7);
INSERT INTO album (album_id, artist_id, title, release_year, created_at) VALUES (504, 260, 'Automated leadingedge service-desk', 1986, NOW());
INSERT INTO song (song_id, album_id, name, duration_seconds, bpm, track_number) VALUES (3724, 504, 'Party', 354, 148, 1);
INSERT INTO song (song_id, album_id, name, duration_seconds, bpm, track_number) VALUES (3725, 504, 'Participant', 440, 105, 2);
INSERT INTO song (song_id, album_id, name, duration_seconds, bpm, track_number) VALUES (3726, 504, 'Girl mention easy situation with', 169, 142, 3);
INSERT INTO song (song_id, album_id, name, duration_seconds, bpm, track_number) VALUES (3727, 504, 'See likely leader same', 377, 113, 4);
INSERT INTO song (song_id, album_id, name, duration_seconds, bpm, track_number) VALUES (3728, 504, 'Seem fire', 330, 104, 5);
INSERT INTO song (song_id, album_id, name, duration_seconds, bpm, track_number) VALUES (3729, 504, 'Nation painting police', 232, 134, 6);
INSERT INTO song (song_id, album_id, name, duration_seconds, bpm, track_number) VALUES (3730, 504, 'The past time phone', 344, 167, 7);
INSERT INTO song (song_id, album_id, name, duration_seconds, bpm, track_number) VALUES (3731, 504, 'Future result', 334, 89, 8);
INSERT INTO song (song_id, album_id, name, duration_seconds, bpm, track_number) VALUES (3732, 504, 'Down financial century believe out', 179, 169, 9);
INSERT INTO album (album_id, artist_id, title, release_year, created_at) VALUES (505, 260, 'Reverse-engineered stable alliance', 2003, NOW());
INSERT INTO song (song_id, album_id, name, duration_seconds, bpm, track_number) VALUES (3733, 505, 'Doctor himself item', 286, 141, 1);
INSERT INTO song (song_id, album_id, name, duration_seconds, bpm, track_number) VALUES (3734, 505, 'Value church mean', 471, 130, 2);
INSERT INTO song (song_id, album_id, name, duration_seconds, bpm, track_number) VALUES (3735, 505, 'Past record', 330, 159, 3);
INSERT INTO song (song_id, album_id, name, duration_seconds, bpm, track_number) VALUES (3736, 505, 'Customer', 149, 125, 4);
INSERT INTO song (song_id, album_id, name, duration_seconds, bpm, track_number) VALUES (3737, 505, 'Big', 313, 73, 5);
INSERT INTO song (song_id, album_id, name, duration_seconds, bpm, track_number) VALUES (3738, 505, 'Large believe sea almost we', 358, 122, 6);
INSERT INTO song (song_id, album_id, name, duration_seconds, bpm, track_number) VALUES (3739, 505, 'Five', 290, 169, 7);
INSERT INTO song (song_id, album_id, name, duration_seconds, bpm, track_number) VALUES (3740, 505, 'Decision catch', 450, 149, 8);
INSERT INTO song (song_id, album_id, name, duration_seconds, bpm, track_number) VALUES (3741, 505, 'Beat', 436, 101, 9);
INSERT INTO song (song_id, album_id, name, duration_seconds, bpm, track_number) VALUES (3742, 505, 'Detail son new', 338, 154, 10);
INSERT INTO album (album_id, artist_id, title, release_year, created_at) VALUES (506, 261, 'Cross-platform needs-based help-desk', 1981, NOW());
INSERT INTO song (song_id, album_id, name, duration_seconds, bpm, track_number) VALUES (3743, 506, 'Month bed', 280, 102, 1);
INSERT INTO song (song_id, album_id, name, duration_seconds, bpm, track_number) VALUES (3744, 506, 'Likely adult Republican yet', 354, 102, 2);
INSERT INTO song (song_id, album_id, name, duration_seconds, bpm, track_number) VALUES (3745, 506, 'Fill', 268, 77, 3);
INSERT INTO song (song_id, album_id, name, duration_seconds, bpm, track_number) VALUES (3746, 506, 'Account', 219, 151, 4);
INSERT INTO song (song_id, album_id, name, duration_seconds, bpm, track_number) VALUES (3747, 506, 'Alone', 215, 85, 5);
INSERT INTO song (song_id, album_id, name, duration_seconds, bpm, track_number) VALUES (3748, 506, 'Others', 397, 178, 6);
INSERT INTO song (song_id, album_id, name, duration_seconds, bpm, track_number) VALUES (3749, 506, 'Future', 448, 71, 7);
INSERT INTO album (album_id, artist_id, title, release_year, created_at) VALUES (507, 262, 'Expanded even-keeled monitoring', 1994, NOW());
INSERT INTO song (song_id, album_id, name, duration_seconds, bpm, track_number) VALUES (3750, 507, 'Guy', 346, 151, 1);
INSERT INTO song (song_id, album_id, name, duration_seconds, bpm, track_number) VALUES (3751, 507, 'Word card behind', 455, 179, 2);
INSERT INTO song (song_id, album_id, name, duration_seconds, bpm, track_number) VALUES (3752, 507, 'None', 138, 169, 3);
INSERT INTO song (song_id, album_id, name, duration_seconds, bpm, track_number) VALUES (3753, 507, 'Successful', 189, 154, 4);
INSERT INTO song (song_id, album_id, name, duration_seconds, bpm, track_number) VALUES (3754, 507, 'See', 450, 136, 5);
INSERT INTO song (song_id, album_id, name, duration_seconds, bpm, track_number) VALUES (3755, 507, 'Former report want wear', 353, 73, 6);
INSERT INTO song (song_id, album_id, name, duration_seconds, bpm, track_number) VALUES (3756, 507, 'Responsibility upon around must teacher', 468, 175, 7);
INSERT INTO album (album_id, artist_id, title, release_year, created_at) VALUES (508, 262, 'Persevering explicit solution', 1975, NOW());
INSERT INTO song (song_id, album_id, name, duration_seconds, bpm, track_number) VALUES (3757, 508, 'Adult', 180, 131, 1);
INSERT INTO song (song_id, album_id, name, duration_seconds, bpm, track_number) VALUES (3758, 508, 'Small coach', 384, 67, 2);
INSERT INTO song (song_id, album_id, name, duration_seconds, bpm, track_number) VALUES (3759, 508, 'Themselves color military', 466, 125, 3);
INSERT INTO song (song_id, album_id, name, duration_seconds, bpm, track_number) VALUES (3760, 508, 'Everybody baby', 193, 93, 4);
INSERT INTO song (song_id, album_id, name, duration_seconds, bpm, track_number) VALUES (3761, 508, 'Dream', 362, 85, 5);
INSERT INTO song (song_id, album_id, name, duration_seconds, bpm, track_number) VALUES (3762, 508, 'Fill around name natural', 265, 132, 6);
INSERT INTO album (album_id, artist_id, title, release_year, created_at) VALUES (509, 263, 'Inverse explicit moratorium', 1988, NOW());
INSERT INTO song (song_id, album_id, name, duration_seconds, bpm, track_number) VALUES (3763, 509, 'Baby first', 200, 101, 1);
INSERT INTO song (song_id, album_id, name, duration_seconds, bpm, track_number) VALUES (3764, 509, 'Lawyer', 197, 166, 2);
INSERT INTO song (song_id, album_id, name, duration_seconds, bpm, track_number) VALUES (3765, 509, 'Sea in', 345, 110, 3);
INSERT INTO song (song_id, album_id, name, duration_seconds, bpm, track_number) VALUES (3766, 509, 'Season body however', 332, 115, 4);
INSERT INTO song (song_id, album_id, name, duration_seconds, bpm, track_number) VALUES (3767, 509, 'House', 466, 64, 5);
INSERT INTO album (album_id, artist_id, title, release_year, created_at) VALUES (510, 264, 'User-centric interactive hardware', 1972, NOW());
INSERT INTO song (song_id, album_id, name, duration_seconds, bpm, track_number) VALUES (3768, 510, 'Quickly perform', 480, 77, 1);
INSERT INTO song (song_id, album_id, name, duration_seconds, bpm, track_number) VALUES (3769, 510, 'Activity', 150, 135, 2);
INSERT INTO song (song_id, album_id, name, duration_seconds, bpm, track_number) VALUES (3770, 510, 'Know team', 449, 112, 3);
INSERT INTO song (song_id, album_id, name, duration_seconds, bpm, track_number) VALUES (3771, 510, 'Dinner response wear price', 452, 65, 4);
INSERT INTO song (song_id, album_id, name, duration_seconds, bpm, track_number) VALUES (3772, 510, 'If anything dark', 142, 117, 5);
INSERT INTO song (song_id, album_id, name, duration_seconds, bpm, track_number) VALUES (3773, 510, 'Start', 148, 80, 6);
INSERT INTO song (song_id, album_id, name, duration_seconds, bpm, track_number) VALUES (3774, 510, 'Final finally customer lot white', 286, 130, 7);
INSERT INTO song (song_id, album_id, name, duration_seconds, bpm, track_number) VALUES (3775, 510, 'Surface', 472, 170, 8);
INSERT INTO song (song_id, album_id, name, duration_seconds, bpm, track_number) VALUES (3776, 510, 'Experience product remember great', 332, 97, 9);
INSERT INTO album (album_id, artist_id, title, release_year, created_at) VALUES (511, 264, 'Realigned tertiary extranet', 2022, NOW());
INSERT INTO song (song_id, album_id, name, duration_seconds, bpm, track_number) VALUES (3777, 511, 'Third', 454, 76, 1);
INSERT INTO song (song_id, album_id, name, duration_seconds, bpm, track_number) VALUES (3778, 511, 'Box', 413, 62, 2);
INSERT INTO song (song_id, album_id, name, duration_seconds, bpm, track_number) VALUES (3779, 511, 'Sell no', 143, 125, 3);
INSERT INTO song (song_id, album_id, name, duration_seconds, bpm, track_number) VALUES (3780, 511, 'On', 413, 145, 4);
INSERT INTO song (song_id, album_id, name, duration_seconds, bpm, track_number) VALUES (3781, 511, 'Military house', 257, 151, 5);
INSERT INTO song (song_id, album_id, name, duration_seconds, bpm, track_number) VALUES (3782, 511, 'Where music score', 297, 62, 6);
INSERT INTO song (song_id, album_id, name, duration_seconds, bpm, track_number) VALUES (3783, 511, 'Figure', 429, 82, 7);
INSERT INTO album (album_id, artist_id, title, release_year, created_at) VALUES (512, 264, 'Secured foreground help-desk', 2007, NOW());
INSERT INTO song (song_id, album_id, name, duration_seconds, bpm, track_number) VALUES (3784, 512, 'Per special', 462, 71, 1);
INSERT INTO song (song_id, album_id, name, duration_seconds, bpm, track_number) VALUES (3785, 512, 'Drop think few', 300, 150, 2);
INSERT INTO song (song_id, album_id, name, duration_seconds, bpm, track_number) VALUES (3786, 512, 'Offer civil', 381, 69, 3);
INSERT INTO song (song_id, album_id, name, duration_seconds, bpm, track_number) VALUES (3787, 512, 'Room born', 286, 132, 4);
INSERT INTO song (song_id, album_id, name, duration_seconds, bpm, track_number) VALUES (3788, 512, 'Policy many', 127, 144, 5);
INSERT INTO song (song_id, album_id, name, duration_seconds, bpm, track_number) VALUES (3789, 512, 'Without run just hundred dog', 307, 81, 6);
INSERT INTO song (song_id, album_id, name, duration_seconds, bpm, track_number) VALUES (3790, 512, 'Edge take', 227, 161, 7);
INSERT INTO song (song_id, album_id, name, duration_seconds, bpm, track_number) VALUES (3791, 512, 'Practice decision defense', 329, 162, 8);
INSERT INTO song (song_id, album_id, name, duration_seconds, bpm, track_number) VALUES (3792, 512, 'Throughout majority bed politics energy', 442, 106, 9);
INSERT INTO album (album_id, artist_id, title, release_year, created_at) VALUES (513, 265, 'Horizontal local support', 2023, NOW());
INSERT INTO song (song_id, album_id, name, duration_seconds, bpm, track_number) VALUES (3793, 513, 'Else', 474, 94, 1);
INSERT INTO song (song_id, album_id, name, duration_seconds, bpm, track_number) VALUES (3794, 513, 'While listen', 399, 124, 2);
INSERT INTO song (song_id, album_id, name, duration_seconds, bpm, track_number) VALUES (3795, 513, 'Support language', 459, 88, 3);
INSERT INTO song (song_id, album_id, name, duration_seconds, bpm, track_number) VALUES (3796, 513, 'Able gun strong', 319, 120, 4);
INSERT INTO song (song_id, album_id, name, duration_seconds, bpm, track_number) VALUES (3797, 513, 'Agree', 125, 120, 5);
INSERT INTO song (song_id, album_id, name, duration_seconds, bpm, track_number) VALUES (3798, 513, 'Including world', 389, 100, 6);
INSERT INTO song (song_id, album_id, name, duration_seconds, bpm, track_number) VALUES (3799, 513, 'Into remember', 397, 142, 7);
INSERT INTO song (song_id, album_id, name, duration_seconds, bpm, track_number) VALUES (3800, 513, 'Decide', 357, 97, 8);
INSERT INTO song (song_id, album_id, name, duration_seconds, bpm, track_number) VALUES (3801, 513, 'Old need analysis reason prove', 240, 173, 9);
INSERT INTO album (album_id, artist_id, title, release_year, created_at) VALUES (514, 265, 'Switchable uniform instruction set', 2002, NOW());
INSERT INTO song (song_id, album_id, name, duration_seconds, bpm, track_number) VALUES (3802, 514, 'Last they', 279, 95, 1);
INSERT INTO song (song_id, album_id, name, duration_seconds, bpm, track_number) VALUES (3803, 514, 'Nearly claim street', 298, 68, 2);
INSERT INTO song (song_id, album_id, name, duration_seconds, bpm, track_number) VALUES (3804, 514, 'Recently water', 336, 160, 3);
INSERT INTO song (song_id, album_id, name, duration_seconds, bpm, track_number) VALUES (3805, 514, 'By war senior', 271, 121, 4);
INSERT INTO song (song_id, album_id, name, duration_seconds, bpm, track_number) VALUES (3806, 514, 'Piece', 186, 89, 5);
INSERT INTO album (album_id, artist_id, title, release_year, created_at) VALUES (515, 265, 'Realigned asynchronous ability', 2010, NOW());
INSERT INTO song (song_id, album_id, name, duration_seconds, bpm, track_number) VALUES (3807, 515, 'Expect', 341, 89, 1);
INSERT INTO song (song_id, album_id, name, duration_seconds, bpm, track_number) VALUES (3808, 515, 'Actually great prepare oil', 302, 75, 2);
INSERT INTO song (song_id, album_id, name, duration_seconds, bpm, track_number) VALUES (3809, 515, 'Watch argue', 249, 129, 3);
INSERT INTO song (song_id, album_id, name, duration_seconds, bpm, track_number) VALUES (3810, 515, 'Environment', 407, 118, 4);
INSERT INTO song (song_id, album_id, name, duration_seconds, bpm, track_number) VALUES (3811, 515, 'Coach color meet tough', 261, 156, 5);
INSERT INTO song (song_id, album_id, name, duration_seconds, bpm, track_number) VALUES (3812, 515, 'Loss', 190, 77, 6);
INSERT INTO song (song_id, album_id, name, duration_seconds, bpm, track_number) VALUES (3813, 515, 'Yourself two rate why tree', 201, 132, 7);
INSERT INTO song (song_id, album_id, name, duration_seconds, bpm, track_number) VALUES (3814, 515, 'Spring hour difficult power', 228, 142, 8);
INSERT INTO song (song_id, album_id, name, duration_seconds, bpm, track_number) VALUES (3815, 515, 'Left fill', 408, 172, 9);
INSERT INTO album (album_id, artist_id, title, release_year, created_at) VALUES (516, 266, 'Organized executive initiative', 2014, NOW());
INSERT INTO song (song_id, album_id, name, duration_seconds, bpm, track_number) VALUES (3816, 516, 'You', 390, 123, 1);
INSERT INTO song (song_id, album_id, name, duration_seconds, bpm, track_number) VALUES (3817, 516, 'Conference', 392, 142, 2);
INSERT INTO song (song_id, album_id, name, duration_seconds, bpm, track_number) VALUES (3818, 516, 'Serious her green offer', 155, 145, 3);
INSERT INTO song (song_id, album_id, name, duration_seconds, bpm, track_number) VALUES (3819, 516, 'Wait', 347, 148, 4);
INSERT INTO song (song_id, album_id, name, duration_seconds, bpm, track_number) VALUES (3820, 516, 'Not yet happy plant', 257, 162, 5);
INSERT INTO song (song_id, album_id, name, duration_seconds, bpm, track_number) VALUES (3821, 516, 'Old they', 191, 154, 6);
INSERT INTO song (song_id, album_id, name, duration_seconds, bpm, track_number) VALUES (3822, 516, 'Recent station true material', 121, 147, 7);
INSERT INTO album (album_id, artist_id, title, release_year, created_at) VALUES (517, 267, 'Integrated discrete benchmark', 2009, NOW());
INSERT INTO song (song_id, album_id, name, duration_seconds, bpm, track_number) VALUES (3823, 517, 'Center international discover political', 243, 130, 1);
INSERT INTO song (song_id, album_id, name, duration_seconds, bpm, track_number) VALUES (3824, 517, 'Class recognize college seem sea', 244, 145, 2);
INSERT INTO song (song_id, album_id, name, duration_seconds, bpm, track_number) VALUES (3825, 517, 'Study theory', 134, 80, 3);
INSERT INTO song (song_id, album_id, name, duration_seconds, bpm, track_number) VALUES (3826, 517, 'Service', 328, 116, 4);
INSERT INTO song (song_id, album_id, name, duration_seconds, bpm, track_number) VALUES (3827, 517, 'Return organization financial', 305, 87, 5);
INSERT INTO album (album_id, artist_id, title, release_year, created_at) VALUES (518, 267, 'Robust 5thgeneration attitude', 2005, NOW());
INSERT INTO song (song_id, album_id, name, duration_seconds, bpm, track_number) VALUES (3828, 518, 'Difference', 186, 119, 1);
INSERT INTO song (song_id, album_id, name, duration_seconds, bpm, track_number) VALUES (3829, 518, 'Material', 185, 69, 2);
INSERT INTO song (song_id, album_id, name, duration_seconds, bpm, track_number) VALUES (3830, 518, 'Less', 434, 127, 3);
INSERT INTO song (song_id, album_id, name, duration_seconds, bpm, track_number) VALUES (3831, 518, 'Whatever white', 352, 159, 4);
INSERT INTO song (song_id, album_id, name, duration_seconds, bpm, track_number) VALUES (3832, 518, 'You huge', 342, 132, 5);
INSERT INTO song (song_id, album_id, name, duration_seconds, bpm, track_number) VALUES (3833, 518, 'Character onto money', 362, 168, 6);
INSERT INTO album (album_id, artist_id, title, release_year, created_at) VALUES (519, 268, 'Proactive discrete extranet', 1978, NOW());
INSERT INTO song (song_id, album_id, name, duration_seconds, bpm, track_number) VALUES (3834, 519, 'Garden full', 128, 72, 1);
INSERT INTO song (song_id, album_id, name, duration_seconds, bpm, track_number) VALUES (3835, 519, 'Street radio', 249, 117, 2);
INSERT INTO song (song_id, album_id, name, duration_seconds, bpm, track_number) VALUES (3836, 519, 'Base', 231, 88, 3);
INSERT INTO song (song_id, album_id, name, duration_seconds, bpm, track_number) VALUES (3837, 519, 'Far third specific stock', 435, 152, 4);
INSERT INTO song (song_id, album_id, name, duration_seconds, bpm, track_number) VALUES (3838, 519, 'Sea sure', 351, 99, 5);
INSERT INTO album (album_id, artist_id, title, release_year, created_at) VALUES (520, 268, 'Open-source empowering capability', 2002, NOW());
INSERT INTO song (song_id, album_id, name, duration_seconds, bpm, track_number) VALUES (3839, 520, 'Certainly heavy threat', 149, 119, 1);
INSERT INTO song (song_id, album_id, name, duration_seconds, bpm, track_number) VALUES (3840, 520, 'Another door', 352, 130, 2);
INSERT INTO song (song_id, album_id, name, duration_seconds, bpm, track_number) VALUES (3841, 520, 'Team news my', 166, 89, 3);
INSERT INTO song (song_id, album_id, name, duration_seconds, bpm, track_number) VALUES (3842, 520, 'Scene', 452, 142, 4);
INSERT INTO song (song_id, album_id, name, duration_seconds, bpm, track_number) VALUES (3843, 520, 'They', 331, 158, 5);
INSERT INTO song (song_id, album_id, name, duration_seconds, bpm, track_number) VALUES (3844, 520, 'Actually management weight', 238, 72, 6);
INSERT INTO song (song_id, album_id, name, duration_seconds, bpm, track_number) VALUES (3845, 520, 'Result seek star road', 297, 130, 7);
INSERT INTO song (song_id, album_id, name, duration_seconds, bpm, track_number) VALUES (3846, 520, 'Black answer will', 438, 101, 8);
INSERT INTO song (song_id, album_id, name, duration_seconds, bpm, track_number) VALUES (3847, 520, 'Think', 155, 89, 9);
INSERT INTO song (song_id, album_id, name, duration_seconds, bpm, track_number) VALUES (3848, 520, 'Run wear another', 340, 158, 10);
INSERT INTO album (album_id, artist_id, title, release_year, created_at) VALUES (521, 268, 'Reverse-engineered non-volatile pricing structure', 2012, NOW());
INSERT INTO song (song_id, album_id, name, duration_seconds, bpm, track_number) VALUES (3849, 521, 'My', 427, 146, 1);
INSERT INTO song (song_id, album_id, name, duration_seconds, bpm, track_number) VALUES (3850, 521, 'Growth', 197, 163, 2);
INSERT INTO song (song_id, album_id, name, duration_seconds, bpm, track_number) VALUES (3851, 521, 'Full recognize you', 311, 92, 3);
INSERT INTO song (song_id, album_id, name, duration_seconds, bpm, track_number) VALUES (3852, 521, 'Television', 253, 87, 4);
INSERT INTO song (song_id, album_id, name, duration_seconds, bpm, track_number) VALUES (3853, 521, 'Television', 351, 136, 5);
INSERT INTO song (song_id, album_id, name, duration_seconds, bpm, track_number) VALUES (3854, 521, 'Message north car bank', 420, 90, 6);
INSERT INTO song (song_id, album_id, name, duration_seconds, bpm, track_number) VALUES (3855, 521, 'All', 378, 132, 7);
INSERT INTO song (song_id, album_id, name, duration_seconds, bpm, track_number) VALUES (3856, 521, 'Turn group right capital', 260, 150, 8);
INSERT INTO album (album_id, artist_id, title, release_year, created_at) VALUES (522, 269, 'Proactive client-server core', 2008, NOW());
INSERT INTO song (song_id, album_id, name, duration_seconds, bpm, track_number) VALUES (3857, 522, 'Put', 217, 142, 1);
INSERT INTO song (song_id, album_id, name, duration_seconds, bpm, track_number) VALUES (3858, 522, 'Step education', 357, 174, 2);
INSERT INTO song (song_id, album_id, name, duration_seconds, bpm, track_number) VALUES (3859, 522, 'Seek laugh your', 475, 135, 3);
INSERT INTO song (song_id, album_id, name, duration_seconds, bpm, track_number) VALUES (3860, 522, 'Travel quite', 222, 104, 4);
INSERT INTO song (song_id, album_id, name, duration_seconds, bpm, track_number) VALUES (3861, 522, 'Building degree', 349, 116, 5);
INSERT INTO song (song_id, album_id, name, duration_seconds, bpm, track_number) VALUES (3862, 522, 'Child still rest', 251, 134, 6);
INSERT INTO song (song_id, album_id, name, duration_seconds, bpm, track_number) VALUES (3863, 522, 'However', 228, 62, 7);
INSERT INTO album (album_id, artist_id, title, release_year, created_at) VALUES (523, 269, 'Diverse intangible function', 2006, NOW());
INSERT INTO song (song_id, album_id, name, duration_seconds, bpm, track_number) VALUES (3864, 523, 'Process', 347, 135, 1);
INSERT INTO song (song_id, album_id, name, duration_seconds, bpm, track_number) VALUES (3865, 523, 'Direction', 440, 120, 2);
INSERT INTO song (song_id, album_id, name, duration_seconds, bpm, track_number) VALUES (3866, 523, 'Front', 429, 133, 3);
INSERT INTO song (song_id, album_id, name, duration_seconds, bpm, track_number) VALUES (3867, 523, 'Forget system', 226, 128, 4);
INSERT INTO song (song_id, album_id, name, duration_seconds, bpm, track_number) VALUES (3868, 523, 'Meeting better', 450, 97, 5);
INSERT INTO song (song_id, album_id, name, duration_seconds, bpm, track_number) VALUES (3869, 523, 'Hit street talk', 386, 111, 6);
INSERT INTO song (song_id, album_id, name, duration_seconds, bpm, track_number) VALUES (3870, 523, 'Cut', 384, 170, 7);
INSERT INTO song (song_id, album_id, name, duration_seconds, bpm, track_number) VALUES (3871, 523, 'Similar message', 268, 176, 8);
INSERT INTO song (song_id, album_id, name, duration_seconds, bpm, track_number) VALUES (3872, 523, 'Green human compare', 414, 137, 9);
INSERT INTO album (album_id, artist_id, title, release_year, created_at) VALUES (524, 270, 'Operative empowering moderator', 2026, NOW());
INSERT INTO song (song_id, album_id, name, duration_seconds, bpm, track_number) VALUES (3873, 524, 'Treat', 357, 71, 1);
INSERT INTO song (song_id, album_id, name, duration_seconds, bpm, track_number) VALUES (3874, 524, 'Child above', 313, 81, 2);
INSERT INTO song (song_id, album_id, name, duration_seconds, bpm, track_number) VALUES (3875, 524, 'System debate least', 192, 142, 3);
INSERT INTO song (song_id, album_id, name, duration_seconds, bpm, track_number) VALUES (3876, 524, 'Better rich show speech', 403, 118, 4);
INSERT INTO song (song_id, album_id, name, duration_seconds, bpm, track_number) VALUES (3877, 524, 'Live', 250, 140, 5);
INSERT INTO song (song_id, album_id, name, duration_seconds, bpm, track_number) VALUES (3878, 524, 'But', 149, 147, 6);
INSERT INTO song (song_id, album_id, name, duration_seconds, bpm, track_number) VALUES (3879, 524, 'Until national', 276, 160, 7);
INSERT INTO album (album_id, artist_id, title, release_year, created_at) VALUES (525, 270, 'Object-based attitude-oriented challenge', 1974, NOW());
INSERT INTO song (song_id, album_id, name, duration_seconds, bpm, track_number) VALUES (3880, 525, 'Green involve here left trial', 308, 67, 1);
INSERT INTO song (song_id, album_id, name, duration_seconds, bpm, track_number) VALUES (3881, 525, 'Oil', 231, 167, 2);
INSERT INTO song (song_id, album_id, name, duration_seconds, bpm, track_number) VALUES (3882, 525, 'Someone', 403, 153, 3);
INSERT INTO song (song_id, album_id, name, duration_seconds, bpm, track_number) VALUES (3883, 525, 'True PM the', 217, 107, 4);
INSERT INTO song (song_id, album_id, name, duration_seconds, bpm, track_number) VALUES (3884, 525, 'Medical', 158, 152, 5);
INSERT INTO song (song_id, album_id, name, duration_seconds, bpm, track_number) VALUES (3885, 525, 'Movie spend court recently field', 264, 129, 6);
INSERT INTO song (song_id, album_id, name, duration_seconds, bpm, track_number) VALUES (3886, 525, 'Style', 289, 132, 7);
INSERT INTO album (album_id, artist_id, title, release_year, created_at) VALUES (526, 271, 'Robust transitional interface', 1997, NOW());
INSERT INTO song (song_id, album_id, name, duration_seconds, bpm, track_number) VALUES (3887, 526, 'Hope cup', 439, 165, 1);
INSERT INTO song (song_id, album_id, name, duration_seconds, bpm, track_number) VALUES (3888, 526, 'His', 272, 133, 2);
INSERT INTO song (song_id, album_id, name, duration_seconds, bpm, track_number) VALUES (3889, 526, 'Wall treatment', 213, 133, 3);
INSERT INTO song (song_id, album_id, name, duration_seconds, bpm, track_number) VALUES (3890, 526, 'Boy', 321, 164, 4);
INSERT INTO song (song_id, album_id, name, duration_seconds, bpm, track_number) VALUES (3891, 526, 'Open', 442, 78, 5);
INSERT INTO song (song_id, album_id, name, duration_seconds, bpm, track_number) VALUES (3892, 526, 'Protect', 314, 151, 6);
INSERT INTO song (song_id, album_id, name, duration_seconds, bpm, track_number) VALUES (3893, 526, 'Shake economic', 187, 102, 7);
INSERT INTO song (song_id, album_id, name, duration_seconds, bpm, track_number) VALUES (3894, 526, 'Population ten whether', 187, 166, 8);
INSERT INTO song (song_id, album_id, name, duration_seconds, bpm, track_number) VALUES (3895, 526, 'She', 366, 175, 9);
INSERT INTO album (album_id, artist_id, title, release_year, created_at) VALUES (527, 272, 'Extended user-facing matrix', 1986, NOW());
INSERT INTO song (song_id, album_id, name, duration_seconds, bpm, track_number) VALUES (3896, 527, 'Wonder', 424, 97, 1);
INSERT INTO song (song_id, album_id, name, duration_seconds, bpm, track_number) VALUES (3897, 527, 'Instead career program', 143, 96, 2);
INSERT INTO song (song_id, album_id, name, duration_seconds, bpm, track_number) VALUES (3898, 527, 'Weight member tend treatment', 474, 93, 3);
INSERT INTO song (song_id, album_id, name, duration_seconds, bpm, track_number) VALUES (3899, 527, 'Task', 162, 80, 4);
INSERT INTO song (song_id, album_id, name, duration_seconds, bpm, track_number) VALUES (3900, 527, 'Bad small seek education', 151, 90, 5);
INSERT INTO album (album_id, artist_id, title, release_year, created_at) VALUES (528, 272, 'Open-architected web-enabled emulation', 1974, NOW());
INSERT INTO song (song_id, album_id, name, duration_seconds, bpm, track_number) VALUES (3901, 528, 'School Republican successful', 425, 109, 1);
INSERT INTO song (song_id, album_id, name, duration_seconds, bpm, track_number) VALUES (3902, 528, 'Write general', 402, 149, 2);
INSERT INTO song (song_id, album_id, name, duration_seconds, bpm, track_number) VALUES (3903, 528, 'Sing', 289, 106, 3);
INSERT INTO song (song_id, album_id, name, duration_seconds, bpm, track_number) VALUES (3904, 528, 'Likely medical', 384, 134, 4);
INSERT INTO song (song_id, album_id, name, duration_seconds, bpm, track_number) VALUES (3905, 528, 'Beautiful', 138, 90, 5);
INSERT INTO song (song_id, album_id, name, duration_seconds, bpm, track_number) VALUES (3906, 528, 'Religious', 358, 94, 6);
INSERT INTO song (song_id, album_id, name, duration_seconds, bpm, track_number) VALUES (3907, 528, 'Building which make', 284, 127, 7);
INSERT INTO song (song_id, album_id, name, duration_seconds, bpm, track_number) VALUES (3908, 528, 'Ready', 359, 63, 8);
INSERT INTO song (song_id, album_id, name, duration_seconds, bpm, track_number) VALUES (3909, 528, 'Magazine', 404, 76, 9);
INSERT INTO album (album_id, artist_id, title, release_year, created_at) VALUES (529, 273, 'Synergized real-time forecast', 1989, NOW());
INSERT INTO song (song_id, album_id, name, duration_seconds, bpm, track_number) VALUES (3910, 529, 'Phone', 251, 85, 1);
INSERT INTO song (song_id, album_id, name, duration_seconds, bpm, track_number) VALUES (3911, 529, 'People', 206, 137, 2);
INSERT INTO song (song_id, album_id, name, duration_seconds, bpm, track_number) VALUES (3912, 529, 'Believe', 174, 179, 3);
INSERT INTO song (song_id, album_id, name, duration_seconds, bpm, track_number) VALUES (3913, 529, 'Significant', 230, 135, 4);
INSERT INTO song (song_id, album_id, name, duration_seconds, bpm, track_number) VALUES (3914, 529, 'Treat director', 295, 76, 5);
INSERT INTO song (song_id, album_id, name, duration_seconds, bpm, track_number) VALUES (3915, 529, 'Of actually score establish site', 349, 166, 6);
INSERT INTO song (song_id, album_id, name, duration_seconds, bpm, track_number) VALUES (3916, 529, 'Budget', 357, 180, 7);
INSERT INTO song (song_id, album_id, name, duration_seconds, bpm, track_number) VALUES (3917, 529, 'Capital director sound bad social', 430, 125, 8);
INSERT INTO song (song_id, album_id, name, duration_seconds, bpm, track_number) VALUES (3918, 529, 'Economy', 207, 89, 9);
INSERT INTO song (song_id, album_id, name, duration_seconds, bpm, track_number) VALUES (3919, 529, 'Certainly land bill', 431, 109, 10);
INSERT INTO album (album_id, artist_id, title, release_year, created_at) VALUES (530, 273, 'Compatible web-enabled framework', 1994, NOW());
INSERT INTO song (song_id, album_id, name, duration_seconds, bpm, track_number) VALUES (3920, 530, 'Energy fill thus article ever', 122, 63, 1);
INSERT INTO song (song_id, album_id, name, duration_seconds, bpm, track_number) VALUES (3921, 530, 'Environmental', 155, 77, 2);
INSERT INTO song (song_id, album_id, name, duration_seconds, bpm, track_number) VALUES (3922, 530, 'Campaign', 470, 106, 3);
INSERT INTO song (song_id, album_id, name, duration_seconds, bpm, track_number) VALUES (3923, 530, 'Industry operation', 275, 93, 4);
INSERT INTO song (song_id, album_id, name, duration_seconds, bpm, track_number) VALUES (3924, 530, 'Choice', 252, 77, 5);
INSERT INTO song (song_id, album_id, name, duration_seconds, bpm, track_number) VALUES (3925, 530, 'Arm music', 191, 106, 6);
INSERT INTO album (album_id, artist_id, title, release_year, created_at) VALUES (531, 273, 'Customizable attitude-oriented Graphic Interface', 2012, NOW());
INSERT INTO song (song_id, album_id, name, duration_seconds, bpm, track_number) VALUES (3926, 531, 'Room', 304, 167, 1);
INSERT INTO song (song_id, album_id, name, duration_seconds, bpm, track_number) VALUES (3927, 531, 'Think bar', 330, 111, 2);
INSERT INTO song (song_id, album_id, name, duration_seconds, bpm, track_number) VALUES (3928, 531, 'Want recent', 218, 72, 3);
INSERT INTO song (song_id, album_id, name, duration_seconds, bpm, track_number) VALUES (3929, 531, 'Any economy western', 279, 102, 4);
INSERT INTO song (song_id, album_id, name, duration_seconds, bpm, track_number) VALUES (3930, 531, 'Citizen', 350, 108, 5);
INSERT INTO song (song_id, album_id, name, duration_seconds, bpm, track_number) VALUES (3931, 531, 'Police increase', 365, 180, 6);
INSERT INTO song (song_id, album_id, name, duration_seconds, bpm, track_number) VALUES (3932, 531, 'Near young involve', 158, 161, 7);
INSERT INTO song (song_id, album_id, name, duration_seconds, bpm, track_number) VALUES (3933, 531, 'Decade almost participant', 339, 101, 8);
INSERT INTO song (song_id, album_id, name, duration_seconds, bpm, track_number) VALUES (3934, 531, 'She', 421, 93, 9);
INSERT INTO song (song_id, album_id, name, duration_seconds, bpm, track_number) VALUES (3935, 531, 'Sell similar local industry', 189, 66, 10);
INSERT INTO album (album_id, artist_id, title, release_year, created_at) VALUES (532, 274, 'Multi-layered radical methodology', 2021, NOW());
INSERT INTO song (song_id, album_id, name, duration_seconds, bpm, track_number) VALUES (3936, 532, 'Brother', 205, 159, 1);
INSERT INTO song (song_id, album_id, name, duration_seconds, bpm, track_number) VALUES (3937, 532, 'Beyond heavy', 149, 87, 2);
INSERT INTO song (song_id, album_id, name, duration_seconds, bpm, track_number) VALUES (3938, 532, 'Road wish', 400, 123, 3);
INSERT INTO song (song_id, album_id, name, duration_seconds, bpm, track_number) VALUES (3939, 532, 'Value dog subject instead account', 359, 111, 4);
INSERT INTO song (song_id, album_id, name, duration_seconds, bpm, track_number) VALUES (3940, 532, 'Trade simple', 218, 175, 5);
INSERT INTO song (song_id, album_id, name, duration_seconds, bpm, track_number) VALUES (3941, 532, 'Without', 385, 173, 6);
INSERT INTO song (song_id, album_id, name, duration_seconds, bpm, track_number) VALUES (3942, 532, 'Walk especially attack', 352, 129, 7);
INSERT INTO album (album_id, artist_id, title, release_year, created_at) VALUES (533, 274, 'Devolved content-based function', 1986, NOW());
INSERT INTO song (song_id, album_id, name, duration_seconds, bpm, track_number) VALUES (3943, 533, 'Card imagine', 458, 73, 1);
INSERT INTO song (song_id, album_id, name, duration_seconds, bpm, track_number) VALUES (3944, 533, 'Admit', 164, 175, 2);
INSERT INTO song (song_id, album_id, name, duration_seconds, bpm, track_number) VALUES (3945, 533, 'Represent western team soon', 412, 166, 3);
INSERT INTO song (song_id, album_id, name, duration_seconds, bpm, track_number) VALUES (3946, 533, 'Because', 131, 152, 4);
INSERT INTO song (song_id, album_id, name, duration_seconds, bpm, track_number) VALUES (3947, 533, 'Sing recognize', 479, 90, 5);
INSERT INTO song (song_id, album_id, name, duration_seconds, bpm, track_number) VALUES (3948, 533, 'Against somebody need', 418, 97, 6);
INSERT INTO song (song_id, album_id, name, duration_seconds, bpm, track_number) VALUES (3949, 533, 'Blood', 366, 102, 7);
INSERT INTO song (song_id, album_id, name, duration_seconds, bpm, track_number) VALUES (3950, 533, 'Country anyone right', 281, 103, 8);
INSERT INTO album (album_id, artist_id, title, release_year, created_at) VALUES (534, 275, 'Synergistic 3rdgeneration open system', 2012, NOW());
INSERT INTO song (song_id, album_id, name, duration_seconds, bpm, track_number) VALUES (3951, 534, 'Town official', 143, 108, 1);
INSERT INTO song (song_id, album_id, name, duration_seconds, bpm, track_number) VALUES (3952, 534, 'Develop', 351, 78, 2);
INSERT INTO song (song_id, album_id, name, duration_seconds, bpm, track_number) VALUES (3953, 534, 'Performance special house', 181, 151, 3);
INSERT INTO song (song_id, album_id, name, duration_seconds, bpm, track_number) VALUES (3954, 534, 'Democrat', 323, 79, 4);
INSERT INTO song (song_id, album_id, name, duration_seconds, bpm, track_number) VALUES (3955, 534, 'Business turn', 293, 106, 5);
INSERT INTO song (song_id, album_id, name, duration_seconds, bpm, track_number) VALUES (3956, 534, 'Despite commercial through similar as', 160, 161, 6);
INSERT INTO song (song_id, album_id, name, duration_seconds, bpm, track_number) VALUES (3957, 534, 'However hundred sister', 379, 164, 7);
INSERT INTO song (song_id, album_id, name, duration_seconds, bpm, track_number) VALUES (3958, 534, 'Figure', 344, 69, 8);
INSERT INTO album (album_id, artist_id, title, release_year, created_at) VALUES (535, 275, 'Ameliorated heuristic frame', 2002, NOW());
INSERT INTO song (song_id, album_id, name, duration_seconds, bpm, track_number) VALUES (3959, 535, 'Provide', 375, 142, 1);
INSERT INTO song (song_id, album_id, name, duration_seconds, bpm, track_number) VALUES (3960, 535, 'About listen', 139, 167, 2);
INSERT INTO song (song_id, album_id, name, duration_seconds, bpm, track_number) VALUES (3961, 535, 'To ok natural fall', 214, 138, 3);
INSERT INTO song (song_id, album_id, name, duration_seconds, bpm, track_number) VALUES (3962, 535, 'Truth level teacher decide enough', 317, 155, 4);
INSERT INTO song (song_id, album_id, name, duration_seconds, bpm, track_number) VALUES (3963, 535, 'Claim sit', 338, 73, 5);
INSERT INTO song (song_id, album_id, name, duration_seconds, bpm, track_number) VALUES (3964, 535, 'Which choice event drug safe', 152, 157, 6);
INSERT INTO album (album_id, artist_id, title, release_year, created_at) VALUES (536, 275, 'Innovative local budgetary management', 1997, NOW());
INSERT INTO song (song_id, album_id, name, duration_seconds, bpm, track_number) VALUES (3965, 536, 'Rest benefit change', 330, 136, 1);
INSERT INTO song (song_id, album_id, name, duration_seconds, bpm, track_number) VALUES (3966, 536, 'Career', 240, 108, 2);
INSERT INTO song (song_id, album_id, name, duration_seconds, bpm, track_number) VALUES (3967, 536, 'Lay', 192, 109, 3);
INSERT INTO song (song_id, album_id, name, duration_seconds, bpm, track_number) VALUES (3968, 536, 'Throw', 353, 158, 4);
INSERT INTO song (song_id, album_id, name, duration_seconds, bpm, track_number) VALUES (3969, 536, 'Wrong', 352, 173, 5);
INSERT INTO song (song_id, album_id, name, duration_seconds, bpm, track_number) VALUES (3970, 536, 'Participant simply poor', 433, 174, 6);
INSERT INTO song (song_id, album_id, name, duration_seconds, bpm, track_number) VALUES (3971, 536, 'Significant suggest piece', 120, 88, 7);
INSERT INTO song (song_id, album_id, name, duration_seconds, bpm, track_number) VALUES (3972, 536, 'Happy during experience', 257, 151, 8);
INSERT INTO song (song_id, album_id, name, duration_seconds, bpm, track_number) VALUES (3973, 536, 'Road', 163, 178, 9);
INSERT INTO song (song_id, album_id, name, duration_seconds, bpm, track_number) VALUES (3974, 536, 'Dark', 291, 99, 10);
INSERT INTO album (album_id, artist_id, title, release_year, created_at) VALUES (537, 276, 'Customizable reciprocal budgetary management', 1999, NOW());
INSERT INTO song (song_id, album_id, name, duration_seconds, bpm, track_number) VALUES (3975, 537, 'West', 270, 117, 1);
INSERT INTO song (song_id, album_id, name, duration_seconds, bpm, track_number) VALUES (3976, 537, 'Manage', 465, 124, 2);
INSERT INTO song (song_id, album_id, name, duration_seconds, bpm, track_number) VALUES (3977, 537, 'Our', 401, 75, 3);
INSERT INTO song (song_id, album_id, name, duration_seconds, bpm, track_number) VALUES (3978, 537, 'Either dog meet measure', 273, 127, 4);
INSERT INTO song (song_id, album_id, name, duration_seconds, bpm, track_number) VALUES (3979, 537, 'Off light', 410, 146, 5);
INSERT INTO song (song_id, album_id, name, duration_seconds, bpm, track_number) VALUES (3980, 537, 'Lot consider', 132, 85, 6);
INSERT INTO song (song_id, album_id, name, duration_seconds, bpm, track_number) VALUES (3981, 537, 'Party main keep', 306, 85, 7);
INSERT INTO song (song_id, album_id, name, duration_seconds, bpm, track_number) VALUES (3982, 537, 'Ready station those', 415, 73, 8);
INSERT INTO song (song_id, album_id, name, duration_seconds, bpm, track_number) VALUES (3983, 537, 'If concern must', 239, 76, 9);
INSERT INTO album (album_id, artist_id, title, release_year, created_at) VALUES (538, 276, 'Secured methodical open architecture', 2015, NOW());
INSERT INTO song (song_id, album_id, name, duration_seconds, bpm, track_number) VALUES (3984, 538, 'Order', 204, 143, 1);
INSERT INTO song (song_id, album_id, name, duration_seconds, bpm, track_number) VALUES (3985, 538, 'Cultural', 398, 131, 2);
INSERT INTO song (song_id, album_id, name, duration_seconds, bpm, track_number) VALUES (3986, 538, 'Prove contain', 242, 144, 3);
INSERT INTO song (song_id, album_id, name, duration_seconds, bpm, track_number) VALUES (3987, 538, 'Wall like spend', 166, 107, 4);
INSERT INTO song (song_id, album_id, name, duration_seconds, bpm, track_number) VALUES (3988, 538, 'Serious but', 353, 101, 5);
INSERT INTO song (song_id, album_id, name, duration_seconds, bpm, track_number) VALUES (3989, 538, 'Environment', 463, 72, 6);
INSERT INTO album (album_id, artist_id, title, release_year, created_at) VALUES (539, 277, 'Quality-focused global Local Area Network', 1990, NOW());
INSERT INTO song (song_id, album_id, name, duration_seconds, bpm, track_number) VALUES (3990, 539, 'Necessary', 447, 142, 1);
INSERT INTO song (song_id, album_id, name, duration_seconds, bpm, track_number) VALUES (3991, 539, 'Rest', 356, 104, 2);
INSERT INTO song (song_id, album_id, name, duration_seconds, bpm, track_number) VALUES (3992, 539, 'Add', 332, 107, 3);
INSERT INTO song (song_id, album_id, name, duration_seconds, bpm, track_number) VALUES (3993, 539, 'Lawyer', 323, 132, 4);
INSERT INTO song (song_id, album_id, name, duration_seconds, bpm, track_number) VALUES (3994, 539, 'Sister prevent', 433, 175, 5);
INSERT INTO song (song_id, album_id, name, duration_seconds, bpm, track_number) VALUES (3995, 539, 'Account reflect walk', 430, 108, 6);
INSERT INTO song (song_id, album_id, name, duration_seconds, bpm, track_number) VALUES (3996, 539, 'Tree', 180, 174, 7);
INSERT INTO song (song_id, album_id, name, duration_seconds, bpm, track_number) VALUES (3997, 539, 'Daughter travel', 334, 146, 8);
INSERT INTO song (song_id, album_id, name, duration_seconds, bpm, track_number) VALUES (3998, 539, 'Thus', 395, 109, 9);
INSERT INTO song (song_id, album_id, name, duration_seconds, bpm, track_number) VALUES (3999, 539, 'Pretty sit population listen use', 173, 74, 10);
INSERT INTO album (album_id, artist_id, title, release_year, created_at) VALUES (540, 277, 'Cross-group mobile moderator', 1993, NOW());
INSERT INTO song (song_id, album_id, name, duration_seconds, bpm, track_number) VALUES (4000, 540, 'Community', 246, 73, 1);
INSERT INTO song (song_id, album_id, name, duration_seconds, bpm, track_number) VALUES (4001, 540, 'Firm north safe single', 480, 79, 2);
INSERT INTO song (song_id, album_id, name, duration_seconds, bpm, track_number) VALUES (4002, 540, 'Bag it three', 355, 102, 3);
INSERT INTO song (song_id, album_id, name, duration_seconds, bpm, track_number) VALUES (4003, 540, 'May woman', 310, 130, 4);
INSERT INTO song (song_id, album_id, name, duration_seconds, bpm, track_number) VALUES (4004, 540, 'Perhaps', 159, 162, 5);
INSERT INTO album (album_id, artist_id, title, release_year, created_at) VALUES (541, 277, 'Organic logistical artificial intelligence', 2019, NOW());
INSERT INTO song (song_id, album_id, name, duration_seconds, bpm, track_number) VALUES (4005, 541, 'Case my local apply', 252, 118, 1);
INSERT INTO song (song_id, album_id, name, duration_seconds, bpm, track_number) VALUES (4006, 541, 'Necessary', 427, 97, 2);
INSERT INTO song (song_id, album_id, name, duration_seconds, bpm, track_number) VALUES (4007, 541, 'She case go', 178, 141, 3);
INSERT INTO song (song_id, album_id, name, duration_seconds, bpm, track_number) VALUES (4008, 541, 'Large interview', 157, 121, 4);
INSERT INTO song (song_id, album_id, name, duration_seconds, bpm, track_number) VALUES (4009, 541, 'Either paper short', 149, 63, 5);
INSERT INTO album (album_id, artist_id, title, release_year, created_at) VALUES (542, 278, 'Virtual human-resource projection', 1982, NOW());
INSERT INTO song (song_id, album_id, name, duration_seconds, bpm, track_number) VALUES (4010, 542, 'Around imagine', 335, 137, 1);
INSERT INTO song (song_id, album_id, name, duration_seconds, bpm, track_number) VALUES (4011, 542, 'Relate pretty late room', 312, 172, 2);
INSERT INTO song (song_id, album_id, name, duration_seconds, bpm, track_number) VALUES (4012, 542, 'Identify', 472, 128, 3);
INSERT INTO song (song_id, album_id, name, duration_seconds, bpm, track_number) VALUES (4013, 542, 'In player', 341, 160, 4);
INSERT INTO song (song_id, album_id, name, duration_seconds, bpm, track_number) VALUES (4014, 542, 'Individual choice impact', 355, 131, 5);
INSERT INTO song (song_id, album_id, name, duration_seconds, bpm, track_number) VALUES (4015, 542, 'Realize', 189, 175, 6);
INSERT INTO song (song_id, album_id, name, duration_seconds, bpm, track_number) VALUES (4016, 542, 'Knowledge', 291, 88, 7);
INSERT INTO album (album_id, artist_id, title, release_year, created_at) VALUES (543, 278, 'Extended actuating focus group', 1977, NOW());
INSERT INTO song (song_id, album_id, name, duration_seconds, bpm, track_number) VALUES (4017, 543, 'Success great remain attack', 409, 175, 1);
INSERT INTO song (song_id, album_id, name, duration_seconds, bpm, track_number) VALUES (4018, 543, 'Test', 405, 104, 2);
INSERT INTO song (song_id, album_id, name, duration_seconds, bpm, track_number) VALUES (4019, 543, 'Recent adult', 313, 169, 3);
INSERT INTO song (song_id, album_id, name, duration_seconds, bpm, track_number) VALUES (4020, 543, 'Third sing', 138, 170, 4);
INSERT INTO song (song_id, album_id, name, duration_seconds, bpm, track_number) VALUES (4021, 543, 'Money', 279, 95, 5);
INSERT INTO song (song_id, album_id, name, duration_seconds, bpm, track_number) VALUES (4022, 543, 'Two material serve individual', 458, 109, 6);
INSERT INTO song (song_id, album_id, name, duration_seconds, bpm, track_number) VALUES (4023, 543, 'Accept goal to', 387, 133, 7);
INSERT INTO album (album_id, artist_id, title, release_year, created_at) VALUES (544, 278, 'Future-proofed scalable benchmark', 1999, NOW());
INSERT INTO song (song_id, album_id, name, duration_seconds, bpm, track_number) VALUES (4024, 544, 'Score', 143, 110, 1);
INSERT INTO song (song_id, album_id, name, duration_seconds, bpm, track_number) VALUES (4025, 544, 'Summer end compare', 473, 178, 2);
INSERT INTO song (song_id, album_id, name, duration_seconds, bpm, track_number) VALUES (4026, 544, 'Program anything how', 356, 168, 3);
INSERT INTO song (song_id, album_id, name, duration_seconds, bpm, track_number) VALUES (4027, 544, 'Eye', 294, 111, 4);
INSERT INTO song (song_id, album_id, name, duration_seconds, bpm, track_number) VALUES (4028, 544, 'Prevent', 343, 132, 5);
INSERT INTO song (song_id, album_id, name, duration_seconds, bpm, track_number) VALUES (4029, 544, 'Other', 163, 147, 6);
INSERT INTO album (album_id, artist_id, title, release_year, created_at) VALUES (545, 279, 'Total 4thgeneration function', 1992, NOW());
INSERT INTO song (song_id, album_id, name, duration_seconds, bpm, track_number) VALUES (4030, 545, 'Arm', 316, 169, 1);
INSERT INTO song (song_id, album_id, name, duration_seconds, bpm, track_number) VALUES (4031, 545, 'Bill', 375, 167, 2);
INSERT INTO song (song_id, album_id, name, duration_seconds, bpm, track_number) VALUES (4032, 545, 'Claim', 255, 73, 3);
INSERT INTO song (song_id, album_id, name, duration_seconds, bpm, track_number) VALUES (4033, 545, 'Energy chair strategy answer', 210, 121, 4);
INSERT INTO song (song_id, album_id, name, duration_seconds, bpm, track_number) VALUES (4034, 545, 'Thing agent yes wide', 422, 106, 5);
INSERT INTO song (song_id, album_id, name, duration_seconds, bpm, track_number) VALUES (4035, 545, 'Manager', 438, 167, 6);
INSERT INTO song (song_id, album_id, name, duration_seconds, bpm, track_number) VALUES (4036, 545, 'Institution', 181, 133, 7);
INSERT INTO song (song_id, album_id, name, duration_seconds, bpm, track_number) VALUES (4037, 545, 'Century although', 376, 148, 8);
INSERT INTO album (album_id, artist_id, title, release_year, created_at) VALUES (546, 280, 'Monitored tertiary algorithm', 2007, NOW());
INSERT INTO song (song_id, album_id, name, duration_seconds, bpm, track_number) VALUES (4038, 546, 'Red article majority leg', 181, 126, 1);
INSERT INTO song (song_id, album_id, name, duration_seconds, bpm, track_number) VALUES (4039, 546, 'Power trip', 358, 95, 2);
INSERT INTO song (song_id, album_id, name, duration_seconds, bpm, track_number) VALUES (4040, 546, 'Animal knowledge industry', 179, 68, 3);
INSERT INTO song (song_id, album_id, name, duration_seconds, bpm, track_number) VALUES (4041, 546, 'Modern', 129, 151, 4);
INSERT INTO song (song_id, album_id, name, duration_seconds, bpm, track_number) VALUES (4042, 546, 'Space me person', 276, 136, 5);
INSERT INTO album (album_id, artist_id, title, release_year, created_at) VALUES (547, 281, 'Profound modular architecture', 2022, NOW());
INSERT INTO song (song_id, album_id, name, duration_seconds, bpm, track_number) VALUES (4043, 547, 'Three', 436, 140, 1);
INSERT INTO song (song_id, album_id, name, duration_seconds, bpm, track_number) VALUES (4044, 547, 'Central rate', 459, 124, 2);
INSERT INTO song (song_id, album_id, name, duration_seconds, bpm, track_number) VALUES (4045, 547, 'Site almost future not', 310, 165, 3);
INSERT INTO song (song_id, album_id, name, duration_seconds, bpm, track_number) VALUES (4046, 547, 'Black experience or', 308, 97, 4);
INSERT INTO song (song_id, album_id, name, duration_seconds, bpm, track_number) VALUES (4047, 547, 'Road ready worry', 409, 118, 5);
INSERT INTO song (song_id, album_id, name, duration_seconds, bpm, track_number) VALUES (4048, 547, 'Cover ever exist', 264, 117, 6);
INSERT INTO album (album_id, artist_id, title, release_year, created_at) VALUES (548, 281, 'Balanced stable complexity', 1971, NOW());
INSERT INTO song (song_id, album_id, name, duration_seconds, bpm, track_number) VALUES (4049, 548, 'Wonder fill baby model seek', 242, 146, 1);
INSERT INTO song (song_id, album_id, name, duration_seconds, bpm, track_number) VALUES (4050, 548, 'Same', 288, 87, 2);
INSERT INTO song (song_id, album_id, name, duration_seconds, bpm, track_number) VALUES (4051, 548, 'Financial big seem from', 433, 89, 3);
INSERT INTO song (song_id, album_id, name, duration_seconds, bpm, track_number) VALUES (4052, 548, 'Concern always small', 297, 73, 4);
INSERT INTO song (song_id, album_id, name, duration_seconds, bpm, track_number) VALUES (4053, 548, 'Today', 373, 122, 5);
INSERT INTO song (song_id, album_id, name, duration_seconds, bpm, track_number) VALUES (4054, 548, 'Air court', 273, 132, 6);
INSERT INTO album (album_id, artist_id, title, release_year, created_at) VALUES (549, 282, 'Organic grid-enabled analyzer', 1971, NOW());
INSERT INTO song (song_id, album_id, name, duration_seconds, bpm, track_number) VALUES (4055, 549, 'Name nature strategy turn', 169, 66, 1);
INSERT INTO song (song_id, album_id, name, duration_seconds, bpm, track_number) VALUES (4056, 549, 'Wall', 459, 160, 2);
INSERT INTO song (song_id, album_id, name, duration_seconds, bpm, track_number) VALUES (4057, 549, 'Study form', 176, 102, 3);
INSERT INTO song (song_id, album_id, name, duration_seconds, bpm, track_number) VALUES (4058, 549, 'Myself eye care', 429, 159, 4);
INSERT INTO song (song_id, album_id, name, duration_seconds, bpm, track_number) VALUES (4059, 549, 'Alone', 192, 166, 5);
INSERT INTO song (song_id, album_id, name, duration_seconds, bpm, track_number) VALUES (4060, 549, 'Approach could', 186, 118, 6);
INSERT INTO song (song_id, album_id, name, duration_seconds, bpm, track_number) VALUES (4061, 549, 'Same level strong', 382, 69, 7);
INSERT INTO album (album_id, artist_id, title, release_year, created_at) VALUES (550, 283, 'Re-contextualized multimedia paradigm', 1989, NOW());
INSERT INTO song (song_id, album_id, name, duration_seconds, bpm, track_number) VALUES (4062, 550, 'Now skill', 127, 96, 1);
INSERT INTO song (song_id, album_id, name, duration_seconds, bpm, track_number) VALUES (4063, 550, 'Stuff', 252, 136, 2);
INSERT INTO song (song_id, album_id, name, duration_seconds, bpm, track_number) VALUES (4064, 550, 'Bad modern choose', 245, 73, 3);
INSERT INTO song (song_id, album_id, name, duration_seconds, bpm, track_number) VALUES (4065, 550, 'Before room degree', 210, 104, 4);
INSERT INTO song (song_id, album_id, name, duration_seconds, bpm, track_number) VALUES (4066, 550, 'Case', 272, 67, 5);
INSERT INTO song (song_id, album_id, name, duration_seconds, bpm, track_number) VALUES (4067, 550, 'Wrong real similar', 301, 116, 6);
INSERT INTO song (song_id, album_id, name, duration_seconds, bpm, track_number) VALUES (4068, 550, 'Voice', 259, 143, 7);
INSERT INTO song (song_id, album_id, name, duration_seconds, bpm, track_number) VALUES (4069, 550, 'Such', 268, 73, 8);
INSERT INTO song (song_id, album_id, name, duration_seconds, bpm, track_number) VALUES (4070, 550, 'Sea meet shake', 336, 138, 9);
INSERT INTO song (song_id, album_id, name, duration_seconds, bpm, track_number) VALUES (4071, 550, 'Western', 397, 102, 10);
INSERT INTO album (album_id, artist_id, title, release_year, created_at) VALUES (551, 283, 'Centralized web-enabled extranet', 1990, NOW());
INSERT INTO song (song_id, album_id, name, duration_seconds, bpm, track_number) VALUES (4072, 551, 'Site church form', 404, 77, 1);
INSERT INTO song (song_id, album_id, name, duration_seconds, bpm, track_number) VALUES (4073, 551, 'Himself teacher picture', 289, 150, 2);
INSERT INTO song (song_id, album_id, name, duration_seconds, bpm, track_number) VALUES (4074, 551, 'Report', 209, 133, 3);
INSERT INTO song (song_id, album_id, name, duration_seconds, bpm, track_number) VALUES (4075, 551, 'Position', 478, 179, 4);
INSERT INTO song (song_id, album_id, name, duration_seconds, bpm, track_number) VALUES (4076, 551, 'House game', 374, 147, 5);
INSERT INTO album (album_id, artist_id, title, release_year, created_at) VALUES (552, 284, 'Polarized discrete artificial intelligence', 1996, NOW());
INSERT INTO song (song_id, album_id, name, duration_seconds, bpm, track_number) VALUES (4077, 552, 'Current machine', 208, 83, 1);
INSERT INTO song (song_id, album_id, name, duration_seconds, bpm, track_number) VALUES (4078, 552, 'Through my college', 120, 157, 2);
INSERT INTO song (song_id, album_id, name, duration_seconds, bpm, track_number) VALUES (4079, 552, 'Recognize pattern shoulder', 132, 137, 3);
INSERT INTO song (song_id, album_id, name, duration_seconds, bpm, track_number) VALUES (4080, 552, 'Speech grow none', 122, 69, 4);
INSERT INTO song (song_id, album_id, name, duration_seconds, bpm, track_number) VALUES (4081, 552, 'Book man way', 261, 70, 5);
INSERT INTO song (song_id, album_id, name, duration_seconds, bpm, track_number) VALUES (4082, 552, 'Food', 398, 128, 6);
INSERT INTO song (song_id, album_id, name, duration_seconds, bpm, track_number) VALUES (4083, 552, 'Order where', 314, 178, 7);
INSERT INTO album (album_id, artist_id, title, release_year, created_at) VALUES (553, 284, 'Cross-platform systematic time-frame', 1984, NOW());
INSERT INTO song (song_id, album_id, name, duration_seconds, bpm, track_number) VALUES (4084, 553, 'Discover figure provide medical', 199, 155, 1);
INSERT INTO song (song_id, album_id, name, duration_seconds, bpm, track_number) VALUES (4085, 553, 'Lead network choice operation', 136, 72, 2);
INSERT INTO song (song_id, album_id, name, duration_seconds, bpm, track_number) VALUES (4086, 553, 'Cell power', 194, 66, 3);
INSERT INTO song (song_id, album_id, name, duration_seconds, bpm, track_number) VALUES (4087, 553, 'Life', 330, 119, 4);
INSERT INTO song (song_id, album_id, name, duration_seconds, bpm, track_number) VALUES (4088, 553, 'Since', 156, 78, 5);
INSERT INTO song (song_id, album_id, name, duration_seconds, bpm, track_number) VALUES (4089, 553, 'Theory', 221, 137, 6);
INSERT INTO song (song_id, album_id, name, duration_seconds, bpm, track_number) VALUES (4090, 553, 'Show situation PM', 248, 144, 7);
INSERT INTO album (album_id, artist_id, title, release_year, created_at) VALUES (554, 285, 'Monitored exuding implementation', 2012, NOW());
INSERT INTO song (song_id, album_id, name, duration_seconds, bpm, track_number) VALUES (4091, 554, 'Measure form production', 159, 97, 1);
INSERT INTO song (song_id, album_id, name, duration_seconds, bpm, track_number) VALUES (4092, 554, 'End', 338, 174, 2);
INSERT INTO song (song_id, album_id, name, duration_seconds, bpm, track_number) VALUES (4093, 554, 'Leave deal', 324, 170, 3);
INSERT INTO song (song_id, album_id, name, duration_seconds, bpm, track_number) VALUES (4094, 554, 'Data head', 400, 122, 4);
INSERT INTO song (song_id, album_id, name, duration_seconds, bpm, track_number) VALUES (4095, 554, 'Successful concern idea night best', 417, 152, 5);
INSERT INTO song (song_id, album_id, name, duration_seconds, bpm, track_number) VALUES (4096, 554, 'Picture camera real', 121, 81, 6);
INSERT INTO album (album_id, artist_id, title, release_year, created_at) VALUES (555, 285, 'Progressive systemic leverage', 2007, NOW());
INSERT INTO song (song_id, album_id, name, duration_seconds, bpm, track_number) VALUES (4097, 555, 'Whether prepare', 420, 130, 1);
INSERT INTO song (song_id, album_id, name, duration_seconds, bpm, track_number) VALUES (4098, 555, 'Model', 225, 141, 2);
INSERT INTO song (song_id, album_id, name, duration_seconds, bpm, track_number) VALUES (4099, 555, 'There firm', 360, 119, 3);
INSERT INTO song (song_id, album_id, name, duration_seconds, bpm, track_number) VALUES (4100, 555, 'No culture game', 173, 82, 4);
INSERT INTO song (song_id, album_id, name, duration_seconds, bpm, track_number) VALUES (4101, 555, 'Its', 356, 122, 5);
INSERT INTO song (song_id, album_id, name, duration_seconds, bpm, track_number) VALUES (4102, 555, 'Pay', 340, 115, 6);
INSERT INTO song (song_id, album_id, name, duration_seconds, bpm, track_number) VALUES (4103, 555, 'Crime serious', 295, 125, 7);
INSERT INTO album (album_id, artist_id, title, release_year, created_at) VALUES (556, 286, 'Multi-lateral logistical toolset', 1980, NOW());
INSERT INTO song (song_id, album_id, name, duration_seconds, bpm, track_number) VALUES (4104, 556, 'Me rise become leader', 281, 180, 1);
INSERT INTO song (song_id, album_id, name, duration_seconds, bpm, track_number) VALUES (4105, 556, 'Perhaps', 461, 65, 2);
INSERT INTO song (song_id, album_id, name, duration_seconds, bpm, track_number) VALUES (4106, 556, 'Hand', 319, 63, 3);
INSERT INTO song (song_id, album_id, name, duration_seconds, bpm, track_number) VALUES (4107, 556, 'Side me chair', 391, 87, 4);
INSERT INTO song (song_id, album_id, name, duration_seconds, bpm, track_number) VALUES (4108, 556, 'Energy know class', 127, 177, 5);
INSERT INTO song (song_id, album_id, name, duration_seconds, bpm, track_number) VALUES (4109, 556, 'Purpose chance fly put', 459, 71, 6);
INSERT INTO song (song_id, album_id, name, duration_seconds, bpm, track_number) VALUES (4110, 556, 'Rise', 129, 136, 7);
INSERT INTO song (song_id, album_id, name, duration_seconds, bpm, track_number) VALUES (4111, 556, 'Admit', 425, 87, 8);
INSERT INTO song (song_id, album_id, name, duration_seconds, bpm, track_number) VALUES (4112, 556, 'Ready program', 437, 132, 9);
INSERT INTO album (album_id, artist_id, title, release_year, created_at) VALUES (557, 286, 'Synchronized impactful monitoring', 2000, NOW());
INSERT INTO song (song_id, album_id, name, duration_seconds, bpm, track_number) VALUES (4113, 557, 'Learn some spring', 314, 141, 1);
INSERT INTO song (song_id, album_id, name, duration_seconds, bpm, track_number) VALUES (4114, 557, 'Step', 161, 63, 2);
INSERT INTO song (song_id, album_id, name, duration_seconds, bpm, track_number) VALUES (4115, 557, 'Piece strategy value', 425, 81, 3);
INSERT INTO song (song_id, album_id, name, duration_seconds, bpm, track_number) VALUES (4116, 557, 'Article', 244, 137, 4);
INSERT INTO song (song_id, album_id, name, duration_seconds, bpm, track_number) VALUES (4117, 557, 'Build deep town', 466, 165, 5);
INSERT INTO song (song_id, album_id, name, duration_seconds, bpm, track_number) VALUES (4118, 557, 'Company suggest animal up', 153, 98, 6);
INSERT INTO song (song_id, album_id, name, duration_seconds, bpm, track_number) VALUES (4119, 557, 'Should maybe', 397, 150, 7);
INSERT INTO song (song_id, album_id, name, duration_seconds, bpm, track_number) VALUES (4120, 557, 'Current', 174, 64, 8);
INSERT INTO song (song_id, album_id, name, duration_seconds, bpm, track_number) VALUES (4121, 557, 'Likely meeting economic use', 382, 143, 9);
INSERT INTO album (album_id, artist_id, title, release_year, created_at) VALUES (558, 286, 'Profit-focused national forecast', 1993, NOW());
INSERT INTO song (song_id, album_id, name, duration_seconds, bpm, track_number) VALUES (4122, 558, 'Write another', 375, 130, 1);
INSERT INTO song (song_id, album_id, name, duration_seconds, bpm, track_number) VALUES (4123, 558, 'Behind', 459, 115, 2);
INSERT INTO song (song_id, album_id, name, duration_seconds, bpm, track_number) VALUES (4124, 558, 'Performance agency', 268, 112, 3);
INSERT INTO song (song_id, album_id, name, duration_seconds, bpm, track_number) VALUES (4125, 558, 'Today', 432, 111, 4);
INSERT INTO song (song_id, album_id, name, duration_seconds, bpm, track_number) VALUES (4126, 558, 'American', 325, 108, 5);
INSERT INTO album (album_id, artist_id, title, release_year, created_at) VALUES (559, 287, 'Balanced maximized migration', 2023, NOW());
INSERT INTO song (song_id, album_id, name, duration_seconds, bpm, track_number) VALUES (4127, 559, 'Election do', 155, 144, 1);
INSERT INTO song (song_id, album_id, name, duration_seconds, bpm, track_number) VALUES (4128, 559, 'Resource either more team size', 365, 157, 2);
INSERT INTO song (song_id, album_id, name, duration_seconds, bpm, track_number) VALUES (4129, 559, 'Determine up back many', 401, 126, 3);
INSERT INTO song (song_id, album_id, name, duration_seconds, bpm, track_number) VALUES (4130, 559, 'Fast a', 417, 167, 4);
INSERT INTO song (song_id, album_id, name, duration_seconds, bpm, track_number) VALUES (4131, 559, 'Age', 425, 142, 5);
INSERT INTO song (song_id, album_id, name, duration_seconds, bpm, track_number) VALUES (4132, 559, 'Close', 431, 80, 6);
INSERT INTO song (song_id, album_id, name, duration_seconds, bpm, track_number) VALUES (4133, 559, 'American', 455, 111, 7);
INSERT INTO song (song_id, album_id, name, duration_seconds, bpm, track_number) VALUES (4134, 559, 'Far', 197, 161, 8);
INSERT INTO song (song_id, album_id, name, duration_seconds, bpm, track_number) VALUES (4135, 559, 'Build popular', 256, 76, 9);
INSERT INTO album (album_id, artist_id, title, release_year, created_at) VALUES (560, 287, 'Streamlined optimizing forecast', 1991, NOW());
INSERT INTO song (song_id, album_id, name, duration_seconds, bpm, track_number) VALUES (4136, 560, 'Point ground', 352, 157, 1);
INSERT INTO song (song_id, album_id, name, duration_seconds, bpm, track_number) VALUES (4137, 560, 'They share', 375, 74, 2);
INSERT INTO song (song_id, album_id, name, duration_seconds, bpm, track_number) VALUES (4138, 560, 'Which product stay', 370, 148, 3);
INSERT INTO song (song_id, album_id, name, duration_seconds, bpm, track_number) VALUES (4139, 560, 'Question according', 169, 130, 4);
INSERT INTO song (song_id, album_id, name, duration_seconds, bpm, track_number) VALUES (4140, 560, 'Glass', 252, 76, 5);
INSERT INTO song (song_id, album_id, name, duration_seconds, bpm, track_number) VALUES (4141, 560, 'Pretty rest', 254, 90, 6);
INSERT INTO song (song_id, album_id, name, duration_seconds, bpm, track_number) VALUES (4142, 560, 'Treatment prove', 228, 124, 7);
INSERT INTO song (song_id, album_id, name, duration_seconds, bpm, track_number) VALUES (4143, 560, 'College poor throw really', 281, 161, 8);
INSERT INTO song (song_id, album_id, name, duration_seconds, bpm, track_number) VALUES (4144, 560, 'Side foreign theory', 459, 175, 9);
INSERT INTO album (album_id, artist_id, title, release_year, created_at) VALUES (561, 288, 'Function-based 24/7 parallelism', 2013, NOW());
INSERT INTO song (song_id, album_id, name, duration_seconds, bpm, track_number) VALUES (4145, 561, 'Community', 471, 177, 1);
INSERT INTO song (song_id, album_id, name, duration_seconds, bpm, track_number) VALUES (4146, 561, 'Close machine', 461, 74, 2);
INSERT INTO song (song_id, album_id, name, duration_seconds, bpm, track_number) VALUES (4147, 561, 'Create have no', 347, 60, 3);
INSERT INTO song (song_id, album_id, name, duration_seconds, bpm, track_number) VALUES (4148, 561, 'Figure approach wait', 403, 74, 4);
INSERT INTO song (song_id, album_id, name, duration_seconds, bpm, track_number) VALUES (4149, 561, 'Something shoulder name', 200, 144, 5);
INSERT INTO song (song_id, album_id, name, duration_seconds, bpm, track_number) VALUES (4150, 561, 'Thought sing', 222, 169, 6);
INSERT INTO song (song_id, album_id, name, duration_seconds, bpm, track_number) VALUES (4151, 561, 'Ability deep', 465, 95, 7);
INSERT INTO song (song_id, album_id, name, duration_seconds, bpm, track_number) VALUES (4152, 561, 'Crime garden', 435, 137, 8);
INSERT INTO song (song_id, album_id, name, duration_seconds, bpm, track_number) VALUES (4153, 561, 'Under certain', 381, 124, 9);
INSERT INTO song (song_id, album_id, name, duration_seconds, bpm, track_number) VALUES (4154, 561, 'During base', 147, 67, 10);
INSERT INTO album (album_id, artist_id, title, release_year, created_at) VALUES (562, 288, 'Front-line contextually-based encryption', 1993, NOW());
INSERT INTO song (song_id, album_id, name, duration_seconds, bpm, track_number) VALUES (4155, 562, 'Manage', 324, 81, 1);
INSERT INTO song (song_id, album_id, name, duration_seconds, bpm, track_number) VALUES (4156, 562, 'Note if', 369, 169, 2);
INSERT INTO song (song_id, album_id, name, duration_seconds, bpm, track_number) VALUES (4157, 562, 'Me fact color southern', 214, 77, 3);
INSERT INTO song (song_id, album_id, name, duration_seconds, bpm, track_number) VALUES (4158, 562, 'Attention', 463, 97, 4);
INSERT INTO song (song_id, album_id, name, duration_seconds, bpm, track_number) VALUES (4159, 562, 'Four management', 237, 67, 5);
INSERT INTO song (song_id, album_id, name, duration_seconds, bpm, track_number) VALUES (4160, 562, 'Piece man', 415, 146, 6);
INSERT INTO song (song_id, album_id, name, duration_seconds, bpm, track_number) VALUES (4161, 562, 'Various would', 390, 175, 7);
INSERT INTO album (album_id, artist_id, title, release_year, created_at) VALUES (563, 288, 'Seamless coherent implementation', 1993, NOW());
INSERT INTO song (song_id, album_id, name, duration_seconds, bpm, track_number) VALUES (4162, 563, 'Security soldier', 458, 145, 1);
INSERT INTO song (song_id, album_id, name, duration_seconds, bpm, track_number) VALUES (4163, 563, 'Apply', 230, 93, 2);
INSERT INTO song (song_id, album_id, name, duration_seconds, bpm, track_number) VALUES (4164, 563, 'Civil rate', 229, 77, 3);
INSERT INTO song (song_id, album_id, name, duration_seconds, bpm, track_number) VALUES (4165, 563, 'Wife away', 191, 167, 4);
INSERT INTO song (song_id, album_id, name, duration_seconds, bpm, track_number) VALUES (4166, 563, 'Commercial', 416, 98, 5);
INSERT INTO song (song_id, album_id, name, duration_seconds, bpm, track_number) VALUES (4167, 563, 'Laugh', 369, 64, 6);
INSERT INTO song (song_id, album_id, name, duration_seconds, bpm, track_number) VALUES (4168, 563, 'During cut word table main', 151, 178, 7);
INSERT INTO song (song_id, album_id, name, duration_seconds, bpm, track_number) VALUES (4169, 563, 'Specific lot', 222, 170, 8);
INSERT INTO song (song_id, album_id, name, duration_seconds, bpm, track_number) VALUES (4170, 563, 'Example', 246, 127, 9);
INSERT INTO song (song_id, album_id, name, duration_seconds, bpm, track_number) VALUES (4171, 563, 'Because agree later good', 440, 105, 10);
INSERT INTO album (album_id, artist_id, title, release_year, created_at) VALUES (564, 289, 'Horizontal system-worthy matrices', 1998, NOW());
INSERT INTO song (song_id, album_id, name, duration_seconds, bpm, track_number) VALUES (4172, 564, 'Allow garden power', 324, 137, 1);
INSERT INTO song (song_id, album_id, name, duration_seconds, bpm, track_number) VALUES (4173, 564, 'Still', 198, 169, 2);
INSERT INTO song (song_id, album_id, name, duration_seconds, bpm, track_number) VALUES (4174, 564, 'Trade although identify', 124, 154, 3);
INSERT INTO song (song_id, album_id, name, duration_seconds, bpm, track_number) VALUES (4175, 564, 'Fish doctor', 414, 135, 4);
INSERT INTO song (song_id, album_id, name, duration_seconds, bpm, track_number) VALUES (4176, 564, 'Now', 121, 178, 5);
INSERT INTO song (song_id, album_id, name, duration_seconds, bpm, track_number) VALUES (4177, 564, 'Whom feel', 332, 74, 6);
INSERT INTO song (song_id, album_id, name, duration_seconds, bpm, track_number) VALUES (4178, 564, 'Especially goal', 341, 132, 7);
INSERT INTO song (song_id, album_id, name, duration_seconds, bpm, track_number) VALUES (4179, 564, 'Just citizen', 268, 68, 8);
INSERT INTO song (song_id, album_id, name, duration_seconds, bpm, track_number) VALUES (4180, 564, 'Bed', 455, 73, 9);
INSERT INTO album (album_id, artist_id, title, release_year, created_at) VALUES (565, 289, 'Team-oriented dedicated secured line', 2011, NOW());
INSERT INTO song (song_id, album_id, name, duration_seconds, bpm, track_number) VALUES (4181, 565, 'Threat', 122, 140, 1);
INSERT INTO song (song_id, album_id, name, duration_seconds, bpm, track_number) VALUES (4182, 565, 'Order', 271, 64, 2);
INSERT INTO song (song_id, album_id, name, duration_seconds, bpm, track_number) VALUES (4183, 565, 'Miss institution', 392, 77, 3);
INSERT INTO song (song_id, album_id, name, duration_seconds, bpm, track_number) VALUES (4184, 565, 'Policy', 139, 143, 4);
INSERT INTO song (song_id, album_id, name, duration_seconds, bpm, track_number) VALUES (4185, 565, 'Friend who', 337, 133, 5);
INSERT INTO song (song_id, album_id, name, duration_seconds, bpm, track_number) VALUES (4186, 565, 'Focus tend painting', 344, 136, 6);
INSERT INTO song (song_id, album_id, name, duration_seconds, bpm, track_number) VALUES (4187, 565, 'Husband', 448, 88, 7);
INSERT INTO song (song_id, album_id, name, duration_seconds, bpm, track_number) VALUES (4188, 565, 'Degree', 249, 114, 8);
INSERT INTO song (song_id, album_id, name, duration_seconds, bpm, track_number) VALUES (4189, 565, 'Candidate', 395, 89, 9);
INSERT INTO song (song_id, album_id, name, duration_seconds, bpm, track_number) VALUES (4190, 565, 'Culture rule shoulder reduce', 315, 79, 10);
INSERT INTO album (album_id, artist_id, title, release_year, created_at) VALUES (566, 289, 'Inverse non-volatile framework', 1988, NOW());
INSERT INTO song (song_id, album_id, name, duration_seconds, bpm, track_number) VALUES (4191, 566, 'Man loss peace', 128, 130, 1);
INSERT INTO song (song_id, album_id, name, duration_seconds, bpm, track_number) VALUES (4192, 566, 'Yet', 452, 125, 2);
INSERT INTO song (song_id, album_id, name, duration_seconds, bpm, track_number) VALUES (4193, 566, 'Young mention short', 141, 163, 3);
INSERT INTO song (song_id, album_id, name, duration_seconds, bpm, track_number) VALUES (4194, 566, 'Owner finally', 421, 96, 4);
INSERT INTO song (song_id, album_id, name, duration_seconds, bpm, track_number) VALUES (4195, 566, 'Night wrong break trouble', 205, 176, 5);
INSERT INTO song (song_id, album_id, name, duration_seconds, bpm, track_number) VALUES (4196, 566, 'Another', 336, 84, 6);
INSERT INTO song (song_id, album_id, name, duration_seconds, bpm, track_number) VALUES (4197, 566, 'Staff then', 278, 146, 7);
INSERT INTO song (song_id, album_id, name, duration_seconds, bpm, track_number) VALUES (4198, 566, 'Him', 181, 69, 8);
INSERT INTO song (song_id, album_id, name, duration_seconds, bpm, track_number) VALUES (4199, 566, 'Early new', 127, 94, 9);
INSERT INTO album (album_id, artist_id, title, release_year, created_at) VALUES (567, 290, 'Face-to-face zero-defect complexity', 1988, NOW());
INSERT INTO song (song_id, album_id, name, duration_seconds, bpm, track_number) VALUES (4200, 567, 'Evidence', 436, 153, 1);
INSERT INTO song (song_id, album_id, name, duration_seconds, bpm, track_number) VALUES (4201, 567, 'Happen who', 239, 122, 2);
INSERT INTO song (song_id, album_id, name, duration_seconds, bpm, track_number) VALUES (4202, 567, 'Walk main', 239, 155, 3);
INSERT INTO song (song_id, album_id, name, duration_seconds, bpm, track_number) VALUES (4203, 567, 'Challenge wonder', 477, 122, 4);
INSERT INTO song (song_id, album_id, name, duration_seconds, bpm, track_number) VALUES (4204, 567, 'Song TV dream safe watch', 429, 123, 5);
INSERT INTO song (song_id, album_id, name, duration_seconds, bpm, track_number) VALUES (4205, 567, 'Cost environment trial', 435, 101, 6);
INSERT INTO song (song_id, album_id, name, duration_seconds, bpm, track_number) VALUES (4206, 567, 'Push', 319, 171, 7);
INSERT INTO song (song_id, album_id, name, duration_seconds, bpm, track_number) VALUES (4207, 567, 'Role decision', 413, 172, 8);
INSERT INTO song (song_id, album_id, name, duration_seconds, bpm, track_number) VALUES (4208, 567, 'Woman', 342, 144, 9);
INSERT INTO album (album_id, artist_id, title, release_year, created_at) VALUES (568, 290, 'Switchable tertiary ability', 2011, NOW());
INSERT INTO song (song_id, album_id, name, duration_seconds, bpm, track_number) VALUES (4209, 568, 'Hear', 156, 109, 1);
INSERT INTO song (song_id, album_id, name, duration_seconds, bpm, track_number) VALUES (4210, 568, 'Area kitchen personal', 234, 65, 2);
INSERT INTO song (song_id, album_id, name, duration_seconds, bpm, track_number) VALUES (4211, 568, 'Republican pay', 205, 123, 3);
INSERT INTO song (song_id, album_id, name, duration_seconds, bpm, track_number) VALUES (4212, 568, 'Issue', 385, 144, 4);
INSERT INTO song (song_id, album_id, name, duration_seconds, bpm, track_number) VALUES (4213, 568, 'Quite myself', 319, 178, 5);
INSERT INTO song (song_id, album_id, name, duration_seconds, bpm, track_number) VALUES (4214, 568, 'Night', 455, 90, 6);
INSERT INTO song (song_id, album_id, name, duration_seconds, bpm, track_number) VALUES (4215, 568, 'Play factor ten however', 439, 128, 7);
INSERT INTO song (song_id, album_id, name, duration_seconds, bpm, track_number) VALUES (4216, 568, 'Author speech bit image', 357, 74, 8);
INSERT INTO song (song_id, album_id, name, duration_seconds, bpm, track_number) VALUES (4217, 568, 'Common difficult', 458, 167, 9);
INSERT INTO album (album_id, artist_id, title, release_year, created_at) VALUES (569, 291, 'Decentralized scalable utilization', 1997, NOW());
INSERT INTO song (song_id, album_id, name, duration_seconds, bpm, track_number) VALUES (4218, 569, 'Inside so', 208, 154, 1);
INSERT INTO song (song_id, album_id, name, duration_seconds, bpm, track_number) VALUES (4219, 569, 'Will sort', 328, 159, 2);
INSERT INTO song (song_id, album_id, name, duration_seconds, bpm, track_number) VALUES (4220, 569, 'Push indicate', 277, 134, 3);
INSERT INTO song (song_id, album_id, name, duration_seconds, bpm, track_number) VALUES (4221, 569, 'Arrive', 248, 94, 4);
INSERT INTO song (song_id, album_id, name, duration_seconds, bpm, track_number) VALUES (4222, 569, 'Fall', 293, 147, 5);
INSERT INTO album (album_id, artist_id, title, release_year, created_at) VALUES (570, 292, 'Reduced 24/7 capability', 2003, NOW());
INSERT INTO song (song_id, album_id, name, duration_seconds, bpm, track_number) VALUES (4223, 570, 'Bit alone family', 389, 163, 1);
INSERT INTO song (song_id, album_id, name, duration_seconds, bpm, track_number) VALUES (4224, 570, 'Low response art', 318, 98, 2);
INSERT INTO song (song_id, album_id, name, duration_seconds, bpm, track_number) VALUES (4225, 570, 'Simple fight plant', 241, 122, 3);
INSERT INTO song (song_id, album_id, name, duration_seconds, bpm, track_number) VALUES (4226, 570, 'Republican some choice', 463, 171, 4);
INSERT INTO song (song_id, album_id, name, duration_seconds, bpm, track_number) VALUES (4227, 570, 'Type raise', 473, 168, 5);
INSERT INTO song (song_id, album_id, name, duration_seconds, bpm, track_number) VALUES (4228, 570, 'Between get', 353, 150, 6);
INSERT INTO song (song_id, album_id, name, duration_seconds, bpm, track_number) VALUES (4229, 570, 'Year', 332, 108, 7);
INSERT INTO album (album_id, artist_id, title, release_year, created_at) VALUES (571, 292, 'Devolved tangible architecture', 2006, NOW());
INSERT INTO song (song_id, album_id, name, duration_seconds, bpm, track_number) VALUES (4230, 571, 'While movie team', 160, 115, 1);
INSERT INTO song (song_id, album_id, name, duration_seconds, bpm, track_number) VALUES (4231, 571, 'Both official', 124, 109, 2);
INSERT INTO song (song_id, album_id, name, duration_seconds, bpm, track_number) VALUES (4232, 571, 'Boy', 460, 162, 3);
INSERT INTO song (song_id, album_id, name, duration_seconds, bpm, track_number) VALUES (4233, 571, 'Try', 157, 102, 4);
INSERT INTO song (song_id, album_id, name, duration_seconds, bpm, track_number) VALUES (4234, 571, 'Sign dream although ability', 207, 148, 5);
INSERT INTO album (album_id, artist_id, title, release_year, created_at) VALUES (572, 292, 'Intuitive logistical access', 1994, NOW());
INSERT INTO song (song_id, album_id, name, duration_seconds, bpm, track_number) VALUES (4235, 572, 'Own', 359, 99, 1);
INSERT INTO song (song_id, album_id, name, duration_seconds, bpm, track_number) VALUES (4236, 572, 'Person prepare focus region', 175, 132, 2);
INSERT INTO song (song_id, album_id, name, duration_seconds, bpm, track_number) VALUES (4237, 572, 'House explain', 132, 146, 3);
INSERT INTO song (song_id, album_id, name, duration_seconds, bpm, track_number) VALUES (4238, 572, 'This up rather be', 383, 93, 4);
INSERT INTO song (song_id, album_id, name, duration_seconds, bpm, track_number) VALUES (4239, 572, 'Easy', 330, 61, 5);
INSERT INTO song (song_id, album_id, name, duration_seconds, bpm, track_number) VALUES (4240, 572, 'Agency care', 325, 85, 6);
INSERT INTO song (song_id, album_id, name, duration_seconds, bpm, track_number) VALUES (4241, 572, 'Sing ready against worker indicate', 197, 119, 7);
INSERT INTO song (song_id, album_id, name, duration_seconds, bpm, track_number) VALUES (4242, 572, 'Any soon', 269, 180, 8);
INSERT INTO song (song_id, album_id, name, duration_seconds, bpm, track_number) VALUES (4243, 572, 'Back', 404, 96, 9);
INSERT INTO song (song_id, album_id, name, duration_seconds, bpm, track_number) VALUES (4244, 572, 'Quickly', 185, 82, 10);
INSERT INTO album (album_id, artist_id, title, release_year, created_at) VALUES (573, 293, 'Profound human-resource interface', 2014, NOW());
INSERT INTO song (song_id, album_id, name, duration_seconds, bpm, track_number) VALUES (4245, 573, 'Star while magazine', 334, 67, 1);
INSERT INTO song (song_id, album_id, name, duration_seconds, bpm, track_number) VALUES (4246, 573, 'Exactly word our bit', 136, 175, 2);
INSERT INTO song (song_id, album_id, name, duration_seconds, bpm, track_number) VALUES (4247, 573, 'Rich part rather', 183, 180, 3);
INSERT INTO song (song_id, album_id, name, duration_seconds, bpm, track_number) VALUES (4248, 573, 'Hope', 289, 97, 4);
INSERT INTO song (song_id, album_id, name, duration_seconds, bpm, track_number) VALUES (4249, 573, 'Skin piece', 314, 121, 5);
INSERT INTO song (song_id, album_id, name, duration_seconds, bpm, track_number) VALUES (4250, 573, 'Unit describe', 452, 70, 6);
INSERT INTO song (song_id, album_id, name, duration_seconds, bpm, track_number) VALUES (4251, 573, 'Easy plan', 130, 119, 7);
INSERT INTO album (album_id, artist_id, title, release_year, created_at) VALUES (574, 293, 'Polarized dedicated implementation', 2005, NOW());
INSERT INTO song (song_id, album_id, name, duration_seconds, bpm, track_number) VALUES (4252, 574, 'Space which create', 264, 122, 1);
INSERT INTO song (song_id, album_id, name, duration_seconds, bpm, track_number) VALUES (4253, 574, 'All', 383, 71, 2);
INSERT INTO song (song_id, album_id, name, duration_seconds, bpm, track_number) VALUES (4254, 574, 'Early none keep culture', 212, 62, 3);
INSERT INTO song (song_id, album_id, name, duration_seconds, bpm, track_number) VALUES (4255, 574, 'Face particular region', 429, 67, 4);
INSERT INTO song (song_id, album_id, name, duration_seconds, bpm, track_number) VALUES (4256, 574, 'Increase', 454, 179, 5);
INSERT INTO song (song_id, album_id, name, duration_seconds, bpm, track_number) VALUES (4257, 574, 'Pretty dark cell next', 457, 60, 6);
INSERT INTO song (song_id, album_id, name, duration_seconds, bpm, track_number) VALUES (4258, 574, 'Close memory after free', 343, 65, 7);
INSERT INTO song (song_id, album_id, name, duration_seconds, bpm, track_number) VALUES (4259, 574, 'Yet', 240, 133, 8);
INSERT INTO song (song_id, album_id, name, duration_seconds, bpm, track_number) VALUES (4260, 574, 'Oil', 151, 96, 9);
INSERT INTO album (album_id, artist_id, title, release_year, created_at) VALUES (575, 294, 'Compatible full-range contingency', 1993, NOW());
INSERT INTO song (song_id, album_id, name, duration_seconds, bpm, track_number) VALUES (4261, 575, 'Choose say contain', 475, 107, 1);
INSERT INTO song (song_id, album_id, name, duration_seconds, bpm, track_number) VALUES (4262, 575, 'Drug', 466, 156, 2);
INSERT INTO song (song_id, album_id, name, duration_seconds, bpm, track_number) VALUES (4263, 575, 'Professional', 135, 167, 3);
INSERT INTO song (song_id, album_id, name, duration_seconds, bpm, track_number) VALUES (4264, 575, 'Door', 308, 101, 4);
INSERT INTO song (song_id, album_id, name, duration_seconds, bpm, track_number) VALUES (4265, 575, 'Particular', 137, 137, 5);
INSERT INTO song (song_id, album_id, name, duration_seconds, bpm, track_number) VALUES (4266, 575, 'Final', 350, 163, 6);
INSERT INTO song (song_id, album_id, name, duration_seconds, bpm, track_number) VALUES (4267, 575, 'Trial whole', 450, 165, 7);
INSERT INTO song (song_id, album_id, name, duration_seconds, bpm, track_number) VALUES (4268, 575, 'Factor', 431, 90, 8);
INSERT INTO album (album_id, artist_id, title, release_year, created_at) VALUES (576, 294, 'Object-based needs-based extranet', 2016, NOW());
INSERT INTO song (song_id, album_id, name, duration_seconds, bpm, track_number) VALUES (4269, 576, 'Mission them', 182, 148, 1);
INSERT INTO song (song_id, album_id, name, duration_seconds, bpm, track_number) VALUES (4270, 576, 'Without', 234, 82, 2);
INSERT INTO song (song_id, album_id, name, duration_seconds, bpm, track_number) VALUES (4271, 576, 'Above', 317, 140, 3);
INSERT INTO song (song_id, album_id, name, duration_seconds, bpm, track_number) VALUES (4272, 576, 'Dark church method whom people', 361, 136, 4);
INSERT INTO song (song_id, album_id, name, duration_seconds, bpm, track_number) VALUES (4273, 576, 'Low', 219, 149, 5);
INSERT INTO song (song_id, album_id, name, duration_seconds, bpm, track_number) VALUES (4274, 576, 'Career experience', 406, 75, 6);
INSERT INTO song (song_id, album_id, name, duration_seconds, bpm, track_number) VALUES (4275, 576, 'Send new', 269, 131, 7);
INSERT INTO song (song_id, album_id, name, duration_seconds, bpm, track_number) VALUES (4276, 576, 'Role', 220, 93, 8);
INSERT INTO song (song_id, album_id, name, duration_seconds, bpm, track_number) VALUES (4277, 576, 'Want', 231, 136, 9);
INSERT INTO album (album_id, artist_id, title, release_year, created_at) VALUES (577, 295, 'Realigned grid-enabled circuit', 1996, NOW());
INSERT INTO song (song_id, album_id, name, duration_seconds, bpm, track_number) VALUES (4278, 577, 'News', 226, 166, 1);
INSERT INTO song (song_id, album_id, name, duration_seconds, bpm, track_number) VALUES (4279, 577, 'Spend win', 267, 85, 2);
INSERT INTO song (song_id, album_id, name, duration_seconds, bpm, track_number) VALUES (4280, 577, 'Collection environmental', 397, 100, 3);
INSERT INTO song (song_id, album_id, name, duration_seconds, bpm, track_number) VALUES (4281, 577, 'Because', 170, 93, 4);
INSERT INTO song (song_id, album_id, name, duration_seconds, bpm, track_number) VALUES (4282, 577, 'Always hospital', 282, 125, 5);
INSERT INTO song (song_id, album_id, name, duration_seconds, bpm, track_number) VALUES (4283, 577, 'Still less figure possible', 322, 122, 6);
INSERT INTO song (song_id, album_id, name, duration_seconds, bpm, track_number) VALUES (4284, 577, 'Center interest', 140, 77, 7);
INSERT INTO song (song_id, album_id, name, duration_seconds, bpm, track_number) VALUES (4285, 577, 'Dream go simply', 376, 94, 8);
INSERT INTO song (song_id, album_id, name, duration_seconds, bpm, track_number) VALUES (4286, 577, 'Commercial identify', 321, 78, 9);
INSERT INTO album (album_id, artist_id, title, release_year, created_at) VALUES (578, 295, 'Enterprise-wide web-enabled monitoring', 1999, NOW());
INSERT INTO song (song_id, album_id, name, duration_seconds, bpm, track_number) VALUES (4287, 578, 'Team series', 324, 151, 1);
INSERT INTO song (song_id, album_id, name, duration_seconds, bpm, track_number) VALUES (4288, 578, 'Stage less hard score', 121, 129, 2);
INSERT INTO song (song_id, album_id, name, duration_seconds, bpm, track_number) VALUES (4289, 578, 'Design how price', 202, 136, 3);
INSERT INTO song (song_id, album_id, name, duration_seconds, bpm, track_number) VALUES (4290, 578, 'Own', 430, 99, 4);
INSERT INTO song (song_id, album_id, name, duration_seconds, bpm, track_number) VALUES (4291, 578, 'Computer cover some half', 295, 94, 5);
INSERT INTO song (song_id, album_id, name, duration_seconds, bpm, track_number) VALUES (4292, 578, 'Question democratic', 135, 115, 6);
INSERT INTO song (song_id, album_id, name, duration_seconds, bpm, track_number) VALUES (4293, 578, 'Friend', 234, 101, 7);
INSERT INTO album (album_id, artist_id, title, release_year, created_at) VALUES (579, 295, 'Programmable non-volatile hardware', 1982, NOW());
INSERT INTO song (song_id, album_id, name, duration_seconds, bpm, track_number) VALUES (4294, 579, 'Claim role', 200, 116, 1);
INSERT INTO song (song_id, album_id, name, duration_seconds, bpm, track_number) VALUES (4295, 579, 'Generation positive good Democrat', 214, 77, 2);
INSERT INTO song (song_id, album_id, name, duration_seconds, bpm, track_number) VALUES (4296, 579, 'Size her', 240, 135, 3);
INSERT INTO song (song_id, album_id, name, duration_seconds, bpm, track_number) VALUES (4297, 579, 'As whom sure out', 396, 72, 4);
INSERT INTO song (song_id, album_id, name, duration_seconds, bpm, track_number) VALUES (4298, 579, 'May', 429, 168, 5);
INSERT INTO song (song_id, album_id, name, duration_seconds, bpm, track_number) VALUES (4299, 579, 'Concern', 302, 168, 6);
INSERT INTO song (song_id, album_id, name, duration_seconds, bpm, track_number) VALUES (4300, 579, 'Group', 365, 119, 7);
INSERT INTO song (song_id, album_id, name, duration_seconds, bpm, track_number) VALUES (4301, 579, 'Speech', 321, 111, 8);
INSERT INTO album (album_id, artist_id, title, release_year, created_at) VALUES (580, 296, 'Diverse dynamic capacity', 2022, NOW());
INSERT INTO song (song_id, album_id, name, duration_seconds, bpm, track_number) VALUES (4302, 580, 'Various', 450, 117, 1);
INSERT INTO song (song_id, album_id, name, duration_seconds, bpm, track_number) VALUES (4303, 580, 'High', 381, 130, 2);
INSERT INTO song (song_id, album_id, name, duration_seconds, bpm, track_number) VALUES (4304, 580, 'Style imagine once', 480, 116, 3);
INSERT INTO song (song_id, album_id, name, duration_seconds, bpm, track_number) VALUES (4305, 580, 'Town big', 284, 149, 4);
INSERT INTO song (song_id, album_id, name, duration_seconds, bpm, track_number) VALUES (4306, 580, 'Evidence must', 364, 154, 5);
INSERT INTO song (song_id, album_id, name, duration_seconds, bpm, track_number) VALUES (4307, 580, 'Event read', 357, 78, 6);
INSERT INTO song (song_id, album_id, name, duration_seconds, bpm, track_number) VALUES (4308, 580, 'Resource', 213, 180, 7);
INSERT INTO song (song_id, album_id, name, duration_seconds, bpm, track_number) VALUES (4309, 580, 'Serve fact born fly', 474, 169, 8);
INSERT INTO song (song_id, album_id, name, duration_seconds, bpm, track_number) VALUES (4310, 580, 'Decade young', 277, 63, 9);
INSERT INTO album (album_id, artist_id, title, release_year, created_at) VALUES (581, 296, 'Customizable logistical algorithm', 2019, NOW());
INSERT INTO song (song_id, album_id, name, duration_seconds, bpm, track_number) VALUES (4311, 581, 'Act', 286, 169, 1);
INSERT INTO song (song_id, album_id, name, duration_seconds, bpm, track_number) VALUES (4312, 581, 'Family', 132, 146, 2);
INSERT INTO song (song_id, album_id, name, duration_seconds, bpm, track_number) VALUES (4313, 581, 'Hold', 205, 95, 3);
INSERT INTO song (song_id, album_id, name, duration_seconds, bpm, track_number) VALUES (4314, 581, 'Compare tend mouth', 448, 80, 4);
INSERT INTO song (song_id, album_id, name, duration_seconds, bpm, track_number) VALUES (4315, 581, 'Amount computer', 185, 168, 5);
INSERT INTO song (song_id, album_id, name, duration_seconds, bpm, track_number) VALUES (4316, 581, 'Around fire', 178, 70, 6);
INSERT INTO song (song_id, album_id, name, duration_seconds, bpm, track_number) VALUES (4317, 581, 'Side', 293, 136, 7);
INSERT INTO album (album_id, artist_id, title, release_year, created_at) VALUES (582, 297, 'Synergized modular middleware', 1991, NOW());
INSERT INTO song (song_id, album_id, name, duration_seconds, bpm, track_number) VALUES (4318, 582, 'Check beyond away', 469, 97, 1);
INSERT INTO song (song_id, album_id, name, duration_seconds, bpm, track_number) VALUES (4319, 582, 'Someone', 351, 86, 2);
INSERT INTO song (song_id, album_id, name, duration_seconds, bpm, track_number) VALUES (4320, 582, 'Customer these effort would', 365, 113, 3);
INSERT INTO song (song_id, album_id, name, duration_seconds, bpm, track_number) VALUES (4321, 582, 'Bank future similar home', 479, 106, 4);
INSERT INTO song (song_id, album_id, name, duration_seconds, bpm, track_number) VALUES (4322, 582, 'Center moment prevent', 453, 94, 5);
INSERT INTO song (song_id, album_id, name, duration_seconds, bpm, track_number) VALUES (4323, 582, 'Important', 438, 168, 6);
INSERT INTO song (song_id, album_id, name, duration_seconds, bpm, track_number) VALUES (4324, 582, 'Finally', 336, 132, 7);
INSERT INTO song (song_id, album_id, name, duration_seconds, bpm, track_number) VALUES (4325, 582, 'May mother', 292, 98, 8);
INSERT INTO album (album_id, artist_id, title, release_year, created_at) VALUES (583, 298, 'Persevering optimal flexibility', 2000, NOW());
INSERT INTO song (song_id, album_id, name, duration_seconds, bpm, track_number) VALUES (4326, 583, 'Very member', 193, 176, 1);
INSERT INTO song (song_id, album_id, name, duration_seconds, bpm, track_number) VALUES (4327, 583, 'Across', 374, 99, 2);
INSERT INTO song (song_id, album_id, name, duration_seconds, bpm, track_number) VALUES (4328, 583, 'Couple anyone worker window', 290, 173, 3);
INSERT INTO song (song_id, album_id, name, duration_seconds, bpm, track_number) VALUES (4329, 583, 'Pretty big', 294, 106, 4);
INSERT INTO song (song_id, album_id, name, duration_seconds, bpm, track_number) VALUES (4330, 583, 'Itself we which', 130, 98, 5);
INSERT INTO song (song_id, album_id, name, duration_seconds, bpm, track_number) VALUES (4331, 583, 'Contain', 370, 106, 6);
INSERT INTO song (song_id, album_id, name, duration_seconds, bpm, track_number) VALUES (4332, 583, 'Other enjoy treatment million', 402, 151, 7);
INSERT INTO song (song_id, album_id, name, duration_seconds, bpm, track_number) VALUES (4333, 583, 'Research', 411, 124, 8);
INSERT INTO song (song_id, album_id, name, duration_seconds, bpm, track_number) VALUES (4334, 583, 'It stage', 268, 82, 9);
INSERT INTO song (song_id, album_id, name, duration_seconds, bpm, track_number) VALUES (4335, 583, 'Throughout east', 355, 81, 10);
INSERT INTO album (album_id, artist_id, title, release_year, created_at) VALUES (584, 298, 'Synergized 5thgeneration archive', 1990, NOW());
INSERT INTO song (song_id, album_id, name, duration_seconds, bpm, track_number) VALUES (4336, 584, 'Throughout', 410, 74, 1);
INSERT INTO song (song_id, album_id, name, duration_seconds, bpm, track_number) VALUES (4337, 584, 'Ability increase detail', 160, 160, 2);
INSERT INTO song (song_id, album_id, name, duration_seconds, bpm, track_number) VALUES (4338, 584, 'Realize', 208, 94, 3);
INSERT INTO song (song_id, album_id, name, duration_seconds, bpm, track_number) VALUES (4339, 584, 'Congress', 412, 161, 4);
INSERT INTO song (song_id, album_id, name, duration_seconds, bpm, track_number) VALUES (4340, 584, 'Strong heart college', 286, 88, 5);
INSERT INTO song (song_id, album_id, name, duration_seconds, bpm, track_number) VALUES (4341, 584, 'Serve may environment', 196, 129, 6);
INSERT INTO song (song_id, album_id, name, duration_seconds, bpm, track_number) VALUES (4342, 584, 'Not', 131, 95, 7);
INSERT INTO song (song_id, album_id, name, duration_seconds, bpm, track_number) VALUES (4343, 584, 'More whom', 226, 103, 8);
INSERT INTO song (song_id, album_id, name, duration_seconds, bpm, track_number) VALUES (4344, 584, 'Population pick', 248, 90, 9);
INSERT INTO album (album_id, artist_id, title, release_year, created_at) VALUES (585, 298, 'Focused heuristic adapter', 1976, NOW());
INSERT INTO song (song_id, album_id, name, duration_seconds, bpm, track_number) VALUES (4345, 585, 'About who', 262, 60, 1);
INSERT INTO song (song_id, album_id, name, duration_seconds, bpm, track_number) VALUES (4346, 585, 'Million', 343, 92, 2);
INSERT INTO song (song_id, album_id, name, duration_seconds, bpm, track_number) VALUES (4347, 585, 'Often movement', 462, 91, 3);
INSERT INTO song (song_id, album_id, name, duration_seconds, bpm, track_number) VALUES (4348, 585, 'Debate', 473, 150, 4);
INSERT INTO song (song_id, album_id, name, duration_seconds, bpm, track_number) VALUES (4349, 585, 'Your', 299, 179, 5);
INSERT INTO song (song_id, album_id, name, duration_seconds, bpm, track_number) VALUES (4350, 585, 'House', 372, 90, 6);
INSERT INTO song (song_id, album_id, name, duration_seconds, bpm, track_number) VALUES (4351, 585, 'Identify', 447, 160, 7);
INSERT INTO song (song_id, album_id, name, duration_seconds, bpm, track_number) VALUES (4352, 585, 'Wall before money', 239, 90, 8);
INSERT INTO song (song_id, album_id, name, duration_seconds, bpm, track_number) VALUES (4353, 585, 'By apply stay', 295, 107, 9);
INSERT INTO album (album_id, artist_id, title, release_year, created_at) VALUES (586, 299, 'Multi-layered needs-based neural-net', 1971, NOW());
INSERT INTO song (song_id, album_id, name, duration_seconds, bpm, track_number) VALUES (4354, 586, 'Treat', 329, 70, 1);
INSERT INTO song (song_id, album_id, name, duration_seconds, bpm, track_number) VALUES (4355, 586, 'Woman', 198, 115, 2);
INSERT INTO song (song_id, album_id, name, duration_seconds, bpm, track_number) VALUES (4356, 586, 'Customer', 456, 62, 3);
INSERT INTO song (song_id, album_id, name, duration_seconds, bpm, track_number) VALUES (4357, 586, 'Beat tough', 353, 169, 4);
INSERT INTO song (song_id, album_id, name, duration_seconds, bpm, track_number) VALUES (4358, 586, 'Probably nature summer', 255, 151, 5);
INSERT INTO album (album_id, artist_id, title, release_year, created_at) VALUES (587, 300, 'Profit-focused upward-trending artificial intelligence', 1993, NOW());
INSERT INTO song (song_id, album_id, name, duration_seconds, bpm, track_number) VALUES (4359, 587, 'Project never himself', 426, 158, 1);
INSERT INTO song (song_id, album_id, name, duration_seconds, bpm, track_number) VALUES (4360, 587, 'Fill save well', 255, 126, 2);
INSERT INTO song (song_id, album_id, name, duration_seconds, bpm, track_number) VALUES (4361, 587, 'Effect', 291, 86, 3);
INSERT INTO song (song_id, album_id, name, duration_seconds, bpm, track_number) VALUES (4362, 587, 'Model process risk', 218, 123, 4);
INSERT INTO song (song_id, album_id, name, duration_seconds, bpm, track_number) VALUES (4363, 587, 'Care enter', 223, 79, 5);
INSERT INTO song (song_id, album_id, name, duration_seconds, bpm, track_number) VALUES (4364, 587, 'Key week', 132, 161, 6);
INSERT INTO song (song_id, album_id, name, duration_seconds, bpm, track_number) VALUES (4365, 587, 'Republican experience', 406, 129, 7);
INSERT INTO song (song_id, album_id, name, duration_seconds, bpm, track_number) VALUES (4366, 587, 'View traditional ten skin', 162, 97, 8);
INSERT INTO album (album_id, artist_id, title, release_year, created_at) VALUES (588, 300, 'Multi-lateral neutral focus group', 1995, NOW());
INSERT INTO song (song_id, album_id, name, duration_seconds, bpm, track_number) VALUES (4367, 588, 'Time each second collection scene', 193, 73, 1);
INSERT INTO song (song_id, album_id, name, duration_seconds, bpm, track_number) VALUES (4368, 588, 'Investment represent left', 261, 75, 2);
INSERT INTO song (song_id, album_id, name, duration_seconds, bpm, track_number) VALUES (4369, 588, 'Social idea', 361, 165, 3);
INSERT INTO song (song_id, album_id, name, duration_seconds, bpm, track_number) VALUES (4370, 588, 'Contain fund', 136, 176, 4);
INSERT INTO song (song_id, album_id, name, duration_seconds, bpm, track_number) VALUES (4371, 588, 'Page concern visit during', 372, 66, 5);
INSERT INTO song (song_id, album_id, name, duration_seconds, bpm, track_number) VALUES (4372, 588, 'Crime modern marriage its', 181, 112, 6);
INSERT INTO album (album_id, artist_id, title, release_year, created_at) VALUES (589, 301, 'Managed dedicated initiative', 2003, NOW());
INSERT INTO song (song_id, album_id, name, duration_seconds, bpm, track_number) VALUES (4373, 589, 'Deep sort', 469, 175, 1);
INSERT INTO song (song_id, album_id, name, duration_seconds, bpm, track_number) VALUES (4374, 589, 'Some bank day dog', 419, 107, 2);
INSERT INTO song (song_id, album_id, name, duration_seconds, bpm, track_number) VALUES (4375, 589, 'Rate instead over yes list', 446, 109, 3);
INSERT INTO song (song_id, album_id, name, duration_seconds, bpm, track_number) VALUES (4376, 589, 'Prepare', 149, 142, 4);
INSERT INTO song (song_id, album_id, name, duration_seconds, bpm, track_number) VALUES (4377, 589, 'Too', 180, 67, 5);
INSERT INTO song (song_id, album_id, name, duration_seconds, bpm, track_number) VALUES (4378, 589, 'Area', 297, 101, 6);
INSERT INTO song (song_id, album_id, name, duration_seconds, bpm, track_number) VALUES (4379, 589, 'Feel final race', 138, 61, 7);
INSERT INTO song (song_id, album_id, name, duration_seconds, bpm, track_number) VALUES (4380, 589, 'Understand', 183, 149, 8);
INSERT INTO song (song_id, album_id, name, duration_seconds, bpm, track_number) VALUES (4381, 589, 'Magazine turn accept minute', 199, 172, 9);
INSERT INTO song (song_id, album_id, name, duration_seconds, bpm, track_number) VALUES (4382, 589, 'Every difficult notice', 303, 152, 10);
INSERT INTO album (album_id, artist_id, title, release_year, created_at) VALUES (590, 301, 'Implemented asymmetric service-desk', 1986, NOW());
INSERT INTO song (song_id, album_id, name, duration_seconds, bpm, track_number) VALUES (4383, 590, 'Cover', 168, 62, 1);
INSERT INTO song (song_id, album_id, name, duration_seconds, bpm, track_number) VALUES (4384, 590, 'Man', 381, 119, 2);
INSERT INTO song (song_id, album_id, name, duration_seconds, bpm, track_number) VALUES (4385, 590, 'Reason deal', 263, 109, 3);
INSERT INTO song (song_id, album_id, name, duration_seconds, bpm, track_number) VALUES (4386, 590, 'Change', 220, 79, 4);
INSERT INTO song (song_id, album_id, name, duration_seconds, bpm, track_number) VALUES (4387, 590, 'Business Democrat', 437, 115, 5);
INSERT INTO song (song_id, album_id, name, duration_seconds, bpm, track_number) VALUES (4388, 590, 'Visit anything', 352, 64, 6);
INSERT INTO song (song_id, album_id, name, duration_seconds, bpm, track_number) VALUES (4389, 590, 'These hour', 452, 93, 7);
INSERT INTO song (song_id, album_id, name, duration_seconds, bpm, track_number) VALUES (4390, 590, 'Get fly', 179, 126, 8);
INSERT INTO song (song_id, album_id, name, duration_seconds, bpm, track_number) VALUES (4391, 590, 'Window', 391, 96, 9);
INSERT INTO album (album_id, artist_id, title, release_year, created_at) VALUES (591, 302, 'Ameliorated radical Local Area Network', 1998, NOW());
INSERT INTO song (song_id, album_id, name, duration_seconds, bpm, track_number) VALUES (4392, 591, 'Mind understand grow particular', 187, 168, 1);
INSERT INTO song (song_id, album_id, name, duration_seconds, bpm, track_number) VALUES (4393, 591, 'Evening', 196, 102, 2);
INSERT INTO song (song_id, album_id, name, duration_seconds, bpm, track_number) VALUES (4394, 591, 'Year offer', 151, 95, 3);
INSERT INTO song (song_id, album_id, name, duration_seconds, bpm, track_number) VALUES (4395, 591, 'All night', 279, 68, 4);
INSERT INTO song (song_id, album_id, name, duration_seconds, bpm, track_number) VALUES (4396, 591, 'Machine knowledge blood', 269, 63, 5);
INSERT INTO song (song_id, album_id, name, duration_seconds, bpm, track_number) VALUES (4397, 591, 'Base', 158, 119, 6);
INSERT INTO song (song_id, album_id, name, duration_seconds, bpm, track_number) VALUES (4398, 591, 'Page share pass', 132, 72, 7);
INSERT INTO song (song_id, album_id, name, duration_seconds, bpm, track_number) VALUES (4399, 591, 'Agent', 134, 143, 8);
INSERT INTO song (song_id, album_id, name, duration_seconds, bpm, track_number) VALUES (4400, 591, 'My style per', 477, 64, 9);
INSERT INTO album (album_id, artist_id, title, release_year, created_at) VALUES (592, 302, 'Open-architected clear-thinking time-frame', 1972, NOW());
INSERT INTO song (song_id, album_id, name, duration_seconds, bpm, track_number) VALUES (4401, 592, 'High', 273, 135, 1);
INSERT INTO song (song_id, album_id, name, duration_seconds, bpm, track_number) VALUES (4402, 592, 'Member happen', 470, 120, 2);
INSERT INTO song (song_id, album_id, name, duration_seconds, bpm, track_number) VALUES (4403, 592, 'Another score', 128, 74, 3);
INSERT INTO song (song_id, album_id, name, duration_seconds, bpm, track_number) VALUES (4404, 592, 'Lose once plant', 233, 119, 4);
INSERT INTO song (song_id, album_id, name, duration_seconds, bpm, track_number) VALUES (4405, 592, 'Toward too', 408, 179, 5);
INSERT INTO song (song_id, album_id, name, duration_seconds, bpm, track_number) VALUES (4406, 592, 'Whole', 273, 64, 6);
INSERT INTO song (song_id, album_id, name, duration_seconds, bpm, track_number) VALUES (4407, 592, 'Bit time dinner', 308, 102, 7);
INSERT INTO song (song_id, album_id, name, duration_seconds, bpm, track_number) VALUES (4408, 592, 'Two professional performance and actually', 156, 148, 8);
INSERT INTO song (song_id, album_id, name, duration_seconds, bpm, track_number) VALUES (4409, 592, 'Father their book focus civil', 339, 167, 9);
INSERT INTO song (song_id, album_id, name, duration_seconds, bpm, track_number) VALUES (4410, 592, 'Politics last civil', 387, 92, 10);
INSERT INTO album (album_id, artist_id, title, release_year, created_at) VALUES (593, 303, 'Managed global moderator', 1979, NOW());
INSERT INTO song (song_id, album_id, name, duration_seconds, bpm, track_number) VALUES (4411, 593, 'Bed', 305, 148, 1);
INSERT INTO song (song_id, album_id, name, duration_seconds, bpm, track_number) VALUES (4412, 593, 'Democratic', 225, 65, 2);
INSERT INTO song (song_id, album_id, name, duration_seconds, bpm, track_number) VALUES (4413, 593, 'Listen beat model learn', 367, 98, 3);
INSERT INTO song (song_id, album_id, name, duration_seconds, bpm, track_number) VALUES (4414, 593, 'Build', 361, 153, 4);
INSERT INTO song (song_id, album_id, name, duration_seconds, bpm, track_number) VALUES (4415, 593, 'Minute', 360, 119, 5);
INSERT INTO song (song_id, album_id, name, duration_seconds, bpm, track_number) VALUES (4416, 593, 'Property add someone positive', 193, 71, 6);
INSERT INTO song (song_id, album_id, name, duration_seconds, bpm, track_number) VALUES (4417, 593, 'Happen', 189, 139, 7);
INSERT INTO album (album_id, artist_id, title, release_year, created_at) VALUES (594, 304, 'Ameliorated fresh-thinking hierarchy', 2023, NOW());
INSERT INTO song (song_id, album_id, name, duration_seconds, bpm, track_number) VALUES (4418, 594, 'Loss station by', 406, 77, 1);
INSERT INTO song (song_id, album_id, name, duration_seconds, bpm, track_number) VALUES (4419, 594, 'Season economic recognize', 176, 154, 2);
INSERT INTO song (song_id, album_id, name, duration_seconds, bpm, track_number) VALUES (4420, 594, 'Identify', 322, 175, 3);
INSERT INTO song (song_id, album_id, name, duration_seconds, bpm, track_number) VALUES (4421, 594, 'Establish', 281, 61, 4);
INSERT INTO song (song_id, album_id, name, duration_seconds, bpm, track_number) VALUES (4422, 594, 'Ready', 335, 102, 5);
INSERT INTO song (song_id, album_id, name, duration_seconds, bpm, track_number) VALUES (4423, 594, 'Garden', 247, 140, 6);
INSERT INTO song (song_id, album_id, name, duration_seconds, bpm, track_number) VALUES (4424, 594, 'Standard require field forward', 316, 75, 7);
INSERT INTO song (song_id, album_id, name, duration_seconds, bpm, track_number) VALUES (4425, 594, 'Fish eye', 394, 103, 8);
INSERT INTO album (album_id, artist_id, title, release_year, created_at) VALUES (595, 305, 'Customizable encompassing alliance', 2017, NOW());
INSERT INTO song (song_id, album_id, name, duration_seconds, bpm, track_number) VALUES (4426, 595, 'Research former us', 182, 65, 1);
INSERT INTO song (song_id, album_id, name, duration_seconds, bpm, track_number) VALUES (4427, 595, 'Where', 245, 119, 2);
INSERT INTO song (song_id, album_id, name, duration_seconds, bpm, track_number) VALUES (4428, 595, 'Here year', 287, 125, 3);
INSERT INTO song (song_id, album_id, name, duration_seconds, bpm, track_number) VALUES (4429, 595, 'Avoid similar stay', 234, 177, 4);
INSERT INTO song (song_id, album_id, name, duration_seconds, bpm, track_number) VALUES (4430, 595, 'Fill', 191, 77, 5);
INSERT INTO song (song_id, album_id, name, duration_seconds, bpm, track_number) VALUES (4431, 595, 'Possible bit evidence', 186, 168, 6);
INSERT INTO album (album_id, artist_id, title, release_year, created_at) VALUES (596, 306, 'Vision-oriented regional moderator', 1978, NOW());
INSERT INTO song (song_id, album_id, name, duration_seconds, bpm, track_number) VALUES (4432, 596, 'Head', 350, 81, 1);
INSERT INTO song (song_id, album_id, name, duration_seconds, bpm, track_number) VALUES (4433, 596, 'Interest help allow dark', 201, 172, 2);
INSERT INTO song (song_id, album_id, name, duration_seconds, bpm, track_number) VALUES (4434, 596, 'Edge write', 154, 130, 3);
INSERT INTO song (song_id, album_id, name, duration_seconds, bpm, track_number) VALUES (4435, 596, 'Education store', 375, 157, 4);
INSERT INTO song (song_id, album_id, name, duration_seconds, bpm, track_number) VALUES (4436, 596, 'Here series', 241, 131, 5);
INSERT INTO song (song_id, album_id, name, duration_seconds, bpm, track_number) VALUES (4437, 596, 'Very director', 328, 175, 6);
INSERT INTO song (song_id, album_id, name, duration_seconds, bpm, track_number) VALUES (4438, 596, 'Put anyone', 427, 160, 7);
INSERT INTO album (album_id, artist_id, title, release_year, created_at) VALUES (597, 306, 'Stand-alone uniform monitoring', 1986, NOW());
INSERT INTO song (song_id, album_id, name, duration_seconds, bpm, track_number) VALUES (4439, 597, 'Start parent after', 261, 84, 1);
INSERT INTO song (song_id, album_id, name, duration_seconds, bpm, track_number) VALUES (4440, 597, 'Space voice', 408, 104, 2);
INSERT INTO song (song_id, album_id, name, duration_seconds, bpm, track_number) VALUES (4441, 597, 'Risk kind determine', 456, 179, 3);
INSERT INTO song (song_id, album_id, name, duration_seconds, bpm, track_number) VALUES (4442, 597, 'Dream low explain', 127, 124, 4);
INSERT INTO song (song_id, album_id, name, duration_seconds, bpm, track_number) VALUES (4443, 597, 'Step', 278, 138, 5);
INSERT INTO album (album_id, artist_id, title, release_year, created_at) VALUES (598, 306, 'Upgradable human-resource open architecture', 1981, NOW());
INSERT INTO song (song_id, album_id, name, duration_seconds, bpm, track_number) VALUES (4444, 598, 'Magazine', 379, 79, 1);
INSERT INTO song (song_id, album_id, name, duration_seconds, bpm, track_number) VALUES (4445, 598, 'Economy always population tell some', 237, 88, 2);
INSERT INTO song (song_id, album_id, name, duration_seconds, bpm, track_number) VALUES (4446, 598, 'Family professor', 132, 123, 3);
INSERT INTO song (song_id, album_id, name, duration_seconds, bpm, track_number) VALUES (4447, 598, 'Western third', 307, 112, 4);
INSERT INTO song (song_id, album_id, name, duration_seconds, bpm, track_number) VALUES (4448, 598, 'Collection account personal character', 458, 100, 5);
INSERT INTO song (song_id, album_id, name, duration_seconds, bpm, track_number) VALUES (4449, 598, 'Employee will guy computer blue', 263, 170, 6);
INSERT INTO song (song_id, album_id, name, duration_seconds, bpm, track_number) VALUES (4450, 598, 'Figure', 179, 119, 7);
INSERT INTO song (song_id, album_id, name, duration_seconds, bpm, track_number) VALUES (4451, 598, 'Benefit', 471, 170, 8);
INSERT INTO song (song_id, album_id, name, duration_seconds, bpm, track_number) VALUES (4452, 598, 'Wait compare product', 480, 135, 9);
INSERT INTO album (album_id, artist_id, title, release_year, created_at) VALUES (599, 307, 'Inverse upward-trending monitoring', 2019, NOW());
INSERT INTO song (song_id, album_id, name, duration_seconds, bpm, track_number) VALUES (4453, 599, 'Statement energy', 263, 170, 1);
INSERT INTO song (song_id, album_id, name, duration_seconds, bpm, track_number) VALUES (4454, 599, 'Identify', 336, 139, 2);
INSERT INTO song (song_id, album_id, name, duration_seconds, bpm, track_number) VALUES (4455, 599, 'About begin six recognize huge', 439, 142, 3);
INSERT INTO song (song_id, album_id, name, duration_seconds, bpm, track_number) VALUES (4456, 599, 'Plant both son response accept', 290, 109, 4);
INSERT INTO song (song_id, album_id, name, duration_seconds, bpm, track_number) VALUES (4457, 599, 'Eight order picture', 380, 73, 5);
INSERT INTO song (song_id, album_id, name, duration_seconds, bpm, track_number) VALUES (4458, 599, 'Child son', 201, 143, 6);
INSERT INTO song (song_id, album_id, name, duration_seconds, bpm, track_number) VALUES (4459, 599, 'Summer', 158, 179, 7);
INSERT INTO song (song_id, album_id, name, duration_seconds, bpm, track_number) VALUES (4460, 599, 'Great quality', 374, 173, 8);
INSERT INTO album (album_id, artist_id, title, release_year, created_at) VALUES (600, 308, 'Function-based scalable model', 2011, NOW());
INSERT INTO song (song_id, album_id, name, duration_seconds, bpm, track_number) VALUES (4461, 600, 'Really', 373, 87, 1);
INSERT INTO song (song_id, album_id, name, duration_seconds, bpm, track_number) VALUES (4462, 600, 'Close', 419, 92, 2);
INSERT INTO song (song_id, album_id, name, duration_seconds, bpm, track_number) VALUES (4463, 600, 'Population', 193, 69, 3);
INSERT INTO song (song_id, album_id, name, duration_seconds, bpm, track_number) VALUES (4464, 600, 'Yard nation', 303, 101, 4);
INSERT INTO song (song_id, album_id, name, duration_seconds, bpm, track_number) VALUES (4465, 600, 'Plan evening', 367, 173, 5);
INSERT INTO song (song_id, album_id, name, duration_seconds, bpm, track_number) VALUES (4466, 600, 'Just', 467, 178, 6);
INSERT INTO song (song_id, album_id, name, duration_seconds, bpm, track_number) VALUES (4467, 600, 'Play', 151, 98, 7);
INSERT INTO song (song_id, album_id, name, duration_seconds, bpm, track_number) VALUES (4468, 600, 'Us song letter', 163, 103, 8);
INSERT INTO song (song_id, album_id, name, duration_seconds, bpm, track_number) VALUES (4469, 600, 'Too power prove', 439, 61, 9);
INSERT INTO album (album_id, artist_id, title, release_year, created_at) VALUES (601, 308, 'Innovative stable migration', 1999, NOW());
INSERT INTO song (song_id, album_id, name, duration_seconds, bpm, track_number) VALUES (4470, 601, 'Believe wind feel', 374, 132, 1);
INSERT INTO song (song_id, album_id, name, duration_seconds, bpm, track_number) VALUES (4471, 601, 'Address development', 280, 169, 2);
INSERT INTO song (song_id, album_id, name, duration_seconds, bpm, track_number) VALUES (4472, 601, 'True alone available protect southern', 144, 78, 3);
INSERT INTO song (song_id, album_id, name, duration_seconds, bpm, track_number) VALUES (4473, 601, 'Often clear', 282, 84, 4);
INSERT INTO song (song_id, album_id, name, duration_seconds, bpm, track_number) VALUES (4474, 601, 'Open commercial', 161, 136, 5);
INSERT INTO song (song_id, album_id, name, duration_seconds, bpm, track_number) VALUES (4475, 601, 'Green', 466, 169, 6);
INSERT INTO song (song_id, album_id, name, duration_seconds, bpm, track_number) VALUES (4476, 601, 'Place', 330, 175, 7);
INSERT INTO song (song_id, album_id, name, duration_seconds, bpm, track_number) VALUES (4477, 601, 'With offer place third case', 355, 91, 8);
INSERT INTO album (album_id, artist_id, title, release_year, created_at) VALUES (602, 308, 'Seamless 5thgeneration alliance', 2012, NOW());
INSERT INTO song (song_id, album_id, name, duration_seconds, bpm, track_number) VALUES (4478, 602, 'Seven', 205, 65, 1);
INSERT INTO song (song_id, album_id, name, duration_seconds, bpm, track_number) VALUES (4479, 602, 'Bill close', 455, 173, 2);
INSERT INTO song (song_id, album_id, name, duration_seconds, bpm, track_number) VALUES (4480, 602, 'Defense answer feel receive order', 179, 99, 3);
INSERT INTO song (song_id, album_id, name, duration_seconds, bpm, track_number) VALUES (4481, 602, 'Possible imagine', 221, 127, 4);
INSERT INTO song (song_id, album_id, name, duration_seconds, bpm, track_number) VALUES (4482, 602, 'Effort pretty difficult', 208, 167, 5);
INSERT INTO song (song_id, album_id, name, duration_seconds, bpm, track_number) VALUES (4483, 602, 'Drug we', 291, 72, 6);
INSERT INTO song (song_id, album_id, name, duration_seconds, bpm, track_number) VALUES (4484, 602, 'Real', 310, 152, 7);
INSERT INTO song (song_id, album_id, name, duration_seconds, bpm, track_number) VALUES (4485, 602, 'Every identify window research', 209, 96, 8);
INSERT INTO album (album_id, artist_id, title, release_year, created_at) VALUES (603, 309, 'Balanced local info-mediaries', 2004, NOW());
INSERT INTO song (song_id, album_id, name, duration_seconds, bpm, track_number) VALUES (4486, 603, 'Light model', 445, 166, 1);
INSERT INTO song (song_id, album_id, name, duration_seconds, bpm, track_number) VALUES (4487, 603, 'Civil analysis shake approach usually', 160, 164, 2);
INSERT INTO song (song_id, album_id, name, duration_seconds, bpm, track_number) VALUES (4488, 603, 'Six else', 140, 100, 3);
INSERT INTO song (song_id, album_id, name, duration_seconds, bpm, track_number) VALUES (4489, 603, 'Set', 316, 136, 4);
INSERT INTO song (song_id, album_id, name, duration_seconds, bpm, track_number) VALUES (4490, 603, 'Key do', 276, 144, 5);
INSERT INTO song (song_id, album_id, name, duration_seconds, bpm, track_number) VALUES (4491, 603, 'Image again', 480, 174, 6);
INSERT INTO album (album_id, artist_id, title, release_year, created_at) VALUES (604, 309, 'Assimilated impactful challenge', 1983, NOW());
INSERT INTO song (song_id, album_id, name, duration_seconds, bpm, track_number) VALUES (4492, 604, 'Tree', 420, 86, 1);
INSERT INTO song (song_id, album_id, name, duration_seconds, bpm, track_number) VALUES (4493, 604, 'Us', 368, 151, 2);
INSERT INTO song (song_id, album_id, name, duration_seconds, bpm, track_number) VALUES (4494, 604, 'Ability project brother', 373, 62, 3);
INSERT INTO song (song_id, album_id, name, duration_seconds, bpm, track_number) VALUES (4495, 604, 'Movie', 141, 177, 4);
INSERT INTO song (song_id, album_id, name, duration_seconds, bpm, track_number) VALUES (4496, 604, 'Court', 245, 87, 5);
INSERT INTO song (song_id, album_id, name, duration_seconds, bpm, track_number) VALUES (4497, 604, 'Even be', 340, 171, 6);
INSERT INTO song (song_id, album_id, name, duration_seconds, bpm, track_number) VALUES (4498, 604, 'Congress foot', 319, 135, 7);
INSERT INTO song (song_id, album_id, name, duration_seconds, bpm, track_number) VALUES (4499, 604, 'Fear professor', 428, 149, 8);
INSERT INTO song (song_id, album_id, name, duration_seconds, bpm, track_number) VALUES (4500, 604, 'My fall', 319, 113, 9);
INSERT INTO song (song_id, album_id, name, duration_seconds, bpm, track_number) VALUES (4501, 604, 'Middle may', 388, 159, 10);
INSERT INTO album (album_id, artist_id, title, release_year, created_at) VALUES (605, 309, 'Customizable object-oriented customer loyalty', 1996, NOW());
INSERT INTO song (song_id, album_id, name, duration_seconds, bpm, track_number) VALUES (4502, 605, 'Act despite magazine', 134, 107, 1);
INSERT INTO song (song_id, album_id, name, duration_seconds, bpm, track_number) VALUES (4503, 605, 'Professor movie away', 239, 96, 2);
INSERT INTO song (song_id, album_id, name, duration_seconds, bpm, track_number) VALUES (4504, 605, 'Turn mean', 287, 90, 3);
INSERT INTO song (song_id, album_id, name, duration_seconds, bpm, track_number) VALUES (4505, 605, 'Loss', 154, 117, 4);
INSERT INTO song (song_id, album_id, name, duration_seconds, bpm, track_number) VALUES (4506, 605, 'Point particular when', 229, 68, 5);
INSERT INTO song (song_id, album_id, name, duration_seconds, bpm, track_number) VALUES (4507, 605, 'Through film', 396, 148, 6);
INSERT INTO song (song_id, album_id, name, duration_seconds, bpm, track_number) VALUES (4508, 605, 'Collection', 203, 176, 7);
INSERT INTO song (song_id, album_id, name, duration_seconds, bpm, track_number) VALUES (4509, 605, 'Process area', 457, 140, 8);
INSERT INTO song (song_id, album_id, name, duration_seconds, bpm, track_number) VALUES (4510, 605, 'Sister', 133, 77, 9);
INSERT INTO song (song_id, album_id, name, duration_seconds, bpm, track_number) VALUES (4511, 605, 'Prove know seven only economy', 396, 126, 10);
INSERT INTO album (album_id, artist_id, title, release_year, created_at) VALUES (606, 310, 'Re-contextualized system-worthy customer loyalty', 2011, NOW());
INSERT INTO song (song_id, album_id, name, duration_seconds, bpm, track_number) VALUES (4512, 606, 'Think', 132, 69, 1);
INSERT INTO song (song_id, album_id, name, duration_seconds, bpm, track_number) VALUES (4513, 606, 'Red project', 347, 71, 2);
INSERT INTO song (song_id, album_id, name, duration_seconds, bpm, track_number) VALUES (4514, 606, 'No situation', 347, 100, 3);
INSERT INTO song (song_id, album_id, name, duration_seconds, bpm, track_number) VALUES (4515, 606, 'Lose travel', 215, 179, 4);
INSERT INTO song (song_id, album_id, name, duration_seconds, bpm, track_number) VALUES (4516, 606, 'Concern still doctor', 466, 156, 5);
INSERT INTO song (song_id, album_id, name, duration_seconds, bpm, track_number) VALUES (4517, 606, 'Yes not', 202, 172, 6);
INSERT INTO song (song_id, album_id, name, duration_seconds, bpm, track_number) VALUES (4518, 606, 'Company member', 395, 125, 7);
INSERT INTO album (album_id, artist_id, title, release_year, created_at) VALUES (607, 310, 'Streamlined non-volatile secured line', 1970, NOW());
INSERT INTO song (song_id, album_id, name, duration_seconds, bpm, track_number) VALUES (4519, 607, 'Turn', 269, 128, 1);
INSERT INTO song (song_id, album_id, name, duration_seconds, bpm, track_number) VALUES (4520, 607, 'Start', 413, 101, 2);
INSERT INTO song (song_id, album_id, name, duration_seconds, bpm, track_number) VALUES (4521, 607, 'Should piece girl', 245, 96, 3);
INSERT INTO song (song_id, album_id, name, duration_seconds, bpm, track_number) VALUES (4522, 607, 'Magazine', 302, 147, 4);
INSERT INTO song (song_id, album_id, name, duration_seconds, bpm, track_number) VALUES (4523, 607, 'Front realize', 147, 144, 5);
INSERT INTO song (song_id, album_id, name, duration_seconds, bpm, track_number) VALUES (4524, 607, 'Perform bed', 420, 66, 6);
INSERT INTO song (song_id, album_id, name, duration_seconds, bpm, track_number) VALUES (4525, 607, 'Magazine', 222, 61, 7);
INSERT INTO song (song_id, album_id, name, duration_seconds, bpm, track_number) VALUES (4526, 607, 'Available week without', 249, 166, 8);
INSERT INTO song (song_id, album_id, name, duration_seconds, bpm, track_number) VALUES (4527, 607, 'Imagine bank', 169, 101, 9);
INSERT INTO song (song_id, album_id, name, duration_seconds, bpm, track_number) VALUES (4528, 607, 'Toward', 435, 65, 10);
INSERT INTO album (album_id, artist_id, title, release_year, created_at) VALUES (608, 310, 'Total local functionalities', 1986, NOW());
INSERT INTO song (song_id, album_id, name, duration_seconds, bpm, track_number) VALUES (4529, 608, 'Manager', 218, 70, 1);
INSERT INTO song (song_id, album_id, name, duration_seconds, bpm, track_number) VALUES (4530, 608, 'Allow live strong', 128, 165, 2);
INSERT INTO song (song_id, album_id, name, duration_seconds, bpm, track_number) VALUES (4531, 608, 'Remain', 368, 138, 3);
INSERT INTO song (song_id, album_id, name, duration_seconds, bpm, track_number) VALUES (4532, 608, 'Bar investment me', 435, 109, 4);
INSERT INTO song (song_id, album_id, name, duration_seconds, bpm, track_number) VALUES (4533, 608, 'Less', 340, 71, 5);
INSERT INTO album (album_id, artist_id, title, release_year, created_at) VALUES (609, 311, 'Business-focused 5thgeneration neural-net', 2023, NOW());
INSERT INTO song (song_id, album_id, name, duration_seconds, bpm, track_number) VALUES (4534, 609, 'Safe television', 214, 96, 1);
INSERT INTO song (song_id, album_id, name, duration_seconds, bpm, track_number) VALUES (4535, 609, 'Too', 381, 120, 2);
INSERT INTO song (song_id, album_id, name, duration_seconds, bpm, track_number) VALUES (4536, 609, 'Senior', 473, 60, 3);
INSERT INTO song (song_id, album_id, name, duration_seconds, bpm, track_number) VALUES (4537, 609, 'Write', 421, 97, 4);
INSERT INTO song (song_id, album_id, name, duration_seconds, bpm, track_number) VALUES (4538, 609, 'Method message sport', 204, 155, 5);
INSERT INTO song (song_id, album_id, name, duration_seconds, bpm, track_number) VALUES (4539, 609, 'Site walk threat', 362, 73, 6);
INSERT INTO song (song_id, album_id, name, duration_seconds, bpm, track_number) VALUES (4540, 609, 'Argue push probably', 444, 95, 7);
INSERT INTO song (song_id, album_id, name, duration_seconds, bpm, track_number) VALUES (4541, 609, 'Culture', 221, 117, 8);
INSERT INTO song (song_id, album_id, name, duration_seconds, bpm, track_number) VALUES (4542, 609, 'Effort off', 286, 148, 9);
INSERT INTO album (album_id, artist_id, title, release_year, created_at) VALUES (610, 311, 'Reverse-engineered multi-tasking success', 2025, NOW());
INSERT INTO song (song_id, album_id, name, duration_seconds, bpm, track_number) VALUES (4543, 610, 'Young we', 480, 175, 1);
INSERT INTO song (song_id, album_id, name, duration_seconds, bpm, track_number) VALUES (4544, 610, 'Management', 357, 173, 2);
INSERT INTO song (song_id, album_id, name, duration_seconds, bpm, track_number) VALUES (4545, 610, 'Our act heart wind admit', 419, 151, 3);
INSERT INTO song (song_id, album_id, name, duration_seconds, bpm, track_number) VALUES (4546, 610, 'Cover', 431, 177, 4);
INSERT INTO song (song_id, album_id, name, duration_seconds, bpm, track_number) VALUES (4547, 610, 'Friend help', 412, 175, 5);
INSERT INTO album (album_id, artist_id, title, release_year, created_at) VALUES (611, 312, 'Customer-focused bi-directional database', 2003, NOW());
INSERT INTO song (song_id, album_id, name, duration_seconds, bpm, track_number) VALUES (4548, 611, 'Someone example back machine respond', 231, 94, 1);
INSERT INTO song (song_id, album_id, name, duration_seconds, bpm, track_number) VALUES (4549, 611, 'Fine record', 236, 90, 2);
INSERT INTO song (song_id, album_id, name, duration_seconds, bpm, track_number) VALUES (4550, 611, 'Maintain', 192, 161, 3);
INSERT INTO song (song_id, album_id, name, duration_seconds, bpm, track_number) VALUES (4551, 611, 'Religious network', 306, 60, 4);
INSERT INTO song (song_id, album_id, name, duration_seconds, bpm, track_number) VALUES (4552, 611, 'Window', 289, 135, 5);
INSERT INTO song (song_id, album_id, name, duration_seconds, bpm, track_number) VALUES (4553, 611, 'Make believe', 162, 82, 6);
INSERT INTO song (song_id, album_id, name, duration_seconds, bpm, track_number) VALUES (4554, 611, 'The', 218, 154, 7);
INSERT INTO song (song_id, album_id, name, duration_seconds, bpm, track_number) VALUES (4555, 611, 'Customer lot', 342, 170, 8);
INSERT INTO song (song_id, album_id, name, duration_seconds, bpm, track_number) VALUES (4556, 611, 'Picture number', 155, 149, 9);
INSERT INTO album (album_id, artist_id, title, release_year, created_at) VALUES (612, 312, 'Up-sized tangible focus group', 2023, NOW());
INSERT INTO song (song_id, album_id, name, duration_seconds, bpm, track_number) VALUES (4557, 612, 'Newspaper', 324, 66, 1);
INSERT INTO song (song_id, album_id, name, duration_seconds, bpm, track_number) VALUES (4558, 612, 'Hard', 196, 86, 2);
INSERT INTO song (song_id, album_id, name, duration_seconds, bpm, track_number) VALUES (4559, 612, 'News', 446, 135, 3);
INSERT INTO song (song_id, album_id, name, duration_seconds, bpm, track_number) VALUES (4560, 612, 'Speech', 233, 147, 4);
INSERT INTO song (song_id, album_id, name, duration_seconds, bpm, track_number) VALUES (4561, 612, 'Give', 459, 142, 5);
INSERT INTO song (song_id, album_id, name, duration_seconds, bpm, track_number) VALUES (4562, 612, 'Nature', 424, 97, 6);
INSERT INTO song (song_id, album_id, name, duration_seconds, bpm, track_number) VALUES (4563, 612, 'Reality person', 312, 81, 7);
INSERT INTO album (album_id, artist_id, title, release_year, created_at) VALUES (613, 312, 'Profit-focused dedicated benchmark', 2006, NOW());
INSERT INTO song (song_id, album_id, name, duration_seconds, bpm, track_number) VALUES (4564, 613, 'Agency', 368, 143, 1);
INSERT INTO song (song_id, album_id, name, duration_seconds, bpm, track_number) VALUES (4565, 613, 'Part outside', 436, 165, 2);
INSERT INTO song (song_id, album_id, name, duration_seconds, bpm, track_number) VALUES (4566, 613, 'Economy ok', 403, 134, 3);
INSERT INTO song (song_id, album_id, name, duration_seconds, bpm, track_number) VALUES (4567, 613, 'Already', 402, 132, 4);
INSERT INTO song (song_id, album_id, name, duration_seconds, bpm, track_number) VALUES (4568, 613, 'Official before evidence', 208, 88, 5);
INSERT INTO song (song_id, album_id, name, duration_seconds, bpm, track_number) VALUES (4569, 613, 'Answer', 293, 172, 6);
INSERT INTO song (song_id, album_id, name, duration_seconds, bpm, track_number) VALUES (4570, 613, 'Owner way may', 406, 64, 7);
INSERT INTO album (album_id, artist_id, title, release_year, created_at) VALUES (614, 313, 'Re-engineered contextually-based task-force', 2007, NOW());
INSERT INTO song (song_id, album_id, name, duration_seconds, bpm, track_number) VALUES (4571, 614, 'Recognize', 169, 102, 1);
INSERT INTO song (song_id, album_id, name, duration_seconds, bpm, track_number) VALUES (4572, 614, 'Week', 350, 125, 2);
INSERT INTO song (song_id, album_id, name, duration_seconds, bpm, track_number) VALUES (4573, 614, 'Republican market', 324, 123, 3);
INSERT INTO song (song_id, album_id, name, duration_seconds, bpm, track_number) VALUES (4574, 614, 'Him close part board', 458, 176, 4);
INSERT INTO song (song_id, album_id, name, duration_seconds, bpm, track_number) VALUES (4575, 614, 'Thus none lead', 443, 157, 5);
INSERT INTO song (song_id, album_id, name, duration_seconds, bpm, track_number) VALUES (4576, 614, 'Fear thing', 182, 125, 6);
INSERT INTO song (song_id, album_id, name, duration_seconds, bpm, track_number) VALUES (4577, 614, 'Morning', 444, 86, 7);
INSERT INTO song (song_id, album_id, name, duration_seconds, bpm, track_number) VALUES (4578, 614, 'Media', 251, 66, 8);
INSERT INTO song (song_id, album_id, name, duration_seconds, bpm, track_number) VALUES (4579, 614, 'Note strong region', 235, 74, 9);
INSERT INTO album (album_id, artist_id, title, release_year, created_at) VALUES (615, 314, 'Function-based multi-state methodology', 1982, NOW());
INSERT INTO song (song_id, album_id, name, duration_seconds, bpm, track_number) VALUES (4580, 615, 'Pass part', 474, 148, 1);
INSERT INTO song (song_id, album_id, name, duration_seconds, bpm, track_number) VALUES (4581, 615, 'Thank first', 301, 93, 2);
INSERT INTO song (song_id, album_id, name, duration_seconds, bpm, track_number) VALUES (4582, 615, 'Final', 128, 169, 3);
INSERT INTO song (song_id, album_id, name, duration_seconds, bpm, track_number) VALUES (4583, 615, 'Budget change', 288, 69, 4);
INSERT INTO song (song_id, album_id, name, duration_seconds, bpm, track_number) VALUES (4584, 615, 'Forward final outside arrive success', 368, 143, 5);
INSERT INTO song (song_id, album_id, name, duration_seconds, bpm, track_number) VALUES (4585, 615, 'High', 439, 180, 6);
INSERT INTO song (song_id, album_id, name, duration_seconds, bpm, track_number) VALUES (4586, 615, 'Clearly actually', 289, 166, 7);
INSERT INTO song (song_id, album_id, name, duration_seconds, bpm, track_number) VALUES (4587, 615, 'Every knowledge', 459, 165, 8);
INSERT INTO song (song_id, album_id, name, duration_seconds, bpm, track_number) VALUES (4588, 615, 'Marriage sing', 418, 154, 9);
INSERT INTO song (song_id, album_id, name, duration_seconds, bpm, track_number) VALUES (4589, 615, 'Live', 405, 93, 10);
INSERT INTO album (album_id, artist_id, title, release_year, created_at) VALUES (616, 315, 'Virtual systemic workforce', 1990, NOW());
INSERT INTO song (song_id, album_id, name, duration_seconds, bpm, track_number) VALUES (4590, 616, 'Appear', 319, 152, 1);
INSERT INTO song (song_id, album_id, name, duration_seconds, bpm, track_number) VALUES (4591, 616, 'Cup well', 312, 82, 2);
INSERT INTO song (song_id, album_id, name, duration_seconds, bpm, track_number) VALUES (4592, 616, 'Church company', 131, 119, 3);
INSERT INTO song (song_id, album_id, name, duration_seconds, bpm, track_number) VALUES (4593, 616, 'Go', 311, 174, 4);
INSERT INTO song (song_id, album_id, name, duration_seconds, bpm, track_number) VALUES (4594, 616, 'Whatever capital manager right onto', 452, 144, 5);
INSERT INTO song (song_id, album_id, name, duration_seconds, bpm, track_number) VALUES (4595, 616, 'Race star', 378, 124, 6);
INSERT INTO song (song_id, album_id, name, duration_seconds, bpm, track_number) VALUES (4596, 616, 'Yes perform', 385, 113, 7);
INSERT INTO song (song_id, album_id, name, duration_seconds, bpm, track_number) VALUES (4597, 616, 'Worker', 273, 110, 8);
INSERT INTO album (album_id, artist_id, title, release_year, created_at) VALUES (617, 315, 'Intuitive radical product', 1998, NOW());
INSERT INTO song (song_id, album_id, name, duration_seconds, bpm, track_number) VALUES (4598, 617, 'Feel lose I', 175, 164, 1);
INSERT INTO song (song_id, album_id, name, duration_seconds, bpm, track_number) VALUES (4599, 617, 'First rule', 299, 106, 2);
INSERT INTO song (song_id, album_id, name, duration_seconds, bpm, track_number) VALUES (4600, 617, 'Today well', 326, 96, 3);
INSERT INTO song (song_id, album_id, name, duration_seconds, bpm, track_number) VALUES (4601, 617, 'Environmental lose', 174, 88, 4);
INSERT INTO song (song_id, album_id, name, duration_seconds, bpm, track_number) VALUES (4602, 617, 'Others almost heavy', 254, 132, 5);
INSERT INTO song (song_id, album_id, name, duration_seconds, bpm, track_number) VALUES (4603, 617, 'This health around', 231, 133, 6);
INSERT INTO song (song_id, album_id, name, duration_seconds, bpm, track_number) VALUES (4604, 617, 'Force', 164, 80, 7);
INSERT INTO album (album_id, artist_id, title, release_year, created_at) VALUES (618, 316, 'Enterprise-wide object-oriented open system', 2016, NOW());
INSERT INTO song (song_id, album_id, name, duration_seconds, bpm, track_number) VALUES (4605, 618, 'Fish', 211, 172, 1);
INSERT INTO song (song_id, album_id, name, duration_seconds, bpm, track_number) VALUES (4606, 618, 'Room serious woman', 138, 167, 2);
INSERT INTO song (song_id, album_id, name, duration_seconds, bpm, track_number) VALUES (4607, 618, 'Important add north', 144, 79, 3);
INSERT INTO song (song_id, album_id, name, duration_seconds, bpm, track_number) VALUES (4608, 618, 'Team', 326, 141, 4);
INSERT INTO song (song_id, album_id, name, duration_seconds, bpm, track_number) VALUES (4609, 618, 'Political half', 383, 128, 5);
INSERT INTO song (song_id, album_id, name, duration_seconds, bpm, track_number) VALUES (4610, 618, 'Until another', 324, 80, 6);
INSERT INTO song (song_id, album_id, name, duration_seconds, bpm, track_number) VALUES (4611, 618, 'Write', 450, 77, 7);
INSERT INTO song (song_id, album_id, name, duration_seconds, bpm, track_number) VALUES (4612, 618, 'Arm suddenly raise', 360, 89, 8);
INSERT INTO song (song_id, album_id, name, duration_seconds, bpm, track_number) VALUES (4613, 618, 'Might measure health next', 230, 134, 9);
INSERT INTO album (album_id, artist_id, title, release_year, created_at) VALUES (619, 316, 'Automated multimedia migration', 1995, NOW());
INSERT INTO song (song_id, album_id, name, duration_seconds, bpm, track_number) VALUES (4614, 619, 'If', 202, 68, 1);
INSERT INTO song (song_id, album_id, name, duration_seconds, bpm, track_number) VALUES (4615, 619, 'Back sit law throughout', 271, 116, 2);
INSERT INTO song (song_id, album_id, name, duration_seconds, bpm, track_number) VALUES (4616, 619, 'Floor amount', 365, 97, 3);
INSERT INTO song (song_id, album_id, name, duration_seconds, bpm, track_number) VALUES (4617, 619, 'Item let piece', 249, 159, 4);
INSERT INTO song (song_id, album_id, name, duration_seconds, bpm, track_number) VALUES (4618, 619, 'Dinner school police', 430, 68, 5);
INSERT INTO album (album_id, artist_id, title, release_year, created_at) VALUES (620, 317, 'Configurable non-volatile initiative', 1973, NOW());
INSERT INTO song (song_id, album_id, name, duration_seconds, bpm, track_number) VALUES (4619, 620, 'Majority present everybody', 348, 130, 1);
INSERT INTO song (song_id, album_id, name, duration_seconds, bpm, track_number) VALUES (4620, 620, 'Body', 126, 69, 2);
INSERT INTO song (song_id, album_id, name, duration_seconds, bpm, track_number) VALUES (4621, 620, 'Minute let region', 387, 99, 3);
INSERT INTO song (song_id, album_id, name, duration_seconds, bpm, track_number) VALUES (4622, 620, 'Mean word', 375, 141, 4);
INSERT INTO song (song_id, album_id, name, duration_seconds, bpm, track_number) VALUES (4623, 620, 'Pass top federal', 224, 166, 5);
INSERT INTO song (song_id, album_id, name, duration_seconds, bpm, track_number) VALUES (4624, 620, 'Maintain', 161, 174, 6);
INSERT INTO song (song_id, album_id, name, duration_seconds, bpm, track_number) VALUES (4625, 620, 'Center', 179, 161, 7);
INSERT INTO song (song_id, album_id, name, duration_seconds, bpm, track_number) VALUES (4626, 620, 'Whose music', 158, 92, 8);
INSERT INTO song (song_id, album_id, name, duration_seconds, bpm, track_number) VALUES (4627, 620, 'Improve', 473, 68, 9);
INSERT INTO song (song_id, album_id, name, duration_seconds, bpm, track_number) VALUES (4628, 620, 'Mother', 411, 169, 10);
INSERT INTO album (album_id, artist_id, title, release_year, created_at) VALUES (621, 317, 'Triple-buffered uniform matrix', 2014, NOW());
INSERT INTO song (song_id, album_id, name, duration_seconds, bpm, track_number) VALUES (4629, 621, 'Lose describe degree', 343, 136, 1);
INSERT INTO song (song_id, album_id, name, duration_seconds, bpm, track_number) VALUES (4630, 621, 'Develop choice sign history wind', 140, 130, 2);
INSERT INTO song (song_id, album_id, name, duration_seconds, bpm, track_number) VALUES (4631, 621, 'Board officer see', 153, 159, 3);
INSERT INTO song (song_id, album_id, name, duration_seconds, bpm, track_number) VALUES (4632, 621, 'Various', 182, 98, 4);
INSERT INTO song (song_id, album_id, name, duration_seconds, bpm, track_number) VALUES (4633, 621, 'Positive enough beautiful', 272, 108, 5);
INSERT INTO song (song_id, album_id, name, duration_seconds, bpm, track_number) VALUES (4634, 621, 'Impact candidate popular', 468, 148, 6);
INSERT INTO song (song_id, album_id, name, duration_seconds, bpm, track_number) VALUES (4635, 621, 'Note improve while', 211, 160, 7);
INSERT INTO song (song_id, album_id, name, duration_seconds, bpm, track_number) VALUES (4636, 621, 'Cause', 238, 109, 8);
INSERT INTO song (song_id, album_id, name, duration_seconds, bpm, track_number) VALUES (4637, 621, 'Animal but travel poor', 295, 164, 9);
INSERT INTO album (album_id, artist_id, title, release_year, created_at) VALUES (622, 317, 'Up-sized exuding complexity', 1991, NOW());
INSERT INTO song (song_id, album_id, name, duration_seconds, bpm, track_number) VALUES (4638, 622, 'Still act game state series', 312, 81, 1);
INSERT INTO song (song_id, album_id, name, duration_seconds, bpm, track_number) VALUES (4639, 622, 'Western claim', 146, 161, 2);
INSERT INTO song (song_id, album_id, name, duration_seconds, bpm, track_number) VALUES (4640, 622, 'There really', 326, 143, 3);
INSERT INTO song (song_id, album_id, name, duration_seconds, bpm, track_number) VALUES (4641, 622, 'Suddenly', 423, 143, 4);
INSERT INTO song (song_id, album_id, name, duration_seconds, bpm, track_number) VALUES (4642, 622, 'Both you level', 361, 163, 5);
INSERT INTO song (song_id, album_id, name, duration_seconds, bpm, track_number) VALUES (4643, 622, 'White', 360, 153, 6);
INSERT INTO album (album_id, artist_id, title, release_year, created_at) VALUES (623, 318, 'Quality-focused exuding time-frame', 1977, NOW());
INSERT INTO song (song_id, album_id, name, duration_seconds, bpm, track_number) VALUES (4644, 623, 'Contain say', 342, 70, 1);
INSERT INTO song (song_id, album_id, name, duration_seconds, bpm, track_number) VALUES (4645, 623, 'Campaign story', 428, 114, 2);
INSERT INTO song (song_id, album_id, name, duration_seconds, bpm, track_number) VALUES (4646, 623, 'Technology', 305, 87, 3);
INSERT INTO song (song_id, album_id, name, duration_seconds, bpm, track_number) VALUES (4647, 623, 'Control', 399, 172, 4);
INSERT INTO song (song_id, album_id, name, duration_seconds, bpm, track_number) VALUES (4648, 623, 'Standard arrive', 401, 149, 5);
INSERT INTO song (song_id, album_id, name, duration_seconds, bpm, track_number) VALUES (4649, 623, 'Simple throughout leave', 240, 110, 6);
INSERT INTO song (song_id, album_id, name, duration_seconds, bpm, track_number) VALUES (4650, 623, 'International so think', 330, 121, 7);
INSERT INTO song (song_id, album_id, name, duration_seconds, bpm, track_number) VALUES (4651, 623, 'Later', 275, 133, 8);
INSERT INTO album (album_id, artist_id, title, release_year, created_at) VALUES (624, 318, 'Enterprise-wide scalable migration', 2001, NOW());
INSERT INTO song (song_id, album_id, name, duration_seconds, bpm, track_number) VALUES (4652, 624, 'Take military democratic', 406, 134, 1);
INSERT INTO song (song_id, album_id, name, duration_seconds, bpm, track_number) VALUES (4653, 624, 'Million', 298, 81, 2);
INSERT INTO song (song_id, album_id, name, duration_seconds, bpm, track_number) VALUES (4654, 624, 'Laugh worry executive age', 447, 134, 3);
INSERT INTO song (song_id, album_id, name, duration_seconds, bpm, track_number) VALUES (4655, 624, 'Remain significant', 266, 142, 4);
INSERT INTO song (song_id, album_id, name, duration_seconds, bpm, track_number) VALUES (4656, 624, 'Resource moment after', 316, 103, 5);
INSERT INTO song (song_id, album_id, name, duration_seconds, bpm, track_number) VALUES (4657, 624, 'Effort', 209, 69, 6);
INSERT INTO song (song_id, album_id, name, duration_seconds, bpm, track_number) VALUES (4658, 624, 'Enough', 227, 127, 7);
INSERT INTO song (song_id, album_id, name, duration_seconds, bpm, track_number) VALUES (4659, 624, 'Join image dog', 369, 99, 8);
INSERT INTO song (song_id, album_id, name, duration_seconds, bpm, track_number) VALUES (4660, 624, 'Little', 144, 114, 9);
INSERT INTO album (album_id, artist_id, title, release_year, created_at) VALUES (625, 318, 'Proactive foreground firmware', 2011, NOW());
INSERT INTO song (song_id, album_id, name, duration_seconds, bpm, track_number) VALUES (4661, 625, 'Cup adult spend next right', 460, 160, 1);
INSERT INTO song (song_id, album_id, name, duration_seconds, bpm, track_number) VALUES (4662, 625, 'Political', 152, 102, 2);
INSERT INTO song (song_id, album_id, name, duration_seconds, bpm, track_number) VALUES (4663, 625, 'Program activity', 468, 106, 3);
INSERT INTO song (song_id, album_id, name, duration_seconds, bpm, track_number) VALUES (4664, 625, 'Them increase', 265, 111, 4);
INSERT INTO song (song_id, album_id, name, duration_seconds, bpm, track_number) VALUES (4665, 625, 'Create resource out', 208, 106, 5);
INSERT INTO song (song_id, album_id, name, duration_seconds, bpm, track_number) VALUES (4666, 625, 'Military who still', 125, 176, 6);
INSERT INTO song (song_id, album_id, name, duration_seconds, bpm, track_number) VALUES (4667, 625, 'Pattern that', 129, 142, 7);
INSERT INTO song (song_id, album_id, name, duration_seconds, bpm, track_number) VALUES (4668, 625, 'She sign north', 410, 103, 8);
INSERT INTO song (song_id, album_id, name, duration_seconds, bpm, track_number) VALUES (4669, 625, 'Family history experience', 317, 95, 9);
INSERT INTO album (album_id, artist_id, title, release_year, created_at) VALUES (626, 319, 'Extended national process improvement', 2023, NOW());
INSERT INTO song (song_id, album_id, name, duration_seconds, bpm, track_number) VALUES (4670, 626, 'Discuss', 398, 112, 1);
INSERT INTO song (song_id, album_id, name, duration_seconds, bpm, track_number) VALUES (4671, 626, 'Well', 199, 165, 2);
INSERT INTO song (song_id, album_id, name, duration_seconds, bpm, track_number) VALUES (4672, 626, 'Drive parent', 442, 117, 3);
INSERT INTO song (song_id, album_id, name, duration_seconds, bpm, track_number) VALUES (4673, 626, 'Cause season firm', 442, 60, 4);
INSERT INTO song (song_id, album_id, name, duration_seconds, bpm, track_number) VALUES (4674, 626, 'Evidence test', 293, 121, 5);
INSERT INTO song (song_id, album_id, name, duration_seconds, bpm, track_number) VALUES (4675, 626, 'World', 219, 95, 6);
INSERT INTO song (song_id, album_id, name, duration_seconds, bpm, track_number) VALUES (4676, 626, 'Effect many little', 221, 147, 7);
INSERT INTO album (album_id, artist_id, title, release_year, created_at) VALUES (627, 319, 'Quality-focused explicit synergy', 1980, NOW());
INSERT INTO song (song_id, album_id, name, duration_seconds, bpm, track_number) VALUES (4677, 627, 'Investment your other', 393, 78, 1);
INSERT INTO song (song_id, album_id, name, duration_seconds, bpm, track_number) VALUES (4678, 627, 'Central tax amount must yard', 438, 69, 2);
INSERT INTO song (song_id, album_id, name, duration_seconds, bpm, track_number) VALUES (4679, 627, 'American begin everybody buy', 434, 67, 3);
INSERT INTO song (song_id, album_id, name, duration_seconds, bpm, track_number) VALUES (4680, 627, 'Record', 328, 61, 4);
INSERT INTO song (song_id, album_id, name, duration_seconds, bpm, track_number) VALUES (4681, 627, 'Need work', 196, 137, 5);
INSERT INTO song (song_id, album_id, name, duration_seconds, bpm, track_number) VALUES (4682, 627, 'Before professor common', 327, 125, 6);
INSERT INTO song (song_id, album_id, name, duration_seconds, bpm, track_number) VALUES (4683, 627, 'Whatever throughout', 436, 180, 7);
INSERT INTO song (song_id, album_id, name, duration_seconds, bpm, track_number) VALUES (4684, 627, 'Car mind let', 172, 121, 8);
INSERT INTO album (album_id, artist_id, title, release_year, created_at) VALUES (628, 319, 'Persistent responsive secured line', 1987, NOW());
INSERT INTO song (song_id, album_id, name, duration_seconds, bpm, track_number) VALUES (4685, 628, 'Include six', 462, 116, 1);
INSERT INTO song (song_id, album_id, name, duration_seconds, bpm, track_number) VALUES (4686, 628, 'Must church west nearly', 210, 170, 2);
INSERT INTO song (song_id, album_id, name, duration_seconds, bpm, track_number) VALUES (4687, 628, 'Book', 295, 121, 3);
INSERT INTO song (song_id, album_id, name, duration_seconds, bpm, track_number) VALUES (4688, 628, 'Morning oil', 370, 180, 4);
INSERT INTO song (song_id, album_id, name, duration_seconds, bpm, track_number) VALUES (4689, 628, 'Street', 330, 125, 5);
INSERT INTO song (song_id, album_id, name, duration_seconds, bpm, track_number) VALUES (4690, 628, 'Lose', 291, 119, 6);
INSERT INTO song (song_id, album_id, name, duration_seconds, bpm, track_number) VALUES (4691, 628, 'Everybody significant', 279, 88, 7);
INSERT INTO album (album_id, artist_id, title, release_year, created_at) VALUES (629, 320, 'Configurable actuating toolset', 2018, NOW());
INSERT INTO song (song_id, album_id, name, duration_seconds, bpm, track_number) VALUES (4692, 629, 'Attack reality same', 473, 87, 1);
INSERT INTO song (song_id, album_id, name, duration_seconds, bpm, track_number) VALUES (4693, 629, 'Tough easy whose network', 369, 154, 2);
INSERT INTO song (song_id, album_id, name, duration_seconds, bpm, track_number) VALUES (4694, 629, 'Reflect price team', 226, 81, 3);
INSERT INTO song (song_id, album_id, name, duration_seconds, bpm, track_number) VALUES (4695, 629, 'Recently', 447, 111, 4);
INSERT INTO song (song_id, album_id, name, duration_seconds, bpm, track_number) VALUES (4696, 629, 'Structure', 175, 91, 5);
INSERT INTO song (song_id, album_id, name, duration_seconds, bpm, track_number) VALUES (4697, 629, 'Strategy stand management especially ahead', 230, 133, 6);
INSERT INTO song (song_id, album_id, name, duration_seconds, bpm, track_number) VALUES (4698, 629, 'Future must', 324, 161, 7);
INSERT INTO album (album_id, artist_id, title, release_year, created_at) VALUES (630, 321, 'Business-focused transitional concept', 1995, NOW());
INSERT INTO song (song_id, album_id, name, duration_seconds, bpm, track_number) VALUES (4699, 630, 'Business', 449, 168, 1);
INSERT INTO song (song_id, album_id, name, duration_seconds, bpm, track_number) VALUES (4700, 630, 'Best enough bank hold upon', 431, 80, 2);
INSERT INTO song (song_id, album_id, name, duration_seconds, bpm, track_number) VALUES (4701, 630, 'Kind good', 221, 129, 3);
INSERT INTO song (song_id, album_id, name, duration_seconds, bpm, track_number) VALUES (4702, 630, 'Political', 402, 123, 4);
INSERT INTO song (song_id, album_id, name, duration_seconds, bpm, track_number) VALUES (4703, 630, 'Enjoy', 159, 123, 5);
INSERT INTO song (song_id, album_id, name, duration_seconds, bpm, track_number) VALUES (4704, 630, 'Build north', 445, 106, 6);
INSERT INTO song (song_id, album_id, name, duration_seconds, bpm, track_number) VALUES (4705, 630, 'Pull human quickly', 203, 96, 7);
INSERT INTO song (song_id, album_id, name, duration_seconds, bpm, track_number) VALUES (4706, 630, 'Pick view', 463, 89, 8);
INSERT INTO song (song_id, album_id, name, duration_seconds, bpm, track_number) VALUES (4707, 630, 'Wide above their', 392, 130, 9);
INSERT INTO album (album_id, artist_id, title, release_year, created_at) VALUES (631, 322, 'Mandatory multi-state help-desk', 2025, NOW());
INSERT INTO song (song_id, album_id, name, duration_seconds, bpm, track_number) VALUES (4708, 631, 'Foreign', 243, 151, 1);
INSERT INTO song (song_id, album_id, name, duration_seconds, bpm, track_number) VALUES (4709, 631, 'Exactly', 236, 61, 2);
INSERT INTO song (song_id, album_id, name, duration_seconds, bpm, track_number) VALUES (4710, 631, 'Network', 313, 77, 3);
INSERT INTO song (song_id, album_id, name, duration_seconds, bpm, track_number) VALUES (4711, 631, 'Cultural', 251, 169, 4);
INSERT INTO song (song_id, album_id, name, duration_seconds, bpm, track_number) VALUES (4712, 631, 'Bring', 429, 177, 5);
INSERT INTO album (album_id, artist_id, title, release_year, created_at) VALUES (632, 322, 'Horizontal 24/7 service-desk', 1974, NOW());
INSERT INTO song (song_id, album_id, name, duration_seconds, bpm, track_number) VALUES (4713, 632, 'Weight', 414, 179, 1);
INSERT INTO song (song_id, album_id, name, duration_seconds, bpm, track_number) VALUES (4714, 632, 'Turn', 411, 107, 2);
INSERT INTO song (song_id, album_id, name, duration_seconds, bpm, track_number) VALUES (4715, 632, 'Thing itself', 471, 142, 3);
INSERT INTO song (song_id, album_id, name, duration_seconds, bpm, track_number) VALUES (4716, 632, 'Our institution team leave', 444, 115, 4);
INSERT INTO song (song_id, album_id, name, duration_seconds, bpm, track_number) VALUES (4717, 632, 'Wind small away about within', 451, 78, 5);
INSERT INTO song (song_id, album_id, name, duration_seconds, bpm, track_number) VALUES (4718, 632, 'Personal', 365, 67, 6);
INSERT INTO album (album_id, artist_id, title, release_year, created_at) VALUES (633, 322, 'Open-source explicit product', 1972, NOW());
INSERT INTO song (song_id, album_id, name, duration_seconds, bpm, track_number) VALUES (4719, 633, 'Alone ability seat', 134, 176, 1);
INSERT INTO song (song_id, album_id, name, duration_seconds, bpm, track_number) VALUES (4720, 633, 'Know', 152, 97, 2);
INSERT INTO song (song_id, album_id, name, duration_seconds, bpm, track_number) VALUES (4721, 633, 'Tend young boy', 221, 62, 3);
INSERT INTO song (song_id, album_id, name, duration_seconds, bpm, track_number) VALUES (4722, 633, 'Quickly often answer', 395, 123, 4);
INSERT INTO song (song_id, album_id, name, duration_seconds, bpm, track_number) VALUES (4723, 633, 'Go condition', 399, 105, 5);
INSERT INTO album (album_id, artist_id, title, release_year, created_at) VALUES (634, 323, 'Intuitive 24hour frame', 1971, NOW());
INSERT INTO song (song_id, album_id, name, duration_seconds, bpm, track_number) VALUES (4724, 634, 'Right scene', 340, 96, 1);
INSERT INTO song (song_id, album_id, name, duration_seconds, bpm, track_number) VALUES (4725, 634, 'During at', 337, 138, 2);
INSERT INTO song (song_id, album_id, name, duration_seconds, bpm, track_number) VALUES (4726, 634, 'Deep', 310, 111, 3);
INSERT INTO song (song_id, album_id, name, duration_seconds, bpm, track_number) VALUES (4727, 634, 'Particular learn', 447, 174, 4);
INSERT INTO song (song_id, album_id, name, duration_seconds, bpm, track_number) VALUES (4728, 634, 'Its west', 468, 170, 5);
INSERT INTO song (song_id, album_id, name, duration_seconds, bpm, track_number) VALUES (4729, 634, 'Today understand design', 298, 135, 6);
INSERT INTO album (album_id, artist_id, title, release_year, created_at) VALUES (635, 324, 'Advanced 3rdgeneration approach', 1982, NOW());
INSERT INTO song (song_id, album_id, name, duration_seconds, bpm, track_number) VALUES (4730, 635, 'Major', 404, 148, 1);
INSERT INTO song (song_id, album_id, name, duration_seconds, bpm, track_number) VALUES (4731, 635, 'Then area', 197, 64, 2);
INSERT INTO song (song_id, album_id, name, duration_seconds, bpm, track_number) VALUES (4732, 635, 'Anyone present', 194, 77, 3);
INSERT INTO song (song_id, album_id, name, duration_seconds, bpm, track_number) VALUES (4733, 635, 'Hard', 373, 94, 4);
INSERT INTO song (song_id, album_id, name, duration_seconds, bpm, track_number) VALUES (4734, 635, 'Baby art', 376, 116, 5);
INSERT INTO album (album_id, artist_id, title, release_year, created_at) VALUES (636, 324, 'Synergized coherent array', 2016, NOW());
INSERT INTO song (song_id, album_id, name, duration_seconds, bpm, track_number) VALUES (4735, 636, 'Three girl', 365, 94, 1);
INSERT INTO song (song_id, album_id, name, duration_seconds, bpm, track_number) VALUES (4736, 636, 'Know', 180, 65, 2);
INSERT INTO song (song_id, album_id, name, duration_seconds, bpm, track_number) VALUES (4737, 636, 'Arrive most', 130, 179, 3);
INSERT INTO song (song_id, album_id, name, duration_seconds, bpm, track_number) VALUES (4738, 636, 'Two door single', 419, 79, 4);
INSERT INTO song (song_id, album_id, name, duration_seconds, bpm, track_number) VALUES (4739, 636, 'Upon hit', 243, 146, 5);
INSERT INTO song (song_id, album_id, name, duration_seconds, bpm, track_number) VALUES (4740, 636, 'Name national tell', 327, 133, 6);
INSERT INTO song (song_id, album_id, name, duration_seconds, bpm, track_number) VALUES (4741, 636, 'Thus air before commercial type', 242, 140, 7);
INSERT INTO album (album_id, artist_id, title, release_year, created_at) VALUES (637, 325, 'Open-source 24hour framework', 1983, NOW());
INSERT INTO song (song_id, album_id, name, duration_seconds, bpm, track_number) VALUES (4742, 637, 'Network', 128, 170, 1);
INSERT INTO song (song_id, album_id, name, duration_seconds, bpm, track_number) VALUES (4743, 637, 'Daughter', 213, 109, 2);
INSERT INTO song (song_id, album_id, name, duration_seconds, bpm, track_number) VALUES (4744, 637, 'Congress give record', 260, 148, 3);
INSERT INTO song (song_id, album_id, name, duration_seconds, bpm, track_number) VALUES (4745, 637, 'Deal', 348, 131, 4);
INSERT INTO song (song_id, album_id, name, duration_seconds, bpm, track_number) VALUES (4746, 637, 'News he worry own', 326, 66, 5);
INSERT INTO song (song_id, album_id, name, duration_seconds, bpm, track_number) VALUES (4747, 637, 'Administration sound space more', 205, 128, 6);
INSERT INTO song (song_id, album_id, name, duration_seconds, bpm, track_number) VALUES (4748, 637, 'Black', 466, 64, 7);
INSERT INTO album (album_id, artist_id, title, release_year, created_at) VALUES (638, 325, 'Seamless well-modulated conglomeration', 2018, NOW());
INSERT INTO song (song_id, album_id, name, duration_seconds, bpm, track_number) VALUES (4749, 638, 'Never', 249, 147, 1);
INSERT INTO song (song_id, album_id, name, duration_seconds, bpm, track_number) VALUES (4750, 638, 'Agreement hit', 462, 163, 2);
INSERT INTO song (song_id, album_id, name, duration_seconds, bpm, track_number) VALUES (4751, 638, 'Tonight close', 395, 135, 3);
INSERT INTO song (song_id, album_id, name, duration_seconds, bpm, track_number) VALUES (4752, 638, 'Near enjoy final open', 324, 165, 4);
INSERT INTO song (song_id, album_id, name, duration_seconds, bpm, track_number) VALUES (4753, 638, 'Responsibility western', 255, 69, 5);
INSERT INTO song (song_id, album_id, name, duration_seconds, bpm, track_number) VALUES (4754, 638, 'Beyond', 136, 165, 6);
INSERT INTO song (song_id, album_id, name, duration_seconds, bpm, track_number) VALUES (4755, 638, 'Road bed', 338, 101, 7);
INSERT INTO song (song_id, album_id, name, duration_seconds, bpm, track_number) VALUES (4756, 638, 'Practice', 400, 162, 8);
INSERT INTO song (song_id, album_id, name, duration_seconds, bpm, track_number) VALUES (4757, 638, 'Theory', 195, 178, 9);
INSERT INTO song (song_id, album_id, name, duration_seconds, bpm, track_number) VALUES (4758, 638, 'Cut', 352, 74, 10);
INSERT INTO album (album_id, artist_id, title, release_year, created_at) VALUES (639, 326, 'Organized dedicated info-mediaries', 2011, NOW());
INSERT INTO song (song_id, album_id, name, duration_seconds, bpm, track_number) VALUES (4759, 639, 'Note less give official four', 365, 122, 1);
INSERT INTO song (song_id, album_id, name, duration_seconds, bpm, track_number) VALUES (4760, 639, 'Arm both', 144, 87, 2);
INSERT INTO song (song_id, album_id, name, duration_seconds, bpm, track_number) VALUES (4761, 639, 'Game', 282, 101, 3);
INSERT INTO song (song_id, album_id, name, duration_seconds, bpm, track_number) VALUES (4762, 639, 'Remain religious southern', 314, 122, 4);
INSERT INTO song (song_id, album_id, name, duration_seconds, bpm, track_number) VALUES (4763, 639, 'Treatment company bit', 160, 79, 5);
INSERT INTO song (song_id, album_id, name, duration_seconds, bpm, track_number) VALUES (4764, 639, 'Nearly', 286, 76, 6);
INSERT INTO song (song_id, album_id, name, duration_seconds, bpm, track_number) VALUES (4765, 639, 'Support', 391, 148, 7);
INSERT INTO song (song_id, album_id, name, duration_seconds, bpm, track_number) VALUES (4766, 639, 'Culture respond positive itself', 253, 104, 8);
INSERT INTO song (song_id, album_id, name, duration_seconds, bpm, track_number) VALUES (4767, 639, 'Fire nation avoid watch once', 469, 122, 9);
INSERT INTO album (album_id, artist_id, title, release_year, created_at) VALUES (640, 327, 'Profit-focused high-level strategy', 1974, NOW());
INSERT INTO song (song_id, album_id, name, duration_seconds, bpm, track_number) VALUES (4768, 640, 'Indicate', 360, 79, 1);
INSERT INTO song (song_id, album_id, name, duration_seconds, bpm, track_number) VALUES (4769, 640, 'Among pressure threat state', 345, 174, 2);
INSERT INTO song (song_id, album_id, name, duration_seconds, bpm, track_number) VALUES (4770, 640, 'Recent weight', 339, 158, 3);
INSERT INTO song (song_id, album_id, name, duration_seconds, bpm, track_number) VALUES (4771, 640, 'Inside understand', 257, 174, 4);
INSERT INTO song (song_id, album_id, name, duration_seconds, bpm, track_number) VALUES (4772, 640, 'Know probably', 329, 82, 5);
INSERT INTO song (song_id, album_id, name, duration_seconds, bpm, track_number) VALUES (4773, 640, 'Some', 123, 101, 6);
INSERT INTO song (song_id, album_id, name, duration_seconds, bpm, track_number) VALUES (4774, 640, 'Nice', 184, 78, 7);
INSERT INTO album (album_id, artist_id, title, release_year, created_at) VALUES (641, 327, 'Ergonomic dynamic infrastructure', 2021, NOW());
INSERT INTO song (song_id, album_id, name, duration_seconds, bpm, track_number) VALUES (4775, 641, 'Indicate white next give', 133, 137, 1);
INSERT INTO song (song_id, album_id, name, duration_seconds, bpm, track_number) VALUES (4776, 641, 'Fish', 185, 88, 2);
INSERT INTO song (song_id, album_id, name, duration_seconds, bpm, track_number) VALUES (4777, 641, 'Energy', 329, 123, 3);
INSERT INTO song (song_id, album_id, name, duration_seconds, bpm, track_number) VALUES (4778, 641, 'Argue', 272, 76, 4);
INSERT INTO song (song_id, album_id, name, duration_seconds, bpm, track_number) VALUES (4779, 641, 'Push realize story', 133, 100, 5);
INSERT INTO song (song_id, album_id, name, duration_seconds, bpm, track_number) VALUES (4780, 641, 'Central north your', 413, 130, 6);
INSERT INTO song (song_id, album_id, name, duration_seconds, bpm, track_number) VALUES (4781, 641, 'Bag natural', 211, 154, 7);
INSERT INTO song (song_id, album_id, name, duration_seconds, bpm, track_number) VALUES (4782, 641, 'Day rather itself', 142, 155, 8);
INSERT INTO song (song_id, album_id, name, duration_seconds, bpm, track_number) VALUES (4783, 641, 'Population someone television', 343, 65, 9);
INSERT INTO song (song_id, album_id, name, duration_seconds, bpm, track_number) VALUES (4784, 641, 'Sign', 233, 116, 10);
INSERT INTO album (album_id, artist_id, title, release_year, created_at) VALUES (642, 327, 'Inverse methodical methodology', 1993, NOW());
INSERT INTO song (song_id, album_id, name, duration_seconds, bpm, track_number) VALUES (4785, 642, 'Choose back vote', 304, 87, 1);
INSERT INTO song (song_id, album_id, name, duration_seconds, bpm, track_number) VALUES (4786, 642, 'Wife main', 185, 75, 2);
INSERT INTO song (song_id, album_id, name, duration_seconds, bpm, track_number) VALUES (4787, 642, 'Foreign capital', 130, 98, 3);
INSERT INTO song (song_id, album_id, name, duration_seconds, bpm, track_number) VALUES (4788, 642, 'First newspaper', 175, 90, 4);
INSERT INTO song (song_id, album_id, name, duration_seconds, bpm, track_number) VALUES (4789, 642, 'Be foreign respond material', 449, 81, 5);
INSERT INTO album (album_id, artist_id, title, release_year, created_at) VALUES (643, 328, 'Future-proofed coherent synergy', 1988, NOW());
INSERT INTO song (song_id, album_id, name, duration_seconds, bpm, track_number) VALUES (4790, 643, 'Arm', 185, 94, 1);
INSERT INTO song (song_id, album_id, name, duration_seconds, bpm, track_number) VALUES (4791, 643, 'Chair may region could', 153, 67, 2);
INSERT INTO song (song_id, album_id, name, duration_seconds, bpm, track_number) VALUES (4792, 643, 'Bed test produce', 465, 96, 3);
INSERT INTO song (song_id, album_id, name, duration_seconds, bpm, track_number) VALUES (4793, 643, 'Drop industry', 341, 142, 4);
INSERT INTO song (song_id, album_id, name, duration_seconds, bpm, track_number) VALUES (4794, 643, 'Name', 394, 77, 5);
INSERT INTO song (song_id, album_id, name, duration_seconds, bpm, track_number) VALUES (4795, 643, 'Technology employee', 464, 154, 6);
INSERT INTO song (song_id, album_id, name, duration_seconds, bpm, track_number) VALUES (4796, 643, 'Exist', 129, 121, 7);
INSERT INTO album (album_id, artist_id, title, release_year, created_at) VALUES (644, 329, 'Quality-focused cohesive leverage', 1971, NOW());
INSERT INTO song (song_id, album_id, name, duration_seconds, bpm, track_number) VALUES (4797, 644, 'Conference interview have', 279, 87, 1);
INSERT INTO song (song_id, album_id, name, duration_seconds, bpm, track_number) VALUES (4798, 644, 'Surface meet', 199, 118, 2);
INSERT INTO song (song_id, album_id, name, duration_seconds, bpm, track_number) VALUES (4799, 644, 'Laugh', 425, 63, 3);
INSERT INTO song (song_id, album_id, name, duration_seconds, bpm, track_number) VALUES (4800, 644, 'Well tell remember', 308, 107, 4);
INSERT INTO song (song_id, album_id, name, duration_seconds, bpm, track_number) VALUES (4801, 644, 'Fall', 191, 87, 5);
INSERT INTO song (song_id, album_id, name, duration_seconds, bpm, track_number) VALUES (4802, 644, 'Foot choose', 441, 91, 6);
INSERT INTO song (song_id, album_id, name, duration_seconds, bpm, track_number) VALUES (4803, 644, 'Full', 208, 108, 7);
INSERT INTO song (song_id, album_id, name, duration_seconds, bpm, track_number) VALUES (4804, 644, 'Popular', 180, 91, 8);
INSERT INTO song (song_id, album_id, name, duration_seconds, bpm, track_number) VALUES (4805, 644, 'Laugh', 331, 159, 9);
INSERT INTO album (album_id, artist_id, title, release_year, created_at) VALUES (645, 329, 'Implemented homogeneous infrastructure', 2003, NOW());
INSERT INTO song (song_id, album_id, name, duration_seconds, bpm, track_number) VALUES (4806, 645, 'Together home specific', 228, 68, 1);
INSERT INTO song (song_id, album_id, name, duration_seconds, bpm, track_number) VALUES (4807, 645, 'Career ten', 241, 90, 2);
INSERT INTO song (song_id, album_id, name, duration_seconds, bpm, track_number) VALUES (4808, 645, 'National', 267, 95, 3);
INSERT INTO song (song_id, album_id, name, duration_seconds, bpm, track_number) VALUES (4809, 645, 'Concern treatment investment', 238, 152, 4);
INSERT INTO song (song_id, album_id, name, duration_seconds, bpm, track_number) VALUES (4810, 645, 'Military', 142, 71, 5);
INSERT INTO song (song_id, album_id, name, duration_seconds, bpm, track_number) VALUES (4811, 645, 'Manager hold', 281, 179, 6);
INSERT INTO song (song_id, album_id, name, duration_seconds, bpm, track_number) VALUES (4812, 645, 'Budget', 475, 171, 7);
INSERT INTO album (album_id, artist_id, title, release_year, created_at) VALUES (646, 329, 'Implemented grid-enabled service-desk', 1978, NOW());
INSERT INTO song (song_id, album_id, name, duration_seconds, bpm, track_number) VALUES (4813, 646, 'Shake without anything fish environment', 233, 168, 1);
INSERT INTO song (song_id, album_id, name, duration_seconds, bpm, track_number) VALUES (4814, 646, 'Article', 445, 83, 2);
INSERT INTO song (song_id, album_id, name, duration_seconds, bpm, track_number) VALUES (4815, 646, 'Develop', 194, 69, 3);
INSERT INTO song (song_id, album_id, name, duration_seconds, bpm, track_number) VALUES (4816, 646, 'Physical', 277, 76, 4);
INSERT INTO song (song_id, album_id, name, duration_seconds, bpm, track_number) VALUES (4817, 646, 'Next marriage', 386, 130, 5);
INSERT INTO song (song_id, album_id, name, duration_seconds, bpm, track_number) VALUES (4818, 646, 'Letter mean glass series', 198, 115, 6);
INSERT INTO song (song_id, album_id, name, duration_seconds, bpm, track_number) VALUES (4819, 646, 'Approach then director', 231, 163, 7);
INSERT INTO album (album_id, artist_id, title, release_year, created_at) VALUES (647, 330, 'Configurable demand-driven data-warehouse', 1989, NOW());
INSERT INTO song (song_id, album_id, name, duration_seconds, bpm, track_number) VALUES (4820, 647, 'Anyone', 239, 102, 1);
INSERT INTO song (song_id, album_id, name, duration_seconds, bpm, track_number) VALUES (4821, 647, 'Whom more a', 419, 126, 2);
INSERT INTO song (song_id, album_id, name, duration_seconds, bpm, track_number) VALUES (4822, 647, 'Always still', 136, 127, 3);
INSERT INTO song (song_id, album_id, name, duration_seconds, bpm, track_number) VALUES (4823, 647, 'State', 397, 100, 4);
INSERT INTO song (song_id, album_id, name, duration_seconds, bpm, track_number) VALUES (4824, 647, 'Election', 279, 125, 5);
INSERT INTO song (song_id, album_id, name, duration_seconds, bpm, track_number) VALUES (4825, 647, 'Compare easy', 270, 154, 6);
INSERT INTO album (album_id, artist_id, title, release_year, created_at) VALUES (648, 331, 'Synergized interactive task-force', 1978, NOW());
INSERT INTO song (song_id, album_id, name, duration_seconds, bpm, track_number) VALUES (4826, 648, 'Head', 194, 146, 1);
INSERT INTO song (song_id, album_id, name, duration_seconds, bpm, track_number) VALUES (4827, 648, 'Time might night Mrs term', 346, 124, 2);
INSERT INTO song (song_id, album_id, name, duration_seconds, bpm, track_number) VALUES (4828, 648, 'Work activity scientist surface', 302, 69, 3);
INSERT INTO song (song_id, album_id, name, duration_seconds, bpm, track_number) VALUES (4829, 648, 'Sea Republican your skill mission', 474, 133, 4);
INSERT INTO song (song_id, album_id, name, duration_seconds, bpm, track_number) VALUES (4830, 648, 'Force', 337, 102, 5);
INSERT INTO song (song_id, album_id, name, duration_seconds, bpm, track_number) VALUES (4831, 648, 'Newspaper', 243, 72, 6);
INSERT INTO song (song_id, album_id, name, duration_seconds, bpm, track_number) VALUES (4832, 648, 'Customer', 337, 155, 7);
INSERT INTO song (song_id, album_id, name, duration_seconds, bpm, track_number) VALUES (4833, 648, 'Education recently', 416, 154, 8);
INSERT INTO song (song_id, album_id, name, duration_seconds, bpm, track_number) VALUES (4834, 648, 'List part sell', 126, 115, 9);
INSERT INTO album (album_id, artist_id, title, release_year, created_at) VALUES (649, 332, 'Re-contextualized zero-defect core', 2007, NOW());
INSERT INTO song (song_id, album_id, name, duration_seconds, bpm, track_number) VALUES (4835, 649, 'Season question policy', 153, 64, 1);
INSERT INTO song (song_id, album_id, name, duration_seconds, bpm, track_number) VALUES (4836, 649, 'Price', 301, 94, 2);
INSERT INTO song (song_id, album_id, name, duration_seconds, bpm, track_number) VALUES (4837, 649, 'Quickly', 456, 165, 3);
INSERT INTO song (song_id, album_id, name, duration_seconds, bpm, track_number) VALUES (4838, 649, 'Paper', 479, 131, 4);
INSERT INTO song (song_id, album_id, name, duration_seconds, bpm, track_number) VALUES (4839, 649, 'Do', 249, 167, 5);
INSERT INTO album (album_id, artist_id, title, release_year, created_at) VALUES (650, 332, 'Digitized eco-centric orchestration', 1990, NOW());
INSERT INTO song (song_id, album_id, name, duration_seconds, bpm, track_number) VALUES (4840, 650, 'Painting', 138, 64, 1);
INSERT INTO song (song_id, album_id, name, duration_seconds, bpm, track_number) VALUES (4841, 650, 'Them', 170, 148, 2);
INSERT INTO song (song_id, album_id, name, duration_seconds, bpm, track_number) VALUES (4842, 650, 'Station nice decade', 462, 121, 3);
INSERT INTO song (song_id, album_id, name, duration_seconds, bpm, track_number) VALUES (4843, 650, 'Show', 385, 159, 4);
INSERT INTO song (song_id, album_id, name, duration_seconds, bpm, track_number) VALUES (4844, 650, 'Laugh fear modern activity', 219, 179, 5);
INSERT INTO song (song_id, album_id, name, duration_seconds, bpm, track_number) VALUES (4845, 650, 'Building traditional', 213, 167, 6);
INSERT INTO song (song_id, album_id, name, duration_seconds, bpm, track_number) VALUES (4846, 650, 'Range', 369, 139, 7);
INSERT INTO song (song_id, album_id, name, duration_seconds, bpm, track_number) VALUES (4847, 650, 'Mention', 302, 107, 8);
INSERT INTO album (album_id, artist_id, title, release_year, created_at) VALUES (651, 332, 'Compatible logistical forecast', 2004, NOW());
INSERT INTO song (song_id, album_id, name, duration_seconds, bpm, track_number) VALUES (4848, 651, 'Now', 153, 112, 1);
INSERT INTO song (song_id, album_id, name, duration_seconds, bpm, track_number) VALUES (4849, 651, 'In', 184, 177, 2);
INSERT INTO song (song_id, album_id, name, duration_seconds, bpm, track_number) VALUES (4850, 651, 'Fill case', 176, 73, 3);
INSERT INTO song (song_id, album_id, name, duration_seconds, bpm, track_number) VALUES (4851, 651, 'Impact', 209, 174, 4);
INSERT INTO song (song_id, album_id, name, duration_seconds, bpm, track_number) VALUES (4852, 651, 'Recognize', 449, 151, 5);
INSERT INTO song (song_id, album_id, name, duration_seconds, bpm, track_number) VALUES (4853, 651, 'Peace light', 295, 161, 6);
INSERT INTO song (song_id, album_id, name, duration_seconds, bpm, track_number) VALUES (4854, 651, 'Accept bar local theory', 150, 78, 7);
INSERT INTO song (song_id, album_id, name, duration_seconds, bpm, track_number) VALUES (4855, 651, 'Treatment color', 371, 169, 8);
INSERT INTO song (song_id, album_id, name, duration_seconds, bpm, track_number) VALUES (4856, 651, 'Town summer', 125, 139, 9);
INSERT INTO song (song_id, album_id, name, duration_seconds, bpm, track_number) VALUES (4857, 651, 'School', 416, 134, 10);
INSERT INTO album (album_id, artist_id, title, release_year, created_at) VALUES (652, 333, 'Proactive fault-tolerant algorithm', 1988, NOW());
INSERT INTO song (song_id, album_id, name, duration_seconds, bpm, track_number) VALUES (4858, 652, 'Beautiful that', 320, 148, 1);
INSERT INTO song (song_id, album_id, name, duration_seconds, bpm, track_number) VALUES (4859, 652, 'Mention', 396, 104, 2);
INSERT INTO song (song_id, album_id, name, duration_seconds, bpm, track_number) VALUES (4860, 652, 'Federal herself', 470, 63, 3);
INSERT INTO song (song_id, album_id, name, duration_seconds, bpm, track_number) VALUES (4861, 652, 'According generation', 217, 133, 4);
INSERT INTO song (song_id, album_id, name, duration_seconds, bpm, track_number) VALUES (4862, 652, 'Process', 415, 150, 5);
INSERT INTO album (album_id, artist_id, title, release_year, created_at) VALUES (653, 333, 'Switchable holistic capability', 1972, NOW());
INSERT INTO song (song_id, album_id, name, duration_seconds, bpm, track_number) VALUES (4863, 653, 'Of discover', 142, 160, 1);
INSERT INTO song (song_id, album_id, name, duration_seconds, bpm, track_number) VALUES (4864, 653, 'Stop article', 279, 134, 2);
INSERT INTO song (song_id, album_id, name, duration_seconds, bpm, track_number) VALUES (4865, 653, 'News until interest', 294, 169, 3);
INSERT INTO song (song_id, album_id, name, duration_seconds, bpm, track_number) VALUES (4866, 653, 'Student', 382, 114, 4);
INSERT INTO song (song_id, album_id, name, duration_seconds, bpm, track_number) VALUES (4867, 653, 'Adult out manage they', 422, 61, 5);
INSERT INTO song (song_id, album_id, name, duration_seconds, bpm, track_number) VALUES (4868, 653, 'Pattern', 240, 109, 6);
INSERT INTO song (song_id, album_id, name, duration_seconds, bpm, track_number) VALUES (4869, 653, 'Decade', 474, 76, 7);
INSERT INTO album (album_id, artist_id, title, release_year, created_at) VALUES (654, 333, 'Universal 24hour capacity', 2009, NOW());
INSERT INTO song (song_id, album_id, name, duration_seconds, bpm, track_number) VALUES (4870, 654, 'Tough will', 174, 108, 1);
INSERT INTO song (song_id, album_id, name, duration_seconds, bpm, track_number) VALUES (4871, 654, 'Believe close', 208, 91, 2);
INSERT INTO song (song_id, album_id, name, duration_seconds, bpm, track_number) VALUES (4872, 654, 'Senior clear', 456, 102, 3);
INSERT INTO song (song_id, album_id, name, duration_seconds, bpm, track_number) VALUES (4873, 654, 'Enjoy level', 332, 66, 4);
INSERT INTO song (song_id, album_id, name, duration_seconds, bpm, track_number) VALUES (4874, 654, 'Us very shoulder every', 138, 140, 5);
INSERT INTO song (song_id, album_id, name, duration_seconds, bpm, track_number) VALUES (4875, 654, 'Middle store', 281, 176, 6);
INSERT INTO song (song_id, album_id, name, duration_seconds, bpm, track_number) VALUES (4876, 654, 'Form head', 120, 87, 7);
INSERT INTO album (album_id, artist_id, title, release_year, created_at) VALUES (655, 334, 'De-engineered heuristic attitude', 2010, NOW());
INSERT INTO song (song_id, album_id, name, duration_seconds, bpm, track_number) VALUES (4877, 655, 'Letter forward three', 308, 110, 1);
INSERT INTO song (song_id, album_id, name, duration_seconds, bpm, track_number) VALUES (4878, 655, 'Man', 309, 144, 2);
INSERT INTO song (song_id, album_id, name, duration_seconds, bpm, track_number) VALUES (4879, 655, 'Seven game huge likely laugh', 265, 124, 3);
INSERT INTO song (song_id, album_id, name, duration_seconds, bpm, track_number) VALUES (4880, 655, 'Finally position never', 327, 121, 4);
INSERT INTO song (song_id, album_id, name, duration_seconds, bpm, track_number) VALUES (4881, 655, 'Class middle certain', 240, 148, 5);
INSERT INTO song (song_id, album_id, name, duration_seconds, bpm, track_number) VALUES (4882, 655, 'Behind', 220, 77, 6);
INSERT INTO song (song_id, album_id, name, duration_seconds, bpm, track_number) VALUES (4883, 655, 'Others', 245, 97, 7);
INSERT INTO song (song_id, album_id, name, duration_seconds, bpm, track_number) VALUES (4884, 655, 'Short heavy ten', 147, 89, 8);
INSERT INTO song (song_id, album_id, name, duration_seconds, bpm, track_number) VALUES (4885, 655, 'Anything', 397, 174, 9);
INSERT INTO song (song_id, album_id, name, duration_seconds, bpm, track_number) VALUES (4886, 655, 'Force community similar stuff point', 263, 108, 10);
INSERT INTO album (album_id, artist_id, title, release_year, created_at) VALUES (656, 334, 'Re-engineered user-facing definition', 2011, NOW());
INSERT INTO song (song_id, album_id, name, duration_seconds, bpm, track_number) VALUES (4887, 656, 'Guy event', 129, 140, 1);
INSERT INTO song (song_id, album_id, name, duration_seconds, bpm, track_number) VALUES (4888, 656, 'Yet week dark experience finally', 364, 154, 2);
INSERT INTO song (song_id, album_id, name, duration_seconds, bpm, track_number) VALUES (4889, 656, 'Study foot', 450, 100, 3);
INSERT INTO song (song_id, album_id, name, duration_seconds, bpm, track_number) VALUES (4890, 656, 'Lay whose', 167, 130, 4);
INSERT INTO song (song_id, album_id, name, duration_seconds, bpm, track_number) VALUES (4891, 656, 'Clear north', 426, 110, 5);
INSERT INTO album (album_id, artist_id, title, release_year, created_at) VALUES (657, 335, 'Reverse-engineered full-range capability', 2013, NOW());
INSERT INTO song (song_id, album_id, name, duration_seconds, bpm, track_number) VALUES (4892, 657, 'Particular hour statement section', 313, 100, 1);
INSERT INTO song (song_id, album_id, name, duration_seconds, bpm, track_number) VALUES (4893, 657, 'General give month', 454, 68, 2);
INSERT INTO song (song_id, album_id, name, duration_seconds, bpm, track_number) VALUES (4894, 657, 'Difficult', 449, 83, 3);
INSERT INTO song (song_id, album_id, name, duration_seconds, bpm, track_number) VALUES (4895, 657, 'Child', 179, 125, 4);
INSERT INTO song (song_id, album_id, name, duration_seconds, bpm, track_number) VALUES (4896, 657, 'Minute', 309, 124, 5);
INSERT INTO song (song_id, album_id, name, duration_seconds, bpm, track_number) VALUES (4897, 657, 'College tree', 130, 178, 6);
INSERT INTO song (song_id, album_id, name, duration_seconds, bpm, track_number) VALUES (4898, 657, 'Newspaper guess whatever', 349, 146, 7);
INSERT INTO song (song_id, album_id, name, duration_seconds, bpm, track_number) VALUES (4899, 657, 'Why cup Republican couple animal', 282, 160, 8);
INSERT INTO album (album_id, artist_id, title, release_year, created_at) VALUES (658, 336, 'User-centric solution-oriented Graphic Interface', 1993, NOW());
INSERT INTO song (song_id, album_id, name, duration_seconds, bpm, track_number) VALUES (4900, 658, 'Bed', 390, 118, 1);
INSERT INTO song (song_id, album_id, name, duration_seconds, bpm, track_number) VALUES (4901, 658, 'Thus part', 462, 116, 2);
INSERT INTO song (song_id, album_id, name, duration_seconds, bpm, track_number) VALUES (4902, 658, 'Let action cover and forget', 202, 97, 3);
INSERT INTO song (song_id, album_id, name, duration_seconds, bpm, track_number) VALUES (4903, 658, 'Whole', 349, 122, 4);
INSERT INTO song (song_id, album_id, name, duration_seconds, bpm, track_number) VALUES (4904, 658, 'Necessary heart country', 394, 117, 5);
INSERT INTO song (song_id, album_id, name, duration_seconds, bpm, track_number) VALUES (4905, 658, 'Lot their', 444, 78, 6);
INSERT INTO song (song_id, album_id, name, duration_seconds, bpm, track_number) VALUES (4906, 658, 'Bill nature', 205, 169, 7);
INSERT INTO song (song_id, album_id, name, duration_seconds, bpm, track_number) VALUES (4907, 658, 'Sort', 424, 177, 8);
INSERT INTO song (song_id, album_id, name, duration_seconds, bpm, track_number) VALUES (4908, 658, 'American may study or west', 243, 65, 9);
INSERT INTO song (song_id, album_id, name, duration_seconds, bpm, track_number) VALUES (4909, 658, 'Source unit total', 366, 160, 10);
INSERT INTO album (album_id, artist_id, title, release_year, created_at) VALUES (659, 336, 'Monitored executive budgetary management', 1987, NOW());
INSERT INTO song (song_id, album_id, name, duration_seconds, bpm, track_number) VALUES (4910, 659, 'Spring democratic', 459, 126, 1);
INSERT INTO song (song_id, album_id, name, duration_seconds, bpm, track_number) VALUES (4911, 659, 'Old', 226, 129, 2);
INSERT INTO song (song_id, album_id, name, duration_seconds, bpm, track_number) VALUES (4912, 659, 'Enter government anything over', 423, 151, 3);
INSERT INTO song (song_id, album_id, name, duration_seconds, bpm, track_number) VALUES (4913, 659, 'Training', 251, 82, 4);
INSERT INTO song (song_id, album_id, name, duration_seconds, bpm, track_number) VALUES (4914, 659, 'Tv leg account pretty type', 171, 77, 5);
INSERT INTO song (song_id, album_id, name, duration_seconds, bpm, track_number) VALUES (4915, 659, 'Second', 245, 154, 6);
INSERT INTO song (song_id, album_id, name, duration_seconds, bpm, track_number) VALUES (4916, 659, 'Of', 323, 63, 7);
INSERT INTO song (song_id, album_id, name, duration_seconds, bpm, track_number) VALUES (4917, 659, 'Parent', 445, 63, 8);
INSERT INTO song (song_id, album_id, name, duration_seconds, bpm, track_number) VALUES (4918, 659, 'Agent place assume', 163, 70, 9);
INSERT INTO song (song_id, album_id, name, duration_seconds, bpm, track_number) VALUES (4919, 659, 'Open material', 193, 112, 10);
INSERT INTO album (album_id, artist_id, title, release_year, created_at) VALUES (660, 337, 'Switchable tangible productivity', 1973, NOW());
INSERT INTO song (song_id, album_id, name, duration_seconds, bpm, track_number) VALUES (4920, 660, 'Move forward deal deep', 327, 127, 1);
INSERT INTO song (song_id, album_id, name, duration_seconds, bpm, track_number) VALUES (4921, 660, 'Despite', 309, 159, 2);
INSERT INTO song (song_id, album_id, name, duration_seconds, bpm, track_number) VALUES (4922, 660, 'Himself business', 259, 101, 3);
INSERT INTO song (song_id, album_id, name, duration_seconds, bpm, track_number) VALUES (4923, 660, 'Understand stop', 183, 154, 4);
INSERT INTO song (song_id, album_id, name, duration_seconds, bpm, track_number) VALUES (4924, 660, 'Growth sort', 276, 85, 5);
INSERT INTO song (song_id, album_id, name, duration_seconds, bpm, track_number) VALUES (4925, 660, 'Star', 247, 163, 6);
INSERT INTO song (song_id, album_id, name, duration_seconds, bpm, track_number) VALUES (4926, 660, 'Eat most per job bring', 350, 64, 7);
INSERT INTO song (song_id, album_id, name, duration_seconds, bpm, track_number) VALUES (4927, 660, 'About', 410, 156, 8);
INSERT INTO song (song_id, album_id, name, duration_seconds, bpm, track_number) VALUES (4928, 660, 'Election south relate', 476, 173, 9);
INSERT INTO song (song_id, album_id, name, duration_seconds, bpm, track_number) VALUES (4929, 660, 'Allow', 359, 97, 10);
INSERT INTO album (album_id, artist_id, title, release_year, created_at) VALUES (661, 337, 'Public-key uniform forecast', 2005, NOW());
INSERT INTO song (song_id, album_id, name, duration_seconds, bpm, track_number) VALUES (4930, 661, 'Enough', 124, 167, 1);
INSERT INTO song (song_id, album_id, name, duration_seconds, bpm, track_number) VALUES (4931, 661, 'Edge paper card', 372, 155, 2);
INSERT INTO song (song_id, album_id, name, duration_seconds, bpm, track_number) VALUES (4932, 661, 'Chance imagine because American', 471, 109, 3);
INSERT INTO song (song_id, album_id, name, duration_seconds, bpm, track_number) VALUES (4933, 661, 'So sell', 256, 98, 4);
INSERT INTO song (song_id, album_id, name, duration_seconds, bpm, track_number) VALUES (4934, 661, 'Establish call', 343, 66, 5);
INSERT INTO song (song_id, album_id, name, duration_seconds, bpm, track_number) VALUES (4935, 661, 'Expert', 383, 97, 6);
INSERT INTO song (song_id, album_id, name, duration_seconds, bpm, track_number) VALUES (4936, 661, 'Rich thank value worry', 132, 153, 7);
INSERT INTO song (song_id, album_id, name, duration_seconds, bpm, track_number) VALUES (4937, 661, 'Administration cultural', 171, 154, 8);
INSERT INTO song (song_id, album_id, name, duration_seconds, bpm, track_number) VALUES (4938, 661, 'Color', 203, 68, 9);
INSERT INTO song (song_id, album_id, name, duration_seconds, bpm, track_number) VALUES (4939, 661, 'Room different', 367, 106, 10);
INSERT INTO album (album_id, artist_id, title, release_year, created_at) VALUES (662, 338, 'Multi-layered methodical model', 1976, NOW());
INSERT INTO song (song_id, album_id, name, duration_seconds, bpm, track_number) VALUES (4940, 662, 'Including protect without', 205, 113, 1);
INSERT INTO song (song_id, album_id, name, duration_seconds, bpm, track_number) VALUES (4941, 662, 'Suggest serious place', 364, 71, 2);
INSERT INTO song (song_id, album_id, name, duration_seconds, bpm, track_number) VALUES (4942, 662, 'Town against performance', 365, 91, 3);
INSERT INTO song (song_id, album_id, name, duration_seconds, bpm, track_number) VALUES (4943, 662, 'Expect', 224, 69, 4);
INSERT INTO song (song_id, album_id, name, duration_seconds, bpm, track_number) VALUES (4944, 662, 'Us these', 290, 82, 5);
INSERT INTO album (album_id, artist_id, title, release_year, created_at) VALUES (663, 338, 'Horizontal dynamic application', 2025, NOW());
INSERT INTO song (song_id, album_id, name, duration_seconds, bpm, track_number) VALUES (4945, 663, 'Out', 158, 125, 1);
INSERT INTO song (song_id, album_id, name, duration_seconds, bpm, track_number) VALUES (4946, 663, 'Job easy mouth open', 434, 93, 2);
INSERT INTO song (song_id, album_id, name, duration_seconds, bpm, track_number) VALUES (4947, 663, 'Million still ask', 190, 111, 3);
INSERT INTO song (song_id, album_id, name, duration_seconds, bpm, track_number) VALUES (4948, 663, 'Article', 429, 151, 4);
INSERT INTO song (song_id, album_id, name, duration_seconds, bpm, track_number) VALUES (4949, 663, 'Each pick', 130, 75, 5);
INSERT INTO song (song_id, album_id, name, duration_seconds, bpm, track_number) VALUES (4950, 663, 'Nothing', 471, 62, 6);
INSERT INTO song (song_id, album_id, name, duration_seconds, bpm, track_number) VALUES (4951, 663, 'Heart however blood', 388, 102, 7);
INSERT INTO song (song_id, album_id, name, duration_seconds, bpm, track_number) VALUES (4952, 663, 'Style democratic', 222, 147, 8);
INSERT INTO album (album_id, artist_id, title, release_year, created_at) VALUES (664, 338, 'Digitized multi-tasking alliance', 1983, NOW());
INSERT INTO song (song_id, album_id, name, duration_seconds, bpm, track_number) VALUES (4953, 664, 'Clearly usually', 204, 145, 1);
INSERT INTO song (song_id, album_id, name, duration_seconds, bpm, track_number) VALUES (4954, 664, 'Machine event', 381, 151, 2);
INSERT INTO song (song_id, album_id, name, duration_seconds, bpm, track_number) VALUES (4955, 664, 'Indeed bar', 189, 90, 3);
INSERT INTO song (song_id, album_id, name, duration_seconds, bpm, track_number) VALUES (4956, 664, 'Find', 367, 129, 4);
INSERT INTO song (song_id, album_id, name, duration_seconds, bpm, track_number) VALUES (4957, 664, 'Staff yes', 127, 174, 5);
INSERT INTO song (song_id, album_id, name, duration_seconds, bpm, track_number) VALUES (4958, 664, 'Western site check', 420, 62, 6);
INSERT INTO album (album_id, artist_id, title, release_year, created_at) VALUES (665, 339, 'Multi-layered client-server toolset', 1995, NOW());
INSERT INTO song (song_id, album_id, name, duration_seconds, bpm, track_number) VALUES (4959, 665, 'Maybe finally own child research', 346, 174, 1);
INSERT INTO song (song_id, album_id, name, duration_seconds, bpm, track_number) VALUES (4960, 665, 'Result item after leave floor', 461, 96, 2);
INSERT INTO song (song_id, album_id, name, duration_seconds, bpm, track_number) VALUES (4961, 665, 'Pick group significant power', 427, 104, 3);
INSERT INTO song (song_id, album_id, name, duration_seconds, bpm, track_number) VALUES (4962, 665, 'Ahead food buy', 467, 166, 4);
INSERT INTO song (song_id, album_id, name, duration_seconds, bpm, track_number) VALUES (4963, 665, 'Glass', 419, 62, 5);
INSERT INTO song (song_id, album_id, name, duration_seconds, bpm, track_number) VALUES (4964, 665, 'Explain', 354, 178, 6);
INSERT INTO song (song_id, album_id, name, duration_seconds, bpm, track_number) VALUES (4965, 665, 'No oil', 231, 104, 7);
INSERT INTO album (album_id, artist_id, title, release_year, created_at) VALUES (666, 339, 'Vision-oriented 4thgeneration structure', 1989, NOW());
INSERT INTO song (song_id, album_id, name, duration_seconds, bpm, track_number) VALUES (4966, 666, 'Effort chance Republican', 312, 62, 1);
INSERT INTO song (song_id, album_id, name, duration_seconds, bpm, track_number) VALUES (4967, 666, 'Read leave newspaper best', 404, 154, 2);
INSERT INTO song (song_id, album_id, name, duration_seconds, bpm, track_number) VALUES (4968, 666, 'Morning sing far bag', 425, 78, 3);
INSERT INTO song (song_id, album_id, name, duration_seconds, bpm, track_number) VALUES (4969, 666, 'Although scientist board probably', 134, 74, 4);
INSERT INTO song (song_id, album_id, name, duration_seconds, bpm, track_number) VALUES (4970, 666, 'Difficult', 191, 174, 5);
INSERT INTO song (song_id, album_id, name, duration_seconds, bpm, track_number) VALUES (4971, 666, 'Sign', 185, 122, 6);
INSERT INTO song (song_id, album_id, name, duration_seconds, bpm, track_number) VALUES (4972, 666, 'Likely give summer', 407, 118, 7);
INSERT INTO song (song_id, album_id, name, duration_seconds, bpm, track_number) VALUES (4973, 666, 'Somebody fall', 275, 131, 8);
INSERT INTO album (album_id, artist_id, title, release_year, created_at) VALUES (667, 340, 'Vision-oriented optimizing forecast', 2020, NOW());
INSERT INTO song (song_id, album_id, name, duration_seconds, bpm, track_number) VALUES (4974, 667, 'May everyone until', 237, 112, 1);
INSERT INTO song (song_id, album_id, name, duration_seconds, bpm, track_number) VALUES (4975, 667, 'Imagine indicate way example', 188, 155, 2);
INSERT INTO song (song_id, album_id, name, duration_seconds, bpm, track_number) VALUES (4976, 667, 'Night most', 124, 110, 3);
INSERT INTO song (song_id, album_id, name, duration_seconds, bpm, track_number) VALUES (4977, 667, 'Reason', 453, 116, 4);
INSERT INTO song (song_id, album_id, name, duration_seconds, bpm, track_number) VALUES (4978, 667, 'Body around analysis', 288, 127, 5);
INSERT INTO song (song_id, album_id, name, duration_seconds, bpm, track_number) VALUES (4979, 667, 'Film', 121, 85, 6);
INSERT INTO song (song_id, album_id, name, duration_seconds, bpm, track_number) VALUES (4980, 667, 'Down many', 428, 152, 7);
INSERT INTO album (album_id, artist_id, title, release_year, created_at) VALUES (668, 341, 'Assimilated optimal architecture', 2005, NOW());
INSERT INTO song (song_id, album_id, name, duration_seconds, bpm, track_number) VALUES (4981, 668, 'Whole south level wonder east', 238, 179, 1);
INSERT INTO song (song_id, album_id, name, duration_seconds, bpm, track_number) VALUES (4982, 668, 'Reality color', 377, 86, 2);
INSERT INTO song (song_id, album_id, name, duration_seconds, bpm, track_number) VALUES (4983, 668, 'Like forward', 447, 87, 3);
INSERT INTO song (song_id, album_id, name, duration_seconds, bpm, track_number) VALUES (4984, 668, 'Light', 396, 85, 4);
INSERT INTO song (song_id, album_id, name, duration_seconds, bpm, track_number) VALUES (4985, 668, 'Power attention vote pull high', 154, 175, 5);
INSERT INTO song (song_id, album_id, name, duration_seconds, bpm, track_number) VALUES (4986, 668, 'Toward present', 288, 70, 6);
INSERT INTO song (song_id, album_id, name, duration_seconds, bpm, track_number) VALUES (4987, 668, 'Election rather laugh', 199, 135, 7);
INSERT INTO song (song_id, album_id, name, duration_seconds, bpm, track_number) VALUES (4988, 668, 'Both push', 354, 137, 8);
INSERT INTO song (song_id, album_id, name, duration_seconds, bpm, track_number) VALUES (4989, 668, 'Remain price', 350, 132, 9);
INSERT INTO album (album_id, artist_id, title, release_year, created_at) VALUES (669, 341, 'Mandatory scalable concept', 2004, NOW());
INSERT INTO song (song_id, album_id, name, duration_seconds, bpm, track_number) VALUES (4990, 669, 'Responsibility stop', 186, 164, 1);
INSERT INTO song (song_id, album_id, name, duration_seconds, bpm, track_number) VALUES (4991, 669, 'Support admit direction', 258, 120, 2);
INSERT INTO song (song_id, album_id, name, duration_seconds, bpm, track_number) VALUES (4992, 669, 'Store education', 188, 162, 3);
INSERT INTO song (song_id, album_id, name, duration_seconds, bpm, track_number) VALUES (4993, 669, 'Worker walk ahead week', 151, 157, 4);
INSERT INTO song (song_id, album_id, name, duration_seconds, bpm, track_number) VALUES (4994, 669, 'Put', 215, 63, 5);
INSERT INTO song (song_id, album_id, name, duration_seconds, bpm, track_number) VALUES (4995, 669, 'Machine', 257, 113, 6);
INSERT INTO song (song_id, album_id, name, duration_seconds, bpm, track_number) VALUES (4996, 669, 'Hard compare image', 407, 72, 7);
INSERT INTO song (song_id, album_id, name, duration_seconds, bpm, track_number) VALUES (4997, 669, 'Eight', 218, 67, 8);
INSERT INTO song (song_id, album_id, name, duration_seconds, bpm, track_number) VALUES (4998, 669, 'Student become', 245, 94, 9);
INSERT INTO song (song_id, album_id, name, duration_seconds, bpm, track_number) VALUES (4999, 669, 'Area because hospital', 320, 113, 10);
INSERT INTO album (album_id, artist_id, title, release_year, created_at) VALUES (670, 342, 'Balanced disintermediate instruction set', 1989, NOW());
INSERT INTO song (song_id, album_id, name, duration_seconds, bpm, track_number) VALUES (5000, 670, 'Vote', 310, 171, 1);
INSERT INTO song (song_id, album_id, name, duration_seconds, bpm, track_number) VALUES (5001, 670, 'Various factor entire', 128, 166, 2);
INSERT INTO song (song_id, album_id, name, duration_seconds, bpm, track_number) VALUES (5002, 670, 'Whom exactly', 141, 148, 3);
INSERT INTO song (song_id, album_id, name, duration_seconds, bpm, track_number) VALUES (5003, 670, 'Positive', 219, 93, 4);
INSERT INTO song (song_id, album_id, name, duration_seconds, bpm, track_number) VALUES (5004, 670, 'Long peace history general', 389, 89, 5);
INSERT INTO song (song_id, album_id, name, duration_seconds, bpm, track_number) VALUES (5005, 670, 'Government require', 120, 167, 6);
INSERT INTO album (album_id, artist_id, title, release_year, created_at) VALUES (671, 343, 'Polarized exuding migration', 1988, NOW());
INSERT INTO song (song_id, album_id, name, duration_seconds, bpm, track_number) VALUES (5006, 671, 'Indeed view place', 202, 97, 1);
INSERT INTO song (song_id, album_id, name, duration_seconds, bpm, track_number) VALUES (5007, 671, 'Within if front', 389, 87, 2);
INSERT INTO song (song_id, album_id, name, duration_seconds, bpm, track_number) VALUES (5008, 671, 'Know life their', 472, 113, 3);
INSERT INTO song (song_id, album_id, name, duration_seconds, bpm, track_number) VALUES (5009, 671, 'Republican left', 228, 108, 4);
INSERT INTO song (song_id, album_id, name, duration_seconds, bpm, track_number) VALUES (5010, 671, 'Factor new a', 269, 86, 5);
INSERT INTO song (song_id, album_id, name, duration_seconds, bpm, track_number) VALUES (5011, 671, 'Now help listen around pressure', 134, 74, 6);
INSERT INTO song (song_id, album_id, name, duration_seconds, bpm, track_number) VALUES (5012, 671, 'Heart fire through event effect', 379, 75, 7);
INSERT INTO song (song_id, album_id, name, duration_seconds, bpm, track_number) VALUES (5013, 671, 'Represent director sing', 470, 109, 8);
INSERT INTO album (album_id, artist_id, title, release_year, created_at) VALUES (672, 343, 'Distributed even-keeled time-frame', 1987, NOW());
INSERT INTO song (song_id, album_id, name, duration_seconds, bpm, track_number) VALUES (5014, 672, 'Recent study us', 351, 98, 1);
INSERT INTO song (song_id, album_id, name, duration_seconds, bpm, track_number) VALUES (5015, 672, 'Education manager hospital detail amount', 471, 155, 2);
INSERT INTO song (song_id, album_id, name, duration_seconds, bpm, track_number) VALUES (5016, 672, 'Listen', 360, 70, 3);
INSERT INTO song (song_id, album_id, name, duration_seconds, bpm, track_number) VALUES (5017, 672, 'View', 367, 172, 4);
INSERT INTO song (song_id, album_id, name, duration_seconds, bpm, track_number) VALUES (5018, 672, 'So improve', 391, 128, 5);
INSERT INTO song (song_id, album_id, name, duration_seconds, bpm, track_number) VALUES (5019, 672, 'They', 261, 136, 6);
INSERT INTO song (song_id, album_id, name, duration_seconds, bpm, track_number) VALUES (5020, 672, 'Very possible lot', 277, 88, 7);
INSERT INTO song (song_id, album_id, name, duration_seconds, bpm, track_number) VALUES (5021, 672, 'Explain wide several', 306, 152, 8);
INSERT INTO song (song_id, album_id, name, duration_seconds, bpm, track_number) VALUES (5022, 672, 'Term', 400, 167, 9);
INSERT INTO album (album_id, artist_id, title, release_year, created_at) VALUES (673, 343, 'Reactive local circuit', 1972, NOW());
INSERT INTO song (song_id, album_id, name, duration_seconds, bpm, track_number) VALUES (5023, 673, 'West design', 150, 118, 1);
INSERT INTO song (song_id, album_id, name, duration_seconds, bpm, track_number) VALUES (5024, 673, 'Me production wish', 429, 124, 2);
INSERT INTO song (song_id, album_id, name, duration_seconds, bpm, track_number) VALUES (5025, 673, 'Stuff', 323, 156, 3);
INSERT INTO song (song_id, album_id, name, duration_seconds, bpm, track_number) VALUES (5026, 673, 'Glass teach difference', 310, 85, 4);
INSERT INTO song (song_id, album_id, name, duration_seconds, bpm, track_number) VALUES (5027, 673, 'Night', 434, 157, 5);
INSERT INTO album (album_id, artist_id, title, release_year, created_at) VALUES (674, 344, 'Automated bi-directional groupware', 1991, NOW());
INSERT INTO song (song_id, album_id, name, duration_seconds, bpm, track_number) VALUES (5028, 674, 'Drive likely final', 335, 90, 1);
INSERT INTO song (song_id, album_id, name, duration_seconds, bpm, track_number) VALUES (5029, 674, 'And represent concern coach', 185, 120, 2);
INSERT INTO song (song_id, album_id, name, duration_seconds, bpm, track_number) VALUES (5030, 674, 'Nature', 423, 141, 3);
INSERT INTO song (song_id, album_id, name, duration_seconds, bpm, track_number) VALUES (5031, 674, 'Structure', 211, 79, 4);
INSERT INTO song (song_id, album_id, name, duration_seconds, bpm, track_number) VALUES (5032, 674, 'Per region include', 370, 78, 5);
INSERT INTO song (song_id, album_id, name, duration_seconds, bpm, track_number) VALUES (5033, 674, 'Though eight bag', 476, 122, 6);
INSERT INTO song (song_id, album_id, name, duration_seconds, bpm, track_number) VALUES (5034, 674, 'Suggest', 212, 148, 7);
INSERT INTO song (song_id, album_id, name, duration_seconds, bpm, track_number) VALUES (5035, 674, 'Wind', 122, 152, 8);
INSERT INTO album (album_id, artist_id, title, release_year, created_at) VALUES (675, 344, 'Ergonomic exuding Internet solution', 2018, NOW());
INSERT INTO song (song_id, album_id, name, duration_seconds, bpm, track_number) VALUES (5036, 675, 'Environment scientist perhaps', 239, 171, 1);
INSERT INTO song (song_id, album_id, name, duration_seconds, bpm, track_number) VALUES (5037, 675, 'Federal', 154, 78, 2);
INSERT INTO song (song_id, album_id, name, duration_seconds, bpm, track_number) VALUES (5038, 675, 'Bank when offer', 235, 166, 3);
INSERT INTO song (song_id, album_id, name, duration_seconds, bpm, track_number) VALUES (5039, 675, 'Front price', 154, 127, 4);
INSERT INTO song (song_id, album_id, name, duration_seconds, bpm, track_number) VALUES (5040, 675, 'Board character activity him remember', 347, 166, 5);
INSERT INTO song (song_id, album_id, name, duration_seconds, bpm, track_number) VALUES (5041, 675, 'Figure laugh', 256, 135, 6);
INSERT INTO album (album_id, artist_id, title, release_year, created_at) VALUES (676, 344, 'Multi-lateral client-driven monitoring', 1977, NOW());
INSERT INTO song (song_id, album_id, name, duration_seconds, bpm, track_number) VALUES (5042, 676, 'Note', 182, 164, 1);
INSERT INTO song (song_id, album_id, name, duration_seconds, bpm, track_number) VALUES (5043, 676, 'Without early soon among', 193, 116, 2);
INSERT INTO song (song_id, album_id, name, duration_seconds, bpm, track_number) VALUES (5044, 676, 'Responsibility early', 254, 112, 3);
INSERT INTO song (song_id, album_id, name, duration_seconds, bpm, track_number) VALUES (5045, 676, 'Television above ok', 277, 144, 4);
INSERT INTO song (song_id, album_id, name, duration_seconds, bpm, track_number) VALUES (5046, 676, 'Again dinner', 232, 157, 5);
INSERT INTO song (song_id, album_id, name, duration_seconds, bpm, track_number) VALUES (5047, 676, 'One skin', 125, 150, 6);
INSERT INTO song (song_id, album_id, name, duration_seconds, bpm, track_number) VALUES (5048, 676, 'Sea represent', 242, 122, 7);
INSERT INTO album (album_id, artist_id, title, release_year, created_at) VALUES (677, 345, 'Customer-focused composite Local Area Network', 1987, NOW());
INSERT INTO song (song_id, album_id, name, duration_seconds, bpm, track_number) VALUES (5049, 677, 'Still weight', 251, 62, 1);
INSERT INTO song (song_id, album_id, name, duration_seconds, bpm, track_number) VALUES (5050, 677, 'Never', 215, 99, 2);
INSERT INTO song (song_id, album_id, name, duration_seconds, bpm, track_number) VALUES (5051, 677, 'Kid tonight', 363, 149, 3);
INSERT INTO song (song_id, album_id, name, duration_seconds, bpm, track_number) VALUES (5052, 677, 'Risk', 345, 131, 4);
INSERT INTO song (song_id, album_id, name, duration_seconds, bpm, track_number) VALUES (5053, 677, 'Catch', 204, 147, 5);
INSERT INTO song (song_id, album_id, name, duration_seconds, bpm, track_number) VALUES (5054, 677, 'Population relate form call', 254, 157, 6);
INSERT INTO album (album_id, artist_id, title, release_year, created_at) VALUES (678, 346, 'Implemented user-facing installation', 1998, NOW());
INSERT INTO song (song_id, album_id, name, duration_seconds, bpm, track_number) VALUES (5055, 678, 'Wear', 202, 106, 1);
INSERT INTO song (song_id, album_id, name, duration_seconds, bpm, track_number) VALUES (5056, 678, 'Summer least most on', 252, 154, 2);
INSERT INTO song (song_id, album_id, name, duration_seconds, bpm, track_number) VALUES (5057, 678, 'Fish', 371, 147, 3);
INSERT INTO song (song_id, album_id, name, duration_seconds, bpm, track_number) VALUES (5058, 678, 'Couple', 296, 163, 4);
INSERT INTO song (song_id, album_id, name, duration_seconds, bpm, track_number) VALUES (5059, 678, 'Back forget', 307, 104, 5);
INSERT INTO song (song_id, album_id, name, duration_seconds, bpm, track_number) VALUES (5060, 678, 'Think teach', 261, 130, 6);
INSERT INTO song (song_id, album_id, name, duration_seconds, bpm, track_number) VALUES (5061, 678, 'Face floor', 345, 107, 7);
INSERT INTO song (song_id, album_id, name, duration_seconds, bpm, track_number) VALUES (5062, 678, 'Development wear', 176, 88, 8);
INSERT INTO song (song_id, album_id, name, duration_seconds, bpm, track_number) VALUES (5063, 678, 'Food', 462, 99, 9);
INSERT INTO album (album_id, artist_id, title, release_year, created_at) VALUES (679, 346, 'Organized full-range standardization', 2016, NOW());
INSERT INTO song (song_id, album_id, name, duration_seconds, bpm, track_number) VALUES (5064, 679, 'Customer every', 361, 114, 1);
INSERT INTO song (song_id, album_id, name, duration_seconds, bpm, track_number) VALUES (5065, 679, 'Drive leg', 276, 94, 2);
INSERT INTO song (song_id, album_id, name, duration_seconds, bpm, track_number) VALUES (5066, 679, 'Modern whatever city', 375, 158, 3);
INSERT INTO song (song_id, album_id, name, duration_seconds, bpm, track_number) VALUES (5067, 679, 'Team', 415, 119, 4);
INSERT INTO song (song_id, album_id, name, duration_seconds, bpm, track_number) VALUES (5068, 679, 'Person spring college', 462, 63, 5);
INSERT INTO song (song_id, album_id, name, duration_seconds, bpm, track_number) VALUES (5069, 679, 'A', 337, 99, 6);
INSERT INTO song (song_id, album_id, name, duration_seconds, bpm, track_number) VALUES (5070, 679, 'Film', 139, 127, 7);
INSERT INTO song (song_id, album_id, name, duration_seconds, bpm, track_number) VALUES (5071, 679, 'Hand participant', 416, 177, 8);
INSERT INTO album (album_id, artist_id, title, release_year, created_at) VALUES (680, 346, 'Programmable maximized paradigm', 1995, NOW());
INSERT INTO song (song_id, album_id, name, duration_seconds, bpm, track_number) VALUES (5072, 680, 'To', 475, 97, 1);
INSERT INTO song (song_id, album_id, name, duration_seconds, bpm, track_number) VALUES (5073, 680, 'Which', 350, 172, 2);
INSERT INTO song (song_id, album_id, name, duration_seconds, bpm, track_number) VALUES (5074, 680, 'Anyone sport', 383, 79, 3);
INSERT INTO song (song_id, album_id, name, duration_seconds, bpm, track_number) VALUES (5075, 680, 'War prevent', 355, 116, 4);
INSERT INTO song (song_id, album_id, name, duration_seconds, bpm, track_number) VALUES (5076, 680, 'Type dark thought during', 410, 104, 5);
INSERT INTO song (song_id, album_id, name, duration_seconds, bpm, track_number) VALUES (5077, 680, 'Beyond ground', 291, 96, 6);
INSERT INTO song (song_id, album_id, name, duration_seconds, bpm, track_number) VALUES (5078, 680, 'Song sort magazine gun', 219, 95, 7);
INSERT INTO album (album_id, artist_id, title, release_year, created_at) VALUES (681, 347, 'Cross-group 24hour matrices', 1983, NOW());
INSERT INTO song (song_id, album_id, name, duration_seconds, bpm, track_number) VALUES (5079, 681, 'Low foreign', 203, 137, 1);
INSERT INTO song (song_id, album_id, name, duration_seconds, bpm, track_number) VALUES (5080, 681, 'Her while', 437, 111, 2);
INSERT INTO song (song_id, album_id, name, duration_seconds, bpm, track_number) VALUES (5081, 681, 'Event tend generation', 209, 82, 3);
INSERT INTO song (song_id, album_id, name, duration_seconds, bpm, track_number) VALUES (5082, 681, 'Wrong rich', 381, 127, 4);
INSERT INTO song (song_id, album_id, name, duration_seconds, bpm, track_number) VALUES (5083, 681, 'Organization tough statement', 464, 180, 5);
INSERT INTO song (song_id, album_id, name, duration_seconds, bpm, track_number) VALUES (5084, 681, 'The fish', 194, 108, 6);
INSERT INTO album (album_id, artist_id, title, release_year, created_at) VALUES (682, 347, 'Cross-group tertiary knowledgebase', 1979, NOW());
INSERT INTO song (song_id, album_id, name, duration_seconds, bpm, track_number) VALUES (5085, 682, 'Man especially wish', 355, 111, 1);
INSERT INTO song (song_id, album_id, name, duration_seconds, bpm, track_number) VALUES (5086, 682, 'Attention government customer', 185, 179, 2);
INSERT INTO song (song_id, album_id, name, duration_seconds, bpm, track_number) VALUES (5087, 682, 'Whose return he number', 171, 82, 3);
INSERT INTO song (song_id, album_id, name, duration_seconds, bpm, track_number) VALUES (5088, 682, 'Kid story campaign', 353, 167, 4);
INSERT INTO song (song_id, album_id, name, duration_seconds, bpm, track_number) VALUES (5089, 682, 'Grow', 178, 76, 5);
INSERT INTO song (song_id, album_id, name, duration_seconds, bpm, track_number) VALUES (5090, 682, 'Professor', 197, 108, 6);
INSERT INTO song (song_id, album_id, name, duration_seconds, bpm, track_number) VALUES (5091, 682, 'Full available', 232, 80, 7);
INSERT INTO album (album_id, artist_id, title, release_year, created_at) VALUES (683, 348, 'Phased motivating array', 1995, NOW());
INSERT INTO song (song_id, album_id, name, duration_seconds, bpm, track_number) VALUES (5092, 683, 'Station what allow', 175, 90, 1);
INSERT INTO song (song_id, album_id, name, duration_seconds, bpm, track_number) VALUES (5093, 683, 'Worker', 163, 163, 2);
INSERT INTO song (song_id, album_id, name, duration_seconds, bpm, track_number) VALUES (5094, 683, 'One', 289, 169, 3);
INSERT INTO song (song_id, album_id, name, duration_seconds, bpm, track_number) VALUES (5095, 683, 'Whom', 267, 132, 4);
INSERT INTO song (song_id, album_id, name, duration_seconds, bpm, track_number) VALUES (5096, 683, 'Model', 175, 77, 5);
INSERT INTO song (song_id, album_id, name, duration_seconds, bpm, track_number) VALUES (5097, 683, 'Over born similar drive me', 213, 74, 6);
INSERT INTO song (song_id, album_id, name, duration_seconds, bpm, track_number) VALUES (5098, 683, 'Upon', 257, 77, 7);
INSERT INTO song (song_id, album_id, name, duration_seconds, bpm, track_number) VALUES (5099, 683, 'Job so area', 179, 161, 8);
INSERT INTO song (song_id, album_id, name, duration_seconds, bpm, track_number) VALUES (5100, 683, 'Thought gas', 318, 81, 9);
INSERT INTO song (song_id, album_id, name, duration_seconds, bpm, track_number) VALUES (5101, 683, 'End', 480, 141, 10);
INSERT INTO album (album_id, artist_id, title, release_year, created_at) VALUES (684, 348, 'Inverse encompassing adapter', 1974, NOW());
INSERT INTO song (song_id, album_id, name, duration_seconds, bpm, track_number) VALUES (5102, 684, 'Stuff', 406, 92, 1);
INSERT INTO song (song_id, album_id, name, duration_seconds, bpm, track_number) VALUES (5103, 684, 'Past', 204, 158, 2);
INSERT INTO song (song_id, album_id, name, duration_seconds, bpm, track_number) VALUES (5104, 684, 'Kitchen seat green', 439, 104, 3);
INSERT INTO song (song_id, album_id, name, duration_seconds, bpm, track_number) VALUES (5105, 684, 'Go', 398, 121, 4);
INSERT INTO song (song_id, album_id, name, duration_seconds, bpm, track_number) VALUES (5106, 684, 'Peace speak', 303, 158, 5);
INSERT INTO album (album_id, artist_id, title, release_year, created_at) VALUES (685, 349, 'Customizable eco-centric leverage', 2015, NOW());
INSERT INTO song (song_id, album_id, name, duration_seconds, bpm, track_number) VALUES (5107, 685, 'Middle huge', 379, 158, 1);
INSERT INTO song (song_id, album_id, name, duration_seconds, bpm, track_number) VALUES (5108, 685, 'Television soon develop', 317, 105, 2);
INSERT INTO song (song_id, album_id, name, duration_seconds, bpm, track_number) VALUES (5109, 685, 'Clearly', 287, 77, 3);
INSERT INTO song (song_id, album_id, name, duration_seconds, bpm, track_number) VALUES (5110, 685, 'Able establish place dark outside', 469, 156, 4);
INSERT INTO song (song_id, album_id, name, duration_seconds, bpm, track_number) VALUES (5111, 685, 'Military debate', 280, 66, 5);
INSERT INTO album (album_id, artist_id, title, release_year, created_at) VALUES (686, 349, 'Future-proofed mobile strategy', 1976, NOW());
INSERT INTO song (song_id, album_id, name, duration_seconds, bpm, track_number) VALUES (5112, 686, 'Me stage place next kitchen', 477, 87, 1);
INSERT INTO song (song_id, album_id, name, duration_seconds, bpm, track_number) VALUES (5113, 686, 'Others until it', 433, 101, 2);
INSERT INTO song (song_id, album_id, name, duration_seconds, bpm, track_number) VALUES (5114, 686, 'Pay community we would even', 365, 87, 3);
INSERT INTO song (song_id, album_id, name, duration_seconds, bpm, track_number) VALUES (5115, 686, 'Really', 355, 60, 4);
INSERT INTO song (song_id, album_id, name, duration_seconds, bpm, track_number) VALUES (5116, 686, 'Everything', 148, 72, 5);
INSERT INTO song (song_id, album_id, name, duration_seconds, bpm, track_number) VALUES (5117, 686, 'Store store time', 260, 79, 6);
INSERT INTO album (album_id, artist_id, title, release_year, created_at) VALUES (687, 349, 'Focused intangible circuit', 1982, NOW());
INSERT INTO song (song_id, album_id, name, duration_seconds, bpm, track_number) VALUES (5118, 687, 'Huge will', 378, 117, 1);
INSERT INTO song (song_id, album_id, name, duration_seconds, bpm, track_number) VALUES (5119, 687, 'Likely imagine community program', 139, 180, 2);
INSERT INTO song (song_id, album_id, name, duration_seconds, bpm, track_number) VALUES (5120, 687, 'Right security', 442, 166, 3);
INSERT INTO song (song_id, album_id, name, duration_seconds, bpm, track_number) VALUES (5121, 687, 'Which control', 179, 128, 4);
INSERT INTO song (song_id, album_id, name, duration_seconds, bpm, track_number) VALUES (5122, 687, 'Which today', 368, 74, 5);
INSERT INTO album (album_id, artist_id, title, release_year, created_at) VALUES (688, 350, 'Synergized directional portal', 1997, NOW());
INSERT INTO song (song_id, album_id, name, duration_seconds, bpm, track_number) VALUES (5123, 688, 'Baby', 371, 107, 1);
INSERT INTO song (song_id, album_id, name, duration_seconds, bpm, track_number) VALUES (5124, 688, 'Window', 446, 129, 2);
INSERT INTO song (song_id, album_id, name, duration_seconds, bpm, track_number) VALUES (5125, 688, 'Environmental share surface crime', 215, 92, 3);
INSERT INTO song (song_id, album_id, name, duration_seconds, bpm, track_number) VALUES (5126, 688, 'Receive', 470, 115, 4);
INSERT INTO song (song_id, album_id, name, duration_seconds, bpm, track_number) VALUES (5127, 688, 'Quickly', 121, 158, 5);
INSERT INTO song (song_id, album_id, name, duration_seconds, bpm, track_number) VALUES (5128, 688, 'Could', 136, 115, 6);
INSERT INTO album (album_id, artist_id, title, release_year, created_at) VALUES (689, 350, 'Extended directional project', 1979, NOW());
INSERT INTO song (song_id, album_id, name, duration_seconds, bpm, track_number) VALUES (5129, 689, 'Newspaper central', 398, 112, 1);
INSERT INTO song (song_id, album_id, name, duration_seconds, bpm, track_number) VALUES (5130, 689, 'Generation you stand', 425, 168, 2);
INSERT INTO song (song_id, album_id, name, duration_seconds, bpm, track_number) VALUES (5131, 689, 'Enjoy fill', 256, 152, 3);
INSERT INTO song (song_id, album_id, name, duration_seconds, bpm, track_number) VALUES (5132, 689, 'Current', 143, 75, 4);
INSERT INTO song (song_id, album_id, name, duration_seconds, bpm, track_number) VALUES (5133, 689, 'Edge', 204, 82, 5);
INSERT INTO album (album_id, artist_id, title, release_year, created_at) VALUES (690, 350, 'Right-sized user-facing migration', 2002, NOW());
INSERT INTO song (song_id, album_id, name, duration_seconds, bpm, track_number) VALUES (5134, 690, 'Discussion north drug process against', 352, 166, 1);
INSERT INTO song (song_id, album_id, name, duration_seconds, bpm, track_number) VALUES (5135, 690, 'Society start computer', 129, 106, 2);
INSERT INTO song (song_id, album_id, name, duration_seconds, bpm, track_number) VALUES (5136, 690, 'Which field clear listen', 280, 151, 3);
INSERT INTO song (song_id, album_id, name, duration_seconds, bpm, track_number) VALUES (5137, 690, 'Campaign', 408, 101, 4);
INSERT INTO song (song_id, album_id, name, duration_seconds, bpm, track_number) VALUES (5138, 690, 'Friend', 338, 163, 5);
INSERT INTO song (song_id, album_id, name, duration_seconds, bpm, track_number) VALUES (5139, 690, 'Stay', 121, 124, 6);
INSERT INTO song (song_id, album_id, name, duration_seconds, bpm, track_number) VALUES (5140, 690, 'At building cultural garden', 226, 139, 7);
INSERT INTO song (song_id, album_id, name, duration_seconds, bpm, track_number) VALUES (5141, 690, 'House', 418, 103, 8);
INSERT INTO song (song_id, album_id, name, duration_seconds, bpm, track_number) VALUES (5142, 690, 'Field', 309, 109, 9);
INSERT INTO song (song_id, album_id, name, duration_seconds, bpm, track_number) VALUES (5143, 690, 'Seat nature', 353, 66, 10);
INSERT INTO album (album_id, artist_id, title, release_year, created_at) VALUES (691, 351, 'Monitored mobile orchestration', 2009, NOW());
INSERT INTO song (song_id, album_id, name, duration_seconds, bpm, track_number) VALUES (5144, 691, 'Oil wrong address month', 417, 137, 1);
INSERT INTO song (song_id, album_id, name, duration_seconds, bpm, track_number) VALUES (5145, 691, 'Time hit each machine', 278, 120, 2);
INSERT INTO song (song_id, album_id, name, duration_seconds, bpm, track_number) VALUES (5146, 691, 'Maybe remember series political once', 436, 106, 3);
INSERT INTO song (song_id, album_id, name, duration_seconds, bpm, track_number) VALUES (5147, 691, 'Either set', 326, 70, 4);
INSERT INTO song (song_id, album_id, name, duration_seconds, bpm, track_number) VALUES (5148, 691, 'Design', 297, 124, 5);
INSERT INTO album (album_id, artist_id, title, release_year, created_at) VALUES (692, 351, 'Synergistic bi-directional encryption', 1978, NOW());
INSERT INTO song (song_id, album_id, name, duration_seconds, bpm, track_number) VALUES (5149, 692, 'Hard', 155, 143, 1);
INSERT INTO song (song_id, album_id, name, duration_seconds, bpm, track_number) VALUES (5150, 692, 'Ok operation', 450, 92, 2);
INSERT INTO song (song_id, album_id, name, duration_seconds, bpm, track_number) VALUES (5151, 692, 'City never', 332, 79, 3);
INSERT INTO song (song_id, album_id, name, duration_seconds, bpm, track_number) VALUES (5152, 692, 'Fact level message', 171, 139, 4);
INSERT INTO song (song_id, album_id, name, duration_seconds, bpm, track_number) VALUES (5153, 692, 'Better', 410, 126, 5);
INSERT INTO song (song_id, album_id, name, duration_seconds, bpm, track_number) VALUES (5154, 692, 'Student', 149, 151, 6);
INSERT INTO song (song_id, album_id, name, duration_seconds, bpm, track_number) VALUES (5155, 692, 'Position', 466, 152, 7);
INSERT INTO song (song_id, album_id, name, duration_seconds, bpm, track_number) VALUES (5156, 692, 'But success', 425, 97, 8);
INSERT INTO song (song_id, album_id, name, duration_seconds, bpm, track_number) VALUES (5157, 692, 'Chair', 470, 82, 9);
INSERT INTO song (song_id, album_id, name, duration_seconds, bpm, track_number) VALUES (5158, 692, 'House', 328, 82, 10);
INSERT INTO album (album_id, artist_id, title, release_year, created_at) VALUES (693, 351, 'Realigned analyzing conglomeration', 1992, NOW());
INSERT INTO song (song_id, album_id, name, duration_seconds, bpm, track_number) VALUES (5159, 693, 'Argue tend', 166, 143, 1);
INSERT INTO song (song_id, album_id, name, duration_seconds, bpm, track_number) VALUES (5160, 693, 'Fight', 184, 78, 2);
INSERT INTO song (song_id, album_id, name, duration_seconds, bpm, track_number) VALUES (5161, 693, 'Figure', 321, 75, 3);
INSERT INTO song (song_id, album_id, name, duration_seconds, bpm, track_number) VALUES (5162, 693, 'Give shake', 323, 66, 4);
INSERT INTO song (song_id, album_id, name, duration_seconds, bpm, track_number) VALUES (5163, 693, 'Growth', 219, 166, 5);
INSERT INTO song (song_id, album_id, name, duration_seconds, bpm, track_number) VALUES (5164, 693, 'Government', 353, 116, 6);
INSERT INTO song (song_id, album_id, name, duration_seconds, bpm, track_number) VALUES (5165, 693, 'Challenge toward me', 420, 169, 7);
INSERT INTO song (song_id, album_id, name, duration_seconds, bpm, track_number) VALUES (5166, 693, 'Explain radio', 301, 85, 8);
INSERT INTO song (song_id, album_id, name, duration_seconds, bpm, track_number) VALUES (5167, 693, 'Beat', 295, 172, 9);
INSERT INTO album (album_id, artist_id, title, release_year, created_at) VALUES (694, 352, 'Re-contextualized analyzing Internet solution', 1970, NOW());
INSERT INTO song (song_id, album_id, name, duration_seconds, bpm, track_number) VALUES (5168, 694, 'Young eat', 369, 149, 1);
INSERT INTO song (song_id, album_id, name, duration_seconds, bpm, track_number) VALUES (5169, 694, 'Reality what', 188, 126, 2);
INSERT INTO song (song_id, album_id, name, duration_seconds, bpm, track_number) VALUES (5170, 694, 'Eye side', 355, 94, 3);
INSERT INTO song (song_id, album_id, name, duration_seconds, bpm, track_number) VALUES (5171, 694, 'Try player', 332, 91, 4);
INSERT INTO song (song_id, album_id, name, duration_seconds, bpm, track_number) VALUES (5172, 694, 'Money wish clear', 377, 138, 5);
INSERT INTO song (song_id, album_id, name, duration_seconds, bpm, track_number) VALUES (5173, 694, 'Defense kind', 383, 84, 6);
INSERT INTO album (album_id, artist_id, title, release_year, created_at) VALUES (695, 352, 'Decentralized systemic migration', 1987, NOW());
INSERT INTO song (song_id, album_id, name, duration_seconds, bpm, track_number) VALUES (5174, 695, 'Sell', 175, 79, 1);
INSERT INTO song (song_id, album_id, name, duration_seconds, bpm, track_number) VALUES (5175, 695, 'Seat', 359, 132, 2);
INSERT INTO song (song_id, album_id, name, duration_seconds, bpm, track_number) VALUES (5176, 695, 'Full ago', 275, 139, 3);
INSERT INTO song (song_id, album_id, name, duration_seconds, bpm, track_number) VALUES (5177, 695, 'Everyone goal', 476, 145, 4);
INSERT INTO song (song_id, album_id, name, duration_seconds, bpm, track_number) VALUES (5178, 695, 'Majority', 433, 67, 5);
INSERT INTO song (song_id, album_id, name, duration_seconds, bpm, track_number) VALUES (5179, 695, 'Size', 139, 85, 6);
INSERT INTO song (song_id, album_id, name, duration_seconds, bpm, track_number) VALUES (5180, 695, 'Agent live', 379, 160, 7);
INSERT INTO album (album_id, artist_id, title, release_year, created_at) VALUES (696, 352, 'Advanced global collaboration', 2023, NOW());
INSERT INTO song (song_id, album_id, name, duration_seconds, bpm, track_number) VALUES (5181, 696, 'Health', 286, 135, 1);
INSERT INTO song (song_id, album_id, name, duration_seconds, bpm, track_number) VALUES (5182, 696, 'Hope type special contain reflect', 207, 123, 2);
INSERT INTO song (song_id, album_id, name, duration_seconds, bpm, track_number) VALUES (5183, 696, 'Conference carry economic look', 454, 145, 3);
INSERT INTO song (song_id, album_id, name, duration_seconds, bpm, track_number) VALUES (5184, 696, 'Body beautiful', 351, 130, 4);
INSERT INTO song (song_id, album_id, name, duration_seconds, bpm, track_number) VALUES (5185, 696, 'Modern', 351, 143, 5);
INSERT INTO song (song_id, album_id, name, duration_seconds, bpm, track_number) VALUES (5186, 696, 'Decade box simple', 219, 143, 6);
INSERT INTO song (song_id, album_id, name, duration_seconds, bpm, track_number) VALUES (5187, 696, 'Partner', 157, 180, 7);
INSERT INTO song (song_id, album_id, name, duration_seconds, bpm, track_number) VALUES (5188, 696, 'History series full quality fall', 393, 101, 8);
INSERT INTO song (song_id, album_id, name, duration_seconds, bpm, track_number) VALUES (5189, 696, 'Away reach then black', 377, 90, 9);
INSERT INTO album (album_id, artist_id, title, release_year, created_at) VALUES (697, 353, 'Triple-buffered zero-defect open architecture', 1977, NOW());
INSERT INTO song (song_id, album_id, name, duration_seconds, bpm, track_number) VALUES (5190, 697, 'Debate', 138, 110, 1);
INSERT INTO song (song_id, album_id, name, duration_seconds, bpm, track_number) VALUES (5191, 697, 'Learn should', 197, 139, 2);
INSERT INTO song (song_id, album_id, name, duration_seconds, bpm, track_number) VALUES (5192, 697, 'Task play', 425, 134, 3);
INSERT INTO song (song_id, album_id, name, duration_seconds, bpm, track_number) VALUES (5193, 697, 'Throw debate', 414, 177, 4);
INSERT INTO song (song_id, album_id, name, duration_seconds, bpm, track_number) VALUES (5194, 697, 'Six', 175, 144, 5);
INSERT INTO song (song_id, album_id, name, duration_seconds, bpm, track_number) VALUES (5195, 697, 'Authority tend', 214, 133, 6);
INSERT INTO song (song_id, album_id, name, duration_seconds, bpm, track_number) VALUES (5196, 697, 'International test fear', 345, 97, 7);
INSERT INTO song (song_id, album_id, name, duration_seconds, bpm, track_number) VALUES (5197, 697, 'Reach', 254, 91, 8);
INSERT INTO song (song_id, album_id, name, duration_seconds, bpm, track_number) VALUES (5198, 697, 'Town investment', 431, 136, 9);
INSERT INTO song (song_id, album_id, name, duration_seconds, bpm, track_number) VALUES (5199, 697, 'American', 267, 139, 10);
INSERT INTO album (album_id, artist_id, title, release_year, created_at) VALUES (698, 354, 'Multi-tiered uniform flexibility', 1980, NOW());
INSERT INTO song (song_id, album_id, name, duration_seconds, bpm, track_number) VALUES (5200, 698, 'Others', 235, 95, 1);
INSERT INTO song (song_id, album_id, name, duration_seconds, bpm, track_number) VALUES (5201, 698, 'Dream you', 154, 164, 2);
INSERT INTO song (song_id, album_id, name, duration_seconds, bpm, track_number) VALUES (5202, 698, 'Chair tough', 276, 160, 3);
INSERT INTO song (song_id, album_id, name, duration_seconds, bpm, track_number) VALUES (5203, 698, 'Indeed', 193, 139, 4);
INSERT INTO song (song_id, album_id, name, duration_seconds, bpm, track_number) VALUES (5204, 698, 'Fact since', 430, 79, 5);
INSERT INTO song (song_id, album_id, name, duration_seconds, bpm, track_number) VALUES (5205, 698, 'Ask', 382, 123, 6);
INSERT INTO song (song_id, album_id, name, duration_seconds, bpm, track_number) VALUES (5206, 698, 'Case company', 168, 167, 7);
INSERT INTO album (album_id, artist_id, title, release_year, created_at) VALUES (699, 354, 'Visionary next generation toolset', 2003, NOW());
INSERT INTO song (song_id, album_id, name, duration_seconds, bpm, track_number) VALUES (5207, 699, 'Many', 436, 139, 1);
INSERT INTO song (song_id, album_id, name, duration_seconds, bpm, track_number) VALUES (5208, 699, 'Onto attention', 474, 146, 2);
INSERT INTO song (song_id, album_id, name, duration_seconds, bpm, track_number) VALUES (5209, 699, 'Fine language', 249, 172, 3);
INSERT INTO song (song_id, album_id, name, duration_seconds, bpm, track_number) VALUES (5210, 699, 'Top', 292, 165, 4);
INSERT INTO song (song_id, album_id, name, duration_seconds, bpm, track_number) VALUES (5211, 699, 'Place bit', 144, 130, 5);
INSERT INTO song (song_id, album_id, name, duration_seconds, bpm, track_number) VALUES (5212, 699, 'Rate', 386, 136, 6);
INSERT INTO song (song_id, album_id, name, duration_seconds, bpm, track_number) VALUES (5213, 699, 'Little', 126, 101, 7);
INSERT INTO album (album_id, artist_id, title, release_year, created_at) VALUES (700, 354, 'Pre-emptive heuristic data-warehouse', 2011, NOW());
INSERT INTO song (song_id, album_id, name, duration_seconds, bpm, track_number) VALUES (5214, 700, 'Move section', 381, 175, 1);
INSERT INTO song (song_id, album_id, name, duration_seconds, bpm, track_number) VALUES (5215, 700, 'Economic he project represent thousand', 219, 97, 2);
INSERT INTO song (song_id, album_id, name, duration_seconds, bpm, track_number) VALUES (5216, 700, 'Win', 273, 127, 3);
INSERT INTO song (song_id, album_id, name, duration_seconds, bpm, track_number) VALUES (5217, 700, 'Paper yourself condition as', 126, 158, 4);
INSERT INTO song (song_id, album_id, name, duration_seconds, bpm, track_number) VALUES (5218, 700, 'Finally', 455, 142, 5);
INSERT INTO song (song_id, album_id, name, duration_seconds, bpm, track_number) VALUES (5219, 700, 'Perhaps sit', 279, 160, 6);
INSERT INTO song (song_id, album_id, name, duration_seconds, bpm, track_number) VALUES (5220, 700, 'Far', 174, 167, 7);
INSERT INTO album (album_id, artist_id, title, release_year, created_at) VALUES (701, 355, 'Monitored hybrid workforce', 2004, NOW());
INSERT INTO song (song_id, album_id, name, duration_seconds, bpm, track_number) VALUES (5221, 701, 'Not whole', 349, 147, 1);
INSERT INTO song (song_id, album_id, name, duration_seconds, bpm, track_number) VALUES (5222, 701, 'Choose staff voice question reveal', 138, 122, 2);
INSERT INTO song (song_id, album_id, name, duration_seconds, bpm, track_number) VALUES (5223, 701, 'Gas', 213, 98, 3);
INSERT INTO song (song_id, album_id, name, duration_seconds, bpm, track_number) VALUES (5224, 701, 'Positive wonder get through', 313, 114, 4);
INSERT INTO song (song_id, album_id, name, duration_seconds, bpm, track_number) VALUES (5225, 701, 'He yeah', 378, 136, 5);
INSERT INTO song (song_id, album_id, name, duration_seconds, bpm, track_number) VALUES (5226, 701, 'Expect usually financial', 198, 142, 6);
INSERT INTO song (song_id, album_id, name, duration_seconds, bpm, track_number) VALUES (5227, 701, 'Research', 251, 156, 7);
INSERT INTO album (album_id, artist_id, title, release_year, created_at) VALUES (702, 356, 'Front-line upward-trending ability', 2016, NOW());
INSERT INTO song (song_id, album_id, name, duration_seconds, bpm, track_number) VALUES (5228, 702, 'Push', 451, 71, 1);
INSERT INTO song (song_id, album_id, name, duration_seconds, bpm, track_number) VALUES (5229, 702, 'Peace', 357, 174, 2);
INSERT INTO song (song_id, album_id, name, duration_seconds, bpm, track_number) VALUES (5230, 702, 'Left', 206, 125, 3);
INSERT INTO song (song_id, album_id, name, duration_seconds, bpm, track_number) VALUES (5231, 702, 'Find', 314, 93, 4);
INSERT INTO song (song_id, album_id, name, duration_seconds, bpm, track_number) VALUES (5232, 702, 'Consider', 262, 68, 5);
INSERT INTO song (song_id, album_id, name, duration_seconds, bpm, track_number) VALUES (5233, 702, 'These', 402, 154, 6);
INSERT INTO song (song_id, album_id, name, duration_seconds, bpm, track_number) VALUES (5234, 702, 'Black soldier describe executive', 166, 118, 7);
INSERT INTO song (song_id, album_id, name, duration_seconds, bpm, track_number) VALUES (5235, 702, 'Her body leg', 295, 166, 8);
INSERT INTO song (song_id, album_id, name, duration_seconds, bpm, track_number) VALUES (5236, 702, 'Analysis', 178, 72, 9);
INSERT INTO song (song_id, album_id, name, duration_seconds, bpm, track_number) VALUES (5237, 702, 'Water edge stay', 197, 110, 10);
INSERT INTO album (album_id, artist_id, title, release_year, created_at) VALUES (703, 356, 'Sharable asymmetric toolset', 1993, NOW());
INSERT INTO song (song_id, album_id, name, duration_seconds, bpm, track_number) VALUES (5238, 703, 'So participant green cold', 202, 99, 1);
INSERT INTO song (song_id, album_id, name, duration_seconds, bpm, track_number) VALUES (5239, 703, 'Special', 144, 109, 2);
INSERT INTO song (song_id, album_id, name, duration_seconds, bpm, track_number) VALUES (5240, 703, 'Energy data', 477, 125, 3);
INSERT INTO song (song_id, album_id, name, duration_seconds, bpm, track_number) VALUES (5241, 703, 'Surface threat economic', 182, 69, 4);
INSERT INTO song (song_id, album_id, name, duration_seconds, bpm, track_number) VALUES (5242, 703, 'Able', 122, 75, 5);
INSERT INTO song (song_id, album_id, name, duration_seconds, bpm, track_number) VALUES (5243, 703, 'Purpose', 364, 177, 6);
INSERT INTO song (song_id, album_id, name, duration_seconds, bpm, track_number) VALUES (5244, 703, 'Day fast guess case believe', 140, 121, 7);
INSERT INTO song (song_id, album_id, name, duration_seconds, bpm, track_number) VALUES (5245, 703, 'Along pretty act', 289, 69, 8);
INSERT INTO song (song_id, album_id, name, duration_seconds, bpm, track_number) VALUES (5246, 703, 'Lawyer', 454, 175, 9);
INSERT INTO song (song_id, album_id, name, duration_seconds, bpm, track_number) VALUES (5247, 703, 'Wide', 349, 150, 10);
INSERT INTO album (album_id, artist_id, title, release_year, created_at) VALUES (704, 357, 'Up-sized tangible parallelism', 2014, NOW());
INSERT INTO song (song_id, album_id, name, duration_seconds, bpm, track_number) VALUES (5248, 704, 'Painting camera', 170, 105, 1);
INSERT INTO song (song_id, album_id, name, duration_seconds, bpm, track_number) VALUES (5249, 704, 'Industry', 413, 134, 2);
INSERT INTO song (song_id, album_id, name, duration_seconds, bpm, track_number) VALUES (5250, 704, 'Product', 238, 95, 3);
INSERT INTO song (song_id, album_id, name, duration_seconds, bpm, track_number) VALUES (5251, 704, 'Clearly include hear performance', 310, 159, 4);
INSERT INTO song (song_id, album_id, name, duration_seconds, bpm, track_number) VALUES (5252, 704, 'Then rather article statement race', 479, 65, 5);
INSERT INTO song (song_id, album_id, name, duration_seconds, bpm, track_number) VALUES (5253, 704, 'We school happy', 404, 89, 6);
INSERT INTO album (album_id, artist_id, title, release_year, created_at) VALUES (705, 357, 'Re-engineered discrete collaboration', 1985, NOW());
INSERT INTO song (song_id, album_id, name, duration_seconds, bpm, track_number) VALUES (5254, 705, 'Political', 378, 81, 1);
INSERT INTO song (song_id, album_id, name, duration_seconds, bpm, track_number) VALUES (5255, 705, 'Decide', 389, 174, 2);
INSERT INTO song (song_id, album_id, name, duration_seconds, bpm, track_number) VALUES (5256, 705, 'Better', 258, 80, 3);
INSERT INTO song (song_id, album_id, name, duration_seconds, bpm, track_number) VALUES (5257, 705, 'Sure former', 139, 100, 4);
INSERT INTO song (song_id, album_id, name, duration_seconds, bpm, track_number) VALUES (5258, 705, 'Technology guy dinner', 297, 101, 5);
INSERT INTO song (song_id, album_id, name, duration_seconds, bpm, track_number) VALUES (5259, 705, 'Argue', 413, 72, 6);
INSERT INTO song (song_id, album_id, name, duration_seconds, bpm, track_number) VALUES (5260, 705, 'Cup size', 360, 124, 7);
INSERT INTO song (song_id, album_id, name, duration_seconds, bpm, track_number) VALUES (5261, 705, 'Almost', 273, 72, 8);
INSERT INTO song (song_id, album_id, name, duration_seconds, bpm, track_number) VALUES (5262, 705, 'Experience religious picture', 389, 67, 9);
INSERT INTO album (album_id, artist_id, title, release_year, created_at) VALUES (706, 358, 'Down-sized cohesive monitoring', 2012, NOW());
INSERT INTO song (song_id, album_id, name, duration_seconds, bpm, track_number) VALUES (5263, 706, 'That us prevent', 137, 64, 1);
INSERT INTO song (song_id, album_id, name, duration_seconds, bpm, track_number) VALUES (5264, 706, 'To', 419, 64, 2);
INSERT INTO song (song_id, album_id, name, duration_seconds, bpm, track_number) VALUES (5265, 706, 'Price five specific suddenly', 298, 86, 3);
INSERT INTO song (song_id, album_id, name, duration_seconds, bpm, track_number) VALUES (5266, 706, 'Indicate', 361, 93, 4);
INSERT INTO song (song_id, album_id, name, duration_seconds, bpm, track_number) VALUES (5267, 706, 'College even affect', 343, 85, 5);
INSERT INTO album (album_id, artist_id, title, release_year, created_at) VALUES (707, 358, 'Quality-focused human-resource forecast', 1983, NOW());
INSERT INTO song (song_id, album_id, name, duration_seconds, bpm, track_number) VALUES (5268, 707, 'Season wait', 295, 87, 1);
INSERT INTO song (song_id, album_id, name, duration_seconds, bpm, track_number) VALUES (5269, 707, 'Military', 250, 130, 2);
INSERT INTO song (song_id, album_id, name, duration_seconds, bpm, track_number) VALUES (5270, 707, 'Child stage top', 140, 163, 3);
INSERT INTO song (song_id, album_id, name, duration_seconds, bpm, track_number) VALUES (5271, 707, 'Drug ball', 479, 152, 4);
INSERT INTO song (song_id, album_id, name, duration_seconds, bpm, track_number) VALUES (5272, 707, 'It better', 325, 175, 5);
INSERT INTO album (album_id, artist_id, title, release_year, created_at) VALUES (708, 359, 'Organic discrete attitude', 1972, NOW());
INSERT INTO song (song_id, album_id, name, duration_seconds, bpm, track_number) VALUES (5273, 708, 'Author firm', 126, 112, 1);
INSERT INTO song (song_id, album_id, name, duration_seconds, bpm, track_number) VALUES (5274, 708, 'Find that', 262, 104, 2);
INSERT INTO song (song_id, album_id, name, duration_seconds, bpm, track_number) VALUES (5275, 708, 'Building deal', 272, 100, 3);
INSERT INTO song (song_id, album_id, name, duration_seconds, bpm, track_number) VALUES (5276, 708, 'System put nature consider audience', 211, 62, 4);
INSERT INTO song (song_id, album_id, name, duration_seconds, bpm, track_number) VALUES (5277, 708, 'Idea argue', 324, 147, 5);
INSERT INTO album (album_id, artist_id, title, release_year, created_at) VALUES (709, 359, 'Fully-configurable object-oriented contingency', 1984, NOW());
INSERT INTO song (song_id, album_id, name, duration_seconds, bpm, track_number) VALUES (5278, 709, 'Respond fast carry argue', 354, 155, 1);
INSERT INTO song (song_id, album_id, name, duration_seconds, bpm, track_number) VALUES (5279, 709, 'Thing', 180, 116, 2);
INSERT INTO song (song_id, album_id, name, duration_seconds, bpm, track_number) VALUES (5280, 709, 'Though watch once middle', 443, 75, 3);
INSERT INTO song (song_id, album_id, name, duration_seconds, bpm, track_number) VALUES (5281, 709, 'Gas', 186, 160, 4);
INSERT INTO song (song_id, album_id, name, duration_seconds, bpm, track_number) VALUES (5282, 709, 'Society stay type', 372, 104, 5);
INSERT INTO song (song_id, album_id, name, duration_seconds, bpm, track_number) VALUES (5283, 709, 'Keep father drug from', 475, 66, 6);
INSERT INTO song (song_id, album_id, name, duration_seconds, bpm, track_number) VALUES (5284, 709, 'Current', 380, 167, 7);
INSERT INTO song (song_id, album_id, name, duration_seconds, bpm, track_number) VALUES (5285, 709, 'New', 381, 152, 8);
INSERT INTO song (song_id, album_id, name, duration_seconds, bpm, track_number) VALUES (5286, 709, 'Into', 122, 121, 9);
INSERT INTO song (song_id, album_id, name, duration_seconds, bpm, track_number) VALUES (5287, 709, 'Window', 393, 156, 10);
INSERT INTO album (album_id, artist_id, title, release_year, created_at) VALUES (710, 359, 'Progressive 3rdgeneration application', 1979, NOW());
INSERT INTO song (song_id, album_id, name, duration_seconds, bpm, track_number) VALUES (5288, 710, 'Full even likely economy book', 467, 163, 1);
INSERT INTO song (song_id, album_id, name, duration_seconds, bpm, track_number) VALUES (5289, 710, 'Author receive than write most', 410, 112, 2);
INSERT INTO song (song_id, album_id, name, duration_seconds, bpm, track_number) VALUES (5290, 710, 'Claim everyone appear', 126, 95, 3);
INSERT INTO song (song_id, album_id, name, duration_seconds, bpm, track_number) VALUES (5291, 710, 'Save executive argue', 287, 145, 4);
INSERT INTO song (song_id, album_id, name, duration_seconds, bpm, track_number) VALUES (5292, 710, 'Significant', 358, 94, 5);
INSERT INTO album (album_id, artist_id, title, release_year, created_at) VALUES (711, 360, 'Intuitive non-volatile pricing structure', 1988, NOW());
INSERT INTO song (song_id, album_id, name, duration_seconds, bpm, track_number) VALUES (5293, 711, 'Together imagine door', 156, 155, 1);
INSERT INTO song (song_id, album_id, name, duration_seconds, bpm, track_number) VALUES (5294, 711, 'Around heart society drive yes', 170, 164, 2);
INSERT INTO song (song_id, album_id, name, duration_seconds, bpm, track_number) VALUES (5295, 711, 'Officer', 305, 112, 3);
INSERT INTO song (song_id, album_id, name, duration_seconds, bpm, track_number) VALUES (5296, 711, 'White blood', 466, 127, 4);
INSERT INTO song (song_id, album_id, name, duration_seconds, bpm, track_number) VALUES (5297, 711, 'Specific collection air whom speech', 384, 177, 5);
INSERT INTO album (album_id, artist_id, title, release_year, created_at) VALUES (712, 360, 'Implemented responsive toolset', 2011, NOW());
INSERT INTO song (song_id, album_id, name, duration_seconds, bpm, track_number) VALUES (5298, 712, 'Significant', 198, 115, 1);
INSERT INTO song (song_id, album_id, name, duration_seconds, bpm, track_number) VALUES (5299, 712, 'Art high stuff', 296, 163, 2);
INSERT INTO song (song_id, album_id, name, duration_seconds, bpm, track_number) VALUES (5300, 712, 'Back kid move', 429, 70, 3);
INSERT INTO song (song_id, album_id, name, duration_seconds, bpm, track_number) VALUES (5301, 712, 'Environmental move baby', 364, 61, 4);
INSERT INTO song (song_id, album_id, name, duration_seconds, bpm, track_number) VALUES (5302, 712, 'Season', 460, 141, 5);
INSERT INTO song (song_id, album_id, name, duration_seconds, bpm, track_number) VALUES (5303, 712, 'Which vote should', 273, 64, 6);
INSERT INTO song (song_id, album_id, name, duration_seconds, bpm, track_number) VALUES (5304, 712, 'Miss', 364, 122, 7);
INSERT INTO song (song_id, album_id, name, duration_seconds, bpm, track_number) VALUES (5305, 712, 'Dinner', 151, 89, 8);
INSERT INTO song (song_id, album_id, name, duration_seconds, bpm, track_number) VALUES (5306, 712, 'Never', 436, 152, 9);
INSERT INTO album (album_id, artist_id, title, release_year, created_at) VALUES (713, 361, 'Managed upward-trending migration', 1983, NOW());
INSERT INTO song (song_id, album_id, name, duration_seconds, bpm, track_number) VALUES (5307, 713, 'Kid', 223, 90, 1);
INSERT INTO song (song_id, album_id, name, duration_seconds, bpm, track_number) VALUES (5308, 713, 'His improve edge plan idea', 208, 157, 2);
INSERT INTO song (song_id, album_id, name, duration_seconds, bpm, track_number) VALUES (5309, 713, 'Space matter truth', 169, 83, 3);
INSERT INTO song (song_id, album_id, name, duration_seconds, bpm, track_number) VALUES (5310, 713, 'Kitchen', 216, 71, 4);
INSERT INTO song (song_id, album_id, name, duration_seconds, bpm, track_number) VALUES (5311, 713, 'North watch', 377, 117, 5);
INSERT INTO song (song_id, album_id, name, duration_seconds, bpm, track_number) VALUES (5312, 713, 'Upon', 230, 172, 6);
INSERT INTO song (song_id, album_id, name, duration_seconds, bpm, track_number) VALUES (5313, 713, 'Once', 476, 168, 7);
INSERT INTO album (album_id, artist_id, title, release_year, created_at) VALUES (714, 362, 'Universal coherent solution', 1983, NOW());
INSERT INTO song (song_id, album_id, name, duration_seconds, bpm, track_number) VALUES (5314, 714, 'Treat another PM character religious', 444, 110, 1);
INSERT INTO song (song_id, album_id, name, duration_seconds, bpm, track_number) VALUES (5315, 714, 'Buy', 189, 136, 2);
INSERT INTO song (song_id, album_id, name, duration_seconds, bpm, track_number) VALUES (5316, 714, 'Short cover', 214, 76, 3);
INSERT INTO song (song_id, album_id, name, duration_seconds, bpm, track_number) VALUES (5317, 714, 'Range clear', 276, 143, 4);
INSERT INTO song (song_id, album_id, name, duration_seconds, bpm, track_number) VALUES (5318, 714, 'That', 393, 168, 5);
INSERT INTO song (song_id, album_id, name, duration_seconds, bpm, track_number) VALUES (5319, 714, 'Seek', 223, 65, 6);
INSERT INTO song (song_id, album_id, name, duration_seconds, bpm, track_number) VALUES (5320, 714, 'Buy', 435, 73, 7);
INSERT INTO album (album_id, artist_id, title, release_year, created_at) VALUES (715, 363, 'Public-key non-volatile framework', 1984, NOW());
INSERT INTO song (song_id, album_id, name, duration_seconds, bpm, track_number) VALUES (5321, 715, 'Do coach', 463, 138, 1);
INSERT INTO song (song_id, album_id, name, duration_seconds, bpm, track_number) VALUES (5322, 715, 'Level interest sometimes', 415, 86, 2);
INSERT INTO song (song_id, album_id, name, duration_seconds, bpm, track_number) VALUES (5323, 715, 'Interesting financial when', 262, 125, 3);
INSERT INTO song (song_id, album_id, name, duration_seconds, bpm, track_number) VALUES (5324, 715, 'Day window PM', 354, 143, 4);
INSERT INTO song (song_id, album_id, name, duration_seconds, bpm, track_number) VALUES (5325, 715, 'Trade at', 401, 164, 5);
INSERT INTO song (song_id, album_id, name, duration_seconds, bpm, track_number) VALUES (5326, 715, 'Tree', 467, 159, 6);
INSERT INTO song (song_id, album_id, name, duration_seconds, bpm, track_number) VALUES (5327, 715, 'Area', 180, 167, 7);
INSERT INTO album (album_id, artist_id, title, release_year, created_at) VALUES (716, 364, 'Future-proofed contextually-based core', 2024, NOW());
INSERT INTO song (song_id, album_id, name, duration_seconds, bpm, track_number) VALUES (5328, 716, 'Prevent ten open', 268, 172, 1);
INSERT INTO song (song_id, album_id, name, duration_seconds, bpm, track_number) VALUES (5329, 716, 'Return', 342, 156, 2);
INSERT INTO song (song_id, album_id, name, duration_seconds, bpm, track_number) VALUES (5330, 716, 'Smile whatever', 163, 103, 3);
INSERT INTO song (song_id, album_id, name, duration_seconds, bpm, track_number) VALUES (5331, 716, 'While', 346, 81, 4);
INSERT INTO song (song_id, album_id, name, duration_seconds, bpm, track_number) VALUES (5332, 716, 'Floor no', 477, 92, 5);
INSERT INTO album (album_id, artist_id, title, release_year, created_at) VALUES (717, 364, 'Business-focused eco-centric implementation', 1990, NOW());
INSERT INTO song (song_id, album_id, name, duration_seconds, bpm, track_number) VALUES (5333, 717, 'Born return', 450, 150, 1);
INSERT INTO song (song_id, album_id, name, duration_seconds, bpm, track_number) VALUES (5334, 717, 'Two', 300, 90, 2);
INSERT INTO song (song_id, album_id, name, duration_seconds, bpm, track_number) VALUES (5335, 717, 'Draw', 293, 140, 3);
INSERT INTO song (song_id, album_id, name, duration_seconds, bpm, track_number) VALUES (5336, 717, 'Generation', 390, 161, 4);
INSERT INTO song (song_id, album_id, name, duration_seconds, bpm, track_number) VALUES (5337, 717, 'Tax wrong state relationship', 331, 72, 5);
INSERT INTO album (album_id, artist_id, title, release_year, created_at) VALUES (718, 364, 'Upgradable asynchronous neural-net', 1975, NOW());
INSERT INTO song (song_id, album_id, name, duration_seconds, bpm, track_number) VALUES (5338, 718, 'Accept', 470, 152, 1);
INSERT INTO song (song_id, album_id, name, duration_seconds, bpm, track_number) VALUES (5339, 718, 'Piece court', 334, 129, 2);
INSERT INTO song (song_id, album_id, name, duration_seconds, bpm, track_number) VALUES (5340, 718, 'They memory act', 245, 113, 3);
INSERT INTO song (song_id, album_id, name, duration_seconds, bpm, track_number) VALUES (5341, 718, 'Short staff anyone sure despite', 296, 135, 4);
INSERT INTO song (song_id, album_id, name, duration_seconds, bpm, track_number) VALUES (5342, 718, 'Idea in collection', 124, 77, 5);
INSERT INTO album (album_id, artist_id, title, release_year, created_at) VALUES (719, 365, 'User-friendly systemic benchmark', 2017, NOW());
INSERT INTO song (song_id, album_id, name, duration_seconds, bpm, track_number) VALUES (5343, 719, 'Poor', 346, 81, 1);
INSERT INTO song (song_id, album_id, name, duration_seconds, bpm, track_number) VALUES (5344, 719, 'Between parent', 216, 145, 2);
INSERT INTO song (song_id, album_id, name, duration_seconds, bpm, track_number) VALUES (5345, 719, 'Interest', 186, 176, 3);
INSERT INTO song (song_id, album_id, name, duration_seconds, bpm, track_number) VALUES (5346, 719, 'Oil think others', 329, 89, 4);
INSERT INTO song (song_id, album_id, name, duration_seconds, bpm, track_number) VALUES (5347, 719, 'Rich', 324, 121, 5);
INSERT INTO album (album_id, artist_id, title, release_year, created_at) VALUES (720, 365, 'User-friendly actuating system engine', 1991, NOW());
INSERT INTO song (song_id, album_id, name, duration_seconds, bpm, track_number) VALUES (5348, 720, 'Report', 134, 115, 1);
INSERT INTO song (song_id, album_id, name, duration_seconds, bpm, track_number) VALUES (5349, 720, 'Industry around other', 204, 174, 2);
INSERT INTO song (song_id, album_id, name, duration_seconds, bpm, track_number) VALUES (5350, 720, 'Machine former', 280, 107, 3);
INSERT INTO song (song_id, album_id, name, duration_seconds, bpm, track_number) VALUES (5351, 720, 'Choose', 434, 65, 4);
INSERT INTO song (song_id, album_id, name, duration_seconds, bpm, track_number) VALUES (5352, 720, 'Knowledge part our', 457, 118, 5);
INSERT INTO song (song_id, album_id, name, duration_seconds, bpm, track_number) VALUES (5353, 720, 'Thought reason', 455, 78, 6);
INSERT INTO song (song_id, album_id, name, duration_seconds, bpm, track_number) VALUES (5354, 720, 'Choose', 320, 106, 7);
INSERT INTO song (song_id, album_id, name, duration_seconds, bpm, track_number) VALUES (5355, 720, 'Summer around report business', 261, 126, 8);
INSERT INTO album (album_id, artist_id, title, release_year, created_at) VALUES (721, 366, 'Upgradable fault-tolerant hub', 1986, NOW());
INSERT INTO song (song_id, album_id, name, duration_seconds, bpm, track_number) VALUES (5356, 721, 'Enjoy suddenly rise', 205, 145, 1);
INSERT INTO song (song_id, album_id, name, duration_seconds, bpm, track_number) VALUES (5357, 721, 'Out grow song leave', 319, 142, 2);
INSERT INTO song (song_id, album_id, name, duration_seconds, bpm, track_number) VALUES (5358, 721, 'Make end full', 308, 176, 3);
INSERT INTO song (song_id, album_id, name, duration_seconds, bpm, track_number) VALUES (5359, 721, 'Once art left', 256, 131, 4);
INSERT INTO song (song_id, album_id, name, duration_seconds, bpm, track_number) VALUES (5360, 721, 'Might nearly', 259, 99, 5);
INSERT INTO album (album_id, artist_id, title, release_year, created_at) VALUES (722, 366, 'Optimized executive flexibility', 2023, NOW());
INSERT INTO song (song_id, album_id, name, duration_seconds, bpm, track_number) VALUES (5361, 722, 'Human', 184, 118, 1);
INSERT INTO song (song_id, album_id, name, duration_seconds, bpm, track_number) VALUES (5362, 722, 'Center whose school place', 338, 79, 2);
INSERT INTO song (song_id, album_id, name, duration_seconds, bpm, track_number) VALUES (5363, 722, 'Down middle open', 470, 84, 3);
INSERT INTO song (song_id, album_id, name, duration_seconds, bpm, track_number) VALUES (5364, 722, 'Hour brother', 448, 122, 4);
INSERT INTO song (song_id, album_id, name, duration_seconds, bpm, track_number) VALUES (5365, 722, 'Including', 406, 154, 5);
INSERT INTO song (song_id, album_id, name, duration_seconds, bpm, track_number) VALUES (5366, 722, 'Issue town rather', 204, 129, 6);
INSERT INTO song (song_id, album_id, name, duration_seconds, bpm, track_number) VALUES (5367, 722, 'Rise scientist', 336, 116, 7);
INSERT INTO song (song_id, album_id, name, duration_seconds, bpm, track_number) VALUES (5368, 722, 'Reveal', 312, 96, 8);
INSERT INTO song (song_id, album_id, name, duration_seconds, bpm, track_number) VALUES (5369, 722, 'Table give network', 231, 116, 9);
INSERT INTO album (album_id, artist_id, title, release_year, created_at) VALUES (723, 367, 'Face-to-face logistical Graphical User Interface', 2015, NOW());
INSERT INTO song (song_id, album_id, name, duration_seconds, bpm, track_number) VALUES (5370, 723, 'It', 404, 81, 1);
INSERT INTO song (song_id, album_id, name, duration_seconds, bpm, track_number) VALUES (5371, 723, 'Street', 165, 139, 2);
INSERT INTO song (song_id, album_id, name, duration_seconds, bpm, track_number) VALUES (5372, 723, 'Already large whatever', 388, 133, 3);
INSERT INTO song (song_id, album_id, name, duration_seconds, bpm, track_number) VALUES (5373, 723, 'Impact often', 164, 87, 4);
INSERT INTO song (song_id, album_id, name, duration_seconds, bpm, track_number) VALUES (5374, 723, 'Cup', 190, 71, 5);
INSERT INTO song (song_id, album_id, name, duration_seconds, bpm, track_number) VALUES (5375, 723, 'Building relate different', 388, 161, 6);
INSERT INTO song (song_id, album_id, name, duration_seconds, bpm, track_number) VALUES (5376, 723, 'Must', 281, 157, 7);
INSERT INTO song (song_id, album_id, name, duration_seconds, bpm, track_number) VALUES (5377, 723, 'Similar', 183, 113, 8);
INSERT INTO song (song_id, album_id, name, duration_seconds, bpm, track_number) VALUES (5378, 723, 'Perform support', 331, 121, 9);
INSERT INTO album (album_id, artist_id, title, release_year, created_at) VALUES (724, 367, 'Automated mobile definition', 2006, NOW());
INSERT INTO song (song_id, album_id, name, duration_seconds, bpm, track_number) VALUES (5379, 724, 'Investment physical', 330, 84, 1);
INSERT INTO song (song_id, album_id, name, duration_seconds, bpm, track_number) VALUES (5380, 724, 'Watch player', 190, 144, 2);
INSERT INTO song (song_id, album_id, name, duration_seconds, bpm, track_number) VALUES (5381, 724, 'Instead', 203, 125, 3);
INSERT INTO song (song_id, album_id, name, duration_seconds, bpm, track_number) VALUES (5382, 724, 'Life', 387, 119, 4);
INSERT INTO song (song_id, album_id, name, duration_seconds, bpm, track_number) VALUES (5383, 724, 'Easy', 147, 169, 5);
INSERT INTO album (album_id, artist_id, title, release_year, created_at) VALUES (725, 367, 'Configurable zero tolerance superstructure', 1977, NOW());
INSERT INTO song (song_id, album_id, name, duration_seconds, bpm, track_number) VALUES (5384, 725, 'Detail', 375, 98, 1);
INSERT INTO song (song_id, album_id, name, duration_seconds, bpm, track_number) VALUES (5385, 725, 'Game commercial', 388, 62, 2);
INSERT INTO song (song_id, album_id, name, duration_seconds, bpm, track_number) VALUES (5386, 725, 'Operation group', 450, 121, 3);
INSERT INTO song (song_id, album_id, name, duration_seconds, bpm, track_number) VALUES (5387, 725, 'Beyond', 323, 118, 4);
INSERT INTO song (song_id, album_id, name, duration_seconds, bpm, track_number) VALUES (5388, 725, 'Amount actually', 441, 103, 5);
INSERT INTO album (album_id, artist_id, title, release_year, created_at) VALUES (726, 368, 'Re-contextualized contextually-based pricing structure', 2013, NOW());
INSERT INTO song (song_id, album_id, name, duration_seconds, bpm, track_number) VALUES (5389, 726, 'Talk possible', 369, 126, 1);
INSERT INTO song (song_id, album_id, name, duration_seconds, bpm, track_number) VALUES (5390, 726, 'Become', 331, 125, 2);
INSERT INTO song (song_id, album_id, name, duration_seconds, bpm, track_number) VALUES (5391, 726, 'Without', 211, 108, 3);
INSERT INTO song (song_id, album_id, name, duration_seconds, bpm, track_number) VALUES (5392, 726, 'Nothing', 181, 147, 4);
INSERT INTO song (song_id, album_id, name, duration_seconds, bpm, track_number) VALUES (5393, 726, 'Card', 382, 85, 5);
INSERT INTO song (song_id, album_id, name, duration_seconds, bpm, track_number) VALUES (5394, 726, 'Establish involve population speak', 420, 115, 6);
INSERT INTO song (song_id, album_id, name, duration_seconds, bpm, track_number) VALUES (5395, 726, 'Order become wait former you', 162, 90, 7);
INSERT INTO song (song_id, album_id, name, duration_seconds, bpm, track_number) VALUES (5396, 726, 'Term', 296, 67, 8);
INSERT INTO song (song_id, album_id, name, duration_seconds, bpm, track_number) VALUES (5397, 726, 'Front accept', 253, 106, 9);
INSERT INTO song (song_id, album_id, name, duration_seconds, bpm, track_number) VALUES (5398, 726, 'Involve beat', 213, 155, 10);
INSERT INTO album (album_id, artist_id, title, release_year, created_at) VALUES (727, 368, 'Automated multi-tasking access', 1991, NOW());
INSERT INTO song (song_id, album_id, name, duration_seconds, bpm, track_number) VALUES (5399, 727, 'Though arrive cultural question', 479, 86, 1);
INSERT INTO song (song_id, album_id, name, duration_seconds, bpm, track_number) VALUES (5400, 727, 'Bill', 405, 133, 2);
INSERT INTO song (song_id, album_id, name, duration_seconds, bpm, track_number) VALUES (5401, 727, 'Hard occur go', 426, 132, 3);
INSERT INTO song (song_id, album_id, name, duration_seconds, bpm, track_number) VALUES (5402, 727, 'Energy', 400, 63, 4);
INSERT INTO song (song_id, album_id, name, duration_seconds, bpm, track_number) VALUES (5403, 727, 'Stock', 357, 178, 5);
INSERT INTO song (song_id, album_id, name, duration_seconds, bpm, track_number) VALUES (5404, 727, 'Floor', 132, 167, 6);
INSERT INTO song (song_id, album_id, name, duration_seconds, bpm, track_number) VALUES (5405, 727, 'Hundred especially election', 355, 146, 7);
INSERT INTO song (song_id, album_id, name, duration_seconds, bpm, track_number) VALUES (5406, 727, 'List security', 143, 76, 8);
INSERT INTO song (song_id, album_id, name, duration_seconds, bpm, track_number) VALUES (5407, 727, 'Individual region', 343, 142, 9);
INSERT INTO album (album_id, artist_id, title, release_year, created_at) VALUES (728, 369, 'Integrated explicit middleware', 1974, NOW());
INSERT INTO song (song_id, album_id, name, duration_seconds, bpm, track_number) VALUES (5408, 728, 'Spring', 244, 143, 1);
INSERT INTO song (song_id, album_id, name, duration_seconds, bpm, track_number) VALUES (5409, 728, 'Happen according', 385, 88, 2);
INSERT INTO song (song_id, album_id, name, duration_seconds, bpm, track_number) VALUES (5410, 728, 'All', 309, 142, 3);
INSERT INTO song (song_id, album_id, name, duration_seconds, bpm, track_number) VALUES (5411, 728, 'Job wear federal whether', 394, 143, 4);
INSERT INTO song (song_id, album_id, name, duration_seconds, bpm, track_number) VALUES (5412, 728, 'Box central', 310, 99, 5);
INSERT INTO album (album_id, artist_id, title, release_year, created_at) VALUES (729, 369, 'Secured eco-centric frame', 1991, NOW());
INSERT INTO song (song_id, album_id, name, duration_seconds, bpm, track_number) VALUES (5413, 729, 'Care nation account tonight', 150, 148, 1);
INSERT INTO song (song_id, album_id, name, duration_seconds, bpm, track_number) VALUES (5414, 729, 'His movement glass soldier', 129, 112, 2);
INSERT INTO song (song_id, album_id, name, duration_seconds, bpm, track_number) VALUES (5415, 729, 'Market', 342, 78, 3);
INSERT INTO song (song_id, album_id, name, duration_seconds, bpm, track_number) VALUES (5416, 729, 'Family', 349, 76, 4);
INSERT INTO song (song_id, album_id, name, duration_seconds, bpm, track_number) VALUES (5417, 729, 'Town most general response', 428, 174, 5);
INSERT INTO song (song_id, album_id, name, duration_seconds, bpm, track_number) VALUES (5418, 729, 'Provide', 229, 159, 6);
INSERT INTO song (song_id, album_id, name, duration_seconds, bpm, track_number) VALUES (5419, 729, 'Particular', 370, 147, 7);
INSERT INTO song (song_id, album_id, name, duration_seconds, bpm, track_number) VALUES (5420, 729, 'From page', 282, 75, 8);
INSERT INTO album (album_id, artist_id, title, release_year, created_at) VALUES (730, 370, 'Function-based uniform pricing structure', 2014, NOW());
INSERT INTO song (song_id, album_id, name, duration_seconds, bpm, track_number) VALUES (5421, 730, 'Bill them Republican country garden', 129, 163, 1);
INSERT INTO song (song_id, album_id, name, duration_seconds, bpm, track_number) VALUES (5422, 730, 'We order', 312, 103, 2);
INSERT INTO song (song_id, album_id, name, duration_seconds, bpm, track_number) VALUES (5423, 730, 'South citizen', 444, 127, 3);
INSERT INTO song (song_id, album_id, name, duration_seconds, bpm, track_number) VALUES (5424, 730, 'Film', 222, 149, 4);
INSERT INTO song (song_id, album_id, name, duration_seconds, bpm, track_number) VALUES (5425, 730, 'Else money', 433, 105, 5);
INSERT INTO song (song_id, album_id, name, duration_seconds, bpm, track_number) VALUES (5426, 730, 'Heart painting', 370, 139, 6);
INSERT INTO song (song_id, album_id, name, duration_seconds, bpm, track_number) VALUES (5427, 730, 'Student difficult we old', 464, 126, 7);
INSERT INTO song (song_id, album_id, name, duration_seconds, bpm, track_number) VALUES (5428, 730, 'Force better', 448, 121, 8);
INSERT INTO song (song_id, album_id, name, duration_seconds, bpm, track_number) VALUES (5429, 730, 'Bed', 435, 81, 9);
INSERT INTO album (album_id, artist_id, title, release_year, created_at) VALUES (731, 370, 'Vision-oriented human-resource functionalities', 2022, NOW());
INSERT INTO song (song_id, album_id, name, duration_seconds, bpm, track_number) VALUES (5430, 731, 'Phone can', 252, 70, 1);
INSERT INTO song (song_id, album_id, name, duration_seconds, bpm, track_number) VALUES (5431, 731, 'When', 242, 137, 2);
INSERT INTO song (song_id, album_id, name, duration_seconds, bpm, track_number) VALUES (5432, 731, 'Above size receive above', 231, 123, 3);
INSERT INTO song (song_id, album_id, name, duration_seconds, bpm, track_number) VALUES (5433, 731, 'Modern many hard', 416, 132, 4);
INSERT INTO song (song_id, album_id, name, duration_seconds, bpm, track_number) VALUES (5434, 731, 'International show loss', 132, 125, 5);
INSERT INTO song (song_id, album_id, name, duration_seconds, bpm, track_number) VALUES (5435, 731, 'Man purpose sister', 409, 114, 6);
INSERT INTO song (song_id, album_id, name, duration_seconds, bpm, track_number) VALUES (5436, 731, 'So', 148, 92, 7);
INSERT INTO song (song_id, album_id, name, duration_seconds, bpm, track_number) VALUES (5437, 731, 'Adult than', 459, 159, 8);
INSERT INTO song (song_id, album_id, name, duration_seconds, bpm, track_number) VALUES (5438, 731, 'Husband', 317, 132, 9);
INSERT INTO song (song_id, album_id, name, duration_seconds, bpm, track_number) VALUES (5439, 731, 'Vote', 407, 116, 10);
INSERT INTO album (album_id, artist_id, title, release_year, created_at) VALUES (732, 370, 'Advanced composite protocol', 2006, NOW());
INSERT INTO song (song_id, album_id, name, duration_seconds, bpm, track_number) VALUES (5440, 732, 'Few', 233, 138, 1);
INSERT INTO song (song_id, album_id, name, duration_seconds, bpm, track_number) VALUES (5441, 732, 'Figure citizen', 295, 65, 2);
INSERT INTO song (song_id, album_id, name, duration_seconds, bpm, track_number) VALUES (5442, 732, 'Station study', 414, 102, 3);
INSERT INTO song (song_id, album_id, name, duration_seconds, bpm, track_number) VALUES (5443, 732, 'This early candidate nothing', 374, 85, 4);
INSERT INTO song (song_id, album_id, name, duration_seconds, bpm, track_number) VALUES (5444, 732, 'Later find recognize establish', 257, 79, 5);
INSERT INTO album (album_id, artist_id, title, release_year, created_at) VALUES (733, 371, 'Devolved discrete migration', 1988, NOW());
INSERT INTO song (song_id, album_id, name, duration_seconds, bpm, track_number) VALUES (5445, 733, 'North feeling', 447, 85, 1);
INSERT INTO song (song_id, album_id, name, duration_seconds, bpm, track_number) VALUES (5446, 733, 'Inside policy', 415, 174, 2);
INSERT INTO song (song_id, album_id, name, duration_seconds, bpm, track_number) VALUES (5447, 733, 'Staff', 153, 150, 3);
INSERT INTO song (song_id, album_id, name, duration_seconds, bpm, track_number) VALUES (5448, 733, 'Past week often space television', 267, 63, 4);
INSERT INTO song (song_id, album_id, name, duration_seconds, bpm, track_number) VALUES (5449, 733, 'Follow visit your', 416, 94, 5);
INSERT INTO song (song_id, album_id, name, duration_seconds, bpm, track_number) VALUES (5450, 733, 'Outside firm', 339, 108, 6);
INSERT INTO song (song_id, album_id, name, duration_seconds, bpm, track_number) VALUES (5451, 733, 'Material talk traditional memory system', 235, 122, 7);
INSERT INTO album (album_id, artist_id, title, release_year, created_at) VALUES (734, 372, 'Open-architected 24hour hardware', 2025, NOW());
INSERT INTO song (song_id, album_id, name, duration_seconds, bpm, track_number) VALUES (5452, 734, 'Hour', 335, 103, 1);
INSERT INTO song (song_id, album_id, name, duration_seconds, bpm, track_number) VALUES (5453, 734, 'Official', 171, 98, 2);
INSERT INTO song (song_id, album_id, name, duration_seconds, bpm, track_number) VALUES (5454, 734, 'Early', 345, 122, 3);
INSERT INTO song (song_id, album_id, name, duration_seconds, bpm, track_number) VALUES (5455, 734, 'In science audience science', 463, 158, 4);
INSERT INTO song (song_id, album_id, name, duration_seconds, bpm, track_number) VALUES (5456, 734, 'Thought be', 378, 90, 5);
INSERT INTO song (song_id, album_id, name, duration_seconds, bpm, track_number) VALUES (5457, 734, 'People', 226, 139, 6);
INSERT INTO song (song_id, album_id, name, duration_seconds, bpm, track_number) VALUES (5458, 734, 'Different business with employee', 384, 173, 7);
INSERT INTO song (song_id, album_id, name, duration_seconds, bpm, track_number) VALUES (5459, 734, 'Individual help study wind very', 388, 123, 8);
INSERT INTO song (song_id, album_id, name, duration_seconds, bpm, track_number) VALUES (5460, 734, 'Price candidate', 372, 157, 9);
INSERT INTO song (song_id, album_id, name, duration_seconds, bpm, track_number) VALUES (5461, 734, 'Ago life', 441, 76, 10);
INSERT INTO album (album_id, artist_id, title, release_year, created_at) VALUES (735, 372, 'Multi-tiered mobile architecture', 1987, NOW());
INSERT INTO song (song_id, album_id, name, duration_seconds, bpm, track_number) VALUES (5462, 735, 'Available protect smile agreement', 303, 129, 1);
INSERT INTO song (song_id, album_id, name, duration_seconds, bpm, track_number) VALUES (5463, 735, 'Soon something', 260, 86, 2);
INSERT INTO song (song_id, album_id, name, duration_seconds, bpm, track_number) VALUES (5464, 735, 'Reach', 197, 157, 3);
INSERT INTO song (song_id, album_id, name, duration_seconds, bpm, track_number) VALUES (5465, 735, 'Surface free', 155, 88, 4);
INSERT INTO song (song_id, album_id, name, duration_seconds, bpm, track_number) VALUES (5466, 735, 'Sing', 195, 118, 5);
INSERT INTO song (song_id, album_id, name, duration_seconds, bpm, track_number) VALUES (5467, 735, 'Role', 456, 71, 6);
INSERT INTO album (album_id, artist_id, title, release_year, created_at) VALUES (736, 372, 'Streamlined mobile alliance', 2013, NOW());
INSERT INTO song (song_id, album_id, name, duration_seconds, bpm, track_number) VALUES (5468, 736, 'Picture', 338, 170, 1);
INSERT INTO song (song_id, album_id, name, duration_seconds, bpm, track_number) VALUES (5469, 736, 'Car', 431, 134, 2);
INSERT INTO song (song_id, album_id, name, duration_seconds, bpm, track_number) VALUES (5470, 736, 'Campaign', 442, 68, 3);
INSERT INTO song (song_id, album_id, name, duration_seconds, bpm, track_number) VALUES (5471, 736, 'Let expert eye', 417, 149, 4);
INSERT INTO song (song_id, album_id, name, duration_seconds, bpm, track_number) VALUES (5472, 736, 'Fine possible degree current', 379, 78, 5);
INSERT INTO album (album_id, artist_id, title, release_year, created_at) VALUES (737, 373, 'Distributed eco-centric success', 1982, NOW());
INSERT INTO song (song_id, album_id, name, duration_seconds, bpm, track_number) VALUES (5473, 737, 'Likely', 412, 136, 1);
INSERT INTO song (song_id, album_id, name, duration_seconds, bpm, track_number) VALUES (5474, 737, 'Show her', 271, 170, 2);
INSERT INTO song (song_id, album_id, name, duration_seconds, bpm, track_number) VALUES (5475, 737, 'Huge', 124, 130, 3);
INSERT INTO song (song_id, album_id, name, duration_seconds, bpm, track_number) VALUES (5476, 737, 'Involve', 321, 124, 4);
INSERT INTO song (song_id, album_id, name, duration_seconds, bpm, track_number) VALUES (5477, 737, 'Explain letter', 359, 145, 5);
INSERT INTO song (song_id, album_id, name, duration_seconds, bpm, track_number) VALUES (5478, 737, 'Occur view', 123, 149, 6);
INSERT INTO song (song_id, album_id, name, duration_seconds, bpm, track_number) VALUES (5479, 737, 'We', 225, 127, 7);
INSERT INTO song (song_id, album_id, name, duration_seconds, bpm, track_number) VALUES (5480, 737, 'Born again cut', 338, 147, 8);
INSERT INTO song (song_id, album_id, name, duration_seconds, bpm, track_number) VALUES (5481, 737, 'Ball likely', 356, 123, 9);
INSERT INTO song (song_id, album_id, name, duration_seconds, bpm, track_number) VALUES (5482, 737, 'Out', 240, 118, 10);
INSERT INTO album (album_id, artist_id, title, release_year, created_at) VALUES (738, 374, 'Innovative full-range concept', 1991, NOW());
INSERT INTO song (song_id, album_id, name, duration_seconds, bpm, track_number) VALUES (5483, 738, 'Though through send', 154, 76, 1);
INSERT INTO song (song_id, album_id, name, duration_seconds, bpm, track_number) VALUES (5484, 738, 'Never around', 295, 119, 2);
INSERT INTO song (song_id, album_id, name, duration_seconds, bpm, track_number) VALUES (5485, 738, 'White', 458, 82, 3);
INSERT INTO song (song_id, album_id, name, duration_seconds, bpm, track_number) VALUES (5486, 738, 'Be total', 428, 166, 4);
INSERT INTO song (song_id, album_id, name, duration_seconds, bpm, track_number) VALUES (5487, 738, 'Firm two cover', 379, 137, 5);
INSERT INTO album (album_id, artist_id, title, release_year, created_at) VALUES (739, 374, 'Managed upward-trending flexibility', 1986, NOW());
INSERT INTO song (song_id, album_id, name, duration_seconds, bpm, track_number) VALUES (5488, 739, 'Operation', 438, 79, 1);
INSERT INTO song (song_id, album_id, name, duration_seconds, bpm, track_number) VALUES (5489, 739, 'Occur forward recent heart', 127, 83, 2);
INSERT INTO song (song_id, album_id, name, duration_seconds, bpm, track_number) VALUES (5490, 739, 'Community', 195, 105, 3);
INSERT INTO song (song_id, album_id, name, duration_seconds, bpm, track_number) VALUES (5491, 739, 'Hit gun notice', 228, 83, 4);
INSERT INTO song (song_id, album_id, name, duration_seconds, bpm, track_number) VALUES (5492, 739, 'House rich', 323, 105, 5);
INSERT INTO song (song_id, album_id, name, duration_seconds, bpm, track_number) VALUES (5493, 739, 'Later lot if', 453, 179, 6);
INSERT INTO song (song_id, album_id, name, duration_seconds, bpm, track_number) VALUES (5494, 739, 'Anyone', 330, 169, 7);
INSERT INTO album (album_id, artist_id, title, release_year, created_at) VALUES (740, 375, 'Vision-oriented real-time access', 2005, NOW());
INSERT INTO song (song_id, album_id, name, duration_seconds, bpm, track_number) VALUES (5495, 740, 'System', 356, 79, 1);
INSERT INTO song (song_id, album_id, name, duration_seconds, bpm, track_number) VALUES (5496, 740, 'Mind', 466, 158, 2);
INSERT INTO song (song_id, album_id, name, duration_seconds, bpm, track_number) VALUES (5497, 740, 'Mission want', 163, 97, 3);
INSERT INTO song (song_id, album_id, name, duration_seconds, bpm, track_number) VALUES (5498, 740, 'Try despite', 296, 77, 4);
INSERT INTO song (song_id, album_id, name, duration_seconds, bpm, track_number) VALUES (5499, 740, 'True become stuff investment social', 193, 78, 5);
INSERT INTO song (song_id, album_id, name, duration_seconds, bpm, track_number) VALUES (5500, 740, 'International', 370, 124, 6);
INSERT INTO album (album_id, artist_id, title, release_year, created_at) VALUES (741, 375, 'Cross-group next generation analyzer', 1993, NOW());
INSERT INTO song (song_id, album_id, name, duration_seconds, bpm, track_number) VALUES (5501, 741, 'Tree anyone cold', 382, 85, 1);
INSERT INTO song (song_id, album_id, name, duration_seconds, bpm, track_number) VALUES (5502, 741, 'Meet', 443, 166, 2);
INSERT INTO song (song_id, album_id, name, duration_seconds, bpm, track_number) VALUES (5503, 741, 'Physical team throughout', 475, 66, 3);
INSERT INTO song (song_id, album_id, name, duration_seconds, bpm, track_number) VALUES (5504, 741, 'Deep image', 238, 133, 4);
INSERT INTO song (song_id, album_id, name, duration_seconds, bpm, track_number) VALUES (5505, 741, 'Second argue security', 283, 168, 5);
INSERT INTO album (album_id, artist_id, title, release_year, created_at) VALUES (742, 375, 'Managed well-modulated firmware', 2010, NOW());
INSERT INTO song (song_id, album_id, name, duration_seconds, bpm, track_number) VALUES (5506, 742, 'Sense create foot', 307, 168, 1);
INSERT INTO song (song_id, album_id, name, duration_seconds, bpm, track_number) VALUES (5507, 742, 'Choose fight director', 323, 128, 2);
INSERT INTO song (song_id, album_id, name, duration_seconds, bpm, track_number) VALUES (5508, 742, 'Sometimes run oil', 367, 137, 3);
INSERT INTO song (song_id, album_id, name, duration_seconds, bpm, track_number) VALUES (5509, 742, 'Outside', 202, 126, 4);
INSERT INTO song (song_id, album_id, name, duration_seconds, bpm, track_number) VALUES (5510, 742, 'Soon', 335, 176, 5);
INSERT INTO song (song_id, album_id, name, duration_seconds, bpm, track_number) VALUES (5511, 742, 'Hour', 368, 108, 6);
INSERT INTO album (album_id, artist_id, title, release_year, created_at) VALUES (743, 376, 'Intuitive national project', 2003, NOW());
INSERT INTO song (song_id, album_id, name, duration_seconds, bpm, track_number) VALUES (5512, 743, 'Occur education', 350, 139, 1);
INSERT INTO song (song_id, album_id, name, duration_seconds, bpm, track_number) VALUES (5513, 743, 'Now bill guy under', 256, 140, 2);
INSERT INTO song (song_id, album_id, name, duration_seconds, bpm, track_number) VALUES (5514, 743, 'Cultural pressure must', 416, 140, 3);
INSERT INTO song (song_id, album_id, name, duration_seconds, bpm, track_number) VALUES (5515, 743, 'Administration', 248, 148, 4);
INSERT INTO song (song_id, album_id, name, duration_seconds, bpm, track_number) VALUES (5516, 743, 'Gun', 363, 123, 5);
INSERT INTO album (album_id, artist_id, title, release_year, created_at) VALUES (744, 376, 'Future-proofed high-level application', 2017, NOW());
INSERT INTO song (song_id, album_id, name, duration_seconds, bpm, track_number) VALUES (5517, 744, 'Wide though card hot firm', 247, 130, 1);
INSERT INTO song (song_id, album_id, name, duration_seconds, bpm, track_number) VALUES (5518, 744, 'Next before', 479, 180, 2);
INSERT INTO song (song_id, album_id, name, duration_seconds, bpm, track_number) VALUES (5519, 744, 'Process cause', 327, 110, 3);
INSERT INTO song (song_id, album_id, name, duration_seconds, bpm, track_number) VALUES (5520, 744, 'Condition', 128, 94, 4);
INSERT INTO song (song_id, album_id, name, duration_seconds, bpm, track_number) VALUES (5521, 744, 'Student', 171, 153, 5);
INSERT INTO song (song_id, album_id, name, duration_seconds, bpm, track_number) VALUES (5522, 744, 'Body', 417, 101, 6);
INSERT INTO song (song_id, album_id, name, duration_seconds, bpm, track_number) VALUES (5523, 744, 'Describe woman', 287, 116, 7);
INSERT INTO song (song_id, album_id, name, duration_seconds, bpm, track_number) VALUES (5524, 744, 'Material could', 428, 148, 8);
INSERT INTO song (song_id, album_id, name, duration_seconds, bpm, track_number) VALUES (5525, 744, 'And miss security', 186, 159, 9);
INSERT INTO song (song_id, album_id, name, duration_seconds, bpm, track_number) VALUES (5526, 744, 'Pattern Republican consider space tonight', 265, 62, 10);
INSERT INTO album (album_id, artist_id, title, release_year, created_at) VALUES (745, 377, 'Right-sized user-facing definition', 2011, NOW());
INSERT INTO song (song_id, album_id, name, duration_seconds, bpm, track_number) VALUES (5527, 745, 'Learn guess', 232, 146, 1);
INSERT INTO song (song_id, album_id, name, duration_seconds, bpm, track_number) VALUES (5528, 745, 'Around get', 267, 104, 2);
INSERT INTO song (song_id, album_id, name, duration_seconds, bpm, track_number) VALUES (5529, 745, 'Hospital', 221, 167, 3);
INSERT INTO song (song_id, album_id, name, duration_seconds, bpm, track_number) VALUES (5530, 745, 'Heart', 232, 95, 4);
INSERT INTO song (song_id, album_id, name, duration_seconds, bpm, track_number) VALUES (5531, 745, 'Data reach', 416, 154, 5);
INSERT INTO song (song_id, album_id, name, duration_seconds, bpm, track_number) VALUES (5532, 745, 'Design fly', 133, 119, 6);
INSERT INTO song (song_id, album_id, name, duration_seconds, bpm, track_number) VALUES (5533, 745, 'Civil mother senior', 368, 131, 7);
INSERT INTO song (song_id, album_id, name, duration_seconds, bpm, track_number) VALUES (5534, 745, 'Improve instead look', 269, 105, 8);
INSERT INTO song (song_id, album_id, name, duration_seconds, bpm, track_number) VALUES (5535, 745, 'Common', 144, 96, 9);
INSERT INTO album (album_id, artist_id, title, release_year, created_at) VALUES (746, 377, 'Grass-roots 5thgeneration firmware', 2012, NOW());
INSERT INTO song (song_id, album_id, name, duration_seconds, bpm, track_number) VALUES (5536, 746, 'Check this', 361, 119, 1);
INSERT INTO song (song_id, album_id, name, duration_seconds, bpm, track_number) VALUES (5537, 746, 'Cup', 394, 86, 2);
INSERT INTO song (song_id, album_id, name, duration_seconds, bpm, track_number) VALUES (5538, 746, 'Save', 271, 72, 3);
INSERT INTO song (song_id, album_id, name, duration_seconds, bpm, track_number) VALUES (5539, 746, 'Western each', 476, 110, 4);
INSERT INTO song (song_id, album_id, name, duration_seconds, bpm, track_number) VALUES (5540, 746, 'Participant', 475, 167, 5);
INSERT INTO song (song_id, album_id, name, duration_seconds, bpm, track_number) VALUES (5541, 746, 'Citizen each threat season', 229, 166, 6);
INSERT INTO song (song_id, album_id, name, duration_seconds, bpm, track_number) VALUES (5542, 746, 'Job', 214, 88, 7);
INSERT INTO album (album_id, artist_id, title, release_year, created_at) VALUES (747, 377, 'Decentralized zero administration architecture', 2023, NOW());
INSERT INTO song (song_id, album_id, name, duration_seconds, bpm, track_number) VALUES (5543, 747, 'Air floor', 375, 64, 1);
INSERT INTO song (song_id, album_id, name, duration_seconds, bpm, track_number) VALUES (5544, 747, 'Capital fight benefit pressure save', 184, 105, 2);
INSERT INTO song (song_id, album_id, name, duration_seconds, bpm, track_number) VALUES (5545, 747, 'Hour', 200, 65, 3);
INSERT INTO song (song_id, album_id, name, duration_seconds, bpm, track_number) VALUES (5546, 747, 'Mention', 208, 73, 4);
INSERT INTO song (song_id, album_id, name, duration_seconds, bpm, track_number) VALUES (5547, 747, 'Save including according', 400, 86, 5);
INSERT INTO song (song_id, album_id, name, duration_seconds, bpm, track_number) VALUES (5548, 747, 'Measure', 124, 86, 6);
INSERT INTO song (song_id, album_id, name, duration_seconds, bpm, track_number) VALUES (5549, 747, 'Full all born different', 469, 85, 7);
INSERT INTO song (song_id, album_id, name, duration_seconds, bpm, track_number) VALUES (5550, 747, 'Should fine', 439, 72, 8);
INSERT INTO album (album_id, artist_id, title, release_year, created_at) VALUES (748, 378, 'Integrated 6thgeneration software', 2016, NOW());
INSERT INTO song (song_id, album_id, name, duration_seconds, bpm, track_number) VALUES (5551, 748, 'Lawyer', 431, 83, 1);
INSERT INTO song (song_id, album_id, name, duration_seconds, bpm, track_number) VALUES (5552, 748, 'Lose meeting church worker upon', 315, 125, 2);
INSERT INTO song (song_id, album_id, name, duration_seconds, bpm, track_number) VALUES (5553, 748, 'Peace', 327, 180, 3);
INSERT INTO song (song_id, album_id, name, duration_seconds, bpm, track_number) VALUES (5554, 748, 'Amount', 479, 80, 4);
INSERT INTO song (song_id, album_id, name, duration_seconds, bpm, track_number) VALUES (5555, 748, 'Have', 428, 133, 5);
INSERT INTO song (song_id, album_id, name, duration_seconds, bpm, track_number) VALUES (5556, 748, 'Throughout work red', 380, 121, 6);
INSERT INTO song (song_id, album_id, name, duration_seconds, bpm, track_number) VALUES (5557, 748, 'During', 195, 63, 7);
INSERT INTO album (album_id, artist_id, title, release_year, created_at) VALUES (749, 379, 'Diverse web-enabled ability', 1976, NOW());
INSERT INTO song (song_id, album_id, name, duration_seconds, bpm, track_number) VALUES (5558, 749, 'Guy always', 377, 122, 1);
INSERT INTO song (song_id, album_id, name, duration_seconds, bpm, track_number) VALUES (5559, 749, 'Interest', 182, 156, 2);
INSERT INTO song (song_id, album_id, name, duration_seconds, bpm, track_number) VALUES (5560, 749, 'Leader house', 430, 157, 3);
INSERT INTO song (song_id, album_id, name, duration_seconds, bpm, track_number) VALUES (5561, 749, 'American necessary', 326, 94, 4);
INSERT INTO song (song_id, album_id, name, duration_seconds, bpm, track_number) VALUES (5562, 749, 'Shake three around lawyer', 402, 96, 5);
INSERT INTO song (song_id, album_id, name, duration_seconds, bpm, track_number) VALUES (5563, 749, 'Arm', 423, 65, 6);
INSERT INTO song (song_id, album_id, name, duration_seconds, bpm, track_number) VALUES (5564, 749, 'Continue eight place anything front', 212, 128, 7);
INSERT INTO song (song_id, album_id, name, duration_seconds, bpm, track_number) VALUES (5565, 749, 'Former under society produce great', 431, 63, 8);
INSERT INTO album (album_id, artist_id, title, release_year, created_at) VALUES (750, 379, 'Mandatory system-worthy structure', 2020, NOW());
INSERT INTO song (song_id, album_id, name, duration_seconds, bpm, track_number) VALUES (5566, 750, 'Top', 196, 105, 1);
INSERT INTO song (song_id, album_id, name, duration_seconds, bpm, track_number) VALUES (5567, 750, 'Yeah quality agreement', 130, 138, 2);
INSERT INTO song (song_id, album_id, name, duration_seconds, bpm, track_number) VALUES (5568, 750, 'Soldier', 327, 175, 3);
INSERT INTO song (song_id, album_id, name, duration_seconds, bpm, track_number) VALUES (5569, 750, 'Set', 300, 67, 4);
INSERT INTO song (song_id, album_id, name, duration_seconds, bpm, track_number) VALUES (5570, 750, 'Role happy kid', 317, 120, 5);
INSERT INTO album (album_id, artist_id, title, release_year, created_at) VALUES (751, 379, 'Function-based maximized database', 2021, NOW());
INSERT INTO song (song_id, album_id, name, duration_seconds, bpm, track_number) VALUES (5571, 751, 'Matter', 291, 137, 1);
INSERT INTO song (song_id, album_id, name, duration_seconds, bpm, track_number) VALUES (5572, 751, 'Population', 166, 110, 2);
INSERT INTO song (song_id, album_id, name, duration_seconds, bpm, track_number) VALUES (5573, 751, 'Remember same happen', 454, 60, 3);
INSERT INTO song (song_id, album_id, name, duration_seconds, bpm, track_number) VALUES (5574, 751, 'Campaign well growth', 139, 160, 4);
INSERT INTO song (song_id, album_id, name, duration_seconds, bpm, track_number) VALUES (5575, 751, 'Give level', 393, 156, 5);
INSERT INTO song (song_id, album_id, name, duration_seconds, bpm, track_number) VALUES (5576, 751, 'Teacher make', 269, 131, 6);
INSERT INTO song (song_id, album_id, name, duration_seconds, bpm, track_number) VALUES (5577, 751, 'Pass information', 139, 172, 7);
INSERT INTO song (song_id, album_id, name, duration_seconds, bpm, track_number) VALUES (5578, 751, 'Message government', 208, 86, 8);
INSERT INTO song (song_id, album_id, name, duration_seconds, bpm, track_number) VALUES (5579, 751, 'Black', 394, 151, 9);
INSERT INTO song (song_id, album_id, name, duration_seconds, bpm, track_number) VALUES (5580, 751, 'Finish book', 143, 74, 10);
INSERT INTO album (album_id, artist_id, title, release_year, created_at) VALUES (752, 380, 'Digitized value-added instruction set', 1973, NOW());
INSERT INTO song (song_id, album_id, name, duration_seconds, bpm, track_number) VALUES (5581, 752, 'Commercial', 248, 166, 1);
INSERT INTO song (song_id, album_id, name, duration_seconds, bpm, track_number) VALUES (5582, 752, 'Country small', 273, 112, 2);
INSERT INTO song (song_id, album_id, name, duration_seconds, bpm, track_number) VALUES (5583, 752, 'Physical', 473, 60, 3);
INSERT INTO song (song_id, album_id, name, duration_seconds, bpm, track_number) VALUES (5584, 752, 'Standard education', 157, 174, 4);
INSERT INTO song (song_id, album_id, name, duration_seconds, bpm, track_number) VALUES (5585, 752, 'While', 222, 145, 5);
INSERT INTO song (song_id, album_id, name, duration_seconds, bpm, track_number) VALUES (5586, 752, 'Course', 163, 145, 6);
INSERT INTO song (song_id, album_id, name, duration_seconds, bpm, track_number) VALUES (5587, 752, 'Idea', 293, 135, 7);
INSERT INTO album (album_id, artist_id, title, release_year, created_at) VALUES (753, 380, 'Digitized tangible parallelism', 1987, NOW());
INSERT INTO song (song_id, album_id, name, duration_seconds, bpm, track_number) VALUES (5588, 753, 'Impact wind manager', 358, 140, 1);
INSERT INTO song (song_id, album_id, name, duration_seconds, bpm, track_number) VALUES (5589, 753, 'Suggest song', 207, 176, 2);
INSERT INTO song (song_id, album_id, name, duration_seconds, bpm, track_number) VALUES (5590, 753, 'This news', 461, 104, 3);
INSERT INTO song (song_id, album_id, name, duration_seconds, bpm, track_number) VALUES (5591, 753, 'Section', 354, 179, 4);
INSERT INTO song (song_id, album_id, name, duration_seconds, bpm, track_number) VALUES (5592, 753, 'Boy other', 407, 148, 5);
INSERT INTO song (song_id, album_id, name, duration_seconds, bpm, track_number) VALUES (5593, 753, 'Subject debate half idea', 226, 154, 6);
INSERT INTO song (song_id, album_id, name, duration_seconds, bpm, track_number) VALUES (5594, 753, 'Recent', 194, 84, 7);
INSERT INTO song (song_id, album_id, name, duration_seconds, bpm, track_number) VALUES (5595, 753, 'Bag north', 129, 103, 8);
INSERT INTO song (song_id, album_id, name, duration_seconds, bpm, track_number) VALUES (5596, 753, 'Interview', 186, 80, 9);
INSERT INTO song (song_id, album_id, name, duration_seconds, bpm, track_number) VALUES (5597, 753, 'Course ball', 284, 115, 10);
INSERT INTO album (album_id, artist_id, title, release_year, created_at) VALUES (754, 381, 'Configurable next generation moratorium', 1992, NOW());
INSERT INTO song (song_id, album_id, name, duration_seconds, bpm, track_number) VALUES (5598, 754, 'Treatment', 377, 131, 1);
INSERT INTO song (song_id, album_id, name, duration_seconds, bpm, track_number) VALUES (5599, 754, 'Drop who simply change team', 326, 80, 2);
INSERT INTO song (song_id, album_id, name, duration_seconds, bpm, track_number) VALUES (5600, 754, 'Above', 416, 178, 3);
INSERT INTO song (song_id, album_id, name, duration_seconds, bpm, track_number) VALUES (5601, 754, 'Ability', 223, 161, 4);
INSERT INTO song (song_id, album_id, name, duration_seconds, bpm, track_number) VALUES (5602, 754, 'Scientist', 425, 73, 5);
INSERT INTO song (song_id, album_id, name, duration_seconds, bpm, track_number) VALUES (5603, 754, 'Pressure feel', 186, 61, 6);
INSERT INTO song (song_id, album_id, name, duration_seconds, bpm, track_number) VALUES (5604, 754, 'Baby bit although', 329, 114, 7);
INSERT INTO song (song_id, album_id, name, duration_seconds, bpm, track_number) VALUES (5605, 754, 'Technology prove', 309, 86, 8);
INSERT INTO song (song_id, album_id, name, duration_seconds, bpm, track_number) VALUES (5606, 754, 'Story himself', 298, 109, 9);
INSERT INTO album (album_id, artist_id, title, release_year, created_at) VALUES (755, 381, 'Virtual full-range attitude', 1985, NOW());
INSERT INTO song (song_id, album_id, name, duration_seconds, bpm, track_number) VALUES (5607, 755, 'Major issue start magazine', 294, 164, 1);
INSERT INTO song (song_id, album_id, name, duration_seconds, bpm, track_number) VALUES (5608, 755, 'Perform', 317, 106, 2);
INSERT INTO song (song_id, album_id, name, duration_seconds, bpm, track_number) VALUES (5609, 755, 'Everyone well', 181, 64, 3);
INSERT INTO song (song_id, album_id, name, duration_seconds, bpm, track_number) VALUES (5610, 755, 'But condition million', 251, 143, 4);
INSERT INTO song (song_id, album_id, name, duration_seconds, bpm, track_number) VALUES (5611, 755, 'Have election', 168, 154, 5);
INSERT INTO song (song_id, album_id, name, duration_seconds, bpm, track_number) VALUES (5612, 755, 'Way next hot stock', 226, 117, 6);
INSERT INTO song (song_id, album_id, name, duration_seconds, bpm, track_number) VALUES (5613, 755, 'Loss little audience', 345, 175, 7);
INSERT INTO song (song_id, album_id, name, duration_seconds, bpm, track_number) VALUES (5614, 755, 'Nearly', 154, 128, 8);
INSERT INTO album (album_id, artist_id, title, release_year, created_at) VALUES (756, 381, 'Open-architected asynchronous application', 1999, NOW());
INSERT INTO song (song_id, album_id, name, duration_seconds, bpm, track_number) VALUES (5615, 756, 'Director follow for year way', 196, 83, 1);
INSERT INTO song (song_id, album_id, name, duration_seconds, bpm, track_number) VALUES (5616, 756, 'Hotel', 414, 99, 2);
INSERT INTO song (song_id, album_id, name, duration_seconds, bpm, track_number) VALUES (5617, 756, 'Tonight', 419, 108, 3);
INSERT INTO song (song_id, album_id, name, duration_seconds, bpm, track_number) VALUES (5618, 756, 'Town break successful', 421, 129, 4);
INSERT INTO song (song_id, album_id, name, duration_seconds, bpm, track_number) VALUES (5619, 756, 'No', 343, 97, 5);
INSERT INTO song (song_id, album_id, name, duration_seconds, bpm, track_number) VALUES (5620, 756, 'Try', 397, 96, 6);
INSERT INTO song (song_id, album_id, name, duration_seconds, bpm, track_number) VALUES (5621, 756, 'With', 198, 107, 7);
INSERT INTO song (song_id, album_id, name, duration_seconds, bpm, track_number) VALUES (5622, 756, 'Recently', 169, 156, 8);
INSERT INTO album (album_id, artist_id, title, release_year, created_at) VALUES (757, 382, 'Synergistic value-added matrix', 2010, NOW());
INSERT INTO song (song_id, album_id, name, duration_seconds, bpm, track_number) VALUES (5623, 757, 'Investment too', 308, 86, 1);
INSERT INTO song (song_id, album_id, name, duration_seconds, bpm, track_number) VALUES (5624, 757, 'Similar house', 219, 108, 2);
INSERT INTO song (song_id, album_id, name, duration_seconds, bpm, track_number) VALUES (5625, 757, 'Oil service really trade', 122, 142, 3);
INSERT INTO song (song_id, album_id, name, duration_seconds, bpm, track_number) VALUES (5626, 757, 'Accept car', 381, 79, 4);
INSERT INTO song (song_id, album_id, name, duration_seconds, bpm, track_number) VALUES (5627, 757, 'Many bit anything', 470, 146, 5);
INSERT INTO song (song_id, album_id, name, duration_seconds, bpm, track_number) VALUES (5628, 757, 'Manage cost conference similar light', 302, 66, 6);
INSERT INTO song (song_id, album_id, name, duration_seconds, bpm, track_number) VALUES (5629, 757, 'Throw grow nor write', 262, 123, 7);
INSERT INTO song (song_id, album_id, name, duration_seconds, bpm, track_number) VALUES (5630, 757, 'Probably', 222, 79, 8);
INSERT INTO song (song_id, album_id, name, duration_seconds, bpm, track_number) VALUES (5631, 757, 'Return series', 423, 148, 9);
INSERT INTO album (album_id, artist_id, title, release_year, created_at) VALUES (758, 382, 'Balanced real-time application', 1996, NOW());
INSERT INTO song (song_id, album_id, name, duration_seconds, bpm, track_number) VALUES (5632, 758, 'Fine quickly', 399, 129, 1);
INSERT INTO song (song_id, album_id, name, duration_seconds, bpm, track_number) VALUES (5633, 758, 'Each', 401, 67, 2);
INSERT INTO song (song_id, album_id, name, duration_seconds, bpm, track_number) VALUES (5634, 758, 'Evidence', 312, 149, 3);
INSERT INTO song (song_id, album_id, name, duration_seconds, bpm, track_number) VALUES (5635, 758, 'Air base particularly attack building', 341, 96, 4);
INSERT INTO song (song_id, album_id, name, duration_seconds, bpm, track_number) VALUES (5636, 758, 'Notice wide', 224, 88, 5);
INSERT INTO song (song_id, album_id, name, duration_seconds, bpm, track_number) VALUES (5637, 758, 'Sound just', 392, 65, 6);
INSERT INTO song (song_id, album_id, name, duration_seconds, bpm, track_number) VALUES (5638, 758, 'National', 444, 156, 7);
INSERT INTO song (song_id, album_id, name, duration_seconds, bpm, track_number) VALUES (5639, 758, 'Never significant', 236, 76, 8);
INSERT INTO song (song_id, album_id, name, duration_seconds, bpm, track_number) VALUES (5640, 758, 'Occur arm', 452, 93, 9);
INSERT INTO song (song_id, album_id, name, duration_seconds, bpm, track_number) VALUES (5641, 758, 'Approach meet leg', 227, 61, 10);
INSERT INTO album (album_id, artist_id, title, release_year, created_at) VALUES (759, 382, 'Fully-configurable maximized middleware', 1995, NOW());
INSERT INTO song (song_id, album_id, name, duration_seconds, bpm, track_number) VALUES (5642, 759, 'Responsibility allow', 359, 66, 1);
INSERT INTO song (song_id, album_id, name, duration_seconds, bpm, track_number) VALUES (5643, 759, 'Necessary', 392, 105, 2);
INSERT INTO song (song_id, album_id, name, duration_seconds, bpm, track_number) VALUES (5644, 759, 'Purpose', 241, 169, 3);
INSERT INTO song (song_id, album_id, name, duration_seconds, bpm, track_number) VALUES (5645, 759, 'Charge one', 347, 151, 4);
INSERT INTO song (song_id, album_id, name, duration_seconds, bpm, track_number) VALUES (5646, 759, 'Pretty', 158, 108, 5);
INSERT INTO song (song_id, album_id, name, duration_seconds, bpm, track_number) VALUES (5647, 759, 'Business risk perform', 136, 106, 6);
INSERT INTO song (song_id, album_id, name, duration_seconds, bpm, track_number) VALUES (5648, 759, 'About never', 433, 88, 7);
INSERT INTO album (album_id, artist_id, title, release_year, created_at) VALUES (760, 383, 'Programmable cohesive groupware', 2016, NOW());
INSERT INTO song (song_id, album_id, name, duration_seconds, bpm, track_number) VALUES (5649, 760, 'Natural maybe send food friend', 274, 71, 1);
INSERT INTO song (song_id, album_id, name, duration_seconds, bpm, track_number) VALUES (5650, 760, 'Data speak', 182, 119, 2);
INSERT INTO song (song_id, album_id, name, duration_seconds, bpm, track_number) VALUES (5651, 760, 'Interesting military sure hand', 149, 180, 3);
INSERT INTO song (song_id, album_id, name, duration_seconds, bpm, track_number) VALUES (5652, 760, 'Too product', 131, 121, 4);
INSERT INTO song (song_id, album_id, name, duration_seconds, bpm, track_number) VALUES (5653, 760, 'Participant', 468, 147, 5);
INSERT INTO song (song_id, album_id, name, duration_seconds, bpm, track_number) VALUES (5654, 760, 'Also', 209, 128, 6);
INSERT INTO song (song_id, album_id, name, duration_seconds, bpm, track_number) VALUES (5655, 760, 'Lawyer season fire fear', 439, 87, 7);
INSERT INTO song (song_id, album_id, name, duration_seconds, bpm, track_number) VALUES (5656, 760, 'Voice another', 165, 103, 8);
INSERT INTO song (song_id, album_id, name, duration_seconds, bpm, track_number) VALUES (5657, 760, 'Lay main', 428, 127, 9);
INSERT INTO album (album_id, artist_id, title, release_year, created_at) VALUES (761, 383, 'Reduced composite benchmark', 1984, NOW());
INSERT INTO song (song_id, album_id, name, duration_seconds, bpm, track_number) VALUES (5658, 761, 'Next', 474, 169, 1);
INSERT INTO song (song_id, album_id, name, duration_seconds, bpm, track_number) VALUES (5659, 761, 'Major', 359, 79, 2);
INSERT INTO song (song_id, album_id, name, duration_seconds, bpm, track_number) VALUES (5660, 761, 'Color strategy', 365, 128, 3);
INSERT INTO song (song_id, album_id, name, duration_seconds, bpm, track_number) VALUES (5661, 761, 'Might ahead identify', 178, 69, 4);
INSERT INTO song (song_id, album_id, name, duration_seconds, bpm, track_number) VALUES (5662, 761, 'Traditional mouth value decision southern', 247, 62, 5);
INSERT INTO song (song_id, album_id, name, duration_seconds, bpm, track_number) VALUES (5663, 761, 'Bank successful', 238, 117, 6);
INSERT INTO song (song_id, album_id, name, duration_seconds, bpm, track_number) VALUES (5664, 761, 'Lawyer', 232, 124, 7);
INSERT INTO album (album_id, artist_id, title, release_year, created_at) VALUES (762, 383, 'Proactive systematic capacity', 2021, NOW());
INSERT INTO song (song_id, album_id, name, duration_seconds, bpm, track_number) VALUES (5665, 762, 'Bag make project', 414, 108, 1);
INSERT INTO song (song_id, album_id, name, duration_seconds, bpm, track_number) VALUES (5666, 762, 'Thing', 425, 150, 2);
INSERT INTO song (song_id, album_id, name, duration_seconds, bpm, track_number) VALUES (5667, 762, 'Tree cause use', 425, 72, 3);
INSERT INTO song (song_id, album_id, name, duration_seconds, bpm, track_number) VALUES (5668, 762, 'War wide', 353, 132, 4);
INSERT INTO song (song_id, album_id, name, duration_seconds, bpm, track_number) VALUES (5669, 762, 'Prepare', 408, 92, 5);
INSERT INTO song (song_id, album_id, name, duration_seconds, bpm, track_number) VALUES (5670, 762, 'Far', 457, 127, 6);
INSERT INTO song (song_id, album_id, name, duration_seconds, bpm, track_number) VALUES (5671, 762, 'Heavy', 242, 111, 7);
INSERT INTO song (song_id, album_id, name, duration_seconds, bpm, track_number) VALUES (5672, 762, 'Former me', 345, 151, 8);
INSERT INTO song (song_id, album_id, name, duration_seconds, bpm, track_number) VALUES (5673, 762, 'Home end', 423, 136, 9);
INSERT INTO song (song_id, album_id, name, duration_seconds, bpm, track_number) VALUES (5674, 762, 'Adult manage good sit', 403, 104, 10);
INSERT INTO album (album_id, artist_id, title, release_year, created_at) VALUES (763, 384, 'De-engineered stable encryption', 2025, NOW());
INSERT INTO song (song_id, album_id, name, duration_seconds, bpm, track_number) VALUES (5675, 763, 'Worry', 260, 106, 1);
INSERT INTO song (song_id, album_id, name, duration_seconds, bpm, track_number) VALUES (5676, 763, 'Fire', 433, 60, 2);
INSERT INTO song (song_id, album_id, name, duration_seconds, bpm, track_number) VALUES (5677, 763, 'Source', 205, 177, 3);
INSERT INTO song (song_id, album_id, name, duration_seconds, bpm, track_number) VALUES (5678, 763, 'Available experience player', 203, 163, 4);
INSERT INTO song (song_id, album_id, name, duration_seconds, bpm, track_number) VALUES (5679, 763, 'Financial beat', 144, 141, 5);
INSERT INTO song (song_id, album_id, name, duration_seconds, bpm, track_number) VALUES (5680, 763, 'Partner value', 242, 106, 6);
INSERT INTO song (song_id, album_id, name, duration_seconds, bpm, track_number) VALUES (5681, 763, 'The', 243, 131, 7);
INSERT INTO song (song_id, album_id, name, duration_seconds, bpm, track_number) VALUES (5682, 763, 'Young treatment', 272, 103, 8);
INSERT INTO song (song_id, album_id, name, duration_seconds, bpm, track_number) VALUES (5683, 763, 'Seem', 301, 77, 9);
INSERT INTO album (album_id, artist_id, title, release_year, created_at) VALUES (764, 384, 'Quality-focused explicit groupware', 1986, NOW());
INSERT INTO song (song_id, album_id, name, duration_seconds, bpm, track_number) VALUES (5684, 764, 'This other degree half', 368, 135, 1);
INSERT INTO song (song_id, album_id, name, duration_seconds, bpm, track_number) VALUES (5685, 764, 'Boy', 407, 178, 2);
INSERT INTO song (song_id, album_id, name, duration_seconds, bpm, track_number) VALUES (5686, 764, 'Space style relate', 292, 87, 3);
INSERT INTO song (song_id, album_id, name, duration_seconds, bpm, track_number) VALUES (5687, 764, 'Letter simple', 278, 176, 4);
INSERT INTO song (song_id, album_id, name, duration_seconds, bpm, track_number) VALUES (5688, 764, 'Claim work', 162, 76, 5);
INSERT INTO song (song_id, album_id, name, duration_seconds, bpm, track_number) VALUES (5689, 764, 'Reach positive spend', 305, 108, 6);
INSERT INTO song (song_id, album_id, name, duration_seconds, bpm, track_number) VALUES (5690, 764, 'Stand feeling scene', 135, 70, 7);
INSERT INTO song (song_id, album_id, name, duration_seconds, bpm, track_number) VALUES (5691, 764, 'Sea save', 318, 78, 8);
INSERT INTO song (song_id, album_id, name, duration_seconds, bpm, track_number) VALUES (5692, 764, 'Clear', 314, 151, 9);
INSERT INTO album (album_id, artist_id, title, release_year, created_at) VALUES (765, 384, 'User-friendly homogeneous website', 1972, NOW());
INSERT INTO song (song_id, album_id, name, duration_seconds, bpm, track_number) VALUES (5693, 765, 'Mouth next', 223, 84, 1);
INSERT INTO song (song_id, album_id, name, duration_seconds, bpm, track_number) VALUES (5694, 765, 'The trip accept', 161, 73, 2);
INSERT INTO song (song_id, album_id, name, duration_seconds, bpm, track_number) VALUES (5695, 765, 'Do little guy pattern', 281, 73, 3);
INSERT INTO song (song_id, album_id, name, duration_seconds, bpm, track_number) VALUES (5696, 765, 'Mother range', 205, 103, 4);
INSERT INTO song (song_id, album_id, name, duration_seconds, bpm, track_number) VALUES (5697, 765, 'Stage', 236, 79, 5);
INSERT INTO song (song_id, album_id, name, duration_seconds, bpm, track_number) VALUES (5698, 765, 'Hot newspaper', 151, 134, 6);
INSERT INTO song (song_id, album_id, name, duration_seconds, bpm, track_number) VALUES (5699, 765, 'Study', 424, 75, 7);
INSERT INTO song (song_id, album_id, name, duration_seconds, bpm, track_number) VALUES (5700, 765, 'Serious', 262, 92, 8);
INSERT INTO song (song_id, album_id, name, duration_seconds, bpm, track_number) VALUES (5701, 765, 'Value', 281, 107, 9);
INSERT INTO song (song_id, album_id, name, duration_seconds, bpm, track_number) VALUES (5702, 765, 'According beautiful', 406, 100, 10);
INSERT INTO album (album_id, artist_id, title, release_year, created_at) VALUES (766, 385, 'Programmable coherent encryption', 2001, NOW());
INSERT INTO song (song_id, album_id, name, duration_seconds, bpm, track_number) VALUES (5703, 766, 'Assume lead not price', 458, 80, 1);
INSERT INTO song (song_id, album_id, name, duration_seconds, bpm, track_number) VALUES (5704, 766, 'Food', 327, 120, 2);
INSERT INTO song (song_id, album_id, name, duration_seconds, bpm, track_number) VALUES (5705, 766, 'Hit dark', 417, 91, 3);
INSERT INTO song (song_id, album_id, name, duration_seconds, bpm, track_number) VALUES (5706, 766, 'Experience impact', 127, 91, 4);
INSERT INTO song (song_id, album_id, name, duration_seconds, bpm, track_number) VALUES (5707, 766, 'Recognize population', 397, 63, 5);
INSERT INTO song (song_id, album_id, name, duration_seconds, bpm, track_number) VALUES (5708, 766, 'Leader', 283, 156, 6);
INSERT INTO album (album_id, artist_id, title, release_year, created_at) VALUES (767, 385, 'Multi-tiered fault-tolerant solution', 2001, NOW());
INSERT INTO song (song_id, album_id, name, duration_seconds, bpm, track_number) VALUES (5709, 767, 'Cup bill act', 214, 63, 1);
INSERT INTO song (song_id, album_id, name, duration_seconds, bpm, track_number) VALUES (5710, 767, 'Player future', 320, 96, 2);
INSERT INTO song (song_id, album_id, name, duration_seconds, bpm, track_number) VALUES (5711, 767, 'Appear past', 390, 81, 3);
INSERT INTO song (song_id, album_id, name, duration_seconds, bpm, track_number) VALUES (5712, 767, 'Against tree', 390, 96, 4);
INSERT INTO song (song_id, album_id, name, duration_seconds, bpm, track_number) VALUES (5713, 767, 'Cold option', 299, 177, 5);
INSERT INTO song (song_id, album_id, name, duration_seconds, bpm, track_number) VALUES (5714, 767, 'Clearly', 269, 137, 6);
INSERT INTO song (song_id, album_id, name, duration_seconds, bpm, track_number) VALUES (5715, 767, 'Property become store', 420, 132, 7);
INSERT INTO song (song_id, album_id, name, duration_seconds, bpm, track_number) VALUES (5716, 767, 'Matter hundred partner within choose', 179, 104, 8);
INSERT INTO album (album_id, artist_id, title, release_year, created_at) VALUES (768, 385, 'User-centric responsive toolset', 2010, NOW());
INSERT INTO song (song_id, album_id, name, duration_seconds, bpm, track_number) VALUES (5717, 768, 'New', 402, 156, 1);
INSERT INTO song (song_id, album_id, name, duration_seconds, bpm, track_number) VALUES (5718, 768, 'Push argue', 416, 119, 2);
INSERT INTO song (song_id, album_id, name, duration_seconds, bpm, track_number) VALUES (5719, 768, 'Arm report sound', 330, 109, 3);
INSERT INTO song (song_id, album_id, name, duration_seconds, bpm, track_number) VALUES (5720, 768, 'Discuss', 311, 115, 4);
INSERT INTO song (song_id, album_id, name, duration_seconds, bpm, track_number) VALUES (5721, 768, 'Item represent skin left', 270, 139, 5);
INSERT INTO song (song_id, album_id, name, duration_seconds, bpm, track_number) VALUES (5722, 768, 'Beat development since', 467, 153, 6);
INSERT INTO song (song_id, album_id, name, duration_seconds, bpm, track_number) VALUES (5723, 768, 'Fact southern', 131, 155, 7);
INSERT INTO song (song_id, album_id, name, duration_seconds, bpm, track_number) VALUES (5724, 768, 'Respond behavior', 414, 115, 8);
INSERT INTO album (album_id, artist_id, title, release_year, created_at) VALUES (769, 386, 'Progressive cohesive hierarchy', 2025, NOW());
INSERT INTO song (song_id, album_id, name, duration_seconds, bpm, track_number) VALUES (5725, 769, 'Respond', 371, 166, 1);
INSERT INTO song (song_id, album_id, name, duration_seconds, bpm, track_number) VALUES (5726, 769, 'Size other first', 371, 154, 2);
INSERT INTO song (song_id, album_id, name, duration_seconds, bpm, track_number) VALUES (5727, 769, 'Improve anything generation', 295, 148, 3);
INSERT INTO song (song_id, album_id, name, duration_seconds, bpm, track_number) VALUES (5728, 769, 'Left', 287, 104, 4);
INSERT INTO song (song_id, album_id, name, duration_seconds, bpm, track_number) VALUES (5729, 769, 'Remember add travel', 370, 142, 5);
INSERT INTO song (song_id, album_id, name, duration_seconds, bpm, track_number) VALUES (5730, 769, 'Indicate', 186, 136, 6);
INSERT INTO song (song_id, album_id, name, duration_seconds, bpm, track_number) VALUES (5731, 769, 'Forget', 378, 85, 7);
INSERT INTO song (song_id, album_id, name, duration_seconds, bpm, track_number) VALUES (5732, 769, 'Rock find official', 227, 129, 8);
INSERT INTO album (album_id, artist_id, title, release_year, created_at) VALUES (770, 387, 'Devolved contextually-based website', 1982, NOW());
INSERT INTO song (song_id, album_id, name, duration_seconds, bpm, track_number) VALUES (5733, 770, 'Daughter drug toward scientist itself', 229, 75, 1);
INSERT INTO song (song_id, album_id, name, duration_seconds, bpm, track_number) VALUES (5734, 770, 'Agent', 203, 112, 2);
INSERT INTO song (song_id, album_id, name, duration_seconds, bpm, track_number) VALUES (5735, 770, 'Partner', 465, 74, 3);
INSERT INTO song (song_id, album_id, name, duration_seconds, bpm, track_number) VALUES (5736, 770, 'Mission', 319, 126, 4);
INSERT INTO song (song_id, album_id, name, duration_seconds, bpm, track_number) VALUES (5737, 770, 'Option high no analysis', 300, 62, 5);
INSERT INTO song (song_id, album_id, name, duration_seconds, bpm, track_number) VALUES (5738, 770, 'Lose', 269, 143, 6);
INSERT INTO song (song_id, album_id, name, duration_seconds, bpm, track_number) VALUES (5739, 770, 'Yard', 125, 92, 7);
INSERT INTO album (album_id, artist_id, title, release_year, created_at) VALUES (771, 388, 'Fundamental methodical core', 2021, NOW());
INSERT INTO song (song_id, album_id, name, duration_seconds, bpm, track_number) VALUES (5740, 771, 'Sense', 199, 91, 1);
INSERT INTO song (song_id, album_id, name, duration_seconds, bpm, track_number) VALUES (5741, 771, 'Send away', 169, 178, 2);
INSERT INTO song (song_id, album_id, name, duration_seconds, bpm, track_number) VALUES (5742, 771, 'Several us', 154, 150, 3);
INSERT INTO song (song_id, album_id, name, duration_seconds, bpm, track_number) VALUES (5743, 771, 'Brother', 426, 164, 4);
INSERT INTO song (song_id, album_id, name, duration_seconds, bpm, track_number) VALUES (5744, 771, 'Writer hour', 422, 145, 5);
INSERT INTO song (song_id, album_id, name, duration_seconds, bpm, track_number) VALUES (5745, 771, 'Stage', 405, 84, 6);
INSERT INTO song (song_id, album_id, name, duration_seconds, bpm, track_number) VALUES (5746, 771, 'Benefit if', 302, 153, 7);
INSERT INTO song (song_id, album_id, name, duration_seconds, bpm, track_number) VALUES (5747, 771, 'System game', 435, 89, 8);
INSERT INTO album (album_id, artist_id, title, release_year, created_at) VALUES (772, 389, 'Integrated analyzing capability', 2005, NOW());
INSERT INTO song (song_id, album_id, name, duration_seconds, bpm, track_number) VALUES (5748, 772, 'Much manager development available', 182, 163, 1);
INSERT INTO song (song_id, album_id, name, duration_seconds, bpm, track_number) VALUES (5749, 772, 'Moment compare', 365, 77, 2);
INSERT INTO song (song_id, album_id, name, duration_seconds, bpm, track_number) VALUES (5750, 772, 'Better', 123, 117, 3);
INSERT INTO song (song_id, album_id, name, duration_seconds, bpm, track_number) VALUES (5751, 772, 'Success', 455, 173, 4);
INSERT INTO song (song_id, album_id, name, duration_seconds, bpm, track_number) VALUES (5752, 772, 'Answer', 458, 102, 5);
INSERT INTO song (song_id, album_id, name, duration_seconds, bpm, track_number) VALUES (5753, 772, 'Citizen soon', 468, 165, 6);
INSERT INTO song (song_id, album_id, name, duration_seconds, bpm, track_number) VALUES (5754, 772, 'Attack hand individual finally', 201, 71, 7);
INSERT INTO album (album_id, artist_id, title, release_year, created_at) VALUES (773, 389, 'Inverse needs-based projection', 1988, NOW());
INSERT INTO song (song_id, album_id, name, duration_seconds, bpm, track_number) VALUES (5755, 773, 'Policy present', 409, 61, 1);
INSERT INTO song (song_id, album_id, name, duration_seconds, bpm, track_number) VALUES (5756, 773, 'Effort artist high', 308, 112, 2);
INSERT INTO song (song_id, album_id, name, duration_seconds, bpm, track_number) VALUES (5757, 773, 'Indicate need', 339, 134, 3);
INSERT INTO song (song_id, album_id, name, duration_seconds, bpm, track_number) VALUES (5758, 773, 'Ready actually everything', 256, 150, 4);
INSERT INTO song (song_id, album_id, name, duration_seconds, bpm, track_number) VALUES (5759, 773, 'Doctor leg', 238, 134, 5);
INSERT INTO song (song_id, album_id, name, duration_seconds, bpm, track_number) VALUES (5760, 773, 'Professional', 430, 108, 6);
INSERT INTO song (song_id, album_id, name, duration_seconds, bpm, track_number) VALUES (5761, 773, 'Senior edge', 454, 173, 7);
INSERT INTO song (song_id, album_id, name, duration_seconds, bpm, track_number) VALUES (5762, 773, 'Knowledge', 244, 76, 8);
INSERT INTO song (song_id, album_id, name, duration_seconds, bpm, track_number) VALUES (5763, 773, 'National network', 440, 120, 9);
INSERT INTO song (song_id, album_id, name, duration_seconds, bpm, track_number) VALUES (5764, 773, 'Law or', 433, 70, 10);
INSERT INTO album (album_id, artist_id, title, release_year, created_at) VALUES (774, 390, 'Business-focused national system engine', 1986, NOW());
INSERT INTO song (song_id, album_id, name, duration_seconds, bpm, track_number) VALUES (5765, 774, 'Drop', 134, 138, 1);
INSERT INTO song (song_id, album_id, name, duration_seconds, bpm, track_number) VALUES (5766, 774, 'Moment himself', 422, 137, 2);
INSERT INTO song (song_id, album_id, name, duration_seconds, bpm, track_number) VALUES (5767, 774, 'Toward economy', 254, 167, 3);
INSERT INTO song (song_id, album_id, name, duration_seconds, bpm, track_number) VALUES (5768, 774, 'Professional', 359, 159, 4);
INSERT INTO song (song_id, album_id, name, duration_seconds, bpm, track_number) VALUES (5769, 774, 'Suddenly', 265, 170, 5);
INSERT INTO song (song_id, album_id, name, duration_seconds, bpm, track_number) VALUES (5770, 774, 'Himself song seven subject', 289, 163, 6);
INSERT INTO song (song_id, album_id, name, duration_seconds, bpm, track_number) VALUES (5771, 774, 'Free', 192, 86, 7);
INSERT INTO song (song_id, album_id, name, duration_seconds, bpm, track_number) VALUES (5772, 774, 'Drive think time', 249, 166, 8);
INSERT INTO song (song_id, album_id, name, duration_seconds, bpm, track_number) VALUES (5773, 774, 'Chance', 184, 104, 9);
INSERT INTO album (album_id, artist_id, title, release_year, created_at) VALUES (775, 390, 'Centralized fault-tolerant artificial intelligence', 2019, NOW());
INSERT INTO song (song_id, album_id, name, duration_seconds, bpm, track_number) VALUES (5774, 775, 'Feeling', 304, 126, 1);
INSERT INTO song (song_id, album_id, name, duration_seconds, bpm, track_number) VALUES (5775, 775, 'Continue reduce', 362, 110, 2);
INSERT INTO song (song_id, album_id, name, duration_seconds, bpm, track_number) VALUES (5776, 775, 'Break', 296, 178, 3);
INSERT INTO song (song_id, album_id, name, duration_seconds, bpm, track_number) VALUES (5777, 775, 'Yard agreement approach', 388, 140, 4);
INSERT INTO song (song_id, album_id, name, duration_seconds, bpm, track_number) VALUES (5778, 775, 'Sure culture image', 436, 168, 5);
INSERT INTO song (song_id, album_id, name, duration_seconds, bpm, track_number) VALUES (5779, 775, 'Wide include produce third international', 439, 73, 6);
INSERT INTO song (song_id, album_id, name, duration_seconds, bpm, track_number) VALUES (5780, 775, 'Black', 259, 160, 7);
INSERT INTO song (song_id, album_id, name, duration_seconds, bpm, track_number) VALUES (5781, 775, 'Statement', 194, 73, 8);
INSERT INTO song (song_id, album_id, name, duration_seconds, bpm, track_number) VALUES (5782, 775, 'Identify', 241, 123, 9);
INSERT INTO album (album_id, artist_id, title, release_year, created_at) VALUES (776, 391, 'Profound empowering encryption', 2013, NOW());
INSERT INTO song (song_id, album_id, name, duration_seconds, bpm, track_number) VALUES (5783, 776, 'Once', 284, 100, 1);
INSERT INTO song (song_id, album_id, name, duration_seconds, bpm, track_number) VALUES (5784, 776, 'Than', 360, 130, 2);
INSERT INTO song (song_id, album_id, name, duration_seconds, bpm, track_number) VALUES (5785, 776, 'Can', 250, 164, 3);
INSERT INTO song (song_id, album_id, name, duration_seconds, bpm, track_number) VALUES (5786, 776, 'Spring', 451, 179, 4);
INSERT INTO song (song_id, album_id, name, duration_seconds, bpm, track_number) VALUES (5787, 776, 'Bring according', 127, 97, 5);
INSERT INTO song (song_id, album_id, name, duration_seconds, bpm, track_number) VALUES (5788, 776, 'Space', 292, 88, 6);
INSERT INTO album (album_id, artist_id, title, release_year, created_at) VALUES (777, 391, 'Mandatory asymmetric architecture', 1973, NOW());
INSERT INTO song (song_id, album_id, name, duration_seconds, bpm, track_number) VALUES (5789, 777, 'Director boy wear agent', 289, 161, 1);
INSERT INTO song (song_id, album_id, name, duration_seconds, bpm, track_number) VALUES (5790, 777, 'Instead', 421, 165, 2);
INSERT INTO song (song_id, album_id, name, duration_seconds, bpm, track_number) VALUES (5791, 777, 'Part', 246, 102, 3);
INSERT INTO song (song_id, album_id, name, duration_seconds, bpm, track_number) VALUES (5792, 777, 'Build food will name and', 252, 155, 4);
INSERT INTO song (song_id, album_id, name, duration_seconds, bpm, track_number) VALUES (5793, 777, 'This may lose', 471, 128, 5);
INSERT INTO song (song_id, album_id, name, duration_seconds, bpm, track_number) VALUES (5794, 777, 'Fine teacher', 366, 139, 6);
INSERT INTO song (song_id, album_id, name, duration_seconds, bpm, track_number) VALUES (5795, 777, 'Present', 240, 108, 7);
INSERT INTO album (album_id, artist_id, title, release_year, created_at) VALUES (778, 392, 'User-friendly bottom-line attitude', 2003, NOW());
INSERT INTO song (song_id, album_id, name, duration_seconds, bpm, track_number) VALUES (5796, 778, 'Stage', 212, 132, 1);
INSERT INTO song (song_id, album_id, name, duration_seconds, bpm, track_number) VALUES (5797, 778, 'Marriage late', 433, 116, 2);
INSERT INTO song (song_id, album_id, name, duration_seconds, bpm, track_number) VALUES (5798, 778, 'Congress', 460, 150, 3);
INSERT INTO song (song_id, album_id, name, duration_seconds, bpm, track_number) VALUES (5799, 778, 'Owner compare', 480, 160, 4);
INSERT INTO song (song_id, album_id, name, duration_seconds, bpm, track_number) VALUES (5800, 778, 'Strong', 439, 177, 5);
INSERT INTO song (song_id, album_id, name, duration_seconds, bpm, track_number) VALUES (5801, 778, 'Political watch whose', 269, 152, 6);
INSERT INTO album (album_id, artist_id, title, release_year, created_at) VALUES (779, 392, 'Digitized web-enabled forecast', 1998, NOW());
INSERT INTO song (song_id, album_id, name, duration_seconds, bpm, track_number) VALUES (5802, 779, 'Environmental', 227, 61, 1);
INSERT INTO song (song_id, album_id, name, duration_seconds, bpm, track_number) VALUES (5803, 779, 'North sound', 298, 140, 2);
INSERT INTO song (song_id, album_id, name, duration_seconds, bpm, track_number) VALUES (5804, 779, 'Tax type', 227, 71, 3);
INSERT INTO song (song_id, album_id, name, duration_seconds, bpm, track_number) VALUES (5805, 779, 'Lot my under fall thing', 129, 114, 4);
INSERT INTO song (song_id, album_id, name, duration_seconds, bpm, track_number) VALUES (5806, 779, 'Skill operation process', 177, 113, 5);
INSERT INTO song (song_id, album_id, name, duration_seconds, bpm, track_number) VALUES (5807, 779, 'Certainly organization machine fine himself', 181, 171, 6);
INSERT INTO album (album_id, artist_id, title, release_year, created_at) VALUES (780, 393, 'Expanded 5thgeneration installation', 2016, NOW());
INSERT INTO song (song_id, album_id, name, duration_seconds, bpm, track_number) VALUES (5808, 780, 'Start second', 163, 88, 1);
INSERT INTO song (song_id, album_id, name, duration_seconds, bpm, track_number) VALUES (5809, 780, 'Skill small', 291, 85, 2);
INSERT INTO song (song_id, album_id, name, duration_seconds, bpm, track_number) VALUES (5810, 780, 'Traditional', 155, 61, 3);
INSERT INTO song (song_id, album_id, name, duration_seconds, bpm, track_number) VALUES (5811, 780, 'Community clear chance', 217, 165, 4);
INSERT INTO song (song_id, album_id, name, duration_seconds, bpm, track_number) VALUES (5812, 780, 'Science', 357, 165, 5);
INSERT INTO song (song_id, album_id, name, duration_seconds, bpm, track_number) VALUES (5813, 780, 'Long well', 416, 101, 6);
INSERT INTO song (song_id, album_id, name, duration_seconds, bpm, track_number) VALUES (5814, 780, 'Mrs', 251, 88, 7);
INSERT INTO song (song_id, album_id, name, duration_seconds, bpm, track_number) VALUES (5815, 780, 'Fly respond', 238, 160, 8);
INSERT INTO album (album_id, artist_id, title, release_year, created_at) VALUES (781, 393, 'Organic transitional paradigm', 1992, NOW());
INSERT INTO song (song_id, album_id, name, duration_seconds, bpm, track_number) VALUES (5816, 781, 'Own politics', 206, 142, 1);
INSERT INTO song (song_id, album_id, name, duration_seconds, bpm, track_number) VALUES (5817, 781, 'Yes under', 316, 134, 2);
INSERT INTO song (song_id, album_id, name, duration_seconds, bpm, track_number) VALUES (5818, 781, 'Forget', 212, 105, 3);
INSERT INTO song (song_id, album_id, name, duration_seconds, bpm, track_number) VALUES (5819, 781, 'Little', 385, 129, 4);
INSERT INTO song (song_id, album_id, name, duration_seconds, bpm, track_number) VALUES (5820, 781, 'Exactly', 171, 94, 5);
INSERT INTO song (song_id, album_id, name, duration_seconds, bpm, track_number) VALUES (5821, 781, 'If truth conference song end', 290, 97, 6);
INSERT INTO album (album_id, artist_id, title, release_year, created_at) VALUES (782, 394, 'Switchable non-volatile groupware', 2016, NOW());
INSERT INTO song (song_id, album_id, name, duration_seconds, bpm, track_number) VALUES (5822, 782, 'Edge ready', 319, 103, 1);
INSERT INTO song (song_id, album_id, name, duration_seconds, bpm, track_number) VALUES (5823, 782, 'Type member', 294, 125, 2);
INSERT INTO song (song_id, album_id, name, duration_seconds, bpm, track_number) VALUES (5824, 782, 'Kitchen media', 315, 165, 3);
INSERT INTO song (song_id, album_id, name, duration_seconds, bpm, track_number) VALUES (5825, 782, 'Their page', 344, 165, 4);
INSERT INTO song (song_id, album_id, name, duration_seconds, bpm, track_number) VALUES (5826, 782, 'Food', 126, 156, 5);
INSERT INTO album (album_id, artist_id, title, release_year, created_at) VALUES (783, 394, 'Function-based zero tolerance collaboration', 1972, NOW());
INSERT INTO song (song_id, album_id, name, duration_seconds, bpm, track_number) VALUES (5827, 783, 'Country break hotel best', 146, 83, 1);
INSERT INTO song (song_id, album_id, name, duration_seconds, bpm, track_number) VALUES (5828, 783, 'Open', 153, 139, 2);
INSERT INTO song (song_id, album_id, name, duration_seconds, bpm, track_number) VALUES (5829, 783, 'Matter', 347, 152, 3);
INSERT INTO song (song_id, album_id, name, duration_seconds, bpm, track_number) VALUES (5830, 783, 'Respond education', 128, 71, 4);
INSERT INTO song (song_id, album_id, name, duration_seconds, bpm, track_number) VALUES (5831, 783, 'Job', 244, 176, 5);
INSERT INTO song (song_id, album_id, name, duration_seconds, bpm, track_number) VALUES (5832, 783, 'Cup', 124, 98, 6);
INSERT INTO album (album_id, artist_id, title, release_year, created_at) VALUES (784, 394, 'Seamless context-sensitive Graphic Interface', 2014, NOW());
INSERT INTO song (song_id, album_id, name, duration_seconds, bpm, track_number) VALUES (5833, 784, 'North rest answer', 288, 170, 1);
INSERT INTO song (song_id, album_id, name, duration_seconds, bpm, track_number) VALUES (5834, 784, 'Should', 306, 61, 2);
INSERT INTO song (song_id, album_id, name, duration_seconds, bpm, track_number) VALUES (5835, 784, 'Draw morning', 280, 139, 3);
INSERT INTO song (song_id, album_id, name, duration_seconds, bpm, track_number) VALUES (5836, 784, 'Degree citizen sea game', 274, 88, 4);
INSERT INTO song (song_id, album_id, name, duration_seconds, bpm, track_number) VALUES (5837, 784, 'Part', 395, 61, 5);
INSERT INTO song (song_id, album_id, name, duration_seconds, bpm, track_number) VALUES (5838, 784, 'Federal need mother', 154, 70, 6);
INSERT INTO song (song_id, album_id, name, duration_seconds, bpm, track_number) VALUES (5839, 784, 'Office', 162, 124, 7);
INSERT INTO song (song_id, album_id, name, duration_seconds, bpm, track_number) VALUES (5840, 784, 'Rich job', 393, 123, 8);
INSERT INTO album (album_id, artist_id, title, release_year, created_at) VALUES (785, 395, 'Virtual global parallelism', 2021, NOW());
INSERT INTO song (song_id, album_id, name, duration_seconds, bpm, track_number) VALUES (5841, 785, 'Organization executive however human skin', 432, 93, 1);
INSERT INTO song (song_id, album_id, name, duration_seconds, bpm, track_number) VALUES (5842, 785, 'Word', 216, 93, 2);
INSERT INTO song (song_id, album_id, name, duration_seconds, bpm, track_number) VALUES (5843, 785, 'Each picture', 162, 167, 3);
INSERT INTO song (song_id, album_id, name, duration_seconds, bpm, track_number) VALUES (5844, 785, 'Employee charge right behavior', 297, 108, 4);
INSERT INTO song (song_id, album_id, name, duration_seconds, bpm, track_number) VALUES (5845, 785, 'Suffer', 335, 88, 5);
INSERT INTO album (album_id, artist_id, title, release_year, created_at) VALUES (786, 395, 'Up-sized explicit flexibility', 1979, NOW());
INSERT INTO song (song_id, album_id, name, duration_seconds, bpm, track_number) VALUES (5846, 786, 'My several', 153, 98, 1);
INSERT INTO song (song_id, album_id, name, duration_seconds, bpm, track_number) VALUES (5847, 786, 'Final find', 134, 142, 2);
INSERT INTO song (song_id, album_id, name, duration_seconds, bpm, track_number) VALUES (5848, 786, 'Threat', 450, 168, 3);
INSERT INTO song (song_id, album_id, name, duration_seconds, bpm, track_number) VALUES (5849, 786, 'Radio', 319, 130, 4);
INSERT INTO song (song_id, album_id, name, duration_seconds, bpm, track_number) VALUES (5850, 786, 'Theory', 184, 115, 5);
INSERT INTO song (song_id, album_id, name, duration_seconds, bpm, track_number) VALUES (5851, 786, 'Town alone', 191, 109, 6);
INSERT INTO song (song_id, album_id, name, duration_seconds, bpm, track_number) VALUES (5852, 786, 'Democrat nice', 305, 72, 7);
INSERT INTO song (song_id, album_id, name, duration_seconds, bpm, track_number) VALUES (5853, 786, 'Education', 197, 164, 8);
INSERT INTO album (album_id, artist_id, title, release_year, created_at) VALUES (787, 395, 'Networked non-volatile artificial intelligence', 2000, NOW());
INSERT INTO song (song_id, album_id, name, duration_seconds, bpm, track_number) VALUES (5854, 787, 'Fall', 265, 93, 1);
INSERT INTO song (song_id, album_id, name, duration_seconds, bpm, track_number) VALUES (5855, 787, 'Hand discuss', 265, 147, 2);
INSERT INTO song (song_id, album_id, name, duration_seconds, bpm, track_number) VALUES (5856, 787, 'Mean ever', 337, 115, 3);
INSERT INTO song (song_id, album_id, name, duration_seconds, bpm, track_number) VALUES (5857, 787, 'Item', 474, 84, 4);
INSERT INTO song (song_id, album_id, name, duration_seconds, bpm, track_number) VALUES (5858, 787, 'Ball', 220, 97, 5);
INSERT INTO song (song_id, album_id, name, duration_seconds, bpm, track_number) VALUES (5859, 787, 'Not southern season', 190, 144, 6);
INSERT INTO song (song_id, album_id, name, duration_seconds, bpm, track_number) VALUES (5860, 787, 'Civil my', 353, 163, 7);
INSERT INTO album (album_id, artist_id, title, release_year, created_at) VALUES (788, 396, 'Universal background monitoring', 1993, NOW());
INSERT INTO song (song_id, album_id, name, duration_seconds, bpm, track_number) VALUES (5861, 788, 'Catch four', 447, 69, 1);
INSERT INTO song (song_id, album_id, name, duration_seconds, bpm, track_number) VALUES (5862, 788, 'Style part recognize firm recognize', 157, 90, 2);
INSERT INTO song (song_id, album_id, name, duration_seconds, bpm, track_number) VALUES (5863, 788, 'Area likely east', 279, 106, 3);
INSERT INTO song (song_id, album_id, name, duration_seconds, bpm, track_number) VALUES (5864, 788, 'Teacher right their', 363, 105, 4);
INSERT INTO song (song_id, album_id, name, duration_seconds, bpm, track_number) VALUES (5865, 788, 'Quality', 219, 132, 5);
INSERT INTO song (song_id, album_id, name, duration_seconds, bpm, track_number) VALUES (5866, 788, 'Director pay smile', 334, 157, 6);
INSERT INTO song (song_id, album_id, name, duration_seconds, bpm, track_number) VALUES (5867, 788, 'While staff garden', 472, 101, 7);
INSERT INTO song (song_id, album_id, name, duration_seconds, bpm, track_number) VALUES (5868, 788, 'Any show war', 375, 149, 8);
INSERT INTO album (album_id, artist_id, title, release_year, created_at) VALUES (789, 397, 'Configurable reciprocal ability', 2013, NOW());
INSERT INTO song (song_id, album_id, name, duration_seconds, bpm, track_number) VALUES (5869, 789, 'Simple', 216, 69, 1);
INSERT INTO song (song_id, album_id, name, duration_seconds, bpm, track_number) VALUES (5870, 789, 'Mouth exist', 265, 110, 2);
INSERT INTO song (song_id, album_id, name, duration_seconds, bpm, track_number) VALUES (5871, 789, 'Family former', 205, 118, 3);
INSERT INTO song (song_id, album_id, name, duration_seconds, bpm, track_number) VALUES (5872, 789, 'They fish', 455, 149, 4);
INSERT INTO song (song_id, album_id, name, duration_seconds, bpm, track_number) VALUES (5873, 789, 'Alone student thing', 339, 81, 5);
INSERT INTO song (song_id, album_id, name, duration_seconds, bpm, track_number) VALUES (5874, 789, 'Sea', 344, 82, 6);
INSERT INTO song (song_id, album_id, name, duration_seconds, bpm, track_number) VALUES (5875, 789, 'Spring', 302, 138, 7);
INSERT INTO album (album_id, artist_id, title, release_year, created_at) VALUES (790, 398, 'Decentralized demand-driven time-frame', 1994, NOW());
INSERT INTO song (song_id, album_id, name, duration_seconds, bpm, track_number) VALUES (5876, 790, 'Here', 458, 175, 1);
INSERT INTO song (song_id, album_id, name, duration_seconds, bpm, track_number) VALUES (5877, 790, 'Long', 429, 98, 2);
INSERT INTO song (song_id, album_id, name, duration_seconds, bpm, track_number) VALUES (5878, 790, 'Big', 247, 134, 3);
INSERT INTO song (song_id, album_id, name, duration_seconds, bpm, track_number) VALUES (5879, 790, 'Kind', 390, 165, 4);
INSERT INTO song (song_id, album_id, name, duration_seconds, bpm, track_number) VALUES (5880, 790, 'Since use black', 343, 88, 5);
INSERT INTO album (album_id, artist_id, title, release_year, created_at) VALUES (791, 399, 'Digitized secondary Graphical User Interface', 2005, NOW());
INSERT INTO song (song_id, album_id, name, duration_seconds, bpm, track_number) VALUES (5881, 791, 'Mind', 333, 132, 1);
INSERT INTO song (song_id, album_id, name, duration_seconds, bpm, track_number) VALUES (5882, 791, 'Avoid hard later', 444, 173, 2);
INSERT INTO song (song_id, album_id, name, duration_seconds, bpm, track_number) VALUES (5883, 791, 'Quickly', 326, 168, 3);
INSERT INTO song (song_id, album_id, name, duration_seconds, bpm, track_number) VALUES (5884, 791, 'You necessary', 198, 164, 4);
INSERT INTO song (song_id, album_id, name, duration_seconds, bpm, track_number) VALUES (5885, 791, 'Significant', 366, 153, 5);
INSERT INTO song (song_id, album_id, name, duration_seconds, bpm, track_number) VALUES (5886, 791, 'War new', 327, 107, 6);
INSERT INTO song (song_id, album_id, name, duration_seconds, bpm, track_number) VALUES (5887, 791, 'President control', 410, 113, 7);
INSERT INTO song (song_id, album_id, name, duration_seconds, bpm, track_number) VALUES (5888, 791, 'Break reduce with', 393, 121, 8);
INSERT INTO song (song_id, album_id, name, duration_seconds, bpm, track_number) VALUES (5889, 791, 'Lay defense', 142, 92, 9);
INSERT INTO song (song_id, album_id, name, duration_seconds, bpm, track_number) VALUES (5890, 791, 'If worry', 439, 139, 10);
INSERT INTO album (album_id, artist_id, title, release_year, created_at) VALUES (792, 400, 'Monitored system-worthy secured line', 2016, NOW());
INSERT INTO song (song_id, album_id, name, duration_seconds, bpm, track_number) VALUES (5891, 792, 'Fund', 170, 111, 1);
INSERT INTO song (song_id, album_id, name, duration_seconds, bpm, track_number) VALUES (5892, 792, 'Charge brother', 249, 77, 2);
INSERT INTO song (song_id, album_id, name, duration_seconds, bpm, track_number) VALUES (5893, 792, 'Party lot art', 411, 146, 3);
INSERT INTO song (song_id, album_id, name, duration_seconds, bpm, track_number) VALUES (5894, 792, 'Research', 208, 124, 4);
INSERT INTO song (song_id, album_id, name, duration_seconds, bpm, track_number) VALUES (5895, 792, 'Occur', 405, 132, 5);
INSERT INTO song (song_id, album_id, name, duration_seconds, bpm, track_number) VALUES (5896, 792, 'Fire', 148, 92, 6);
INSERT INTO song (song_id, album_id, name, duration_seconds, bpm, track_number) VALUES (5897, 792, 'Partner old', 343, 170, 7);
INSERT INTO song (song_id, album_id, name, duration_seconds, bpm, track_number) VALUES (5898, 792, 'Spring our', 426, 160, 8);
INSERT INTO song (song_id, album_id, name, duration_seconds, bpm, track_number) VALUES (5899, 792, 'Authority agency', 265, 71, 9);

-- INSERT STREAMING HISTORY
INSERT INTO streaming_history (user_id, song_id, played_at, device) VALUES (133, 47, '2025-04-06 10:21:35', 'mobile');
INSERT INTO streaming_history (user_id, song_id, played_at, device) VALUES (263, 2627, '2026-02-05 22:47:48', 'desktop');
INSERT INTO streaming_history (user_id, song_id, played_at, device) VALUES (126, 1930, '2025-11-04 11:55:52', 'mobile');
INSERT INTO streaming_history (user_id, song_id, played_at, device) VALUES (241, 5460, '2026-01-12 10:38:21', 'mobile');
INSERT INTO streaming_history (user_id, song_id, played_at, device) VALUES (209, 4208, '2025-10-09 05:27:15', 'desktop');
INSERT INTO streaming_history (user_id, song_id, played_at, device) VALUES (42, 3937, '2025-12-31 15:07:20', 'mobile');
INSERT INTO streaming_history (user_id, song_id, played_at, device) VALUES (207, 1292, '2025-11-18 15:11:42', 'smart_tv');
INSERT INTO streaming_history (user_id, song_id, played_at, device) VALUES (32, 1028, '2025-06-16 16:22:27', 'mobile');
INSERT INTO streaming_history (user_id, song_id, played_at, device) VALUES (219, 5069, '2025-10-15 08:12:05', 'smart_tv');
INSERT INTO streaming_history (user_id, song_id, played_at, device) VALUES (146, 539, '2025-09-14 15:31:18', 'desktop');
INSERT INTO streaming_history (user_id, song_id, played_at, device) VALUES (145, 2295, '2025-11-22 04:03:30', 'mobile');
INSERT INTO streaming_history (user_id, song_id, played_at, device) VALUES (121, 497, '2025-11-27 19:55:10', 'smart_tv');
INSERT INTO streaming_history (user_id, song_id, played_at, device) VALUES (218, 99, '2025-09-25 02:38:49', 'mobile');
INSERT INTO streaming_history (user_id, song_id, played_at, device) VALUES (205, 1482, '2026-03-04 07:56:05', 'tablet');
INSERT INTO streaming_history (user_id, song_id, played_at, device) VALUES (59, 1294, '2025-05-29 08:08:26', 'smart_tv');
INSERT INTO streaming_history (user_id, song_id, played_at, device) VALUES (128, 2449, '2025-12-23 16:45:29', 'desktop');
INSERT INTO streaming_history (user_id, song_id, played_at, device) VALUES (175, 5772, '2026-03-02 12:25:44', 'smart_tv');
INSERT INTO streaming_history (user_id, song_id, played_at, device) VALUES (237, 2523, '2025-07-15 02:13:12', 'smart_tv');
INSERT INTO streaming_history (user_id, song_id, played_at, device) VALUES (243, 5213, '2025-09-26 21:41:35', 'desktop');
INSERT INTO streaming_history (user_id, song_id, played_at, device) VALUES (107, 2760, '2025-05-03 10:02:40', 'smart_tv');
INSERT INTO streaming_history (user_id, song_id, played_at, device) VALUES (106, 613, '2025-08-11 04:57:37', 'desktop');
INSERT INTO streaming_history (user_id, song_id, played_at, device) VALUES (185, 659, '2025-05-25 04:53:01', 'desktop');
INSERT INTO streaming_history (user_id, song_id, played_at, device) VALUES (239, 4144, '2025-06-26 19:01:15', 'smart_tv');
INSERT INTO streaming_history (user_id, song_id, played_at, device) VALUES (41, 3461, '2025-10-08 19:11:34', 'tablet');
INSERT INTO streaming_history (user_id, song_id, played_at, device) VALUES (197, 2104, '2025-07-04 06:57:58', 'desktop');
INSERT INTO streaming_history (user_id, song_id, played_at, device) VALUES (272, 5397, '2025-08-08 16:15:57', 'desktop');
INSERT INTO streaming_history (user_id, song_id, played_at, device) VALUES (53, 3626, '2025-09-29 03:31:27', 'smart_tv');
INSERT INTO streaming_history (user_id, song_id, played_at, device) VALUES (249, 770, '2026-03-25 01:21:32', 'tablet');
INSERT INTO streaming_history (user_id, song_id, played_at, device) VALUES (140, 1695, '2025-04-19 14:12:14', 'desktop');
INSERT INTO streaming_history (user_id, song_id, played_at, device) VALUES (102, 1154, '2025-12-26 03:14:51', 'smart_tv');
INSERT INTO streaming_history (user_id, song_id, played_at, device) VALUES (61, 3127, '2025-12-05 07:40:04', 'mobile');
INSERT INTO streaming_history (user_id, song_id, played_at, device) VALUES (237, 5627, '2025-05-07 07:37:33', 'tablet');
INSERT INTO streaming_history (user_id, song_id, played_at, device) VALUES (121, 5560, '2025-09-24 08:58:17', 'smart_tv');
INSERT INTO streaming_history (user_id, song_id, played_at, device) VALUES (291, 5030, '2025-07-08 01:58:56', 'smart_tv');
INSERT INTO streaming_history (user_id, song_id, played_at, device) VALUES (123, 931, '2025-06-11 13:27:51', 'tablet');
INSERT INTO streaming_history (user_id, song_id, played_at, device) VALUES (20, 5439, '2026-03-17 14:16:51', 'tablet');
INSERT INTO streaming_history (user_id, song_id, played_at, device) VALUES (184, 3878, '2025-08-23 05:20:43', 'desktop');
INSERT INTO streaming_history (user_id, song_id, played_at, device) VALUES (34, 2687, '2026-01-22 07:52:18', 'desktop');
INSERT INTO streaming_history (user_id, song_id, played_at, device) VALUES (102, 2977, '2025-07-26 18:56:12', 'tablet');
INSERT INTO streaming_history (user_id, song_id, played_at, device) VALUES (228, 1177, '2025-12-23 06:50:42', 'desktop');
INSERT INTO streaming_history (user_id, song_id, played_at, device) VALUES (230, 106, '2025-07-01 18:53:41', 'mobile');
INSERT INTO streaming_history (user_id, song_id, played_at, device) VALUES (70, 4819, '2025-11-20 00:14:33', 'mobile');
INSERT INTO streaming_history (user_id, song_id, played_at, device) VALUES (239, 3812, '2026-03-22 23:02:59', 'tablet');
INSERT INTO streaming_history (user_id, song_id, played_at, device) VALUES (233, 831, '2025-04-17 00:02:04', 'smart_tv');
INSERT INTO streaming_history (user_id, song_id, played_at, device) VALUES (158, 1558, '2025-11-27 06:15:00', 'smart_tv');
INSERT INTO streaming_history (user_id, song_id, played_at, device) VALUES (208, 2107, '2026-02-16 23:24:54', 'smart_tv');
INSERT INTO streaming_history (user_id, song_id, played_at, device) VALUES (266, 3384, '2025-10-26 22:16:03', 'mobile');
INSERT INTO streaming_history (user_id, song_id, played_at, device) VALUES (63, 4475, '2025-05-13 19:49:39', 'mobile');
INSERT INTO streaming_history (user_id, song_id, played_at, device) VALUES (168, 1184, '2025-04-07 17:56:07', 'desktop');
INSERT INTO streaming_history (user_id, song_id, played_at, device) VALUES (140, 303, '2025-12-28 09:59:10', 'mobile');
INSERT INTO streaming_history (user_id, song_id, played_at, device) VALUES (278, 1966, '2025-12-23 22:47:52', 'mobile');
INSERT INTO streaming_history (user_id, song_id, played_at, device) VALUES (169, 471, '2026-03-19 12:37:37', 'desktop');
INSERT INTO streaming_history (user_id, song_id, played_at, device) VALUES (288, 1401, '2025-09-15 05:34:40', 'tablet');
INSERT INTO streaming_history (user_id, song_id, played_at, device) VALUES (18, 513, '2025-10-30 08:47:39', 'desktop');
INSERT INTO streaming_history (user_id, song_id, played_at, device) VALUES (97, 3150, '2025-12-16 02:44:23', 'smart_tv');
INSERT INTO streaming_history (user_id, song_id, played_at, device) VALUES (243, 2648, '2025-09-09 04:00:30', 'tablet');
INSERT INTO streaming_history (user_id, song_id, played_at, device) VALUES (95, 2081, '2025-07-15 23:39:16', 'desktop');
INSERT INTO streaming_history (user_id, song_id, played_at, device) VALUES (92, 4771, '2025-04-18 20:44:31', 'mobile');
INSERT INTO streaming_history (user_id, song_id, played_at, device) VALUES (19, 5306, '2026-02-19 10:14:13', 'smart_tv');
INSERT INTO streaming_history (user_id, song_id, played_at, device) VALUES (228, 4966, '2025-06-21 19:59:08', 'desktop');
INSERT INTO streaming_history (user_id, song_id, played_at, device) VALUES (13, 405, '2025-05-12 00:50:40', 'desktop');
INSERT INTO streaming_history (user_id, song_id, played_at, device) VALUES (84, 889, '2025-07-17 15:33:50', 'tablet');
INSERT INTO streaming_history (user_id, song_id, played_at, device) VALUES (104, 446, '2025-05-29 00:09:17', 'desktop');
INSERT INTO streaming_history (user_id, song_id, played_at, device) VALUES (126, 2571, '2025-12-30 23:09:40', 'tablet');
INSERT INTO streaming_history (user_id, song_id, played_at, device) VALUES (100, 4768, '2026-01-13 16:46:18', 'tablet');
INSERT INTO streaming_history (user_id, song_id, played_at, device) VALUES (110, 2286, '2025-11-17 16:37:55', 'mobile');
INSERT INTO streaming_history (user_id, song_id, played_at, device) VALUES (135, 3489, '2025-12-11 11:20:10', 'tablet');
INSERT INTO streaming_history (user_id, song_id, played_at, device) VALUES (102, 3433, '2026-02-03 20:59:43', 'tablet');
INSERT INTO streaming_history (user_id, song_id, played_at, device) VALUES (182, 3923, '2025-06-21 23:38:56', 'tablet');
INSERT INTO streaming_history (user_id, song_id, played_at, device) VALUES (7, 5130, '2025-08-22 14:01:29', 'tablet');
INSERT INTO streaming_history (user_id, song_id, played_at, device) VALUES (205, 4060, '2025-10-08 03:38:23', 'smart_tv');
INSERT INTO streaming_history (user_id, song_id, played_at, device) VALUES (299, 3064, '2025-08-11 08:48:05', 'smart_tv');
INSERT INTO streaming_history (user_id, song_id, played_at, device) VALUES (257, 4051, '2025-12-24 02:50:01', 'tablet');
INSERT INTO streaming_history (user_id, song_id, played_at, device) VALUES (70, 953, '2025-08-03 14:13:51', 'smart_tv');
INSERT INTO streaming_history (user_id, song_id, played_at, device) VALUES (228, 5421, '2025-09-29 17:52:16', 'tablet');
INSERT INTO streaming_history (user_id, song_id, played_at, device) VALUES (272, 1019, '2025-12-16 08:40:09', 'smart_tv');
INSERT INTO streaming_history (user_id, song_id, played_at, device) VALUES (179, 3563, '2026-01-08 17:02:23', 'tablet');
INSERT INTO streaming_history (user_id, song_id, played_at, device) VALUES (196, 4207, '2026-01-10 02:44:08', 'tablet');
INSERT INTO streaming_history (user_id, song_id, played_at, device) VALUES (143, 3554, '2025-04-22 07:58:04', 'desktop');
INSERT INTO streaming_history (user_id, song_id, played_at, device) VALUES (80, 584, '2026-01-28 16:16:01', 'desktop');
INSERT INTO streaming_history (user_id, song_id, played_at, device) VALUES (186, 3286, '2025-05-15 01:45:48', 'smart_tv');
INSERT INTO streaming_history (user_id, song_id, played_at, device) VALUES (7, 3590, '2025-11-22 23:54:21', 'tablet');
INSERT INTO streaming_history (user_id, song_id, played_at, device) VALUES (226, 5336, '2025-05-28 12:59:57', 'tablet');
INSERT INTO streaming_history (user_id, song_id, played_at, device) VALUES (94, 4171, '2025-05-06 13:03:12', 'smart_tv');
INSERT INTO streaming_history (user_id, song_id, played_at, device) VALUES (39, 210, '2025-06-10 09:26:05', 'desktop');
INSERT INTO streaming_history (user_id, song_id, played_at, device) VALUES (227, 272, '2025-06-03 08:10:01', 'mobile');
INSERT INTO streaming_history (user_id, song_id, played_at, device) VALUES (15, 4930, '2025-05-08 13:23:02', 'desktop');
INSERT INTO streaming_history (user_id, song_id, played_at, device) VALUES (24, 3216, '2026-02-10 00:41:37', 'desktop');
INSERT INTO streaming_history (user_id, song_id, played_at, device) VALUES (274, 2622, '2025-08-01 07:07:43', 'desktop');
INSERT INTO streaming_history (user_id, song_id, played_at, device) VALUES (239, 2271, '2025-08-11 03:21:17', 'desktop');
INSERT INTO streaming_history (user_id, song_id, played_at, device) VALUES (17, 1163, '2026-02-25 16:38:08', 'smart_tv');
INSERT INTO streaming_history (user_id, song_id, played_at, device) VALUES (49, 556, '2025-04-12 11:32:01', 'tablet');
INSERT INTO streaming_history (user_id, song_id, played_at, device) VALUES (39, 3282, '2025-03-28 18:59:55', 'tablet');
INSERT INTO streaming_history (user_id, song_id, played_at, device) VALUES (124, 1305, '2025-08-15 23:18:58', 'smart_tv');
INSERT INTO streaming_history (user_id, song_id, played_at, device) VALUES (186, 4440, '2025-11-10 12:49:46', 'smart_tv');
INSERT INTO streaming_history (user_id, song_id, played_at, device) VALUES (177, 3811, '2026-01-18 04:11:15', 'tablet');
INSERT INTO streaming_history (user_id, song_id, played_at, device) VALUES (167, 3463, '2025-11-06 17:10:06', 'desktop');
INSERT INTO streaming_history (user_id, song_id, played_at, device) VALUES (85, 4320, '2026-02-13 22:59:04', 'tablet');
INSERT INTO streaming_history (user_id, song_id, played_at, device) VALUES (183, 252, '2025-09-08 12:44:05', 'tablet');
INSERT INTO streaming_history (user_id, song_id, played_at, device) VALUES (170, 4542, '2025-09-27 06:09:25', 'desktop');
INSERT INTO streaming_history (user_id, song_id, played_at, device) VALUES (164, 3540, '2025-09-03 03:56:58', 'mobile');
INSERT INTO streaming_history (user_id, song_id, played_at, device) VALUES (13, 5465, '2025-04-20 12:24:46', 'smart_tv');
INSERT INTO streaming_history (user_id, song_id, played_at, device) VALUES (242, 537, '2025-12-18 06:15:05', 'smart_tv');
INSERT INTO streaming_history (user_id, song_id, played_at, device) VALUES (149, 2187, '2026-02-23 09:41:06', 'smart_tv');
INSERT INTO streaming_history (user_id, song_id, played_at, device) VALUES (153, 1967, '2026-03-02 23:19:21', 'mobile');
INSERT INTO streaming_history (user_id, song_id, played_at, device) VALUES (95, 403, '2025-08-09 21:38:14', 'tablet');
INSERT INTO streaming_history (user_id, song_id, played_at, device) VALUES (243, 5075, '2025-11-10 22:10:57', 'mobile');
INSERT INTO streaming_history (user_id, song_id, played_at, device) VALUES (197, 5030, '2026-03-14 21:21:26', 'mobile');
INSERT INTO streaming_history (user_id, song_id, played_at, device) VALUES (65, 4909, '2025-06-11 06:25:37', 'mobile');
INSERT INTO streaming_history (user_id, song_id, played_at, device) VALUES (35, 4621, '2026-01-22 17:42:03', 'mobile');
INSERT INTO streaming_history (user_id, song_id, played_at, device) VALUES (185, 3474, '2025-04-02 11:13:57', 'tablet');
INSERT INTO streaming_history (user_id, song_id, played_at, device) VALUES (92, 724, '2025-11-09 00:10:07', 'tablet');
INSERT INTO streaming_history (user_id, song_id, played_at, device) VALUES (49, 4596, '2025-12-01 20:12:20', 'tablet');
INSERT INTO streaming_history (user_id, song_id, played_at, device) VALUES (139, 4306, '2025-12-17 13:04:26', 'mobile');
INSERT INTO streaming_history (user_id, song_id, played_at, device) VALUES (64, 3665, '2025-06-08 02:10:34', 'tablet');
INSERT INTO streaming_history (user_id, song_id, played_at, device) VALUES (4, 2890, '2025-07-24 13:01:46', 'smart_tv');
INSERT INTO streaming_history (user_id, song_id, played_at, device) VALUES (234, 3338, '2025-07-25 04:52:18', 'mobile');
INSERT INTO streaming_history (user_id, song_id, played_at, device) VALUES (63, 1039, '2025-06-08 10:01:32', 'desktop');
INSERT INTO streaming_history (user_id, song_id, played_at, device) VALUES (164, 1612, '2025-09-29 04:15:56', 'tablet');
INSERT INTO streaming_history (user_id, song_id, played_at, device) VALUES (281, 3553, '2025-09-07 11:09:40', 'desktop');
INSERT INTO streaming_history (user_id, song_id, played_at, device) VALUES (149, 1037, '2025-09-09 16:04:27', 'smart_tv');
INSERT INTO streaming_history (user_id, song_id, played_at, device) VALUES (216, 275, '2025-05-10 18:16:43', 'desktop');
INSERT INTO streaming_history (user_id, song_id, played_at, device) VALUES (113, 833, '2025-06-22 02:05:21', 'mobile');
INSERT INTO streaming_history (user_id, song_id, played_at, device) VALUES (230, 3992, '2026-03-23 17:41:49', 'desktop');
INSERT INTO streaming_history (user_id, song_id, played_at, device) VALUES (27, 3209, '2025-09-30 22:27:12', 'smart_tv');
INSERT INTO streaming_history (user_id, song_id, played_at, device) VALUES (209, 2943, '2025-05-23 10:33:56', 'smart_tv');
INSERT INTO streaming_history (user_id, song_id, played_at, device) VALUES (75, 4174, '2026-01-03 21:36:42', 'tablet');
INSERT INTO streaming_history (user_id, song_id, played_at, device) VALUES (83, 5342, '2025-07-15 15:30:14', 'desktop');
INSERT INTO streaming_history (user_id, song_id, played_at, device) VALUES (51, 5553, '2026-02-28 00:44:01', 'tablet');
INSERT INTO streaming_history (user_id, song_id, played_at, device) VALUES (11, 3050, '2025-11-10 11:18:06', 'mobile');
INSERT INTO streaming_history (user_id, song_id, played_at, device) VALUES (247, 3400, '2026-01-14 08:25:09', 'mobile');
INSERT INTO streaming_history (user_id, song_id, played_at, device) VALUES (185, 719, '2025-08-15 13:51:16', 'desktop');
INSERT INTO streaming_history (user_id, song_id, played_at, device) VALUES (178, 1472, '2025-08-13 18:34:00', 'desktop');
INSERT INTO streaming_history (user_id, song_id, played_at, device) VALUES (187, 2685, '2025-08-22 08:34:04', 'tablet');
INSERT INTO streaming_history (user_id, song_id, played_at, device) VALUES (177, 5894, '2025-05-12 22:36:32', 'mobile');
INSERT INTO streaming_history (user_id, song_id, played_at, device) VALUES (238, 788, '2025-08-20 06:03:10', 'smart_tv');
INSERT INTO streaming_history (user_id, song_id, played_at, device) VALUES (129, 1831, '2026-03-13 01:53:50', 'mobile');
INSERT INTO streaming_history (user_id, song_id, played_at, device) VALUES (88, 5440, '2026-02-13 06:59:22', 'tablet');
INSERT INTO streaming_history (user_id, song_id, played_at, device) VALUES (217, 3875, '2025-10-01 06:01:03', 'mobile');
INSERT INTO streaming_history (user_id, song_id, played_at, device) VALUES (177, 3974, '2026-03-04 08:29:01', 'mobile');
INSERT INTO streaming_history (user_id, song_id, played_at, device) VALUES (300, 1996, '2025-12-30 02:49:15', 'mobile');
INSERT INTO streaming_history (user_id, song_id, played_at, device) VALUES (199, 1000, '2025-09-15 17:28:40', 'desktop');
INSERT INTO streaming_history (user_id, song_id, played_at, device) VALUES (70, 3435, '2025-08-22 18:30:06', 'smart_tv');
INSERT INTO streaming_history (user_id, song_id, played_at, device) VALUES (145, 3624, '2025-12-12 13:25:13', 'desktop');
INSERT INTO streaming_history (user_id, song_id, played_at, device) VALUES (197, 1151, '2025-08-26 03:23:26', 'smart_tv');
INSERT INTO streaming_history (user_id, song_id, played_at, device) VALUES (284, 3568, '2025-03-28 22:02:05', 'tablet');
INSERT INTO streaming_history (user_id, song_id, played_at, device) VALUES (236, 5140, '2026-03-18 19:17:53', 'tablet');
INSERT INTO streaming_history (user_id, song_id, played_at, device) VALUES (266, 5334, '2026-01-22 11:28:58', 'tablet');
INSERT INTO streaming_history (user_id, song_id, played_at, device) VALUES (299, 5588, '2026-03-03 14:21:37', 'smart_tv');
INSERT INTO streaming_history (user_id, song_id, played_at, device) VALUES (179, 4229, '2025-08-20 21:58:39', 'tablet');
INSERT INTO streaming_history (user_id, song_id, played_at, device) VALUES (125, 5369, '2026-02-12 09:02:33', 'smart_tv');
INSERT INTO streaming_history (user_id, song_id, played_at, device) VALUES (9, 1659, '2026-02-16 00:12:24', 'tablet');
INSERT INTO streaming_history (user_id, song_id, played_at, device) VALUES (105, 5687, '2025-08-13 10:08:02', 'smart_tv');
INSERT INTO streaming_history (user_id, song_id, played_at, device) VALUES (10, 5821, '2025-06-07 01:07:03', 'desktop');
INSERT INTO streaming_history (user_id, song_id, played_at, device) VALUES (117, 1073, '2025-04-28 18:49:43', 'mobile');
INSERT INTO streaming_history (user_id, song_id, played_at, device) VALUES (271, 1, '2025-07-14 11:13:37', 'smart_tv');
INSERT INTO streaming_history (user_id, song_id, played_at, device) VALUES (199, 2902, '2025-09-30 12:35:40', 'desktop');
INSERT INTO streaming_history (user_id, song_id, played_at, device) VALUES (8, 1524, '2025-03-28 16:14:48', 'tablet');
INSERT INTO streaming_history (user_id, song_id, played_at, device) VALUES (235, 1184, '2025-08-10 02:32:23', 'desktop');
INSERT INTO streaming_history (user_id, song_id, played_at, device) VALUES (170, 2695, '2025-04-20 19:39:42', 'smart_tv');
INSERT INTO streaming_history (user_id, song_id, played_at, device) VALUES (293, 4362, '2025-05-19 20:12:27', 'smart_tv');
INSERT INTO streaming_history (user_id, song_id, played_at, device) VALUES (211, 1452, '2025-05-22 10:38:25', 'smart_tv');
INSERT INTO streaming_history (user_id, song_id, played_at, device) VALUES (135, 1604, '2025-05-12 03:51:31', 'desktop');
INSERT INTO streaming_history (user_id, song_id, played_at, device) VALUES (130, 5702, '2026-02-02 03:39:17', 'smart_tv');
INSERT INTO streaming_history (user_id, song_id, played_at, device) VALUES (75, 2595, '2026-01-22 03:37:32', 'mobile');
INSERT INTO streaming_history (user_id, song_id, played_at, device) VALUES (155, 3849, '2025-12-05 04:50:00', 'smart_tv');
INSERT INTO streaming_history (user_id, song_id, played_at, device) VALUES (253, 5128, '2025-05-12 02:39:43', 'tablet');
INSERT INTO streaming_history (user_id, song_id, played_at, device) VALUES (284, 5650, '2026-01-12 23:35:50', 'smart_tv');
INSERT INTO streaming_history (user_id, song_id, played_at, device) VALUES (87, 4783, '2026-01-22 07:54:42', 'tablet');
INSERT INTO streaming_history (user_id, song_id, played_at, device) VALUES (39, 5644, '2025-11-10 11:54:10', 'mobile');
INSERT INTO streaming_history (user_id, song_id, played_at, device) VALUES (96, 1120, '2025-03-29 17:21:52', 'desktop');
INSERT INTO streaming_history (user_id, song_id, played_at, device) VALUES (64, 4018, '2025-06-09 04:24:34', 'desktop');
INSERT INTO streaming_history (user_id, song_id, played_at, device) VALUES (130, 3584, '2026-02-28 20:58:23', 'smart_tv');
INSERT INTO streaming_history (user_id, song_id, played_at, device) VALUES (139, 4398, '2025-06-23 04:35:48', 'tablet');
INSERT INTO streaming_history (user_id, song_id, played_at, device) VALUES (117, 1094, '2025-12-26 10:47:01', 'tablet');
INSERT INTO streaming_history (user_id, song_id, played_at, device) VALUES (201, 2654, '2025-10-17 05:46:27', 'mobile');
INSERT INTO streaming_history (user_id, song_id, played_at, device) VALUES (68, 3758, '2025-07-17 11:50:11', 'desktop');
INSERT INTO streaming_history (user_id, song_id, played_at, device) VALUES (131, 2629, '2025-08-11 10:56:28', 'desktop');
INSERT INTO streaming_history (user_id, song_id, played_at, device) VALUES (236, 4016, '2025-03-29 06:58:32', 'mobile');
INSERT INTO streaming_history (user_id, song_id, played_at, device) VALUES (110, 3335, '2025-04-05 03:59:14', 'mobile');
INSERT INTO streaming_history (user_id, song_id, played_at, device) VALUES (171, 389, '2026-03-17 20:12:24', 'mobile');
INSERT INTO streaming_history (user_id, song_id, played_at, device) VALUES (252, 5467, '2025-05-08 11:58:19', 'tablet');
INSERT INTO streaming_history (user_id, song_id, played_at, device) VALUES (101, 4028, '2025-12-30 06:29:14', 'mobile');
INSERT INTO streaming_history (user_id, song_id, played_at, device) VALUES (145, 1893, '2026-02-18 05:00:22', 'mobile');
INSERT INTO streaming_history (user_id, song_id, played_at, device) VALUES (186, 369, '2026-03-13 00:10:10', 'desktop');
INSERT INTO streaming_history (user_id, song_id, played_at, device) VALUES (277, 1742, '2025-07-08 10:44:25', 'desktop');
INSERT INTO streaming_history (user_id, song_id, played_at, device) VALUES (133, 5692, '2026-02-05 08:37:07', 'desktop');
INSERT INTO streaming_history (user_id, song_id, played_at, device) VALUES (300, 5506, '2025-12-05 01:37:13', 'tablet');
INSERT INTO streaming_history (user_id, song_id, played_at, device) VALUES (49, 1959, '2025-12-29 05:03:00', 'smart_tv');
INSERT INTO streaming_history (user_id, song_id, played_at, device) VALUES (288, 3535, '2025-10-20 15:25:29', 'smart_tv');
INSERT INTO streaming_history (user_id, song_id, played_at, device) VALUES (73, 1097, '2026-02-07 17:54:35', 'desktop');
INSERT INTO streaming_history (user_id, song_id, played_at, device) VALUES (7, 2658, '2025-04-03 18:46:52', 'mobile');
INSERT INTO streaming_history (user_id, song_id, played_at, device) VALUES (112, 837, '2025-08-23 06:04:01', 'tablet');
INSERT INTO streaming_history (user_id, song_id, played_at, device) VALUES (27, 76, '2025-04-04 13:44:18', 'desktop');
INSERT INTO streaming_history (user_id, song_id, played_at, device) VALUES (255, 3282, '2026-02-17 19:23:57', 'tablet');
INSERT INTO streaming_history (user_id, song_id, played_at, device) VALUES (148, 3985, '2026-02-01 15:28:29', 'tablet');
INSERT INTO streaming_history (user_id, song_id, played_at, device) VALUES (45, 309, '2025-07-19 18:04:53', 'smart_tv');
INSERT INTO streaming_history (user_id, song_id, played_at, device) VALUES (85, 307, '2026-02-03 06:03:07', 'smart_tv');
INSERT INTO streaming_history (user_id, song_id, played_at, device) VALUES (149, 2145, '2026-02-02 07:58:53', 'smart_tv');
INSERT INTO streaming_history (user_id, song_id, played_at, device) VALUES (42, 5627, '2025-04-19 19:04:08', 'tablet');
INSERT INTO streaming_history (user_id, song_id, played_at, device) VALUES (278, 5437, '2025-10-09 22:33:22', 'smart_tv');
INSERT INTO streaming_history (user_id, song_id, played_at, device) VALUES (45, 5639, '2025-04-30 00:17:59', 'smart_tv');
INSERT INTO streaming_history (user_id, song_id, played_at, device) VALUES (48, 5175, '2025-10-26 01:31:40', 'mobile');
INSERT INTO streaming_history (user_id, song_id, played_at, device) VALUES (207, 4198, '2025-09-12 02:35:57', 'desktop');
INSERT INTO streaming_history (user_id, song_id, played_at, device) VALUES (188, 4852, '2025-08-05 11:08:35', 'tablet');
INSERT INTO streaming_history (user_id, song_id, played_at, device) VALUES (14, 4409, '2025-06-13 04:23:56', 'desktop');
INSERT INTO streaming_history (user_id, song_id, played_at, device) VALUES (31, 1814, '2025-10-14 17:16:24', 'mobile');
INSERT INTO streaming_history (user_id, song_id, played_at, device) VALUES (262, 2143, '2025-11-11 11:38:11', 'tablet');
INSERT INTO streaming_history (user_id, song_id, played_at, device) VALUES (211, 4403, '2025-10-18 17:32:29', 'desktop');
INSERT INTO streaming_history (user_id, song_id, played_at, device) VALUES (9, 962, '2025-07-19 17:11:28', 'desktop');
INSERT INTO streaming_history (user_id, song_id, played_at, device) VALUES (245, 1792, '2025-06-19 10:01:43', 'tablet');
INSERT INTO streaming_history (user_id, song_id, played_at, device) VALUES (249, 3570, '2025-09-04 22:28:09', 'smart_tv');
INSERT INTO streaming_history (user_id, song_id, played_at, device) VALUES (220, 5500, '2025-06-23 03:03:16', 'desktop');
INSERT INTO streaming_history (user_id, song_id, played_at, device) VALUES (93, 3386, '2025-06-20 22:44:50', 'smart_tv');
INSERT INTO streaming_history (user_id, song_id, played_at, device) VALUES (287, 4106, '2025-08-10 12:02:38', 'desktop');
INSERT INTO streaming_history (user_id, song_id, played_at, device) VALUES (286, 1463, '2025-12-06 14:21:29', 'desktop');
INSERT INTO streaming_history (user_id, song_id, played_at, device) VALUES (119, 424, '2025-10-07 04:22:00', 'tablet');
INSERT INTO streaming_history (user_id, song_id, played_at, device) VALUES (219, 4840, '2025-11-12 14:16:01', 'desktop');
INSERT INTO streaming_history (user_id, song_id, played_at, device) VALUES (156, 4907, '2025-05-17 18:59:29', 'mobile');
INSERT INTO streaming_history (user_id, song_id, played_at, device) VALUES (209, 1335, '2026-02-14 15:09:54', 'smart_tv');
INSERT INTO streaming_history (user_id, song_id, played_at, device) VALUES (209, 3299, '2025-05-21 05:10:53', 'mobile');
INSERT INTO streaming_history (user_id, song_id, played_at, device) VALUES (220, 4267, '2025-08-22 20:49:23', 'tablet');
INSERT INTO streaming_history (user_id, song_id, played_at, device) VALUES (111, 2653, '2026-03-24 04:59:28', 'smart_tv');
INSERT INTO streaming_history (user_id, song_id, played_at, device) VALUES (227, 1712, '2025-06-07 13:14:09', 'tablet');
INSERT INTO streaming_history (user_id, song_id, played_at, device) VALUES (256, 1535, '2025-11-21 23:22:10', 'smart_tv');
INSERT INTO streaming_history (user_id, song_id, played_at, device) VALUES (117, 4564, '2025-07-04 02:34:22', 'desktop');
INSERT INTO streaming_history (user_id, song_id, played_at, device) VALUES (18, 268, '2025-06-13 22:10:01', 'desktop');
INSERT INTO streaming_history (user_id, song_id, played_at, device) VALUES (203, 4762, '2025-08-08 17:30:50', 'desktop');
INSERT INTO streaming_history (user_id, song_id, played_at, device) VALUES (80, 2105, '2025-12-10 14:35:50', 'tablet');
INSERT INTO streaming_history (user_id, song_id, played_at, device) VALUES (258, 1477, '2025-07-05 03:32:48', 'smart_tv');
INSERT INTO streaming_history (user_id, song_id, played_at, device) VALUES (213, 3538, '2025-07-11 11:22:39', 'mobile');
INSERT INTO streaming_history (user_id, song_id, played_at, device) VALUES (128, 2864, '2025-07-04 00:19:27', 'smart_tv');
INSERT INTO streaming_history (user_id, song_id, played_at, device) VALUES (137, 2831, '2025-09-04 11:59:19', 'tablet');
INSERT INTO streaming_history (user_id, song_id, played_at, device) VALUES (215, 5863, '2026-03-04 03:17:08', 'desktop');
INSERT INTO streaming_history (user_id, song_id, played_at, device) VALUES (290, 1488, '2025-11-30 16:09:31', 'smart_tv');
INSERT INTO streaming_history (user_id, song_id, played_at, device) VALUES (102, 435, '2025-12-27 06:52:24', 'tablet');
INSERT INTO streaming_history (user_id, song_id, played_at, device) VALUES (40, 336, '2025-05-17 08:58:48', 'mobile');
INSERT INTO streaming_history (user_id, song_id, played_at, device) VALUES (284, 2829, '2025-10-28 09:10:15', 'mobile');
INSERT INTO streaming_history (user_id, song_id, played_at, device) VALUES (168, 4886, '2025-09-20 05:33:45', 'smart_tv');
INSERT INTO streaming_history (user_id, song_id, played_at, device) VALUES (221, 4559, '2026-02-14 03:27:42', 'desktop');
INSERT INTO streaming_history (user_id, song_id, played_at, device) VALUES (53, 2104, '2026-02-15 12:46:55', 'desktop');
INSERT INTO streaming_history (user_id, song_id, played_at, device) VALUES (257, 2705, '2025-08-31 13:03:05', 'tablet');
INSERT INTO streaming_history (user_id, song_id, played_at, device) VALUES (18, 4977, '2025-06-16 12:08:18', 'mobile');
INSERT INTO streaming_history (user_id, song_id, played_at, device) VALUES (199, 2070, '2025-12-09 05:09:13', 'smart_tv');
INSERT INTO streaming_history (user_id, song_id, played_at, device) VALUES (136, 2327, '2025-09-02 18:39:40', 'smart_tv');
INSERT INTO streaming_history (user_id, song_id, played_at, device) VALUES (79, 4724, '2025-05-05 11:25:51', 'mobile');
INSERT INTO streaming_history (user_id, song_id, played_at, device) VALUES (204, 1723, '2025-08-23 05:56:19', 'mobile');
INSERT INTO streaming_history (user_id, song_id, played_at, device) VALUES (241, 5723, '2025-08-18 12:37:11', 'mobile');
INSERT INTO streaming_history (user_id, song_id, played_at, device) VALUES (53, 2196, '2026-03-06 10:05:41', 'tablet');
INSERT INTO streaming_history (user_id, song_id, played_at, device) VALUES (131, 4885, '2025-10-16 09:38:52', 'smart_tv');
INSERT INTO streaming_history (user_id, song_id, played_at, device) VALUES (154, 2470, '2025-06-26 16:55:58', 'smart_tv');
INSERT INTO streaming_history (user_id, song_id, played_at, device) VALUES (73, 1842, '2025-06-12 17:29:35', 'smart_tv');
INSERT INTO streaming_history (user_id, song_id, played_at, device) VALUES (220, 3526, '2025-04-30 02:00:16', 'desktop');
INSERT INTO streaming_history (user_id, song_id, played_at, device) VALUES (119, 758, '2025-04-20 15:11:58', 'desktop');
INSERT INTO streaming_history (user_id, song_id, played_at, device) VALUES (274, 3737, '2026-01-14 16:30:02', 'tablet');
INSERT INTO streaming_history (user_id, song_id, played_at, device) VALUES (254, 2896, '2025-05-12 02:28:45', 'desktop');
INSERT INTO streaming_history (user_id, song_id, played_at, device) VALUES (247, 2968, '2026-01-20 03:44:35', 'desktop');
INSERT INTO streaming_history (user_id, song_id, played_at, device) VALUES (189, 3396, '2025-04-03 13:50:38', 'desktop');
INSERT INTO streaming_history (user_id, song_id, played_at, device) VALUES (296, 1116, '2025-08-30 09:25:50', 'desktop');
INSERT INTO streaming_history (user_id, song_id, played_at, device) VALUES (173, 72, '2025-09-03 13:12:27', 'smart_tv');
INSERT INTO streaming_history (user_id, song_id, played_at, device) VALUES (87, 472, '2025-11-21 12:16:27', 'mobile');
INSERT INTO streaming_history (user_id, song_id, played_at, device) VALUES (255, 5159, '2026-03-15 19:55:54', 'tablet');
INSERT INTO streaming_history (user_id, song_id, played_at, device) VALUES (101, 2551, '2026-02-07 09:56:21', 'smart_tv');
INSERT INTO streaming_history (user_id, song_id, played_at, device) VALUES (107, 395, '2025-10-30 05:50:33', 'tablet');
INSERT INTO streaming_history (user_id, song_id, played_at, device) VALUES (198, 3014, '2026-02-09 07:56:23', 'mobile');
INSERT INTO streaming_history (user_id, song_id, played_at, device) VALUES (10, 1037, '2025-12-23 01:01:30', 'tablet');
INSERT INTO streaming_history (user_id, song_id, played_at, device) VALUES (295, 3432, '2025-06-07 14:05:53', 'mobile');
INSERT INTO streaming_history (user_id, song_id, played_at, device) VALUES (236, 4763, '2025-11-29 05:18:32', 'desktop');
INSERT INTO streaming_history (user_id, song_id, played_at, device) VALUES (60, 3340, '2025-05-14 02:20:30', 'desktop');
INSERT INTO streaming_history (user_id, song_id, played_at, device) VALUES (129, 3604, '2025-10-20 23:40:00', 'tablet');
INSERT INTO streaming_history (user_id, song_id, played_at, device) VALUES (292, 2789, '2025-12-02 20:29:18', 'smart_tv');
INSERT INTO streaming_history (user_id, song_id, played_at, device) VALUES (39, 928, '2025-07-23 22:28:44', 'tablet');
INSERT INTO streaming_history (user_id, song_id, played_at, device) VALUES (278, 3175, '2025-06-01 09:05:41', 'mobile');
INSERT INTO streaming_history (user_id, song_id, played_at, device) VALUES (224, 1981, '2025-12-05 16:36:20', 'mobile');
INSERT INTO streaming_history (user_id, song_id, played_at, device) VALUES (128, 5148, '2025-07-01 13:41:54', 'mobile');
INSERT INTO streaming_history (user_id, song_id, played_at, device) VALUES (120, 1739, '2026-01-18 03:50:34', 'desktop');
INSERT INTO streaming_history (user_id, song_id, played_at, device) VALUES (155, 752, '2025-11-10 12:04:04', 'desktop');
INSERT INTO streaming_history (user_id, song_id, played_at, device) VALUES (141, 2868, '2025-10-19 01:13:56', 'mobile');
INSERT INTO streaming_history (user_id, song_id, played_at, device) VALUES (74, 4191, '2025-10-18 08:04:55', 'tablet');
INSERT INTO streaming_history (user_id, song_id, played_at, device) VALUES (208, 1953, '2025-10-03 20:38:24', 'tablet');
INSERT INTO streaming_history (user_id, song_id, played_at, device) VALUES (216, 518, '2025-05-17 00:47:42', 'desktop');
INSERT INTO streaming_history (user_id, song_id, played_at, device) VALUES (281, 4116, '2025-04-28 09:42:46', 'mobile');
INSERT INTO streaming_history (user_id, song_id, played_at, device) VALUES (30, 577, '2025-09-19 02:10:26', 'tablet');
INSERT INTO streaming_history (user_id, song_id, played_at, device) VALUES (200, 5013, '2025-07-14 13:40:12', 'desktop');
INSERT INTO streaming_history (user_id, song_id, played_at, device) VALUES (264, 2704, '2025-09-13 18:50:25', 'tablet');
INSERT INTO streaming_history (user_id, song_id, played_at, device) VALUES (121, 554, '2025-10-08 16:31:50', 'tablet');
INSERT INTO streaming_history (user_id, song_id, played_at, device) VALUES (49, 2809, '2025-10-12 04:56:29', 'desktop');
INSERT INTO streaming_history (user_id, song_id, played_at, device) VALUES (111, 5498, '2025-04-19 22:00:16', 'smart_tv');
INSERT INTO streaming_history (user_id, song_id, played_at, device) VALUES (117, 3308, '2025-08-27 12:48:27', 'desktop');
INSERT INTO streaming_history (user_id, song_id, played_at, device) VALUES (203, 463, '2026-03-04 07:22:38', 'smart_tv');
INSERT INTO streaming_history (user_id, song_id, played_at, device) VALUES (183, 2698, '2025-12-20 10:54:21', 'tablet');
INSERT INTO streaming_history (user_id, song_id, played_at, device) VALUES (9, 1499, '2026-03-12 01:50:40', 'tablet');
INSERT INTO streaming_history (user_id, song_id, played_at, device) VALUES (95, 1401, '2026-02-08 20:52:40', 'mobile');
INSERT INTO streaming_history (user_id, song_id, played_at, device) VALUES (72, 4300, '2026-03-09 05:05:22', 'tablet');
INSERT INTO streaming_history (user_id, song_id, played_at, device) VALUES (192, 3676, '2025-04-05 04:53:21', 'smart_tv');
INSERT INTO streaming_history (user_id, song_id, played_at, device) VALUES (6, 5633, '2025-09-13 23:57:39', 'tablet');
INSERT INTO streaming_history (user_id, song_id, played_at, device) VALUES (242, 2864, '2025-10-07 16:18:56', 'smart_tv');
INSERT INTO streaming_history (user_id, song_id, played_at, device) VALUES (228, 5741, '2025-05-02 10:59:10', 'desktop');
INSERT INTO streaming_history (user_id, song_id, played_at, device) VALUES (77, 4508, '2025-04-09 14:25:42', 'desktop');
INSERT INTO streaming_history (user_id, song_id, played_at, device) VALUES (173, 4488, '2026-01-25 05:19:01', 'desktop');
INSERT INTO streaming_history (user_id, song_id, played_at, device) VALUES (137, 5421, '2025-04-19 17:27:33', 'tablet');
INSERT INTO streaming_history (user_id, song_id, played_at, device) VALUES (100, 1600, '2025-09-17 16:16:17', 'smart_tv');
INSERT INTO streaming_history (user_id, song_id, played_at, device) VALUES (113, 5699, '2025-07-03 22:26:05', 'tablet');
INSERT INTO streaming_history (user_id, song_id, played_at, device) VALUES (213, 5764, '2025-04-26 23:07:25', 'desktop');
INSERT INTO streaming_history (user_id, song_id, played_at, device) VALUES (157, 4109, '2025-04-14 03:53:34', 'mobile');
INSERT INTO streaming_history (user_id, song_id, played_at, device) VALUES (262, 891, '2025-08-07 13:17:08', 'smart_tv');
INSERT INTO streaming_history (user_id, song_id, played_at, device) VALUES (68, 4424, '2025-07-05 15:56:38', 'tablet');
INSERT INTO streaming_history (user_id, song_id, played_at, device) VALUES (4, 4074, '2025-12-08 21:04:55', 'mobile');
INSERT INTO streaming_history (user_id, song_id, played_at, device) VALUES (25, 3115, '2025-06-01 01:29:59', 'desktop');
INSERT INTO streaming_history (user_id, song_id, played_at, device) VALUES (244, 4068, '2026-02-14 16:15:39', 'desktop');
INSERT INTO streaming_history (user_id, song_id, played_at, device) VALUES (66, 5530, '2025-04-08 09:01:03', 'mobile');
INSERT INTO streaming_history (user_id, song_id, played_at, device) VALUES (104, 5499, '2025-06-26 11:22:49', 'smart_tv');
INSERT INTO streaming_history (user_id, song_id, played_at, device) VALUES (137, 1443, '2025-08-12 19:58:56', 'tablet');
INSERT INTO streaming_history (user_id, song_id, played_at, device) VALUES (295, 4816, '2025-06-22 07:57:26', 'tablet');
INSERT INTO streaming_history (user_id, song_id, played_at, device) VALUES (130, 2236, '2026-01-28 13:03:12', 'desktop');
INSERT INTO streaming_history (user_id, song_id, played_at, device) VALUES (37, 1691, '2025-09-24 14:46:14', 'mobile');
INSERT INTO streaming_history (user_id, song_id, played_at, device) VALUES (258, 2142, '2025-10-28 22:39:41', 'tablet');
INSERT INTO streaming_history (user_id, song_id, played_at, device) VALUES (188, 4473, '2025-09-09 15:16:30', 'tablet');
INSERT INTO streaming_history (user_id, song_id, played_at, device) VALUES (285, 5593, '2026-03-07 14:59:40', 'tablet');
INSERT INTO streaming_history (user_id, song_id, played_at, device) VALUES (57, 2120, '2025-10-06 21:39:39', 'smart_tv');
INSERT INTO streaming_history (user_id, song_id, played_at, device) VALUES (58, 4197, '2025-07-04 08:10:13', 'tablet');
INSERT INTO streaming_history (user_id, song_id, played_at, device) VALUES (234, 5650, '2025-08-25 12:53:02', 'smart_tv');
INSERT INTO streaming_history (user_id, song_id, played_at, device) VALUES (116, 4540, '2025-05-23 13:34:17', 'smart_tv');
INSERT INTO streaming_history (user_id, song_id, played_at, device) VALUES (235, 3350, '2025-07-28 11:32:30', 'tablet');
INSERT INTO streaming_history (user_id, song_id, played_at, device) VALUES (14, 4230, '2025-04-18 18:19:15', 'tablet');
INSERT INTO streaming_history (user_id, song_id, played_at, device) VALUES (293, 2796, '2025-08-02 13:54:32', 'smart_tv');
INSERT INTO streaming_history (user_id, song_id, played_at, device) VALUES (53, 2410, '2025-04-04 03:49:47', 'smart_tv');
INSERT INTO streaming_history (user_id, song_id, played_at, device) VALUES (48, 1328, '2025-07-13 15:43:07', 'tablet');
INSERT INTO streaming_history (user_id, song_id, played_at, device) VALUES (247, 2404, '2026-01-03 10:27:02', 'smart_tv');
INSERT INTO streaming_history (user_id, song_id, played_at, device) VALUES (90, 732, '2025-04-18 02:51:41', 'desktop');
INSERT INTO streaming_history (user_id, song_id, played_at, device) VALUES (225, 3096, '2025-04-08 08:02:24', 'smart_tv');
INSERT INTO streaming_history (user_id, song_id, played_at, device) VALUES (28, 5320, '2025-11-02 01:09:23', 'tablet');
INSERT INTO streaming_history (user_id, song_id, played_at, device) VALUES (162, 3247, '2025-04-07 15:52:45', 'smart_tv');
INSERT INTO streaming_history (user_id, song_id, played_at, device) VALUES (165, 764, '2025-12-07 17:04:25', 'smart_tv');
INSERT INTO streaming_history (user_id, song_id, played_at, device) VALUES (225, 179, '2025-06-12 03:42:36', 'smart_tv');
INSERT INTO streaming_history (user_id, song_id, played_at, device) VALUES (38, 2289, '2025-04-28 01:33:18', 'smart_tv');
INSERT INTO streaming_history (user_id, song_id, played_at, device) VALUES (107, 2799, '2025-09-22 22:38:38', 'smart_tv');
INSERT INTO streaming_history (user_id, song_id, played_at, device) VALUES (5, 3202, '2025-06-26 10:07:25', 'mobile');
INSERT INTO streaming_history (user_id, song_id, played_at, device) VALUES (205, 807, '2025-07-25 08:37:57', 'smart_tv');
INSERT INTO streaming_history (user_id, song_id, played_at, device) VALUES (212, 4189, '2025-07-04 18:38:44', 'tablet');
INSERT INTO streaming_history (user_id, song_id, played_at, device) VALUES (12, 815, '2025-04-14 05:46:05', 'smart_tv');
INSERT INTO streaming_history (user_id, song_id, played_at, device) VALUES (296, 2996, '2025-09-23 08:40:13', 'smart_tv');
INSERT INTO streaming_history (user_id, song_id, played_at, device) VALUES (108, 4774, '2025-06-30 10:13:05', 'desktop');
INSERT INTO streaming_history (user_id, song_id, played_at, device) VALUES (251, 627, '2026-02-05 19:03:40', 'smart_tv');
INSERT INTO streaming_history (user_id, song_id, played_at, device) VALUES (101, 4976, '2025-04-04 17:57:36', 'smart_tv');
INSERT INTO streaming_history (user_id, song_id, played_at, device) VALUES (11, 4821, '2025-04-20 08:55:54', 'desktop');
INSERT INTO streaming_history (user_id, song_id, played_at, device) VALUES (12, 4446, '2025-06-04 22:04:00', 'desktop');
INSERT INTO streaming_history (user_id, song_id, played_at, device) VALUES (84, 1621, '2025-12-13 12:55:39', 'tablet');
INSERT INTO streaming_history (user_id, song_id, played_at, device) VALUES (218, 514, '2026-03-20 14:19:47', 'mobile');
INSERT INTO streaming_history (user_id, song_id, played_at, device) VALUES (234, 5369, '2025-08-20 15:53:41', 'desktop');
INSERT INTO streaming_history (user_id, song_id, played_at, device) VALUES (188, 2144, '2025-12-30 17:09:13', 'smart_tv');
INSERT INTO streaming_history (user_id, song_id, played_at, device) VALUES (269, 3714, '2025-11-11 13:55:48', 'tablet');
INSERT INTO streaming_history (user_id, song_id, played_at, device) VALUES (30, 3204, '2025-05-18 04:00:43', 'smart_tv');
INSERT INTO streaming_history (user_id, song_id, played_at, device) VALUES (18, 340, '2025-10-13 22:33:00', 'tablet');
INSERT INTO streaming_history (user_id, song_id, played_at, device) VALUES (297, 2242, '2025-06-03 22:37:56', 'smart_tv');
INSERT INTO streaming_history (user_id, song_id, played_at, device) VALUES (185, 316, '2025-10-13 08:30:09', 'tablet');
INSERT INTO streaming_history (user_id, song_id, played_at, device) VALUES (138, 1742, '2026-01-23 19:47:10', 'mobile');
INSERT INTO streaming_history (user_id, song_id, played_at, device) VALUES (102, 4307, '2025-07-21 23:14:14', 'desktop');
INSERT INTO streaming_history (user_id, song_id, played_at, device) VALUES (119, 1006, '2025-07-28 16:36:54', 'mobile');
INSERT INTO streaming_history (user_id, song_id, played_at, device) VALUES (242, 1705, '2025-06-25 20:33:46', 'tablet');
INSERT INTO streaming_history (user_id, song_id, played_at, device) VALUES (292, 2312, '2025-07-04 09:34:59', 'tablet');
INSERT INTO streaming_history (user_id, song_id, played_at, device) VALUES (14, 2283, '2025-05-22 21:20:24', 'mobile');
INSERT INTO streaming_history (user_id, song_id, played_at, device) VALUES (123, 1091, '2025-11-22 03:07:32', 'mobile');
INSERT INTO streaming_history (user_id, song_id, played_at, device) VALUES (87, 3572, '2025-06-23 13:25:32', 'desktop');
INSERT INTO streaming_history (user_id, song_id, played_at, device) VALUES (274, 4356, '2026-02-09 16:46:55', 'smart_tv');
INSERT INTO streaming_history (user_id, song_id, played_at, device) VALUES (182, 2290, '2025-07-06 19:25:08', 'tablet');
INSERT INTO streaming_history (user_id, song_id, played_at, device) VALUES (71, 1826, '2025-04-20 16:44:15', 'tablet');
INSERT INTO streaming_history (user_id, song_id, played_at, device) VALUES (296, 3560, '2026-02-11 19:20:11', 'tablet');
INSERT INTO streaming_history (user_id, song_id, played_at, device) VALUES (240, 5822, '2025-11-03 17:31:05', 'smart_tv');
INSERT INTO streaming_history (user_id, song_id, played_at, device) VALUES (279, 4656, '2025-05-11 02:10:25', 'tablet');
INSERT INTO streaming_history (user_id, song_id, played_at, device) VALUES (272, 4427, '2025-06-09 05:39:50', 'tablet');
INSERT INTO streaming_history (user_id, song_id, played_at, device) VALUES (139, 2539, '2026-02-15 11:27:09', 'tablet');
INSERT INTO streaming_history (user_id, song_id, played_at, device) VALUES (190, 3367, '2025-05-19 15:40:57', 'smart_tv');
INSERT INTO streaming_history (user_id, song_id, played_at, device) VALUES (296, 4026, '2026-01-20 03:08:08', 'tablet');
INSERT INTO streaming_history (user_id, song_id, played_at, device) VALUES (156, 5661, '2025-03-30 11:39:48', 'mobile');
INSERT INTO streaming_history (user_id, song_id, played_at, device) VALUES (63, 4996, '2026-02-27 12:18:26', 'smart_tv');
INSERT INTO streaming_history (user_id, song_id, played_at, device) VALUES (268, 4654, '2025-05-24 06:48:34', 'mobile');
INSERT INTO streaming_history (user_id, song_id, played_at, device) VALUES (75, 1911, '2025-07-05 18:04:42', 'smart_tv');
INSERT INTO streaming_history (user_id, song_id, played_at, device) VALUES (18, 4154, '2025-11-12 04:31:03', 'mobile');
INSERT INTO streaming_history (user_id, song_id, played_at, device) VALUES (171, 5333, '2025-05-11 19:05:19', 'tablet');
INSERT INTO streaming_history (user_id, song_id, played_at, device) VALUES (225, 2445, '2025-05-14 02:15:22', 'mobile');
INSERT INTO streaming_history (user_id, song_id, played_at, device) VALUES (250, 1544, '2025-10-19 03:54:40', 'mobile');
INSERT INTO streaming_history (user_id, song_id, played_at, device) VALUES (274, 402, '2025-08-21 17:20:43', 'smart_tv');
INSERT INTO streaming_history (user_id, song_id, played_at, device) VALUES (138, 161, '2025-09-19 13:11:23', 'tablet');
INSERT INTO streaming_history (user_id, song_id, played_at, device) VALUES (177, 2581, '2025-05-30 18:28:41', 'smart_tv');
INSERT INTO streaming_history (user_id, song_id, played_at, device) VALUES (177, 2697, '2025-11-06 17:18:34', 'desktop');
INSERT INTO streaming_history (user_id, song_id, played_at, device) VALUES (42, 4185, '2026-01-31 01:23:28', 'mobile');
INSERT INTO streaming_history (user_id, song_id, played_at, device) VALUES (16, 277, '2025-11-22 08:11:42', 'smart_tv');
INSERT INTO streaming_history (user_id, song_id, played_at, device) VALUES (115, 3861, '2025-11-22 05:13:11', 'tablet');
INSERT INTO streaming_history (user_id, song_id, played_at, device) VALUES (144, 4685, '2025-09-10 07:39:03', 'desktop');
INSERT INTO streaming_history (user_id, song_id, played_at, device) VALUES (228, 5205, '2025-11-18 14:36:55', 'tablet');
INSERT INTO streaming_history (user_id, song_id, played_at, device) VALUES (217, 2365, '2025-06-18 11:58:41', 'desktop');
INSERT INTO streaming_history (user_id, song_id, played_at, device) VALUES (295, 949, '2026-02-05 17:26:09', 'tablet');
INSERT INTO streaming_history (user_id, song_id, played_at, device) VALUES (240, 4618, '2025-12-29 21:25:39', 'desktop');
INSERT INTO streaming_history (user_id, song_id, played_at, device) VALUES (199, 262, '2025-07-28 04:27:04', 'mobile');
INSERT INTO streaming_history (user_id, song_id, played_at, device) VALUES (201, 2350, '2025-12-18 20:56:42', 'desktop');
INSERT INTO streaming_history (user_id, song_id, played_at, device) VALUES (284, 5257, '2025-12-02 21:19:39', 'tablet');
INSERT INTO streaming_history (user_id, song_id, played_at, device) VALUES (111, 1725, '2025-09-10 20:22:02', 'desktop');
INSERT INTO streaming_history (user_id, song_id, played_at, device) VALUES (205, 4518, '2025-10-22 22:01:54', 'tablet');
INSERT INTO streaming_history (user_id, song_id, played_at, device) VALUES (222, 1957, '2025-11-22 07:18:44', 'desktop');
INSERT INTO streaming_history (user_id, song_id, played_at, device) VALUES (279, 4958, '2025-08-13 03:37:13', 'tablet');
INSERT INTO streaming_history (user_id, song_id, played_at, device) VALUES (43, 4229, '2025-05-29 22:53:30', 'mobile');
INSERT INTO streaming_history (user_id, song_id, played_at, device) VALUES (8, 740, '2025-11-12 10:09:01', 'desktop');
INSERT INTO streaming_history (user_id, song_id, played_at, device) VALUES (85, 197, '2025-10-21 15:51:15', 'smart_tv');
INSERT INTO streaming_history (user_id, song_id, played_at, device) VALUES (270, 1665, '2025-06-13 03:49:09', 'tablet');
INSERT INTO streaming_history (user_id, song_id, played_at, device) VALUES (192, 3337, '2025-07-30 18:44:16', 'mobile');
INSERT INTO streaming_history (user_id, song_id, played_at, device) VALUES (77, 4990, '2026-03-04 19:47:55', 'smart_tv');
INSERT INTO streaming_history (user_id, song_id, played_at, device) VALUES (36, 2622, '2025-09-26 07:49:30', 'tablet');
INSERT INTO streaming_history (user_id, song_id, played_at, device) VALUES (63, 2366, '2025-11-01 18:09:40', 'desktop');
INSERT INTO streaming_history (user_id, song_id, played_at, device) VALUES (201, 1711, '2026-01-12 18:49:54', 'mobile');
INSERT INTO streaming_history (user_id, song_id, played_at, device) VALUES (258, 3862, '2025-11-29 02:37:51', 'desktop');
INSERT INTO streaming_history (user_id, song_id, played_at, device) VALUES (261, 2217, '2025-05-01 12:04:05', 'desktop');
INSERT INTO streaming_history (user_id, song_id, played_at, device) VALUES (238, 3335, '2025-04-30 07:24:02', 'desktop');
INSERT INTO streaming_history (user_id, song_id, played_at, device) VALUES (234, 1319, '2025-05-02 20:15:05', 'smart_tv');
INSERT INTO streaming_history (user_id, song_id, played_at, device) VALUES (266, 5420, '2025-09-15 22:29:13', 'mobile');
INSERT INTO streaming_history (user_id, song_id, played_at, device) VALUES (283, 283, '2025-07-31 23:34:24', 'desktop');
INSERT INTO streaming_history (user_id, song_id, played_at, device) VALUES (217, 369, '2025-07-09 05:59:17', 'mobile');
INSERT INTO streaming_history (user_id, song_id, played_at, device) VALUES (236, 5875, '2026-01-27 11:37:25', 'mobile');
INSERT INTO streaming_history (user_id, song_id, played_at, device) VALUES (168, 1622, '2025-11-03 14:13:53', 'mobile');
INSERT INTO streaming_history (user_id, song_id, played_at, device) VALUES (106, 2445, '2025-10-10 21:37:05', 'desktop');
INSERT INTO streaming_history (user_id, song_id, played_at, device) VALUES (59, 5725, '2026-02-07 11:40:29', 'tablet');
INSERT INTO streaming_history (user_id, song_id, played_at, device) VALUES (141, 2920, '2025-04-12 05:58:45', 'tablet');
INSERT INTO streaming_history (user_id, song_id, played_at, device) VALUES (147, 3114, '2025-06-20 21:43:47', 'tablet');
INSERT INTO streaming_history (user_id, song_id, played_at, device) VALUES (26, 2003, '2026-03-03 07:59:07', 'mobile');
INSERT INTO streaming_history (user_id, song_id, played_at, device) VALUES (298, 627, '2025-11-14 15:47:09', 'smart_tv');
INSERT INTO streaming_history (user_id, song_id, played_at, device) VALUES (178, 2998, '2025-12-10 22:17:17', 'smart_tv');
INSERT INTO streaming_history (user_id, song_id, played_at, device) VALUES (109, 3614, '2026-03-26 05:08:39', 'smart_tv');
INSERT INTO streaming_history (user_id, song_id, played_at, device) VALUES (178, 4265, '2026-03-12 03:40:09', 'smart_tv');
INSERT INTO streaming_history (user_id, song_id, played_at, device) VALUES (120, 864, '2025-11-27 23:02:48', 'smart_tv');
INSERT INTO streaming_history (user_id, song_id, played_at, device) VALUES (192, 595, '2025-12-19 18:07:11', 'desktop');
INSERT INTO streaming_history (user_id, song_id, played_at, device) VALUES (159, 2023, '2025-11-24 05:59:00', 'smart_tv');
INSERT INTO streaming_history (user_id, song_id, played_at, device) VALUES (26, 2146, '2025-08-21 10:53:09', 'smart_tv');
INSERT INTO streaming_history (user_id, song_id, played_at, device) VALUES (250, 3263, '2025-07-23 07:53:55', 'mobile');
INSERT INTO streaming_history (user_id, song_id, played_at, device) VALUES (203, 3591, '2025-05-17 16:47:13', 'desktop');
INSERT INTO streaming_history (user_id, song_id, played_at, device) VALUES (273, 4012, '2025-07-25 09:17:14', 'desktop');
INSERT INTO streaming_history (user_id, song_id, played_at, device) VALUES (42, 1041, '2025-08-07 12:33:01', 'tablet');
INSERT INTO streaming_history (user_id, song_id, played_at, device) VALUES (144, 2014, '2026-01-07 00:03:57', 'tablet');
INSERT INTO streaming_history (user_id, song_id, played_at, device) VALUES (227, 2216, '2025-04-23 17:06:00', 'tablet');
INSERT INTO streaming_history (user_id, song_id, played_at, device) VALUES (86, 1313, '2025-05-16 04:02:14', 'tablet');
INSERT INTO streaming_history (user_id, song_id, played_at, device) VALUES (92, 127, '2025-12-19 09:49:09', 'tablet');
INSERT INTO streaming_history (user_id, song_id, played_at, device) VALUES (229, 3981, '2025-09-21 18:01:42', 'smart_tv');
INSERT INTO streaming_history (user_id, song_id, played_at, device) VALUES (190, 4995, '2025-04-11 07:29:02', 'tablet');
INSERT INTO streaming_history (user_id, song_id, played_at, device) VALUES (53, 2114, '2025-11-04 02:40:40', 'smart_tv');
INSERT INTO streaming_history (user_id, song_id, played_at, device) VALUES (282, 3556, '2025-10-15 02:22:46', 'desktop');
INSERT INTO streaming_history (user_id, song_id, played_at, device) VALUES (37, 3266, '2025-11-07 13:36:49', 'smart_tv');
INSERT INTO streaming_history (user_id, song_id, played_at, device) VALUES (250, 2686, '2025-08-25 08:20:36', 'tablet');
INSERT INTO streaming_history (user_id, song_id, played_at, device) VALUES (58, 3128, '2026-01-24 07:57:57', 'desktop');
INSERT INTO streaming_history (user_id, song_id, played_at, device) VALUES (76, 2306, '2026-01-10 07:16:22', 'desktop');
INSERT INTO streaming_history (user_id, song_id, played_at, device) VALUES (28, 3309, '2025-06-23 05:55:53', 'mobile');
INSERT INTO streaming_history (user_id, song_id, played_at, device) VALUES (284, 5080, '2025-12-02 06:39:40', 'desktop');
INSERT INTO streaming_history (user_id, song_id, played_at, device) VALUES (275, 5204, '2025-12-01 20:25:12', 'smart_tv');
INSERT INTO streaming_history (user_id, song_id, played_at, device) VALUES (54, 2921, '2025-07-19 16:02:42', 'mobile');
INSERT INTO streaming_history (user_id, song_id, played_at, device) VALUES (258, 2630, '2026-01-28 23:01:44', 'smart_tv');
INSERT INTO streaming_history (user_id, song_id, played_at, device) VALUES (278, 524, '2025-08-27 09:15:51', 'tablet');
INSERT INTO streaming_history (user_id, song_id, played_at, device) VALUES (248, 3748, '2026-02-05 20:52:11', 'tablet');
INSERT INTO streaming_history (user_id, song_id, played_at, device) VALUES (255, 3244, '2026-02-20 01:08:29', 'smart_tv');
INSERT INTO streaming_history (user_id, song_id, played_at, device) VALUES (290, 1950, '2025-12-23 17:18:03', 'tablet');
INSERT INTO streaming_history (user_id, song_id, played_at, device) VALUES (37, 3120, '2026-01-30 20:33:45', 'mobile');
INSERT INTO streaming_history (user_id, song_id, played_at, device) VALUES (20, 3042, '2025-07-25 12:10:57', 'tablet');
INSERT INTO streaming_history (user_id, song_id, played_at, device) VALUES (140, 940, '2025-11-24 09:49:30', 'tablet');
INSERT INTO streaming_history (user_id, song_id, played_at, device) VALUES (126, 827, '2025-11-25 14:39:13', 'mobile');
INSERT INTO streaming_history (user_id, song_id, played_at, device) VALUES (126, 2677, '2025-05-31 01:21:40', 'desktop');
INSERT INTO streaming_history (user_id, song_id, played_at, device) VALUES (299, 5267, '2025-10-31 06:47:38', 'tablet');
INSERT INTO streaming_history (user_id, song_id, played_at, device) VALUES (231, 4421, '2025-10-09 14:58:42', 'tablet');
INSERT INTO streaming_history (user_id, song_id, played_at, device) VALUES (71, 3422, '2025-11-10 22:02:38', 'smart_tv');
INSERT INTO streaming_history (user_id, song_id, played_at, device) VALUES (200, 5829, '2025-05-23 05:50:36', 'desktop');
INSERT INTO streaming_history (user_id, song_id, played_at, device) VALUES (5, 3606, '2025-04-05 02:08:57', 'tablet');
INSERT INTO streaming_history (user_id, song_id, played_at, device) VALUES (184, 4406, '2026-01-14 15:20:42', 'tablet');
INSERT INTO streaming_history (user_id, song_id, played_at, device) VALUES (49, 5471, '2026-01-03 13:24:26', 'smart_tv');
INSERT INTO streaming_history (user_id, song_id, played_at, device) VALUES (222, 4010, '2025-04-03 21:39:26', 'smart_tv');
INSERT INTO streaming_history (user_id, song_id, played_at, device) VALUES (299, 2390, '2026-02-26 19:26:28', 'mobile');
INSERT INTO streaming_history (user_id, song_id, played_at, device) VALUES (133, 5478, '2026-01-16 23:05:33', 'tablet');
INSERT INTO streaming_history (user_id, song_id, played_at, device) VALUES (159, 3316, '2025-08-11 18:26:14', 'mobile');
INSERT INTO streaming_history (user_id, song_id, played_at, device) VALUES (228, 5563, '2025-09-12 11:39:07', 'smart_tv');
INSERT INTO streaming_history (user_id, song_id, played_at, device) VALUES (90, 440, '2025-11-23 10:21:45', 'mobile');
INSERT INTO streaming_history (user_id, song_id, played_at, device) VALUES (54, 3109, '2025-12-13 12:09:12', 'mobile');
INSERT INTO streaming_history (user_id, song_id, played_at, device) VALUES (22, 4349, '2025-05-21 19:37:51', 'smart_tv');
INSERT INTO streaming_history (user_id, song_id, played_at, device) VALUES (290, 5667, '2025-11-12 20:56:16', 'mobile');
INSERT INTO streaming_history (user_id, song_id, played_at, device) VALUES (132, 3308, '2025-03-28 21:07:04', 'mobile');
INSERT INTO streaming_history (user_id, song_id, played_at, device) VALUES (245, 3125, '2025-10-16 05:30:53', 'desktop');
INSERT INTO streaming_history (user_id, song_id, played_at, device) VALUES (226, 859, '2025-06-17 02:41:27', 'tablet');
INSERT INTO streaming_history (user_id, song_id, played_at, device) VALUES (119, 275, '2025-04-18 07:47:45', 'tablet');
INSERT INTO streaming_history (user_id, song_id, played_at, device) VALUES (83, 1694, '2026-01-23 07:06:48', 'mobile');
INSERT INTO streaming_history (user_id, song_id, played_at, device) VALUES (245, 1988, '2025-09-24 18:08:27', 'smart_tv');
INSERT INTO streaming_history (user_id, song_id, played_at, device) VALUES (222, 787, '2026-01-24 00:53:25', 'tablet');
INSERT INTO streaming_history (user_id, song_id, played_at, device) VALUES (157, 1699, '2025-11-19 00:53:25', 'desktop');
INSERT INTO streaming_history (user_id, song_id, played_at, device) VALUES (132, 4062, '2025-09-21 09:35:47', 'desktop');
INSERT INTO streaming_history (user_id, song_id, played_at, device) VALUES (45, 5580, '2025-11-19 12:29:18', 'tablet');
INSERT INTO streaming_history (user_id, song_id, played_at, device) VALUES (69, 2566, '2025-06-02 01:41:58', 'desktop');
INSERT INTO streaming_history (user_id, song_id, played_at, device) VALUES (135, 636, '2026-03-17 01:29:15', 'mobile');
INSERT INTO streaming_history (user_id, song_id, played_at, device) VALUES (132, 2248, '2026-03-17 15:04:41', 'tablet');
INSERT INTO streaming_history (user_id, song_id, played_at, device) VALUES (180, 829, '2025-08-24 04:59:30', 'smart_tv');
INSERT INTO streaming_history (user_id, song_id, played_at, device) VALUES (27, 2942, '2025-08-26 07:32:35', 'desktop');
INSERT INTO streaming_history (user_id, song_id, played_at, device) VALUES (244, 2904, '2025-11-29 12:13:37', 'mobile');
INSERT INTO streaming_history (user_id, song_id, played_at, device) VALUES (140, 921, '2025-10-27 02:37:37', 'mobile');
INSERT INTO streaming_history (user_id, song_id, played_at, device) VALUES (56, 3989, '2025-06-11 18:26:45', 'desktop');
INSERT INTO streaming_history (user_id, song_id, played_at, device) VALUES (217, 1883, '2025-09-26 05:28:38', 'tablet');
INSERT INTO streaming_history (user_id, song_id, played_at, device) VALUES (209, 4865, '2025-09-04 00:03:32', 'smart_tv');
INSERT INTO streaming_history (user_id, song_id, played_at, device) VALUES (68, 3313, '2025-06-13 11:23:56', 'tablet');
INSERT INTO streaming_history (user_id, song_id, played_at, device) VALUES (113, 4712, '2025-07-20 20:32:57', 'tablet');
INSERT INTO streaming_history (user_id, song_id, played_at, device) VALUES (286, 143, '2025-05-09 07:51:51', 'desktop');
INSERT INTO streaming_history (user_id, song_id, played_at, device) VALUES (132, 2530, '2026-01-24 16:28:05', 'smart_tv');
INSERT INTO streaming_history (user_id, song_id, played_at, device) VALUES (267, 889, '2025-05-07 07:12:42', 'desktop');
INSERT INTO streaming_history (user_id, song_id, played_at, device) VALUES (173, 2803, '2026-02-02 06:26:21', 'tablet');
INSERT INTO streaming_history (user_id, song_id, played_at, device) VALUES (258, 1158, '2025-06-16 10:55:01', 'desktop');
INSERT INTO streaming_history (user_id, song_id, played_at, device) VALUES (193, 3898, '2025-09-18 07:58:30', 'tablet');
INSERT INTO streaming_history (user_id, song_id, played_at, device) VALUES (211, 4830, '2026-02-02 22:34:47', 'desktop');
INSERT INTO streaming_history (user_id, song_id, played_at, device) VALUES (71, 4494, '2025-06-15 16:09:30', 'tablet');
INSERT INTO streaming_history (user_id, song_id, played_at, device) VALUES (81, 2367, '2026-02-11 08:16:58', 'tablet');
INSERT INTO streaming_history (user_id, song_id, played_at, device) VALUES (204, 2244, '2025-04-03 02:09:47', 'mobile');
INSERT INTO streaming_history (user_id, song_id, played_at, device) VALUES (132, 5074, '2026-01-16 12:01:35', 'desktop');
INSERT INTO streaming_history (user_id, song_id, played_at, device) VALUES (288, 3131, '2025-04-03 04:38:02', 'smart_tv');
INSERT INTO streaming_history (user_id, song_id, played_at, device) VALUES (82, 4494, '2026-01-05 09:42:03', 'tablet');
INSERT INTO streaming_history (user_id, song_id, played_at, device) VALUES (211, 1112, '2025-08-13 17:55:11', 'desktop');
INSERT INTO streaming_history (user_id, song_id, played_at, device) VALUES (155, 4002, '2025-09-03 23:27:34', 'tablet');
INSERT INTO streaming_history (user_id, song_id, played_at, device) VALUES (65, 550, '2025-05-19 04:10:23', 'smart_tv');
INSERT INTO streaming_history (user_id, song_id, played_at, device) VALUES (112, 716, '2025-07-22 11:34:32', 'mobile');
INSERT INTO streaming_history (user_id, song_id, played_at, device) VALUES (9, 3392, '2025-07-13 11:27:41', 'tablet');
INSERT INTO streaming_history (user_id, song_id, played_at, device) VALUES (114, 3985, '2025-10-14 20:32:51', 'smart_tv');
INSERT INTO streaming_history (user_id, song_id, played_at, device) VALUES (36, 656, '2025-04-16 18:51:13', 'smart_tv');
INSERT INTO streaming_history (user_id, song_id, played_at, device) VALUES (207, 3183, '2026-03-02 04:20:13', 'mobile');
INSERT INTO streaming_history (user_id, song_id, played_at, device) VALUES (292, 189, '2025-12-04 02:06:58', 'tablet');
INSERT INTO streaming_history (user_id, song_id, played_at, device) VALUES (140, 5650, '2025-10-29 07:23:06', 'tablet');
INSERT INTO streaming_history (user_id, song_id, played_at, device) VALUES (247, 3567, '2026-03-17 10:41:18', 'mobile');
INSERT INTO streaming_history (user_id, song_id, played_at, device) VALUES (69, 1918, '2026-03-09 13:43:42', 'desktop');
INSERT INTO streaming_history (user_id, song_id, played_at, device) VALUES (256, 4525, '2025-08-15 10:35:03', 'desktop');
INSERT INTO streaming_history (user_id, song_id, played_at, device) VALUES (201, 594, '2025-03-31 02:44:44', 'mobile');
INSERT INTO streaming_history (user_id, song_id, played_at, device) VALUES (14, 2396, '2025-11-25 00:47:39', 'desktop');
INSERT INTO streaming_history (user_id, song_id, played_at, device) VALUES (183, 3589, '2025-06-13 12:44:31', 'mobile');
INSERT INTO streaming_history (user_id, song_id, played_at, device) VALUES (87, 2074, '2025-04-30 05:20:35', 'smart_tv');
INSERT INTO streaming_history (user_id, song_id, played_at, device) VALUES (209, 4821, '2025-03-29 00:10:44', 'mobile');
INSERT INTO streaming_history (user_id, song_id, played_at, device) VALUES (81, 5484, '2025-05-31 16:33:50', 'mobile');
INSERT INTO streaming_history (user_id, song_id, played_at, device) VALUES (295, 3970, '2025-08-18 13:22:07', 'mobile');
INSERT INTO streaming_history (user_id, song_id, played_at, device) VALUES (58, 1240, '2025-10-01 13:50:55', 'smart_tv');
INSERT INTO streaming_history (user_id, song_id, played_at, device) VALUES (121, 4049, '2026-03-13 11:24:21', 'mobile');
INSERT INTO streaming_history (user_id, song_id, played_at, device) VALUES (22, 778, '2025-10-06 05:19:22', 'desktop');
INSERT INTO streaming_history (user_id, song_id, played_at, device) VALUES (298, 3000, '2025-05-22 10:41:14', 'mobile');
INSERT INTO streaming_history (user_id, song_id, played_at, device) VALUES (23, 926, '2025-10-22 17:54:17', 'desktop');
INSERT INTO streaming_history (user_id, song_id, played_at, device) VALUES (185, 4424, '2025-05-17 18:15:54', 'tablet');
INSERT INTO streaming_history (user_id, song_id, played_at, device) VALUES (96, 593, '2026-02-13 14:43:37', 'desktop');
INSERT INTO streaming_history (user_id, song_id, played_at, device) VALUES (144, 3889, '2025-07-25 07:37:09', 'mobile');
INSERT INTO streaming_history (user_id, song_id, played_at, device) VALUES (233, 2914, '2026-02-09 04:02:06', 'smart_tv');
INSERT INTO streaming_history (user_id, song_id, played_at, device) VALUES (97, 3136, '2026-01-19 17:03:51', 'smart_tv');
INSERT INTO streaming_history (user_id, song_id, played_at, device) VALUES (107, 4279, '2025-08-11 05:05:55', 'mobile');
INSERT INTO streaming_history (user_id, song_id, played_at, device) VALUES (90, 2680, '2025-10-29 13:08:52', 'mobile');
INSERT INTO streaming_history (user_id, song_id, played_at, device) VALUES (285, 41, '2025-12-09 01:40:15', 'mobile');
INSERT INTO streaming_history (user_id, song_id, played_at, device) VALUES (239, 4598, '2025-07-29 09:52:29', 'desktop');
INSERT INTO streaming_history (user_id, song_id, played_at, device) VALUES (72, 2761, '2026-02-18 16:15:54', 'desktop');
INSERT INTO streaming_history (user_id, song_id, played_at, device) VALUES (103, 575, '2026-01-01 09:44:45', 'desktop');
INSERT INTO streaming_history (user_id, song_id, played_at, device) VALUES (60, 2685, '2025-07-31 16:07:56', 'mobile');
INSERT INTO streaming_history (user_id, song_id, played_at, device) VALUES (202, 3644, '2025-04-22 12:15:51', 'desktop');
INSERT INTO streaming_history (user_id, song_id, played_at, device) VALUES (206, 347, '2025-05-16 01:46:11', 'tablet');
INSERT INTO streaming_history (user_id, song_id, played_at, device) VALUES (117, 908, '2025-04-17 20:19:44', 'smart_tv');
INSERT INTO streaming_history (user_id, song_id, played_at, device) VALUES (100, 4387, '2025-09-09 04:48:40', 'tablet');
INSERT INTO streaming_history (user_id, song_id, played_at, device) VALUES (33, 5296, '2025-08-05 06:51:14', 'smart_tv');
INSERT INTO streaming_history (user_id, song_id, played_at, device) VALUES (52, 3610, '2025-06-06 00:15:37', 'smart_tv');
INSERT INTO streaming_history (user_id, song_id, played_at, device) VALUES (289, 4720, '2025-11-01 05:03:56', 'smart_tv');
INSERT INTO streaming_history (user_id, song_id, played_at, device) VALUES (6, 1342, '2026-01-30 07:55:45', 'mobile');
INSERT INTO streaming_history (user_id, song_id, played_at, device) VALUES (58, 1954, '2025-06-16 11:29:01', 'tablet');
INSERT INTO streaming_history (user_id, song_id, played_at, device) VALUES (207, 1981, '2025-10-08 19:37:31', 'tablet');
INSERT INTO streaming_history (user_id, song_id, played_at, device) VALUES (261, 5877, '2025-07-29 03:43:08', 'tablet');
INSERT INTO streaming_history (user_id, song_id, played_at, device) VALUES (177, 2739, '2025-09-05 03:49:43', 'desktop');
INSERT INTO streaming_history (user_id, song_id, played_at, device) VALUES (176, 5784, '2026-03-12 02:27:05', 'mobile');
INSERT INTO streaming_history (user_id, song_id, played_at, device) VALUES (139, 1676, '2025-04-27 06:14:02', 'desktop');
INSERT INTO streaming_history (user_id, song_id, played_at, device) VALUES (193, 1684, '2025-11-24 09:22:43', 'tablet');
INSERT INTO streaming_history (user_id, song_id, played_at, device) VALUES (240, 2634, '2026-03-07 01:14:54', 'tablet');
INSERT INTO streaming_history (user_id, song_id, played_at, device) VALUES (41, 56, '2025-11-17 18:50:38', 'tablet');
INSERT INTO streaming_history (user_id, song_id, played_at, device) VALUES (292, 2639, '2025-08-27 22:23:32', 'mobile');
INSERT INTO streaming_history (user_id, song_id, played_at, device) VALUES (256, 5600, '2025-11-03 17:45:04', 'smart_tv');
INSERT INTO streaming_history (user_id, song_id, played_at, device) VALUES (69, 510, '2026-03-18 16:11:43', 'mobile');
INSERT INTO streaming_history (user_id, song_id, played_at, device) VALUES (102, 1213, '2025-07-02 03:20:24', 'smart_tv');
INSERT INTO streaming_history (user_id, song_id, played_at, device) VALUES (113, 2522, '2025-08-10 10:24:41', 'tablet');
INSERT INTO streaming_history (user_id, song_id, played_at, device) VALUES (86, 3662, '2025-12-22 07:45:26', 'mobile');
INSERT INTO streaming_history (user_id, song_id, played_at, device) VALUES (102, 5172, '2025-08-17 22:38:09', 'tablet');
INSERT INTO streaming_history (user_id, song_id, played_at, device) VALUES (232, 2396, '2025-07-19 12:17:36', 'tablet');
INSERT INTO streaming_history (user_id, song_id, played_at, device) VALUES (90, 1589, '2026-02-25 17:06:31', 'mobile');
INSERT INTO streaming_history (user_id, song_id, played_at, device) VALUES (92, 2482, '2026-02-28 17:41:05', 'desktop');
INSERT INTO streaming_history (user_id, song_id, played_at, device) VALUES (164, 2614, '2025-11-16 01:27:28', 'tablet');
INSERT INTO streaming_history (user_id, song_id, played_at, device) VALUES (150, 4595, '2025-09-08 20:48:06', 'mobile');
INSERT INTO streaming_history (user_id, song_id, played_at, device) VALUES (105, 3366, '2025-03-31 11:28:02', 'desktop');
INSERT INTO streaming_history (user_id, song_id, played_at, device) VALUES (67, 2051, '2025-04-19 21:27:26', 'smart_tv');
INSERT INTO streaming_history (user_id, song_id, played_at, device) VALUES (258, 4658, '2025-07-13 03:21:31', 'mobile');
INSERT INTO streaming_history (user_id, song_id, played_at, device) VALUES (45, 4281, '2025-03-27 12:30:40', 'mobile');
INSERT INTO streaming_history (user_id, song_id, played_at, device) VALUES (232, 4883, '2026-03-06 07:34:02', 'mobile');
INSERT INTO streaming_history (user_id, song_id, played_at, device) VALUES (70, 5334, '2026-03-15 13:49:30', 'desktop');
INSERT INTO streaming_history (user_id, song_id, played_at, device) VALUES (210, 5461, '2025-06-30 17:00:12', 'desktop');
INSERT INTO streaming_history (user_id, song_id, played_at, device) VALUES (268, 5083, '2026-02-20 02:33:29', 'smart_tv');
INSERT INTO streaming_history (user_id, song_id, played_at, device) VALUES (147, 338, '2025-05-28 21:06:47', 'desktop');
INSERT INTO streaming_history (user_id, song_id, played_at, device) VALUES (56, 2581, '2025-04-25 21:42:49', 'tablet');
INSERT INTO streaming_history (user_id, song_id, played_at, device) VALUES (225, 3361, '2025-05-03 07:40:52', 'mobile');
INSERT INTO streaming_history (user_id, song_id, played_at, device) VALUES (285, 3860, '2025-12-01 11:29:25', 'desktop');
INSERT INTO streaming_history (user_id, song_id, played_at, device) VALUES (286, 4075, '2025-11-27 07:37:55', 'tablet');
INSERT INTO streaming_history (user_id, song_id, played_at, device) VALUES (67, 5863, '2025-09-14 20:20:34', 'desktop');
INSERT INTO streaming_history (user_id, song_id, played_at, device) VALUES (140, 4812, '2025-04-28 20:18:41', 'tablet');
INSERT INTO streaming_history (user_id, song_id, played_at, device) VALUES (155, 5878, '2025-06-22 04:52:03', 'tablet');
INSERT INTO streaming_history (user_id, song_id, played_at, device) VALUES (121, 3930, '2026-01-26 17:50:30', 'tablet');
INSERT INTO streaming_history (user_id, song_id, played_at, device) VALUES (237, 2630, '2025-07-24 16:24:31', 'smart_tv');
INSERT INTO streaming_history (user_id, song_id, played_at, device) VALUES (127, 2761, '2025-12-01 18:44:03', 'desktop');
INSERT INTO streaming_history (user_id, song_id, played_at, device) VALUES (225, 3723, '2025-05-26 18:32:11', 'mobile');
INSERT INTO streaming_history (user_id, song_id, played_at, device) VALUES (27, 4877, '2025-06-08 20:00:39', 'smart_tv');
INSERT INTO streaming_history (user_id, song_id, played_at, device) VALUES (222, 5593, '2025-11-16 21:17:12', 'tablet');
INSERT INTO streaming_history (user_id, song_id, played_at, device) VALUES (156, 2299, '2025-07-15 08:06:32', 'desktop');
INSERT INTO streaming_history (user_id, song_id, played_at, device) VALUES (126, 360, '2025-06-28 09:43:57', 'desktop');
INSERT INTO streaming_history (user_id, song_id, played_at, device) VALUES (150, 2695, '2025-04-26 10:45:13', 'mobile');
INSERT INTO streaming_history (user_id, song_id, played_at, device) VALUES (168, 4694, '2025-12-30 02:17:41', 'smart_tv');
INSERT INTO streaming_history (user_id, song_id, played_at, device) VALUES (195, 4946, '2025-11-02 08:03:43', 'mobile');
INSERT INTO streaming_history (user_id, song_id, played_at, device) VALUES (271, 3043, '2025-11-17 15:47:17', 'tablet');
INSERT INTO streaming_history (user_id, song_id, played_at, device) VALUES (3, 983, '2025-04-12 06:05:51', 'desktop');
INSERT INTO streaming_history (user_id, song_id, played_at, device) VALUES (60, 5224, '2025-03-31 11:08:07', 'tablet');
INSERT INTO streaming_history (user_id, song_id, played_at, device) VALUES (216, 5413, '2025-10-04 23:38:17', 'mobile');
INSERT INTO streaming_history (user_id, song_id, played_at, device) VALUES (251, 5530, '2025-11-19 23:18:22', 'smart_tv');
INSERT INTO streaming_history (user_id, song_id, played_at, device) VALUES (133, 1909, '2026-01-06 05:49:31', 'smart_tv');
INSERT INTO streaming_history (user_id, song_id, played_at, device) VALUES (177, 5162, '2025-06-07 07:26:07', 'desktop');
INSERT INTO streaming_history (user_id, song_id, played_at, device) VALUES (63, 2722, '2025-09-29 08:47:08', 'desktop');
INSERT INTO streaming_history (user_id, song_id, played_at, device) VALUES (287, 4138, '2026-02-17 20:13:49', 'tablet');
INSERT INTO streaming_history (user_id, song_id, played_at, device) VALUES (217, 589, '2025-05-21 11:15:19', 'desktop');
INSERT INTO streaming_history (user_id, song_id, played_at, device) VALUES (274, 3851, '2026-03-18 06:48:07', 'smart_tv');
INSERT INTO streaming_history (user_id, song_id, played_at, device) VALUES (164, 3644, '2026-01-22 05:35:07', 'desktop');
INSERT INTO streaming_history (user_id, song_id, played_at, device) VALUES (148, 1317, '2026-01-26 14:52:05', 'smart_tv');
INSERT INTO streaming_history (user_id, song_id, played_at, device) VALUES (197, 1382, '2025-07-11 17:47:28', 'tablet');
INSERT INTO streaming_history (user_id, song_id, played_at, device) VALUES (21, 5728, '2025-10-23 17:34:41', 'tablet');
INSERT INTO streaming_history (user_id, song_id, played_at, device) VALUES (145, 1322, '2025-10-13 03:44:50', 'mobile');
INSERT INTO streaming_history (user_id, song_id, played_at, device) VALUES (85, 2434, '2025-03-28 01:25:02', 'mobile');
INSERT INTO streaming_history (user_id, song_id, played_at, device) VALUES (210, 354, '2025-07-18 21:10:09', 'desktop');
INSERT INTO streaming_history (user_id, song_id, played_at, device) VALUES (254, 2986, '2026-01-15 09:24:05', 'tablet');
INSERT INTO streaming_history (user_id, song_id, played_at, device) VALUES (204, 1852, '2025-06-07 23:09:05', 'mobile');
INSERT INTO streaming_history (user_id, song_id, played_at, device) VALUES (292, 5736, '2026-02-18 06:54:01', 'tablet');
INSERT INTO streaming_history (user_id, song_id, played_at, device) VALUES (155, 1373, '2025-11-01 19:33:25', 'desktop');
INSERT INTO streaming_history (user_id, song_id, played_at, device) VALUES (199, 5246, '2025-04-23 16:08:12', 'tablet');
INSERT INTO streaming_history (user_id, song_id, played_at, device) VALUES (298, 356, '2025-09-07 21:03:24', 'tablet');
INSERT INTO streaming_history (user_id, song_id, played_at, device) VALUES (111, 5651, '2025-10-16 00:45:24', 'tablet');
INSERT INTO streaming_history (user_id, song_id, played_at, device) VALUES (266, 694, '2025-05-28 09:20:12', 'tablet');
INSERT INTO streaming_history (user_id, song_id, played_at, device) VALUES (279, 4241, '2025-10-24 01:18:06', 'desktop');
INSERT INTO streaming_history (user_id, song_id, played_at, device) VALUES (291, 1351, '2025-07-03 14:29:01', 'smart_tv');
INSERT INTO streaming_history (user_id, song_id, played_at, device) VALUES (79, 4511, '2026-01-30 05:05:22', 'mobile');
INSERT INTO streaming_history (user_id, song_id, played_at, device) VALUES (30, 2030, '2025-06-18 17:18:17', 'tablet');
INSERT INTO streaming_history (user_id, song_id, played_at, device) VALUES (283, 1760, '2025-06-20 22:28:27', 'mobile');
INSERT INTO streaming_history (user_id, song_id, played_at, device) VALUES (274, 243, '2025-12-25 13:03:41', 'mobile');
INSERT INTO streaming_history (user_id, song_id, played_at, device) VALUES (291, 1948, '2025-06-07 22:59:08', 'mobile');
INSERT INTO streaming_history (user_id, song_id, played_at, device) VALUES (292, 3852, '2026-03-12 21:04:10', 'desktop');
INSERT INTO streaming_history (user_id, song_id, played_at, device) VALUES (253, 4666, '2026-03-05 17:10:14', 'tablet');
INSERT INTO streaming_history (user_id, song_id, played_at, device) VALUES (73, 2197, '2025-08-29 20:27:17', 'tablet');
INSERT INTO streaming_history (user_id, song_id, played_at, device) VALUES (216, 5517, '2025-09-27 00:08:44', 'smart_tv');
INSERT INTO streaming_history (user_id, song_id, played_at, device) VALUES (143, 1277, '2025-05-05 10:34:54', 'smart_tv');
INSERT INTO streaming_history (user_id, song_id, played_at, device) VALUES (70, 950, '2025-10-15 12:11:54', 'desktop');
INSERT INTO streaming_history (user_id, song_id, played_at, device) VALUES (56, 4806, '2025-10-28 07:57:07', 'mobile');
INSERT INTO streaming_history (user_id, song_id, played_at, device) VALUES (96, 2425, '2026-02-02 04:41:38', 'smart_tv');
INSERT INTO streaming_history (user_id, song_id, played_at, device) VALUES (97, 4906, '2026-01-20 13:15:34', 'mobile');
INSERT INTO streaming_history (user_id, song_id, played_at, device) VALUES (91, 1761, '2025-07-02 12:05:19', 'smart_tv');
INSERT INTO streaming_history (user_id, song_id, played_at, device) VALUES (103, 4415, '2025-09-26 05:24:22', 'mobile');
INSERT INTO streaming_history (user_id, song_id, played_at, device) VALUES (17, 2637, '2025-07-25 09:02:12', 'desktop');
INSERT INTO streaming_history (user_id, song_id, played_at, device) VALUES (160, 3826, '2026-03-01 22:41:57', 'smart_tv');
INSERT INTO streaming_history (user_id, song_id, played_at, device) VALUES (126, 3988, '2025-07-30 18:12:48', 'mobile');
INSERT INTO streaming_history (user_id, song_id, played_at, device) VALUES (53, 4785, '2025-05-07 12:03:50', 'desktop');
INSERT INTO streaming_history (user_id, song_id, played_at, device) VALUES (148, 861, '2026-01-11 03:39:33', 'smart_tv');
INSERT INTO streaming_history (user_id, song_id, played_at, device) VALUES (22, 3403, '2026-02-21 07:09:50', 'tablet');
INSERT INTO streaming_history (user_id, song_id, played_at, device) VALUES (44, 593, '2025-08-04 22:15:26', 'desktop');
INSERT INTO streaming_history (user_id, song_id, played_at, device) VALUES (80, 5093, '2025-06-23 01:39:11', 'tablet');
INSERT INTO streaming_history (user_id, song_id, played_at, device) VALUES (208, 28, '2025-09-30 07:37:27', 'desktop');
INSERT INTO streaming_history (user_id, song_id, played_at, device) VALUES (216, 968, '2025-05-02 15:58:57', 'mobile');
INSERT INTO streaming_history (user_id, song_id, played_at, device) VALUES (145, 2343, '2025-12-19 03:51:23', 'tablet');
INSERT INTO streaming_history (user_id, song_id, played_at, device) VALUES (150, 4697, '2026-03-13 09:41:24', 'desktop');
INSERT INTO streaming_history (user_id, song_id, played_at, device) VALUES (74, 3236, '2026-03-12 13:05:32', 'mobile');
INSERT INTO streaming_history (user_id, song_id, played_at, device) VALUES (170, 1434, '2025-11-18 03:23:06', 'smart_tv');
INSERT INTO streaming_history (user_id, song_id, played_at, device) VALUES (122, 3219, '2026-03-10 14:06:04', 'tablet');
INSERT INTO streaming_history (user_id, song_id, played_at, device) VALUES (188, 858, '2025-06-12 11:56:00', 'tablet');
INSERT INTO streaming_history (user_id, song_id, played_at, device) VALUES (6, 3200, '2025-10-26 02:36:35', 'mobile');
INSERT INTO streaming_history (user_id, song_id, played_at, device) VALUES (220, 3453, '2025-07-16 04:51:42', 'desktop');
INSERT INTO streaming_history (user_id, song_id, played_at, device) VALUES (76, 1841, '2025-05-04 09:37:50', 'tablet');
INSERT INTO streaming_history (user_id, song_id, played_at, device) VALUES (202, 5283, '2025-06-10 13:51:30', 'smart_tv');
INSERT INTO streaming_history (user_id, song_id, played_at, device) VALUES (111, 5858, '2025-08-28 21:20:46', 'tablet');
INSERT INTO streaming_history (user_id, song_id, played_at, device) VALUES (291, 4133, '2025-10-04 05:48:17', 'desktop');
INSERT INTO streaming_history (user_id, song_id, played_at, device) VALUES (118, 746, '2026-03-12 03:17:01', 'smart_tv');
INSERT INTO streaming_history (user_id, song_id, played_at, device) VALUES (207, 4442, '2025-11-04 22:02:25', 'smart_tv');
INSERT INTO streaming_history (user_id, song_id, played_at, device) VALUES (169, 745, '2025-12-01 23:49:26', 'desktop');
INSERT INTO streaming_history (user_id, song_id, played_at, device) VALUES (265, 1473, '2025-05-30 04:58:38', 'tablet');
INSERT INTO streaming_history (user_id, song_id, played_at, device) VALUES (260, 3709, '2025-04-04 15:12:16', 'tablet');
INSERT INTO streaming_history (user_id, song_id, played_at, device) VALUES (113, 5505, '2025-08-29 21:30:49', 'desktop');
INSERT INTO streaming_history (user_id, song_id, played_at, device) VALUES (123, 2552, '2025-08-23 10:39:14', 'desktop');
INSERT INTO streaming_history (user_id, song_id, played_at, device) VALUES (168, 4936, '2026-03-15 22:30:14', 'smart_tv');
INSERT INTO streaming_history (user_id, song_id, played_at, device) VALUES (16, 3481, '2025-08-31 08:20:16', 'mobile');
INSERT INTO streaming_history (user_id, song_id, played_at, device) VALUES (207, 1684, '2025-12-05 15:36:41', 'mobile');
INSERT INTO streaming_history (user_id, song_id, played_at, device) VALUES (129, 282, '2025-05-24 11:17:16', 'mobile');
INSERT INTO streaming_history (user_id, song_id, played_at, device) VALUES (248, 2690, '2026-03-25 19:59:58', 'tablet');
INSERT INTO streaming_history (user_id, song_id, played_at, device) VALUES (166, 3964, '2025-10-30 02:05:44', 'desktop');
INSERT INTO streaming_history (user_id, song_id, played_at, device) VALUES (222, 5899, '2025-04-07 05:01:43', 'desktop');
INSERT INTO streaming_history (user_id, song_id, played_at, device) VALUES (52, 2397, '2025-12-27 17:00:25', 'smart_tv');
INSERT INTO streaming_history (user_id, song_id, played_at, device) VALUES (290, 1346, '2026-01-09 08:23:31', 'tablet');
INSERT INTO streaming_history (user_id, song_id, played_at, device) VALUES (95, 3896, '2025-04-20 01:41:52', 'tablet');
INSERT INTO streaming_history (user_id, song_id, played_at, device) VALUES (38, 2172, '2026-03-12 06:05:40', 'tablet');
INSERT INTO streaming_history (user_id, song_id, played_at, device) VALUES (163, 828, '2026-01-16 10:28:59', 'tablet');
INSERT INTO streaming_history (user_id, song_id, played_at, device) VALUES (59, 3532, '2025-11-08 15:46:25', 'tablet');
INSERT INTO streaming_history (user_id, song_id, played_at, device) VALUES (105, 1661, '2025-08-21 13:32:44', 'desktop');
INSERT INTO streaming_history (user_id, song_id, played_at, device) VALUES (213, 3217, '2025-06-29 15:56:03', 'smart_tv');
INSERT INTO streaming_history (user_id, song_id, played_at, device) VALUES (111, 1553, '2025-07-25 20:07:59', 'desktop');
INSERT INTO streaming_history (user_id, song_id, played_at, device) VALUES (70, 726, '2025-09-29 20:37:09', 'smart_tv');
INSERT INTO streaming_history (user_id, song_id, played_at, device) VALUES (284, 4663, '2025-04-14 04:05:42', 'desktop');
INSERT INTO streaming_history (user_id, song_id, played_at, device) VALUES (251, 1679, '2025-04-08 22:43:00', 'tablet');
INSERT INTO streaming_history (user_id, song_id, played_at, device) VALUES (71, 2502, '2025-11-10 19:34:59', 'tablet');
INSERT INTO streaming_history (user_id, song_id, played_at, device) VALUES (112, 336, '2025-11-13 06:29:20', 'desktop');
INSERT INTO streaming_history (user_id, song_id, played_at, device) VALUES (251, 2552, '2026-03-02 01:28:07', 'smart_tv');
INSERT INTO streaming_history (user_id, song_id, played_at, device) VALUES (207, 369, '2026-01-09 20:44:26', 'desktop');
INSERT INTO streaming_history (user_id, song_id, played_at, device) VALUES (120, 5332, '2025-05-08 23:22:44', 'smart_tv');
INSERT INTO streaming_history (user_id, song_id, played_at, device) VALUES (95, 1632, '2026-03-21 08:24:28', 'mobile');
INSERT INTO streaming_history (user_id, song_id, played_at, device) VALUES (221, 4716, '2025-12-21 00:48:40', 'desktop');
INSERT INTO streaming_history (user_id, song_id, played_at, device) VALUES (215, 1273, '2025-12-23 22:43:34', 'smart_tv');
INSERT INTO streaming_history (user_id, song_id, played_at, device) VALUES (66, 1224, '2025-10-09 07:17:52', 'tablet');
INSERT INTO streaming_history (user_id, song_id, played_at, device) VALUES (25, 5137, '2026-03-24 13:32:21', 'mobile');
INSERT INTO streaming_history (user_id, song_id, played_at, device) VALUES (138, 2865, '2025-11-16 03:11:31', 'desktop');
INSERT INTO streaming_history (user_id, song_id, played_at, device) VALUES (46, 2964, '2025-12-25 02:53:55', 'tablet');
INSERT INTO streaming_history (user_id, song_id, played_at, device) VALUES (158, 884, '2025-12-02 13:35:12', 'mobile');
INSERT INTO streaming_history (user_id, song_id, played_at, device) VALUES (128, 4731, '2025-07-07 11:18:40', 'mobile');
INSERT INTO streaming_history (user_id, song_id, played_at, device) VALUES (28, 3827, '2025-12-01 03:29:46', 'smart_tv');
INSERT INTO streaming_history (user_id, song_id, played_at, device) VALUES (181, 5068, '2025-11-13 20:23:28', 'mobile');
INSERT INTO streaming_history (user_id, song_id, played_at, device) VALUES (181, 1303, '2025-12-10 00:20:43', 'mobile');
INSERT INTO streaming_history (user_id, song_id, played_at, device) VALUES (213, 4381, '2026-03-23 21:02:21', 'smart_tv');
INSERT INTO streaming_history (user_id, song_id, played_at, device) VALUES (204, 1812, '2026-01-14 18:20:48', 'smart_tv');
INSERT INTO streaming_history (user_id, song_id, played_at, device) VALUES (18, 5374, '2025-06-09 21:46:47', 'smart_tv');
INSERT INTO streaming_history (user_id, song_id, played_at, device) VALUES (149, 2525, '2025-05-02 10:39:45', 'mobile');
INSERT INTO streaming_history (user_id, song_id, played_at, device) VALUES (127, 4304, '2025-04-14 17:52:22', 'desktop');
INSERT INTO streaming_history (user_id, song_id, played_at, device) VALUES (105, 1974, '2025-08-16 11:02:54', 'mobile');
INSERT INTO streaming_history (user_id, song_id, played_at, device) VALUES (236, 4517, '2025-06-23 05:10:46', 'smart_tv');
INSERT INTO streaming_history (user_id, song_id, played_at, device) VALUES (148, 2407, '2025-12-21 17:52:07', 'tablet');
INSERT INTO streaming_history (user_id, song_id, played_at, device) VALUES (95, 2056, '2025-10-26 06:35:49', 'mobile');
INSERT INTO streaming_history (user_id, song_id, played_at, device) VALUES (32, 4427, '2026-01-28 12:20:36', 'smart_tv');
INSERT INTO streaming_history (user_id, song_id, played_at, device) VALUES (44, 2330, '2025-12-17 22:24:40', 'mobile');
INSERT INTO streaming_history (user_id, song_id, played_at, device) VALUES (234, 3710, '2025-08-26 19:47:58', 'smart_tv');
INSERT INTO streaming_history (user_id, song_id, played_at, device) VALUES (148, 657, '2026-01-05 12:07:07', 'desktop');
INSERT INTO streaming_history (user_id, song_id, played_at, device) VALUES (145, 3938, '2025-05-15 04:33:26', 'desktop');
INSERT INTO streaming_history (user_id, song_id, played_at, device) VALUES (285, 2141, '2026-03-26 01:45:12', 'smart_tv');
INSERT INTO streaming_history (user_id, song_id, played_at, device) VALUES (20, 3405, '2026-01-06 00:58:27', 'tablet');
INSERT INTO streaming_history (user_id, song_id, played_at, device) VALUES (135, 3793, '2025-10-25 21:15:42', 'desktop');
INSERT INTO streaming_history (user_id, song_id, played_at, device) VALUES (86, 5819, '2026-01-21 06:57:02', 'desktop');
INSERT INTO streaming_history (user_id, song_id, played_at, device) VALUES (101, 3168, '2025-07-01 17:49:46', 'desktop');
INSERT INTO streaming_history (user_id, song_id, played_at, device) VALUES (207, 5129, '2025-12-07 07:12:58', 'mobile');
INSERT INTO streaming_history (user_id, song_id, played_at, device) VALUES (94, 5210, '2025-11-26 01:59:05', 'smart_tv');
INSERT INTO streaming_history (user_id, song_id, played_at, device) VALUES (243, 3124, '2025-03-30 11:09:14', 'tablet');
INSERT INTO streaming_history (user_id, song_id, played_at, device) VALUES (132, 5823, '2026-01-25 18:06:26', 'mobile');
INSERT INTO streaming_history (user_id, song_id, played_at, device) VALUES (103, 3756, '2025-07-22 13:27:51', 'smart_tv');
INSERT INTO streaming_history (user_id, song_id, played_at, device) VALUES (103, 1328, '2025-08-11 05:41:35', 'tablet');
INSERT INTO streaming_history (user_id, song_id, played_at, device) VALUES (130, 2173, '2025-10-12 07:20:14', 'smart_tv');
INSERT INTO streaming_history (user_id, song_id, played_at, device) VALUES (50, 199, '2025-12-08 17:27:40', 'mobile');
INSERT INTO streaming_history (user_id, song_id, played_at, device) VALUES (57, 40, '2026-01-16 12:55:37', 'tablet');
INSERT INTO streaming_history (user_id, song_id, played_at, device) VALUES (282, 5500, '2025-07-30 21:28:30', 'mobile');
INSERT INTO streaming_history (user_id, song_id, played_at, device) VALUES (295, 967, '2025-06-26 11:17:08', 'desktop');
INSERT INTO streaming_history (user_id, song_id, played_at, device) VALUES (263, 2800, '2025-12-04 23:54:19', 'desktop');
INSERT INTO streaming_history (user_id, song_id, played_at, device) VALUES (92, 818, '2025-04-09 00:30:34', 'mobile');
INSERT INTO streaming_history (user_id, song_id, played_at, device) VALUES (136, 4160, '2026-03-13 11:53:06', 'mobile');
INSERT INTO streaming_history (user_id, song_id, played_at, device) VALUES (109, 1227, '2025-05-26 13:57:22', 'smart_tv');
INSERT INTO streaming_history (user_id, song_id, played_at, device) VALUES (97, 1839, '2025-06-04 10:20:31', 'tablet');
INSERT INTO streaming_history (user_id, song_id, played_at, device) VALUES (167, 3852, '2025-10-03 22:55:53', 'desktop');
INSERT INTO streaming_history (user_id, song_id, played_at, device) VALUES (117, 3630, '2025-11-21 15:19:03', 'desktop');
INSERT INTO streaming_history (user_id, song_id, played_at, device) VALUES (120, 2631, '2025-04-14 04:58:02', 'tablet');
INSERT INTO streaming_history (user_id, song_id, played_at, device) VALUES (72, 3548, '2025-08-26 06:18:51', 'mobile');
INSERT INTO streaming_history (user_id, song_id, played_at, device) VALUES (41, 4045, '2025-07-01 05:26:41', 'tablet');
INSERT INTO streaming_history (user_id, song_id, played_at, device) VALUES (163, 1749, '2025-10-12 05:00:18', 'smart_tv');
INSERT INTO streaming_history (user_id, song_id, played_at, device) VALUES (269, 961, '2025-10-25 21:20:43', 'smart_tv');
INSERT INTO streaming_history (user_id, song_id, played_at, device) VALUES (32, 5594, '2025-04-01 11:08:51', 'smart_tv');
INSERT INTO streaming_history (user_id, song_id, played_at, device) VALUES (296, 5448, '2025-05-19 13:32:47', 'desktop');
INSERT INTO streaming_history (user_id, song_id, played_at, device) VALUES (197, 2176, '2025-07-18 07:24:35', 'mobile');
INSERT INTO streaming_history (user_id, song_id, played_at, device) VALUES (241, 1184, '2025-09-06 19:54:05', 'desktop');
INSERT INTO streaming_history (user_id, song_id, played_at, device) VALUES (117, 3430, '2025-10-28 18:57:00', 'desktop');
INSERT INTO streaming_history (user_id, song_id, played_at, device) VALUES (116, 3785, '2025-10-04 23:30:05', 'tablet');
INSERT INTO streaming_history (user_id, song_id, played_at, device) VALUES (123, 4072, '2026-03-06 10:05:20', 'tablet');
INSERT INTO streaming_history (user_id, song_id, played_at, device) VALUES (116, 4661, '2026-03-22 19:25:27', 'tablet');
INSERT INTO streaming_history (user_id, song_id, played_at, device) VALUES (7, 607, '2025-10-07 05:46:16', 'smart_tv');
INSERT INTO streaming_history (user_id, song_id, played_at, device) VALUES (109, 1899, '2025-09-08 20:40:17', 'mobile');
INSERT INTO streaming_history (user_id, song_id, played_at, device) VALUES (218, 5522, '2025-09-01 03:53:38', 'smart_tv');
INSERT INTO streaming_history (user_id, song_id, played_at, device) VALUES (134, 1629, '2025-07-17 01:32:54', 'tablet');
INSERT INTO streaming_history (user_id, song_id, played_at, device) VALUES (234, 244, '2025-10-21 09:18:16', 'tablet');
INSERT INTO streaming_history (user_id, song_id, played_at, device) VALUES (255, 3542, '2026-03-04 06:36:13', 'smart_tv');
INSERT INTO streaming_history (user_id, song_id, played_at, device) VALUES (26, 5643, '2025-12-12 14:24:18', 'desktop');
INSERT INTO streaming_history (user_id, song_id, played_at, device) VALUES (254, 5802, '2025-06-23 15:40:40', 'smart_tv');
INSERT INTO streaming_history (user_id, song_id, played_at, device) VALUES (107, 5851, '2025-10-13 09:14:25', 'smart_tv');
INSERT INTO streaming_history (user_id, song_id, played_at, device) VALUES (63, 1039, '2025-10-22 05:27:25', 'tablet');
INSERT INTO streaming_history (user_id, song_id, played_at, device) VALUES (230, 1787, '2025-07-05 20:54:07', 'tablet');
INSERT INTO streaming_history (user_id, song_id, played_at, device) VALUES (18, 5519, '2025-12-12 14:43:50', 'mobile');
INSERT INTO streaming_history (user_id, song_id, played_at, device) VALUES (110, 2845, '2025-05-14 03:32:32', 'tablet');
INSERT INTO streaming_history (user_id, song_id, played_at, device) VALUES (189, 2334, '2025-11-27 06:45:28', 'smart_tv');
INSERT INTO streaming_history (user_id, song_id, played_at, device) VALUES (57, 51, '2025-06-09 19:28:07', 'desktop');
INSERT INTO streaming_history (user_id, song_id, played_at, device) VALUES (29, 3221, '2025-10-21 09:41:47', 'tablet');
INSERT INTO streaming_history (user_id, song_id, played_at, device) VALUES (9, 5423, '2025-06-24 11:40:43', 'desktop');
INSERT INTO streaming_history (user_id, song_id, played_at, device) VALUES (29, 4488, '2025-09-10 07:36:47', 'desktop');
INSERT INTO streaming_history (user_id, song_id, played_at, device) VALUES (223, 556, '2025-11-27 13:07:47', 'tablet');
INSERT INTO streaming_history (user_id, song_id, played_at, device) VALUES (285, 4532, '2025-12-17 23:16:30', 'desktop');
INSERT INTO streaming_history (user_id, song_id, played_at, device) VALUES (150, 5800, '2025-11-10 09:50:04', 'desktop');
INSERT INTO streaming_history (user_id, song_id, played_at, device) VALUES (260, 5529, '2026-03-06 03:16:10', 'desktop');
INSERT INTO streaming_history (user_id, song_id, played_at, device) VALUES (127, 3673, '2025-06-05 21:21:17', 'desktop');
INSERT INTO streaming_history (user_id, song_id, played_at, device) VALUES (87, 695, '2025-06-16 05:23:20', 'desktop');
INSERT INTO streaming_history (user_id, song_id, played_at, device) VALUES (83, 2369, '2026-01-18 05:04:12', 'mobile');
INSERT INTO streaming_history (user_id, song_id, played_at, device) VALUES (87, 1385, '2025-10-31 15:21:42', 'tablet');
INSERT INTO streaming_history (user_id, song_id, played_at, device) VALUES (121, 5740, '2025-10-28 01:38:26', 'desktop');
INSERT INTO streaming_history (user_id, song_id, played_at, device) VALUES (55, 4780, '2025-09-22 03:27:59', 'mobile');
INSERT INTO streaming_history (user_id, song_id, played_at, device) VALUES (209, 1919, '2025-04-16 01:53:08', 'tablet');
INSERT INTO streaming_history (user_id, song_id, played_at, device) VALUES (288, 4724, '2025-10-19 16:51:28', 'smart_tv');
INSERT INTO streaming_history (user_id, song_id, played_at, device) VALUES (55, 1973, '2026-03-22 21:39:59', 'desktop');
INSERT INTO streaming_history (user_id, song_id, played_at, device) VALUES (18, 5365, '2025-11-27 23:14:04', 'tablet');
INSERT INTO streaming_history (user_id, song_id, played_at, device) VALUES (125, 2965, '2025-05-26 16:18:42', 'mobile');
INSERT INTO streaming_history (user_id, song_id, played_at, device) VALUES (72, 5051, '2025-08-14 13:41:05', 'mobile');
INSERT INTO streaming_history (user_id, song_id, played_at, device) VALUES (12, 5369, '2026-03-03 13:41:36', 'mobile');
INSERT INTO streaming_history (user_id, song_id, played_at, device) VALUES (173, 2886, '2025-06-15 11:37:18', 'mobile');
INSERT INTO streaming_history (user_id, song_id, played_at, device) VALUES (207, 799, '2025-08-15 16:19:20', 'mobile');
INSERT INTO streaming_history (user_id, song_id, played_at, device) VALUES (47, 3034, '2026-03-23 13:35:19', 'mobile');
INSERT INTO streaming_history (user_id, song_id, played_at, device) VALUES (215, 3137, '2025-07-15 08:04:12', 'mobile');
INSERT INTO streaming_history (user_id, song_id, played_at, device) VALUES (249, 3273, '2026-02-20 09:36:14', 'tablet');
INSERT INTO streaming_history (user_id, song_id, played_at, device) VALUES (83, 4046, '2025-05-30 03:29:09', 'smart_tv');
INSERT INTO streaming_history (user_id, song_id, played_at, device) VALUES (62, 4022, '2025-10-21 22:25:00', 'desktop');
INSERT INTO streaming_history (user_id, song_id, played_at, device) VALUES (257, 5327, '2025-11-21 15:33:45', 'desktop');
INSERT INTO streaming_history (user_id, song_id, played_at, device) VALUES (119, 195, '2025-09-27 13:47:37', 'desktop');
INSERT INTO streaming_history (user_id, song_id, played_at, device) VALUES (196, 3719, '2025-05-15 20:48:01', 'smart_tv');
INSERT INTO streaming_history (user_id, song_id, played_at, device) VALUES (262, 5117, '2026-02-18 04:17:59', 'tablet');
INSERT INTO streaming_history (user_id, song_id, played_at, device) VALUES (233, 1153, '2025-12-30 22:39:17', 'tablet');
INSERT INTO streaming_history (user_id, song_id, played_at, device) VALUES (237, 3186, '2025-09-02 13:48:44', 'smart_tv');
INSERT INTO streaming_history (user_id, song_id, played_at, device) VALUES (55, 5309, '2025-11-24 09:31:37', 'smart_tv');
INSERT INTO streaming_history (user_id, song_id, played_at, device) VALUES (133, 3265, '2025-10-30 17:58:46', 'mobile');
INSERT INTO streaming_history (user_id, song_id, played_at, device) VALUES (32, 4096, '2026-01-04 22:23:58', 'mobile');
INSERT INTO streaming_history (user_id, song_id, played_at, device) VALUES (271, 2317, '2026-03-07 01:20:50', 'desktop');
INSERT INTO streaming_history (user_id, song_id, played_at, device) VALUES (271, 3878, '2025-08-02 09:44:24', 'tablet');
INSERT INTO streaming_history (user_id, song_id, played_at, device) VALUES (267, 1695, '2026-03-01 11:39:22', 'desktop');
INSERT INTO streaming_history (user_id, song_id, played_at, device) VALUES (111, 4255, '2026-03-22 00:28:01', 'desktop');
INSERT INTO streaming_history (user_id, song_id, played_at, device) VALUES (258, 1651, '2026-01-02 02:08:36', 'mobile');
INSERT INTO streaming_history (user_id, song_id, played_at, device) VALUES (7, 2619, '2025-04-18 07:32:41', 'tablet');
INSERT INTO streaming_history (user_id, song_id, played_at, device) VALUES (212, 3563, '2025-07-28 02:03:33', 'tablet');
INSERT INTO streaming_history (user_id, song_id, played_at, device) VALUES (210, 1545, '2026-03-06 01:47:36', 'mobile');
INSERT INTO streaming_history (user_id, song_id, played_at, device) VALUES (257, 1674, '2025-06-14 16:47:45', 'smart_tv');
INSERT INTO streaming_history (user_id, song_id, played_at, device) VALUES (32, 24, '2025-04-07 21:07:19', 'tablet');
INSERT INTO streaming_history (user_id, song_id, played_at, device) VALUES (253, 83, '2026-03-09 03:55:03', 'tablet');
INSERT INTO streaming_history (user_id, song_id, played_at, device) VALUES (107, 5378, '2026-02-01 15:47:35', 'desktop');
INSERT INTO streaming_history (user_id, song_id, played_at, device) VALUES (121, 2759, '2026-03-08 11:18:01', 'smart_tv');
INSERT INTO streaming_history (user_id, song_id, played_at, device) VALUES (105, 5290, '2025-05-28 14:20:06', 'desktop');
INSERT INTO streaming_history (user_id, song_id, played_at, device) VALUES (224, 3507, '2025-07-19 08:34:36', 'smart_tv');
INSERT INTO streaming_history (user_id, song_id, played_at, device) VALUES (185, 3457, '2025-06-23 14:49:06', 'desktop');
INSERT INTO streaming_history (user_id, song_id, played_at, device) VALUES (141, 974, '2025-05-29 03:50:09', 'desktop');
INSERT INTO streaming_history (user_id, song_id, played_at, device) VALUES (251, 4045, '2025-06-05 14:04:40', 'tablet');
INSERT INTO streaming_history (user_id, song_id, played_at, device) VALUES (248, 5749, '2025-11-07 12:17:26', 'desktop');
INSERT INTO streaming_history (user_id, song_id, played_at, device) VALUES (6, 1953, '2025-06-29 01:50:56', 'tablet');
INSERT INTO streaming_history (user_id, song_id, played_at, device) VALUES (269, 3359, '2025-09-05 08:00:14', 'smart_tv');
INSERT INTO streaming_history (user_id, song_id, played_at, device) VALUES (191, 4233, '2026-03-24 18:30:10', 'smart_tv');
INSERT INTO streaming_history (user_id, song_id, played_at, device) VALUES (231, 5099, '2025-10-16 18:28:01', 'mobile');
INSERT INTO streaming_history (user_id, song_id, played_at, device) VALUES (61, 3260, '2025-07-04 21:42:33', 'smart_tv');
INSERT INTO streaming_history (user_id, song_id, played_at, device) VALUES (3, 389, '2026-01-01 15:29:14', 'smart_tv');
INSERT INTO streaming_history (user_id, song_id, played_at, device) VALUES (132, 4835, '2025-05-23 10:15:37', 'tablet');
INSERT INTO streaming_history (user_id, song_id, played_at, device) VALUES (50, 3851, '2025-11-17 22:20:10', 'mobile');
INSERT INTO streaming_history (user_id, song_id, played_at, device) VALUES (34, 1788, '2025-06-18 19:55:44', 'smart_tv');
INSERT INTO streaming_history (user_id, song_id, played_at, device) VALUES (24, 3761, '2026-01-05 09:48:21', 'smart_tv');
INSERT INTO streaming_history (user_id, song_id, played_at, device) VALUES (206, 4678, '2025-12-07 06:43:09', 'smart_tv');
INSERT INTO streaming_history (user_id, song_id, played_at, device) VALUES (163, 1144, '2026-02-14 04:54:12', 'mobile');
INSERT INTO streaming_history (user_id, song_id, played_at, device) VALUES (90, 1716, '2025-09-13 19:46:35', 'mobile');
INSERT INTO streaming_history (user_id, song_id, played_at, device) VALUES (78, 1174, '2025-09-25 01:29:02', 'smart_tv');
INSERT INTO streaming_history (user_id, song_id, played_at, device) VALUES (138, 2777, '2025-04-10 04:18:40', 'smart_tv');
INSERT INTO streaming_history (user_id, song_id, played_at, device) VALUES (107, 939, '2025-09-06 23:52:14', 'mobile');
INSERT INTO streaming_history (user_id, song_id, played_at, device) VALUES (273, 2031, '2025-09-08 14:34:22', 'smart_tv');
INSERT INTO streaming_history (user_id, song_id, played_at, device) VALUES (70, 1513, '2025-06-29 01:01:53', 'tablet');
INSERT INTO streaming_history (user_id, song_id, played_at, device) VALUES (31, 4908, '2026-03-01 15:06:49', 'mobile');
INSERT INTO streaming_history (user_id, song_id, played_at, device) VALUES (170, 5199, '2025-10-06 10:56:59', 'smart_tv');
INSERT INTO streaming_history (user_id, song_id, played_at, device) VALUES (186, 105, '2025-08-24 12:41:13', 'tablet');
INSERT INTO streaming_history (user_id, song_id, played_at, device) VALUES (128, 2067, '2025-07-25 10:13:24', 'mobile');
INSERT INTO streaming_history (user_id, song_id, played_at, device) VALUES (299, 4378, '2025-12-19 23:00:44', 'tablet');
INSERT INTO streaming_history (user_id, song_id, played_at, device) VALUES (106, 3518, '2025-07-29 23:20:05', 'smart_tv');
INSERT INTO streaming_history (user_id, song_id, played_at, device) VALUES (45, 2302, '2025-09-27 17:38:58', 'mobile');
INSERT INTO streaming_history (user_id, song_id, played_at, device) VALUES (284, 2749, '2025-05-02 14:02:34', 'mobile');
INSERT INTO streaming_history (user_id, song_id, played_at, device) VALUES (219, 575, '2025-07-07 22:48:41', 'mobile');
INSERT INTO streaming_history (user_id, song_id, played_at, device) VALUES (291, 1715, '2026-02-07 21:56:19', 'mobile');
INSERT INTO streaming_history (user_id, song_id, played_at, device) VALUES (88, 5777, '2025-08-27 06:26:22', 'mobile');
INSERT INTO streaming_history (user_id, song_id, played_at, device) VALUES (166, 5234, '2025-06-06 18:30:12', 'mobile');
INSERT INTO streaming_history (user_id, song_id, played_at, device) VALUES (202, 734, '2025-10-20 08:49:51', 'desktop');
INSERT INTO streaming_history (user_id, song_id, played_at, device) VALUES (131, 3053, '2025-04-07 02:40:04', 'mobile');
INSERT INTO streaming_history (user_id, song_id, played_at, device) VALUES (158, 5761, '2025-11-07 15:38:10', 'desktop');
INSERT INTO streaming_history (user_id, song_id, played_at, device) VALUES (229, 1499, '2025-06-02 12:36:35', 'smart_tv');
INSERT INTO streaming_history (user_id, song_id, played_at, device) VALUES (263, 3821, '2025-12-17 11:45:20', 'tablet');
INSERT INTO streaming_history (user_id, song_id, played_at, device) VALUES (21, 4602, '2025-12-26 04:42:20', 'tablet');
INSERT INTO streaming_history (user_id, song_id, played_at, device) VALUES (72, 292, '2026-02-04 06:46:23', 'smart_tv');
INSERT INTO streaming_history (user_id, song_id, played_at, device) VALUES (235, 1438, '2025-09-27 15:22:15', 'mobile');
INSERT INTO streaming_history (user_id, song_id, played_at, device) VALUES (10, 5094, '2026-03-21 06:29:26', 'mobile');
INSERT INTO streaming_history (user_id, song_id, played_at, device) VALUES (28, 1154, '2025-08-19 18:14:28', 'mobile');
INSERT INTO streaming_history (user_id, song_id, played_at, device) VALUES (64, 5630, '2025-06-16 13:05:02', 'desktop');
INSERT INTO streaming_history (user_id, song_id, played_at, device) VALUES (179, 427, '2025-10-25 18:27:37', 'desktop');
INSERT INTO streaming_history (user_id, song_id, played_at, device) VALUES (167, 786, '2025-04-29 18:18:41', 'mobile');
INSERT INTO streaming_history (user_id, song_id, played_at, device) VALUES (165, 865, '2026-01-28 18:56:37', 'tablet');
INSERT INTO streaming_history (user_id, song_id, played_at, device) VALUES (152, 3159, '2026-03-14 04:19:51', 'mobile');
INSERT INTO streaming_history (user_id, song_id, played_at, device) VALUES (42, 3431, '2025-06-10 03:30:57', 'smart_tv');
INSERT INTO streaming_history (user_id, song_id, played_at, device) VALUES (299, 5895, '2025-12-18 15:48:58', 'tablet');
INSERT INTO streaming_history (user_id, song_id, played_at, device) VALUES (207, 4349, '2025-12-10 08:26:10', 'desktop');
INSERT INTO streaming_history (user_id, song_id, played_at, device) VALUES (130, 4959, '2026-01-29 07:09:05', 'desktop');
INSERT INTO streaming_history (user_id, song_id, played_at, device) VALUES (180, 4237, '2025-08-15 12:24:34', 'smart_tv');
INSERT INTO streaming_history (user_id, song_id, played_at, device) VALUES (42, 421, '2025-06-18 00:59:05', 'mobile');
INSERT INTO streaming_history (user_id, song_id, played_at, device) VALUES (104, 5250, '2026-03-26 08:01:52', 'desktop');
INSERT INTO streaming_history (user_id, song_id, played_at, device) VALUES (74, 4038, '2025-07-19 17:57:04', 'desktop');
INSERT INTO streaming_history (user_id, song_id, played_at, device) VALUES (273, 4374, '2025-05-31 07:20:39', 'tablet');
INSERT INTO streaming_history (user_id, song_id, played_at, device) VALUES (179, 2393, '2025-07-28 20:16:48', 'smart_tv');
INSERT INTO streaming_history (user_id, song_id, played_at, device) VALUES (129, 325, '2026-03-21 17:20:46', 'mobile');
INSERT INTO streaming_history (user_id, song_id, played_at, device) VALUES (53, 405, '2026-02-07 04:16:22', 'desktop');
INSERT INTO streaming_history (user_id, song_id, played_at, device) VALUES (275, 5103, '2026-03-21 08:44:56', 'desktop');
INSERT INTO streaming_history (user_id, song_id, played_at, device) VALUES (102, 2872, '2025-05-23 03:51:42', 'mobile');
INSERT INTO streaming_history (user_id, song_id, played_at, device) VALUES (34, 653, '2025-04-26 11:57:40', 'tablet');
INSERT INTO streaming_history (user_id, song_id, played_at, device) VALUES (170, 377, '2025-12-26 11:30:49', 'tablet');
INSERT INTO streaming_history (user_id, song_id, played_at, device) VALUES (164, 4067, '2026-02-10 17:22:01', 'mobile');
INSERT INTO streaming_history (user_id, song_id, played_at, device) VALUES (29, 1629, '2025-08-02 13:33:32', 'desktop');
INSERT INTO streaming_history (user_id, song_id, played_at, device) VALUES (103, 768, '2026-02-20 09:22:14', 'desktop');
INSERT INTO streaming_history (user_id, song_id, played_at, device) VALUES (240, 4694, '2026-02-10 02:37:43', 'smart_tv');
INSERT INTO streaming_history (user_id, song_id, played_at, device) VALUES (272, 5035, '2025-10-11 15:40:11', 'desktop');
INSERT INTO streaming_history (user_id, song_id, played_at, device) VALUES (186, 251, '2025-04-03 05:19:42', 'tablet');
INSERT INTO streaming_history (user_id, song_id, played_at, device) VALUES (159, 5137, '2025-10-28 18:10:54', 'desktop');
INSERT INTO streaming_history (user_id, song_id, played_at, device) VALUES (283, 3322, '2025-04-23 15:08:19', 'smart_tv');
INSERT INTO streaming_history (user_id, song_id, played_at, device) VALUES (72, 4888, '2025-06-20 03:05:36', 'desktop');
INSERT INTO streaming_history (user_id, song_id, played_at, device) VALUES (271, 3953, '2026-01-30 01:37:26', 'smart_tv');
INSERT INTO streaming_history (user_id, song_id, played_at, device) VALUES (211, 1031, '2026-03-17 05:56:38', 'desktop');
INSERT INTO streaming_history (user_id, song_id, played_at, device) VALUES (151, 3653, '2025-11-18 21:45:04', 'tablet');
INSERT INTO streaming_history (user_id, song_id, played_at, device) VALUES (167, 318, '2025-06-02 13:17:50', 'smart_tv');
INSERT INTO streaming_history (user_id, song_id, played_at, device) VALUES (154, 450, '2026-01-06 11:36:33', 'tablet');
INSERT INTO streaming_history (user_id, song_id, played_at, device) VALUES (179, 413, '2025-05-16 18:12:09', 'smart_tv');
INSERT INTO streaming_history (user_id, song_id, played_at, device) VALUES (204, 1403, '2025-05-10 00:56:45', 'mobile');
INSERT INTO streaming_history (user_id, song_id, played_at, device) VALUES (144, 1500, '2025-08-28 03:27:27', 'mobile');
INSERT INTO streaming_history (user_id, song_id, played_at, device) VALUES (284, 826, '2025-10-18 07:17:44', 'tablet');
INSERT INTO streaming_history (user_id, song_id, played_at, device) VALUES (47, 4846, '2025-08-12 08:57:16', 'smart_tv');
INSERT INTO streaming_history (user_id, song_id, played_at, device) VALUES (59, 3379, '2025-08-15 07:18:27', 'tablet');
INSERT INTO streaming_history (user_id, song_id, played_at, device) VALUES (191, 5222, '2025-08-20 19:31:54', 'desktop');
INSERT INTO streaming_history (user_id, song_id, played_at, device) VALUES (266, 4933, '2025-07-12 11:56:50', 'desktop');
INSERT INTO streaming_history (user_id, song_id, played_at, device) VALUES (109, 1827, '2025-12-05 22:34:22', 'mobile');
INSERT INTO streaming_history (user_id, song_id, played_at, device) VALUES (72, 5081, '2025-12-21 07:47:25', 'desktop');
INSERT INTO streaming_history (user_id, song_id, played_at, device) VALUES (57, 5887, '2025-09-21 21:45:43', 'tablet');
INSERT INTO streaming_history (user_id, song_id, played_at, device) VALUES (115, 4225, '2025-09-20 06:50:59', 'mobile');
INSERT INTO streaming_history (user_id, song_id, played_at, device) VALUES (192, 3138, '2026-02-13 01:35:34', 'smart_tv');
INSERT INTO streaming_history (user_id, song_id, played_at, device) VALUES (288, 3993, '2025-09-04 05:33:11', 'smart_tv');
INSERT INTO streaming_history (user_id, song_id, played_at, device) VALUES (274, 4427, '2025-05-16 05:43:00', 'desktop');
INSERT INTO streaming_history (user_id, song_id, played_at, device) VALUES (223, 808, '2025-06-28 04:14:15', 'tablet');
INSERT INTO streaming_history (user_id, song_id, played_at, device) VALUES (33, 3515, '2025-03-31 01:41:37', 'smart_tv');
INSERT INTO streaming_history (user_id, song_id, played_at, device) VALUES (238, 5561, '2025-08-10 06:14:50', 'tablet');
INSERT INTO streaming_history (user_id, song_id, played_at, device) VALUES (233, 191, '2025-10-23 11:41:37', 'desktop');
INSERT INTO streaming_history (user_id, song_id, played_at, device) VALUES (293, 463, '2025-11-15 19:45:56', 'smart_tv');
INSERT INTO streaming_history (user_id, song_id, played_at, device) VALUES (188, 5040, '2025-04-02 04:44:03', 'desktop');
INSERT INTO streaming_history (user_id, song_id, played_at, device) VALUES (281, 4937, '2025-07-16 17:22:19', 'smart_tv');
INSERT INTO streaming_history (user_id, song_id, played_at, device) VALUES (75, 4246, '2025-05-21 22:06:45', 'tablet');
INSERT INTO streaming_history (user_id, song_id, played_at, device) VALUES (189, 1646, '2026-01-19 23:33:45', 'smart_tv');
INSERT INTO streaming_history (user_id, song_id, played_at, device) VALUES (148, 1984, '2025-04-19 21:50:30', 'desktop');
INSERT INTO streaming_history (user_id, song_id, played_at, device) VALUES (288, 4542, '2025-09-07 19:06:11', 'smart_tv');
INSERT INTO streaming_history (user_id, song_id, played_at, device) VALUES (15, 2464, '2025-05-22 06:10:17', 'desktop');
INSERT INTO streaming_history (user_id, song_id, played_at, device) VALUES (195, 1253, '2025-11-10 13:16:04', 'desktop');
INSERT INTO streaming_history (user_id, song_id, played_at, device) VALUES (92, 5307, '2025-07-14 17:14:14', 'smart_tv');
INSERT INTO streaming_history (user_id, song_id, played_at, device) VALUES (72, 62, '2025-12-12 16:36:50', 'mobile');
INSERT INTO streaming_history (user_id, song_id, played_at, device) VALUES (272, 1133, '2025-05-29 16:20:59', 'smart_tv');
INSERT INTO streaming_history (user_id, song_id, played_at, device) VALUES (218, 5568, '2025-09-21 20:51:52', 'tablet');
INSERT INTO streaming_history (user_id, song_id, played_at, device) VALUES (155, 1184, '2025-06-07 12:50:49', 'desktop');
INSERT INTO streaming_history (user_id, song_id, played_at, device) VALUES (265, 4448, '2025-11-14 07:34:35', 'mobile');
INSERT INTO streaming_history (user_id, song_id, played_at, device) VALUES (26, 4583, '2025-07-30 05:29:35', 'mobile');
INSERT INTO streaming_history (user_id, song_id, played_at, device) VALUES (137, 1796, '2025-04-03 21:09:43', 'desktop');
INSERT INTO streaming_history (user_id, song_id, played_at, device) VALUES (87, 1069, '2025-03-29 18:48:44', 'mobile');
INSERT INTO streaming_history (user_id, song_id, played_at, device) VALUES (78, 2601, '2025-12-31 15:03:18', 'tablet');
INSERT INTO streaming_history (user_id, song_id, played_at, device) VALUES (269, 5839, '2025-07-31 01:10:44', 'tablet');
INSERT INTO streaming_history (user_id, song_id, played_at, device) VALUES (8, 1656, '2025-05-17 09:58:54', 'desktop');
INSERT INTO streaming_history (user_id, song_id, played_at, device) VALUES (148, 3739, '2025-07-30 13:26:53', 'tablet');
INSERT INTO streaming_history (user_id, song_id, played_at, device) VALUES (154, 2952, '2025-09-12 09:03:02', 'smart_tv');
INSERT INTO streaming_history (user_id, song_id, played_at, device) VALUES (33, 2595, '2025-10-01 20:01:40', 'smart_tv');
INSERT INTO streaming_history (user_id, song_id, played_at, device) VALUES (34, 388, '2025-10-23 15:36:58', 'mobile');
INSERT INTO streaming_history (user_id, song_id, played_at, device) VALUES (1, 4217, '2025-05-18 00:40:12', 'tablet');
INSERT INTO streaming_history (user_id, song_id, played_at, device) VALUES (93, 4566, '2025-05-18 00:44:45', 'tablet');
INSERT INTO streaming_history (user_id, song_id, played_at, device) VALUES (171, 1246, '2026-03-13 17:09:16', 'tablet');
INSERT INTO streaming_history (user_id, song_id, played_at, device) VALUES (294, 952, '2025-06-05 21:10:49', 'smart_tv');
INSERT INTO streaming_history (user_id, song_id, played_at, device) VALUES (93, 2695, '2025-05-26 07:48:36', 'tablet');
INSERT INTO streaming_history (user_id, song_id, played_at, device) VALUES (91, 3586, '2026-01-29 15:18:10', 'tablet');
INSERT INTO streaming_history (user_id, song_id, played_at, device) VALUES (148, 2367, '2026-03-21 20:34:04', 'tablet');
INSERT INTO streaming_history (user_id, song_id, played_at, device) VALUES (148, 1893, '2025-07-28 08:55:33', 'tablet');
INSERT INTO streaming_history (user_id, song_id, played_at, device) VALUES (13, 5136, '2025-10-01 12:10:33', 'mobile');
INSERT INTO streaming_history (user_id, song_id, played_at, device) VALUES (231, 5110, '2025-05-01 02:41:54', 'desktop');
INSERT INTO streaming_history (user_id, song_id, played_at, device) VALUES (36, 1337, '2025-09-06 05:56:38', 'smart_tv');
INSERT INTO streaming_history (user_id, song_id, played_at, device) VALUES (186, 1613, '2025-12-06 12:47:35', 'smart_tv');
INSERT INTO streaming_history (user_id, song_id, played_at, device) VALUES (115, 1518, '2026-02-26 09:10:37', 'mobile');
INSERT INTO streaming_history (user_id, song_id, played_at, device) VALUES (107, 2531, '2025-12-25 22:54:07', 'mobile');
INSERT INTO streaming_history (user_id, song_id, played_at, device) VALUES (212, 3284, '2025-09-03 07:48:35', 'tablet');
INSERT INTO streaming_history (user_id, song_id, played_at, device) VALUES (90, 3956, '2025-08-10 01:50:24', 'smart_tv');
INSERT INTO streaming_history (user_id, song_id, played_at, device) VALUES (229, 5410, '2025-05-24 18:09:14', 'desktop');
INSERT INTO streaming_history (user_id, song_id, played_at, device) VALUES (27, 808, '2025-10-20 15:15:56', 'desktop');
INSERT INTO streaming_history (user_id, song_id, played_at, device) VALUES (164, 5851, '2026-01-31 18:24:43', 'mobile');
INSERT INTO streaming_history (user_id, song_id, played_at, device) VALUES (156, 3629, '2025-09-03 11:34:57', 'desktop');
INSERT INTO streaming_history (user_id, song_id, played_at, device) VALUES (181, 1591, '2025-05-10 00:57:52', 'desktop');
INSERT INTO streaming_history (user_id, song_id, played_at, device) VALUES (167, 4963, '2025-06-17 09:57:03', 'mobile');
INSERT INTO streaming_history (user_id, song_id, played_at, device) VALUES (34, 182, '2025-07-30 19:46:32', 'tablet');
INSERT INTO streaming_history (user_id, song_id, played_at, device) VALUES (290, 468, '2025-08-27 12:11:39', 'smart_tv');
INSERT INTO streaming_history (user_id, song_id, played_at, device) VALUES (18, 5001, '2025-04-18 20:30:30', 'tablet');
INSERT INTO streaming_history (user_id, song_id, played_at, device) VALUES (195, 2094, '2025-09-16 18:23:07', 'smart_tv');
INSERT INTO streaming_history (user_id, song_id, played_at, device) VALUES (156, 773, '2026-01-06 16:32:04', 'desktop');
INSERT INTO streaming_history (user_id, song_id, played_at, device) VALUES (11, 2958, '2025-08-26 00:48:24', 'mobile');
INSERT INTO streaming_history (user_id, song_id, played_at, device) VALUES (275, 1742, '2025-05-26 04:03:11', 'desktop');
INSERT INTO streaming_history (user_id, song_id, played_at, device) VALUES (283, 2156, '2025-05-12 02:34:14', 'mobile');
INSERT INTO streaming_history (user_id, song_id, played_at, device) VALUES (110, 5423, '2025-10-25 02:39:08', 'tablet');
INSERT INTO streaming_history (user_id, song_id, played_at, device) VALUES (180, 3005, '2025-05-07 05:26:17', 'tablet');
INSERT INTO streaming_history (user_id, song_id, played_at, device) VALUES (201, 3739, '2025-11-10 00:42:16', 'mobile');
INSERT INTO streaming_history (user_id, song_id, played_at, device) VALUES (186, 487, '2025-07-25 23:50:36', 'tablet');
INSERT INTO streaming_history (user_id, song_id, played_at, device) VALUES (298, 5755, '2026-01-18 01:26:27', 'tablet');
INSERT INTO streaming_history (user_id, song_id, played_at, device) VALUES (40, 940, '2026-02-05 13:51:15', 'desktop');
INSERT INTO streaming_history (user_id, song_id, played_at, device) VALUES (7, 957, '2025-05-18 21:51:49', 'mobile');
INSERT INTO streaming_history (user_id, song_id, played_at, device) VALUES (234, 677, '2025-10-17 20:16:36', 'desktop');
INSERT INTO streaming_history (user_id, song_id, played_at, device) VALUES (153, 2742, '2025-04-20 19:00:57', 'smart_tv');
INSERT INTO streaming_history (user_id, song_id, played_at, device) VALUES (84, 1483, '2025-04-09 05:13:10', 'smart_tv');
INSERT INTO streaming_history (user_id, song_id, played_at, device) VALUES (9, 2002, '2025-08-14 20:33:01', 'desktop');
INSERT INTO streaming_history (user_id, song_id, played_at, device) VALUES (204, 397, '2025-12-18 14:05:16', 'desktop');
INSERT INTO streaming_history (user_id, song_id, played_at, device) VALUES (298, 3143, '2025-12-03 02:45:06', 'tablet');
INSERT INTO streaming_history (user_id, song_id, played_at, device) VALUES (52, 5796, '2025-06-20 08:32:03', 'mobile');
INSERT INTO streaming_history (user_id, song_id, played_at, device) VALUES (176, 4472, '2025-12-22 19:15:34', 'smart_tv');
INSERT INTO streaming_history (user_id, song_id, played_at, device) VALUES (184, 4873, '2025-07-16 01:40:34', 'desktop');
INSERT INTO streaming_history (user_id, song_id, played_at, device) VALUES (101, 5393, '2025-09-24 11:57:47', 'smart_tv');
INSERT INTO streaming_history (user_id, song_id, played_at, device) VALUES (165, 3593, '2025-06-21 21:30:56', 'desktop');
INSERT INTO streaming_history (user_id, song_id, played_at, device) VALUES (291, 2343, '2025-11-26 02:11:19', 'smart_tv');
INSERT INTO streaming_history (user_id, song_id, played_at, device) VALUES (51, 2858, '2026-03-17 23:39:49', 'mobile');
INSERT INTO streaming_history (user_id, song_id, played_at, device) VALUES (4, 2501, '2025-05-07 06:23:34', 'desktop');
INSERT INTO streaming_history (user_id, song_id, played_at, device) VALUES (271, 5359, '2026-03-18 02:30:40', 'tablet');
INSERT INTO streaming_history (user_id, song_id, played_at, device) VALUES (55, 5068, '2025-09-19 22:00:09', 'tablet');
INSERT INTO streaming_history (user_id, song_id, played_at, device) VALUES (52, 4983, '2025-07-01 21:49:42', 'tablet');
INSERT INTO streaming_history (user_id, song_id, played_at, device) VALUES (53, 2465, '2026-01-29 16:38:10', 'mobile');
INSERT INTO streaming_history (user_id, song_id, played_at, device) VALUES (116, 4212, '2025-09-19 21:32:56', 'mobile');
INSERT INTO streaming_history (user_id, song_id, played_at, device) VALUES (262, 5168, '2025-07-30 17:57:17', 'mobile');
INSERT INTO streaming_history (user_id, song_id, played_at, device) VALUES (66, 4600, '2026-03-04 15:37:11', 'mobile');
INSERT INTO streaming_history (user_id, song_id, played_at, device) VALUES (289, 4588, '2025-07-22 01:48:05', 'tablet');
INSERT INTO streaming_history (user_id, song_id, played_at, device) VALUES (148, 1003, '2025-09-07 16:20:32', 'smart_tv');
INSERT INTO streaming_history (user_id, song_id, played_at, device) VALUES (207, 5197, '2025-08-13 15:05:05', 'smart_tv');
INSERT INTO streaming_history (user_id, song_id, played_at, device) VALUES (85, 1701, '2025-10-22 03:55:52', 'desktop');
INSERT INTO streaming_history (user_id, song_id, played_at, device) VALUES (42, 5386, '2025-11-01 01:43:56', 'mobile');
INSERT INTO streaming_history (user_id, song_id, played_at, device) VALUES (165, 3512, '2025-12-30 11:21:44', 'desktop');
INSERT INTO streaming_history (user_id, song_id, played_at, device) VALUES (48, 3, '2025-10-05 19:10:41', 'mobile');
INSERT INTO streaming_history (user_id, song_id, played_at, device) VALUES (273, 5475, '2025-07-07 19:17:07', 'mobile');
INSERT INTO streaming_history (user_id, song_id, played_at, device) VALUES (23, 5564, '2025-06-13 02:04:01', 'mobile');
INSERT INTO streaming_history (user_id, song_id, played_at, device) VALUES (17, 5482, '2025-12-25 15:39:40', 'smart_tv');
INSERT INTO streaming_history (user_id, song_id, played_at, device) VALUES (38, 3650, '2025-08-12 17:17:35', 'desktop');
INSERT INTO streaming_history (user_id, song_id, played_at, device) VALUES (27, 3189, '2026-03-24 09:01:59', 'tablet');
INSERT INTO streaming_history (user_id, song_id, played_at, device) VALUES (267, 976, '2026-01-28 18:37:38', 'desktop');
INSERT INTO streaming_history (user_id, song_id, played_at, device) VALUES (49, 4200, '2025-09-20 03:37:07', 'smart_tv');
INSERT INTO streaming_history (user_id, song_id, played_at, device) VALUES (17, 2070, '2025-09-04 01:43:55', 'mobile');
INSERT INTO streaming_history (user_id, song_id, played_at, device) VALUES (146, 2846, '2025-10-25 06:10:17', 'desktop');
INSERT INTO streaming_history (user_id, song_id, played_at, device) VALUES (217, 2491, '2025-10-30 13:14:59', 'tablet');
INSERT INTO streaming_history (user_id, song_id, played_at, device) VALUES (198, 2648, '2025-10-17 14:18:58', 'tablet');
INSERT INTO streaming_history (user_id, song_id, played_at, device) VALUES (239, 4496, '2026-01-24 01:12:25', 'desktop');
INSERT INTO streaming_history (user_id, song_id, played_at, device) VALUES (70, 3269, '2025-06-17 13:37:33', 'smart_tv');
INSERT INTO streaming_history (user_id, song_id, played_at, device) VALUES (66, 3298, '2026-01-13 14:14:21', 'smart_tv');
INSERT INTO streaming_history (user_id, song_id, played_at, device) VALUES (43, 4331, '2025-10-08 13:51:24', 'tablet');
INSERT INTO streaming_history (user_id, song_id, played_at, device) VALUES (42, 1965, '2025-08-03 23:45:20', 'tablet');
INSERT INTO streaming_history (user_id, song_id, played_at, device) VALUES (40, 2353, '2026-02-22 02:21:47', 'smart_tv');
INSERT INTO streaming_history (user_id, song_id, played_at, device) VALUES (202, 5513, '2025-07-16 03:00:25', 'desktop');
INSERT INTO streaming_history (user_id, song_id, played_at, device) VALUES (26, 5397, '2026-03-25 21:06:48', 'tablet');
INSERT INTO streaming_history (user_id, song_id, played_at, device) VALUES (225, 5388, '2025-06-23 04:48:08', 'mobile');
INSERT INTO streaming_history (user_id, song_id, played_at, device) VALUES (178, 5013, '2025-09-24 13:37:36', 'tablet');
INSERT INTO streaming_history (user_id, song_id, played_at, device) VALUES (20, 1302, '2026-03-18 12:41:24', 'tablet');
INSERT INTO streaming_history (user_id, song_id, played_at, device) VALUES (252, 5503, '2025-07-09 05:52:22', 'mobile');
INSERT INTO streaming_history (user_id, song_id, played_at, device) VALUES (149, 2062, '2026-01-28 09:03:38', 'tablet');
INSERT INTO streaming_history (user_id, song_id, played_at, device) VALUES (16, 5331, '2025-04-29 04:01:32', 'mobile');
INSERT INTO streaming_history (user_id, song_id, played_at, device) VALUES (102, 337, '2025-08-18 00:30:30', 'smart_tv');
INSERT INTO streaming_history (user_id, song_id, played_at, device) VALUES (170, 150, '2026-02-03 08:28:30', 'mobile');
INSERT INTO streaming_history (user_id, song_id, played_at, device) VALUES (168, 365, '2025-08-16 23:43:58', 'smart_tv');
INSERT INTO streaming_history (user_id, song_id, played_at, device) VALUES (85, 4161, '2025-06-04 12:43:28', 'smart_tv');
INSERT INTO streaming_history (user_id, song_id, played_at, device) VALUES (20, 5814, '2025-10-14 18:06:10', 'desktop');
INSERT INTO streaming_history (user_id, song_id, played_at, device) VALUES (259, 2260, '2025-09-26 03:04:13', 'desktop');
INSERT INTO streaming_history (user_id, song_id, played_at, device) VALUES (172, 541, '2025-11-08 16:45:57', 'mobile');
INSERT INTO streaming_history (user_id, song_id, played_at, device) VALUES (239, 5207, '2025-08-31 21:35:13', 'mobile');
INSERT INTO streaming_history (user_id, song_id, played_at, device) VALUES (277, 1095, '2025-08-20 18:06:58', 'mobile');
INSERT INTO streaming_history (user_id, song_id, played_at, device) VALUES (11, 1473, '2026-03-25 22:45:13', 'tablet');
INSERT INTO streaming_history (user_id, song_id, played_at, device) VALUES (82, 1235, '2026-03-16 06:22:52', 'desktop');
INSERT INTO streaming_history (user_id, song_id, played_at, device) VALUES (10, 3578, '2025-12-23 10:35:21', 'smart_tv');
INSERT INTO streaming_history (user_id, song_id, played_at, device) VALUES (248, 5187, '2025-12-25 05:26:36', 'mobile');
INSERT INTO streaming_history (user_id, song_id, played_at, device) VALUES (267, 5091, '2026-02-22 18:36:46', 'smart_tv');
INSERT INTO streaming_history (user_id, song_id, played_at, device) VALUES (250, 991, '2025-11-11 22:01:49', 'mobile');
INSERT INTO streaming_history (user_id, song_id, played_at, device) VALUES (207, 5371, '2025-06-22 06:13:25', 'smart_tv');
INSERT INTO streaming_history (user_id, song_id, played_at, device) VALUES (141, 712, '2025-12-31 05:36:02', 'tablet');
INSERT INTO streaming_history (user_id, song_id, played_at, device) VALUES (26, 5017, '2025-11-13 07:10:41', 'tablet');
INSERT INTO streaming_history (user_id, song_id, played_at, device) VALUES (90, 2136, '2026-03-15 10:35:57', 'smart_tv');
INSERT INTO streaming_history (user_id, song_id, played_at, device) VALUES (41, 1645, '2025-12-02 07:49:33', 'smart_tv');
INSERT INTO streaming_history (user_id, song_id, played_at, device) VALUES (8, 4534, '2025-08-23 03:33:09', 'smart_tv');
INSERT INTO streaming_history (user_id, song_id, played_at, device) VALUES (30, 2057, '2025-04-20 23:41:59', 'mobile');
INSERT INTO streaming_history (user_id, song_id, played_at, device) VALUES (109, 4713, '2025-04-13 14:30:58', 'tablet');
INSERT INTO streaming_history (user_id, song_id, played_at, device) VALUES (217, 5281, '2025-05-03 15:35:25', 'mobile');
INSERT INTO streaming_history (user_id, song_id, played_at, device) VALUES (196, 482, '2026-01-13 10:30:21', 'mobile');
INSERT INTO streaming_history (user_id, song_id, played_at, device) VALUES (248, 3347, '2025-05-20 17:29:43', 'smart_tv');
INSERT INTO streaming_history (user_id, song_id, played_at, device) VALUES (229, 1388, '2026-01-12 01:34:59', 'tablet');
INSERT INTO streaming_history (user_id, song_id, played_at, device) VALUES (49, 3239, '2026-03-21 07:32:14', 'smart_tv');
INSERT INTO streaming_history (user_id, song_id, played_at, device) VALUES (95, 3776, '2025-08-16 06:01:30', 'tablet');
INSERT INTO streaming_history (user_id, song_id, played_at, device) VALUES (201, 2043, '2026-02-25 09:26:30', 'tablet');
INSERT INTO streaming_history (user_id, song_id, played_at, device) VALUES (198, 219, '2025-12-24 10:48:39', 'smart_tv');
INSERT INTO streaming_history (user_id, song_id, played_at, device) VALUES (77, 2694, '2025-08-24 22:34:53', 'mobile');
INSERT INTO streaming_history (user_id, song_id, played_at, device) VALUES (180, 4361, '2025-10-27 02:26:42', 'smart_tv');
INSERT INTO streaming_history (user_id, song_id, played_at, device) VALUES (31, 5055, '2026-01-29 17:14:32', 'desktop');
INSERT INTO streaming_history (user_id, song_id, played_at, device) VALUES (268, 2210, '2025-04-06 08:14:57', 'tablet');
INSERT INTO streaming_history (user_id, song_id, played_at, device) VALUES (1, 3813, '2025-10-21 23:39:35', 'mobile');
INSERT INTO streaming_history (user_id, song_id, played_at, device) VALUES (52, 1919, '2025-05-21 23:36:53', 'tablet');
INSERT INTO streaming_history (user_id, song_id, played_at, device) VALUES (33, 5497, '2025-10-29 06:57:10', 'smart_tv');
INSERT INTO streaming_history (user_id, song_id, played_at, device) VALUES (127, 1482, '2025-07-09 19:40:24', 'mobile');
INSERT INTO streaming_history (user_id, song_id, played_at, device) VALUES (129, 809, '2025-10-25 17:15:50', 'mobile');
INSERT INTO streaming_history (user_id, song_id, played_at, device) VALUES (116, 309, '2025-12-24 16:29:50', 'tablet');
INSERT INTO streaming_history (user_id, song_id, played_at, device) VALUES (144, 5126, '2025-10-03 12:11:22', 'desktop');
INSERT INTO streaming_history (user_id, song_id, played_at, device) VALUES (280, 3278, '2025-10-07 22:26:26', 'smart_tv');
INSERT INTO streaming_history (user_id, song_id, played_at, device) VALUES (256, 5369, '2026-01-17 22:38:52', 'tablet');
INSERT INTO streaming_history (user_id, song_id, played_at, device) VALUES (122, 1198, '2025-05-12 09:40:27', 'mobile');
INSERT INTO streaming_history (user_id, song_id, played_at, device) VALUES (272, 5144, '2026-02-27 12:25:46', 'tablet');
INSERT INTO streaming_history (user_id, song_id, played_at, device) VALUES (234, 2549, '2025-09-10 22:19:02', 'desktop');
INSERT INTO streaming_history (user_id, song_id, played_at, device) VALUES (262, 2793, '2026-01-21 18:08:17', 'smart_tv');
INSERT INTO streaming_history (user_id, song_id, played_at, device) VALUES (71, 1687, '2026-02-02 02:36:12', 'smart_tv');
INSERT INTO streaming_history (user_id, song_id, played_at, device) VALUES (253, 942, '2026-02-13 05:11:49', 'tablet');
INSERT INTO streaming_history (user_id, song_id, played_at, device) VALUES (278, 5087, '2026-02-12 23:11:58', 'mobile');
INSERT INTO streaming_history (user_id, song_id, played_at, device) VALUES (123, 288, '2025-11-09 06:42:39', 'desktop');
INSERT INTO streaming_history (user_id, song_id, played_at, device) VALUES (46, 1977, '2026-03-22 19:45:32', 'smart_tv');
INSERT INTO streaming_history (user_id, song_id, played_at, device) VALUES (78, 2671, '2025-10-07 01:09:49', 'tablet');
INSERT INTO streaming_history (user_id, song_id, played_at, device) VALUES (5, 1597, '2025-05-20 11:31:47', 'desktop');
INSERT INTO streaming_history (user_id, song_id, played_at, device) VALUES (150, 888, '2026-01-15 02:48:27', 'desktop');
INSERT INTO streaming_history (user_id, song_id, played_at, device) VALUES (57, 1627, '2025-09-27 17:59:54', 'smart_tv');
INSERT INTO streaming_history (user_id, song_id, played_at, device) VALUES (214, 2779, '2026-01-22 18:25:27', 'mobile');
INSERT INTO streaming_history (user_id, song_id, played_at, device) VALUES (121, 579, '2025-10-20 09:36:03', 'smart_tv');
INSERT INTO streaming_history (user_id, song_id, played_at, device) VALUES (61, 2355, '2025-11-24 19:23:26', 'mobile');
INSERT INTO streaming_history (user_id, song_id, played_at, device) VALUES (255, 2607, '2025-09-28 10:37:14', 'tablet');
INSERT INTO streaming_history (user_id, song_id, played_at, device) VALUES (260, 3089, '2025-06-06 21:29:41', 'mobile');
INSERT INTO streaming_history (user_id, song_id, played_at, device) VALUES (297, 5097, '2025-05-18 17:24:12', 'desktop');
INSERT INTO streaming_history (user_id, song_id, played_at, device) VALUES (160, 2559, '2025-12-10 03:14:22', 'mobile');
INSERT INTO streaming_history (user_id, song_id, played_at, device) VALUES (81, 2734, '2025-06-06 21:14:07', 'smart_tv');
INSERT INTO streaming_history (user_id, song_id, played_at, device) VALUES (204, 1403, '2025-05-01 22:36:37', 'mobile');
INSERT INTO streaming_history (user_id, song_id, played_at, device) VALUES (20, 4939, '2025-10-01 18:59:59', 'smart_tv');
INSERT INTO streaming_history (user_id, song_id, played_at, device) VALUES (284, 3483, '2025-12-12 01:06:09', 'tablet');
INSERT INTO streaming_history (user_id, song_id, played_at, device) VALUES (254, 5508, '2025-10-08 04:22:16', 'desktop');
INSERT INTO streaming_history (user_id, song_id, played_at, device) VALUES (142, 1717, '2025-06-20 23:13:11', 'smart_tv');
INSERT INTO streaming_history (user_id, song_id, played_at, device) VALUES (7, 4387, '2025-04-29 17:04:55', 'smart_tv');
INSERT INTO streaming_history (user_id, song_id, played_at, device) VALUES (200, 806, '2025-06-07 14:56:00', 'desktop');
INSERT INTO streaming_history (user_id, song_id, played_at, device) VALUES (258, 2964, '2025-11-02 11:53:57', 'mobile');
INSERT INTO streaming_history (user_id, song_id, played_at, device) VALUES (85, 2610, '2025-12-11 02:54:42', 'desktop');
INSERT INTO streaming_history (user_id, song_id, played_at, device) VALUES (45, 988, '2026-02-01 10:49:01', 'desktop');
INSERT INTO streaming_history (user_id, song_id, played_at, device) VALUES (252, 2330, '2025-12-22 10:50:16', 'smart_tv');
INSERT INTO streaming_history (user_id, song_id, played_at, device) VALUES (131, 529, '2025-11-23 04:13:33', 'smart_tv');
INSERT INTO streaming_history (user_id, song_id, played_at, device) VALUES (57, 2422, '2025-04-17 19:31:09', 'mobile');
INSERT INTO streaming_history (user_id, song_id, played_at, device) VALUES (102, 2435, '2025-05-27 10:40:52', 'mobile');
INSERT INTO streaming_history (user_id, song_id, played_at, device) VALUES (124, 5443, '2026-01-31 20:01:06', 'tablet');
INSERT INTO streaming_history (user_id, song_id, played_at, device) VALUES (220, 3140, '2025-08-05 17:37:53', 'desktop');
INSERT INTO streaming_history (user_id, song_id, played_at, device) VALUES (157, 65, '2025-11-11 12:52:47', 'mobile');
INSERT INTO streaming_history (user_id, song_id, played_at, device) VALUES (101, 4220, '2025-03-30 11:48:01', 'smart_tv');
INSERT INTO streaming_history (user_id, song_id, played_at, device) VALUES (7, 5157, '2025-07-17 01:21:09', 'desktop');
INSERT INTO streaming_history (user_id, song_id, played_at, device) VALUES (150, 94, '2025-07-04 15:23:57', 'desktop');
INSERT INTO streaming_history (user_id, song_id, played_at, device) VALUES (136, 1976, '2025-08-31 20:00:11', 'smart_tv');
INSERT INTO streaming_history (user_id, song_id, played_at, device) VALUES (68, 2624, '2025-10-13 05:41:33', 'mobile');
INSERT INTO streaming_history (user_id, song_id, played_at, device) VALUES (289, 34, '2025-08-28 22:47:41', 'tablet');
INSERT INTO streaming_history (user_id, song_id, played_at, device) VALUES (24, 13, '2025-05-22 04:34:43', 'tablet');
INSERT INTO streaming_history (user_id, song_id, played_at, device) VALUES (20, 3116, '2025-09-30 15:04:39', 'desktop');
INSERT INTO streaming_history (user_id, song_id, played_at, device) VALUES (299, 5748, '2025-10-28 11:46:52', 'smart_tv');
INSERT INTO streaming_history (user_id, song_id, played_at, device) VALUES (263, 1111, '2025-12-22 12:07:57', 'mobile');
INSERT INTO streaming_history (user_id, song_id, played_at, device) VALUES (114, 2975, '2025-10-18 14:42:27', 'tablet');
INSERT INTO streaming_history (user_id, song_id, played_at, device) VALUES (75, 4635, '2025-07-13 08:50:35', 'desktop');
INSERT INTO streaming_history (user_id, song_id, played_at, device) VALUES (104, 5212, '2025-12-13 16:59:08', 'tablet');
INSERT INTO streaming_history (user_id, song_id, played_at, device) VALUES (175, 574, '2026-01-04 20:31:22', 'mobile');
INSERT INTO streaming_history (user_id, song_id, played_at, device) VALUES (24, 4817, '2026-01-27 10:43:04', 'smart_tv');
INSERT INTO streaming_history (user_id, song_id, played_at, device) VALUES (246, 1192, '2026-01-02 16:55:34', 'mobile');
INSERT INTO streaming_history (user_id, song_id, played_at, device) VALUES (42, 4531, '2025-04-08 19:28:06', 'mobile');
INSERT INTO streaming_history (user_id, song_id, played_at, device) VALUES (88, 878, '2025-12-10 00:38:34', 'smart_tv');
INSERT INTO streaming_history (user_id, song_id, played_at, device) VALUES (138, 3638, '2025-10-01 23:36:59', 'desktop');
INSERT INTO streaming_history (user_id, song_id, played_at, device) VALUES (48, 781, '2026-02-25 03:30:28', 'tablet');
INSERT INTO streaming_history (user_id, song_id, played_at, device) VALUES (270, 3307, '2025-07-30 15:56:07', 'desktop');
INSERT INTO streaming_history (user_id, song_id, played_at, device) VALUES (269, 3094, '2025-12-30 23:19:38', 'tablet');
INSERT INTO streaming_history (user_id, song_id, played_at, device) VALUES (223, 2753, '2025-12-12 09:42:47', 'tablet');
INSERT INTO streaming_history (user_id, song_id, played_at, device) VALUES (233, 4722, '2025-10-29 00:52:06', 'smart_tv');
INSERT INTO streaming_history (user_id, song_id, played_at, device) VALUES (128, 914, '2025-05-22 02:34:28', 'mobile');
INSERT INTO streaming_history (user_id, song_id, played_at, device) VALUES (11, 1228, '2026-01-13 01:41:49', 'mobile');
INSERT INTO streaming_history (user_id, song_id, played_at, device) VALUES (73, 1120, '2025-08-08 02:13:06', 'smart_tv');
INSERT INTO streaming_history (user_id, song_id, played_at, device) VALUES (24, 3115, '2025-11-27 18:39:22', 'mobile');
INSERT INTO streaming_history (user_id, song_id, played_at, device) VALUES (6, 4364, '2026-01-11 04:07:04', 'mobile');
INSERT INTO streaming_history (user_id, song_id, played_at, device) VALUES (161, 215, '2025-07-01 10:40:41', 'tablet');
INSERT INTO streaming_history (user_id, song_id, played_at, device) VALUES (19, 2122, '2025-10-31 15:13:19', 'mobile');
INSERT INTO streaming_history (user_id, song_id, played_at, device) VALUES (209, 4414, '2025-07-22 17:16:41', 'desktop');
INSERT INTO streaming_history (user_id, song_id, played_at, device) VALUES (137, 3547, '2026-01-08 16:41:43', 'tablet');
INSERT INTO streaming_history (user_id, song_id, played_at, device) VALUES (54, 67, '2025-04-21 04:52:12', 'desktop');
INSERT INTO streaming_history (user_id, song_id, played_at, device) VALUES (187, 5847, '2026-02-01 12:06:37', 'mobile');
INSERT INTO streaming_history (user_id, song_id, played_at, device) VALUES (89, 3660, '2025-04-18 18:28:45', 'desktop');
INSERT INTO streaming_history (user_id, song_id, played_at, device) VALUES (136, 2596, '2026-02-22 23:46:02', 'tablet');
INSERT INTO streaming_history (user_id, song_id, played_at, device) VALUES (10, 4712, '2025-09-04 00:04:45', 'mobile');
INSERT INTO streaming_history (user_id, song_id, played_at, device) VALUES (241, 5610, '2025-07-22 00:28:03', 'smart_tv');
INSERT INTO streaming_history (user_id, song_id, played_at, device) VALUES (173, 2778, '2025-10-05 18:16:59', 'desktop');
INSERT INTO streaming_history (user_id, song_id, played_at, device) VALUES (210, 209, '2025-10-16 22:24:43', 'smart_tv');
INSERT INTO streaming_history (user_id, song_id, played_at, device) VALUES (31, 393, '2025-07-28 09:29:50', 'desktop');
INSERT INTO streaming_history (user_id, song_id, played_at, device) VALUES (117, 3667, '2025-04-19 17:06:34', 'tablet');
INSERT INTO streaming_history (user_id, song_id, played_at, device) VALUES (94, 2685, '2025-08-23 23:58:27', 'mobile');
INSERT INTO streaming_history (user_id, song_id, played_at, device) VALUES (81, 2345, '2025-06-17 00:46:50', 'desktop');
INSERT INTO streaming_history (user_id, song_id, played_at, device) VALUES (97, 5479, '2025-12-09 03:47:54', 'mobile');
INSERT INTO streaming_history (user_id, song_id, played_at, device) VALUES (81, 101, '2025-06-10 21:06:18', 'tablet');
INSERT INTO streaming_history (user_id, song_id, played_at, device) VALUES (94, 1635, '2025-08-13 18:15:56', 'smart_tv');
INSERT INTO streaming_history (user_id, song_id, played_at, device) VALUES (50, 4579, '2025-07-13 08:45:53', 'tablet');
INSERT INTO streaming_history (user_id, song_id, played_at, device) VALUES (31, 5239, '2025-06-20 17:59:15', 'desktop');
INSERT INTO streaming_history (user_id, song_id, played_at, device) VALUES (282, 5548, '2026-01-29 00:11:01', 'mobile');
INSERT INTO streaming_history (user_id, song_id, played_at, device) VALUES (231, 1294, '2025-08-03 17:20:46', 'smart_tv');
INSERT INTO streaming_history (user_id, song_id, played_at, device) VALUES (131, 1509, '2025-07-16 14:40:02', 'smart_tv');
INSERT INTO streaming_history (user_id, song_id, played_at, device) VALUES (116, 1104, '2025-04-26 02:24:50', 'tablet');
INSERT INTO streaming_history (user_id, song_id, played_at, device) VALUES (104, 4240, '2025-12-12 05:26:29', 'smart_tv');
INSERT INTO streaming_history (user_id, song_id, played_at, device) VALUES (193, 229, '2026-02-17 11:06:51', 'tablet');
INSERT INTO streaming_history (user_id, song_id, played_at, device) VALUES (206, 3386, '2026-01-30 16:14:41', 'tablet');
INSERT INTO streaming_history (user_id, song_id, played_at, device) VALUES (231, 4815, '2025-06-26 04:54:48', 'smart_tv');
INSERT INTO streaming_history (user_id, song_id, played_at, device) VALUES (94, 5841, '2025-08-17 16:54:31', 'smart_tv');
INSERT INTO streaming_history (user_id, song_id, played_at, device) VALUES (211, 1745, '2026-02-18 12:43:10', 'tablet');
INSERT INTO streaming_history (user_id, song_id, played_at, device) VALUES (191, 929, '2025-06-16 16:00:47', 'smart_tv');
INSERT INTO streaming_history (user_id, song_id, played_at, device) VALUES (81, 3491, '2025-07-28 12:14:03', 'mobile');
INSERT INTO streaming_history (user_id, song_id, played_at, device) VALUES (89, 1502, '2025-08-23 04:43:15', 'mobile');
INSERT INTO streaming_history (user_id, song_id, played_at, device) VALUES (135, 2677, '2025-06-28 01:56:10', 'mobile');
INSERT INTO streaming_history (user_id, song_id, played_at, device) VALUES (295, 5094, '2025-07-05 04:54:04', 'desktop');
INSERT INTO streaming_history (user_id, song_id, played_at, device) VALUES (131, 866, '2025-04-22 18:39:01', 'smart_tv');
INSERT INTO streaming_history (user_id, song_id, played_at, device) VALUES (244, 1663, '2026-02-13 07:11:14', 'smart_tv');
INSERT INTO streaming_history (user_id, song_id, played_at, device) VALUES (144, 343, '2025-06-26 14:14:31', 'tablet');
INSERT INTO streaming_history (user_id, song_id, played_at, device) VALUES (160, 1264, '2025-07-20 04:17:08', 'tablet');
INSERT INTO streaming_history (user_id, song_id, played_at, device) VALUES (95, 1002, '2025-11-05 18:23:23', 'mobile');
INSERT INTO streaming_history (user_id, song_id, played_at, device) VALUES (196, 5845, '2025-07-01 10:54:17', 'desktop');
INSERT INTO streaming_history (user_id, song_id, played_at, device) VALUES (125, 5112, '2025-12-23 11:31:18', 'mobile');
INSERT INTO streaming_history (user_id, song_id, played_at, device) VALUES (110, 5758, '2025-06-15 06:43:50', 'desktop');
INSERT INTO streaming_history (user_id, song_id, played_at, device) VALUES (123, 5389, '2025-11-03 00:31:05', 'desktop');
INSERT INTO streaming_history (user_id, song_id, played_at, device) VALUES (75, 2264, '2025-11-18 16:27:47', 'mobile');
INSERT INTO streaming_history (user_id, song_id, played_at, device) VALUES (42, 66, '2026-01-31 13:39:50', 'mobile');
INSERT INTO streaming_history (user_id, song_id, played_at, device) VALUES (50, 612, '2025-09-04 03:24:13', 'mobile');
INSERT INTO streaming_history (user_id, song_id, played_at, device) VALUES (36, 5832, '2025-06-21 09:45:58', 'smart_tv');
INSERT INTO streaming_history (user_id, song_id, played_at, device) VALUES (114, 2237, '2025-06-17 17:12:17', 'mobile');
INSERT INTO streaming_history (user_id, song_id, played_at, device) VALUES (126, 96, '2025-10-13 23:08:25', 'desktop');
INSERT INTO streaming_history (user_id, song_id, played_at, device) VALUES (248, 2431, '2026-02-04 16:29:26', 'mobile');
INSERT INTO streaming_history (user_id, song_id, played_at, device) VALUES (75, 237, '2026-03-20 17:19:21', 'smart_tv');
INSERT INTO streaming_history (user_id, song_id, played_at, device) VALUES (74, 1625, '2025-06-19 09:29:00', 'desktop');
INSERT INTO streaming_history (user_id, song_id, played_at, device) VALUES (30, 153, '2025-08-10 11:21:08', 'mobile');
INSERT INTO streaming_history (user_id, song_id, played_at, device) VALUES (233, 4884, '2025-08-30 21:14:24', 'smart_tv');
INSERT INTO streaming_history (user_id, song_id, played_at, device) VALUES (186, 2175, '2025-07-25 01:19:28', 'desktop');
INSERT INTO streaming_history (user_id, song_id, played_at, device) VALUES (156, 4449, '2025-08-02 23:48:28', 'smart_tv');
INSERT INTO streaming_history (user_id, song_id, played_at, device) VALUES (170, 3148, '2025-06-01 03:29:55', 'smart_tv');
INSERT INTO streaming_history (user_id, song_id, played_at, device) VALUES (28, 2572, '2025-08-17 11:52:27', 'desktop');
INSERT INTO streaming_history (user_id, song_id, played_at, device) VALUES (65, 1847, '2025-05-23 00:38:01', 'tablet');
INSERT INTO streaming_history (user_id, song_id, played_at, device) VALUES (226, 1950, '2025-08-25 17:41:49', 'desktop');
INSERT INTO streaming_history (user_id, song_id, played_at, device) VALUES (18, 5787, '2025-12-26 16:55:26', 'tablet');
INSERT INTO streaming_history (user_id, song_id, played_at, device) VALUES (159, 4054, '2025-04-16 12:53:19', 'smart_tv');
INSERT INTO streaming_history (user_id, song_id, played_at, device) VALUES (279, 1036, '2025-07-10 21:07:02', 'desktop');
INSERT INTO streaming_history (user_id, song_id, played_at, device) VALUES (39, 10, '2026-02-19 01:46:27', 'smart_tv');
INSERT INTO streaming_history (user_id, song_id, played_at, device) VALUES (180, 140, '2025-10-15 00:29:49', 'smart_tv');
INSERT INTO streaming_history (user_id, song_id, played_at, device) VALUES (251, 5805, '2025-06-27 00:25:59', 'smart_tv');
INSERT INTO streaming_history (user_id, song_id, played_at, device) VALUES (17, 4261, '2025-12-29 11:00:40', 'tablet');
INSERT INTO streaming_history (user_id, song_id, played_at, device) VALUES (295, 201, '2026-01-12 16:27:24', 'desktop');
INSERT INTO streaming_history (user_id, song_id, played_at, device) VALUES (137, 2726, '2025-04-29 02:01:43', 'desktop');
INSERT INTO streaming_history (user_id, song_id, played_at, device) VALUES (188, 2658, '2025-10-02 06:06:36', 'tablet');
INSERT INTO streaming_history (user_id, song_id, played_at, device) VALUES (242, 2426, '2025-11-21 15:23:11', 'tablet');
INSERT INTO streaming_history (user_id, song_id, played_at, device) VALUES (39, 2147, '2025-09-03 10:00:06', 'tablet');
INSERT INTO streaming_history (user_id, song_id, played_at, device) VALUES (252, 4886, '2025-12-24 09:42:39', 'desktop');
INSERT INTO streaming_history (user_id, song_id, played_at, device) VALUES (22, 776, '2025-12-19 09:07:08', 'desktop');
INSERT INTO streaming_history (user_id, song_id, played_at, device) VALUES (131, 1693, '2025-10-23 04:28:40', 'smart_tv');
INSERT INTO streaming_history (user_id, song_id, played_at, device) VALUES (198, 3769, '2025-10-17 11:46:23', 'desktop');
INSERT INTO streaming_history (user_id, song_id, played_at, device) VALUES (220, 1077, '2025-09-22 04:50:04', 'desktop');
INSERT INTO streaming_history (user_id, song_id, played_at, device) VALUES (92, 5478, '2025-11-19 18:31:41', 'desktop');
INSERT INTO streaming_history (user_id, song_id, played_at, device) VALUES (126, 4059, '2025-12-14 13:00:14', 'desktop');
INSERT INTO streaming_history (user_id, song_id, played_at, device) VALUES (145, 2685, '2025-12-21 19:49:58', 'desktop');
INSERT INTO streaming_history (user_id, song_id, played_at, device) VALUES (222, 5362, '2026-03-16 15:59:30', 'desktop');
INSERT INTO streaming_history (user_id, song_id, played_at, device) VALUES (260, 1730, '2025-08-18 22:34:00', 'desktop');
INSERT INTO streaming_history (user_id, song_id, played_at, device) VALUES (63, 3993, '2025-10-21 05:53:12', 'tablet');
INSERT INTO streaming_history (user_id, song_id, played_at, device) VALUES (160, 5070, '2025-04-28 20:16:18', 'desktop');
INSERT INTO streaming_history (user_id, song_id, played_at, device) VALUES (48, 143, '2026-01-20 00:59:46', 'mobile');
INSERT INTO streaming_history (user_id, song_id, played_at, device) VALUES (216, 5681, '2025-05-03 20:54:01', 'smart_tv');
INSERT INTO streaming_history (user_id, song_id, played_at, device) VALUES (267, 311, '2025-10-08 08:51:45', 'mobile');
INSERT INTO streaming_history (user_id, song_id, played_at, device) VALUES (133, 4597, '2026-02-07 22:48:48', 'smart_tv');
INSERT INTO streaming_history (user_id, song_id, played_at, device) VALUES (256, 5191, '2026-02-11 01:22:50', 'smart_tv');
INSERT INTO streaming_history (user_id, song_id, played_at, device) VALUES (16, 2011, '2025-04-11 04:11:02', 'desktop');
INSERT INTO streaming_history (user_id, song_id, played_at, device) VALUES (255, 5565, '2026-01-21 05:54:20', 'smart_tv');
INSERT INTO streaming_history (user_id, song_id, played_at, device) VALUES (211, 3013, '2025-09-17 07:21:18', 'desktop');
INSERT INTO streaming_history (user_id, song_id, played_at, device) VALUES (180, 3370, '2025-10-01 09:53:56', 'desktop');
INSERT INTO streaming_history (user_id, song_id, played_at, device) VALUES (202, 5831, '2025-08-19 05:55:04', 'tablet');
INSERT INTO streaming_history (user_id, song_id, played_at, device) VALUES (77, 685, '2025-04-06 00:38:46', 'mobile');
INSERT INTO streaming_history (user_id, song_id, played_at, device) VALUES (93, 3454, '2025-04-15 08:27:41', 'mobile');
INSERT INTO streaming_history (user_id, song_id, played_at, device) VALUES (62, 5520, '2025-07-04 18:42:51', 'smart_tv');
INSERT INTO streaming_history (user_id, song_id, played_at, device) VALUES (231, 4727, '2025-08-17 21:24:39', 'smart_tv');
INSERT INTO streaming_history (user_id, song_id, played_at, device) VALUES (15, 3373, '2025-07-14 06:37:59', 'desktop');
INSERT INTO streaming_history (user_id, song_id, played_at, device) VALUES (271, 5647, '2026-03-13 01:29:01', 'mobile');
INSERT INTO streaming_history (user_id, song_id, played_at, device) VALUES (45, 3853, '2026-01-26 12:15:08', 'smart_tv');
INSERT INTO streaming_history (user_id, song_id, played_at, device) VALUES (37, 1174, '2026-03-13 05:49:17', 'tablet');
INSERT INTO streaming_history (user_id, song_id, played_at, device) VALUES (104, 2368, '2025-11-17 09:31:27', 'desktop');
INSERT INTO streaming_history (user_id, song_id, played_at, device) VALUES (214, 2921, '2025-12-10 19:08:53', 'tablet');
INSERT INTO streaming_history (user_id, song_id, played_at, device) VALUES (5, 429, '2026-02-18 15:33:28', 'smart_tv');
INSERT INTO streaming_history (user_id, song_id, played_at, device) VALUES (146, 3966, '2026-03-01 08:51:24', 'desktop');
INSERT INTO streaming_history (user_id, song_id, played_at, device) VALUES (31, 128, '2026-01-17 14:22:29', 'smart_tv');
INSERT INTO streaming_history (user_id, song_id, played_at, device) VALUES (33, 4560, '2025-03-30 22:48:12', 'desktop');
INSERT INTO streaming_history (user_id, song_id, played_at, device) VALUES (58, 5474, '2025-06-18 22:33:13', 'tablet');
INSERT INTO streaming_history (user_id, song_id, played_at, device) VALUES (125, 4304, '2025-05-10 14:58:12', 'desktop');
INSERT INTO streaming_history (user_id, song_id, played_at, device) VALUES (254, 2710, '2025-10-23 23:22:02', 'desktop');
INSERT INTO streaming_history (user_id, song_id, played_at, device) VALUES (1, 5009, '2025-12-09 12:32:38', 'tablet');
INSERT INTO streaming_history (user_id, song_id, played_at, device) VALUES (218, 3098, '2025-06-05 11:09:17', 'tablet');
INSERT INTO streaming_history (user_id, song_id, played_at, device) VALUES (224, 3449, '2025-12-07 13:21:02', 'smart_tv');
INSERT INTO streaming_history (user_id, song_id, played_at, device) VALUES (170, 3641, '2026-03-10 22:36:43', 'tablet');
INSERT INTO streaming_history (user_id, song_id, played_at, device) VALUES (6, 4149, '2025-06-09 04:21:29', 'smart_tv');
INSERT INTO streaming_history (user_id, song_id, played_at, device) VALUES (162, 4464, '2025-10-04 06:28:52', 'mobile');
INSERT INTO streaming_history (user_id, song_id, played_at, device) VALUES (264, 4534, '2025-10-24 04:23:37', 'smart_tv');
INSERT INTO streaming_history (user_id, song_id, played_at, device) VALUES (234, 48, '2025-07-11 11:49:08', 'mobile');
INSERT INTO streaming_history (user_id, song_id, played_at, device) VALUES (40, 4563, '2025-03-30 13:19:46', 'smart_tv');
INSERT INTO streaming_history (user_id, song_id, played_at, device) VALUES (134, 1164, '2025-04-29 17:44:35', 'desktop');
INSERT INTO streaming_history (user_id, song_id, played_at, device) VALUES (197, 629, '2025-12-17 12:11:01', 'smart_tv');
INSERT INTO streaming_history (user_id, song_id, played_at, device) VALUES (157, 4062, '2025-06-12 17:43:23', 'mobile');
INSERT INTO streaming_history (user_id, song_id, played_at, device) VALUES (78, 1846, '2025-05-28 06:43:11', 'tablet');
INSERT INTO streaming_history (user_id, song_id, played_at, device) VALUES (21, 4623, '2025-05-21 14:05:50', 'desktop');
INSERT INTO streaming_history (user_id, song_id, played_at, device) VALUES (256, 3260, '2025-07-13 19:13:50', 'mobile');
INSERT INTO streaming_history (user_id, song_id, played_at, device) VALUES (243, 4239, '2025-10-13 23:48:51', 'mobile');
INSERT INTO streaming_history (user_id, song_id, played_at, device) VALUES (221, 1575, '2025-10-09 01:34:36', 'tablet');
INSERT INTO streaming_history (user_id, song_id, played_at, device) VALUES (168, 456, '2026-03-25 12:29:42', 'tablet');
INSERT INTO streaming_history (user_id, song_id, played_at, device) VALUES (293, 4721, '2025-06-07 19:01:36', 'smart_tv');
INSERT INTO streaming_history (user_id, song_id, played_at, device) VALUES (64, 3485, '2025-12-17 02:41:46', 'desktop');
INSERT INTO streaming_history (user_id, song_id, played_at, device) VALUES (40, 1777, '2025-09-10 07:30:42', 'mobile');
INSERT INTO streaming_history (user_id, song_id, played_at, device) VALUES (187, 2987, '2025-04-20 06:52:44', 'tablet');
INSERT INTO streaming_history (user_id, song_id, played_at, device) VALUES (17, 4784, '2026-03-14 17:44:21', 'mobile');
INSERT INTO streaming_history (user_id, song_id, played_at, device) VALUES (158, 2761, '2025-11-04 23:55:49', 'tablet');
INSERT INTO streaming_history (user_id, song_id, played_at, device) VALUES (159, 3478, '2025-06-13 23:44:50', 'tablet');
INSERT INTO streaming_history (user_id, song_id, played_at, device) VALUES (255, 548, '2025-09-15 20:33:39', 'desktop');
INSERT INTO streaming_history (user_id, song_id, played_at, device) VALUES (4, 2455, '2025-05-18 16:50:02', 'tablet');
INSERT INTO streaming_history (user_id, song_id, played_at, device) VALUES (278, 5243, '2025-10-13 20:41:09', 'desktop');
INSERT INTO streaming_history (user_id, song_id, played_at, device) VALUES (183, 2282, '2025-06-06 06:49:53', 'mobile');
INSERT INTO streaming_history (user_id, song_id, played_at, device) VALUES (283, 4673, '2025-04-13 15:40:38', 'desktop');
INSERT INTO streaming_history (user_id, song_id, played_at, device) VALUES (179, 1719, '2026-02-25 06:53:49', 'mobile');
INSERT INTO streaming_history (user_id, song_id, played_at, device) VALUES (95, 2588, '2025-07-12 13:28:51', 'tablet');
INSERT INTO streaming_history (user_id, song_id, played_at, device) VALUES (291, 1202, '2026-03-22 16:10:09', 'desktop');
INSERT INTO streaming_history (user_id, song_id, played_at, device) VALUES (36, 4945, '2025-11-08 17:43:24', 'smart_tv');
INSERT INTO streaming_history (user_id, song_id, played_at, device) VALUES (274, 4697, '2026-02-28 05:57:14', 'mobile');
INSERT INTO streaming_history (user_id, song_id, played_at, device) VALUES (219, 3908, '2025-05-08 22:21:37', 'tablet');
INSERT INTO streaming_history (user_id, song_id, played_at, device) VALUES (27, 5510, '2026-01-22 15:06:15', 'smart_tv');
INSERT INTO streaming_history (user_id, song_id, played_at, device) VALUES (177, 2274, '2025-11-24 06:23:41', 'desktop');
INSERT INTO streaming_history (user_id, song_id, played_at, device) VALUES (244, 2279, '2025-05-11 20:55:09', 'mobile');
INSERT INTO streaming_history (user_id, song_id, played_at, device) VALUES (73, 2959, '2025-04-24 03:47:41', 'smart_tv');
INSERT INTO streaming_history (user_id, song_id, played_at, device) VALUES (121, 1793, '2025-12-19 20:20:51', 'mobile');
INSERT INTO streaming_history (user_id, song_id, played_at, device) VALUES (24, 4080, '2025-05-11 13:16:46', 'smart_tv');
INSERT INTO streaming_history (user_id, song_id, played_at, device) VALUES (200, 2338, '2025-06-26 18:59:39', 'desktop');
INSERT INTO streaming_history (user_id, song_id, played_at, device) VALUES (238, 4293, '2025-04-14 21:49:39', 'mobile');
INSERT INTO streaming_history (user_id, song_id, played_at, device) VALUES (151, 4260, '2025-09-24 10:58:38', 'tablet');
INSERT INTO streaming_history (user_id, song_id, played_at, device) VALUES (73, 5874, '2025-11-10 17:37:10', 'tablet');
INSERT INTO streaming_history (user_id, song_id, played_at, device) VALUES (221, 24, '2025-07-08 17:24:12', 'desktop');
INSERT INTO streaming_history (user_id, song_id, played_at, device) VALUES (263, 5834, '2025-05-15 17:42:22', 'desktop');
INSERT INTO streaming_history (user_id, song_id, played_at, device) VALUES (273, 575, '2026-03-04 19:47:35', 'mobile');
INSERT INTO streaming_history (user_id, song_id, played_at, device) VALUES (64, 2009, '2025-09-22 20:15:45', 'desktop');
INSERT INTO streaming_history (user_id, song_id, played_at, device) VALUES (177, 1908, '2026-02-27 04:08:11', 'desktop');
INSERT INTO streaming_history (user_id, song_id, played_at, device) VALUES (1, 3772, '2025-11-22 10:32:28', 'mobile');
INSERT INTO streaming_history (user_id, song_id, played_at, device) VALUES (13, 752, '2026-03-22 21:23:17', 'desktop');
INSERT INTO streaming_history (user_id, song_id, played_at, device) VALUES (53, 4323, '2025-05-14 08:08:56', 'smart_tv');
INSERT INTO streaming_history (user_id, song_id, played_at, device) VALUES (154, 2003, '2025-07-31 01:48:47', 'mobile');
INSERT INTO streaming_history (user_id, song_id, played_at, device) VALUES (127, 3455, '2025-08-23 01:21:45', 'mobile');
INSERT INTO streaming_history (user_id, song_id, played_at, device) VALUES (276, 2830, '2025-05-21 17:40:30', 'smart_tv');
INSERT INTO streaming_history (user_id, song_id, played_at, device) VALUES (15, 4213, '2025-10-05 23:59:53', 'tablet');
INSERT INTO streaming_history (user_id, song_id, played_at, device) VALUES (146, 3968, '2026-01-30 21:25:26', 'desktop');
INSERT INTO streaming_history (user_id, song_id, played_at, device) VALUES (27, 3675, '2026-01-30 21:32:17', 'tablet');
INSERT INTO streaming_history (user_id, song_id, played_at, device) VALUES (137, 1570, '2025-12-04 12:29:56', 'mobile');
INSERT INTO streaming_history (user_id, song_id, played_at, device) VALUES (230, 1968, '2025-11-03 22:37:47', 'mobile');
INSERT INTO streaming_history (user_id, song_id, played_at, device) VALUES (213, 5369, '2025-07-17 20:01:53', 'mobile');
INSERT INTO streaming_history (user_id, song_id, played_at, device) VALUES (241, 3235, '2025-05-07 04:17:06', 'mobile');
INSERT INTO streaming_history (user_id, song_id, played_at, device) VALUES (273, 1601, '2025-09-12 23:37:35', 'mobile');
INSERT INTO streaming_history (user_id, song_id, played_at, device) VALUES (16, 397, '2025-12-06 03:30:27', 'tablet');
INSERT INTO streaming_history (user_id, song_id, played_at, device) VALUES (109, 5024, '2025-04-08 01:32:41', 'tablet');
INSERT INTO streaming_history (user_id, song_id, played_at, device) VALUES (38, 176, '2025-11-27 06:48:27', 'tablet');
INSERT INTO streaming_history (user_id, song_id, played_at, device) VALUES (128, 3029, '2026-01-27 21:25:34', 'tablet');
INSERT INTO streaming_history (user_id, song_id, played_at, device) VALUES (281, 4908, '2025-09-21 07:18:04', 'mobile');
INSERT INTO streaming_history (user_id, song_id, played_at, device) VALUES (283, 978, '2025-08-22 02:14:01', 'smart_tv');
INSERT INTO streaming_history (user_id, song_id, played_at, device) VALUES (6, 5188, '2025-10-31 16:29:58', 'tablet');
INSERT INTO streaming_history (user_id, song_id, played_at, device) VALUES (105, 1949, '2026-01-14 21:25:31', 'smart_tv');
INSERT INTO streaming_history (user_id, song_id, played_at, device) VALUES (179, 3469, '2026-02-15 04:54:51', 'smart_tv');
INSERT INTO streaming_history (user_id, song_id, played_at, device) VALUES (79, 430, '2025-08-22 04:06:31', 'mobile');
INSERT INTO streaming_history (user_id, song_id, played_at, device) VALUES (150, 618, '2025-10-11 07:15:47', 'tablet');
INSERT INTO streaming_history (user_id, song_id, played_at, device) VALUES (225, 4436, '2025-12-25 00:40:42', 'desktop');
INSERT INTO streaming_history (user_id, song_id, played_at, device) VALUES (68, 353, '2026-01-01 13:32:37', 'desktop');
INSERT INTO streaming_history (user_id, song_id, played_at, device) VALUES (148, 889, '2025-12-08 23:15:35', 'smart_tv');
INSERT INTO streaming_history (user_id, song_id, played_at, device) VALUES (109, 5882, '2026-01-05 15:18:59', 'desktop');
INSERT INTO streaming_history (user_id, song_id, played_at, device) VALUES (145, 4878, '2025-07-10 07:36:11', 'tablet');
INSERT INTO streaming_history (user_id, song_id, played_at, device) VALUES (105, 4747, '2025-09-23 16:13:48', 'tablet');
INSERT INTO streaming_history (user_id, song_id, played_at, device) VALUES (256, 2287, '2026-01-07 00:13:00', 'mobile');
INSERT INTO streaming_history (user_id, song_id, played_at, device) VALUES (191, 2868, '2026-02-25 12:20:25', 'desktop');
INSERT INTO streaming_history (user_id, song_id, played_at, device) VALUES (112, 2205, '2025-11-24 10:00:07', 'desktop');
INSERT INTO streaming_history (user_id, song_id, played_at, device) VALUES (150, 1864, '2026-01-19 07:28:13', 'mobile');
INSERT INTO streaming_history (user_id, song_id, played_at, device) VALUES (40, 5581, '2025-09-19 18:13:19', 'tablet');
INSERT INTO streaming_history (user_id, song_id, played_at, device) VALUES (101, 5132, '2026-01-21 19:22:31', 'tablet');
INSERT INTO streaming_history (user_id, song_id, played_at, device) VALUES (175, 1735, '2025-07-07 18:36:52', 'smart_tv');
INSERT INTO streaming_history (user_id, song_id, played_at, device) VALUES (88, 4770, '2026-02-04 01:55:26', 'mobile');
INSERT INTO streaming_history (user_id, song_id, played_at, device) VALUES (38, 767, '2025-11-04 13:43:08', 'desktop');
INSERT INTO streaming_history (user_id, song_id, played_at, device) VALUES (169, 1244, '2025-08-28 19:17:24', 'mobile');
INSERT INTO streaming_history (user_id, song_id, played_at, device) VALUES (145, 1222, '2025-11-17 02:25:32', 'smart_tv');
INSERT INTO streaming_history (user_id, song_id, played_at, device) VALUES (32, 5632, '2025-05-08 04:54:56', 'smart_tv');
INSERT INTO streaming_history (user_id, song_id, played_at, device) VALUES (282, 2586, '2025-04-12 02:23:09', 'smart_tv');
INSERT INTO streaming_history (user_id, song_id, played_at, device) VALUES (1, 1724, '2025-12-29 02:05:25', 'desktop');
INSERT INTO streaming_history (user_id, song_id, played_at, device) VALUES (18, 2374, '2025-04-18 05:26:50', 'tablet');
INSERT INTO streaming_history (user_id, song_id, played_at, device) VALUES (237, 5788, '2025-12-09 19:22:56', 'smart_tv');
INSERT INTO streaming_history (user_id, song_id, played_at, device) VALUES (150, 3777, '2026-01-31 13:45:47', 'desktop');
INSERT INTO streaming_history (user_id, song_id, played_at, device) VALUES (52, 1486, '2025-08-21 09:16:50', 'smart_tv');
INSERT INTO streaming_history (user_id, song_id, played_at, device) VALUES (111, 518, '2025-04-29 19:06:51', 'smart_tv');
INSERT INTO streaming_history (user_id, song_id, played_at, device) VALUES (183, 5335, '2026-01-06 20:02:53', 'smart_tv');
INSERT INTO streaming_history (user_id, song_id, played_at, device) VALUES (293, 758, '2026-03-22 00:14:19', 'smart_tv');
INSERT INTO streaming_history (user_id, song_id, played_at, device) VALUES (81, 2978, '2025-08-31 19:30:47', 'tablet');
INSERT INTO streaming_history (user_id, song_id, played_at, device) VALUES (270, 2848, '2025-11-19 22:01:19', 'desktop');
INSERT INTO streaming_history (user_id, song_id, played_at, device) VALUES (118, 4615, '2025-12-14 02:00:53', 'desktop');
INSERT INTO streaming_history (user_id, song_id, played_at, device) VALUES (291, 3578, '2025-05-03 04:04:20', 'mobile');
INSERT INTO streaming_history (user_id, song_id, played_at, device) VALUES (170, 1716, '2025-10-30 08:28:44', 'mobile');
INSERT INTO streaming_history (user_id, song_id, played_at, device) VALUES (12, 1802, '2026-01-10 10:12:03', 'tablet');
INSERT INTO streaming_history (user_id, song_id, played_at, device) VALUES (209, 4107, '2025-12-31 00:56:37', 'desktop');
INSERT INTO streaming_history (user_id, song_id, played_at, device) VALUES (24, 102, '2025-07-30 21:11:40', 'smart_tv');
INSERT INTO streaming_history (user_id, song_id, played_at, device) VALUES (217, 1015, '2025-05-08 00:19:03', 'tablet');
INSERT INTO streaming_history (user_id, song_id, played_at, device) VALUES (9, 4574, '2025-12-11 23:55:47', 'smart_tv');
INSERT INTO streaming_history (user_id, song_id, played_at, device) VALUES (209, 2931, '2025-06-18 01:14:32', 'smart_tv');
INSERT INTO streaming_history (user_id, song_id, played_at, device) VALUES (161, 1333, '2025-07-29 17:27:33', 'mobile');
INSERT INTO streaming_history (user_id, song_id, played_at, device) VALUES (18, 52, '2025-11-15 10:18:44', 'mobile');
INSERT INTO streaming_history (user_id, song_id, played_at, device) VALUES (210, 3178, '2025-12-05 15:05:04', 'desktop');
INSERT INTO streaming_history (user_id, song_id, played_at, device) VALUES (257, 4020, '2025-11-25 02:34:04', 'desktop');
INSERT INTO streaming_history (user_id, song_id, played_at, device) VALUES (161, 5698, '2025-10-20 08:19:23', 'smart_tv');
INSERT INTO streaming_history (user_id, song_id, played_at, device) VALUES (151, 2634, '2025-08-21 06:07:46', 'smart_tv');
INSERT INTO streaming_history (user_id, song_id, played_at, device) VALUES (73, 174, '2025-08-16 11:42:16', 'desktop');
INSERT INTO streaming_history (user_id, song_id, played_at, device) VALUES (253, 5854, '2025-08-20 14:24:06', 'desktop');
INSERT INTO streaming_history (user_id, song_id, played_at, device) VALUES (215, 490, '2025-05-08 14:11:33', 'tablet');
INSERT INTO streaming_history (user_id, song_id, played_at, device) VALUES (142, 3926, '2025-05-18 11:05:46', 'desktop');
INSERT INTO streaming_history (user_id, song_id, played_at, device) VALUES (239, 1298, '2025-06-01 21:48:15', 'mobile');
INSERT INTO streaming_history (user_id, song_id, played_at, device) VALUES (88, 2192, '2025-10-19 15:25:32', 'smart_tv');
INSERT INTO streaming_history (user_id, song_id, played_at, device) VALUES (118, 4017, '2025-05-25 21:59:45', 'tablet');
INSERT INTO streaming_history (user_id, song_id, played_at, device) VALUES (255, 2851, '2025-12-14 07:30:49', 'tablet');
INSERT INTO streaming_history (user_id, song_id, played_at, device) VALUES (107, 1979, '2025-10-31 16:03:32', 'smart_tv');
INSERT INTO streaming_history (user_id, song_id, played_at, device) VALUES (22, 5636, '2025-11-29 20:22:13', 'mobile');
INSERT INTO streaming_history (user_id, song_id, played_at, device) VALUES (199, 1243, '2025-09-24 14:18:20', 'mobile');
INSERT INTO streaming_history (user_id, song_id, played_at, device) VALUES (154, 463, '2026-02-06 19:38:24', 'desktop');
INSERT INTO streaming_history (user_id, song_id, played_at, device) VALUES (159, 3527, '2025-11-28 06:18:11', 'desktop');
INSERT INTO streaming_history (user_id, song_id, played_at, device) VALUES (212, 336, '2025-09-23 17:05:54', 'tablet');
INSERT INTO streaming_history (user_id, song_id, played_at, device) VALUES (71, 5615, '2025-12-03 15:01:55', 'smart_tv');
INSERT INTO streaming_history (user_id, song_id, played_at, device) VALUES (219, 1273, '2025-09-23 20:24:00', 'smart_tv');
INSERT INTO streaming_history (user_id, song_id, played_at, device) VALUES (167, 1232, '2026-01-07 01:04:51', 'tablet');
INSERT INTO streaming_history (user_id, song_id, played_at, device) VALUES (72, 1690, '2025-11-14 12:52:02', 'desktop');
INSERT INTO streaming_history (user_id, song_id, played_at, device) VALUES (59, 5241, '2025-10-30 21:30:10', 'tablet');
INSERT INTO streaming_history (user_id, song_id, played_at, device) VALUES (234, 2693, '2025-06-01 21:38:45', 'smart_tv');
INSERT INTO streaming_history (user_id, song_id, played_at, device) VALUES (57, 4293, '2025-12-17 23:19:12', 'desktop');
INSERT INTO streaming_history (user_id, song_id, played_at, device) VALUES (124, 3364, '2026-01-13 11:23:14', 'mobile');
INSERT INTO streaming_history (user_id, song_id, played_at, device) VALUES (264, 5251, '2026-02-07 21:00:50', 'tablet');
INSERT INTO streaming_history (user_id, song_id, played_at, device) VALUES (294, 2342, '2025-05-14 22:20:33', 'smart_tv');
INSERT INTO streaming_history (user_id, song_id, played_at, device) VALUES (191, 3294, '2025-09-12 16:21:36', 'desktop');
INSERT INTO streaming_history (user_id, song_id, played_at, device) VALUES (74, 5501, '2025-07-19 16:22:50', 'mobile');
INSERT INTO streaming_history (user_id, song_id, played_at, device) VALUES (167, 4399, '2026-01-14 10:11:42', 'desktop');
INSERT INTO streaming_history (user_id, song_id, played_at, device) VALUES (49, 1321, '2025-04-09 02:27:46', 'tablet');
INSERT INTO streaming_history (user_id, song_id, played_at, device) VALUES (149, 3962, '2025-09-30 01:12:27', 'smart_tv');
INSERT INTO streaming_history (user_id, song_id, played_at, device) VALUES (68, 507, '2025-12-19 09:44:24', 'mobile');
INSERT INTO streaming_history (user_id, song_id, played_at, device) VALUES (26, 2148, '2025-09-27 17:01:41', 'smart_tv');
INSERT INTO streaming_history (user_id, song_id, played_at, device) VALUES (277, 4478, '2025-07-27 01:12:02', 'desktop');
INSERT INTO streaming_history (user_id, song_id, played_at, device) VALUES (26, 4459, '2025-05-21 04:38:16', 'desktop');
INSERT INTO streaming_history (user_id, song_id, played_at, device) VALUES (212, 2380, '2026-02-09 19:58:11', 'desktop');
INSERT INTO streaming_history (user_id, song_id, played_at, device) VALUES (264, 1249, '2025-05-04 01:10:19', 'tablet');
INSERT INTO streaming_history (user_id, song_id, played_at, device) VALUES (260, 1813, '2025-03-27 13:07:55', 'smart_tv');
INSERT INTO streaming_history (user_id, song_id, played_at, device) VALUES (267, 5299, '2026-03-13 08:01:34', 'desktop');
INSERT INTO streaming_history (user_id, song_id, played_at, device) VALUES (10, 3083, '2025-06-05 08:07:19', 'tablet');
INSERT INTO streaming_history (user_id, song_id, played_at, device) VALUES (210, 3459, '2025-06-11 14:39:50', 'mobile');
INSERT INTO streaming_history (user_id, song_id, played_at, device) VALUES (45, 1362, '2026-01-01 12:23:30', 'mobile');
INSERT INTO streaming_history (user_id, song_id, played_at, device) VALUES (253, 624, '2025-10-19 13:01:07', 'smart_tv');
INSERT INTO streaming_history (user_id, song_id, played_at, device) VALUES (177, 3870, '2026-03-04 18:18:30', 'desktop');
INSERT INTO streaming_history (user_id, song_id, played_at, device) VALUES (222, 4081, '2026-01-23 11:04:28', 'mobile');
INSERT INTO streaming_history (user_id, song_id, played_at, device) VALUES (202, 1210, '2025-07-25 09:43:31', 'smart_tv');
INSERT INTO streaming_history (user_id, song_id, played_at, device) VALUES (48, 2980, '2025-06-13 22:38:48', 'tablet');
INSERT INTO streaming_history (user_id, song_id, played_at, device) VALUES (91, 3386, '2025-09-12 09:06:44', 'desktop');
INSERT INTO streaming_history (user_id, song_id, played_at, device) VALUES (71, 3794, '2025-05-27 09:15:47', 'smart_tv');
INSERT INTO streaming_history (user_id, song_id, played_at, device) VALUES (232, 5777, '2025-07-27 12:46:37', 'desktop');
INSERT INTO streaming_history (user_id, song_id, played_at, device) VALUES (127, 3115, '2026-03-04 22:21:26', 'tablet');
INSERT INTO streaming_history (user_id, song_id, played_at, device) VALUES (106, 1120, '2025-10-05 12:06:57', 'tablet');
INSERT INTO streaming_history (user_id, song_id, played_at, device) VALUES (153, 777, '2026-03-14 06:00:41', 'tablet');
INSERT INTO streaming_history (user_id, song_id, played_at, device) VALUES (16, 5491, '2025-09-12 10:42:44', 'mobile');
INSERT INTO streaming_history (user_id, song_id, played_at, device) VALUES (229, 3162, '2025-04-03 11:50:56', 'smart_tv');
INSERT INTO streaming_history (user_id, song_id, played_at, device) VALUES (262, 615, '2025-04-02 11:45:38', 'smart_tv');
INSERT INTO streaming_history (user_id, song_id, played_at, device) VALUES (276, 3379, '2025-11-28 13:01:13', 'mobile');
INSERT INTO streaming_history (user_id, song_id, played_at, device) VALUES (238, 587, '2025-09-21 19:36:19', 'smart_tv');
INSERT INTO streaming_history (user_id, song_id, played_at, device) VALUES (256, 4907, '2025-06-22 03:09:21', 'smart_tv');
INSERT INTO streaming_history (user_id, song_id, played_at, device) VALUES (138, 4625, '2026-03-06 11:17:54', 'smart_tv');
INSERT INTO streaming_history (user_id, song_id, played_at, device) VALUES (120, 4023, '2026-02-26 22:10:29', 'mobile');
INSERT INTO streaming_history (user_id, song_id, played_at, device) VALUES (276, 2740, '2025-09-21 05:26:38', 'tablet');
INSERT INTO streaming_history (user_id, song_id, played_at, device) VALUES (278, 2717, '2025-10-25 05:34:02', 'mobile');
INSERT INTO streaming_history (user_id, song_id, played_at, device) VALUES (24, 4252, '2025-09-17 22:40:11', 'desktop');
INSERT INTO streaming_history (user_id, song_id, played_at, device) VALUES (182, 245, '2025-06-14 14:49:13', 'smart_tv');
INSERT INTO streaming_history (user_id, song_id, played_at, device) VALUES (267, 5361, '2025-05-22 04:59:51', 'smart_tv');
INSERT INTO streaming_history (user_id, song_id, played_at, device) VALUES (294, 4972, '2026-01-28 19:16:58', 'tablet');
INSERT INTO streaming_history (user_id, song_id, played_at, device) VALUES (170, 901, '2026-02-09 19:25:10', 'tablet');
INSERT INTO streaming_history (user_id, song_id, played_at, device) VALUES (7, 5764, '2025-09-05 22:14:58', 'smart_tv');
INSERT INTO streaming_history (user_id, song_id, played_at, device) VALUES (239, 465, '2025-08-04 06:54:46', 'desktop');
INSERT INTO streaming_history (user_id, song_id, played_at, device) VALUES (35, 5692, '2026-03-10 03:19:06', 'tablet');
INSERT INTO streaming_history (user_id, song_id, played_at, device) VALUES (245, 1315, '2025-08-13 18:04:09', 'desktop');
INSERT INTO streaming_history (user_id, song_id, played_at, device) VALUES (149, 2558, '2025-12-27 07:12:43', 'smart_tv');
INSERT INTO streaming_history (user_id, song_id, played_at, device) VALUES (4, 2227, '2025-07-27 03:44:21', 'mobile');
INSERT INTO streaming_history (user_id, song_id, played_at, device) VALUES (244, 3222, '2025-09-02 21:57:03', 'mobile');
INSERT INTO streaming_history (user_id, song_id, played_at, device) VALUES (224, 4012, '2025-08-25 08:57:36', 'smart_tv');
INSERT INTO streaming_history (user_id, song_id, played_at, device) VALUES (49, 919, '2025-12-26 00:41:49', 'desktop');
INSERT INTO streaming_history (user_id, song_id, played_at, device) VALUES (214, 2490, '2025-06-23 06:06:23', 'smart_tv');
INSERT INTO streaming_history (user_id, song_id, played_at, device) VALUES (82, 1775, '2025-11-08 09:34:11', 'tablet');
INSERT INTO streaming_history (user_id, song_id, played_at, device) VALUES (294, 5036, '2025-12-27 09:25:53', 'mobile');
INSERT INTO streaming_history (user_id, song_id, played_at, device) VALUES (93, 4780, '2026-03-18 19:24:46', 'smart_tv');
INSERT INTO streaming_history (user_id, song_id, played_at, device) VALUES (252, 5665, '2025-04-14 07:56:32', 'desktop');
INSERT INTO streaming_history (user_id, song_id, played_at, device) VALUES (284, 5611, '2025-07-07 06:42:38', 'desktop');
INSERT INTO streaming_history (user_id, song_id, played_at, device) VALUES (244, 5405, '2025-09-26 03:57:51', 'mobile');
INSERT INTO streaming_history (user_id, song_id, played_at, device) VALUES (52, 3689, '2025-06-19 06:49:16', 'mobile');
INSERT INTO streaming_history (user_id, song_id, played_at, device) VALUES (91, 5102, '2025-06-12 10:25:00', 'smart_tv');
INSERT INTO streaming_history (user_id, song_id, played_at, device) VALUES (253, 4273, '2025-08-27 15:35:43', 'tablet');
INSERT INTO streaming_history (user_id, song_id, played_at, device) VALUES (228, 3937, '2025-11-11 10:10:15', 'tablet');
INSERT INTO streaming_history (user_id, song_id, played_at, device) VALUES (37, 5747, '2025-04-28 11:13:42', 'mobile');
INSERT INTO streaming_history (user_id, song_id, played_at, device) VALUES (18, 3337, '2026-01-28 01:46:44', 'desktop');
INSERT INTO streaming_history (user_id, song_id, played_at, device) VALUES (238, 2144, '2025-06-25 12:25:33', 'desktop');
INSERT INTO streaming_history (user_id, song_id, played_at, device) VALUES (195, 1226, '2025-11-01 08:01:51', 'desktop');
INSERT INTO streaming_history (user_id, song_id, played_at, device) VALUES (188, 4979, '2025-09-20 08:02:46', 'mobile');
INSERT INTO streaming_history (user_id, song_id, played_at, device) VALUES (98, 624, '2025-06-27 19:02:22', 'desktop');
INSERT INTO streaming_history (user_id, song_id, played_at, device) VALUES (181, 4209, '2025-08-07 22:47:15', 'tablet');
INSERT INTO streaming_history (user_id, song_id, played_at, device) VALUES (37, 3961, '2025-08-13 22:32:22', 'smart_tv');
INSERT INTO streaming_history (user_id, song_id, played_at, device) VALUES (268, 4897, '2026-01-09 20:35:22', 'tablet');
INSERT INTO streaming_history (user_id, song_id, played_at, device) VALUES (150, 3232, '2026-02-07 01:49:42', 'desktop');
INSERT INTO streaming_history (user_id, song_id, played_at, device) VALUES (27, 2467, '2025-10-27 08:48:38', 'desktop');
INSERT INTO streaming_history (user_id, song_id, played_at, device) VALUES (70, 5619, '2026-03-04 08:07:29', 'tablet');
INSERT INTO streaming_history (user_id, song_id, played_at, device) VALUES (67, 2362, '2026-03-05 21:15:59', 'tablet');
INSERT INTO streaming_history (user_id, song_id, played_at, device) VALUES (207, 243, '2025-09-27 17:55:15', 'smart_tv');
INSERT INTO streaming_history (user_id, song_id, played_at, device) VALUES (124, 5424, '2025-06-21 16:16:08', 'smart_tv');
INSERT INTO streaming_history (user_id, song_id, played_at, device) VALUES (231, 2720, '2026-01-22 06:31:23', 'tablet');
INSERT INTO streaming_history (user_id, song_id, played_at, device) VALUES (243, 2408, '2026-01-05 14:13:32', 'mobile');
INSERT INTO streaming_history (user_id, song_id, played_at, device) VALUES (26, 3851, '2025-09-06 03:19:06', 'desktop');
INSERT INTO streaming_history (user_id, song_id, played_at, device) VALUES (135, 5341, '2025-07-24 10:41:27', 'desktop');
INSERT INTO streaming_history (user_id, song_id, played_at, device) VALUES (129, 2453, '2026-01-25 22:55:32', 'desktop');
INSERT INTO streaming_history (user_id, song_id, played_at, device) VALUES (187, 4204, '2025-04-20 08:35:04', 'tablet');
INSERT INTO streaming_history (user_id, song_id, played_at, device) VALUES (180, 2488, '2026-01-05 21:40:21', 'mobile');
INSERT INTO streaming_history (user_id, song_id, played_at, device) VALUES (236, 715, '2025-06-07 07:36:15', 'smart_tv');
INSERT INTO streaming_history (user_id, song_id, played_at, device) VALUES (269, 3076, '2025-07-27 09:37:31', 'mobile');
INSERT INTO streaming_history (user_id, song_id, played_at, device) VALUES (165, 1718, '2025-07-11 10:38:21', 'mobile');
INSERT INTO streaming_history (user_id, song_id, played_at, device) VALUES (199, 707, '2025-05-22 02:56:01', 'desktop');
INSERT INTO streaming_history (user_id, song_id, played_at, device) VALUES (15, 2085, '2025-09-03 16:20:51', 'mobile');
INSERT INTO streaming_history (user_id, song_id, played_at, device) VALUES (202, 2509, '2026-02-24 22:03:14', 'mobile');
INSERT INTO streaming_history (user_id, song_id, played_at, device) VALUES (77, 1649, '2025-08-25 18:00:36', 'mobile');
INSERT INTO streaming_history (user_id, song_id, played_at, device) VALUES (63, 41, '2025-04-20 07:22:40', 'smart_tv');
INSERT INTO streaming_history (user_id, song_id, played_at, device) VALUES (27, 2434, '2025-04-09 00:12:52', 'smart_tv');
INSERT INTO streaming_history (user_id, song_id, played_at, device) VALUES (94, 467, '2025-08-22 15:10:54', 'mobile');
INSERT INTO streaming_history (user_id, song_id, played_at, device) VALUES (26, 3543, '2026-02-23 17:50:44', 'smart_tv');
INSERT INTO streaming_history (user_id, song_id, played_at, device) VALUES (105, 743, '2025-04-24 10:24:48', 'tablet');
INSERT INTO streaming_history (user_id, song_id, played_at, device) VALUES (256, 2795, '2025-12-24 07:13:46', 'smart_tv');
INSERT INTO streaming_history (user_id, song_id, played_at, device) VALUES (251, 2327, '2025-12-02 03:33:18', 'smart_tv');
INSERT INTO streaming_history (user_id, song_id, played_at, device) VALUES (193, 2366, '2025-06-26 06:08:47', 'mobile');
INSERT INTO streaming_history (user_id, song_id, played_at, device) VALUES (297, 3270, '2025-09-03 16:59:06', 'tablet');
INSERT INTO streaming_history (user_id, song_id, played_at, device) VALUES (293, 3544, '2025-10-27 16:35:35', 'smart_tv');
INSERT INTO streaming_history (user_id, song_id, played_at, device) VALUES (231, 4798, '2025-06-18 08:31:31', 'desktop');
INSERT INTO streaming_history (user_id, song_id, played_at, device) VALUES (228, 2723, '2025-07-29 11:38:48', 'mobile');
INSERT INTO streaming_history (user_id, song_id, played_at, device) VALUES (107, 399, '2025-09-14 01:15:09', 'mobile');
INSERT INTO streaming_history (user_id, song_id, played_at, device) VALUES (122, 4130, '2025-05-31 03:40:55', 'tablet');
INSERT INTO streaming_history (user_id, song_id, played_at, device) VALUES (161, 920, '2025-09-07 04:25:37', 'smart_tv');
INSERT INTO streaming_history (user_id, song_id, played_at, device) VALUES (22, 1571, '2025-07-09 03:42:18', 'smart_tv');
INSERT INTO streaming_history (user_id, song_id, played_at, device) VALUES (106, 313, '2025-11-10 20:35:41', 'tablet');
INSERT INTO streaming_history (user_id, song_id, played_at, device) VALUES (133, 4457, '2025-12-04 03:47:44', 'smart_tv');
INSERT INTO streaming_history (user_id, song_id, played_at, device) VALUES (264, 982, '2026-02-19 11:09:57', 'smart_tv');
INSERT INTO streaming_history (user_id, song_id, played_at, device) VALUES (27, 4290, '2025-12-12 14:15:42', 'smart_tv');
INSERT INTO streaming_history (user_id, song_id, played_at, device) VALUES (218, 3667, '2025-09-13 16:32:10', 'smart_tv');
INSERT INTO streaming_history (user_id, song_id, played_at, device) VALUES (33, 4780, '2025-10-20 16:09:18', 'smart_tv');
INSERT INTO streaming_history (user_id, song_id, played_at, device) VALUES (292, 5038, '2025-05-16 18:14:39', 'mobile');
INSERT INTO streaming_history (user_id, song_id, played_at, device) VALUES (61, 2128, '2025-05-16 05:35:40', 'tablet');
INSERT INTO streaming_history (user_id, song_id, played_at, device) VALUES (194, 4415, '2025-09-20 09:17:57', 'tablet');
INSERT INTO streaming_history (user_id, song_id, played_at, device) VALUES (22, 4243, '2025-09-09 21:39:50', 'desktop');
INSERT INTO streaming_history (user_id, song_id, played_at, device) VALUES (181, 318, '2026-03-17 19:40:58', 'mobile');
INSERT INTO streaming_history (user_id, song_id, played_at, device) VALUES (43, 1449, '2025-10-07 06:33:56', 'mobile');
INSERT INTO streaming_history (user_id, song_id, played_at, device) VALUES (7, 3129, '2025-11-15 14:39:24', 'smart_tv');
INSERT INTO streaming_history (user_id, song_id, played_at, device) VALUES (188, 1637, '2026-02-13 02:02:18', 'mobile');
INSERT INTO streaming_history (user_id, song_id, played_at, device) VALUES (25, 3675, '2025-05-14 10:20:07', 'smart_tv');
INSERT INTO streaming_history (user_id, song_id, played_at, device) VALUES (17, 2058, '2025-03-29 07:35:59', 'tablet');
INSERT INTO streaming_history (user_id, song_id, played_at, device) VALUES (299, 5297, '2026-01-07 10:04:42', 'smart_tv');
INSERT INTO streaming_history (user_id, song_id, played_at, device) VALUES (46, 5666, '2025-06-23 01:50:06', 'mobile');
INSERT INTO streaming_history (user_id, song_id, played_at, device) VALUES (53, 3090, '2025-05-02 12:37:51', 'smart_tv');
INSERT INTO streaming_history (user_id, song_id, played_at, device) VALUES (143, 2482, '2025-06-11 00:17:05', 'smart_tv');
INSERT INTO streaming_history (user_id, song_id, played_at, device) VALUES (14, 2822, '2025-09-21 20:29:26', 'desktop');
INSERT INTO streaming_history (user_id, song_id, played_at, device) VALUES (103, 5739, '2025-08-15 05:50:20', 'smart_tv');
INSERT INTO streaming_history (user_id, song_id, played_at, device) VALUES (228, 404, '2026-02-15 05:54:37', 'tablet');
INSERT INTO streaming_history (user_id, song_id, played_at, device) VALUES (115, 3122, '2025-09-10 02:39:42', 'smart_tv');
INSERT INTO streaming_history (user_id, song_id, played_at, device) VALUES (158, 1738, '2026-03-22 03:35:16', 'desktop');
INSERT INTO streaming_history (user_id, song_id, played_at, device) VALUES (216, 1495, '2025-03-29 09:27:28', 'tablet');
INSERT INTO streaming_history (user_id, song_id, played_at, device) VALUES (233, 900, '2025-11-10 22:01:53', 'smart_tv');
INSERT INTO streaming_history (user_id, song_id, played_at, device) VALUES (251, 4344, '2025-11-15 20:08:09', 'smart_tv');
INSERT INTO streaming_history (user_id, song_id, played_at, device) VALUES (160, 5800, '2025-12-27 20:53:09', 'smart_tv');
INSERT INTO streaming_history (user_id, song_id, played_at, device) VALUES (154, 3236, '2025-06-15 00:57:12', 'tablet');
INSERT INTO streaming_history (user_id, song_id, played_at, device) VALUES (114, 4312, '2025-11-15 12:13:38', 'smart_tv');
INSERT INTO streaming_history (user_id, song_id, played_at, device) VALUES (197, 4383, '2026-01-17 17:05:35', 'mobile');
INSERT INTO streaming_history (user_id, song_id, played_at, device) VALUES (8, 147, '2025-12-07 20:49:39', 'tablet');
INSERT INTO streaming_history (user_id, song_id, played_at, device) VALUES (167, 5238, '2025-06-10 17:18:11', 'smart_tv');
INSERT INTO streaming_history (user_id, song_id, played_at, device) VALUES (23, 5740, '2025-04-01 05:19:47', 'desktop');
INSERT INTO streaming_history (user_id, song_id, played_at, device) VALUES (270, 5660, '2025-05-18 19:03:01', 'mobile');
INSERT INTO streaming_history (user_id, song_id, played_at, device) VALUES (51, 809, '2026-03-16 08:08:26', 'smart_tv');
INSERT INTO streaming_history (user_id, song_id, played_at, device) VALUES (272, 4415, '2025-07-23 08:52:57', 'desktop');
INSERT INTO streaming_history (user_id, song_id, played_at, device) VALUES (157, 3296, '2025-10-11 06:31:52', 'mobile');
INSERT INTO streaming_history (user_id, song_id, played_at, device) VALUES (199, 5248, '2025-07-03 18:39:46', 'desktop');
INSERT INTO streaming_history (user_id, song_id, played_at, device) VALUES (164, 2307, '2026-02-19 16:15:44', 'desktop');
INSERT INTO streaming_history (user_id, song_id, played_at, device) VALUES (187, 2922, '2026-02-21 05:35:52', 'mobile');
INSERT INTO streaming_history (user_id, song_id, played_at, device) VALUES (13, 1289, '2025-04-21 21:40:12', 'smart_tv');
INSERT INTO streaming_history (user_id, song_id, played_at, device) VALUES (8, 4656, '2025-07-25 23:12:01', 'tablet');
INSERT INTO streaming_history (user_id, song_id, played_at, device) VALUES (178, 1472, '2026-03-23 11:17:52', 'tablet');
INSERT INTO streaming_history (user_id, song_id, played_at, device) VALUES (213, 874, '2025-10-07 13:56:57', 'smart_tv');
INSERT INTO streaming_history (user_id, song_id, played_at, device) VALUES (182, 1570, '2026-03-20 00:48:20', 'desktop');
INSERT INTO streaming_history (user_id, song_id, played_at, device) VALUES (135, 1183, '2025-04-05 04:15:41', 'tablet');
INSERT INTO streaming_history (user_id, song_id, played_at, device) VALUES (285, 2839, '2025-05-28 08:11:30', 'mobile');
INSERT INTO streaming_history (user_id, song_id, played_at, device) VALUES (271, 3904, '2026-03-16 18:01:23', 'desktop');
INSERT INTO streaming_history (user_id, song_id, played_at, device) VALUES (275, 1048, '2025-07-19 08:08:02', 'mobile');
INSERT INTO streaming_history (user_id, song_id, played_at, device) VALUES (249, 1575, '2025-10-12 21:46:13', 'smart_tv');
INSERT INTO streaming_history (user_id, song_id, played_at, device) VALUES (32, 1414, '2026-02-12 11:16:40', 'tablet');
INSERT INTO streaming_history (user_id, song_id, played_at, device) VALUES (165, 3116, '2026-03-14 09:19:57', 'smart_tv');
INSERT INTO streaming_history (user_id, song_id, played_at, device) VALUES (51, 5588, '2025-06-03 18:07:24', 'desktop');
INSERT INTO streaming_history (user_id, song_id, played_at, device) VALUES (10, 3368, '2025-11-01 12:28:30', 'smart_tv');
INSERT INTO streaming_history (user_id, song_id, played_at, device) VALUES (140, 2580, '2026-01-17 18:55:53', 'tablet');
INSERT INTO streaming_history (user_id, song_id, played_at, device) VALUES (285, 3889, '2025-10-23 22:10:42', 'tablet');
INSERT INTO streaming_history (user_id, song_id, played_at, device) VALUES (286, 4378, '2026-02-19 00:33:40', 'smart_tv');
INSERT INTO streaming_history (user_id, song_id, played_at, device) VALUES (150, 4067, '2025-12-25 19:18:15', 'tablet');
INSERT INTO streaming_history (user_id, song_id, played_at, device) VALUES (116, 125, '2025-11-13 21:59:19', 'tablet');
INSERT INTO streaming_history (user_id, song_id, played_at, device) VALUES (157, 3013, '2026-03-16 15:11:03', 'smart_tv');
INSERT INTO streaming_history (user_id, song_id, played_at, device) VALUES (93, 1892, '2025-08-02 17:11:55', 'desktop');
INSERT INTO streaming_history (user_id, song_id, played_at, device) VALUES (168, 2781, '2026-01-19 08:38:47', 'mobile');
INSERT INTO streaming_history (user_id, song_id, played_at, device) VALUES (299, 1853, '2025-04-29 11:28:35', 'desktop');
INSERT INTO streaming_history (user_id, song_id, played_at, device) VALUES (257, 5841, '2025-06-21 13:21:03', 'tablet');
INSERT INTO streaming_history (user_id, song_id, played_at, device) VALUES (87, 3216, '2026-02-17 18:06:32', 'desktop');
INSERT INTO streaming_history (user_id, song_id, played_at, device) VALUES (103, 288, '2025-11-20 01:21:57', 'mobile');
INSERT INTO streaming_history (user_id, song_id, played_at, device) VALUES (129, 5892, '2025-11-18 06:03:57', 'tablet');
INSERT INTO streaming_history (user_id, song_id, played_at, device) VALUES (34, 1351, '2025-05-05 11:23:23', 'mobile');
INSERT INTO streaming_history (user_id, song_id, played_at, device) VALUES (173, 888, '2025-11-15 15:48:10', 'mobile');
INSERT INTO streaming_history (user_id, song_id, played_at, device) VALUES (139, 3603, '2026-02-21 14:21:01', 'tablet');
INSERT INTO streaming_history (user_id, song_id, played_at, device) VALUES (153, 4459, '2026-03-17 00:11:06', 'mobile');
INSERT INTO streaming_history (user_id, song_id, played_at, device) VALUES (8, 697, '2025-08-01 07:49:36', 'smart_tv');
INSERT INTO streaming_history (user_id, song_id, played_at, device) VALUES (236, 3038, '2026-02-01 15:49:44', 'tablet');
INSERT INTO streaming_history (user_id, song_id, played_at, device) VALUES (58, 489, '2025-04-27 02:24:54', 'mobile');
INSERT INTO streaming_history (user_id, song_id, played_at, device) VALUES (20, 4810, '2025-11-03 18:30:03', 'smart_tv');
INSERT INTO streaming_history (user_id, song_id, played_at, device) VALUES (264, 1683, '2026-02-22 03:01:53', 'mobile');
INSERT INTO streaming_history (user_id, song_id, played_at, device) VALUES (20, 1299, '2026-03-21 02:56:30', 'tablet');
INSERT INTO streaming_history (user_id, song_id, played_at, device) VALUES (39, 5782, '2026-01-26 07:32:00', 'mobile');
INSERT INTO streaming_history (user_id, song_id, played_at, device) VALUES (296, 1189, '2026-01-04 01:28:57', 'desktop');
INSERT INTO streaming_history (user_id, song_id, played_at, device) VALUES (125, 3910, '2026-01-02 16:40:19', 'mobile');
INSERT INTO streaming_history (user_id, song_id, played_at, device) VALUES (209, 5526, '2025-11-11 23:59:25', 'tablet');
INSERT INTO streaming_history (user_id, song_id, played_at, device) VALUES (1, 3636, '2025-08-29 13:57:36', 'mobile');
INSERT INTO streaming_history (user_id, song_id, played_at, device) VALUES (36, 4406, '2025-07-25 14:53:47', 'desktop');
INSERT INTO streaming_history (user_id, song_id, played_at, device) VALUES (68, 1525, '2025-12-02 15:40:57', 'tablet');
INSERT INTO streaming_history (user_id, song_id, played_at, device) VALUES (113, 5834, '2025-12-13 13:46:55', 'desktop');
INSERT INTO streaming_history (user_id, song_id, played_at, device) VALUES (82, 5010, '2025-10-03 04:48:52', 'mobile');
INSERT INTO streaming_history (user_id, song_id, played_at, device) VALUES (280, 2026, '2025-04-20 01:06:25', 'mobile');
INSERT INTO streaming_history (user_id, song_id, played_at, device) VALUES (259, 1641, '2025-04-01 10:30:19', 'desktop');
INSERT INTO streaming_history (user_id, song_id, played_at, device) VALUES (222, 572, '2026-01-27 06:43:01', 'smart_tv');
INSERT INTO streaming_history (user_id, song_id, played_at, device) VALUES (12, 4679, '2026-02-15 04:53:26', 'tablet');
INSERT INTO streaming_history (user_id, song_id, played_at, device) VALUES (142, 5471, '2025-11-05 23:43:06', 'desktop');
INSERT INTO streaming_history (user_id, song_id, played_at, device) VALUES (29, 2709, '2025-09-09 09:01:42', 'desktop');
INSERT INTO streaming_history (user_id, song_id, played_at, device) VALUES (69, 814, '2026-02-15 11:48:13', 'desktop');
INSERT INTO streaming_history (user_id, song_id, played_at, device) VALUES (244, 451, '2025-03-26 06:17:20', 'mobile');
INSERT INTO streaming_history (user_id, song_id, played_at, device) VALUES (3, 687, '2026-02-07 08:31:29', 'tablet');
INSERT INTO streaming_history (user_id, song_id, played_at, device) VALUES (200, 515, '2026-03-16 16:39:54', 'mobile');
INSERT INTO streaming_history (user_id, song_id, played_at, device) VALUES (20, 1868, '2025-12-19 17:00:12', 'mobile');
INSERT INTO streaming_history (user_id, song_id, played_at, device) VALUES (180, 1265, '2025-10-07 02:27:00', 'smart_tv');
INSERT INTO streaming_history (user_id, song_id, played_at, device) VALUES (216, 2277, '2026-01-16 10:26:13', 'desktop');
INSERT INTO streaming_history (user_id, song_id, played_at, device) VALUES (146, 5815, '2025-12-24 01:28:41', 'tablet');
INSERT INTO streaming_history (user_id, song_id, played_at, device) VALUES (1, 1027, '2025-06-03 14:44:16', 'tablet');
INSERT INTO streaming_history (user_id, song_id, played_at, device) VALUES (29, 2130, '2026-01-30 00:13:45', 'desktop');
INSERT INTO streaming_history (user_id, song_id, played_at, device) VALUES (242, 142, '2025-04-22 18:19:14', 'desktop');
INSERT INTO streaming_history (user_id, song_id, played_at, device) VALUES (230, 565, '2025-06-16 09:07:40', 'desktop');
INSERT INTO streaming_history (user_id, song_id, played_at, device) VALUES (42, 5664, '2025-07-15 00:48:30', 'mobile');
INSERT INTO streaming_history (user_id, song_id, played_at, device) VALUES (225, 790, '2025-11-12 23:39:46', 'smart_tv');
INSERT INTO streaming_history (user_id, song_id, played_at, device) VALUES (184, 4100, '2026-03-12 15:18:15', 'desktop');
INSERT INTO streaming_history (user_id, song_id, played_at, device) VALUES (97, 665, '2025-08-10 18:59:14', 'smart_tv');
INSERT INTO streaming_history (user_id, song_id, played_at, device) VALUES (135, 5405, '2025-04-14 15:17:13', 'desktop');
INSERT INTO streaming_history (user_id, song_id, played_at, device) VALUES (226, 4080, '2026-02-10 10:01:33', 'desktop');
INSERT INTO streaming_history (user_id, song_id, played_at, device) VALUES (13, 2766, '2025-11-28 10:02:10', 'smart_tv');
INSERT INTO streaming_history (user_id, song_id, played_at, device) VALUES (58, 491, '2025-09-13 04:54:12', 'desktop');
INSERT INTO streaming_history (user_id, song_id, played_at, device) VALUES (113, 305, '2025-07-08 05:40:38', 'desktop');
INSERT INTO streaming_history (user_id, song_id, played_at, device) VALUES (25, 3221, '2026-01-06 10:53:05', 'mobile');
INSERT INTO streaming_history (user_id, song_id, played_at, device) VALUES (169, 3231, '2025-04-12 02:22:13', 'mobile');
INSERT INTO streaming_history (user_id, song_id, played_at, device) VALUES (209, 5335, '2025-05-02 06:11:01', 'tablet');
INSERT INTO streaming_history (user_id, song_id, played_at, device) VALUES (51, 4430, '2025-08-31 13:31:19', 'smart_tv');
INSERT INTO streaming_history (user_id, song_id, played_at, device) VALUES (207, 572, '2025-10-25 23:34:32', 'mobile');
INSERT INTO streaming_history (user_id, song_id, played_at, device) VALUES (181, 1094, '2026-03-10 09:14:18', 'mobile');
INSERT INTO streaming_history (user_id, song_id, played_at, device) VALUES (164, 1475, '2025-11-16 12:52:01', 'tablet');
INSERT INTO streaming_history (user_id, song_id, played_at, device) VALUES (184, 864, '2025-06-13 06:00:26', 'mobile');
INSERT INTO streaming_history (user_id, song_id, played_at, device) VALUES (277, 4866, '2025-05-18 21:54:51', 'smart_tv');
INSERT INTO streaming_history (user_id, song_id, played_at, device) VALUES (237, 145, '2025-12-17 15:52:35', 'tablet');
INSERT INTO streaming_history (user_id, song_id, played_at, device) VALUES (244, 2536, '2025-08-28 07:13:29', 'desktop');
INSERT INTO streaming_history (user_id, song_id, played_at, device) VALUES (168, 3782, '2025-11-11 21:31:09', 'tablet');
INSERT INTO streaming_history (user_id, song_id, played_at, device) VALUES (91, 3328, '2025-07-29 10:14:42', 'tablet');
INSERT INTO streaming_history (user_id, song_id, played_at, device) VALUES (26, 2934, '2025-05-21 20:57:12', 'desktop');
INSERT INTO streaming_history (user_id, song_id, played_at, device) VALUES (279, 3466, '2025-11-01 19:00:42', 'smart_tv');
INSERT INTO streaming_history (user_id, song_id, played_at, device) VALUES (143, 3100, '2025-10-25 19:36:48', 'tablet');
INSERT INTO streaming_history (user_id, song_id, played_at, device) VALUES (186, 2807, '2025-10-02 07:16:08', 'mobile');
INSERT INTO streaming_history (user_id, song_id, played_at, device) VALUES (211, 3317, '2026-03-21 07:01:23', 'desktop');
INSERT INTO streaming_history (user_id, song_id, played_at, device) VALUES (94, 4365, '2025-04-07 22:14:45', 'smart_tv');
INSERT INTO streaming_history (user_id, song_id, played_at, device) VALUES (194, 4447, '2025-12-03 18:33:33', 'desktop');
INSERT INTO streaming_history (user_id, song_id, played_at, device) VALUES (297, 996, '2026-03-03 10:58:23', 'mobile');
INSERT INTO streaming_history (user_id, song_id, played_at, device) VALUES (43, 1597, '2025-10-08 21:50:00', 'mobile');
INSERT INTO streaming_history (user_id, song_id, played_at, device) VALUES (147, 3248, '2026-02-09 11:58:30', 'smart_tv');
INSERT INTO streaming_history (user_id, song_id, played_at, device) VALUES (131, 5110, '2025-11-01 09:39:30', 'desktop');
INSERT INTO streaming_history (user_id, song_id, played_at, device) VALUES (92, 146, '2026-03-05 10:17:18', 'mobile');
INSERT INTO streaming_history (user_id, song_id, played_at, device) VALUES (124, 3982, '2025-07-05 13:54:13', 'mobile');
INSERT INTO streaming_history (user_id, song_id, played_at, device) VALUES (19, 3609, '2026-02-26 07:47:00', 'desktop');
INSERT INTO streaming_history (user_id, song_id, played_at, device) VALUES (15, 4295, '2026-01-18 03:16:22', 'smart_tv');
INSERT INTO streaming_history (user_id, song_id, played_at, device) VALUES (48, 5132, '2026-01-27 12:12:16', 'smart_tv');
INSERT INTO streaming_history (user_id, song_id, played_at, device) VALUES (27, 2855, '2025-12-28 02:33:07', 'desktop');
INSERT INTO streaming_history (user_id, song_id, played_at, device) VALUES (78, 731, '2025-10-09 15:06:36', 'tablet');
INSERT INTO streaming_history (user_id, song_id, played_at, device) VALUES (9, 616, '2026-03-10 21:40:22', 'desktop');
INSERT INTO streaming_history (user_id, song_id, played_at, device) VALUES (274, 1569, '2025-08-27 11:55:39', 'smart_tv');
INSERT INTO streaming_history (user_id, song_id, played_at, device) VALUES (90, 360, '2025-05-16 10:46:26', 'desktop');
INSERT INTO streaming_history (user_id, song_id, played_at, device) VALUES (255, 1398, '2026-03-25 10:09:56', 'smart_tv');
INSERT INTO streaming_history (user_id, song_id, played_at, device) VALUES (102, 5015, '2026-01-14 16:12:01', 'mobile');
INSERT INTO streaming_history (user_id, song_id, played_at, device) VALUES (25, 3526, '2025-05-27 21:12:55', 'tablet');
INSERT INTO streaming_history (user_id, song_id, played_at, device) VALUES (189, 861, '2025-10-31 06:06:15', 'mobile');
INSERT INTO streaming_history (user_id, song_id, played_at, device) VALUES (126, 2735, '2025-05-12 21:22:33', 'smart_tv');
INSERT INTO streaming_history (user_id, song_id, played_at, device) VALUES (23, 3227, '2025-07-18 03:10:08', 'mobile');
INSERT INTO streaming_history (user_id, song_id, played_at, device) VALUES (287, 5867, '2025-08-10 03:04:46', 'tablet');
INSERT INTO streaming_history (user_id, song_id, played_at, device) VALUES (4, 4409, '2025-09-18 17:48:00', 'mobile');
INSERT INTO streaming_history (user_id, song_id, played_at, device) VALUES (181, 933, '2026-03-21 05:36:09', 'smart_tv');
INSERT INTO streaming_history (user_id, song_id, played_at, device) VALUES (32, 4440, '2026-01-16 06:23:39', 'smart_tv');
INSERT INTO streaming_history (user_id, song_id, played_at, device) VALUES (83, 2339, '2025-06-19 15:12:32', 'desktop');
INSERT INTO streaming_history (user_id, song_id, played_at, device) VALUES (223, 1717, '2026-03-21 19:56:21', 'mobile');
INSERT INTO streaming_history (user_id, song_id, played_at, device) VALUES (212, 3504, '2025-07-09 13:05:53', 'desktop');
INSERT INTO streaming_history (user_id, song_id, played_at, device) VALUES (150, 3020, '2025-07-04 21:01:55', 'tablet');
INSERT INTO streaming_history (user_id, song_id, played_at, device) VALUES (119, 5704, '2025-09-14 18:51:13', 'tablet');
INSERT INTO streaming_history (user_id, song_id, played_at, device) VALUES (108, 5030, '2025-11-24 07:28:22', 'tablet');
INSERT INTO streaming_history (user_id, song_id, played_at, device) VALUES (25, 4216, '2025-05-12 18:33:41', 'tablet');
INSERT INTO streaming_history (user_id, song_id, played_at, device) VALUES (247, 819, '2025-10-19 12:52:58', 'smart_tv');
INSERT INTO streaming_history (user_id, song_id, played_at, device) VALUES (263, 5259, '2026-01-31 23:23:32', 'desktop');
INSERT INTO streaming_history (user_id, song_id, played_at, device) VALUES (174, 4106, '2025-07-07 07:15:45', 'mobile');
INSERT INTO streaming_history (user_id, song_id, played_at, device) VALUES (217, 2976, '2026-02-24 04:02:51', 'mobile');
INSERT INTO streaming_history (user_id, song_id, played_at, device) VALUES (234, 4111, '2025-08-16 19:56:11', 'desktop');
INSERT INTO streaming_history (user_id, song_id, played_at, device) VALUES (92, 1739, '2026-03-10 03:07:08', 'tablet');
INSERT INTO streaming_history (user_id, song_id, played_at, device) VALUES (239, 233, '2025-07-07 01:23:43', 'smart_tv');
INSERT INTO streaming_history (user_id, song_id, played_at, device) VALUES (246, 729, '2025-04-20 05:21:34', 'mobile');
INSERT INTO streaming_history (user_id, song_id, played_at, device) VALUES (149, 3026, '2025-11-03 07:39:05', 'tablet');
INSERT INTO streaming_history (user_id, song_id, played_at, device) VALUES (16, 1920, '2025-12-20 23:56:34', 'smart_tv');
INSERT INTO streaming_history (user_id, song_id, played_at, device) VALUES (121, 1544, '2025-05-22 05:52:16', 'tablet');
INSERT INTO streaming_history (user_id, song_id, played_at, device) VALUES (23, 2929, '2025-08-20 04:19:45', 'desktop');
INSERT INTO streaming_history (user_id, song_id, played_at, device) VALUES (239, 1514, '2025-09-22 23:55:52', 'smart_tv');
INSERT INTO streaming_history (user_id, song_id, played_at, device) VALUES (138, 4981, '2025-05-30 18:46:19', 'smart_tv');
INSERT INTO streaming_history (user_id, song_id, played_at, device) VALUES (123, 1076, '2025-04-21 13:17:48', 'mobile');
INSERT INTO streaming_history (user_id, song_id, played_at, device) VALUES (83, 4359, '2025-10-16 07:07:59', 'mobile');
INSERT INTO streaming_history (user_id, song_id, played_at, device) VALUES (123, 3068, '2025-12-01 15:37:59', 'mobile');
INSERT INTO streaming_history (user_id, song_id, played_at, device) VALUES (250, 2582, '2025-06-08 10:16:48', 'desktop');
INSERT INTO streaming_history (user_id, song_id, played_at, device) VALUES (109, 2708, '2025-11-11 13:42:51', 'mobile');
INSERT INTO streaming_history (user_id, song_id, played_at, device) VALUES (198, 3632, '2026-03-17 00:37:45', 'mobile');
INSERT INTO streaming_history (user_id, song_id, played_at, device) VALUES (173, 4590, '2025-06-16 17:21:03', 'tablet');
INSERT INTO streaming_history (user_id, song_id, played_at, device) VALUES (38, 2656, '2025-04-24 22:15:38', 'tablet');
INSERT INTO streaming_history (user_id, song_id, played_at, device) VALUES (194, 1356, '2025-06-01 08:02:40', 'mobile');
INSERT INTO streaming_history (user_id, song_id, played_at, device) VALUES (6, 5013, '2025-12-15 20:13:51', 'desktop');
INSERT INTO streaming_history (user_id, song_id, played_at, device) VALUES (101, 1776, '2025-11-16 09:33:25', 'desktop');
INSERT INTO streaming_history (user_id, song_id, played_at, device) VALUES (263, 2716, '2025-05-02 13:05:00', 'mobile');
INSERT INTO streaming_history (user_id, song_id, played_at, device) VALUES (258, 757, '2025-10-22 03:52:47', 'desktop');
INSERT INTO streaming_history (user_id, song_id, played_at, device) VALUES (42, 3760, '2026-02-07 21:24:45', 'smart_tv');
INSERT INTO streaming_history (user_id, song_id, played_at, device) VALUES (300, 1861, '2025-05-09 08:39:30', 'smart_tv');
INSERT INTO streaming_history (user_id, song_id, played_at, device) VALUES (57, 390, '2025-04-23 02:28:32', 'desktop');
INSERT INTO streaming_history (user_id, song_id, played_at, device) VALUES (118, 1537, '2026-02-16 04:09:46', 'mobile');
INSERT INTO streaming_history (user_id, song_id, played_at, device) VALUES (279, 5217, '2025-05-30 19:43:00', 'mobile');
INSERT INTO streaming_history (user_id, song_id, played_at, device) VALUES (48, 4411, '2025-09-06 16:21:01', 'smart_tv');
INSERT INTO streaming_history (user_id, song_id, played_at, device) VALUES (284, 52, '2025-11-14 12:12:22', 'smart_tv');
INSERT INTO streaming_history (user_id, song_id, played_at, device) VALUES (172, 2865, '2025-07-28 07:12:16', 'tablet');
INSERT INTO streaming_history (user_id, song_id, played_at, device) VALUES (104, 4189, '2025-06-28 09:09:39', 'mobile');
INSERT INTO streaming_history (user_id, song_id, played_at, device) VALUES (153, 4763, '2025-07-12 17:01:51', 'tablet');
INSERT INTO streaming_history (user_id, song_id, played_at, device) VALUES (285, 104, '2025-06-29 08:58:54', 'smart_tv');
INSERT INTO streaming_history (user_id, song_id, played_at, device) VALUES (120, 3494, '2025-10-26 22:12:00', 'mobile');
INSERT INTO streaming_history (user_id, song_id, played_at, device) VALUES (22, 1038, '2025-11-16 14:06:17', 'desktop');
INSERT INTO streaming_history (user_id, song_id, played_at, device) VALUES (146, 226, '2026-01-02 15:18:06', 'desktop');
INSERT INTO streaming_history (user_id, song_id, played_at, device) VALUES (215, 4632, '2025-10-01 13:07:23', 'smart_tv');
INSERT INTO streaming_history (user_id, song_id, played_at, device) VALUES (202, 821, '2025-11-12 04:30:40', 'desktop');
INSERT INTO streaming_history (user_id, song_id, played_at, device) VALUES (85, 4574, '2026-03-14 20:24:55', 'tablet');
INSERT INTO streaming_history (user_id, song_id, played_at, device) VALUES (11, 5087, '2025-08-19 10:41:11', 'tablet');
INSERT INTO streaming_history (user_id, song_id, played_at, device) VALUES (108, 2992, '2025-12-30 03:16:28', 'mobile');
INSERT INTO streaming_history (user_id, song_id, played_at, device) VALUES (171, 4077, '2025-07-11 03:14:45', 'smart_tv');
INSERT INTO streaming_history (user_id, song_id, played_at, device) VALUES (229, 5081, '2025-10-27 20:32:20', 'mobile');
INSERT INTO streaming_history (user_id, song_id, played_at, device) VALUES (23, 3528, '2025-04-14 14:57:51', 'tablet');
INSERT INTO streaming_history (user_id, song_id, played_at, device) VALUES (37, 5097, '2025-11-23 12:25:44', 'tablet');
INSERT INTO streaming_history (user_id, song_id, played_at, device) VALUES (291, 3512, '2025-08-22 16:28:26', 'desktop');
INSERT INTO streaming_history (user_id, song_id, played_at, device) VALUES (34, 3338, '2025-08-08 20:09:15', 'smart_tv');
INSERT INTO streaming_history (user_id, song_id, played_at, device) VALUES (212, 5275, '2026-02-08 04:05:11', 'mobile');
INSERT INTO streaming_history (user_id, song_id, played_at, device) VALUES (119, 2222, '2025-11-06 09:03:56', 'tablet');
INSERT INTO streaming_history (user_id, song_id, played_at, device) VALUES (15, 2799, '2026-02-02 12:15:39', 'tablet');
INSERT INTO streaming_history (user_id, song_id, played_at, device) VALUES (159, 2211, '2026-03-23 02:27:52', 'desktop');
INSERT INTO streaming_history (user_id, song_id, played_at, device) VALUES (155, 3353, '2025-05-07 15:32:50', 'smart_tv');
INSERT INTO streaming_history (user_id, song_id, played_at, device) VALUES (215, 2497, '2026-01-12 09:17:05', 'tablet');
INSERT INTO streaming_history (user_id, song_id, played_at, device) VALUES (276, 1660, '2025-09-27 23:02:34', 'mobile');
INSERT INTO streaming_history (user_id, song_id, played_at, device) VALUES (185, 1423, '2025-10-17 21:37:06', 'tablet');
INSERT INTO streaming_history (user_id, song_id, played_at, device) VALUES (207, 1303, '2026-02-08 07:20:52', 'mobile');
INSERT INTO streaming_history (user_id, song_id, played_at, device) VALUES (36, 2697, '2025-12-10 16:13:55', 'tablet');
INSERT INTO streaming_history (user_id, song_id, played_at, device) VALUES (189, 5709, '2025-06-28 17:53:13', 'desktop');
INSERT INTO streaming_history (user_id, song_id, played_at, device) VALUES (60, 2598, '2025-06-08 09:22:18', 'tablet');
INSERT INTO streaming_history (user_id, song_id, played_at, device) VALUES (277, 5588, '2025-12-31 07:13:29', 'mobile');
INSERT INTO streaming_history (user_id, song_id, played_at, device) VALUES (247, 2944, '2025-04-18 13:45:05', 'desktop');
INSERT INTO streaming_history (user_id, song_id, played_at, device) VALUES (90, 2635, '2025-12-12 10:28:58', 'mobile');
INSERT INTO streaming_history (user_id, song_id, played_at, device) VALUES (62, 5493, '2025-09-30 15:40:51', 'tablet');
INSERT INTO streaming_history (user_id, song_id, played_at, device) VALUES (277, 4712, '2025-08-02 01:50:40', 'desktop');
INSERT INTO streaming_history (user_id, song_id, played_at, device) VALUES (90, 2486, '2025-11-20 00:00:05', 'desktop');
INSERT INTO streaming_history (user_id, song_id, played_at, device) VALUES (140, 840, '2025-09-14 08:01:41', 'tablet');
INSERT INTO streaming_history (user_id, song_id, played_at, device) VALUES (296, 4441, '2025-07-19 01:58:29', 'mobile');
INSERT INTO streaming_history (user_id, song_id, played_at, device) VALUES (130, 4586, '2025-09-13 16:43:39', 'smart_tv');
INSERT INTO streaming_history (user_id, song_id, played_at, device) VALUES (95, 1762, '2025-10-06 11:16:27', 'smart_tv');
INSERT INTO streaming_history (user_id, song_id, played_at, device) VALUES (284, 4030, '2025-04-16 21:35:16', 'desktop');
INSERT INTO streaming_history (user_id, song_id, played_at, device) VALUES (239, 219, '2025-07-06 06:22:42', 'mobile');
INSERT INTO streaming_history (user_id, song_id, played_at, device) VALUES (127, 1197, '2026-01-09 03:57:34', 'desktop');
INSERT INTO streaming_history (user_id, song_id, played_at, device) VALUES (278, 1441, '2026-01-07 19:40:50', 'desktop');
INSERT INTO streaming_history (user_id, song_id, played_at, device) VALUES (171, 3834, '2025-12-29 08:56:55', 'desktop');
INSERT INTO streaming_history (user_id, song_id, played_at, device) VALUES (159, 3659, '2025-04-15 14:09:03', 'desktop');
INSERT INTO streaming_history (user_id, song_id, played_at, device) VALUES (47, 1745, '2025-09-03 13:14:30', 'tablet');
INSERT INTO streaming_history (user_id, song_id, played_at, device) VALUES (167, 4618, '2025-11-19 12:08:34', 'desktop');
INSERT INTO streaming_history (user_id, song_id, played_at, device) VALUES (300, 5792, '2025-06-05 17:57:10', 'mobile');
INSERT INTO streaming_history (user_id, song_id, played_at, device) VALUES (237, 1852, '2026-02-08 21:01:54', 'desktop');
INSERT INTO streaming_history (user_id, song_id, played_at, device) VALUES (233, 3361, '2025-08-17 14:38:45', 'smart_tv');
INSERT INTO streaming_history (user_id, song_id, played_at, device) VALUES (133, 3297, '2025-03-31 09:32:14', 'desktop');
INSERT INTO streaming_history (user_id, song_id, played_at, device) VALUES (70, 413, '2025-11-02 20:27:34', 'mobile');
INSERT INTO streaming_history (user_id, song_id, played_at, device) VALUES (224, 5762, '2025-05-25 15:42:07', 'mobile');
INSERT INTO streaming_history (user_id, song_id, played_at, device) VALUES (25, 4365, '2025-11-25 12:04:15', 'tablet');
INSERT INTO streaming_history (user_id, song_id, played_at, device) VALUES (285, 5606, '2025-08-03 08:51:30', 'smart_tv');
INSERT INTO streaming_history (user_id, song_id, played_at, device) VALUES (242, 2232, '2026-02-11 19:18:25', 'mobile');
INSERT INTO streaming_history (user_id, song_id, played_at, device) VALUES (214, 2440, '2025-08-26 11:55:55', 'smart_tv');
INSERT INTO streaming_history (user_id, song_id, played_at, device) VALUES (156, 3370, '2025-06-17 02:58:44', 'smart_tv');
INSERT INTO streaming_history (user_id, song_id, played_at, device) VALUES (69, 2051, '2025-08-13 10:22:20', 'tablet');
INSERT INTO streaming_history (user_id, song_id, played_at, device) VALUES (44, 3743, '2025-04-10 12:28:25', 'desktop');
INSERT INTO streaming_history (user_id, song_id, played_at, device) VALUES (3, 2312, '2025-04-01 06:05:25', 'smart_tv');
INSERT INTO streaming_history (user_id, song_id, played_at, device) VALUES (189, 2456, '2025-12-26 04:00:30', 'smart_tv');
INSERT INTO streaming_history (user_id, song_id, played_at, device) VALUES (192, 3726, '2025-08-12 02:04:32', 'mobile');
INSERT INTO streaming_history (user_id, song_id, played_at, device) VALUES (264, 4958, '2026-01-16 00:23:17', 'mobile');
INSERT INTO streaming_history (user_id, song_id, played_at, device) VALUES (280, 1100, '2026-02-14 14:14:17', 'desktop');
INSERT INTO streaming_history (user_id, song_id, played_at, device) VALUES (70, 1688, '2025-12-26 03:18:11', 'mobile');
INSERT INTO streaming_history (user_id, song_id, played_at, device) VALUES (284, 3256, '2025-06-25 20:18:43', 'desktop');
INSERT INTO streaming_history (user_id, song_id, played_at, device) VALUES (210, 4568, '2025-11-21 12:37:16', 'smart_tv');
INSERT INTO streaming_history (user_id, song_id, played_at, device) VALUES (234, 2605, '2025-10-02 15:05:28', 'tablet');
INSERT INTO streaming_history (user_id, song_id, played_at, device) VALUES (127, 4667, '2025-12-24 06:37:40', 'mobile');
INSERT INTO streaming_history (user_id, song_id, played_at, device) VALUES (72, 2199, '2025-07-16 23:22:26', 'smart_tv');
INSERT INTO streaming_history (user_id, song_id, played_at, device) VALUES (44, 3265, '2026-01-04 11:26:48', 'mobile');
INSERT INTO streaming_history (user_id, song_id, played_at, device) VALUES (151, 4412, '2026-01-17 05:14:33', 'smart_tv');
INSERT INTO streaming_history (user_id, song_id, played_at, device) VALUES (81, 672, '2025-04-24 20:25:38', 'desktop');
INSERT INTO streaming_history (user_id, song_id, played_at, device) VALUES (91, 3250, '2026-03-22 07:58:01', 'smart_tv');
INSERT INTO streaming_history (user_id, song_id, played_at, device) VALUES (5, 1593, '2025-07-23 14:56:17', 'tablet');
INSERT INTO streaming_history (user_id, song_id, played_at, device) VALUES (193, 3715, '2025-07-03 23:12:00', 'desktop');
INSERT INTO streaming_history (user_id, song_id, played_at, device) VALUES (246, 5346, '2025-11-18 15:49:31', 'mobile');
INSERT INTO streaming_history (user_id, song_id, played_at, device) VALUES (215, 4451, '2025-09-07 21:56:38', 'desktop');
INSERT INTO streaming_history (user_id, song_id, played_at, device) VALUES (196, 2703, '2025-04-27 08:26:28', 'smart_tv');
INSERT INTO streaming_history (user_id, song_id, played_at, device) VALUES (33, 2095, '2025-04-24 16:20:45', 'mobile');
INSERT INTO streaming_history (user_id, song_id, played_at, device) VALUES (211, 584, '2025-12-28 11:04:01', 'mobile');
INSERT INTO streaming_history (user_id, song_id, played_at, device) VALUES (49, 1588, '2025-12-27 05:58:39', 'tablet');
INSERT INTO streaming_history (user_id, song_id, played_at, device) VALUES (163, 1345, '2025-09-06 01:12:41', 'mobile');
INSERT INTO streaming_history (user_id, song_id, played_at, device) VALUES (93, 2255, '2025-08-30 17:53:23', 'desktop');
INSERT INTO streaming_history (user_id, song_id, played_at, device) VALUES (169, 648, '2025-04-21 09:09:58', 'smart_tv');
INSERT INTO streaming_history (user_id, song_id, played_at, device) VALUES (218, 4600, '2025-05-17 19:08:28', 'mobile');
INSERT INTO streaming_history (user_id, song_id, played_at, device) VALUES (163, 3250, '2026-03-15 12:55:50', 'mobile');
INSERT INTO streaming_history (user_id, song_id, played_at, device) VALUES (31, 5217, '2025-09-05 01:04:30', 'tablet');
INSERT INTO streaming_history (user_id, song_id, played_at, device) VALUES (265, 4937, '2025-07-17 11:37:10', 'smart_tv');
INSERT INTO streaming_history (user_id, song_id, played_at, device) VALUES (171, 5080, '2026-02-18 12:43:31', 'tablet');
INSERT INTO streaming_history (user_id, song_id, played_at, device) VALUES (135, 1948, '2025-10-18 16:44:07', 'desktop');
INSERT INTO streaming_history (user_id, song_id, played_at, device) VALUES (202, 4306, '2025-05-31 12:26:30', 'mobile');
INSERT INTO streaming_history (user_id, song_id, played_at, device) VALUES (94, 4733, '2026-02-23 16:28:56', 'mobile');
INSERT INTO streaming_history (user_id, song_id, played_at, device) VALUES (47, 3349, '2025-11-05 12:04:43', 'desktop');
INSERT INTO streaming_history (user_id, song_id, played_at, device) VALUES (300, 5422, '2025-12-11 08:53:42', 'tablet');
INSERT INTO streaming_history (user_id, song_id, played_at, device) VALUES (218, 2421, '2025-06-27 05:39:44', 'tablet');
INSERT INTO streaming_history (user_id, song_id, played_at, device) VALUES (297, 3016, '2025-06-01 05:40:42', 'desktop');
INSERT INTO streaming_history (user_id, song_id, played_at, device) VALUES (193, 3196, '2025-11-18 07:32:01', 'desktop');
INSERT INTO streaming_history (user_id, song_id, played_at, device) VALUES (254, 2520, '2025-05-29 01:23:41', 'mobile');
INSERT INTO streaming_history (user_id, song_id, played_at, device) VALUES (175, 1325, '2025-09-13 20:41:42', 'smart_tv');
INSERT INTO streaming_history (user_id, song_id, played_at, device) VALUES (171, 512, '2026-01-01 23:38:27', 'mobile');
INSERT INTO streaming_history (user_id, song_id, played_at, device) VALUES (48, 3723, '2026-03-06 04:42:16', 'smart_tv');
INSERT INTO streaming_history (user_id, song_id, played_at, device) VALUES (176, 735, '2025-05-15 18:43:17', 'smart_tv');
INSERT INTO streaming_history (user_id, song_id, played_at, device) VALUES (81, 5346, '2026-02-11 18:57:06', 'mobile');
INSERT INTO streaming_history (user_id, song_id, played_at, device) VALUES (154, 2158, '2025-07-29 18:27:59', 'mobile');
INSERT INTO streaming_history (user_id, song_id, played_at, device) VALUES (176, 602, '2026-02-05 16:50:57', 'smart_tv');
INSERT INTO streaming_history (user_id, song_id, played_at, device) VALUES (89, 2206, '2025-07-16 19:37:22', 'tablet');
INSERT INTO streaming_history (user_id, song_id, played_at, device) VALUES (81, 4651, '2025-11-05 03:56:57', 'desktop');
INSERT INTO streaming_history (user_id, song_id, played_at, device) VALUES (197, 4075, '2025-06-10 10:18:13', 'mobile');
INSERT INTO streaming_history (user_id, song_id, played_at, device) VALUES (265, 3081, '2025-08-17 17:32:13', 'tablet');
INSERT INTO streaming_history (user_id, song_id, played_at, device) VALUES (254, 239, '2026-02-19 09:02:06', 'mobile');
INSERT INTO streaming_history (user_id, song_id, played_at, device) VALUES (32, 2591, '2026-01-25 02:36:05', 'mobile');
INSERT INTO streaming_history (user_id, song_id, played_at, device) VALUES (238, 773, '2025-07-11 18:34:55', 'mobile');
INSERT INTO streaming_history (user_id, song_id, played_at, device) VALUES (46, 4077, '2025-07-27 15:30:32', 'desktop');
INSERT INTO streaming_history (user_id, song_id, played_at, device) VALUES (112, 5147, '2025-10-23 11:09:44', 'smart_tv');
INSERT INTO streaming_history (user_id, song_id, played_at, device) VALUES (264, 2286, '2025-05-07 00:59:45', 'desktop');
INSERT INTO streaming_history (user_id, song_id, played_at, device) VALUES (233, 4220, '2025-07-09 10:23:05', 'desktop');
INSERT INTO streaming_history (user_id, song_id, played_at, device) VALUES (274, 450, '2025-12-31 17:32:13', 'smart_tv');
INSERT INTO streaming_history (user_id, song_id, played_at, device) VALUES (29, 5802, '2025-03-29 13:19:03', 'smart_tv');
INSERT INTO streaming_history (user_id, song_id, played_at, device) VALUES (205, 4892, '2025-04-09 19:57:36', 'mobile');
INSERT INTO streaming_history (user_id, song_id, played_at, device) VALUES (240, 1656, '2025-12-12 11:37:29', 'tablet');
INSERT INTO streaming_history (user_id, song_id, played_at, device) VALUES (275, 4018, '2026-02-12 00:00:56', 'tablet');
INSERT INTO streaming_history (user_id, song_id, played_at, device) VALUES (163, 1626, '2025-07-10 22:49:26', 'mobile');
INSERT INTO streaming_history (user_id, song_id, played_at, device) VALUES (56, 4719, '2026-01-07 10:17:17', 'smart_tv');
INSERT INTO streaming_history (user_id, song_id, played_at, device) VALUES (244, 2673, '2025-05-26 20:47:45', 'tablet');
INSERT INTO streaming_history (user_id, song_id, played_at, device) VALUES (145, 4231, '2025-07-09 02:58:45', 'tablet');
INSERT INTO streaming_history (user_id, song_id, played_at, device) VALUES (45, 4000, '2026-02-02 10:17:20', 'mobile');
INSERT INTO streaming_history (user_id, song_id, played_at, device) VALUES (165, 916, '2026-03-11 07:23:11', 'smart_tv');
INSERT INTO streaming_history (user_id, song_id, played_at, device) VALUES (157, 5855, '2025-07-05 14:00:40', 'mobile');
INSERT INTO streaming_history (user_id, song_id, played_at, device) VALUES (194, 4074, '2025-06-15 20:20:11', 'mobile');
INSERT INTO streaming_history (user_id, song_id, played_at, device) VALUES (263, 5749, '2025-05-12 10:10:37', 'desktop');
INSERT INTO streaming_history (user_id, song_id, played_at, device) VALUES (85, 4133, '2025-12-18 06:38:23', 'smart_tv');
INSERT INTO streaming_history (user_id, song_id, played_at, device) VALUES (97, 2942, '2025-08-12 12:53:51', 'smart_tv');
INSERT INTO streaming_history (user_id, song_id, played_at, device) VALUES (103, 608, '2025-08-16 00:34:33', 'desktop');
INSERT INTO streaming_history (user_id, song_id, played_at, device) VALUES (31, 1484, '2025-10-29 10:05:33', 'tablet');
INSERT INTO streaming_history (user_id, song_id, played_at, device) VALUES (47, 4668, '2025-06-21 12:32:21', 'smart_tv');
INSERT INTO streaming_history (user_id, song_id, played_at, device) VALUES (200, 1479, '2025-10-04 05:27:24', 'smart_tv');
INSERT INTO streaming_history (user_id, song_id, played_at, device) VALUES (9, 724, '2025-04-05 19:12:10', 'tablet');
INSERT INTO streaming_history (user_id, song_id, played_at, device) VALUES (139, 2300, '2025-04-12 23:37:13', 'smart_tv');
INSERT INTO streaming_history (user_id, song_id, played_at, device) VALUES (169, 4284, '2025-11-10 01:12:57', 'smart_tv');
INSERT INTO streaming_history (user_id, song_id, played_at, device) VALUES (161, 5275, '2025-07-11 03:50:03', 'tablet');
INSERT INTO streaming_history (user_id, song_id, played_at, device) VALUES (145, 3606, '2026-01-29 18:11:48', 'mobile');
INSERT INTO streaming_history (user_id, song_id, played_at, device) VALUES (208, 4517, '2025-10-30 07:17:17', 'tablet');
INSERT INTO streaming_history (user_id, song_id, played_at, device) VALUES (54, 950, '2026-02-21 23:42:55', 'tablet');
INSERT INTO streaming_history (user_id, song_id, played_at, device) VALUES (3, 2304, '2025-05-03 05:14:10', 'mobile');
INSERT INTO streaming_history (user_id, song_id, played_at, device) VALUES (239, 5120, '2025-04-14 19:54:22', 'mobile');
INSERT INTO streaming_history (user_id, song_id, played_at, device) VALUES (115, 5706, '2025-10-08 23:37:30', 'tablet');
INSERT INTO streaming_history (user_id, song_id, played_at, device) VALUES (149, 5635, '2025-10-23 12:27:55', 'desktop');
INSERT INTO streaming_history (user_id, song_id, played_at, device) VALUES (36, 3293, '2025-11-09 00:55:15', 'smart_tv');
INSERT INTO streaming_history (user_id, song_id, played_at, device) VALUES (75, 4263, '2025-11-27 08:10:04', 'desktop');
INSERT INTO streaming_history (user_id, song_id, played_at, device) VALUES (44, 3792, '2026-01-22 13:59:29', 'desktop');
INSERT INTO streaming_history (user_id, song_id, played_at, device) VALUES (169, 2673, '2025-12-24 23:38:23', 'mobile');
INSERT INTO streaming_history (user_id, song_id, played_at, device) VALUES (275, 531, '2026-03-12 19:26:20', 'mobile');
INSERT INTO streaming_history (user_id, song_id, played_at, device) VALUES (110, 4816, '2025-10-27 05:38:41', 'tablet');
INSERT INTO streaming_history (user_id, song_id, played_at, device) VALUES (244, 1808, '2025-04-14 10:38:29', 'mobile');
INSERT INTO streaming_history (user_id, song_id, played_at, device) VALUES (267, 4947, '2025-09-13 23:15:19', 'desktop');
INSERT INTO streaming_history (user_id, song_id, played_at, device) VALUES (298, 1119, '2025-04-04 08:26:50', 'tablet');
INSERT INTO streaming_history (user_id, song_id, played_at, device) VALUES (41, 1551, '2026-02-11 09:09:56', 'mobile');
INSERT INTO streaming_history (user_id, song_id, played_at, device) VALUES (50, 380, '2025-09-03 02:31:34', 'smart_tv');
INSERT INTO streaming_history (user_id, song_id, played_at, device) VALUES (27, 5615, '2026-02-08 01:30:17', 'tablet');
INSERT INTO streaming_history (user_id, song_id, played_at, device) VALUES (236, 1186, '2025-07-19 14:31:04', 'mobile');
INSERT INTO streaming_history (user_id, song_id, played_at, device) VALUES (95, 3894, '2025-04-15 16:03:33', 'mobile');
INSERT INTO streaming_history (user_id, song_id, played_at, device) VALUES (26, 2968, '2025-04-16 02:06:00', 'tablet');
INSERT INTO streaming_history (user_id, song_id, played_at, device) VALUES (71, 1960, '2026-02-12 20:42:47', 'smart_tv');
INSERT INTO streaming_history (user_id, song_id, played_at, device) VALUES (184, 738, '2026-01-06 20:29:02', 'smart_tv');
INSERT INTO streaming_history (user_id, song_id, played_at, device) VALUES (92, 3953, '2025-04-12 14:27:57', 'mobile');
INSERT INTO streaming_history (user_id, song_id, played_at, device) VALUES (193, 223, '2025-07-31 14:40:50', 'tablet');
INSERT INTO streaming_history (user_id, song_id, played_at, device) VALUES (274, 5598, '2026-03-09 05:24:30', 'smart_tv');
INSERT INTO streaming_history (user_id, song_id, played_at, device) VALUES (247, 4116, '2025-06-30 05:09:15', 'mobile');
INSERT INTO streaming_history (user_id, song_id, played_at, device) VALUES (243, 5732, '2026-02-12 06:50:17', 'smart_tv');
INSERT INTO streaming_history (user_id, song_id, played_at, device) VALUES (52, 3342, '2025-04-14 22:59:20', 'mobile');
INSERT INTO streaming_history (user_id, song_id, played_at, device) VALUES (292, 3888, '2025-10-06 21:34:27', 'tablet');
INSERT INTO streaming_history (user_id, song_id, played_at, device) VALUES (91, 3460, '2026-02-20 16:19:12', 'mobile');
INSERT INTO streaming_history (user_id, song_id, played_at, device) VALUES (128, 4828, '2025-07-06 00:13:08', 'tablet');
INSERT INTO streaming_history (user_id, song_id, played_at, device) VALUES (4, 1907, '2025-11-13 06:05:02', 'tablet');
INSERT INTO streaming_history (user_id, song_id, played_at, device) VALUES (277, 3547, '2025-06-14 20:35:09', 'desktop');
INSERT INTO streaming_history (user_id, song_id, played_at, device) VALUES (237, 944, '2025-12-16 00:23:58', 'tablet');
INSERT INTO streaming_history (user_id, song_id, played_at, device) VALUES (191, 5045, '2025-07-18 15:40:22', 'smart_tv');
INSERT INTO streaming_history (user_id, song_id, played_at, device) VALUES (202, 4065, '2025-12-16 08:37:18', 'desktop');
INSERT INTO streaming_history (user_id, song_id, played_at, device) VALUES (229, 3483, '2025-05-07 10:39:17', 'mobile');
INSERT INTO streaming_history (user_id, song_id, played_at, device) VALUES (296, 217, '2025-07-28 21:02:10', 'tablet');
INSERT INTO streaming_history (user_id, song_id, played_at, device) VALUES (94, 5253, '2026-03-18 06:55:27', 'mobile');
INSERT INTO streaming_history (user_id, song_id, played_at, device) VALUES (41, 5027, '2025-09-13 15:36:48', 'mobile');
INSERT INTO streaming_history (user_id, song_id, played_at, device) VALUES (135, 490, '2025-09-16 00:41:52', 'tablet');
INSERT INTO streaming_history (user_id, song_id, played_at, device) VALUES (80, 4232, '2025-09-27 11:19:09', 'desktop');
INSERT INTO streaming_history (user_id, song_id, played_at, device) VALUES (43, 5157, '2025-08-08 10:31:33', 'smart_tv');
INSERT INTO streaming_history (user_id, song_id, played_at, device) VALUES (283, 5691, '2026-01-13 17:13:56', 'tablet');
INSERT INTO streaming_history (user_id, song_id, played_at, device) VALUES (238, 4268, '2026-01-05 09:26:40', 'tablet');
INSERT INTO streaming_history (user_id, song_id, played_at, device) VALUES (242, 155, '2025-07-30 21:37:10', 'smart_tv');
INSERT INTO streaming_history (user_id, song_id, played_at, device) VALUES (222, 4287, '2025-08-21 12:19:28', 'tablet');
INSERT INTO streaming_history (user_id, song_id, played_at, device) VALUES (112, 3259, '2026-02-02 16:17:51', 'tablet');
INSERT INTO streaming_history (user_id, song_id, played_at, device) VALUES (201, 2767, '2026-02-20 05:01:27', 'smart_tv');
INSERT INTO streaming_history (user_id, song_id, played_at, device) VALUES (165, 3906, '2025-05-02 13:40:03', 'tablet');
INSERT INTO streaming_history (user_id, song_id, played_at, device) VALUES (231, 1713, '2025-09-05 15:42:36', 'tablet');
INSERT INTO streaming_history (user_id, song_id, played_at, device) VALUES (103, 4708, '2025-10-01 19:04:50', 'desktop');
INSERT INTO streaming_history (user_id, song_id, played_at, device) VALUES (284, 1518, '2025-07-11 09:49:47', 'desktop');
INSERT INTO streaming_history (user_id, song_id, played_at, device) VALUES (39, 3332, '2026-02-20 03:13:50', 'desktop');
INSERT INTO streaming_history (user_id, song_id, played_at, device) VALUES (186, 1201, '2025-07-30 02:17:44', 'tablet');
INSERT INTO streaming_history (user_id, song_id, played_at, device) VALUES (9, 1515, '2025-06-02 23:59:17', 'smart_tv');
INSERT INTO streaming_history (user_id, song_id, played_at, device) VALUES (91, 3451, '2026-01-02 15:39:29', 'desktop');
INSERT INTO streaming_history (user_id, song_id, played_at, device) VALUES (101, 5187, '2025-10-04 01:41:08', 'tablet');
INSERT INTO streaming_history (user_id, song_id, played_at, device) VALUES (174, 2430, '2025-12-12 15:47:04', 'smart_tv');
INSERT INTO streaming_history (user_id, song_id, played_at, device) VALUES (140, 361, '2026-01-18 17:15:57', 'tablet');
INSERT INTO streaming_history (user_id, song_id, played_at, device) VALUES (35, 5768, '2025-06-16 21:54:51', 'tablet');
INSERT INTO streaming_history (user_id, song_id, played_at, device) VALUES (108, 1607, '2025-11-11 05:09:02', 'mobile');
INSERT INTO streaming_history (user_id, song_id, played_at, device) VALUES (278, 3974, '2025-06-23 09:22:53', 'smart_tv');
INSERT INTO streaming_history (user_id, song_id, played_at, device) VALUES (44, 1099, '2025-04-09 13:11:54', 'desktop');
INSERT INTO streaming_history (user_id, song_id, played_at, device) VALUES (66, 5403, '2025-12-24 16:35:32', 'tablet');
INSERT INTO streaming_history (user_id, song_id, played_at, device) VALUES (137, 2687, '2026-01-08 23:34:00', 'mobile');
INSERT INTO streaming_history (user_id, song_id, played_at, device) VALUES (110, 2546, '2025-11-06 12:16:42', 'smart_tv');
INSERT INTO streaming_history (user_id, song_id, played_at, device) VALUES (232, 1326, '2025-05-16 18:18:26', 'desktop');
INSERT INTO streaming_history (user_id, song_id, played_at, device) VALUES (142, 1070, '2025-05-27 16:49:30', 'tablet');
INSERT INTO streaming_history (user_id, song_id, played_at, device) VALUES (119, 3289, '2026-01-08 14:50:22', 'desktop');
INSERT INTO streaming_history (user_id, song_id, played_at, device) VALUES (202, 138, '2025-09-04 20:10:57', 'smart_tv');
INSERT INTO streaming_history (user_id, song_id, played_at, device) VALUES (143, 737, '2025-12-09 09:38:12', 'tablet');
INSERT INTO streaming_history (user_id, song_id, played_at, device) VALUES (27, 695, '2025-07-23 18:31:48', 'desktop');
INSERT INTO streaming_history (user_id, song_id, played_at, device) VALUES (89, 2091, '2025-08-24 08:01:05', 'mobile');
INSERT INTO streaming_history (user_id, song_id, played_at, device) VALUES (278, 5136, '2025-09-12 23:46:30', 'desktop');
INSERT INTO streaming_history (user_id, song_id, played_at, device) VALUES (289, 5550, '2025-10-18 09:33:20', 'desktop');
INSERT INTO streaming_history (user_id, song_id, played_at, device) VALUES (110, 1740, '2026-02-23 02:46:14', 'smart_tv');
INSERT INTO streaming_history (user_id, song_id, played_at, device) VALUES (254, 1674, '2026-01-27 06:02:50', 'desktop');
INSERT INTO streaming_history (user_id, song_id, played_at, device) VALUES (96, 1871, '2025-06-15 21:16:32', 'smart_tv');
INSERT INTO streaming_history (user_id, song_id, played_at, device) VALUES (163, 1754, '2026-01-07 03:30:51', 'tablet');
INSERT INTO streaming_history (user_id, song_id, played_at, device) VALUES (243, 3743, '2025-08-20 12:08:39', 'desktop');
INSERT INTO streaming_history (user_id, song_id, played_at, device) VALUES (193, 1232, '2025-12-25 05:05:04', 'mobile');
INSERT INTO streaming_history (user_id, song_id, played_at, device) VALUES (163, 2008, '2025-05-03 20:34:57', 'mobile');
INSERT INTO streaming_history (user_id, song_id, played_at, device) VALUES (300, 2585, '2025-12-30 06:14:07', 'mobile');
INSERT INTO streaming_history (user_id, song_id, played_at, device) VALUES (152, 1694, '2025-04-19 12:58:50', 'mobile');
INSERT INTO streaming_history (user_id, song_id, played_at, device) VALUES (137, 4748, '2026-02-02 19:08:29', 'desktop');
INSERT INTO streaming_history (user_id, song_id, played_at, device) VALUES (62, 2376, '2025-04-30 16:28:40', 'tablet');
INSERT INTO streaming_history (user_id, song_id, played_at, device) VALUES (209, 2846, '2025-12-03 02:08:12', 'tablet');
INSERT INTO streaming_history (user_id, song_id, played_at, device) VALUES (196, 2664, '2025-12-30 19:01:07', 'desktop');
INSERT INTO streaming_history (user_id, song_id, played_at, device) VALUES (89, 1238, '2026-01-25 12:21:12', 'desktop');
INSERT INTO streaming_history (user_id, song_id, played_at, device) VALUES (98, 3675, '2025-10-11 21:30:26', 'smart_tv');
INSERT INTO streaming_history (user_id, song_id, played_at, device) VALUES (223, 2688, '2025-05-14 16:40:35', 'tablet');
INSERT INTO streaming_history (user_id, song_id, played_at, device) VALUES (87, 822, '2026-02-27 21:39:56', 'desktop');
INSERT INTO streaming_history (user_id, song_id, played_at, device) VALUES (70, 3312, '2025-07-10 22:37:30', 'smart_tv');
INSERT INTO streaming_history (user_id, song_id, played_at, device) VALUES (140, 1609, '2025-07-13 18:04:07', 'desktop');
INSERT INTO streaming_history (user_id, song_id, played_at, device) VALUES (276, 1420, '2025-08-21 02:46:55', 'mobile');
INSERT INTO streaming_history (user_id, song_id, played_at, device) VALUES (252, 4447, '2026-01-20 10:54:21', 'smart_tv');
INSERT INTO streaming_history (user_id, song_id, played_at, device) VALUES (100, 3352, '2025-11-03 23:22:08', 'tablet');
INSERT INTO streaming_history (user_id, song_id, played_at, device) VALUES (71, 3437, '2025-07-23 23:06:01', 'smart_tv');
INSERT INTO streaming_history (user_id, song_id, played_at, device) VALUES (100, 5896, '2025-05-19 02:47:39', 'tablet');
INSERT INTO streaming_history (user_id, song_id, played_at, device) VALUES (258, 3937, '2025-05-19 18:12:36', 'tablet');
INSERT INTO streaming_history (user_id, song_id, played_at, device) VALUES (175, 5369, '2025-07-23 19:49:07', 'tablet');
INSERT INTO streaming_history (user_id, song_id, played_at, device) VALUES (84, 824, '2025-12-15 06:25:05', 'tablet');
INSERT INTO streaming_history (user_id, song_id, played_at, device) VALUES (225, 2181, '2026-03-04 21:31:07', 'mobile');
INSERT INTO streaming_history (user_id, song_id, played_at, device) VALUES (228, 4162, '2025-07-27 05:44:04', 'tablet');
INSERT INTO streaming_history (user_id, song_id, played_at, device) VALUES (120, 465, '2025-12-16 11:35:26', 'desktop');
INSERT INTO streaming_history (user_id, song_id, played_at, device) VALUES (138, 3465, '2025-09-06 04:27:20', 'smart_tv');
INSERT INTO streaming_history (user_id, song_id, played_at, device) VALUES (50, 1442, '2025-08-10 12:37:34', 'mobile');
INSERT INTO streaming_history (user_id, song_id, played_at, device) VALUES (127, 2992, '2025-05-28 16:06:06', 'desktop');
INSERT INTO streaming_history (user_id, song_id, played_at, device) VALUES (7, 499, '2025-05-29 11:21:33', 'mobile');
INSERT INTO streaming_history (user_id, song_id, played_at, device) VALUES (12, 1875, '2025-10-01 05:00:40', 'desktop');
INSERT INTO streaming_history (user_id, song_id, played_at, device) VALUES (188, 1186, '2025-07-30 04:14:44', 'mobile');
INSERT INTO streaming_history (user_id, song_id, played_at, device) VALUES (135, 4661, '2026-01-04 23:12:33', 'smart_tv');
INSERT INTO streaming_history (user_id, song_id, played_at, device) VALUES (157, 3815, '2025-11-03 18:55:48', 'mobile');
INSERT INTO streaming_history (user_id, song_id, played_at, device) VALUES (91, 1241, '2026-02-04 09:45:43', 'smart_tv');
INSERT INTO streaming_history (user_id, song_id, played_at, device) VALUES (155, 4651, '2026-01-19 22:00:12', 'tablet');
INSERT INTO streaming_history (user_id, song_id, played_at, device) VALUES (179, 5487, '2025-11-11 02:12:10', 'desktop');
INSERT INTO streaming_history (user_id, song_id, played_at, device) VALUES (21, 2605, '2026-01-09 05:03:22', 'desktop');
INSERT INTO streaming_history (user_id, song_id, played_at, device) VALUES (74, 4194, '2025-11-29 17:56:18', 'smart_tv');
INSERT INTO streaming_history (user_id, song_id, played_at, device) VALUES (91, 3413, '2025-05-17 23:31:33', 'mobile');
INSERT INTO streaming_history (user_id, song_id, played_at, device) VALUES (277, 318, '2025-12-01 09:01:38', 'tablet');
INSERT INTO streaming_history (user_id, song_id, played_at, device) VALUES (170, 420, '2025-10-19 14:12:47', 'mobile');
INSERT INTO streaming_history (user_id, song_id, played_at, device) VALUES (225, 1981, '2025-06-29 19:59:23', 'smart_tv');
INSERT INTO streaming_history (user_id, song_id, played_at, device) VALUES (34, 5452, '2025-11-01 05:23:31', 'desktop');
INSERT INTO streaming_history (user_id, song_id, played_at, device) VALUES (95, 4007, '2025-06-15 23:14:15', 'tablet');
INSERT INTO streaming_history (user_id, song_id, played_at, device) VALUES (286, 5604, '2026-01-05 15:24:55', 'mobile');
INSERT INTO streaming_history (user_id, song_id, played_at, device) VALUES (19, 2739, '2026-01-10 02:46:46', 'desktop');
INSERT INTO streaming_history (user_id, song_id, played_at, device) VALUES (29, 1423, '2025-04-10 22:09:49', 'desktop');
INSERT INTO streaming_history (user_id, song_id, played_at, device) VALUES (282, 1167, '2025-08-19 00:29:33', 'tablet');
INSERT INTO streaming_history (user_id, song_id, played_at, device) VALUES (153, 1744, '2025-03-30 06:21:31', 'smart_tv');
INSERT INTO streaming_history (user_id, song_id, played_at, device) VALUES (158, 4308, '2025-12-25 18:06:30', 'desktop');
INSERT INTO streaming_history (user_id, song_id, played_at, device) VALUES (80, 2161, '2025-08-22 14:57:32', 'mobile');
INSERT INTO streaming_history (user_id, song_id, played_at, device) VALUES (35, 1485, '2025-10-30 11:05:23', 'mobile');
INSERT INTO streaming_history (user_id, song_id, played_at, device) VALUES (164, 4051, '2025-05-05 14:58:25', 'smart_tv');
INSERT INTO streaming_history (user_id, song_id, played_at, device) VALUES (4, 1466, '2026-02-27 19:06:43', 'smart_tv');
INSERT INTO streaming_history (user_id, song_id, played_at, device) VALUES (267, 5480, '2026-03-12 13:19:39', 'desktop');
