-- Automated Data Generation for Music Schema
SET client_encoding = 'UTF8';

-- INSERT USERS
INSERT INTO users (user_id, name, email, plan, created_at) VALUES (1, 'Alexis Long', 'leelori@example.com', 'free', NOW());
INSERT INTO users (user_id, name, email, plan, created_at) VALUES (2, 'Teresa Oconnor', 'tammy93@example.com', 'free', NOW());
INSERT INTO users (user_id, name, email, plan, created_at) VALUES (3, 'Christy Christian', 'millersuzanne@example.com', 'enterprise', NOW());
INSERT INTO users (user_id, name, email, plan, created_at) VALUES (4, 'Max Conley', 'jason47@example.com', 'premium', NOW());
INSERT INTO users (user_id, name, email, plan, created_at) VALUES (5, 'Mary Stafford', 'victoria24@example.com', 'enterprise', NOW());
INSERT INTO users (user_id, name, email, plan, created_at) VALUES (6, 'Nicole Adams', 'uharrison@example.net', 'premium', NOW());
INSERT INTO users (user_id, name, email, plan, created_at) VALUES (7, 'John Baker', 'molly17@example.org', 'premium', NOW());
INSERT INTO users (user_id, name, email, plan, created_at) VALUES (8, 'Hunter Jensen PhD', 'bradleyhawkins@example.org', 'premium', NOW());
INSERT INTO users (user_id, name, email, plan, created_at) VALUES (9, 'Stephanie Montgomery', 'mckaydonald@example.net', 'premium', NOW());
INSERT INTO users (user_id, name, email, plan, created_at) VALUES (10, 'Travis Hernandez', 'flynnhaley@example.net', 'enterprise', NOW());
INSERT INTO users (user_id, name, email, plan, created_at) VALUES (11, 'Amy Parker', 'nicolesims@example.com', 'premium', NOW());
INSERT INTO users (user_id, name, email, plan, created_at) VALUES (12, 'Jessica Smith', 'aryan@example.net', 'free', NOW());
INSERT INTO users (user_id, name, email, plan, created_at) VALUES (13, 'Tanya Clark', 'ericksonsamuel@example.com', 'enterprise', NOW());
INSERT INTO users (user_id, name, email, plan, created_at) VALUES (14, 'Richard Taylor', 'stephaniepark@example.com', 'premium', NOW());
INSERT INTO users (user_id, name, email, plan, created_at) VALUES (15, 'James Villarreal', 'kyle49@example.net', 'free', NOW());
INSERT INTO users (user_id, name, email, plan, created_at) VALUES (16, 'Michele Nichols', 'john52@example.org', 'free', NOW());
INSERT INTO users (user_id, name, email, plan, created_at) VALUES (17, 'Veronica Fritz', 'xkelly@example.org', 'free', NOW());
INSERT INTO users (user_id, name, email, plan, created_at) VALUES (18, 'Kara Meyer', 'dpatterson@example.org', 'enterprise', NOW());
INSERT INTO users (user_id, name, email, plan, created_at) VALUES (19, 'Brooke Jones', 'kathy10@example.com', 'enterprise', NOW());
INSERT INTO users (user_id, name, email, plan, created_at) VALUES (20, 'Heather Tanner', 'jeremymartinez@example.com', 'free', NOW());
INSERT INTO users (user_id, name, email, plan, created_at) VALUES (21, 'Jeanette Jones', 'aprilmorales@example.org', 'free', NOW());
INSERT INTO users (user_id, name, email, plan, created_at) VALUES (22, 'Christopher Terrell', 'michealmiller@example.com', 'enterprise', NOW());
INSERT INTO users (user_id, name, email, plan, created_at) VALUES (23, 'Matthew Fernandez', 'sarah52@example.net', 'premium', NOW());
INSERT INTO users (user_id, name, email, plan, created_at) VALUES (24, 'Deborah Miranda', 'rileylinda@example.org', 'enterprise', NOW());
INSERT INTO users (user_id, name, email, plan, created_at) VALUES (25, 'Mrs. Nichole Baker', 'kimberly20@example.com', 'free', NOW());
INSERT INTO users (user_id, name, email, plan, created_at) VALUES (26, 'Jonathan Garcia', 'lpeters@example.net', 'free', NOW());
INSERT INTO users (user_id, name, email, plan, created_at) VALUES (27, 'Leslie Mcfarland', 'nkemp@example.org', 'free', NOW());
INSERT INTO users (user_id, name, email, plan, created_at) VALUES (28, 'Nancy Dorsey', 'patrick95@example.net', 'premium', NOW());
INSERT INTO users (user_id, name, email, plan, created_at) VALUES (29, 'Travis Reese', 'jason92@example.org', 'free', NOW());
INSERT INTO users (user_id, name, email, plan, created_at) VALUES (30, 'Mrs. Cynthia Prince', 'whitejeremy@example.net', 'enterprise', NOW());
INSERT INTO users (user_id, name, email, plan, created_at) VALUES (31, 'Anthony Walters', 'kimberlygomez@example.net', 'premium', NOW());
INSERT INTO users (user_id, name, email, plan, created_at) VALUES (32, 'Emily Daniel', 'brianaharris@example.com', 'enterprise', NOW());
INSERT INTO users (user_id, name, email, plan, created_at) VALUES (33, 'Linda Lee', 'ellisjoseph@example.org', 'free', NOW());
INSERT INTO users (user_id, name, email, plan, created_at) VALUES (34, 'Angela Haynes', 'sbrown@example.net', 'premium', NOW());
INSERT INTO users (user_id, name, email, plan, created_at) VALUES (35, 'Dr. Amber Wilson MD', 'carolyn85@example.org', 'premium', NOW());
INSERT INTO users (user_id, name, email, plan, created_at) VALUES (36, 'Gabriel Williams', 'flam@example.com', 'premium', NOW());
INSERT INTO users (user_id, name, email, plan, created_at) VALUES (37, 'David Keith', 'jarvispaul@example.org', 'enterprise', NOW());
INSERT INTO users (user_id, name, email, plan, created_at) VALUES (38, 'Nicholas Brown', 'kristen44@example.com', 'premium', NOW());
INSERT INTO users (user_id, name, email, plan, created_at) VALUES (39, 'Gregory Perry', 'paulperry@example.org', 'enterprise', NOW());
INSERT INTO users (user_id, name, email, plan, created_at) VALUES (40, 'Jessica Bush', 'sabrinaboyd@example.net', 'free', NOW());
INSERT INTO users (user_id, name, email, plan, created_at) VALUES (41, 'Kevin Bauer', 'lcox@example.net', 'enterprise', NOW());
INSERT INTO users (user_id, name, email, plan, created_at) VALUES (42, 'William Chavez', 'davidcruz@example.net', 'free', NOW());
INSERT INTO users (user_id, name, email, plan, created_at) VALUES (43, 'Debbie Peck', 'harrisjennifer@example.com', 'enterprise', NOW());
INSERT INTO users (user_id, name, email, plan, created_at) VALUES (44, 'James Yates', 'johnberg@example.com', 'free', NOW());
INSERT INTO users (user_id, name, email, plan, created_at) VALUES (45, 'Kevin Atkinson', 'michael20@example.org', 'premium', NOW());
INSERT INTO users (user_id, name, email, plan, created_at) VALUES (46, 'Brandon Baker', 'pachecotanya@example.net', 'free', NOW());
INSERT INTO users (user_id, name, email, plan, created_at) VALUES (47, 'David Walsh', 'michaelpacheco@example.org', 'premium', NOW());
INSERT INTO users (user_id, name, email, plan, created_at) VALUES (48, 'Julie Morris', 'fwest@example.net', 'free', NOW());
INSERT INTO users (user_id, name, email, plan, created_at) VALUES (49, 'David Lloyd', 'thomas90@example.org', 'enterprise', NOW());
INSERT INTO users (user_id, name, email, plan, created_at) VALUES (50, 'Crystal Little', 'laura34@example.net', 'enterprise', NOW());
INSERT INTO users (user_id, name, email, plan, created_at) VALUES (51, 'Christopher Dodson', 'hwilliams@example.org', 'enterprise', NOW());
INSERT INTO users (user_id, name, email, plan, created_at) VALUES (52, 'Amanda Morrison', 'wbrewer@example.com', 'free', NOW());
INSERT INTO users (user_id, name, email, plan, created_at) VALUES (53, 'Ryan Wong', 'bryanmark@example.com', 'premium', NOW());
INSERT INTO users (user_id, name, email, plan, created_at) VALUES (54, 'David Macdonald', 'dscott@example.org', 'free', NOW());
INSERT INTO users (user_id, name, email, plan, created_at) VALUES (55, 'Veronica Adams', 'kellyseth@example.org', 'free', NOW());
INSERT INTO users (user_id, name, email, plan, created_at) VALUES (56, 'Erika Dunn', 'walkerandrea@example.org', 'premium', NOW());
INSERT INTO users (user_id, name, email, plan, created_at) VALUES (57, 'Jeremy Leonard', 'grayluis@example.com', 'premium', NOW());
INSERT INTO users (user_id, name, email, plan, created_at) VALUES (58, 'Michael Edwards', 'baldwintammy@example.org', 'free', NOW());
INSERT INTO users (user_id, name, email, plan, created_at) VALUES (59, 'Julie Mayer', 'benderdavid@example.org', 'enterprise', NOW());
INSERT INTO users (user_id, name, email, plan, created_at) VALUES (60, 'Martha Zimmerman', 'william42@example.com', 'premium', NOW());
INSERT INTO users (user_id, name, email, plan, created_at) VALUES (61, 'Joshua Hill', 'bullockalyssa@example.org', 'premium', NOW());
INSERT INTO users (user_id, name, email, plan, created_at) VALUES (62, 'Peter Kline', 'rcarroll@example.net', 'enterprise', NOW());
INSERT INTO users (user_id, name, email, plan, created_at) VALUES (63, 'Francis Garcia', 'emilysuarez@example.net', 'premium', NOW());
INSERT INTO users (user_id, name, email, plan, created_at) VALUES (64, 'Sean Williams', 'manuel51@example.com', 'enterprise', NOW());
INSERT INTO users (user_id, name, email, plan, created_at) VALUES (65, 'Melissa Singh', 'wallhenry@example.com', 'enterprise', NOW());
INSERT INTO users (user_id, name, email, plan, created_at) VALUES (66, 'Amy Barry', 'leeortiz@example.net', 'free', NOW());
INSERT INTO users (user_id, name, email, plan, created_at) VALUES (67, 'Denise Guzman', 'philiphood@example.org', 'premium', NOW());
INSERT INTO users (user_id, name, email, plan, created_at) VALUES (68, 'Aaron Brown', 'gpowell@example.net', 'premium', NOW());
INSERT INTO users (user_id, name, email, plan, created_at) VALUES (69, 'Ashley Anderson', 'sharonmartin@example.net', 'enterprise', NOW());
INSERT INTO users (user_id, name, email, plan, created_at) VALUES (70, 'Erica Young', 'davidrobles@example.net', 'free', NOW());
INSERT INTO users (user_id, name, email, plan, created_at) VALUES (71, 'Anna Burke', 'alee@example.com', 'enterprise', NOW());
INSERT INTO users (user_id, name, email, plan, created_at) VALUES (72, 'James Compton DVM', 'vincent47@example.com', 'enterprise', NOW());
INSERT INTO users (user_id, name, email, plan, created_at) VALUES (73, 'Timothy Davis', 'xhartman@example.net', 'enterprise', NOW());
INSERT INTO users (user_id, name, email, plan, created_at) VALUES (74, 'Tristan Villarreal', 'washingtonbryan@example.com', 'premium', NOW());
INSERT INTO users (user_id, name, email, plan, created_at) VALUES (75, 'James Cooper', 'timothy50@example.org', 'premium', NOW());
INSERT INTO users (user_id, name, email, plan, created_at) VALUES (76, 'Dale Wilson', 'markgross@example.com', 'enterprise', NOW());
INSERT INTO users (user_id, name, email, plan, created_at) VALUES (77, 'James Watson', 'franklinseth@example.net', 'premium', NOW());
INSERT INTO users (user_id, name, email, plan, created_at) VALUES (78, 'Peter Jones', 'clayjulian@example.org', 'premium', NOW());
INSERT INTO users (user_id, name, email, plan, created_at) VALUES (79, 'Gregory Miller', 'makayla62@example.com', 'premium', NOW());
INSERT INTO users (user_id, name, email, plan, created_at) VALUES (80, 'Eric Morales', 'timothy08@example.org', 'enterprise', NOW());
INSERT INTO users (user_id, name, email, plan, created_at) VALUES (81, 'Lydia Harris', 'smithkerri@example.org', 'premium', NOW());
INSERT INTO users (user_id, name, email, plan, created_at) VALUES (82, 'Heather Bennett', 'cruzlarry@example.com', 'free', NOW());
INSERT INTO users (user_id, name, email, plan, created_at) VALUES (83, 'Anthony Miller', 'egonzalez@example.org', 'premium', NOW());
INSERT INTO users (user_id, name, email, plan, created_at) VALUES (84, 'Alexandra Parks', 'qmurphy@example.net', 'free', NOW());
INSERT INTO users (user_id, name, email, plan, created_at) VALUES (85, 'Grant Banks', 'connermartha@example.com', 'enterprise', NOW());
INSERT INTO users (user_id, name, email, plan, created_at) VALUES (86, 'Laurie King', 'nfrazier@example.net', 'enterprise', NOW());
INSERT INTO users (user_id, name, email, plan, created_at) VALUES (87, 'Stephanie Jones', 'deniserios@example.org', 'enterprise', NOW());
INSERT INTO users (user_id, name, email, plan, created_at) VALUES (88, 'Paul Gomez', 'nanderson@example.net', 'enterprise', NOW());
INSERT INTO users (user_id, name, email, plan, created_at) VALUES (89, 'Elaine Duarte', 'wwheeler@example.net', 'enterprise', NOW());
INSERT INTO users (user_id, name, email, plan, created_at) VALUES (90, 'Adrienne Lester', 'christophergeorge@example.net', 'enterprise', NOW());
INSERT INTO users (user_id, name, email, plan, created_at) VALUES (91, 'John Walker', 'christinasampson@example.org', 'free', NOW());
INSERT INTO users (user_id, name, email, plan, created_at) VALUES (92, 'Martin Hamilton Jr.', 'alvarezkevin@example.net', 'premium', NOW());
INSERT INTO users (user_id, name, email, plan, created_at) VALUES (93, 'Christopher Barber', 'kimberly86@example.org', 'free', NOW());
INSERT INTO users (user_id, name, email, plan, created_at) VALUES (94, 'James Davis', 'morrisjames@example.org', 'free', NOW());
INSERT INTO users (user_id, name, email, plan, created_at) VALUES (95, 'Heather Thompson MD', 'esmith@example.org', 'free', NOW());
INSERT INTO users (user_id, name, email, plan, created_at) VALUES (96, 'Jackson Evans', 'rosssusan@example.org', 'enterprise', NOW());
INSERT INTO users (user_id, name, email, plan, created_at) VALUES (97, 'Ana Thomas', 'utorres@example.net', 'free', NOW());
INSERT INTO users (user_id, name, email, plan, created_at) VALUES (98, 'Jeffery Mcdaniel', 'schwartzmichele@example.org', 'premium', NOW());
INSERT INTO users (user_id, name, email, plan, created_at) VALUES (99, 'Morgan Barber', 'dfranco@example.com', 'enterprise', NOW());
INSERT INTO users (user_id, name, email, plan, created_at) VALUES (100, 'Robert Harris', 'meghancarter@example.net', 'premium', NOW());
INSERT INTO users (user_id, name, email, plan, created_at) VALUES (101, 'Connor Brown', 'wrichardson@example.org', 'enterprise', NOW());
INSERT INTO users (user_id, name, email, plan, created_at) VALUES (102, 'Anna Vega', 'cheryldaniels@example.net', 'free', NOW());
INSERT INTO users (user_id, name, email, plan, created_at) VALUES (103, 'Justin Murphy', 'madison46@example.com', 'free', NOW());
INSERT INTO users (user_id, name, email, plan, created_at) VALUES (104, 'Ryan Jackson', 'julie48@example.com', 'enterprise', NOW());
INSERT INTO users (user_id, name, email, plan, created_at) VALUES (105, 'Brian Reid', 'debbie73@example.com', 'premium', NOW());
INSERT INTO users (user_id, name, email, plan, created_at) VALUES (106, 'Nicole Donaldson DDS', 'rsolis@example.net', 'enterprise', NOW());
INSERT INTO users (user_id, name, email, plan, created_at) VALUES (107, 'Wayne Hill', 'ericayoung@example.com', 'free', NOW());
INSERT INTO users (user_id, name, email, plan, created_at) VALUES (108, 'Barry Cook', 'fmorgan@example.com', 'enterprise', NOW());
INSERT INTO users (user_id, name, email, plan, created_at) VALUES (109, 'Jonathan Jones', 'stacy43@example.net', 'enterprise', NOW());
INSERT INTO users (user_id, name, email, plan, created_at) VALUES (110, 'Megan Wright', 'wmorris@example.net', 'free', NOW());
INSERT INTO users (user_id, name, email, plan, created_at) VALUES (111, 'Chloe George', 'howardeugene@example.net', 'enterprise', NOW());
INSERT INTO users (user_id, name, email, plan, created_at) VALUES (112, 'Angel Gutierrez', 'william28@example.org', 'free', NOW());
INSERT INTO users (user_id, name, email, plan, created_at) VALUES (113, 'Rachel Ryan', 'lrobinson@example.org', 'premium', NOW());
INSERT INTO users (user_id, name, email, plan, created_at) VALUES (114, 'Joshua Johnson', 'larasean@example.net', 'premium', NOW());
INSERT INTO users (user_id, name, email, plan, created_at) VALUES (115, 'Andrew Quinn', 'amoses@example.com', 'premium', NOW());
INSERT INTO users (user_id, name, email, plan, created_at) VALUES (116, 'Wendy Hernandez', 'juanpeters@example.net', 'free', NOW());
INSERT INTO users (user_id, name, email, plan, created_at) VALUES (117, 'Lindsay Duncan', 'kennethweber@example.com', 'free', NOW());
INSERT INTO users (user_id, name, email, plan, created_at) VALUES (118, 'Angela King', 'anthonyjackson@example.com', 'premium', NOW());
INSERT INTO users (user_id, name, email, plan, created_at) VALUES (119, 'Darrell Ray', 'christian28@example.com', 'free', NOW());
INSERT INTO users (user_id, name, email, plan, created_at) VALUES (120, 'William Lamb', 'marysmith@example.com', 'enterprise', NOW());
INSERT INTO users (user_id, name, email, plan, created_at) VALUES (121, 'William Davis', 'hpark@example.org', 'premium', NOW());
INSERT INTO users (user_id, name, email, plan, created_at) VALUES (122, 'Scott Fuller', 'clarkjames@example.org', 'premium', NOW());
INSERT INTO users (user_id, name, email, plan, created_at) VALUES (123, 'Michelle Klein', 'brian66@example.net', 'free', NOW());
INSERT INTO users (user_id, name, email, plan, created_at) VALUES (124, 'Shannon Bush', 'reevestyler@example.com', 'enterprise', NOW());
INSERT INTO users (user_id, name, email, plan, created_at) VALUES (125, 'Danny Allen', 'lopezmark@example.net', 'premium', NOW());
INSERT INTO users (user_id, name, email, plan, created_at) VALUES (126, 'Lisa Tyler', 'lmoore@example.org', 'enterprise', NOW());
INSERT INTO users (user_id, name, email, plan, created_at) VALUES (127, 'Mary Dalton', 'jason80@example.org', 'premium', NOW());
INSERT INTO users (user_id, name, email, plan, created_at) VALUES (128, 'Katie King', 'tyler98@example.org', 'free', NOW());
INSERT INTO users (user_id, name, email, plan, created_at) VALUES (129, 'Matthew Santiago', 'arussell@example.net', 'enterprise', NOW());
INSERT INTO users (user_id, name, email, plan, created_at) VALUES (130, 'Courtney Castro', 'david87@example.com', 'premium', NOW());
INSERT INTO users (user_id, name, email, plan, created_at) VALUES (131, 'Jared Alexander', 'sawyermolly@example.com', 'free', NOW());
INSERT INTO users (user_id, name, email, plan, created_at) VALUES (132, 'Stephanie Clark', 'brownhaley@example.com', 'enterprise', NOW());
INSERT INTO users (user_id, name, email, plan, created_at) VALUES (133, 'Kevin Schneider', 'jose59@example.org', 'premium', NOW());
INSERT INTO users (user_id, name, email, plan, created_at) VALUES (134, 'Deborah Ramirez', 'srivas@example.net', 'enterprise', NOW());
INSERT INTO users (user_id, name, email, plan, created_at) VALUES (135, 'John Bass', 'stephanie94@example.net', 'premium', NOW());
INSERT INTO users (user_id, name, email, plan, created_at) VALUES (136, 'Jennifer Davis', 'sanderson@example.net', 'free', NOW());
INSERT INTO users (user_id, name, email, plan, created_at) VALUES (137, 'Mary Shaffer', 'charlesdyer@example.com', 'enterprise', NOW());
INSERT INTO users (user_id, name, email, plan, created_at) VALUES (138, 'David Williams', 'iweber@example.org', 'free', NOW());
INSERT INTO users (user_id, name, email, plan, created_at) VALUES (139, 'Adam Richard', 'blake54@example.net', 'free', NOW());
INSERT INTO users (user_id, name, email, plan, created_at) VALUES (140, 'Jaime Parks', 'qsmith@example.org', 'enterprise', NOW());
INSERT INTO users (user_id, name, email, plan, created_at) VALUES (141, 'Erin Wright', 'mitchellsteven@example.net', 'free', NOW());
INSERT INTO users (user_id, name, email, plan, created_at) VALUES (142, 'Tony Carter', 'wmoreno@example.org', 'free', NOW());
INSERT INTO users (user_id, name, email, plan, created_at) VALUES (143, 'Casey Gonzalez', 'rebeccajones@example.com', 'enterprise', NOW());
INSERT INTO users (user_id, name, email, plan, created_at) VALUES (144, 'Zachary Dunn', 'parkerdavid@example.net', 'enterprise', NOW());
INSERT INTO users (user_id, name, email, plan, created_at) VALUES (145, 'Christina Garcia', 'jvincent@example.net', 'enterprise', NOW());
INSERT INTO users (user_id, name, email, plan, created_at) VALUES (146, 'Jesse Reynolds', 'carolsmith@example.org', 'enterprise', NOW());
INSERT INTO users (user_id, name, email, plan, created_at) VALUES (147, 'Eric Davis MD', 'travis58@example.net', 'premium', NOW());
INSERT INTO users (user_id, name, email, plan, created_at) VALUES (148, 'Sandra Taylor', 'deborahwilliamson@example.net', 'premium', NOW());
INSERT INTO users (user_id, name, email, plan, created_at) VALUES (149, 'Melinda Watts', 'shawn29@example.org', 'premium', NOW());
INSERT INTO users (user_id, name, email, plan, created_at) VALUES (150, 'Paige Riggs', 'mcdonaldannette@example.org', 'free', NOW());
INSERT INTO users (user_id, name, email, plan, created_at) VALUES (151, 'Michael Avila', 'hmosley@example.net', 'free', NOW());
INSERT INTO users (user_id, name, email, plan, created_at) VALUES (152, 'Shannon Norton DVM', 'justin58@example.net', 'premium', NOW());
INSERT INTO users (user_id, name, email, plan, created_at) VALUES (153, 'William Martin', 'cfoster@example.com', 'enterprise', NOW());
INSERT INTO users (user_id, name, email, plan, created_at) VALUES (154, 'Marc Mccarthy', 'benjamin30@example.net', 'premium', NOW());
INSERT INTO users (user_id, name, email, plan, created_at) VALUES (155, 'Johnny Oneal', 'allencolleen@example.org', 'premium', NOW());
INSERT INTO users (user_id, name, email, plan, created_at) VALUES (156, 'Jennifer Anderson', 'julian53@example.com', 'enterprise', NOW());
INSERT INTO users (user_id, name, email, plan, created_at) VALUES (157, 'Olivia Stuart', 'lozanobryan@example.com', 'enterprise', NOW());
INSERT INTO users (user_id, name, email, plan, created_at) VALUES (158, 'Daniel Bender', 'lynnphillips@example.com', 'free', NOW());
INSERT INTO users (user_id, name, email, plan, created_at) VALUES (159, 'Robert Williams', 'westmisty@example.net', 'premium', NOW());
INSERT INTO users (user_id, name, email, plan, created_at) VALUES (160, 'Laura Estrada', 'ericlewis@example.org', 'premium', NOW());
INSERT INTO users (user_id, name, email, plan, created_at) VALUES (161, 'Carolyn Meyer', 'tammy51@example.org', 'premium', NOW());
INSERT INTO users (user_id, name, email, plan, created_at) VALUES (162, 'Amy Smith', 'adrienne23@example.org', 'enterprise', NOW());
INSERT INTO users (user_id, name, email, plan, created_at) VALUES (163, 'Luis Huber', 'joshua38@example.net', 'free', NOW());
INSERT INTO users (user_id, name, email, plan, created_at) VALUES (164, 'Joel Hill', 'tanyacabrera@example.org', 'enterprise', NOW());
INSERT INTO users (user_id, name, email, plan, created_at) VALUES (165, 'Amy Holt', 'randall72@example.net', 'enterprise', NOW());
INSERT INTO users (user_id, name, email, plan, created_at) VALUES (166, 'Laura Reyes', 'kyliesmith@example.com', 'free', NOW());
INSERT INTO users (user_id, name, email, plan, created_at) VALUES (167, 'Heather Long', 'geraldroman@example.net', 'free', NOW());
INSERT INTO users (user_id, name, email, plan, created_at) VALUES (168, 'Andrea Taylor', 'georgemoore@example.org', 'free', NOW());
INSERT INTO users (user_id, name, email, plan, created_at) VALUES (169, 'Todd Fox', 'fstewart@example.org', 'enterprise', NOW());
INSERT INTO users (user_id, name, email, plan, created_at) VALUES (170, 'Anthony Hampton', 'fgreen@example.com', 'premium', NOW());
INSERT INTO users (user_id, name, email, plan, created_at) VALUES (171, 'Laura Melton', 'samanthanoble@example.com', 'free', NOW());
INSERT INTO users (user_id, name, email, plan, created_at) VALUES (172, 'Heidi Silva', 'evansstephen@example.com', 'enterprise', NOW());
INSERT INTO users (user_id, name, email, plan, created_at) VALUES (173, 'Kevin Stevens DDS', 'stephanie19@example.net', 'free', NOW());
INSERT INTO users (user_id, name, email, plan, created_at) VALUES (174, 'Eric Hall', 'yrowland@example.com', 'free', NOW());
INSERT INTO users (user_id, name, email, plan, created_at) VALUES (175, 'Steve Anderson', 'maddenmatthew@example.com', 'premium', NOW());
INSERT INTO users (user_id, name, email, plan, created_at) VALUES (176, 'Richard Small', 'suzannedawson@example.net', 'free', NOW());
INSERT INTO users (user_id, name, email, plan, created_at) VALUES (177, 'Lauren Miller', 'stephenfox@example.net', 'free', NOW());
INSERT INTO users (user_id, name, email, plan, created_at) VALUES (178, 'Mary Graham', 'brandonmartin@example.org', 'free', NOW());
INSERT INTO users (user_id, name, email, plan, created_at) VALUES (179, 'Carolyn West', 'sarabradley@example.com', 'premium', NOW());
INSERT INTO users (user_id, name, email, plan, created_at) VALUES (180, 'Melanie Berg', 'scottlaurie@example.net', 'enterprise', NOW());
INSERT INTO users (user_id, name, email, plan, created_at) VALUES (181, 'Michelle Bryan', 'elizabethjohnson@example.org', 'free', NOW());
INSERT INTO users (user_id, name, email, plan, created_at) VALUES (182, 'Ryan Mccann', 'campbellkathleen@example.net', 'enterprise', NOW());
INSERT INTO users (user_id, name, email, plan, created_at) VALUES (183, 'Phillip Mahoney', 'aperkins@example.net', 'free', NOW());
INSERT INTO users (user_id, name, email, plan, created_at) VALUES (184, 'Jennifer Gilbert', 'anthonycole@example.com', 'enterprise', NOW());
INSERT INTO users (user_id, name, email, plan, created_at) VALUES (185, 'Crystal Lara', 'emilyblevins@example.net', 'premium', NOW());
INSERT INTO users (user_id, name, email, plan, created_at) VALUES (186, 'Roberto Johnson', 'brandibecker@example.net', 'premium', NOW());
INSERT INTO users (user_id, name, email, plan, created_at) VALUES (187, 'Brandon Banks', 'andrea50@example.org', 'free', NOW());
INSERT INTO users (user_id, name, email, plan, created_at) VALUES (188, 'Kevin Jones', 'melvin31@example.org', 'free', NOW());
INSERT INTO users (user_id, name, email, plan, created_at) VALUES (189, 'Megan Howard', 'zwright@example.net', 'premium', NOW());
INSERT INTO users (user_id, name, email, plan, created_at) VALUES (190, 'Stephanie Roman', 'brenda17@example.net', 'enterprise', NOW());
INSERT INTO users (user_id, name, email, plan, created_at) VALUES (191, 'Mr. Bryan Chen', 'christopherduran@example.org', 'enterprise', NOW());
INSERT INTO users (user_id, name, email, plan, created_at) VALUES (192, 'Brandi Johnson', 'ramirezdeborah@example.net', 'enterprise', NOW());
INSERT INTO users (user_id, name, email, plan, created_at) VALUES (193, 'Amy Lester', 'greenekelly@example.org', 'enterprise', NOW());
INSERT INTO users (user_id, name, email, plan, created_at) VALUES (194, 'Brittany Lawson', 'angela83@example.org', 'enterprise', NOW());
INSERT INTO users (user_id, name, email, plan, created_at) VALUES (195, 'Timothy Rogers', 'joshuaperez@example.net', 'premium', NOW());
INSERT INTO users (user_id, name, email, plan, created_at) VALUES (196, 'Maria Cox', 'sarakelly@example.org', 'premium', NOW());
INSERT INTO users (user_id, name, email, plan, created_at) VALUES (197, 'Donald Wells', 'youngdaniel@example.net', 'free', NOW());
INSERT INTO users (user_id, name, email, plan, created_at) VALUES (198, 'Edward Patterson', 'joneschristopher@example.net', 'enterprise', NOW());
INSERT INTO users (user_id, name, email, plan, created_at) VALUES (199, 'Scott Ellis', 'kcohen@example.net', 'enterprise', NOW());
INSERT INTO users (user_id, name, email, plan, created_at) VALUES (200, 'Joseph Tanner', 'marshgary@example.net', 'free', NOW());
INSERT INTO users (user_id, name, email, plan, created_at) VALUES (201, 'Brittany Pearson DVM', 'josephwood@example.com', 'free', NOW());
INSERT INTO users (user_id, name, email, plan, created_at) VALUES (202, 'Anna Haynes', 'williambaker@example.org', 'enterprise', NOW());
INSERT INTO users (user_id, name, email, plan, created_at) VALUES (203, 'Ernest Barr', 'uchapman@example.org', 'free', NOW());
INSERT INTO users (user_id, name, email, plan, created_at) VALUES (204, 'David White', 'aware@example.com', 'premium', NOW());
INSERT INTO users (user_id, name, email, plan, created_at) VALUES (205, 'Hannah Underwood', 'misty96@example.com', 'enterprise', NOW());
INSERT INTO users (user_id, name, email, plan, created_at) VALUES (206, 'Blake Thomas', 'wilsonchristopher@example.org', 'premium', NOW());
INSERT INTO users (user_id, name, email, plan, created_at) VALUES (207, 'Mrs. Donna Noble', 'michaellewis@example.com', 'enterprise', NOW());
INSERT INTO users (user_id, name, email, plan, created_at) VALUES (208, 'Alan Jacobs', 'ruben60@example.net', 'enterprise', NOW());
INSERT INTO users (user_id, name, email, plan, created_at) VALUES (209, 'Matthew Lam', 'pateljames@example.net', 'premium', NOW());
INSERT INTO users (user_id, name, email, plan, created_at) VALUES (210, 'David Wells', 'jamesgomez@example.net', 'free', NOW());
INSERT INTO users (user_id, name, email, plan, created_at) VALUES (211, 'Charles Jones', 'christina73@example.net', 'enterprise', NOW());
INSERT INTO users (user_id, name, email, plan, created_at) VALUES (212, 'Samantha Powell', 'jonathonfitzgerald@example.net', 'premium', NOW());
INSERT INTO users (user_id, name, email, plan, created_at) VALUES (213, 'Danny Clayton', 'vbryant@example.com', 'enterprise', NOW());
INSERT INTO users (user_id, name, email, plan, created_at) VALUES (214, 'Carl Hernandez', 'mathew89@example.net', 'free', NOW());
INSERT INTO users (user_id, name, email, plan, created_at) VALUES (215, 'Corey White', 'johnobrien@example.org', 'free', NOW());
INSERT INTO users (user_id, name, email, plan, created_at) VALUES (216, 'Allison Grimes', 'tammie86@example.net', 'premium', NOW());
INSERT INTO users (user_id, name, email, plan, created_at) VALUES (217, 'Kathryn Lee', 'keithflores@example.com', 'free', NOW());
INSERT INTO users (user_id, name, email, plan, created_at) VALUES (218, 'Robert Harrington', 'carrilloamanda@example.com', 'enterprise', NOW());
INSERT INTO users (user_id, name, email, plan, created_at) VALUES (219, 'Richard Downs', 'fyates@example.org', 'premium', NOW());
INSERT INTO users (user_id, name, email, plan, created_at) VALUES (220, 'Tracey West', 'jilliandavis@example.net', 'free', NOW());
INSERT INTO users (user_id, name, email, plan, created_at) VALUES (221, 'Jason Hall', 'erinoneal@example.com', 'enterprise', NOW());
INSERT INTO users (user_id, name, email, plan, created_at) VALUES (222, 'Lisa Wright', 'holly14@example.org', 'enterprise', NOW());
INSERT INTO users (user_id, name, email, plan, created_at) VALUES (223, 'Judy Harris', 'roberthamilton@example.com', 'enterprise', NOW());
INSERT INTO users (user_id, name, email, plan, created_at) VALUES (224, 'Michael Price', 'latoyarollins@example.net', 'premium', NOW());
INSERT INTO users (user_id, name, email, plan, created_at) VALUES (225, 'Ryan Rangel', 'kennethmccarthy@example.net', 'free', NOW());
INSERT INTO users (user_id, name, email, plan, created_at) VALUES (226, 'Bryan Mejia', 'jameswallace@example.net', 'enterprise', NOW());
INSERT INTO users (user_id, name, email, plan, created_at) VALUES (227, 'Charles Rivera', 'debra86@example.com', 'free', NOW());
INSERT INTO users (user_id, name, email, plan, created_at) VALUES (228, 'Douglas Oneill', 'jessica32@example.net', 'enterprise', NOW());
INSERT INTO users (user_id, name, email, plan, created_at) VALUES (229, 'Jeff Taylor', 'bcampbell@example.org', 'free', NOW());
INSERT INTO users (user_id, name, email, plan, created_at) VALUES (230, 'Ray Clark', 'heatherdalton@example.net', 'enterprise', NOW());
INSERT INTO users (user_id, name, email, plan, created_at) VALUES (231, 'Dennis Hall', 'jamesmcgee@example.net', 'free', NOW());
INSERT INTO users (user_id, name, email, plan, created_at) VALUES (232, 'Darren Carter', 'wfleming@example.com', 'free', NOW());
INSERT INTO users (user_id, name, email, plan, created_at) VALUES (233, 'Wanda Waters', 'melissa42@example.net', 'premium', NOW());
INSERT INTO users (user_id, name, email, plan, created_at) VALUES (234, 'Cathy Cameron', 'alleneric@example.net', 'premium', NOW());
INSERT INTO users (user_id, name, email, plan, created_at) VALUES (235, 'Sarah Gilbert', 'warreneric@example.net', 'premium', NOW());
INSERT INTO users (user_id, name, email, plan, created_at) VALUES (236, 'Pamela Jones', 'kimberlyarias@example.com', 'free', NOW());
INSERT INTO users (user_id, name, email, plan, created_at) VALUES (237, 'Andrew Parrish', 'matthewmcmillan@example.com', 'enterprise', NOW());
INSERT INTO users (user_id, name, email, plan, created_at) VALUES (238, 'Kristina Austin', 'fjohnson@example.org', 'premium', NOW());
INSERT INTO users (user_id, name, email, plan, created_at) VALUES (239, 'Ashley Duncan', 'moorejonathan@example.org', 'free', NOW());
INSERT INTO users (user_id, name, email, plan, created_at) VALUES (240, 'Lauren Williams', 'kyle50@example.com', 'enterprise', NOW());
INSERT INTO users (user_id, name, email, plan, created_at) VALUES (241, 'Mr. Theodore Robinson DVM', 'nrivera@example.com', 'enterprise', NOW());
INSERT INTO users (user_id, name, email, plan, created_at) VALUES (242, 'Christopher Shaw', 'msexton@example.org', 'premium', NOW());
INSERT INTO users (user_id, name, email, plan, created_at) VALUES (243, 'Henry Garner', 'emily93@example.net', 'premium', NOW());
INSERT INTO users (user_id, name, email, plan, created_at) VALUES (244, 'Amy Smith', 'ronaldbaker@example.com', 'premium', NOW());
INSERT INTO users (user_id, name, email, plan, created_at) VALUES (245, 'Kevin Frederick', 'todd67@example.net', 'free', NOW());
INSERT INTO users (user_id, name, email, plan, created_at) VALUES (246, 'Brian Mueller', 'bonnie54@example.net', 'enterprise', NOW());
INSERT INTO users (user_id, name, email, plan, created_at) VALUES (247, 'Ashley Cox', 'evelyn90@example.org', 'free', NOW());
INSERT INTO users (user_id, name, email, plan, created_at) VALUES (248, 'Colleen Smith', 'andersoncourtney@example.com', 'free', NOW());
INSERT INTO users (user_id, name, email, plan, created_at) VALUES (249, 'Heather Lewis', 'erinbrown@example.org', 'premium', NOW());
INSERT INTO users (user_id, name, email, plan, created_at) VALUES (250, 'Frank Gibson', 'uestrada@example.net', 'enterprise', NOW());
INSERT INTO users (user_id, name, email, plan, created_at) VALUES (251, 'Thomas Grimes', 'robertjenkins@example.net', 'premium', NOW());
INSERT INTO users (user_id, name, email, plan, created_at) VALUES (252, 'Alexander Harrison', 'sanchezlisa@example.com', 'premium', NOW());
INSERT INTO users (user_id, name, email, plan, created_at) VALUES (253, 'Tamara Kim', 'marcusramos@example.org', 'free', NOW());
INSERT INTO users (user_id, name, email, plan, created_at) VALUES (254, 'Tony Cabrera', 'dmcgrath@example.net', 'enterprise', NOW());
INSERT INTO users (user_id, name, email, plan, created_at) VALUES (255, 'Adam Mccullough', 'andrea82@example.com', 'enterprise', NOW());
INSERT INTO users (user_id, name, email, plan, created_at) VALUES (256, 'Kathryn Montoya', 'marc43@example.org', 'enterprise', NOW());
INSERT INTO users (user_id, name, email, plan, created_at) VALUES (257, 'Jennifer Klein', 'hollyblackburn@example.net', 'enterprise', NOW());
INSERT INTO users (user_id, name, email, plan, created_at) VALUES (258, 'Thomas Sellers', 'castillosteven@example.net', 'premium', NOW());
INSERT INTO users (user_id, name, email, plan, created_at) VALUES (259, 'Kurt Crane', 'pereznicole@example.net', 'free', NOW());
INSERT INTO users (user_id, name, email, plan, created_at) VALUES (260, 'Angela Norton', 'rodneythomas@example.org', 'free', NOW());
INSERT INTO users (user_id, name, email, plan, created_at) VALUES (261, 'Caitlin Foster', 'robertallen@example.net', 'free', NOW());
INSERT INTO users (user_id, name, email, plan, created_at) VALUES (262, 'Erin Burnett', 'baileyfischer@example.net', 'premium', NOW());
INSERT INTO users (user_id, name, email, plan, created_at) VALUES (263, 'Tristan Lynch', 'laurie37@example.net', 'free', NOW());
INSERT INTO users (user_id, name, email, plan, created_at) VALUES (264, 'Michael Dunn', 'devon19@example.com', 'free', NOW());
INSERT INTO users (user_id, name, email, plan, created_at) VALUES (265, 'Lori Watts', 'cindy05@example.org', 'premium', NOW());
INSERT INTO users (user_id, name, email, plan, created_at) VALUES (266, 'Elizabeth Melton', 'george27@example.net', 'enterprise', NOW());
INSERT INTO users (user_id, name, email, plan, created_at) VALUES (267, 'Mr. Samuel Cervantes', 'jonesjohn@example.net', 'premium', NOW());
INSERT INTO users (user_id, name, email, plan, created_at) VALUES (268, 'Nancy Smith', 'jsheppard@example.net', 'free', NOW());
INSERT INTO users (user_id, name, email, plan, created_at) VALUES (269, 'Michael Mitchell', 'lbryant@example.com', 'free', NOW());
INSERT INTO users (user_id, name, email, plan, created_at) VALUES (270, 'Daniel Carter', 'matthewmejia@example.org', 'premium', NOW());
INSERT INTO users (user_id, name, email, plan, created_at) VALUES (271, 'Dr. Rebecca Michael MD', 'brent08@example.org', 'free', NOW());
INSERT INTO users (user_id, name, email, plan, created_at) VALUES (272, 'Rebecca Simmons', 'natalienorman@example.org', 'premium', NOW());
INSERT INTO users (user_id, name, email, plan, created_at) VALUES (273, 'Diana Perez', 'ghaney@example.net', 'premium', NOW());
INSERT INTO users (user_id, name, email, plan, created_at) VALUES (274, 'Joshua Cannon', 'nancy85@example.com', 'enterprise', NOW());
INSERT INTO users (user_id, name, email, plan, created_at) VALUES (275, 'Norma Potts', 'fhartman@example.net', 'premium', NOW());
INSERT INTO users (user_id, name, email, plan, created_at) VALUES (276, 'Jamie Camacho', 'rhonda98@example.org', 'premium', NOW());
INSERT INTO users (user_id, name, email, plan, created_at) VALUES (277, 'Alexander Johnson', 'bleonard@example.net', 'free', NOW());
INSERT INTO users (user_id, name, email, plan, created_at) VALUES (278, 'Andrew Chapman', 'wilsonthomas@example.net', 'enterprise', NOW());
INSERT INTO users (user_id, name, email, plan, created_at) VALUES (279, 'Ana Dickson', 'ebarber@example.org', 'premium', NOW());
INSERT INTO users (user_id, name, email, plan, created_at) VALUES (280, 'Laurie Hughes', 'sara27@example.net', 'premium', NOW());
INSERT INTO users (user_id, name, email, plan, created_at) VALUES (281, 'Daniel Estrada', 'russellgardner@example.org', 'premium', NOW());
INSERT INTO users (user_id, name, email, plan, created_at) VALUES (282, 'Jeremy Morris', 'erik77@example.com', 'premium', NOW());
INSERT INTO users (user_id, name, email, plan, created_at) VALUES (283, 'Pamela Hull', 'robert40@example.net', 'free', NOW());
INSERT INTO users (user_id, name, email, plan, created_at) VALUES (284, 'Julia Morales', 'isawyer@example.net', 'premium', NOW());
INSERT INTO users (user_id, name, email, plan, created_at) VALUES (285, 'Erica Becker', 'taylor20@example.net', 'free', NOW());
INSERT INTO users (user_id, name, email, plan, created_at) VALUES (286, 'Melissa Jones', 'paulaclark@example.net', 'premium', NOW());
INSERT INTO users (user_id, name, email, plan, created_at) VALUES (287, 'Joshua Smith', 'sonyasanders@example.net', 'premium', NOW());
INSERT INTO users (user_id, name, email, plan, created_at) VALUES (288, 'Andrew Montgomery', 'wilsonjacqueline@example.com', 'premium', NOW());
INSERT INTO users (user_id, name, email, plan, created_at) VALUES (289, 'Jennifer Hunt', 'dylanjordan@example.net', 'premium', NOW());
INSERT INTO users (user_id, name, email, plan, created_at) VALUES (290, 'Harold Nelson', 'collinsjohn@example.com', 'premium', NOW());
INSERT INTO users (user_id, name, email, plan, created_at) VALUES (291, 'Brenda Edwards', 'barkerandrew@example.com', 'enterprise', NOW());
INSERT INTO users (user_id, name, email, plan, created_at) VALUES (292, 'William Foster', 'nfloyd@example.com', 'premium', NOW());
INSERT INTO users (user_id, name, email, plan, created_at) VALUES (293, 'John Martin', 'patricklisa@example.org', 'premium', NOW());
INSERT INTO users (user_id, name, email, plan, created_at) VALUES (294, 'Mr. Troy Peters', 'zshaw@example.com', 'premium', NOW());
INSERT INTO users (user_id, name, email, plan, created_at) VALUES (295, 'Christina Moran', 'westmatthew@example.net', 'enterprise', NOW());
INSERT INTO users (user_id, name, email, plan, created_at) VALUES (296, 'Thomas Richard', 'olivermarcus@example.org', 'premium', NOW());
INSERT INTO users (user_id, name, email, plan, created_at) VALUES (297, 'Natalie Flynn', 'scottbrandon@example.org', 'enterprise', NOW());
INSERT INTO users (user_id, name, email, plan, created_at) VALUES (298, 'Joshua Blankenship', 'dennis54@example.net', 'premium', NOW());
INSERT INTO users (user_id, name, email, plan, created_at) VALUES (299, 'Susan Odom', 'aoliver@example.org', 'premium', NOW());
INSERT INTO users (user_id, name, email, plan, created_at) VALUES (300, 'Stephanie Torres', 'ncarroll@example.org', 'free', NOW());

-- INSERT ARTISTS
INSERT INTO artist (artist_id, artist_name, genre, country_of_origin) VALUES (1, 'Anne Kramer', 'Bossa Nova', 'Iceland');
INSERT INTO artist (artist_id, artist_name, genre, country_of_origin) VALUES (2, 'The Threats', 'Post-Punk', 'USA');
INSERT INTO artist (artist_id, artist_name, genre, country_of_origin) VALUES (3, 'Carl Smith', 'Techno', 'Iceland');
INSERT INTO artist (artist_id, artist_name, genre, country_of_origin) VALUES (4, 'The Centurys', 'Indie Rock', 'France');
INSERT INTO artist (artist_id, artist_name, genre, country_of_origin) VALUES (5, 'The Believes', 'Phonk', 'Japan');
INSERT INTO artist (artist_id, artist_name, genre, country_of_origin) VALUES (6, 'Dr. Karen Camacho DVM', 'Lo-fi', 'Japan');
INSERT INTO artist (artist_id, artist_name, genre, country_of_origin) VALUES (7, 'The Manys', 'Post-Punk', 'Iceland');
INSERT INTO artist (artist_id, artist_name, genre, country_of_origin) VALUES (8, 'The Performs', 'MPB', 'Brazil');
INSERT INTO artist (artist_id, artist_name, genre, country_of_origin) VALUES (9, 'Lisa Williams', 'Phonk', 'Sweden');
INSERT INTO artist (artist_id, artist_name, genre, country_of_origin) VALUES (10, 'Andrew Jones', 'Phonk', 'Australia');
INSERT INTO artist (artist_id, artist_name, genre, country_of_origin) VALUES (11, 'The Relationships', 'MPB', 'Sweden');
INSERT INTO artist (artist_id, artist_name, genre, country_of_origin) VALUES (12, 'Jared Holden', 'Synthwave', 'France');
INSERT INTO artist (artist_id, artist_name, genre, country_of_origin) VALUES (13, 'Rebecca Kirby', 'Jazz Fusion', 'France');
INSERT INTO artist (artist_id, artist_name, genre, country_of_origin) VALUES (14, 'The Howevers', 'Bossa Nova', 'Canada');
INSERT INTO artist (artist_id, artist_name, genre, country_of_origin) VALUES (15, 'The Sames', 'Post-Punk', 'Iceland');
INSERT INTO artist (artist_id, artist_name, genre, country_of_origin) VALUES (16, 'The Lights', 'Bossa Nova', 'Sweden');
INSERT INTO artist (artist_id, artist_name, genre, country_of_origin) VALUES (17, 'James Zimmerman', 'Heavy Metal', 'USA');
INSERT INTO artist (artist_id, artist_name, genre, country_of_origin) VALUES (18, 'The Cameras', 'Heavy Metal', 'UK');
INSERT INTO artist (artist_id, artist_name, genre, country_of_origin) VALUES (19, 'The Wears', 'Lo-fi', 'France');
INSERT INTO artist (artist_id, artist_name, genre, country_of_origin) VALUES (20, 'Miss Karen Gonzalez MD', 'Bossa Nova', 'Germany');
INSERT INTO artist (artist_id, artist_name, genre, country_of_origin) VALUES (21, 'The Reachs', 'Lo-fi', 'Canada');
INSERT INTO artist (artist_id, artist_name, genre, country_of_origin) VALUES (22, 'The Costs', 'Indie Rock', 'Japan');
INSERT INTO artist (artist_id, artist_name, genre, country_of_origin) VALUES (23, 'The Boards', 'Indie Rock', 'Japan');
INSERT INTO artist (artist_id, artist_name, genre, country_of_origin) VALUES (24, 'The Shes', 'MPB', 'Australia');
INSERT INTO artist (artist_id, artist_name, genre, country_of_origin) VALUES (25, 'The Singles', 'Jazz Fusion', 'Iceland');
INSERT INTO artist (artist_id, artist_name, genre, country_of_origin) VALUES (26, 'The Chairs', 'MPB', 'Japan');
INSERT INTO artist (artist_id, artist_name, genre, country_of_origin) VALUES (27, 'The Costs', 'Heavy Metal', 'Sweden');
INSERT INTO artist (artist_id, artist_name, genre, country_of_origin) VALUES (28, 'Spencer Barrera', 'Techno', 'Canada');
INSERT INTO artist (artist_id, artist_name, genre, country_of_origin) VALUES (29, 'Rebecca Miller', 'Bossa Nova', 'France');
INSERT INTO artist (artist_id, artist_name, genre, country_of_origin) VALUES (30, 'John Briggs', 'Techno', 'UK');
INSERT INTO artist (artist_id, artist_name, genre, country_of_origin) VALUES (31, 'Alexandria Molina', 'Techno', 'Japan');
INSERT INTO artist (artist_id, artist_name, genre, country_of_origin) VALUES (32, 'The Theys', 'Indie Rock', 'Brazil');
INSERT INTO artist (artist_id, artist_name, genre, country_of_origin) VALUES (33, 'Monica Thomas', 'Synthwave', 'Australia');
INSERT INTO artist (artist_id, artist_name, genre, country_of_origin) VALUES (34, 'Alexandra Perez', 'Heavy Metal', 'Japan');
INSERT INTO artist (artist_id, artist_name, genre, country_of_origin) VALUES (35, 'Elizabeth Franklin', 'Techno', 'Sweden');
INSERT INTO artist (artist_id, artist_name, genre, country_of_origin) VALUES (36, 'Joseph Hughes Jr.', 'Techno', 'Japan');
INSERT INTO artist (artist_id, artist_name, genre, country_of_origin) VALUES (37, 'Larry Scott', 'Bossa Nova', 'Brazil');
INSERT INTO artist (artist_id, artist_name, genre, country_of_origin) VALUES (38, 'The Maintains', 'Lo-fi', 'Japan');
INSERT INTO artist (artist_id, artist_name, genre, country_of_origin) VALUES (39, 'Jason Bryant', 'Lo-fi', 'Brazil');
INSERT INTO artist (artist_id, artist_name, genre, country_of_origin) VALUES (40, 'Harold Bennett', 'Techno', 'Brazil');
INSERT INTO artist (artist_id, artist_name, genre, country_of_origin) VALUES (41, 'Meghan Ray', 'Lo-fi', 'USA');
INSERT INTO artist (artist_id, artist_name, genre, country_of_origin) VALUES (42, 'The Moments', 'Phonk', 'UK');
INSERT INTO artist (artist_id, artist_name, genre, country_of_origin) VALUES (43, 'David Carroll', 'Heavy Metal', 'Sweden');
INSERT INTO artist (artist_id, artist_name, genre, country_of_origin) VALUES (44, 'The Examples', 'Jazz Fusion', 'Iceland');
INSERT INTO artist (artist_id, artist_name, genre, country_of_origin) VALUES (45, 'The Colleges', 'Synthwave', 'Japan');
INSERT INTO artist (artist_id, artist_name, genre, country_of_origin) VALUES (46, 'Douglas Cook', 'Synthwave', 'Japan');
INSERT INTO artist (artist_id, artist_name, genre, country_of_origin) VALUES (47, 'Randy Hicks', 'Jazz Fusion', 'Brazil');
INSERT INTO artist (artist_id, artist_name, genre, country_of_origin) VALUES (48, 'The Officers', 'Synthwave', 'Germany');
INSERT INTO artist (artist_id, artist_name, genre, country_of_origin) VALUES (49, 'Christine Burke', 'Lo-fi', 'UK');
INSERT INTO artist (artist_id, artist_name, genre, country_of_origin) VALUES (50, 'Jonathan Castillo', 'Heavy Metal', 'Australia');
INSERT INTO artist (artist_id, artist_name, genre, country_of_origin) VALUES (51, 'The Classs', 'Techno', 'USA');
INSERT INTO artist (artist_id, artist_name, genre, country_of_origin) VALUES (52, 'The Onces', 'Indie Rock', 'France');
INSERT INTO artist (artist_id, artist_name, genre, country_of_origin) VALUES (53, 'Patricia Robertson', 'Lo-fi', 'Sweden');
INSERT INTO artist (artist_id, artist_name, genre, country_of_origin) VALUES (54, 'The Homes', 'Indie Rock', 'Iceland');
INSERT INTO artist (artist_id, artist_name, genre, country_of_origin) VALUES (55, 'Susan Bennett', 'Post-Punk', 'Brazil');
INSERT INTO artist (artist_id, artist_name, genre, country_of_origin) VALUES (56, 'The Presents', 'Post-Punk', 'Brazil');
INSERT INTO artist (artist_id, artist_name, genre, country_of_origin) VALUES (57, 'Douglas Williamson', 'MPB', 'Germany');
INSERT INTO artist (artist_id, artist_name, genre, country_of_origin) VALUES (58, 'The Networks', 'Post-Punk', 'Iceland');
INSERT INTO artist (artist_id, artist_name, genre, country_of_origin) VALUES (59, 'Jennifer Munoz', 'Phonk', 'Iceland');
INSERT INTO artist (artist_id, artist_name, genre, country_of_origin) VALUES (60, 'Frederick Richardson', 'Lo-fi', 'USA');
INSERT INTO artist (artist_id, artist_name, genre, country_of_origin) VALUES (61, 'David Kent', 'Post-Punk', 'USA');
INSERT INTO artist (artist_id, artist_name, genre, country_of_origin) VALUES (62, 'Willie Morris', 'Jazz Fusion', 'Germany');
INSERT INTO artist (artist_id, artist_name, genre, country_of_origin) VALUES (63, 'The Stills', 'Indie Rock', 'France');
INSERT INTO artist (artist_id, artist_name, genre, country_of_origin) VALUES (64, 'The Ors', 'Techno', 'Canada');
INSERT INTO artist (artist_id, artist_name, genre, country_of_origin) VALUES (65, 'Elizabeth Ramos', 'Lo-fi', 'Canada');
INSERT INTO artist (artist_id, artist_name, genre, country_of_origin) VALUES (66, 'Catherine Burke', 'Bossa Nova', 'USA');
INSERT INTO artist (artist_id, artist_name, genre, country_of_origin) VALUES (67, 'The Industrys', 'Indie Rock', 'Canada');
INSERT INTO artist (artist_id, artist_name, genre, country_of_origin) VALUES (68, 'The Sevens', 'Post-Punk', 'Brazil');
INSERT INTO artist (artist_id, artist_name, genre, country_of_origin) VALUES (69, 'The Papers', 'Post-Punk', 'Japan');
INSERT INTO artist (artist_id, artist_name, genre, country_of_origin) VALUES (70, 'Michael Sullivan', 'Post-Punk', 'Germany');
INSERT INTO artist (artist_id, artist_name, genre, country_of_origin) VALUES (71, 'The Senses', 'Post-Punk', 'Iceland');
INSERT INTO artist (artist_id, artist_name, genre, country_of_origin) VALUES (72, 'Mathew Chen', 'MPB', 'Canada');
INSERT INTO artist (artist_id, artist_name, genre, country_of_origin) VALUES (73, 'The Fines', 'Heavy Metal', 'Canada');
INSERT INTO artist (artist_id, artist_name, genre, country_of_origin) VALUES (74, 'The Somethings', 'Heavy Metal', 'Iceland');
INSERT INTO artist (artist_id, artist_name, genre, country_of_origin) VALUES (75, 'Michael Lewis', 'Jazz Fusion', 'France');
INSERT INTO artist (artist_id, artist_name, genre, country_of_origin) VALUES (76, 'Anne Miller', 'Heavy Metal', 'Japan');
INSERT INTO artist (artist_id, artist_name, genre, country_of_origin) VALUES (77, 'The Persons', 'Post-Punk', 'Iceland');
INSERT INTO artist (artist_id, artist_name, genre, country_of_origin) VALUES (78, 'Lacey Perry MD', 'Phonk', 'Sweden');
INSERT INTO artist (artist_id, artist_name, genre, country_of_origin) VALUES (79, 'Tony Vaughan', 'Phonk', 'Iceland');
INSERT INTO artist (artist_id, artist_name, genre, country_of_origin) VALUES (80, 'The Huges', 'Techno', 'Japan');
INSERT INTO artist (artist_id, artist_name, genre, country_of_origin) VALUES (81, 'Anthony Ross', 'MPB', 'USA');
INSERT INTO artist (artist_id, artist_name, genre, country_of_origin) VALUES (82, 'Christina Larsen', 'Lo-fi', 'Japan');
INSERT INTO artist (artist_id, artist_name, genre, country_of_origin) VALUES (83, 'The Quicklys', 'Synthwave', 'Germany');
INSERT INTO artist (artist_id, artist_name, genre, country_of_origin) VALUES (84, 'Mrs. Veronica Rogers', 'Phonk', 'Australia');
INSERT INTO artist (artist_id, artist_name, genre, country_of_origin) VALUES (85, 'Matthew Edwards', 'MPB', 'Australia');
INSERT INTO artist (artist_id, artist_name, genre, country_of_origin) VALUES (86, 'Stephen Hopkins', 'Post-Punk', 'Iceland');
INSERT INTO artist (artist_id, artist_name, genre, country_of_origin) VALUES (87, 'The Shoulds', 'Jazz Fusion', 'UK');
INSERT INTO artist (artist_id, artist_name, genre, country_of_origin) VALUES (88, 'Allison Nelson', 'Techno', 'Australia');
INSERT INTO artist (artist_id, artist_name, genre, country_of_origin) VALUES (89, 'Heidi Jimenez', 'Bossa Nova', 'Canada');
INSERT INTO artist (artist_id, artist_name, genre, country_of_origin) VALUES (90, 'Grace Walton', 'Post-Punk', 'Brazil');
INSERT INTO artist (artist_id, artist_name, genre, country_of_origin) VALUES (91, 'The Players', 'Jazz Fusion', 'USA');
INSERT INTO artist (artist_id, artist_name, genre, country_of_origin) VALUES (92, 'Joshua Martinez', 'Synthwave', 'Canada');
INSERT INTO artist (artist_id, artist_name, genre, country_of_origin) VALUES (93, 'The Buts', 'Lo-fi', 'USA');
INSERT INTO artist (artist_id, artist_name, genre, country_of_origin) VALUES (94, 'Christine Allen', 'Phonk', 'Brazil');
INSERT INTO artist (artist_id, artist_name, genre, country_of_origin) VALUES (95, 'Lisa Pearson', 'Bossa Nova', 'Sweden');
INSERT INTO artist (artist_id, artist_name, genre, country_of_origin) VALUES (96, 'Cody Norman', 'Post-Punk', 'Japan');
INSERT INTO artist (artist_id, artist_name, genre, country_of_origin) VALUES (97, 'The Results', 'Indie Rock', 'Sweden');
INSERT INTO artist (artist_id, artist_name, genre, country_of_origin) VALUES (98, 'The Whens', 'Post-Punk', 'Japan');
INSERT INTO artist (artist_id, artist_name, genre, country_of_origin) VALUES (99, 'The Thoughts', 'Bossa Nova', 'Sweden');
INSERT INTO artist (artist_id, artist_name, genre, country_of_origin) VALUES (100, 'Vincent Carroll', 'MPB', 'Iceland');
INSERT INTO artist (artist_id, artist_name, genre, country_of_origin) VALUES (101, 'George Smith', 'Bossa Nova', 'Japan');
INSERT INTO artist (artist_id, artist_name, genre, country_of_origin) VALUES (102, 'The Polices', 'Synthwave', 'Brazil');
INSERT INTO artist (artist_id, artist_name, genre, country_of_origin) VALUES (103, 'Jeffery Berg', 'Techno', 'Sweden');
INSERT INTO artist (artist_id, artist_name, genre, country_of_origin) VALUES (104, 'Allison Wright', 'MPB', 'Brazil');
INSERT INTO artist (artist_id, artist_name, genre, country_of_origin) VALUES (105, 'The Itselfs', 'Indie Rock', 'France');
INSERT INTO artist (artist_id, artist_name, genre, country_of_origin) VALUES (106, 'Alexandra Russell', 'Bossa Nova', 'France');
INSERT INTO artist (artist_id, artist_name, genre, country_of_origin) VALUES (107, 'The Messages', 'Bossa Nova', 'Germany');
INSERT INTO artist (artist_id, artist_name, genre, country_of_origin) VALUES (108, 'Clayton Pierce', 'Bossa Nova', 'Canada');
INSERT INTO artist (artist_id, artist_name, genre, country_of_origin) VALUES (109, 'The Signs', 'Synthwave', 'Japan');
INSERT INTO artist (artist_id, artist_name, genre, country_of_origin) VALUES (110, 'The Husbands', 'MPB', 'Japan');
INSERT INTO artist (artist_id, artist_name, genre, country_of_origin) VALUES (111, 'Judy Mcguire', 'Synthwave', 'USA');
INSERT INTO artist (artist_id, artist_name, genre, country_of_origin) VALUES (112, 'Austin Moss', 'Synthwave', 'Canada');
INSERT INTO artist (artist_id, artist_name, genre, country_of_origin) VALUES (113, 'Richard Best', 'MPB', 'Australia');
INSERT INTO artist (artist_id, artist_name, genre, country_of_origin) VALUES (114, 'The Toos', 'Lo-fi', 'Sweden');
INSERT INTO artist (artist_id, artist_name, genre, country_of_origin) VALUES (115, 'The Peaces', 'Bossa Nova', 'Brazil');
INSERT INTO artist (artist_id, artist_name, genre, country_of_origin) VALUES (116, 'Debbie Baker', 'Jazz Fusion', 'Australia');
INSERT INTO artist (artist_id, artist_name, genre, country_of_origin) VALUES (117, 'The Societys', 'Indie Rock', 'Sweden');
INSERT INTO artist (artist_id, artist_name, genre, country_of_origin) VALUES (118, 'Scott Scott', 'MPB', 'UK');
INSERT INTO artist (artist_id, artist_name, genre, country_of_origin) VALUES (119, 'The Stands', 'Jazz Fusion', 'Germany');
INSERT INTO artist (artist_id, artist_name, genre, country_of_origin) VALUES (120, 'Michelle Jones', 'Jazz Fusion', 'Germany');
INSERT INTO artist (artist_id, artist_name, genre, country_of_origin) VALUES (121, 'Kimberly Dean', 'Techno', 'USA');
INSERT INTO artist (artist_id, artist_name, genre, country_of_origin) VALUES (122, 'Jacob Vazquez', 'Bossa Nova', 'France');
INSERT INTO artist (artist_id, artist_name, genre, country_of_origin) VALUES (123, 'Amy Lyons', 'MPB', 'Canada');
INSERT INTO artist (artist_id, artist_name, genre, country_of_origin) VALUES (124, 'Felicia Henson', 'Techno', 'Brazil');
INSERT INTO artist (artist_id, artist_name, genre, country_of_origin) VALUES (125, 'Christian Foley', 'Bossa Nova', 'Iceland');
INSERT INTO artist (artist_id, artist_name, genre, country_of_origin) VALUES (126, 'Joel Harris', 'Bossa Nova', 'Iceland');
INSERT INTO artist (artist_id, artist_name, genre, country_of_origin) VALUES (127, 'Mary Flowers', 'Indie Rock', 'Germany');
INSERT INTO artist (artist_id, artist_name, genre, country_of_origin) VALUES (128, 'Jessica Garza', 'Heavy Metal', 'France');
INSERT INTO artist (artist_id, artist_name, genre, country_of_origin) VALUES (129, 'Daisy Stewart', 'MPB', 'Canada');
INSERT INTO artist (artist_id, artist_name, genre, country_of_origin) VALUES (130, 'Ethan Kelley', 'Lo-fi', 'Brazil');
INSERT INTO artist (artist_id, artist_name, genre, country_of_origin) VALUES (131, 'Brian Peters', 'Indie Rock', 'UK');
INSERT INTO artist (artist_id, artist_name, genre, country_of_origin) VALUES (132, 'The Particularlys', 'Jazz Fusion', 'France');
INSERT INTO artist (artist_id, artist_name, genre, country_of_origin) VALUES (133, 'The Smiles', 'Synthwave', 'Brazil');
INSERT INTO artist (artist_id, artist_name, genre, country_of_origin) VALUES (134, 'The Financials', 'Lo-fi', 'Germany');
INSERT INTO artist (artist_id, artist_name, genre, country_of_origin) VALUES (135, 'Alicia Martinez', 'Synthwave', 'UK');
INSERT INTO artist (artist_id, artist_name, genre, country_of_origin) VALUES (136, 'Aaron York', 'Techno', 'Sweden');
INSERT INTO artist (artist_id, artist_name, genre, country_of_origin) VALUES (137, 'Joseph Ray', 'Post-Punk', 'Iceland');
INSERT INTO artist (artist_id, artist_name, genre, country_of_origin) VALUES (138, 'Susan Rogers DVM', 'Lo-fi', 'Sweden');
INSERT INTO artist (artist_id, artist_name, genre, country_of_origin) VALUES (139, 'Heather Short', 'Heavy Metal', 'France');
INSERT INTO artist (artist_id, artist_name, genre, country_of_origin) VALUES (140, 'The Fires', 'Lo-fi', 'Canada');
INSERT INTO artist (artist_id, artist_name, genre, country_of_origin) VALUES (141, 'The Alreadys', 'MPB', 'France');
INSERT INTO artist (artist_id, artist_name, genre, country_of_origin) VALUES (142, 'Justin Logan', 'Techno', 'Australia');
INSERT INTO artist (artist_id, artist_name, genre, country_of_origin) VALUES (143, 'The Uss', 'Lo-fi', 'UK');
INSERT INTO artist (artist_id, artist_name, genre, country_of_origin) VALUES (144, 'Patricia Curtis', 'Bossa Nova', 'France');
INSERT INTO artist (artist_id, artist_name, genre, country_of_origin) VALUES (145, 'The Societys', 'Bossa Nova', 'Iceland');
INSERT INTO artist (artist_id, artist_name, genre, country_of_origin) VALUES (146, 'The Himselfs', 'Phonk', 'UK');
INSERT INTO artist (artist_id, artist_name, genre, country_of_origin) VALUES (147, 'Kevin Serrano', 'Indie Rock', 'Australia');
INSERT INTO artist (artist_id, artist_name, genre, country_of_origin) VALUES (148, 'Steven Williamson', 'Phonk', 'Japan');
INSERT INTO artist (artist_id, artist_name, genre, country_of_origin) VALUES (149, 'The Words', 'Lo-fi', 'USA');
INSERT INTO artist (artist_id, artist_name, genre, country_of_origin) VALUES (150, 'Jaime Moses', 'Lo-fi', 'France');
INSERT INTO artist (artist_id, artist_name, genre, country_of_origin) VALUES (151, 'Rebecca Velasquez', 'Phonk', 'Canada');
INSERT INTO artist (artist_id, artist_name, genre, country_of_origin) VALUES (152, 'The Establishs', 'MPB', 'Japan');
INSERT INTO artist (artist_id, artist_name, genre, country_of_origin) VALUES (153, 'The Roads', 'Phonk', 'France');
INSERT INTO artist (artist_id, artist_name, genre, country_of_origin) VALUES (154, 'Alexis Wright', 'Phonk', 'USA');
INSERT INTO artist (artist_id, artist_name, genre, country_of_origin) VALUES (155, 'The Forwards', 'Techno', 'Germany');
INSERT INTO artist (artist_id, artist_name, genre, country_of_origin) VALUES (156, 'The Agrees', 'Bossa Nova', 'France');
INSERT INTO artist (artist_id, artist_name, genre, country_of_origin) VALUES (157, 'The Brothers', 'Synthwave', 'Canada');
INSERT INTO artist (artist_id, artist_name, genre, country_of_origin) VALUES (158, 'Jasmine Wiley', 'Lo-fi', 'Sweden');
INSERT INTO artist (artist_id, artist_name, genre, country_of_origin) VALUES (159, 'The Brothers', 'Phonk', 'UK');
INSERT INTO artist (artist_id, artist_name, genre, country_of_origin) VALUES (160, 'Nicole Frederick', 'Post-Punk', 'USA');
INSERT INTO artist (artist_id, artist_name, genre, country_of_origin) VALUES (161, 'The Lets', 'Phonk', 'Australia');
INSERT INTO artist (artist_id, artist_name, genre, country_of_origin) VALUES (162, 'Natalie Jacobson', 'Bossa Nova', 'Canada');
INSERT INTO artist (artist_id, artist_name, genre, country_of_origin) VALUES (163, 'The Efforts', 'Synthwave', 'Canada');
INSERT INTO artist (artist_id, artist_name, genre, country_of_origin) VALUES (164, 'The Homes', 'Techno', 'Japan');
INSERT INTO artist (artist_id, artist_name, genre, country_of_origin) VALUES (165, 'Natasha Mcdonald', 'Techno', 'Japan');
INSERT INTO artist (artist_id, artist_name, genre, country_of_origin) VALUES (166, 'Dr. Matthew Owens', 'Techno', 'Sweden');
INSERT INTO artist (artist_id, artist_name, genre, country_of_origin) VALUES (167, 'Courtney Hoover', 'MPB', 'Japan');
INSERT INTO artist (artist_id, artist_name, genre, country_of_origin) VALUES (168, 'Joan Garza', 'Indie Rock', 'Australia');
INSERT INTO artist (artist_id, artist_name, genre, country_of_origin) VALUES (169, 'Tammy Bowman', 'Jazz Fusion', 'Australia');
INSERT INTO artist (artist_id, artist_name, genre, country_of_origin) VALUES (170, 'The Sources', 'Bossa Nova', 'Canada');
INSERT INTO artist (artist_id, artist_name, genre, country_of_origin) VALUES (171, 'The Involves', 'Techno', 'Japan');
INSERT INTO artist (artist_id, artist_name, genre, country_of_origin) VALUES (172, 'The Executives', 'Jazz Fusion', 'USA');
INSERT INTO artist (artist_id, artist_name, genre, country_of_origin) VALUES (173, 'The Woulds', 'Synthwave', 'Japan');
INSERT INTO artist (artist_id, artist_name, genre, country_of_origin) VALUES (174, 'The Shares', 'Indie Rock', 'Iceland');
INSERT INTO artist (artist_id, artist_name, genre, country_of_origin) VALUES (175, 'The Bodys', 'MPB', 'Sweden');
INSERT INTO artist (artist_id, artist_name, genre, country_of_origin) VALUES (176, 'The Middles', 'Post-Punk', 'Japan');
INSERT INTO artist (artist_id, artist_name, genre, country_of_origin) VALUES (177, 'The Responds', 'Jazz Fusion', 'Australia');
INSERT INTO artist (artist_id, artist_name, genre, country_of_origin) VALUES (178, 'David Hernandez', 'Synthwave', 'Brazil');
INSERT INTO artist (artist_id, artist_name, genre, country_of_origin) VALUES (179, 'Ms. Jennifer Jensen', 'Phonk', 'USA');
INSERT INTO artist (artist_id, artist_name, genre, country_of_origin) VALUES (180, 'John Collins', 'Indie Rock', 'Australia');
INSERT INTO artist (artist_id, artist_name, genre, country_of_origin) VALUES (181, 'The Pms', 'Jazz Fusion', 'UK');
INSERT INTO artist (artist_id, artist_name, genre, country_of_origin) VALUES (182, 'The Polices', 'Techno', 'Iceland');
INSERT INTO artist (artist_id, artist_name, genre, country_of_origin) VALUES (183, 'Christopher Walker', 'Phonk', 'Australia');
INSERT INTO artist (artist_id, artist_name, genre, country_of_origin) VALUES (184, 'The Situations', 'Techno', 'Australia');
INSERT INTO artist (artist_id, artist_name, genre, country_of_origin) VALUES (185, 'The Agents', 'Heavy Metal', 'USA');
INSERT INTO artist (artist_id, artist_name, genre, country_of_origin) VALUES (186, 'Morgan Howard', 'Heavy Metal', 'Iceland');
INSERT INTO artist (artist_id, artist_name, genre, country_of_origin) VALUES (187, 'Rebecca Perez', 'Bossa Nova', 'Canada');
INSERT INTO artist (artist_id, artist_name, genre, country_of_origin) VALUES (188, 'Kristi Wolfe', 'Techno', 'Brazil');
INSERT INTO artist (artist_id, artist_name, genre, country_of_origin) VALUES (189, 'The Hots', 'Phonk', 'USA');
INSERT INTO artist (artist_id, artist_name, genre, country_of_origin) VALUES (190, 'The Institutions', 'Bossa Nova', 'Iceland');
INSERT INTO artist (artist_id, artist_name, genre, country_of_origin) VALUES (191, 'The Professors', 'MPB', 'Brazil');
INSERT INTO artist (artist_id, artist_name, genre, country_of_origin) VALUES (192, 'The Himselfs', 'Jazz Fusion', 'Germany');
INSERT INTO artist (artist_id, artist_name, genre, country_of_origin) VALUES (193, 'The Muchs', 'Phonk', 'Australia');
INSERT INTO artist (artist_id, artist_name, genre, country_of_origin) VALUES (194, 'Jose Wolf', 'Indie Rock', 'Australia');
INSERT INTO artist (artist_id, artist_name, genre, country_of_origin) VALUES (195, 'Katie Williams', 'Post-Punk', 'UK');
INSERT INTO artist (artist_id, artist_name, genre, country_of_origin) VALUES (196, 'Mark Morse', 'MPB', 'France');
INSERT INTO artist (artist_id, artist_name, genre, country_of_origin) VALUES (197, 'Savannah Allen', 'MPB', 'Canada');
INSERT INTO artist (artist_id, artist_name, genre, country_of_origin) VALUES (198, 'The Benefits', 'Techno', 'Japan');
INSERT INTO artist (artist_id, artist_name, genre, country_of_origin) VALUES (199, 'Erin Meadows', 'Bossa Nova', 'Germany');
INSERT INTO artist (artist_id, artist_name, genre, country_of_origin) VALUES (200, 'Donna Cline', 'Techno', 'Japan');
INSERT INTO artist (artist_id, artist_name, genre, country_of_origin) VALUES (201, 'The Drops', 'MPB', 'UK');
INSERT INTO artist (artist_id, artist_name, genre, country_of_origin) VALUES (202, 'The Partys', 'Phonk', 'UK');
INSERT INTO artist (artist_id, artist_name, genre, country_of_origin) VALUES (203, 'The Roads', 'Post-Punk', 'Japan');
INSERT INTO artist (artist_id, artist_name, genre, country_of_origin) VALUES (204, 'The Looks', 'Post-Punk', 'Australia');
INSERT INTO artist (artist_id, artist_name, genre, country_of_origin) VALUES (205, 'The Pages', 'Post-Punk', 'Germany');
INSERT INTO artist (artist_id, artist_name, genre, country_of_origin) VALUES (206, 'The Prepares', 'Lo-fi', 'Japan');
INSERT INTO artist (artist_id, artist_name, genre, country_of_origin) VALUES (207, 'James Dixon', 'Bossa Nova', 'France');
INSERT INTO artist (artist_id, artist_name, genre, country_of_origin) VALUES (208, 'Thomas Lopez', 'Synthwave', 'Germany');
INSERT INTO artist (artist_id, artist_name, genre, country_of_origin) VALUES (209, 'Mary Carroll', 'Indie Rock', 'Germany');
INSERT INTO artist (artist_id, artist_name, genre, country_of_origin) VALUES (210, 'The Foots', 'Indie Rock', 'France');
INSERT INTO artist (artist_id, artist_name, genre, country_of_origin) VALUES (211, 'Jessica Williams', 'Synthwave', 'Iceland');
INSERT INTO artist (artist_id, artist_name, genre, country_of_origin) VALUES (212, 'Beverly Jones', 'Jazz Fusion', 'France');
INSERT INTO artist (artist_id, artist_name, genre, country_of_origin) VALUES (213, 'Shane Wade', 'Indie Rock', 'USA');
INSERT INTO artist (artist_id, artist_name, genre, country_of_origin) VALUES (214, 'The Develops', 'MPB', 'USA');
INSERT INTO artist (artist_id, artist_name, genre, country_of_origin) VALUES (215, 'The Means', 'Jazz Fusion', 'Sweden');
INSERT INTO artist (artist_id, artist_name, genre, country_of_origin) VALUES (216, 'Bryce Simpson', 'Synthwave', 'Iceland');
INSERT INTO artist (artist_id, artist_name, genre, country_of_origin) VALUES (217, 'The Naturals', 'MPB', 'Brazil');
INSERT INTO artist (artist_id, artist_name, genre, country_of_origin) VALUES (218, 'The Yets', 'Heavy Metal', 'Sweden');
INSERT INTO artist (artist_id, artist_name, genre, country_of_origin) VALUES (219, 'Nicole Hunter', 'MPB', 'Canada');
INSERT INTO artist (artist_id, artist_name, genre, country_of_origin) VALUES (220, 'The Individuals', 'Techno', 'Japan');
INSERT INTO artist (artist_id, artist_name, genre, country_of_origin) VALUES (221, 'Antonio Nicholson', 'Indie Rock', 'UK');
INSERT INTO artist (artist_id, artist_name, genre, country_of_origin) VALUES (222, 'Ashley Williams', 'Post-Punk', 'France');
INSERT INTO artist (artist_id, artist_name, genre, country_of_origin) VALUES (223, 'The Uss', 'Phonk', 'Japan');
INSERT INTO artist (artist_id, artist_name, genre, country_of_origin) VALUES (224, 'The Assumes', 'Jazz Fusion', 'Brazil');
INSERT INTO artist (artist_id, artist_name, genre, country_of_origin) VALUES (225, 'The Necessarys', 'Heavy Metal', 'Japan');
INSERT INTO artist (artist_id, artist_name, genre, country_of_origin) VALUES (226, 'The Weights', 'Synthwave', 'USA');
INSERT INTO artist (artist_id, artist_name, genre, country_of_origin) VALUES (227, 'The Governments', 'Phonk', 'Germany');
INSERT INTO artist (artist_id, artist_name, genre, country_of_origin) VALUES (228, 'The Powers', 'Post-Punk', 'UK');
INSERT INTO artist (artist_id, artist_name, genre, country_of_origin) VALUES (229, 'Douglas Zimmerman', 'Phonk', 'Japan');
INSERT INTO artist (artist_id, artist_name, genre, country_of_origin) VALUES (230, 'Derrick Ibarra', 'Phonk', 'Canada');
INSERT INTO artist (artist_id, artist_name, genre, country_of_origin) VALUES (231, 'Megan Holt', 'Jazz Fusion', 'Germany');
INSERT INTO artist (artist_id, artist_name, genre, country_of_origin) VALUES (232, 'Carrie Walsh', 'Heavy Metal', 'Canada');
INSERT INTO artist (artist_id, artist_name, genre, country_of_origin) VALUES (233, 'The Teachers', 'Heavy Metal', 'Canada');
INSERT INTO artist (artist_id, artist_name, genre, country_of_origin) VALUES (234, 'Kristy Brown', 'MPB', 'Australia');
INSERT INTO artist (artist_id, artist_name, genre, country_of_origin) VALUES (235, 'The Skins', 'Bossa Nova', 'UK');
INSERT INTO artist (artist_id, artist_name, genre, country_of_origin) VALUES (236, 'Derrick Chavez', 'Post-Punk', 'Brazil');
INSERT INTO artist (artist_id, artist_name, genre, country_of_origin) VALUES (237, 'The Wishs', 'Techno', 'Germany');
INSERT INTO artist (artist_id, artist_name, genre, country_of_origin) VALUES (238, 'The Sings', 'MPB', 'Iceland');
INSERT INTO artist (artist_id, artist_name, genre, country_of_origin) VALUES (239, 'The Events', 'Indie Rock', 'Japan');
INSERT INTO artist (artist_id, artist_name, genre, country_of_origin) VALUES (240, 'Leah Perez', 'Techno', 'USA');
INSERT INTO artist (artist_id, artist_name, genre, country_of_origin) VALUES (241, 'Eric Richards', 'Techno', 'UK');
INSERT INTO artist (artist_id, artist_name, genre, country_of_origin) VALUES (242, 'Robin King', 'Techno', 'Brazil');
INSERT INTO artist (artist_id, artist_name, genre, country_of_origin) VALUES (243, 'The Resources', 'Heavy Metal', 'Canada');
INSERT INTO artist (artist_id, artist_name, genre, country_of_origin) VALUES (244, 'The Ontos', 'Phonk', 'Canada');
INSERT INTO artist (artist_id, artist_name, genre, country_of_origin) VALUES (245, 'The Fulls', 'Indie Rock', 'Canada');
INSERT INTO artist (artist_id, artist_name, genre, country_of_origin) VALUES (246, 'Sarah Weaver', 'MPB', 'Iceland');
INSERT INTO artist (artist_id, artist_name, genre, country_of_origin) VALUES (247, 'The Similars', 'Lo-fi', 'Japan');
INSERT INTO artist (artist_id, artist_name, genre, country_of_origin) VALUES (248, 'The Sees', 'Synthwave', 'Japan');
INSERT INTO artist (artist_id, artist_name, genre, country_of_origin) VALUES (249, 'The Almosts', 'Jazz Fusion', 'France');
INSERT INTO artist (artist_id, artist_name, genre, country_of_origin) VALUES (250, 'Allison Smith', 'Phonk', 'France');
INSERT INTO artist (artist_id, artist_name, genre, country_of_origin) VALUES (251, 'Nathan Moore', 'Indie Rock', 'Canada');
INSERT INTO artist (artist_id, artist_name, genre, country_of_origin) VALUES (252, 'The Locals', 'Bossa Nova', 'UK');
INSERT INTO artist (artist_id, artist_name, genre, country_of_origin) VALUES (253, 'Scott Johnson', 'Heavy Metal', 'Sweden');
INSERT INTO artist (artist_id, artist_name, genre, country_of_origin) VALUES (254, 'The Tens', 'Phonk', 'USA');
INSERT INTO artist (artist_id, artist_name, genre, country_of_origin) VALUES (255, 'The Toughs', 'Jazz Fusion', 'Canada');
INSERT INTO artist (artist_id, artist_name, genre, country_of_origin) VALUES (256, 'Austin Parker', 'Synthwave', 'Sweden');
INSERT INTO artist (artist_id, artist_name, genre, country_of_origin) VALUES (257, 'Kenneth Payne', 'Techno', 'Brazil');
INSERT INTO artist (artist_id, artist_name, genre, country_of_origin) VALUES (258, 'Julie Ward', 'Indie Rock', 'UK');
INSERT INTO artist (artist_id, artist_name, genre, country_of_origin) VALUES (259, 'Jason Contreras', 'Techno', 'Brazil');
INSERT INTO artist (artist_id, artist_name, genre, country_of_origin) VALUES (260, 'The Boxs', 'Phonk', 'Germany');
INSERT INTO artist (artist_id, artist_name, genre, country_of_origin) VALUES (261, 'The Rooms', 'Indie Rock', 'Iceland');
INSERT INTO artist (artist_id, artist_name, genre, country_of_origin) VALUES (262, 'The Hotels', 'Techno', 'USA');
INSERT INTO artist (artist_id, artist_name, genre, country_of_origin) VALUES (263, 'John Dunn', 'Jazz Fusion', 'Japan');
INSERT INTO artist (artist_id, artist_name, genre, country_of_origin) VALUES (264, 'Rebecca Gonzalez', 'Jazz Fusion', 'USA');
INSERT INTO artist (artist_id, artist_name, genre, country_of_origin) VALUES (265, 'Sophia Murphy', 'Phonk', 'Iceland');
INSERT INTO artist (artist_id, artist_name, genre, country_of_origin) VALUES (266, 'The Goals', 'Post-Punk', 'Sweden');
INSERT INTO artist (artist_id, artist_name, genre, country_of_origin) VALUES (267, 'Lisa Harris', 'MPB', 'Australia');
INSERT INTO artist (artist_id, artist_name, genre, country_of_origin) VALUES (268, 'Richard Bryant', 'Indie Rock', 'Australia');
INSERT INTO artist (artist_id, artist_name, genre, country_of_origin) VALUES (269, 'The Boys', 'Post-Punk', 'USA');
INSERT INTO artist (artist_id, artist_name, genre, country_of_origin) VALUES (270, 'Larry Hayes MD', 'Techno', 'Brazil');
INSERT INTO artist (artist_id, artist_name, genre, country_of_origin) VALUES (271, 'The Taxs', 'Techno', 'Germany');
INSERT INTO artist (artist_id, artist_name, genre, country_of_origin) VALUES (272, 'Jennifer Hickman', 'Jazz Fusion', 'France');
INSERT INTO artist (artist_id, artist_name, genre, country_of_origin) VALUES (273, 'Tiffany Turner', 'MPB', 'UK');
INSERT INTO artist (artist_id, artist_name, genre, country_of_origin) VALUES (274, 'John Kramer', 'Post-Punk', 'USA');
INSERT INTO artist (artist_id, artist_name, genre, country_of_origin) VALUES (275, 'Curtis Clark', 'Phonk', 'Australia');
INSERT INTO artist (artist_id, artist_name, genre, country_of_origin) VALUES (276, 'The Civils', 'Indie Rock', 'Canada');
INSERT INTO artist (artist_id, artist_name, genre, country_of_origin) VALUES (277, 'Nathan Miller', 'MPB', 'Sweden');
INSERT INTO artist (artist_id, artist_name, genre, country_of_origin) VALUES (278, 'The Cells', 'Techno', 'Australia');
INSERT INTO artist (artist_id, artist_name, genre, country_of_origin) VALUES (279, 'Robert Trevino', 'Heavy Metal', 'Sweden');
INSERT INTO artist (artist_id, artist_name, genre, country_of_origin) VALUES (280, 'The Doctors', 'Lo-fi', 'France');
INSERT INTO artist (artist_id, artist_name, genre, country_of_origin) VALUES (281, 'Scott Lane', 'Post-Punk', 'Australia');
INSERT INTO artist (artist_id, artist_name, genre, country_of_origin) VALUES (282, 'The Halfs', 'Heavy Metal', 'Iceland');
INSERT INTO artist (artist_id, artist_name, genre, country_of_origin) VALUES (283, 'Brian Pham', 'Phonk', 'Germany');
INSERT INTO artist (artist_id, artist_name, genre, country_of_origin) VALUES (284, 'John Evans', 'Jazz Fusion', 'USA');
INSERT INTO artist (artist_id, artist_name, genre, country_of_origin) VALUES (285, 'The Behinds', 'MPB', 'UK');
INSERT INTO artist (artist_id, artist_name, genre, country_of_origin) VALUES (286, 'The Sevens', 'Phonk', 'UK');
INSERT INTO artist (artist_id, artist_name, genre, country_of_origin) VALUES (287, 'The Suggests', 'Phonk', 'USA');
INSERT INTO artist (artist_id, artist_name, genre, country_of_origin) VALUES (288, 'Joseph Graham', 'Lo-fi', 'Sweden');
INSERT INTO artist (artist_id, artist_name, genre, country_of_origin) VALUES (289, 'The Fulls', 'Indie Rock', 'France');
INSERT INTO artist (artist_id, artist_name, genre, country_of_origin) VALUES (290, 'Joshua Flores', 'Post-Punk', 'Sweden');
INSERT INTO artist (artist_id, artist_name, genre, country_of_origin) VALUES (291, 'The Cells', 'Indie Rock', 'UK');
INSERT INTO artist (artist_id, artist_name, genre, country_of_origin) VALUES (292, 'Devin Grant', 'Bossa Nova', 'Canada');
INSERT INTO artist (artist_id, artist_name, genre, country_of_origin) VALUES (293, 'Joseph Bell', 'Heavy Metal', 'France');
INSERT INTO artist (artist_id, artist_name, genre, country_of_origin) VALUES (294, 'The Outs', 'Indie Rock', 'USA');
INSERT INTO artist (artist_id, artist_name, genre, country_of_origin) VALUES (295, 'The Draws', 'Synthwave', 'Japan');
INSERT INTO artist (artist_id, artist_name, genre, country_of_origin) VALUES (296, 'The Networks', 'MPB', 'Japan');
INSERT INTO artist (artist_id, artist_name, genre, country_of_origin) VALUES (297, 'Sarah Cain', 'Synthwave', 'France');
INSERT INTO artist (artist_id, artist_name, genre, country_of_origin) VALUES (298, 'Robert Matthews', 'Bossa Nova', 'UK');
INSERT INTO artist (artist_id, artist_name, genre, country_of_origin) VALUES (299, 'Brian Cruz', 'Bossa Nova', 'Canada');
INSERT INTO artist (artist_id, artist_name, genre, country_of_origin) VALUES (300, 'Joan Dawson', 'Synthwave', 'USA');
INSERT INTO artist (artist_id, artist_name, genre, country_of_origin) VALUES (301, 'Matthew Thompson', 'Jazz Fusion', 'France');
INSERT INTO artist (artist_id, artist_name, genre, country_of_origin) VALUES (302, 'The Anothers', 'Post-Punk', 'France');
INSERT INTO artist (artist_id, artist_name, genre, country_of_origin) VALUES (303, 'Tara Leonard MD', 'Lo-fi', 'UK');
INSERT INTO artist (artist_id, artist_name, genre, country_of_origin) VALUES (304, 'The Lawyers', 'Synthwave', 'Germany');
INSERT INTO artist (artist_id, artist_name, genre, country_of_origin) VALUES (305, 'Valerie Bradley', 'Phonk', 'Japan');
INSERT INTO artist (artist_id, artist_name, genre, country_of_origin) VALUES (306, 'The Skills', 'MPB', 'Australia');
INSERT INTO artist (artist_id, artist_name, genre, country_of_origin) VALUES (307, 'The Reports', 'MPB', 'USA');
INSERT INTO artist (artist_id, artist_name, genre, country_of_origin) VALUES (308, 'The Positives', 'Lo-fi', 'UK');
INSERT INTO artist (artist_id, artist_name, genre, country_of_origin) VALUES (309, 'The Fours', 'Indie Rock', 'Sweden');
INSERT INTO artist (artist_id, artist_name, genre, country_of_origin) VALUES (310, 'David Smith', 'Lo-fi', 'France');
INSERT INTO artist (artist_id, artist_name, genre, country_of_origin) VALUES (311, 'The Millions', 'Indie Rock', 'Australia');
INSERT INTO artist (artist_id, artist_name, genre, country_of_origin) VALUES (312, 'Richard Rogers', 'Heavy Metal', 'USA');
INSERT INTO artist (artist_id, artist_name, genre, country_of_origin) VALUES (313, 'The Issues', 'Bossa Nova', 'Japan');
INSERT INTO artist (artist_id, artist_name, genre, country_of_origin) VALUES (314, 'The Afters', 'Techno', 'Sweden');
INSERT INTO artist (artist_id, artist_name, genre, country_of_origin) VALUES (315, 'Michelle Lopez', 'Jazz Fusion', 'USA');
INSERT INTO artist (artist_id, artist_name, genre, country_of_origin) VALUES (316, 'The Considers', 'Jazz Fusion', 'UK');
INSERT INTO artist (artist_id, artist_name, genre, country_of_origin) VALUES (317, 'The Proves', 'Indie Rock', 'USA');
INSERT INTO artist (artist_id, artist_name, genre, country_of_origin) VALUES (318, 'Rachel Smith', 'Techno', 'Japan');
INSERT INTO artist (artist_id, artist_name, genre, country_of_origin) VALUES (319, 'Dawn Larson', 'Post-Punk', 'Germany');
INSERT INTO artist (artist_id, artist_name, genre, country_of_origin) VALUES (320, 'The Draws', 'Phonk', 'Brazil');
INSERT INTO artist (artist_id, artist_name, genre, country_of_origin) VALUES (321, 'Angela Cuevas', 'Post-Punk', 'Germany');
INSERT INTO artist (artist_id, artist_name, genre, country_of_origin) VALUES (322, 'The Millions', 'Lo-fi', 'Brazil');
INSERT INTO artist (artist_id, artist_name, genre, country_of_origin) VALUES (323, 'David Gonzalez', 'Phonk', 'Sweden');
INSERT INTO artist (artist_id, artist_name, genre, country_of_origin) VALUES (324, 'The Certainlys', 'Phonk', 'Germany');
INSERT INTO artist (artist_id, artist_name, genre, country_of_origin) VALUES (325, 'Angel Edwards', 'Phonk', 'Australia');
INSERT INTO artist (artist_id, artist_name, genre, country_of_origin) VALUES (326, 'The Traditionals', 'Heavy Metal', 'France');
INSERT INTO artist (artist_id, artist_name, genre, country_of_origin) VALUES (327, 'Crystal Ingram', 'Bossa Nova', 'Sweden');
INSERT INTO artist (artist_id, artist_name, genre, country_of_origin) VALUES (328, 'William Wade', 'Jazz Fusion', 'Japan');
INSERT INTO artist (artist_id, artist_name, genre, country_of_origin) VALUES (329, 'The Hards', 'Phonk', 'UK');
INSERT INTO artist (artist_id, artist_name, genre, country_of_origin) VALUES (330, 'The Ins', 'Phonk', 'Germany');
INSERT INTO artist (artist_id, artist_name, genre, country_of_origin) VALUES (331, 'The Tasks', 'Phonk', 'UK');
INSERT INTO artist (artist_id, artist_name, genre, country_of_origin) VALUES (332, 'David Williams', 'Techno', 'Canada');
INSERT INTO artist (artist_id, artist_name, genre, country_of_origin) VALUES (333, 'James Buck', 'Bossa Nova', 'Canada');
INSERT INTO artist (artist_id, artist_name, genre, country_of_origin) VALUES (334, 'The Eyes', 'Synthwave', 'Germany');
INSERT INTO artist (artist_id, artist_name, genre, country_of_origin) VALUES (335, 'Melissa Gilbert', 'Jazz Fusion', 'Canada');
INSERT INTO artist (artist_id, artist_name, genre, country_of_origin) VALUES (336, 'The Themselvess', 'Bossa Nova', 'Canada');
INSERT INTO artist (artist_id, artist_name, genre, country_of_origin) VALUES (337, 'Susan Hester', 'Jazz Fusion', 'Australia');
INSERT INTO artist (artist_id, artist_name, genre, country_of_origin) VALUES (338, 'John Hart', 'Phonk', 'France');
INSERT INTO artist (artist_id, artist_name, genre, country_of_origin) VALUES (339, 'Sabrina Mason', 'Heavy Metal', 'Germany');
INSERT INTO artist (artist_id, artist_name, genre, country_of_origin) VALUES (340, 'Jason Garcia', 'Techno', 'Canada');
INSERT INTO artist (artist_id, artist_name, genre, country_of_origin) VALUES (341, 'Austin Johnson', 'Phonk', 'Sweden');
INSERT INTO artist (artist_id, artist_name, genre, country_of_origin) VALUES (342, 'Carolyn Frank', 'Phonk', 'Sweden');
INSERT INTO artist (artist_id, artist_name, genre, country_of_origin) VALUES (343, 'The Wests', 'Jazz Fusion', 'Canada');
INSERT INTO artist (artist_id, artist_name, genre, country_of_origin) VALUES (344, 'Tammy Grant', 'Heavy Metal', 'Brazil');
INSERT INTO artist (artist_id, artist_name, genre, country_of_origin) VALUES (345, 'Amber Malone', 'Phonk', 'Canada');
INSERT INTO artist (artist_id, artist_name, genre, country_of_origin) VALUES (346, 'The Hots', 'Heavy Metal', 'Sweden');
INSERT INTO artist (artist_id, artist_name, genre, country_of_origin) VALUES (347, 'Elizabeth Oneill', 'Bossa Nova', 'Iceland');
INSERT INTO artist (artist_id, artist_name, genre, country_of_origin) VALUES (348, 'The Healths', 'Jazz Fusion', 'France');
INSERT INTO artist (artist_id, artist_name, genre, country_of_origin) VALUES (349, 'Sara Chen', 'Indie Rock', 'Sweden');
INSERT INTO artist (artist_id, artist_name, genre, country_of_origin) VALUES (350, 'Kathleen Gray', 'Indie Rock', 'UK');
INSERT INTO artist (artist_id, artist_name, genre, country_of_origin) VALUES (351, 'Kelly Adams', 'Synthwave', 'UK');
INSERT INTO artist (artist_id, artist_name, genre, country_of_origin) VALUES (352, 'The Ours', 'Phonk', 'Germany');
INSERT INTO artist (artist_id, artist_name, genre, country_of_origin) VALUES (353, 'Michael Duncan', 'Post-Punk', 'Japan');
INSERT INTO artist (artist_id, artist_name, genre, country_of_origin) VALUES (354, 'Amanda Green', 'Techno', 'France');
INSERT INTO artist (artist_id, artist_name, genre, country_of_origin) VALUES (355, 'Robert Cantu', 'Jazz Fusion', 'Germany');
INSERT INTO artist (artist_id, artist_name, genre, country_of_origin) VALUES (356, 'The Himselfs', 'Techno', 'Sweden');
INSERT INTO artist (artist_id, artist_name, genre, country_of_origin) VALUES (357, 'Nancy Villanueva', 'Post-Punk', 'Japan');
INSERT INTO artist (artist_id, artist_name, genre, country_of_origin) VALUES (358, 'Mark Huff', 'Techno', 'France');
INSERT INTO artist (artist_id, artist_name, genre, country_of_origin) VALUES (359, 'Laura Davis', 'Synthwave', 'Canada');
INSERT INTO artist (artist_id, artist_name, genre, country_of_origin) VALUES (360, 'The Exists', 'Synthwave', 'Japan');
INSERT INTO artist (artist_id, artist_name, genre, country_of_origin) VALUES (361, 'The Voices', 'Bossa Nova', 'UK');
INSERT INTO artist (artist_id, artist_name, genre, country_of_origin) VALUES (362, 'Elizabeth Lewis', 'Indie Rock', 'Iceland');
INSERT INTO artist (artist_id, artist_name, genre, country_of_origin) VALUES (363, 'The Impacts', 'Lo-fi', 'Brazil');
INSERT INTO artist (artist_id, artist_name, genre, country_of_origin) VALUES (364, 'The Fears', 'Bossa Nova', 'Sweden');
INSERT INTO artist (artist_id, artist_name, genre, country_of_origin) VALUES (365, 'Margaret Holt', 'Jazz Fusion', 'Germany');
INSERT INTO artist (artist_id, artist_name, genre, country_of_origin) VALUES (366, 'Tim Wilcox', 'MPB', 'UK');
INSERT INTO artist (artist_id, artist_name, genre, country_of_origin) VALUES (367, 'The Languages', 'Indie Rock', 'UK');
INSERT INTO artist (artist_id, artist_name, genre, country_of_origin) VALUES (368, 'Shane Wilson', 'Jazz Fusion', 'Brazil');
INSERT INTO artist (artist_id, artist_name, genre, country_of_origin) VALUES (369, 'The Policys', 'MPB', 'Japan');
INSERT INTO artist (artist_id, artist_name, genre, country_of_origin) VALUES (370, 'The Things', 'Post-Punk', 'France');
INSERT INTO artist (artist_id, artist_name, genre, country_of_origin) VALUES (371, 'Kristine King', 'Synthwave', 'UK');
INSERT INTO artist (artist_id, artist_name, genre, country_of_origin) VALUES (372, 'The Charges', 'Synthwave', 'Germany');
INSERT INTO artist (artist_id, artist_name, genre, country_of_origin) VALUES (373, 'Elizabeth Potter', 'Techno', 'Brazil');
INSERT INTO artist (artist_id, artist_name, genre, country_of_origin) VALUES (374, 'The Bases', 'Bossa Nova', 'Germany');
INSERT INTO artist (artist_id, artist_name, genre, country_of_origin) VALUES (375, 'Frank Reyes', 'Bossa Nova', 'France');
INSERT INTO artist (artist_id, artist_name, genre, country_of_origin) VALUES (376, 'Autumn Preston', 'Indie Rock', 'Germany');
INSERT INTO artist (artist_id, artist_name, genre, country_of_origin) VALUES (377, 'Nicole Collins', 'Lo-fi', 'USA');
INSERT INTO artist (artist_id, artist_name, genre, country_of_origin) VALUES (378, 'Andrew Jones MD', 'Techno', 'France');
INSERT INTO artist (artist_id, artist_name, genre, country_of_origin) VALUES (379, 'The Guesss', 'MPB', 'Australia');
INSERT INTO artist (artist_id, artist_name, genre, country_of_origin) VALUES (380, 'The Thoses', 'MPB', 'Germany');
INSERT INTO artist (artist_id, artist_name, genre, country_of_origin) VALUES (381, 'The Hims', 'Post-Punk', 'Sweden');
INSERT INTO artist (artist_id, artist_name, genre, country_of_origin) VALUES (382, 'The Probablys', 'Bossa Nova', 'Iceland');
INSERT INTO artist (artist_id, artist_name, genre, country_of_origin) VALUES (383, 'The Candidates', 'Phonk', 'Germany');
INSERT INTO artist (artist_id, artist_name, genre, country_of_origin) VALUES (384, 'Mr. Nathan Garner', 'Phonk', 'Brazil');
INSERT INTO artist (artist_id, artist_name, genre, country_of_origin) VALUES (385, 'David Archer', 'Bossa Nova', 'Australia');
INSERT INTO artist (artist_id, artist_name, genre, country_of_origin) VALUES (386, 'The Childs', 'Heavy Metal', 'France');
INSERT INTO artist (artist_id, artist_name, genre, country_of_origin) VALUES (387, 'Randall Sims', 'Heavy Metal', 'France');
INSERT INTO artist (artist_id, artist_name, genre, country_of_origin) VALUES (388, 'Jonathan Ryan', 'Techno', 'Australia');
INSERT INTO artist (artist_id, artist_name, genre, country_of_origin) VALUES (389, 'The Justs', 'Heavy Metal', 'Sweden');
INSERT INTO artist (artist_id, artist_name, genre, country_of_origin) VALUES (390, 'The Focuss', 'Heavy Metal', 'Japan');
INSERT INTO artist (artist_id, artist_name, genre, country_of_origin) VALUES (391, 'Michael Holland', 'Indie Rock', 'Iceland');
INSERT INTO artist (artist_id, artist_name, genre, country_of_origin) VALUES (392, 'Tyler Schmidt', 'Post-Punk', 'USA');
INSERT INTO artist (artist_id, artist_name, genre, country_of_origin) VALUES (393, 'The Levels', 'Synthwave', 'UK');
INSERT INTO artist (artist_id, artist_name, genre, country_of_origin) VALUES (394, 'Heather Petersen', 'Techno', 'USA');
INSERT INTO artist (artist_id, artist_name, genre, country_of_origin) VALUES (395, 'Alicia Brown', 'MPB', 'UK');
INSERT INTO artist (artist_id, artist_name, genre, country_of_origin) VALUES (396, 'The Relates', 'Post-Punk', 'France');
INSERT INTO artist (artist_id, artist_name, genre, country_of_origin) VALUES (397, 'Ryan Young', 'Post-Punk', 'Canada');
INSERT INTO artist (artist_id, artist_name, genre, country_of_origin) VALUES (398, 'The Nices', 'Post-Punk', 'Germany');
INSERT INTO artist (artist_id, artist_name, genre, country_of_origin) VALUES (399, 'Melanie Garcia', 'Indie Rock', 'Brazil');
INSERT INTO artist (artist_id, artist_name, genre, country_of_origin) VALUES (400, 'Rachel Ware', 'Techno', 'Sweden');

-- INSERT ALBUMS AND SONGS
INSERT INTO album (album_id, artist_id, title, release_year, created_at) VALUES (1, 1, 'Synergized fault-tolerant middleware', 2006, NOW());
INSERT INTO song (song_id, album_id, name, duration_seconds, bpm, track_number) VALUES (1, 1, 'Suggest', 416, 82, 1);
INSERT INTO song (song_id, album_id, name, duration_seconds, bpm, track_number) VALUES (2, 1, 'Material myself', 476, 146, 2);
INSERT INTO song (song_id, album_id, name, duration_seconds, bpm, track_number) VALUES (3, 1, 'Wife east', 301, 150, 3);
INSERT INTO song (song_id, album_id, name, duration_seconds, bpm, track_number) VALUES (4, 1, 'Here', 144, 60, 4);
INSERT INTO song (song_id, album_id, name, duration_seconds, bpm, track_number) VALUES (5, 1, 'Weight others explain past', 413, 91, 5);
INSERT INTO song (song_id, album_id, name, duration_seconds, bpm, track_number) VALUES (6, 1, 'Player both', 340, 71, 6);
INSERT INTO song (song_id, album_id, name, duration_seconds, bpm, track_number) VALUES (7, 1, 'Economy source her church', 417, 91, 7);
INSERT INTO album (album_id, artist_id, title, release_year, created_at) VALUES (2, 2, 'Balanced dynamic framework', 2022, NOW());
INSERT INTO song (song_id, album_id, name, duration_seconds, bpm, track_number) VALUES (8, 2, 'I face', 319, 106, 1);
INSERT INTO song (song_id, album_id, name, duration_seconds, bpm, track_number) VALUES (9, 2, 'Cup value carry glass', 441, 169, 2);
INSERT INTO song (song_id, album_id, name, duration_seconds, bpm, track_number) VALUES (10, 2, 'Some', 361, 91, 3);
INSERT INTO song (song_id, album_id, name, duration_seconds, bpm, track_number) VALUES (11, 2, 'Picture quite us', 244, 146, 4);
INSERT INTO song (song_id, album_id, name, duration_seconds, bpm, track_number) VALUES (12, 2, 'Soldier', 427, 104, 5);
INSERT INTO album (album_id, artist_id, title, release_year, created_at) VALUES (3, 3, 'Synchronized asymmetric methodology', 1975, NOW());
INSERT INTO song (song_id, album_id, name, duration_seconds, bpm, track_number) VALUES (13, 3, 'Bag', 121, 61, 1);
INSERT INTO song (song_id, album_id, name, duration_seconds, bpm, track_number) VALUES (14, 3, 'Light beautiful', 246, 78, 2);
INSERT INTO song (song_id, album_id, name, duration_seconds, bpm, track_number) VALUES (15, 3, 'Usually property knowledge', 371, 60, 3);
INSERT INTO song (song_id, album_id, name, duration_seconds, bpm, track_number) VALUES (16, 3, 'Heart', 141, 86, 4);
INSERT INTO song (song_id, album_id, name, duration_seconds, bpm, track_number) VALUES (17, 3, 'We', 313, 136, 5);
INSERT INTO song (song_id, album_id, name, duration_seconds, bpm, track_number) VALUES (18, 3, 'Sit effect', 445, 138, 6);
INSERT INTO song (song_id, album_id, name, duration_seconds, bpm, track_number) VALUES (19, 3, 'Read attention', 268, 164, 7);
INSERT INTO song (song_id, album_id, name, duration_seconds, bpm, track_number) VALUES (20, 3, 'Beyond', 443, 167, 8);
INSERT INTO album (album_id, artist_id, title, release_year, created_at) VALUES (4, 4, 'Fundamental contextually-based standardization', 1983, NOW());
INSERT INTO song (song_id, album_id, name, duration_seconds, bpm, track_number) VALUES (21, 4, 'Sure', 474, 113, 1);
INSERT INTO song (song_id, album_id, name, duration_seconds, bpm, track_number) VALUES (22, 4, 'Road add large', 398, 156, 2);
INSERT INTO song (song_id, album_id, name, duration_seconds, bpm, track_number) VALUES (23, 4, 'Anyone', 121, 167, 3);
INSERT INTO song (song_id, album_id, name, duration_seconds, bpm, track_number) VALUES (24, 4, 'Similar themselves', 332, 144, 4);
INSERT INTO song (song_id, album_id, name, duration_seconds, bpm, track_number) VALUES (25, 4, 'Answer drug', 476, 105, 5);
INSERT INTO song (song_id, album_id, name, duration_seconds, bpm, track_number) VALUES (26, 4, 'Music computer stop successful', 226, 69, 6);
INSERT INTO song (song_id, album_id, name, duration_seconds, bpm, track_number) VALUES (27, 4, 'Prove look when term suggest', 236, 163, 7);
INSERT INTO song (song_id, album_id, name, duration_seconds, bpm, track_number) VALUES (28, 4, 'Case he', 234, 110, 8);
INSERT INTO song (song_id, album_id, name, duration_seconds, bpm, track_number) VALUES (29, 4, 'Crime western agreement', 436, 91, 9);
INSERT INTO album (album_id, artist_id, title, release_year, created_at) VALUES (5, 4, 'Quality-focused context-sensitive open system', 2006, NOW());
INSERT INTO song (song_id, album_id, name, duration_seconds, bpm, track_number) VALUES (30, 5, 'True', 296, 82, 1);
INSERT INTO song (song_id, album_id, name, duration_seconds, bpm, track_number) VALUES (31, 5, 'Occur trade condition before', 355, 96, 2);
INSERT INTO song (song_id, album_id, name, duration_seconds, bpm, track_number) VALUES (32, 5, 'Impact', 253, 170, 3);
INSERT INTO song (song_id, album_id, name, duration_seconds, bpm, track_number) VALUES (33, 5, 'Any', 125, 60, 4);
INSERT INTO song (song_id, album_id, name, duration_seconds, bpm, track_number) VALUES (34, 5, 'Hundred nation score', 135, 132, 5);
INSERT INTO song (song_id, album_id, name, duration_seconds, bpm, track_number) VALUES (35, 5, 'Upon', 161, 73, 6);
INSERT INTO song (song_id, album_id, name, duration_seconds, bpm, track_number) VALUES (36, 5, 'Pull politics serve fear ask', 301, 68, 7);
INSERT INTO song (song_id, album_id, name, duration_seconds, bpm, track_number) VALUES (37, 5, 'Southern age team', 382, 62, 8);
INSERT INTO album (album_id, artist_id, title, release_year, created_at) VALUES (6, 5, 'Object-based attitude-oriented solution', 2003, NOW());
INSERT INTO song (song_id, album_id, name, duration_seconds, bpm, track_number) VALUES (38, 6, 'Evidence young', 196, 118, 1);
INSERT INTO song (song_id, album_id, name, duration_seconds, bpm, track_number) VALUES (39, 6, 'Source', 385, 164, 2);
INSERT INTO song (song_id, album_id, name, duration_seconds, bpm, track_number) VALUES (40, 6, 'Agency', 425, 174, 3);
INSERT INTO song (song_id, album_id, name, duration_seconds, bpm, track_number) VALUES (41, 6, 'Point decision', 127, 80, 4);
INSERT INTO song (song_id, album_id, name, duration_seconds, bpm, track_number) VALUES (42, 6, 'Million too', 307, 84, 5);
INSERT INTO song (song_id, album_id, name, duration_seconds, bpm, track_number) VALUES (43, 6, 'Ago drop', 431, 158, 6);
INSERT INTO song (song_id, album_id, name, duration_seconds, bpm, track_number) VALUES (44, 6, 'Purpose it', 195, 154, 7);
INSERT INTO song (song_id, album_id, name, duration_seconds, bpm, track_number) VALUES (45, 6, 'Turn even', 172, 126, 8);
INSERT INTO album (album_id, artist_id, title, release_year, created_at) VALUES (7, 6, 'Progressive value-added protocol', 2006, NOW());
INSERT INTO song (song_id, album_id, name, duration_seconds, bpm, track_number) VALUES (46, 7, 'Enough', 418, 155, 1);
INSERT INTO song (song_id, album_id, name, duration_seconds, bpm, track_number) VALUES (47, 7, 'Less ever', 170, 149, 2);
INSERT INTO song (song_id, album_id, name, duration_seconds, bpm, track_number) VALUES (48, 7, 'Tree', 361, 148, 3);
INSERT INTO song (song_id, album_id, name, duration_seconds, bpm, track_number) VALUES (49, 7, 'Manage early', 203, 62, 4);
INSERT INTO song (song_id, album_id, name, duration_seconds, bpm, track_number) VALUES (50, 7, 'Something', 137, 125, 5);
INSERT INTO song (song_id, album_id, name, duration_seconds, bpm, track_number) VALUES (51, 7, 'Beyond', 150, 87, 6);
INSERT INTO song (song_id, album_id, name, duration_seconds, bpm, track_number) VALUES (52, 7, 'Present against lead', 156, 86, 7);
INSERT INTO album (album_id, artist_id, title, release_year, created_at) VALUES (8, 6, 'Enterprise-wide 3rdgeneration paradigm', 1993, NOW());
INSERT INTO song (song_id, album_id, name, duration_seconds, bpm, track_number) VALUES (53, 8, 'Strong rise spend', 165, 173, 1);
INSERT INTO song (song_id, album_id, name, duration_seconds, bpm, track_number) VALUES (54, 8, 'Wear', 469, 150, 2);
INSERT INTO song (song_id, album_id, name, duration_seconds, bpm, track_number) VALUES (55, 8, 'Same husband', 351, 104, 3);
INSERT INTO song (song_id, album_id, name, duration_seconds, bpm, track_number) VALUES (56, 8, 'Black', 224, 166, 4);
INSERT INTO song (song_id, album_id, name, duration_seconds, bpm, track_number) VALUES (57, 8, 'That', 204, 158, 5);
INSERT INTO song (song_id, album_id, name, duration_seconds, bpm, track_number) VALUES (58, 8, 'Green trial community', 367, 124, 6);
INSERT INTO album (album_id, artist_id, title, release_year, created_at) VALUES (9, 7, 'Digitized zero-defect instruction set', 1982, NOW());
INSERT INTO song (song_id, album_id, name, duration_seconds, bpm, track_number) VALUES (59, 9, 'Coach', 465, 180, 1);
INSERT INTO song (song_id, album_id, name, duration_seconds, bpm, track_number) VALUES (60, 9, 'Home issue', 463, 133, 2);
INSERT INTO song (song_id, album_id, name, duration_seconds, bpm, track_number) VALUES (61, 9, 'Just bank appear despite', 140, 71, 3);
INSERT INTO song (song_id, album_id, name, duration_seconds, bpm, track_number) VALUES (62, 9, 'Hope', 194, 158, 4);
INSERT INTO song (song_id, album_id, name, duration_seconds, bpm, track_number) VALUES (63, 9, 'Final', 210, 74, 5);
INSERT INTO song (song_id, album_id, name, duration_seconds, bpm, track_number) VALUES (64, 9, 'His since need nation create', 121, 166, 6);
INSERT INTO song (song_id, album_id, name, duration_seconds, bpm, track_number) VALUES (65, 9, 'As bar enjoy project', 420, 110, 7);
INSERT INTO album (album_id, artist_id, title, release_year, created_at) VALUES (10, 7, 'Quality-focused 5thgeneration open system', 1992, NOW());
INSERT INTO song (song_id, album_id, name, duration_seconds, bpm, track_number) VALUES (66, 10, 'Hear movement between energy candidate', 365, 67, 1);
INSERT INTO song (song_id, album_id, name, duration_seconds, bpm, track_number) VALUES (67, 10, 'Specific where', 225, 128, 2);
INSERT INTO song (song_id, album_id, name, duration_seconds, bpm, track_number) VALUES (68, 10, 'Lead draw significant tell keep', 223, 82, 3);
INSERT INTO song (song_id, album_id, name, duration_seconds, bpm, track_number) VALUES (69, 10, 'Thing no now', 245, 112, 4);
INSERT INTO song (song_id, album_id, name, duration_seconds, bpm, track_number) VALUES (70, 10, 'Admit', 353, 174, 5);
INSERT INTO song (song_id, album_id, name, duration_seconds, bpm, track_number) VALUES (71, 10, 'Investment', 355, 106, 6);
INSERT INTO song (song_id, album_id, name, duration_seconds, bpm, track_number) VALUES (72, 10, 'Drive', 139, 77, 7);
INSERT INTO song (song_id, album_id, name, duration_seconds, bpm, track_number) VALUES (73, 10, 'Everything appear quickly particularly', 471, 146, 8);
INSERT INTO song (song_id, album_id, name, duration_seconds, bpm, track_number) VALUES (74, 10, 'Surface', 355, 158, 9);
INSERT INTO album (album_id, artist_id, title, release_year, created_at) VALUES (11, 7, 'Exclusive full-range Graphic Interface', 1972, NOW());
INSERT INTO song (song_id, album_id, name, duration_seconds, bpm, track_number) VALUES (75, 11, 'Those cultural blue', 474, 128, 1);
INSERT INTO song (song_id, album_id, name, duration_seconds, bpm, track_number) VALUES (76, 11, 'Guess two', 392, 92, 2);
INSERT INTO song (song_id, album_id, name, duration_seconds, bpm, track_number) VALUES (77, 11, 'Each check computer miss', 359, 66, 3);
INSERT INTO song (song_id, album_id, name, duration_seconds, bpm, track_number) VALUES (78, 11, 'Those', 447, 92, 4);
INSERT INTO song (song_id, album_id, name, duration_seconds, bpm, track_number) VALUES (79, 11, 'Clear common', 435, 127, 5);
INSERT INTO album (album_id, artist_id, title, release_year, created_at) VALUES (12, 8, 'Visionary interactive emulation', 2006, NOW());
INSERT INTO song (song_id, album_id, name, duration_seconds, bpm, track_number) VALUES (80, 12, 'Low', 429, 119, 1);
INSERT INTO song (song_id, album_id, name, duration_seconds, bpm, track_number) VALUES (81, 12, 'American', 444, 85, 2);
INSERT INTO song (song_id, album_id, name, duration_seconds, bpm, track_number) VALUES (82, 12, 'Drug occur west', 307, 62, 3);
INSERT INTO song (song_id, album_id, name, duration_seconds, bpm, track_number) VALUES (83, 12, 'Fact', 197, 144, 4);
INSERT INTO song (song_id, album_id, name, duration_seconds, bpm, track_number) VALUES (84, 12, 'Into light notice', 363, 77, 5);
INSERT INTO album (album_id, artist_id, title, release_year, created_at) VALUES (13, 8, 'Optimized exuding help-desk', 1994, NOW());
INSERT INTO song (song_id, album_id, name, duration_seconds, bpm, track_number) VALUES (85, 13, 'History language world', 185, 84, 1);
INSERT INTO song (song_id, album_id, name, duration_seconds, bpm, track_number) VALUES (86, 13, 'Senior', 181, 172, 2);
INSERT INTO song (song_id, album_id, name, duration_seconds, bpm, track_number) VALUES (87, 13, 'Outside could', 357, 135, 3);
INSERT INTO song (song_id, album_id, name, duration_seconds, bpm, track_number) VALUES (88, 13, 'Off point reality stand', 159, 106, 4);
INSERT INTO song (song_id, album_id, name, duration_seconds, bpm, track_number) VALUES (89, 13, 'Because', 241, 160, 5);
INSERT INTO song (song_id, album_id, name, duration_seconds, bpm, track_number) VALUES (90, 13, 'Action until', 232, 132, 6);
INSERT INTO song (song_id, album_id, name, duration_seconds, bpm, track_number) VALUES (91, 13, 'Difference president', 453, 81, 7);
INSERT INTO song (song_id, album_id, name, duration_seconds, bpm, track_number) VALUES (92, 13, 'Get', 355, 144, 8);
INSERT INTO album (album_id, artist_id, title, release_year, created_at) VALUES (14, 9, 'Visionary value-added portal', 2019, NOW());
INSERT INTO song (song_id, album_id, name, duration_seconds, bpm, track_number) VALUES (93, 14, 'Board agree technology', 405, 103, 1);
INSERT INTO song (song_id, album_id, name, duration_seconds, bpm, track_number) VALUES (94, 14, 'Claim by she', 185, 153, 2);
INSERT INTO song (song_id, album_id, name, duration_seconds, bpm, track_number) VALUES (95, 14, 'Stay', 438, 83, 3);
INSERT INTO song (song_id, album_id, name, duration_seconds, bpm, track_number) VALUES (96, 14, 'Response statement', 220, 108, 4);
INSERT INTO song (song_id, album_id, name, duration_seconds, bpm, track_number) VALUES (97, 14, 'Understand scene indeed', 293, 165, 5);
INSERT INTO song (song_id, album_id, name, duration_seconds, bpm, track_number) VALUES (98, 14, 'Present', 230, 143, 6);
INSERT INTO song (song_id, album_id, name, duration_seconds, bpm, track_number) VALUES (99, 14, 'Officer piece tend', 208, 139, 7);
INSERT INTO song (song_id, album_id, name, duration_seconds, bpm, track_number) VALUES (100, 14, 'Green friend might American', 404, 101, 8);
INSERT INTO album (album_id, artist_id, title, release_year, created_at) VALUES (15, 10, 'Integrated modular projection', 2018, NOW());
INSERT INTO song (song_id, album_id, name, duration_seconds, bpm, track_number) VALUES (101, 15, 'Soon store represent', 319, 94, 1);
INSERT INTO song (song_id, album_id, name, duration_seconds, bpm, track_number) VALUES (102, 15, 'Model little', 479, 80, 2);
INSERT INTO song (song_id, album_id, name, duration_seconds, bpm, track_number) VALUES (103, 15, 'Same tell', 387, 138, 3);
INSERT INTO song (song_id, album_id, name, duration_seconds, bpm, track_number) VALUES (104, 15, 'Five woman discussion', 340, 169, 4);
INSERT INTO song (song_id, album_id, name, duration_seconds, bpm, track_number) VALUES (105, 15, 'Successful', 184, 127, 5);
INSERT INTO song (song_id, album_id, name, duration_seconds, bpm, track_number) VALUES (106, 15, 'Four', 231, 177, 6);
INSERT INTO song (song_id, album_id, name, duration_seconds, bpm, track_number) VALUES (107, 15, 'Include learn', 142, 165, 7);
INSERT INTO song (song_id, album_id, name, duration_seconds, bpm, track_number) VALUES (108, 15, 'Bad speech current', 389, 71, 8);
INSERT INTO album (album_id, artist_id, title, release_year, created_at) VALUES (16, 11, 'De-engineered transitional matrix', 2000, NOW());
INSERT INTO song (song_id, album_id, name, duration_seconds, bpm, track_number) VALUES (109, 16, 'Real language', 255, 89, 1);
INSERT INTO song (song_id, album_id, name, duration_seconds, bpm, track_number) VALUES (110, 16, 'Son politics', 424, 100, 2);
INSERT INTO song (song_id, album_id, name, duration_seconds, bpm, track_number) VALUES (111, 16, 'Certainly tough leg', 268, 66, 3);
INSERT INTO song (song_id, album_id, name, duration_seconds, bpm, track_number) VALUES (112, 16, 'Worker', 449, 170, 4);
INSERT INTO song (song_id, album_id, name, duration_seconds, bpm, track_number) VALUES (113, 16, 'Eat meet', 304, 175, 5);
INSERT INTO song (song_id, album_id, name, duration_seconds, bpm, track_number) VALUES (114, 16, 'Deep produce', 299, 180, 6);
INSERT INTO song (song_id, album_id, name, duration_seconds, bpm, track_number) VALUES (115, 16, 'First force newspaper arrive', 183, 169, 7);
INSERT INTO album (album_id, artist_id, title, release_year, created_at) VALUES (17, 11, 'Multi-lateral dedicated artificial intelligence', 2009, NOW());
INSERT INTO song (song_id, album_id, name, duration_seconds, bpm, track_number) VALUES (116, 17, 'Soldier oil', 153, 151, 1);
INSERT INTO song (song_id, album_id, name, duration_seconds, bpm, track_number) VALUES (117, 17, 'Best concern change', 368, 81, 2);
INSERT INTO song (song_id, album_id, name, duration_seconds, bpm, track_number) VALUES (118, 17, 'I network machine', 429, 141, 3);
INSERT INTO song (song_id, album_id, name, duration_seconds, bpm, track_number) VALUES (119, 17, 'No miss central TV rate', 319, 79, 4);
INSERT INTO song (song_id, album_id, name, duration_seconds, bpm, track_number) VALUES (120, 17, 'Though', 436, 67, 5);
INSERT INTO song (song_id, album_id, name, duration_seconds, bpm, track_number) VALUES (121, 17, 'Them', 477, 98, 6);
INSERT INTO song (song_id, album_id, name, duration_seconds, bpm, track_number) VALUES (122, 17, 'Sign soldier run', 273, 97, 7);
INSERT INTO album (album_id, artist_id, title, release_year, created_at) VALUES (18, 12, 'Reactive intangible artificial intelligence', 1982, NOW());
INSERT INTO song (song_id, album_id, name, duration_seconds, bpm, track_number) VALUES (123, 18, 'Budget service', 177, 152, 1);
INSERT INTO song (song_id, album_id, name, duration_seconds, bpm, track_number) VALUES (124, 18, 'Once condition', 266, 79, 2);
INSERT INTO song (song_id, album_id, name, duration_seconds, bpm, track_number) VALUES (125, 18, 'Money serious shake hospital', 305, 72, 3);
INSERT INTO song (song_id, album_id, name, duration_seconds, bpm, track_number) VALUES (126, 18, 'Card', 239, 115, 4);
INSERT INTO song (song_id, album_id, name, duration_seconds, bpm, track_number) VALUES (127, 18, 'Tend', 121, 133, 5);
INSERT INTO song (song_id, album_id, name, duration_seconds, bpm, track_number) VALUES (128, 18, 'Option', 325, 175, 6);
INSERT INTO song (song_id, album_id, name, duration_seconds, bpm, track_number) VALUES (129, 18, 'Product figure', 321, 177, 7);
INSERT INTO song (song_id, album_id, name, duration_seconds, bpm, track_number) VALUES (130, 18, 'Say seem operation enjoy', 282, 85, 8);
INSERT INTO song (song_id, album_id, name, duration_seconds, bpm, track_number) VALUES (131, 18, 'Name what beautiful data', 237, 144, 9);
INSERT INTO album (album_id, artist_id, title, release_year, created_at) VALUES (19, 13, 'Ameliorated bi-directional algorithm', 2006, NOW());
INSERT INTO song (song_id, album_id, name, duration_seconds, bpm, track_number) VALUES (132, 19, 'Make pressure deep right', 166, 86, 1);
INSERT INTO song (song_id, album_id, name, duration_seconds, bpm, track_number) VALUES (133, 19, 'Skin test', 152, 146, 2);
INSERT INTO song (song_id, album_id, name, duration_seconds, bpm, track_number) VALUES (134, 19, 'A', 181, 100, 3);
INSERT INTO song (song_id, album_id, name, duration_seconds, bpm, track_number) VALUES (135, 19, 'Too produce strategy', 260, 154, 4);
INSERT INTO song (song_id, album_id, name, duration_seconds, bpm, track_number) VALUES (136, 19, 'National', 132, 140, 5);
INSERT INTO album (album_id, artist_id, title, release_year, created_at) VALUES (20, 14, 'Ergonomic human-resource open system', 1980, NOW());
INSERT INTO song (song_id, album_id, name, duration_seconds, bpm, track_number) VALUES (137, 20, 'To rule', 461, 91, 1);
INSERT INTO song (song_id, album_id, name, duration_seconds, bpm, track_number) VALUES (138, 20, 'Lead action available', 398, 109, 2);
INSERT INTO song (song_id, album_id, name, duration_seconds, bpm, track_number) VALUES (139, 20, 'Parent interview myself', 286, 113, 3);
INSERT INTO song (song_id, album_id, name, duration_seconds, bpm, track_number) VALUES (140, 20, 'Piece material performance', 184, 162, 4);
INSERT INTO song (song_id, album_id, name, duration_seconds, bpm, track_number) VALUES (141, 20, 'Will side thing young', 144, 173, 5);
INSERT INTO album (album_id, artist_id, title, release_year, created_at) VALUES (21, 14, 'Object-based homogeneous knowledgebase', 1991, NOW());
INSERT INTO song (song_id, album_id, name, duration_seconds, bpm, track_number) VALUES (142, 21, 'Talk', 165, 126, 1);
INSERT INTO song (song_id, album_id, name, duration_seconds, bpm, track_number) VALUES (143, 21, 'Teacher', 128, 144, 2);
INSERT INTO song (song_id, album_id, name, duration_seconds, bpm, track_number) VALUES (144, 21, 'Finish', 478, 83, 3);
INSERT INTO song (song_id, album_id, name, duration_seconds, bpm, track_number) VALUES (145, 21, 'Summer', 251, 115, 4);
INSERT INTO song (song_id, album_id, name, duration_seconds, bpm, track_number) VALUES (146, 21, 'Measure somebody', 153, 158, 5);
INSERT INTO song (song_id, album_id, name, duration_seconds, bpm, track_number) VALUES (147, 21, 'Culture court drive agent word', 411, 65, 6);
INSERT INTO song (song_id, album_id, name, duration_seconds, bpm, track_number) VALUES (148, 21, 'Attention think', 212, 139, 7);
INSERT INTO song (song_id, album_id, name, duration_seconds, bpm, track_number) VALUES (149, 21, 'Exactly', 131, 121, 8);
INSERT INTO song (song_id, album_id, name, duration_seconds, bpm, track_number) VALUES (150, 21, 'Tv', 407, 152, 9);
INSERT INTO song (song_id, album_id, name, duration_seconds, bpm, track_number) VALUES (151, 21, 'Well car most', 121, 93, 10);
INSERT INTO album (album_id, artist_id, title, release_year, created_at) VALUES (22, 14, 'Assimilated high-level parallelism', 1976, NOW());
INSERT INTO song (song_id, album_id, name, duration_seconds, bpm, track_number) VALUES (152, 22, 'Along air hear direction', 123, 105, 1);
INSERT INTO song (song_id, album_id, name, duration_seconds, bpm, track_number) VALUES (153, 22, 'Among', 187, 71, 2);
INSERT INTO song (song_id, album_id, name, duration_seconds, bpm, track_number) VALUES (154, 22, 'Law me', 454, 129, 3);
INSERT INTO song (song_id, album_id, name, duration_seconds, bpm, track_number) VALUES (155, 22, 'Always real', 215, 117, 4);
INSERT INTO song (song_id, album_id, name, duration_seconds, bpm, track_number) VALUES (156, 22, 'Central', 152, 94, 5);
INSERT INTO song (song_id, album_id, name, duration_seconds, bpm, track_number) VALUES (157, 22, 'Fish end', 477, 77, 6);
INSERT INTO album (album_id, artist_id, title, release_year, created_at) VALUES (23, 15, 'Secured directional monitoring', 1996, NOW());
INSERT INTO song (song_id, album_id, name, duration_seconds, bpm, track_number) VALUES (158, 23, 'Six', 318, 152, 1);
INSERT INTO song (song_id, album_id, name, duration_seconds, bpm, track_number) VALUES (159, 23, 'Thus', 415, 124, 2);
INSERT INTO song (song_id, album_id, name, duration_seconds, bpm, track_number) VALUES (160, 23, 'List environmental kitchen Republican', 225, 87, 3);
INSERT INTO song (song_id, album_id, name, duration_seconds, bpm, track_number) VALUES (161, 23, 'Ahead', 120, 94, 4);
INSERT INTO song (song_id, album_id, name, duration_seconds, bpm, track_number) VALUES (162, 23, 'Tough whole', 383, 64, 5);
INSERT INTO song (song_id, album_id, name, duration_seconds, bpm, track_number) VALUES (163, 23, 'Short well citizen', 471, 70, 6);
INSERT INTO song (song_id, album_id, name, duration_seconds, bpm, track_number) VALUES (164, 23, 'Late travel activity sit', 270, 169, 7);
INSERT INTO song (song_id, album_id, name, duration_seconds, bpm, track_number) VALUES (165, 23, 'Push', 391, 74, 8);
INSERT INTO song (song_id, album_id, name, duration_seconds, bpm, track_number) VALUES (166, 23, 'Card', 148, 155, 9);
INSERT INTO album (album_id, artist_id, title, release_year, created_at) VALUES (24, 16, 'Sharable maximized challenge', 1973, NOW());
INSERT INTO song (song_id, album_id, name, duration_seconds, bpm, track_number) VALUES (167, 24, 'Western kind', 248, 71, 1);
INSERT INTO song (song_id, album_id, name, duration_seconds, bpm, track_number) VALUES (168, 24, 'Best type', 420, 179, 2);
INSERT INTO song (song_id, album_id, name, duration_seconds, bpm, track_number) VALUES (169, 24, 'Money market particular', 408, 95, 3);
INSERT INTO song (song_id, album_id, name, duration_seconds, bpm, track_number) VALUES (170, 24, 'Staff accept', 151, 92, 4);
INSERT INTO song (song_id, album_id, name, duration_seconds, bpm, track_number) VALUES (171, 24, 'Treatment', 221, 113, 5);
INSERT INTO song (song_id, album_id, name, duration_seconds, bpm, track_number) VALUES (172, 24, 'Movie how interview one', 309, 170, 6);
INSERT INTO song (song_id, album_id, name, duration_seconds, bpm, track_number) VALUES (173, 24, 'Worry heavy section', 370, 114, 7);
INSERT INTO album (album_id, artist_id, title, release_year, created_at) VALUES (25, 17, 'User-friendly well-modulated software', 1980, NOW());
INSERT INTO song (song_id, album_id, name, duration_seconds, bpm, track_number) VALUES (174, 25, 'Agency', 452, 98, 1);
INSERT INTO song (song_id, album_id, name, duration_seconds, bpm, track_number) VALUES (175, 25, 'Hospital for take', 351, 104, 2);
INSERT INTO song (song_id, album_id, name, duration_seconds, bpm, track_number) VALUES (176, 25, 'Attack present', 382, 125, 3);
INSERT INTO song (song_id, album_id, name, duration_seconds, bpm, track_number) VALUES (177, 25, 'Buy quickly when poor', 421, 65, 4);
INSERT INTO song (song_id, album_id, name, duration_seconds, bpm, track_number) VALUES (178, 25, 'Bit', 366, 148, 5);
INSERT INTO song (song_id, album_id, name, duration_seconds, bpm, track_number) VALUES (179, 25, 'Enjoy language', 170, 80, 6);
INSERT INTO song (song_id, album_id, name, duration_seconds, bpm, track_number) VALUES (180, 25, 'Production', 446, 73, 7);
INSERT INTO song (song_id, album_id, name, duration_seconds, bpm, track_number) VALUES (181, 25, 'Case seven explain woman', 380, 70, 8);
INSERT INTO album (album_id, artist_id, title, release_year, created_at) VALUES (26, 18, 'Visionary clear-thinking initiative', 1997, NOW());
INSERT INTO song (song_id, album_id, name, duration_seconds, bpm, track_number) VALUES (182, 26, 'Spend such', 158, 155, 1);
INSERT INTO song (song_id, album_id, name, duration_seconds, bpm, track_number) VALUES (183, 26, 'Up letter national dark', 369, 117, 2);
INSERT INTO song (song_id, album_id, name, duration_seconds, bpm, track_number) VALUES (184, 26, 'Stay study', 172, 129, 3);
INSERT INTO song (song_id, album_id, name, duration_seconds, bpm, track_number) VALUES (185, 26, 'Treat foreign', 149, 140, 4);
INSERT INTO song (song_id, album_id, name, duration_seconds, bpm, track_number) VALUES (186, 26, 'Performance increase', 232, 177, 5);
INSERT INTO song (song_id, album_id, name, duration_seconds, bpm, track_number) VALUES (187, 26, 'Civil', 320, 81, 6);
INSERT INTO song (song_id, album_id, name, duration_seconds, bpm, track_number) VALUES (188, 26, 'Suffer against', 288, 154, 7);
INSERT INTO song (song_id, album_id, name, duration_seconds, bpm, track_number) VALUES (189, 26, 'Smile choice', 471, 120, 8);
INSERT INTO song (song_id, album_id, name, duration_seconds, bpm, track_number) VALUES (190, 26, 'Spring', 466, 132, 9);
INSERT INTO album (album_id, artist_id, title, release_year, created_at) VALUES (27, 18, 'Organic transitional strategy', 2019, NOW());
INSERT INTO song (song_id, album_id, name, duration_seconds, bpm, track_number) VALUES (191, 27, 'Before white policy', 449, 85, 1);
INSERT INTO song (song_id, album_id, name, duration_seconds, bpm, track_number) VALUES (192, 27, 'Policy surface expect', 196, 117, 2);
INSERT INTO song (song_id, album_id, name, duration_seconds, bpm, track_number) VALUES (193, 27, 'Step both', 263, 87, 3);
INSERT INTO song (song_id, album_id, name, duration_seconds, bpm, track_number) VALUES (194, 27, 'Perform next evidence effort next', 461, 127, 4);
INSERT INTO song (song_id, album_id, name, duration_seconds, bpm, track_number) VALUES (195, 27, 'National', 379, 63, 5);
INSERT INTO song (song_id, album_id, name, duration_seconds, bpm, track_number) VALUES (196, 27, 'Country', 405, 117, 6);
INSERT INTO album (album_id, artist_id, title, release_year, created_at) VALUES (28, 19, 'Operative demand-driven leverage', 2005, NOW());
INSERT INTO song (song_id, album_id, name, duration_seconds, bpm, track_number) VALUES (197, 28, 'Child ground participant', 438, 158, 1);
INSERT INTO song (song_id, album_id, name, duration_seconds, bpm, track_number) VALUES (198, 28, 'Billion', 295, 143, 2);
INSERT INTO song (song_id, album_id, name, duration_seconds, bpm, track_number) VALUES (199, 28, 'Save other nothing', 243, 99, 3);
INSERT INTO song (song_id, album_id, name, duration_seconds, bpm, track_number) VALUES (200, 28, 'Serious', 140, 71, 4);
INSERT INTO song (song_id, album_id, name, duration_seconds, bpm, track_number) VALUES (201, 28, 'Somebody', 311, 147, 5);
INSERT INTO song (song_id, album_id, name, duration_seconds, bpm, track_number) VALUES (202, 28, 'Include', 447, 101, 6);
INSERT INTO song (song_id, album_id, name, duration_seconds, bpm, track_number) VALUES (203, 28, 'Discuss consider often', 147, 92, 7);
INSERT INTO album (album_id, artist_id, title, release_year, created_at) VALUES (29, 20, 'Seamless even-keeled infrastructure', 1973, NOW());
INSERT INTO song (song_id, album_id, name, duration_seconds, bpm, track_number) VALUES (204, 29, 'Article', 201, 171, 1);
INSERT INTO song (song_id, album_id, name, duration_seconds, bpm, track_number) VALUES (205, 29, 'Room wait prevent type', 254, 67, 2);
INSERT INTO song (song_id, album_id, name, duration_seconds, bpm, track_number) VALUES (206, 29, 'Key ever simple', 200, 65, 3);
INSERT INTO song (song_id, album_id, name, duration_seconds, bpm, track_number) VALUES (207, 29, 'Leader leg easy least', 191, 102, 4);
INSERT INTO song (song_id, album_id, name, duration_seconds, bpm, track_number) VALUES (208, 29, 'Government', 211, 112, 5);
INSERT INTO song (song_id, album_id, name, duration_seconds, bpm, track_number) VALUES (209, 29, 'Mrs', 155, 104, 6);
INSERT INTO song (song_id, album_id, name, duration_seconds, bpm, track_number) VALUES (210, 29, 'Usually PM read', 464, 145, 7);
INSERT INTO album (album_id, artist_id, title, release_year, created_at) VALUES (30, 21, 'User-centric impactful flexibility', 2003, NOW());
INSERT INTO song (song_id, album_id, name, duration_seconds, bpm, track_number) VALUES (211, 30, 'Article candidate them', 434, 75, 1);
INSERT INTO song (song_id, album_id, name, duration_seconds, bpm, track_number) VALUES (212, 30, 'Practice not', 251, 106, 2);
INSERT INTO song (song_id, album_id, name, duration_seconds, bpm, track_number) VALUES (213, 30, 'Mrs policy agreement city approach', 221, 71, 3);
INSERT INTO song (song_id, album_id, name, duration_seconds, bpm, track_number) VALUES (214, 30, 'Training', 279, 136, 4);
INSERT INTO song (song_id, album_id, name, duration_seconds, bpm, track_number) VALUES (215, 30, 'Cold', 316, 82, 5);
INSERT INTO song (song_id, album_id, name, duration_seconds, bpm, track_number) VALUES (216, 30, 'Crime wrong because two', 329, 145, 6);
INSERT INTO song (song_id, album_id, name, duration_seconds, bpm, track_number) VALUES (217, 30, 'Perform cup eight together', 248, 130, 7);
INSERT INTO album (album_id, artist_id, title, release_year, created_at) VALUES (31, 22, 'Integrated reciprocal neural-net', 1980, NOW());
INSERT INTO song (song_id, album_id, name, duration_seconds, bpm, track_number) VALUES (218, 31, 'They certainly southern arrive', 459, 112, 1);
INSERT INTO song (song_id, album_id, name, duration_seconds, bpm, track_number) VALUES (219, 31, 'Win read hand', 347, 60, 2);
INSERT INTO song (song_id, album_id, name, duration_seconds, bpm, track_number) VALUES (220, 31, 'Year', 341, 159, 3);
INSERT INTO song (song_id, album_id, name, duration_seconds, bpm, track_number) VALUES (221, 31, 'Century boy', 260, 86, 4);
INSERT INTO song (song_id, album_id, name, duration_seconds, bpm, track_number) VALUES (222, 31, 'Tend', 315, 171, 5);
INSERT INTO song (song_id, album_id, name, duration_seconds, bpm, track_number) VALUES (223, 31, 'Down approach mean yourself', 447, 101, 6);
INSERT INTO song (song_id, album_id, name, duration_seconds, bpm, track_number) VALUES (224, 31, 'Back election', 136, 63, 7);
INSERT INTO song (song_id, album_id, name, duration_seconds, bpm, track_number) VALUES (225, 31, 'Great friend', 368, 76, 8);
INSERT INTO song (song_id, album_id, name, duration_seconds, bpm, track_number) VALUES (226, 31, 'Goal daughter', 186, 88, 9);
INSERT INTO album (album_id, artist_id, title, release_year, created_at) VALUES (32, 22, 'Multi-tiered multi-tasking workforce', 2015, NOW());
INSERT INTO song (song_id, album_id, name, duration_seconds, bpm, track_number) VALUES (227, 32, 'Face degree', 245, 179, 1);
INSERT INTO song (song_id, album_id, name, duration_seconds, bpm, track_number) VALUES (228, 32, 'Add', 479, 140, 2);
INSERT INTO song (song_id, album_id, name, duration_seconds, bpm, track_number) VALUES (229, 32, 'Set use', 201, 69, 3);
INSERT INTO song (song_id, album_id, name, duration_seconds, bpm, track_number) VALUES (230, 32, 'Evening design', 373, 150, 4);
INSERT INTO song (song_id, album_id, name, duration_seconds, bpm, track_number) VALUES (231, 32, 'Trouble', 446, 109, 5);
INSERT INTO song (song_id, album_id, name, duration_seconds, bpm, track_number) VALUES (232, 32, 'Major', 463, 103, 6);
INSERT INTO song (song_id, album_id, name, duration_seconds, bpm, track_number) VALUES (233, 32, 'Next', 385, 136, 7);
INSERT INTO song (song_id, album_id, name, duration_seconds, bpm, track_number) VALUES (234, 32, 'Other among seek past glass', 137, 135, 8);
INSERT INTO song (song_id, album_id, name, duration_seconds, bpm, track_number) VALUES (235, 32, 'It', 127, 155, 9);
INSERT INTO song (song_id, album_id, name, duration_seconds, bpm, track_number) VALUES (236, 32, 'Page', 257, 138, 10);
INSERT INTO album (album_id, artist_id, title, release_year, created_at) VALUES (33, 22, 'De-engineered asymmetric application', 2007, NOW());
INSERT INTO song (song_id, album_id, name, duration_seconds, bpm, track_number) VALUES (237, 33, 'Whole course', 367, 129, 1);
INSERT INTO song (song_id, album_id, name, duration_seconds, bpm, track_number) VALUES (238, 33, 'Act per', 306, 62, 2);
INSERT INTO song (song_id, album_id, name, duration_seconds, bpm, track_number) VALUES (239, 33, 'Sign agent', 265, 95, 3);
INSERT INTO song (song_id, album_id, name, duration_seconds, bpm, track_number) VALUES (240, 33, 'Current development', 331, 159, 4);
INSERT INTO song (song_id, album_id, name, duration_seconds, bpm, track_number) VALUES (241, 33, 'Training ability modern pick', 266, 99, 5);
INSERT INTO song (song_id, album_id, name, duration_seconds, bpm, track_number) VALUES (242, 33, 'Focus', 406, 151, 6);
INSERT INTO song (song_id, album_id, name, duration_seconds, bpm, track_number) VALUES (243, 33, 'Exist culture', 190, 73, 7);
INSERT INTO album (album_id, artist_id, title, release_year, created_at) VALUES (34, 23, 'User-friendly uniform solution', 1986, NOW());
INSERT INTO song (song_id, album_id, name, duration_seconds, bpm, track_number) VALUES (244, 34, 'Course', 264, 147, 1);
INSERT INTO song (song_id, album_id, name, duration_seconds, bpm, track_number) VALUES (245, 34, 'Chair eight', 226, 63, 2);
INSERT INTO song (song_id, album_id, name, duration_seconds, bpm, track_number) VALUES (246, 34, 'Set anyone only huge article', 241, 74, 3);
INSERT INTO song (song_id, album_id, name, duration_seconds, bpm, track_number) VALUES (247, 34, 'Back open unit theory subject', 284, 105, 4);
INSERT INTO song (song_id, album_id, name, duration_seconds, bpm, track_number) VALUES (248, 34, 'Difference', 219, 158, 5);
INSERT INTO album (album_id, artist_id, title, release_year, created_at) VALUES (35, 23, 'Automated next generation secured line', 1980, NOW());
INSERT INTO song (song_id, album_id, name, duration_seconds, bpm, track_number) VALUES (249, 35, 'Guess', 436, 87, 1);
INSERT INTO song (song_id, album_id, name, duration_seconds, bpm, track_number) VALUES (250, 35, 'True', 450, 147, 2);
INSERT INTO song (song_id, album_id, name, duration_seconds, bpm, track_number) VALUES (251, 35, 'Arrive answer', 418, 95, 3);
INSERT INTO song (song_id, album_id, name, duration_seconds, bpm, track_number) VALUES (252, 35, 'On never', 294, 165, 4);
INSERT INTO song (song_id, album_id, name, duration_seconds, bpm, track_number) VALUES (253, 35, 'Include', 169, 142, 5);
INSERT INTO song (song_id, album_id, name, duration_seconds, bpm, track_number) VALUES (254, 35, 'Particularly claim movement', 384, 161, 6);
INSERT INTO song (song_id, album_id, name, duration_seconds, bpm, track_number) VALUES (255, 35, 'Buy blue', 458, 160, 7);
INSERT INTO song (song_id, album_id, name, duration_seconds, bpm, track_number) VALUES (256, 35, 'Authority', 172, 167, 8);
INSERT INTO album (album_id, artist_id, title, release_year, created_at) VALUES (36, 24, 'Customer-focused bottom-line structure', 1984, NOW());
INSERT INTO song (song_id, album_id, name, duration_seconds, bpm, track_number) VALUES (257, 36, 'When leg', 319, 129, 1);
INSERT INTO song (song_id, album_id, name, duration_seconds, bpm, track_number) VALUES (258, 36, 'Power responsibility garden', 223, 173, 2);
INSERT INTO song (song_id, album_id, name, duration_seconds, bpm, track_number) VALUES (259, 36, 'Decide shake', 201, 130, 3);
INSERT INTO song (song_id, album_id, name, duration_seconds, bpm, track_number) VALUES (260, 36, 'Board movement', 167, 164, 4);
INSERT INTO song (song_id, album_id, name, duration_seconds, bpm, track_number) VALUES (261, 36, 'Provide bit rich', 317, 152, 5);
INSERT INTO song (song_id, album_id, name, duration_seconds, bpm, track_number) VALUES (262, 36, 'Join upon certainly for contain', 382, 145, 6);
INSERT INTO song (song_id, album_id, name, duration_seconds, bpm, track_number) VALUES (263, 36, 'Sign something position', 354, 140, 7);
INSERT INTO song (song_id, album_id, name, duration_seconds, bpm, track_number) VALUES (264, 36, 'Tend', 223, 100, 8);
INSERT INTO album (album_id, artist_id, title, release_year, created_at) VALUES (37, 24, 'Enhanced web-enabled analyzer', 2026, NOW());
INSERT INTO song (song_id, album_id, name, duration_seconds, bpm, track_number) VALUES (265, 37, 'Clear news', 408, 167, 1);
INSERT INTO song (song_id, album_id, name, duration_seconds, bpm, track_number) VALUES (266, 37, 'Wish', 451, 60, 2);
INSERT INTO song (song_id, album_id, name, duration_seconds, bpm, track_number) VALUES (267, 37, 'Candidate air', 285, 107, 3);
INSERT INTO song (song_id, album_id, name, duration_seconds, bpm, track_number) VALUES (268, 37, 'Hot son', 297, 169, 4);
INSERT INTO song (song_id, album_id, name, duration_seconds, bpm, track_number) VALUES (269, 37, 'Seek board between performance truth', 151, 68, 5);
INSERT INTO song (song_id, album_id, name, duration_seconds, bpm, track_number) VALUES (270, 37, 'Wear bar', 444, 121, 6);
INSERT INTO song (song_id, album_id, name, duration_seconds, bpm, track_number) VALUES (271, 37, 'Bring build talk enjoy big', 155, 93, 7);
INSERT INTO album (album_id, artist_id, title, release_year, created_at) VALUES (38, 24, 'Enterprise-wide scalable workforce', 1979, NOW());
INSERT INTO song (song_id, album_id, name, duration_seconds, bpm, track_number) VALUES (272, 38, 'Chair happy', 343, 114, 1);
INSERT INTO song (song_id, album_id, name, duration_seconds, bpm, track_number) VALUES (273, 38, 'Foreign model', 462, 164, 2);
INSERT INTO song (song_id, album_id, name, duration_seconds, bpm, track_number) VALUES (274, 38, 'Television', 468, 61, 3);
INSERT INTO song (song_id, album_id, name, duration_seconds, bpm, track_number) VALUES (275, 38, 'Culture miss peace sure really', 249, 80, 4);
INSERT INTO song (song_id, album_id, name, duration_seconds, bpm, track_number) VALUES (276, 38, 'Industry maybe expect', 125, 79, 5);
INSERT INTO song (song_id, album_id, name, duration_seconds, bpm, track_number) VALUES (277, 38, 'Stock affect', 303, 171, 6);
INSERT INTO album (album_id, artist_id, title, release_year, created_at) VALUES (39, 25, 'Integrated next generation structure', 1989, NOW());
INSERT INTO song (song_id, album_id, name, duration_seconds, bpm, track_number) VALUES (278, 39, 'Safe', 166, 177, 1);
INSERT INTO song (song_id, album_id, name, duration_seconds, bpm, track_number) VALUES (279, 39, 'Bring official', 311, 89, 2);
INSERT INTO song (song_id, album_id, name, duration_seconds, bpm, track_number) VALUES (280, 39, 'Investment some', 211, 136, 3);
INSERT INTO song (song_id, album_id, name, duration_seconds, bpm, track_number) VALUES (281, 39, 'Seven data well class task', 358, 144, 4);
INSERT INTO song (song_id, album_id, name, duration_seconds, bpm, track_number) VALUES (282, 39, 'Gas do', 302, 101, 5);
INSERT INTO song (song_id, album_id, name, duration_seconds, bpm, track_number) VALUES (283, 39, 'Today', 452, 126, 6);
INSERT INTO song (song_id, album_id, name, duration_seconds, bpm, track_number) VALUES (284, 39, 'Bit', 170, 84, 7);
INSERT INTO album (album_id, artist_id, title, release_year, created_at) VALUES (40, 26, 'Pre-emptive attitude-oriented neural-net', 1984, NOW());
INSERT INTO song (song_id, album_id, name, duration_seconds, bpm, track_number) VALUES (285, 40, 'Sound lot', 212, 177, 1);
INSERT INTO song (song_id, album_id, name, duration_seconds, bpm, track_number) VALUES (286, 40, 'Mention', 188, 77, 2);
INSERT INTO song (song_id, album_id, name, duration_seconds, bpm, track_number) VALUES (287, 40, 'Letter court', 266, 144, 3);
INSERT INTO song (song_id, album_id, name, duration_seconds, bpm, track_number) VALUES (288, 40, 'Station professional political', 373, 72, 4);
INSERT INTO song (song_id, album_id, name, duration_seconds, bpm, track_number) VALUES (289, 40, 'Born create everybody wall various', 285, 100, 5);
INSERT INTO song (song_id, album_id, name, duration_seconds, bpm, track_number) VALUES (290, 40, 'Hear opportunity', 242, 89, 6);
INSERT INTO album (album_id, artist_id, title, release_year, created_at) VALUES (41, 26, 'Integrated fresh-thinking open system', 1979, NOW());
INSERT INTO song (song_id, album_id, name, duration_seconds, bpm, track_number) VALUES (291, 41, 'If', 240, 64, 1);
INSERT INTO song (song_id, album_id, name, duration_seconds, bpm, track_number) VALUES (292, 41, 'See', 217, 153, 2);
INSERT INTO song (song_id, album_id, name, duration_seconds, bpm, track_number) VALUES (293, 41, 'Happy size', 373, 83, 3);
INSERT INTO song (song_id, album_id, name, duration_seconds, bpm, track_number) VALUES (294, 41, 'Discover', 403, 134, 4);
INSERT INTO song (song_id, album_id, name, duration_seconds, bpm, track_number) VALUES (295, 41, 'How', 217, 100, 5);
INSERT INTO song (song_id, album_id, name, duration_seconds, bpm, track_number) VALUES (296, 41, 'Tend my before', 370, 68, 6);
INSERT INTO song (song_id, album_id, name, duration_seconds, bpm, track_number) VALUES (297, 41, 'Go agency', 302, 90, 7);
INSERT INTO song (song_id, album_id, name, duration_seconds, bpm, track_number) VALUES (298, 41, 'Face station management then', 145, 146, 8);
INSERT INTO song (song_id, album_id, name, duration_seconds, bpm, track_number) VALUES (299, 41, 'Possible laugh generation trip', 242, 89, 9);
INSERT INTO song (song_id, album_id, name, duration_seconds, bpm, track_number) VALUES (300, 41, 'Can do spring who', 438, 154, 10);
INSERT INTO album (album_id, artist_id, title, release_year, created_at) VALUES (42, 27, 'Configurable background emulation', 2013, NOW());
INSERT INTO song (song_id, album_id, name, duration_seconds, bpm, track_number) VALUES (301, 42, 'Suffer around focus', 259, 83, 1);
INSERT INTO song (song_id, album_id, name, duration_seconds, bpm, track_number) VALUES (302, 42, 'Heavy very important ground', 319, 86, 2);
INSERT INTO song (song_id, album_id, name, duration_seconds, bpm, track_number) VALUES (303, 42, 'Look grow then', 241, 66, 3);
INSERT INTO song (song_id, album_id, name, duration_seconds, bpm, track_number) VALUES (304, 42, 'Type town wife', 473, 63, 4);
INSERT INTO song (song_id, album_id, name, duration_seconds, bpm, track_number) VALUES (305, 42, 'Best', 122, 107, 5);
INSERT INTO album (album_id, artist_id, title, release_year, created_at) VALUES (43, 27, 'Quality-focused non-volatile neural-net', 1994, NOW());
INSERT INTO song (song_id, album_id, name, duration_seconds, bpm, track_number) VALUES (306, 43, 'Trade father discuss', 473, 155, 1);
INSERT INTO song (song_id, album_id, name, duration_seconds, bpm, track_number) VALUES (307, 43, 'Run', 212, 85, 2);
INSERT INTO song (song_id, album_id, name, duration_seconds, bpm, track_number) VALUES (308, 43, 'Memory benefit recent', 441, 62, 3);
INSERT INTO song (song_id, album_id, name, duration_seconds, bpm, track_number) VALUES (309, 43, 'Reason likely second send administration', 241, 167, 4);
INSERT INTO song (song_id, album_id, name, duration_seconds, bpm, track_number) VALUES (310, 43, 'Item floor', 278, 165, 5);
INSERT INTO song (song_id, album_id, name, duration_seconds, bpm, track_number) VALUES (311, 43, 'Raise avoid', 284, 64, 6);
INSERT INTO song (song_id, album_id, name, duration_seconds, bpm, track_number) VALUES (312, 43, 'Five risk', 212, 62, 7);
INSERT INTO song (song_id, album_id, name, duration_seconds, bpm, track_number) VALUES (313, 43, 'Cover', 230, 139, 8);
INSERT INTO song (song_id, album_id, name, duration_seconds, bpm, track_number) VALUES (314, 43, 'Industry process cold', 249, 125, 9);
INSERT INTO album (album_id, artist_id, title, release_year, created_at) VALUES (44, 27, 'Total zero tolerance application', 2009, NOW());
INSERT INTO song (song_id, album_id, name, duration_seconds, bpm, track_number) VALUES (315, 44, 'Believe protect leg', 262, 136, 1);
INSERT INTO song (song_id, album_id, name, duration_seconds, bpm, track_number) VALUES (316, 44, 'Who', 349, 113, 2);
INSERT INTO song (song_id, album_id, name, duration_seconds, bpm, track_number) VALUES (317, 44, 'Again', 190, 87, 3);
INSERT INTO song (song_id, album_id, name, duration_seconds, bpm, track_number) VALUES (318, 44, 'Other easy wonder', 270, 105, 4);
INSERT INTO song (song_id, album_id, name, duration_seconds, bpm, track_number) VALUES (319, 44, 'Myself rise', 256, 112, 5);
INSERT INTO song (song_id, album_id, name, duration_seconds, bpm, track_number) VALUES (320, 44, 'Spring interview rest', 244, 84, 6);
INSERT INTO song (song_id, album_id, name, duration_seconds, bpm, track_number) VALUES (321, 44, 'May', 349, 133, 7);
INSERT INTO song (song_id, album_id, name, duration_seconds, bpm, track_number) VALUES (322, 44, 'Describe', 387, 159, 8);
INSERT INTO song (song_id, album_id, name, duration_seconds, bpm, track_number) VALUES (323, 44, 'Third', 150, 108, 9);
INSERT INTO album (album_id, artist_id, title, release_year, created_at) VALUES (45, 28, 'Implemented non-volatile Graphic Interface', 1975, NOW());
INSERT INTO song (song_id, album_id, name, duration_seconds, bpm, track_number) VALUES (324, 45, 'Understand', 432, 66, 1);
INSERT INTO song (song_id, album_id, name, duration_seconds, bpm, track_number) VALUES (325, 45, 'Real money own', 314, 71, 2);
INSERT INTO song (song_id, album_id, name, duration_seconds, bpm, track_number) VALUES (326, 45, 'Buy eight', 261, 163, 3);
INSERT INTO song (song_id, album_id, name, duration_seconds, bpm, track_number) VALUES (327, 45, 'Dinner', 473, 94, 4);
INSERT INTO song (song_id, album_id, name, duration_seconds, bpm, track_number) VALUES (328, 45, 'Themselves learn', 451, 141, 5);
INSERT INTO song (song_id, album_id, name, duration_seconds, bpm, track_number) VALUES (329, 45, 'Big nearly', 319, 175, 6);
INSERT INTO song (song_id, album_id, name, duration_seconds, bpm, track_number) VALUES (330, 45, 'Follow us', 314, 156, 7);
INSERT INTO song (song_id, album_id, name, duration_seconds, bpm, track_number) VALUES (331, 45, 'Concern dinner treat wish experience', 414, 147, 8);
INSERT INTO song (song_id, album_id, name, duration_seconds, bpm, track_number) VALUES (332, 45, 'Item argue us rise media', 165, 73, 9);
INSERT INTO song (song_id, album_id, name, duration_seconds, bpm, track_number) VALUES (333, 45, 'Go task', 247, 148, 10);
INSERT INTO album (album_id, artist_id, title, release_year, created_at) VALUES (46, 29, 'Streamlined fault-tolerant neural-net', 1984, NOW());
INSERT INTO song (song_id, album_id, name, duration_seconds, bpm, track_number) VALUES (334, 46, 'Attorney', 429, 89, 1);
INSERT INTO song (song_id, album_id, name, duration_seconds, bpm, track_number) VALUES (335, 46, 'Fact ok question fire generation', 254, 85, 2);
INSERT INTO song (song_id, album_id, name, duration_seconds, bpm, track_number) VALUES (336, 46, 'Agent', 474, 142, 3);
INSERT INTO song (song_id, album_id, name, duration_seconds, bpm, track_number) VALUES (337, 46, 'Single', 255, 120, 4);
INSERT INTO song (song_id, album_id, name, duration_seconds, bpm, track_number) VALUES (338, 46, 'Decide', 474, 81, 5);
INSERT INTO song (song_id, album_id, name, duration_seconds, bpm, track_number) VALUES (339, 46, 'Audience', 164, 86, 6);
INSERT INTO song (song_id, album_id, name, duration_seconds, bpm, track_number) VALUES (340, 46, 'Off close hold bring', 367, 126, 7);
INSERT INTO song (song_id, album_id, name, duration_seconds, bpm, track_number) VALUES (341, 46, 'Red not', 152, 156, 8);
INSERT INTO song (song_id, album_id, name, duration_seconds, bpm, track_number) VALUES (342, 46, 'Religious', 297, 85, 9);
INSERT INTO album (album_id, artist_id, title, release_year, created_at) VALUES (47, 30, 'Organic asynchronous analyzer', 1973, NOW());
INSERT INTO song (song_id, album_id, name, duration_seconds, bpm, track_number) VALUES (343, 47, 'World face', 336, 65, 1);
INSERT INTO song (song_id, album_id, name, duration_seconds, bpm, track_number) VALUES (344, 47, 'Service affect our reduce', 275, 69, 2);
INSERT INTO song (song_id, album_id, name, duration_seconds, bpm, track_number) VALUES (345, 47, 'Officer center cost truth', 478, 167, 3);
INSERT INTO song (song_id, album_id, name, duration_seconds, bpm, track_number) VALUES (346, 47, 'Wear', 341, 66, 4);
INSERT INTO song (song_id, album_id, name, duration_seconds, bpm, track_number) VALUES (347, 47, 'Road', 452, 134, 5);
INSERT INTO song (song_id, album_id, name, duration_seconds, bpm, track_number) VALUES (348, 47, 'Walk join', 304, 105, 6);
INSERT INTO song (song_id, album_id, name, duration_seconds, bpm, track_number) VALUES (349, 47, 'Field', 441, 97, 7);
INSERT INTO song (song_id, album_id, name, duration_seconds, bpm, track_number) VALUES (350, 47, 'Heavy', 339, 117, 8);
INSERT INTO album (album_id, artist_id, title, release_year, created_at) VALUES (48, 30, 'Face-to-face 6thgeneration capability', 2017, NOW());
INSERT INTO song (song_id, album_id, name, duration_seconds, bpm, track_number) VALUES (351, 48, 'Skin', 128, 82, 1);
INSERT INTO song (song_id, album_id, name, duration_seconds, bpm, track_number) VALUES (352, 48, 'Federal whom fly', 240, 95, 2);
INSERT INTO song (song_id, album_id, name, duration_seconds, bpm, track_number) VALUES (353, 48, 'Third energy happy', 316, 99, 3);
INSERT INTO song (song_id, album_id, name, duration_seconds, bpm, track_number) VALUES (354, 48, 'Mouth drive', 267, 143, 4);
INSERT INTO song (song_id, album_id, name, duration_seconds, bpm, track_number) VALUES (355, 48, 'Pressure herself those owner', 327, 67, 5);
INSERT INTO song (song_id, album_id, name, duration_seconds, bpm, track_number) VALUES (356, 48, 'Above expect newspaper', 357, 125, 6);
INSERT INTO song (song_id, album_id, name, duration_seconds, bpm, track_number) VALUES (357, 48, 'Medical western along', 424, 149, 7);
INSERT INTO song (song_id, album_id, name, duration_seconds, bpm, track_number) VALUES (358, 48, 'Development example', 450, 89, 8);
INSERT INTO song (song_id, album_id, name, duration_seconds, bpm, track_number) VALUES (359, 48, 'Southern tell', 145, 136, 9);
INSERT INTO album (album_id, artist_id, title, release_year, created_at) VALUES (49, 31, 'Upgradable tertiary pricing structure', 2024, NOW());
INSERT INTO song (song_id, album_id, name, duration_seconds, bpm, track_number) VALUES (360, 49, 'Detail', 222, 161, 1);
INSERT INTO song (song_id, album_id, name, duration_seconds, bpm, track_number) VALUES (361, 49, 'Take safe', 336, 138, 2);
INSERT INTO song (song_id, album_id, name, duration_seconds, bpm, track_number) VALUES (362, 49, 'Determine seven suggest arrive', 285, 160, 3);
INSERT INTO song (song_id, album_id, name, duration_seconds, bpm, track_number) VALUES (363, 49, 'Pull', 408, 108, 4);
INSERT INTO song (song_id, album_id, name, duration_seconds, bpm, track_number) VALUES (364, 49, 'Forward', 287, 85, 5);
INSERT INTO song (song_id, album_id, name, duration_seconds, bpm, track_number) VALUES (365, 49, 'American', 432, 132, 6);
INSERT INTO song (song_id, album_id, name, duration_seconds, bpm, track_number) VALUES (366, 49, 'Girl', 387, 89, 7);
INSERT INTO song (song_id, album_id, name, duration_seconds, bpm, track_number) VALUES (367, 49, 'Mouth they red', 418, 137, 8);
INSERT INTO song (song_id, album_id, name, duration_seconds, bpm, track_number) VALUES (368, 49, 'Form of', 341, 134, 9);
INSERT INTO song (song_id, album_id, name, duration_seconds, bpm, track_number) VALUES (369, 49, 'Woman produce main', 174, 95, 10);
INSERT INTO album (album_id, artist_id, title, release_year, created_at) VALUES (50, 32, 'Adaptive regional groupware', 1990, NOW());
INSERT INTO song (song_id, album_id, name, duration_seconds, bpm, track_number) VALUES (370, 50, 'Site talk positive', 293, 160, 1);
INSERT INTO song (song_id, album_id, name, duration_seconds, bpm, track_number) VALUES (371, 50, 'Though', 463, 120, 2);
INSERT INTO song (song_id, album_id, name, duration_seconds, bpm, track_number) VALUES (372, 50, 'Fill evening need four', 209, 176, 3);
INSERT INTO song (song_id, album_id, name, duration_seconds, bpm, track_number) VALUES (373, 50, 'Respond call notice', 229, 115, 4);
INSERT INTO song (song_id, album_id, name, duration_seconds, bpm, track_number) VALUES (374, 50, 'Modern early', 301, 153, 5);
INSERT INTO song (song_id, album_id, name, duration_seconds, bpm, track_number) VALUES (375, 50, 'Six', 257, 157, 6);
INSERT INTO song (song_id, album_id, name, duration_seconds, bpm, track_number) VALUES (376, 50, 'Wrong', 338, 108, 7);
INSERT INTO song (song_id, album_id, name, duration_seconds, bpm, track_number) VALUES (377, 50, 'Recently', 301, 126, 8);
INSERT INTO song (song_id, album_id, name, duration_seconds, bpm, track_number) VALUES (378, 50, 'Apply close notice shoulder', 382, 158, 9);
INSERT INTO song (song_id, album_id, name, duration_seconds, bpm, track_number) VALUES (379, 50, 'Before good expect', 342, 76, 10);
INSERT INTO album (album_id, artist_id, title, release_year, created_at) VALUES (51, 32, 'Persistent bi-directional pricing structure', 1980, NOW());
INSERT INTO song (song_id, album_id, name, duration_seconds, bpm, track_number) VALUES (380, 51, 'Success great', 334, 101, 1);
INSERT INTO song (song_id, album_id, name, duration_seconds, bpm, track_number) VALUES (381, 51, 'Economy little agree', 342, 103, 2);
INSERT INTO song (song_id, album_id, name, duration_seconds, bpm, track_number) VALUES (382, 51, 'Production contain enough despite', 214, 143, 3);
INSERT INTO song (song_id, album_id, name, duration_seconds, bpm, track_number) VALUES (383, 51, 'Thousand purpose', 233, 84, 4);
INSERT INTO song (song_id, album_id, name, duration_seconds, bpm, track_number) VALUES (384, 51, 'Car', 266, 180, 5);
INSERT INTO song (song_id, album_id, name, duration_seconds, bpm, track_number) VALUES (385, 51, 'Health', 219, 130, 6);
INSERT INTO song (song_id, album_id, name, duration_seconds, bpm, track_number) VALUES (386, 51, 'Score drug', 144, 116, 7);
INSERT INTO song (song_id, album_id, name, duration_seconds, bpm, track_number) VALUES (387, 51, 'Thus', 193, 70, 8);
INSERT INTO album (album_id, artist_id, title, release_year, created_at) VALUES (52, 33, 'Future-proofed 6thgeneration groupware', 2016, NOW());
INSERT INTO song (song_id, album_id, name, duration_seconds, bpm, track_number) VALUES (388, 52, 'Campaign', 338, 137, 1);
INSERT INTO song (song_id, album_id, name, duration_seconds, bpm, track_number) VALUES (389, 52, 'Agent network because end act', 171, 180, 2);
INSERT INTO song (song_id, album_id, name, duration_seconds, bpm, track_number) VALUES (390, 52, 'Public green structure', 264, 76, 3);
INSERT INTO song (song_id, album_id, name, duration_seconds, bpm, track_number) VALUES (391, 52, 'Board', 247, 162, 4);
INSERT INTO song (song_id, album_id, name, duration_seconds, bpm, track_number) VALUES (392, 52, 'Degree', 450, 152, 5);
INSERT INTO song (song_id, album_id, name, duration_seconds, bpm, track_number) VALUES (393, 52, 'Consider contain with must social', 404, 86, 6);
INSERT INTO album (album_id, artist_id, title, release_year, created_at) VALUES (53, 33, 'Enhanced executive implementation', 2025, NOW());
INSERT INTO song (song_id, album_id, name, duration_seconds, bpm, track_number) VALUES (394, 53, 'Fire onto', 409, 168, 1);
INSERT INTO song (song_id, album_id, name, duration_seconds, bpm, track_number) VALUES (395, 53, 'Simply', 308, 146, 2);
INSERT INTO song (song_id, album_id, name, duration_seconds, bpm, track_number) VALUES (396, 53, 'Simply', 425, 82, 3);
INSERT INTO song (song_id, album_id, name, duration_seconds, bpm, track_number) VALUES (397, 53, 'Such herself', 309, 96, 4);
INSERT INTO song (song_id, album_id, name, duration_seconds, bpm, track_number) VALUES (398, 53, 'Four', 235, 109, 5);
INSERT INTO song (song_id, album_id, name, duration_seconds, bpm, track_number) VALUES (399, 53, 'Party adult', 335, 166, 6);
INSERT INTO song (song_id, album_id, name, duration_seconds, bpm, track_number) VALUES (400, 53, 'Pressure', 165, 162, 7);
INSERT INTO song (song_id, album_id, name, duration_seconds, bpm, track_number) VALUES (401, 53, 'Product condition church', 301, 169, 8);
INSERT INTO album (album_id, artist_id, title, release_year, created_at) VALUES (54, 34, 'Optional foreground flexibility', 2018, NOW());
INSERT INTO song (song_id, album_id, name, duration_seconds, bpm, track_number) VALUES (402, 54, 'Consider', 152, 91, 1);
INSERT INTO song (song_id, album_id, name, duration_seconds, bpm, track_number) VALUES (403, 54, 'Decision board contain ability', 388, 134, 2);
INSERT INTO song (song_id, album_id, name, duration_seconds, bpm, track_number) VALUES (404, 54, 'Chance too society', 480, 166, 3);
INSERT INTO song (song_id, album_id, name, duration_seconds, bpm, track_number) VALUES (405, 54, 'Kitchen bar', 461, 135, 4);
INSERT INTO song (song_id, album_id, name, duration_seconds, bpm, track_number) VALUES (406, 54, 'Truth inside', 373, 74, 5);
INSERT INTO song (song_id, album_id, name, duration_seconds, bpm, track_number) VALUES (407, 54, 'Charge home', 309, 63, 6);
INSERT INTO song (song_id, album_id, name, duration_seconds, bpm, track_number) VALUES (408, 54, 'Drop artist', 320, 88, 7);
INSERT INTO song (song_id, album_id, name, duration_seconds, bpm, track_number) VALUES (409, 54, 'Find party', 236, 98, 8);
INSERT INTO song (song_id, album_id, name, duration_seconds, bpm, track_number) VALUES (410, 54, 'Manage care', 318, 134, 9);
INSERT INTO album (album_id, artist_id, title, release_year, created_at) VALUES (55, 34, 'Grass-roots bottom-line functionalities', 2012, NOW());
INSERT INTO song (song_id, album_id, name, duration_seconds, bpm, track_number) VALUES (411, 55, 'Their', 244, 153, 1);
INSERT INTO song (song_id, album_id, name, duration_seconds, bpm, track_number) VALUES (412, 55, 'On', 289, 112, 2);
INSERT INTO song (song_id, album_id, name, duration_seconds, bpm, track_number) VALUES (413, 55, 'Own', 321, 68, 3);
INSERT INTO song (song_id, album_id, name, duration_seconds, bpm, track_number) VALUES (414, 55, 'Trip', 434, 175, 4);
INSERT INTO song (song_id, album_id, name, duration_seconds, bpm, track_number) VALUES (415, 55, 'Standard able difficult media', 432, 151, 5);
INSERT INTO song (song_id, album_id, name, duration_seconds, bpm, track_number) VALUES (416, 55, 'Change against', 426, 70, 6);
INSERT INTO song (song_id, album_id, name, duration_seconds, bpm, track_number) VALUES (417, 55, 'Lot point', 233, 133, 7);
INSERT INTO song (song_id, album_id, name, duration_seconds, bpm, track_number) VALUES (418, 55, 'Middle ahead many scientist', 193, 82, 8);
INSERT INTO album (album_id, artist_id, title, release_year, created_at) VALUES (56, 35, 'Open-architected needs-based customer loyalty', 1984, NOW());
INSERT INTO song (song_id, album_id, name, duration_seconds, bpm, track_number) VALUES (419, 56, 'Man', 298, 114, 1);
INSERT INTO song (song_id, album_id, name, duration_seconds, bpm, track_number) VALUES (420, 56, 'Despite low free', 237, 109, 2);
INSERT INTO song (song_id, album_id, name, duration_seconds, bpm, track_number) VALUES (421, 56, 'Somebody room bag', 377, 98, 3);
INSERT INTO song (song_id, album_id, name, duration_seconds, bpm, track_number) VALUES (422, 56, 'Ten wish', 297, 86, 4);
INSERT INTO song (song_id, album_id, name, duration_seconds, bpm, track_number) VALUES (423, 56, 'Red share father', 297, 93, 5);
INSERT INTO song (song_id, album_id, name, duration_seconds, bpm, track_number) VALUES (424, 56, 'Color story remember', 175, 180, 6);
INSERT INTO song (song_id, album_id, name, duration_seconds, bpm, track_number) VALUES (425, 56, 'Rock', 260, 161, 7);
INSERT INTO song (song_id, album_id, name, duration_seconds, bpm, track_number) VALUES (426, 56, 'Head', 188, 116, 8);
INSERT INTO album (album_id, artist_id, title, release_year, created_at) VALUES (57, 35, 'Synergistic reciprocal function', 1989, NOW());
INSERT INTO song (song_id, album_id, name, duration_seconds, bpm, track_number) VALUES (427, 57, 'Field', 390, 147, 1);
INSERT INTO song (song_id, album_id, name, duration_seconds, bpm, track_number) VALUES (428, 57, 'Voice work', 381, 62, 2);
INSERT INTO song (song_id, album_id, name, duration_seconds, bpm, track_number) VALUES (429, 57, 'Rise beat story team', 182, 80, 3);
INSERT INTO song (song_id, album_id, name, duration_seconds, bpm, track_number) VALUES (430, 57, 'Imagine', 340, 118, 4);
INSERT INTO song (song_id, album_id, name, duration_seconds, bpm, track_number) VALUES (431, 57, 'Father bar', 320, 143, 5);
INSERT INTO song (song_id, album_id, name, duration_seconds, bpm, track_number) VALUES (432, 57, 'Anything', 144, 178, 6);
INSERT INTO song (song_id, album_id, name, duration_seconds, bpm, track_number) VALUES (433, 57, 'We short course', 352, 140, 7);
INSERT INTO song (song_id, album_id, name, duration_seconds, bpm, track_number) VALUES (434, 57, 'Why', 225, 92, 8);
INSERT INTO album (album_id, artist_id, title, release_year, created_at) VALUES (58, 35, 'Upgradable multi-tasking monitoring', 1991, NOW());
INSERT INTO song (song_id, album_id, name, duration_seconds, bpm, track_number) VALUES (435, 58, 'Least', 307, 106, 1);
INSERT INTO song (song_id, album_id, name, duration_seconds, bpm, track_number) VALUES (436, 58, 'Month', 450, 106, 2);
INSERT INTO song (song_id, album_id, name, duration_seconds, bpm, track_number) VALUES (437, 58, 'Try plant work he', 187, 63, 3);
INSERT INTO song (song_id, album_id, name, duration_seconds, bpm, track_number) VALUES (438, 58, 'Mind truth', 203, 138, 4);
INSERT INTO song (song_id, album_id, name, duration_seconds, bpm, track_number) VALUES (439, 58, 'Occur', 308, 81, 5);
INSERT INTO song (song_id, album_id, name, duration_seconds, bpm, track_number) VALUES (440, 58, 'Anyone', 324, 170, 6);
INSERT INTO song (song_id, album_id, name, duration_seconds, bpm, track_number) VALUES (441, 58, 'Technology', 411, 167, 7);
INSERT INTO song (song_id, album_id, name, duration_seconds, bpm, track_number) VALUES (442, 58, 'Land benefit oil', 335, 100, 8);
INSERT INTO album (album_id, artist_id, title, release_year, created_at) VALUES (59, 36, 'Multi-channeled tertiary hardware', 2019, NOW());
INSERT INTO song (song_id, album_id, name, duration_seconds, bpm, track_number) VALUES (443, 59, 'Reflect president', 395, 126, 1);
INSERT INTO song (song_id, album_id, name, duration_seconds, bpm, track_number) VALUES (444, 59, 'Among society', 341, 80, 2);
INSERT INTO song (song_id, album_id, name, duration_seconds, bpm, track_number) VALUES (445, 59, 'Me wrong trip book', 193, 83, 3);
INSERT INTO song (song_id, album_id, name, duration_seconds, bpm, track_number) VALUES (446, 59, 'Behavior voice', 465, 62, 4);
INSERT INTO song (song_id, album_id, name, duration_seconds, bpm, track_number) VALUES (447, 59, 'Research information', 326, 112, 5);
INSERT INTO song (song_id, album_id, name, duration_seconds, bpm, track_number) VALUES (448, 59, 'Listen structure meet', 451, 75, 6);
INSERT INTO song (song_id, album_id, name, duration_seconds, bpm, track_number) VALUES (449, 59, 'Defense available everything pull high', 186, 102, 7);
INSERT INTO song (song_id, album_id, name, duration_seconds, bpm, track_number) VALUES (450, 59, 'Official under various season firm', 346, 154, 8);
INSERT INTO album (album_id, artist_id, title, release_year, created_at) VALUES (60, 36, 'Decentralized fresh-thinking intranet', 1982, NOW());
INSERT INTO song (song_id, album_id, name, duration_seconds, bpm, track_number) VALUES (451, 60, 'Least society political act', 313, 132, 1);
INSERT INTO song (song_id, album_id, name, duration_seconds, bpm, track_number) VALUES (452, 60, 'Majority', 253, 165, 2);
INSERT INTO song (song_id, album_id, name, duration_seconds, bpm, track_number) VALUES (453, 60, 'Former human couple', 442, 123, 3);
INSERT INTO song (song_id, album_id, name, duration_seconds, bpm, track_number) VALUES (454, 60, 'But edge act', 419, 65, 4);
INSERT INTO song (song_id, album_id, name, duration_seconds, bpm, track_number) VALUES (455, 60, 'Board', 373, 95, 5);
INSERT INTO song (song_id, album_id, name, duration_seconds, bpm, track_number) VALUES (456, 60, 'Next', 401, 171, 6);
INSERT INTO song (song_id, album_id, name, duration_seconds, bpm, track_number) VALUES (457, 60, 'Military way beyond student', 467, 169, 7);
INSERT INTO album (album_id, artist_id, title, release_year, created_at) VALUES (61, 37, 'Quality-focused tangible alliance', 1983, NOW());
INSERT INTO song (song_id, album_id, name, duration_seconds, bpm, track_number) VALUES (458, 61, 'Who change', 354, 94, 1);
INSERT INTO song (song_id, album_id, name, duration_seconds, bpm, track_number) VALUES (459, 61, 'Word', 374, 137, 2);
INSERT INTO song (song_id, album_id, name, duration_seconds, bpm, track_number) VALUES (460, 61, 'War', 260, 167, 3);
INSERT INTO song (song_id, album_id, name, duration_seconds, bpm, track_number) VALUES (461, 61, 'Parent impact', 333, 175, 4);
INSERT INTO song (song_id, album_id, name, duration_seconds, bpm, track_number) VALUES (462, 61, 'Join remain behavior', 270, 69, 5);
INSERT INTO song (song_id, album_id, name, duration_seconds, bpm, track_number) VALUES (463, 61, 'Him', 178, 71, 6);
INSERT INTO song (song_id, album_id, name, duration_seconds, bpm, track_number) VALUES (464, 61, 'Week', 177, 163, 7);
INSERT INTO album (album_id, artist_id, title, release_year, created_at) VALUES (62, 37, 'Optimized full-range portal', 1992, NOW());
INSERT INTO song (song_id, album_id, name, duration_seconds, bpm, track_number) VALUES (465, 62, 'Meeting maybe ahead', 197, 62, 1);
INSERT INTO song (song_id, album_id, name, duration_seconds, bpm, track_number) VALUES (466, 62, 'Nearly apply', 169, 127, 2);
INSERT INTO song (song_id, album_id, name, duration_seconds, bpm, track_number) VALUES (467, 62, 'Candidate central media city', 470, 83, 3);
INSERT INTO song (song_id, album_id, name, duration_seconds, bpm, track_number) VALUES (468, 62, 'Congress building hundred', 243, 176, 4);
INSERT INTO song (song_id, album_id, name, duration_seconds, bpm, track_number) VALUES (469, 62, 'Record back security', 272, 149, 5);
INSERT INTO song (song_id, album_id, name, duration_seconds, bpm, track_number) VALUES (470, 62, 'Force kitchen baby front', 211, 165, 6);
INSERT INTO song (song_id, album_id, name, duration_seconds, bpm, track_number) VALUES (471, 62, 'Church affect', 478, 168, 7);
INSERT INTO song (song_id, album_id, name, duration_seconds, bpm, track_number) VALUES (472, 62, 'Third', 146, 159, 8);
INSERT INTO album (album_id, artist_id, title, release_year, created_at) VALUES (63, 37, 'Exclusive foreground extranet', 2012, NOW());
INSERT INTO song (song_id, album_id, name, duration_seconds, bpm, track_number) VALUES (473, 63, 'What foreign help', 410, 175, 1);
INSERT INTO song (song_id, album_id, name, duration_seconds, bpm, track_number) VALUES (474, 63, 'Hit', 303, 154, 2);
INSERT INTO song (song_id, album_id, name, duration_seconds, bpm, track_number) VALUES (475, 63, 'Challenge', 283, 78, 3);
INSERT INTO song (song_id, album_id, name, duration_seconds, bpm, track_number) VALUES (476, 63, 'Respond', 400, 156, 4);
INSERT INTO song (song_id, album_id, name, duration_seconds, bpm, track_number) VALUES (477, 63, 'Person hospital look then', 271, 172, 5);
INSERT INTO song (song_id, album_id, name, duration_seconds, bpm, track_number) VALUES (478, 63, 'Manage term collection travel', 273, 124, 6);
INSERT INTO album (album_id, artist_id, title, release_year, created_at) VALUES (64, 38, 'Organic empowering encoding', 1989, NOW());
INSERT INTO song (song_id, album_id, name, duration_seconds, bpm, track_number) VALUES (479, 64, 'There', 320, 71, 1);
INSERT INTO song (song_id, album_id, name, duration_seconds, bpm, track_number) VALUES (480, 64, 'Week', 389, 91, 2);
INSERT INTO song (song_id, album_id, name, duration_seconds, bpm, track_number) VALUES (481, 64, 'Have lay forget', 463, 82, 3);
INSERT INTO song (song_id, album_id, name, duration_seconds, bpm, track_number) VALUES (482, 64, 'Stay plant', 424, 139, 4);
INSERT INTO song (song_id, album_id, name, duration_seconds, bpm, track_number) VALUES (483, 64, 'Go ready', 426, 99, 5);
INSERT INTO song (song_id, album_id, name, duration_seconds, bpm, track_number) VALUES (484, 64, 'Action feeling fact decision', 410, 166, 6);
INSERT INTO album (album_id, artist_id, title, release_year, created_at) VALUES (65, 38, 'Mandatory intangible benchmark', 1996, NOW());
INSERT INTO song (song_id, album_id, name, duration_seconds, bpm, track_number) VALUES (485, 65, 'Say work upon', 256, 161, 1);
INSERT INTO song (song_id, album_id, name, duration_seconds, bpm, track_number) VALUES (486, 65, 'Doctor', 185, 94, 2);
INSERT INTO song (song_id, album_id, name, duration_seconds, bpm, track_number) VALUES (487, 65, 'During tell traditional husband', 139, 159, 3);
INSERT INTO song (song_id, album_id, name, duration_seconds, bpm, track_number) VALUES (488, 65, 'Top night star rest', 322, 159, 4);
INSERT INTO song (song_id, album_id, name, duration_seconds, bpm, track_number) VALUES (489, 65, 'Article', 246, 153, 5);
INSERT INTO song (song_id, album_id, name, duration_seconds, bpm, track_number) VALUES (490, 65, 'Language executive development', 225, 177, 6);
INSERT INTO album (album_id, artist_id, title, release_year, created_at) VALUES (66, 38, 'Exclusive contextually-based extranet', 1978, NOW());
INSERT INTO song (song_id, album_id, name, duration_seconds, bpm, track_number) VALUES (491, 66, 'Theory themselves other', 422, 147, 1);
INSERT INTO song (song_id, album_id, name, duration_seconds, bpm, track_number) VALUES (492, 66, 'Your', 356, 97, 2);
INSERT INTO song (song_id, album_id, name, duration_seconds, bpm, track_number) VALUES (493, 66, 'Go hope hand method', 291, 148, 3);
INSERT INTO song (song_id, album_id, name, duration_seconds, bpm, track_number) VALUES (494, 66, 'Father great', 263, 137, 4);
INSERT INTO song (song_id, album_id, name, duration_seconds, bpm, track_number) VALUES (495, 66, 'Phone condition', 471, 74, 5);
INSERT INTO song (song_id, album_id, name, duration_seconds, bpm, track_number) VALUES (496, 66, 'Maybe', 292, 159, 6);
INSERT INTO song (song_id, album_id, name, duration_seconds, bpm, track_number) VALUES (497, 66, 'Tend situation community health', 441, 162, 7);
INSERT INTO album (album_id, artist_id, title, release_year, created_at) VALUES (67, 39, 'Diverse exuding leverage', 1980, NOW());
INSERT INTO song (song_id, album_id, name, duration_seconds, bpm, track_number) VALUES (498, 67, 'Anyone imagine', 144, 70, 1);
INSERT INTO song (song_id, album_id, name, duration_seconds, bpm, track_number) VALUES (499, 67, 'Against', 167, 119, 2);
INSERT INTO song (song_id, album_id, name, duration_seconds, bpm, track_number) VALUES (500, 67, 'Control hit next single', 447, 139, 3);
INSERT INTO song (song_id, album_id, name, duration_seconds, bpm, track_number) VALUES (501, 67, 'Item live', 208, 139, 4);
INSERT INTO song (song_id, album_id, name, duration_seconds, bpm, track_number) VALUES (502, 67, 'Guy together', 296, 123, 5);
INSERT INTO song (song_id, album_id, name, duration_seconds, bpm, track_number) VALUES (503, 67, 'Per response', 272, 118, 6);
INSERT INTO song (song_id, album_id, name, duration_seconds, bpm, track_number) VALUES (504, 67, 'Ahead', 368, 136, 7);
INSERT INTO song (song_id, album_id, name, duration_seconds, bpm, track_number) VALUES (505, 67, 'Available', 333, 142, 8);
INSERT INTO song (song_id, album_id, name, duration_seconds, bpm, track_number) VALUES (506, 67, 'Break', 121, 78, 9);
INSERT INTO album (album_id, artist_id, title, release_year, created_at) VALUES (68, 39, 'Fundamental executive complexity', 2005, NOW());
INSERT INTO song (song_id, album_id, name, duration_seconds, bpm, track_number) VALUES (507, 68, 'About perhaps', 340, 104, 1);
INSERT INTO song (song_id, album_id, name, duration_seconds, bpm, track_number) VALUES (508, 68, 'Available', 378, 145, 2);
INSERT INTO song (song_id, album_id, name, duration_seconds, bpm, track_number) VALUES (509, 68, 'Become out', 224, 132, 3);
INSERT INTO song (song_id, album_id, name, duration_seconds, bpm, track_number) VALUES (510, 68, 'Degree', 304, 78, 4);
INSERT INTO song (song_id, album_id, name, duration_seconds, bpm, track_number) VALUES (511, 68, 'None', 442, 141, 5);
INSERT INTO song (song_id, album_id, name, duration_seconds, bpm, track_number) VALUES (512, 68, 'Lose', 399, 160, 6);
INSERT INTO song (song_id, album_id, name, duration_seconds, bpm, track_number) VALUES (513, 68, 'Threat', 141, 123, 7);
INSERT INTO album (album_id, artist_id, title, release_year, created_at) VALUES (69, 39, 'Focused multi-tasking moderator', 1978, NOW());
INSERT INTO song (song_id, album_id, name, duration_seconds, bpm, track_number) VALUES (514, 69, 'Security identify wide response', 433, 151, 1);
INSERT INTO song (song_id, album_id, name, duration_seconds, bpm, track_number) VALUES (515, 69, 'Hot', 430, 138, 2);
INSERT INTO song (song_id, album_id, name, duration_seconds, bpm, track_number) VALUES (516, 69, 'Hard continue', 476, 60, 3);
INSERT INTO song (song_id, album_id, name, duration_seconds, bpm, track_number) VALUES (517, 69, 'Person office', 126, 109, 4);
INSERT INTO song (song_id, album_id, name, duration_seconds, bpm, track_number) VALUES (518, 69, 'Age to', 354, 77, 5);
INSERT INTO song (song_id, album_id, name, duration_seconds, bpm, track_number) VALUES (519, 69, 'White agreement', 201, 124, 6);
INSERT INTO song (song_id, album_id, name, duration_seconds, bpm, track_number) VALUES (520, 69, 'That', 460, 94, 7);
INSERT INTO album (album_id, artist_id, title, release_year, created_at) VALUES (70, 40, 'Extended homogeneous open system', 2019, NOW());
INSERT INTO song (song_id, album_id, name, duration_seconds, bpm, track_number) VALUES (521, 70, 'Cost high assume', 191, 164, 1);
INSERT INTO song (song_id, album_id, name, duration_seconds, bpm, track_number) VALUES (522, 70, 'Activity fall anyone', 243, 172, 2);
INSERT INTO song (song_id, album_id, name, duration_seconds, bpm, track_number) VALUES (523, 70, 'Impact', 244, 176, 3);
INSERT INTO song (song_id, album_id, name, duration_seconds, bpm, track_number) VALUES (524, 70, 'Force pressure mean', 428, 91, 4);
INSERT INTO song (song_id, album_id, name, duration_seconds, bpm, track_number) VALUES (525, 70, 'Wrong exactly beat last', 321, 156, 5);
INSERT INTO song (song_id, album_id, name, duration_seconds, bpm, track_number) VALUES (526, 70, 'Congress fast hundred open', 469, 104, 6);
INSERT INTO song (song_id, album_id, name, duration_seconds, bpm, track_number) VALUES (527, 70, 'Away', 189, 179, 7);
INSERT INTO song (song_id, album_id, name, duration_seconds, bpm, track_number) VALUES (528, 70, 'Situation food', 142, 77, 8);
INSERT INTO song (song_id, album_id, name, duration_seconds, bpm, track_number) VALUES (529, 70, 'Record happy', 437, 164, 9);
INSERT INTO album (album_id, artist_id, title, release_year, created_at) VALUES (71, 41, 'De-engineered well-modulated throughput', 1988, NOW());
INSERT INTO song (song_id, album_id, name, duration_seconds, bpm, track_number) VALUES (530, 71, 'Everything', 330, 90, 1);
INSERT INTO song (song_id, album_id, name, duration_seconds, bpm, track_number) VALUES (531, 71, 'Already travel seat', 343, 164, 2);
INSERT INTO song (song_id, album_id, name, duration_seconds, bpm, track_number) VALUES (532, 71, 'Maybe', 395, 64, 3);
INSERT INTO song (song_id, album_id, name, duration_seconds, bpm, track_number) VALUES (533, 71, 'Believe expert', 340, 137, 4);
INSERT INTO song (song_id, album_id, name, duration_seconds, bpm, track_number) VALUES (534, 71, 'Care shake security', 475, 82, 5);
INSERT INTO song (song_id, album_id, name, duration_seconds, bpm, track_number) VALUES (535, 71, 'Data', 311, 101, 6);
INSERT INTO song (song_id, album_id, name, duration_seconds, bpm, track_number) VALUES (536, 71, 'Successful', 319, 143, 7);
INSERT INTO song (song_id, album_id, name, duration_seconds, bpm, track_number) VALUES (537, 71, 'Get about', 149, 145, 8);
INSERT INTO album (album_id, artist_id, title, release_year, created_at) VALUES (72, 42, 'Vision-oriented systemic Graphical User Interface', 2016, NOW());
INSERT INTO song (song_id, album_id, name, duration_seconds, bpm, track_number) VALUES (538, 72, 'Ask within', 197, 106, 1);
INSERT INTO song (song_id, album_id, name, duration_seconds, bpm, track_number) VALUES (539, 72, 'Rate', 349, 62, 2);
INSERT INTO song (song_id, album_id, name, duration_seconds, bpm, track_number) VALUES (540, 72, 'Buy pay dinner energy', 356, 75, 3);
INSERT INTO song (song_id, album_id, name, duration_seconds, bpm, track_number) VALUES (541, 72, 'Happy field good', 132, 133, 4);
INSERT INTO song (song_id, album_id, name, duration_seconds, bpm, track_number) VALUES (542, 72, 'Develop his church', 196, 86, 5);
INSERT INTO song (song_id, album_id, name, duration_seconds, bpm, track_number) VALUES (543, 72, 'Opportunity', 411, 137, 6);
INSERT INTO song (song_id, album_id, name, duration_seconds, bpm, track_number) VALUES (544, 72, 'Across notice beautiful carry', 299, 137, 7);
INSERT INTO album (album_id, artist_id, title, release_year, created_at) VALUES (73, 43, 'Universal client-server frame', 2023, NOW());
INSERT INTO song (song_id, album_id, name, duration_seconds, bpm, track_number) VALUES (545, 73, 'Mother appear', 415, 121, 1);
INSERT INTO song (song_id, album_id, name, duration_seconds, bpm, track_number) VALUES (546, 73, 'Total morning', 180, 152, 2);
INSERT INTO song (song_id, album_id, name, duration_seconds, bpm, track_number) VALUES (547, 73, 'Ten', 297, 82, 3);
INSERT INTO song (song_id, album_id, name, duration_seconds, bpm, track_number) VALUES (548, 73, 'Through improve', 204, 128, 4);
INSERT INTO song (song_id, album_id, name, duration_seconds, bpm, track_number) VALUES (549, 73, 'Personal fact', 149, 165, 5);
INSERT INTO song (song_id, album_id, name, duration_seconds, bpm, track_number) VALUES (550, 73, 'Already', 203, 123, 6);
INSERT INTO song (song_id, album_id, name, duration_seconds, bpm, track_number) VALUES (551, 73, 'Memory require', 331, 89, 7);
INSERT INTO album (album_id, artist_id, title, release_year, created_at) VALUES (74, 43, 'Object-based user-facing framework', 1972, NOW());
INSERT INTO song (song_id, album_id, name, duration_seconds, bpm, track_number) VALUES (552, 74, 'Before', 418, 180, 1);
INSERT INTO song (song_id, album_id, name, duration_seconds, bpm, track_number) VALUES (553, 74, 'Tonight term', 175, 100, 2);
INSERT INTO song (song_id, album_id, name, duration_seconds, bpm, track_number) VALUES (554, 74, 'Only', 287, 157, 3);
INSERT INTO song (song_id, album_id, name, duration_seconds, bpm, track_number) VALUES (555, 74, 'Fire', 257, 122, 4);
INSERT INTO song (song_id, album_id, name, duration_seconds, bpm, track_number) VALUES (556, 74, 'Really tough', 478, 135, 5);
INSERT INTO album (album_id, artist_id, title, release_year, created_at) VALUES (75, 43, 'Reactive 24hour solution', 2022, NOW());
INSERT INTO song (song_id, album_id, name, duration_seconds, bpm, track_number) VALUES (557, 75, 'Hard full', 165, 177, 1);
INSERT INTO song (song_id, album_id, name, duration_seconds, bpm, track_number) VALUES (558, 75, 'Nature sea case', 463, 67, 2);
INSERT INTO song (song_id, album_id, name, duration_seconds, bpm, track_number) VALUES (559, 75, 'Picture', 344, 131, 3);
INSERT INTO song (song_id, album_id, name, duration_seconds, bpm, track_number) VALUES (560, 75, 'Agree six', 132, 126, 4);
INSERT INTO song (song_id, album_id, name, duration_seconds, bpm, track_number) VALUES (561, 75, 'Common', 441, 85, 5);
INSERT INTO song (song_id, album_id, name, duration_seconds, bpm, track_number) VALUES (562, 75, 'Effect machine character', 401, 79, 6);
INSERT INTO song (song_id, album_id, name, duration_seconds, bpm, track_number) VALUES (563, 75, 'Position', 310, 157, 7);
INSERT INTO album (album_id, artist_id, title, release_year, created_at) VALUES (76, 44, 'Customizable 5thgeneration matrices', 2006, NOW());
INSERT INTO song (song_id, album_id, name, duration_seconds, bpm, track_number) VALUES (564, 76, 'Though defense responsibility tell', 411, 104, 1);
INSERT INTO song (song_id, album_id, name, duration_seconds, bpm, track_number) VALUES (565, 76, 'Pay no', 150, 60, 2);
INSERT INTO song (song_id, album_id, name, duration_seconds, bpm, track_number) VALUES (566, 76, 'Situation should', 236, 126, 3);
INSERT INTO song (song_id, album_id, name, duration_seconds, bpm, track_number) VALUES (567, 76, 'Economic', 444, 91, 4);
INSERT INTO song (song_id, album_id, name, duration_seconds, bpm, track_number) VALUES (568, 76, 'See', 405, 107, 5);
INSERT INTO song (song_id, album_id, name, duration_seconds, bpm, track_number) VALUES (569, 76, 'Significant station performance if', 142, 146, 6);
INSERT INTO song (song_id, album_id, name, duration_seconds, bpm, track_number) VALUES (570, 76, 'Business drive policy member', 417, 65, 7);
INSERT INTO song (song_id, album_id, name, duration_seconds, bpm, track_number) VALUES (571, 76, 'Speech drug they bill', 384, 131, 8);
INSERT INTO song (song_id, album_id, name, duration_seconds, bpm, track_number) VALUES (572, 76, 'Center deep', 420, 127, 9);
INSERT INTO album (album_id, artist_id, title, release_year, created_at) VALUES (77, 45, 'Grass-roots incremental model', 1974, NOW());
INSERT INTO song (song_id, album_id, name, duration_seconds, bpm, track_number) VALUES (573, 77, 'Gun yes market', 234, 87, 1);
INSERT INTO song (song_id, album_id, name, duration_seconds, bpm, track_number) VALUES (574, 77, 'Year', 264, 62, 2);
INSERT INTO song (song_id, album_id, name, duration_seconds, bpm, track_number) VALUES (575, 77, 'Usually green produce', 272, 89, 3);
INSERT INTO song (song_id, album_id, name, duration_seconds, bpm, track_number) VALUES (576, 77, 'Eight family', 416, 125, 4);
INSERT INTO song (song_id, album_id, name, duration_seconds, bpm, track_number) VALUES (577, 77, 'Dinner third per drive positive', 473, 158, 5);
INSERT INTO song (song_id, album_id, name, duration_seconds, bpm, track_number) VALUES (578, 77, 'Art', 388, 124, 6);
INSERT INTO song (song_id, album_id, name, duration_seconds, bpm, track_number) VALUES (579, 77, 'Impact', 167, 147, 7);
INSERT INTO song (song_id, album_id, name, duration_seconds, bpm, track_number) VALUES (580, 77, 'Maintain believe fund', 286, 64, 8);
INSERT INTO song (song_id, album_id, name, duration_seconds, bpm, track_number) VALUES (581, 77, 'Rock explain this', 166, 171, 9);
INSERT INTO album (album_id, artist_id, title, release_year, created_at) VALUES (78, 46, 'Customer-focused eco-centric complexity', 1991, NOW());
INSERT INTO song (song_id, album_id, name, duration_seconds, bpm, track_number) VALUES (582, 78, 'Program year yeah bar', 315, 163, 1);
INSERT INTO song (song_id, album_id, name, duration_seconds, bpm, track_number) VALUES (583, 78, 'Tree', 307, 63, 2);
INSERT INTO song (song_id, album_id, name, duration_seconds, bpm, track_number) VALUES (584, 78, 'Beat entire deal', 472, 88, 3);
INSERT INTO song (song_id, album_id, name, duration_seconds, bpm, track_number) VALUES (585, 78, 'Easy dinner report', 267, 133, 4);
INSERT INTO song (song_id, album_id, name, duration_seconds, bpm, track_number) VALUES (586, 78, 'Sea coach', 457, 165, 5);
INSERT INTO song (song_id, album_id, name, duration_seconds, bpm, track_number) VALUES (587, 78, 'Wind we often miss', 311, 151, 6);
INSERT INTO album (album_id, artist_id, title, release_year, created_at) VALUES (79, 47, 'Object-based didactic data-warehouse', 1983, NOW());
INSERT INTO song (song_id, album_id, name, duration_seconds, bpm, track_number) VALUES (588, 79, 'Free', 265, 129, 1);
INSERT INTO song (song_id, album_id, name, duration_seconds, bpm, track_number) VALUES (589, 79, 'Per', 469, 69, 2);
INSERT INTO song (song_id, album_id, name, duration_seconds, bpm, track_number) VALUES (590, 79, 'Him figure', 354, 109, 3);
INSERT INTO song (song_id, album_id, name, duration_seconds, bpm, track_number) VALUES (591, 79, 'Hear stuff performance cover', 269, 104, 4);
INSERT INTO song (song_id, album_id, name, duration_seconds, bpm, track_number) VALUES (592, 79, 'Might head small', 341, 173, 5);
INSERT INTO song (song_id, album_id, name, duration_seconds, bpm, track_number) VALUES (593, 79, 'Key everyone', 461, 97, 6);
INSERT INTO song (song_id, album_id, name, duration_seconds, bpm, track_number) VALUES (594, 79, 'Grow', 374, 92, 7);
INSERT INTO song (song_id, album_id, name, duration_seconds, bpm, track_number) VALUES (595, 79, 'Which almost voice boy once', 250, 160, 8);
INSERT INTO song (song_id, album_id, name, duration_seconds, bpm, track_number) VALUES (596, 79, 'Space', 171, 128, 9);
INSERT INTO album (album_id, artist_id, title, release_year, created_at) VALUES (80, 48, 'Right-sized responsive superstructure', 2019, NOW());
INSERT INTO song (song_id, album_id, name, duration_seconds, bpm, track_number) VALUES (597, 80, 'Big huge', 453, 138, 1);
INSERT INTO song (song_id, album_id, name, duration_seconds, bpm, track_number) VALUES (598, 80, 'Develop nearly might', 365, 177, 2);
INSERT INTO song (song_id, album_id, name, duration_seconds, bpm, track_number) VALUES (599, 80, 'World purpose', 140, 149, 3);
INSERT INTO song (song_id, album_id, name, duration_seconds, bpm, track_number) VALUES (600, 80, 'Social eye', 232, 104, 4);
INSERT INTO song (song_id, album_id, name, duration_seconds, bpm, track_number) VALUES (601, 80, 'Sure base', 352, 177, 5);
INSERT INTO song (song_id, album_id, name, duration_seconds, bpm, track_number) VALUES (602, 80, 'Education', 455, 93, 6);
INSERT INTO song (song_id, album_id, name, duration_seconds, bpm, track_number) VALUES (603, 80, 'Want', 284, 76, 7);
INSERT INTO album (album_id, artist_id, title, release_year, created_at) VALUES (81, 49, 'Distributed reciprocal project', 1982, NOW());
INSERT INTO song (song_id, album_id, name, duration_seconds, bpm, track_number) VALUES (604, 81, 'Tv although wear', 120, 119, 1);
INSERT INTO song (song_id, album_id, name, duration_seconds, bpm, track_number) VALUES (605, 81, 'Enter', 414, 127, 2);
INSERT INTO song (song_id, album_id, name, duration_seconds, bpm, track_number) VALUES (606, 81, 'Produce', 127, 69, 3);
INSERT INTO song (song_id, album_id, name, duration_seconds, bpm, track_number) VALUES (607, 81, 'Lose', 397, 91, 4);
INSERT INTO song (song_id, album_id, name, duration_seconds, bpm, track_number) VALUES (608, 81, 'Notice', 427, 177, 5);
INSERT INTO song (song_id, album_id, name, duration_seconds, bpm, track_number) VALUES (609, 81, 'White nice', 429, 169, 6);
INSERT INTO song (song_id, album_id, name, duration_seconds, bpm, track_number) VALUES (610, 81, 'Environment', 342, 128, 7);
INSERT INTO album (album_id, artist_id, title, release_year, created_at) VALUES (82, 49, 'Synergistic 6thgeneration attitude', 1991, NOW());
INSERT INTO song (song_id, album_id, name, duration_seconds, bpm, track_number) VALUES (611, 82, 'Fight own', 213, 142, 1);
INSERT INTO song (song_id, album_id, name, duration_seconds, bpm, track_number) VALUES (612, 82, 'Three seat pay how', 327, 160, 2);
INSERT INTO song (song_id, album_id, name, duration_seconds, bpm, track_number) VALUES (613, 82, 'My', 357, 103, 3);
INSERT INTO song (song_id, album_id, name, duration_seconds, bpm, track_number) VALUES (614, 82, 'Full', 356, 97, 4);
INSERT INTO song (song_id, album_id, name, duration_seconds, bpm, track_number) VALUES (615, 82, 'Official see meet', 361, 161, 5);
INSERT INTO album (album_id, artist_id, title, release_year, created_at) VALUES (83, 49, 'Re-contextualized maximized interface', 2002, NOW());
INSERT INTO song (song_id, album_id, name, duration_seconds, bpm, track_number) VALUES (616, 83, 'Site', 134, 175, 1);
INSERT INTO song (song_id, album_id, name, duration_seconds, bpm, track_number) VALUES (617, 83, 'Say', 193, 68, 2);
INSERT INTO song (song_id, album_id, name, duration_seconds, bpm, track_number) VALUES (618, 83, 'Knowledge win', 231, 132, 3);
INSERT INTO song (song_id, album_id, name, duration_seconds, bpm, track_number) VALUES (619, 83, 'Cause', 373, 121, 4);
INSERT INTO song (song_id, album_id, name, duration_seconds, bpm, track_number) VALUES (620, 83, 'Statement goal possible wall', 160, 174, 5);
INSERT INTO song (song_id, album_id, name, duration_seconds, bpm, track_number) VALUES (621, 83, 'Evidence order strategy', 409, 172, 6);
INSERT INTO song (song_id, album_id, name, duration_seconds, bpm, track_number) VALUES (622, 83, 'Less', 277, 116, 7);
INSERT INTO song (song_id, album_id, name, duration_seconds, bpm, track_number) VALUES (623, 83, 'Describe cold sometimes join term', 217, 130, 8);
INSERT INTO song (song_id, album_id, name, duration_seconds, bpm, track_number) VALUES (624, 83, 'Suffer agent party important', 212, 105, 9);
INSERT INTO album (album_id, artist_id, title, release_year, created_at) VALUES (84, 50, 'Synergized impactful process improvement', 1986, NOW());
INSERT INTO song (song_id, album_id, name, duration_seconds, bpm, track_number) VALUES (625, 84, 'Wonder military', 301, 141, 1);
INSERT INTO song (song_id, album_id, name, duration_seconds, bpm, track_number) VALUES (626, 84, 'Parent could network task', 216, 64, 2);
INSERT INTO song (song_id, album_id, name, duration_seconds, bpm, track_number) VALUES (627, 84, 'Step', 448, 167, 3);
INSERT INTO song (song_id, album_id, name, duration_seconds, bpm, track_number) VALUES (628, 84, 'Difference research', 375, 94, 4);
INSERT INTO song (song_id, album_id, name, duration_seconds, bpm, track_number) VALUES (629, 84, 'Leg', 254, 179, 5);
INSERT INTO song (song_id, album_id, name, duration_seconds, bpm, track_number) VALUES (630, 84, 'Important', 480, 82, 6);
INSERT INTO album (album_id, artist_id, title, release_year, created_at) VALUES (85, 50, 'Fully-configurable real-time synergy', 2023, NOW());
INSERT INTO song (song_id, album_id, name, duration_seconds, bpm, track_number) VALUES (631, 85, 'Program', 259, 175, 1);
INSERT INTO song (song_id, album_id, name, duration_seconds, bpm, track_number) VALUES (632, 85, 'They beyond maintain note', 415, 142, 2);
INSERT INTO song (song_id, album_id, name, duration_seconds, bpm, track_number) VALUES (633, 85, 'Board difficult', 410, 67, 3);
INSERT INTO song (song_id, album_id, name, duration_seconds, bpm, track_number) VALUES (634, 85, 'Available step', 138, 130, 4);
INSERT INTO song (song_id, album_id, name, duration_seconds, bpm, track_number) VALUES (635, 85, 'Later recognize', 267, 81, 5);
INSERT INTO song (song_id, album_id, name, duration_seconds, bpm, track_number) VALUES (636, 85, 'Sound candidate', 349, 176, 6);
INSERT INTO song (song_id, album_id, name, duration_seconds, bpm, track_number) VALUES (637, 85, 'Agency positive', 180, 83, 7);
INSERT INTO song (song_id, album_id, name, duration_seconds, bpm, track_number) VALUES (638, 85, 'How', 396, 164, 8);
INSERT INTO album (album_id, artist_id, title, release_year, created_at) VALUES (86, 51, 'Self-enabling tangible software', 1974, NOW());
INSERT INTO song (song_id, album_id, name, duration_seconds, bpm, track_number) VALUES (639, 86, 'Fly with', 197, 109, 1);
INSERT INTO song (song_id, album_id, name, duration_seconds, bpm, track_number) VALUES (640, 86, 'College', 371, 155, 2);
INSERT INTO song (song_id, album_id, name, duration_seconds, bpm, track_number) VALUES (641, 86, 'East', 298, 123, 3);
INSERT INTO song (song_id, album_id, name, duration_seconds, bpm, track_number) VALUES (642, 86, 'Sister itself level', 307, 119, 4);
INSERT INTO song (song_id, album_id, name, duration_seconds, bpm, track_number) VALUES (643, 86, 'Court agree', 433, 131, 5);
INSERT INTO song (song_id, album_id, name, duration_seconds, bpm, track_number) VALUES (644, 86, 'Degree', 455, 134, 6);
INSERT INTO song (song_id, album_id, name, duration_seconds, bpm, track_number) VALUES (645, 86, 'Official', 435, 66, 7);
INSERT INTO album (album_id, artist_id, title, release_year, created_at) VALUES (87, 52, 'Function-based composite standardization', 2009, NOW());
INSERT INTO song (song_id, album_id, name, duration_seconds, bpm, track_number) VALUES (646, 87, 'Hold its', 379, 140, 1);
INSERT INTO song (song_id, album_id, name, duration_seconds, bpm, track_number) VALUES (647, 87, 'Note site', 416, 117, 2);
INSERT INTO song (song_id, album_id, name, duration_seconds, bpm, track_number) VALUES (648, 87, 'Near provide', 204, 145, 3);
INSERT INTO song (song_id, album_id, name, duration_seconds, bpm, track_number) VALUES (649, 87, 'Relationship', 275, 148, 4);
INSERT INTO song (song_id, album_id, name, duration_seconds, bpm, track_number) VALUES (650, 87, 'Capital', 404, 76, 5);
INSERT INTO song (song_id, album_id, name, duration_seconds, bpm, track_number) VALUES (651, 87, 'Happy stage billion administration', 303, 134, 6);
INSERT INTO song (song_id, album_id, name, duration_seconds, bpm, track_number) VALUES (652, 87, 'Send their who full', 410, 106, 7);
INSERT INTO album (album_id, artist_id, title, release_year, created_at) VALUES (88, 52, 'Centralized impactful Local Area Network', 2023, NOW());
INSERT INTO song (song_id, album_id, name, duration_seconds, bpm, track_number) VALUES (653, 88, 'Adult now nature million', 147, 131, 1);
INSERT INTO song (song_id, album_id, name, duration_seconds, bpm, track_number) VALUES (654, 88, 'Shake', 226, 148, 2);
INSERT INTO song (song_id, album_id, name, duration_seconds, bpm, track_number) VALUES (655, 88, 'Central teacher', 184, 96, 3);
INSERT INTO song (song_id, album_id, name, duration_seconds, bpm, track_number) VALUES (656, 88, 'Local', 366, 163, 4);
INSERT INTO song (song_id, album_id, name, duration_seconds, bpm, track_number) VALUES (657, 88, 'Decade', 476, 140, 5);
INSERT INTO song (song_id, album_id, name, duration_seconds, bpm, track_number) VALUES (658, 88, 'Whole', 256, 113, 6);
INSERT INTO song (song_id, album_id, name, duration_seconds, bpm, track_number) VALUES (659, 88, 'Word yes past center', 453, 70, 7);
INSERT INTO song (song_id, album_id, name, duration_seconds, bpm, track_number) VALUES (660, 88, 'Line', 252, 62, 8);
INSERT INTO song (song_id, album_id, name, duration_seconds, bpm, track_number) VALUES (661, 88, 'Nothing decade', 170, 108, 9);
INSERT INTO album (album_id, artist_id, title, release_year, created_at) VALUES (89, 53, 'Vision-oriented maximized capability', 2000, NOW());
INSERT INTO song (song_id, album_id, name, duration_seconds, bpm, track_number) VALUES (662, 89, 'Meeting really', 417, 81, 1);
INSERT INTO song (song_id, album_id, name, duration_seconds, bpm, track_number) VALUES (663, 89, 'Thousand party', 159, 65, 2);
INSERT INTO song (song_id, album_id, name, duration_seconds, bpm, track_number) VALUES (664, 89, 'After cell southern', 443, 97, 3);
INSERT INTO song (song_id, album_id, name, duration_seconds, bpm, track_number) VALUES (665, 89, 'Another method though', 306, 61, 4);
INSERT INTO song (song_id, album_id, name, duration_seconds, bpm, track_number) VALUES (666, 89, 'Rate almost believe', 201, 62, 5);
INSERT INTO song (song_id, album_id, name, duration_seconds, bpm, track_number) VALUES (667, 89, 'Pretty', 259, 135, 6);
INSERT INTO song (song_id, album_id, name, duration_seconds, bpm, track_number) VALUES (668, 89, 'Democrat never former', 257, 154, 7);
INSERT INTO song (song_id, album_id, name, duration_seconds, bpm, track_number) VALUES (669, 89, 'Him population', 157, 98, 8);
INSERT INTO song (song_id, album_id, name, duration_seconds, bpm, track_number) VALUES (670, 89, 'Bit road letter few indicate', 208, 159, 9);
INSERT INTO album (album_id, artist_id, title, release_year, created_at) VALUES (90, 53, 'Upgradable explicit definition', 1995, NOW());
INSERT INTO song (song_id, album_id, name, duration_seconds, bpm, track_number) VALUES (671, 90, 'Must since yourself', 409, 115, 1);
INSERT INTO song (song_id, album_id, name, duration_seconds, bpm, track_number) VALUES (672, 90, 'A type', 227, 153, 2);
INSERT INTO song (song_id, album_id, name, duration_seconds, bpm, track_number) VALUES (673, 90, 'Write pull', 204, 88, 3);
INSERT INTO song (song_id, album_id, name, duration_seconds, bpm, track_number) VALUES (674, 90, 'Certain', 159, 76, 4);
INSERT INTO song (song_id, album_id, name, duration_seconds, bpm, track_number) VALUES (675, 90, 'Act', 380, 118, 5);
INSERT INTO song (song_id, album_id, name, duration_seconds, bpm, track_number) VALUES (676, 90, 'Whether fine raise', 388, 177, 6);
INSERT INTO album (album_id, artist_id, title, release_year, created_at) VALUES (91, 54, 'Function-based needs-based collaboration', 1983, NOW());
INSERT INTO song (song_id, album_id, name, duration_seconds, bpm, track_number) VALUES (677, 91, 'Group', 396, 167, 1);
INSERT INTO song (song_id, album_id, name, duration_seconds, bpm, track_number) VALUES (678, 91, 'Son power major cup', 209, 163, 2);
INSERT INTO song (song_id, album_id, name, duration_seconds, bpm, track_number) VALUES (679, 91, 'Dream represent month', 365, 120, 3);
INSERT INTO song (song_id, album_id, name, duration_seconds, bpm, track_number) VALUES (680, 91, 'Church', 345, 180, 4);
INSERT INTO song (song_id, album_id, name, duration_seconds, bpm, track_number) VALUES (681, 91, 'Story', 138, 134, 5);
INSERT INTO album (album_id, artist_id, title, release_year, created_at) VALUES (92, 54, 'Total 24hour capacity', 1993, NOW());
INSERT INTO song (song_id, album_id, name, duration_seconds, bpm, track_number) VALUES (682, 92, 'Understand', 295, 134, 1);
INSERT INTO song (song_id, album_id, name, duration_seconds, bpm, track_number) VALUES (683, 92, 'Now', 245, 169, 2);
INSERT INTO song (song_id, album_id, name, duration_seconds, bpm, track_number) VALUES (684, 92, 'Law', 221, 131, 3);
INSERT INTO song (song_id, album_id, name, duration_seconds, bpm, track_number) VALUES (685, 92, 'Stop', 274, 102, 4);
INSERT INTO song (song_id, album_id, name, duration_seconds, bpm, track_number) VALUES (686, 92, 'Expect current mother', 265, 85, 5);
INSERT INTO song (song_id, album_id, name, duration_seconds, bpm, track_number) VALUES (687, 92, 'Where bar item', 472, 102, 6);
INSERT INTO song (song_id, album_id, name, duration_seconds, bpm, track_number) VALUES (688, 92, 'Fund', 262, 86, 7);
INSERT INTO song (song_id, album_id, name, duration_seconds, bpm, track_number) VALUES (689, 92, 'Director', 360, 71, 8);
INSERT INTO song (song_id, album_id, name, duration_seconds, bpm, track_number) VALUES (690, 92, 'Too share', 192, 146, 9);
INSERT INTO album (album_id, artist_id, title, release_year, created_at) VALUES (93, 54, 'Multi-lateral upward-trending hierarchy', 2005, NOW());
INSERT INTO song (song_id, album_id, name, duration_seconds, bpm, track_number) VALUES (691, 93, 'Gun', 147, 67, 1);
INSERT INTO song (song_id, album_id, name, duration_seconds, bpm, track_number) VALUES (692, 93, 'Defense', 174, 118, 2);
INSERT INTO song (song_id, album_id, name, duration_seconds, bpm, track_number) VALUES (693, 93, 'Glass room', 424, 143, 3);
INSERT INTO song (song_id, album_id, name, duration_seconds, bpm, track_number) VALUES (694, 93, 'Growth', 310, 87, 4);
INSERT INTO song (song_id, album_id, name, duration_seconds, bpm, track_number) VALUES (695, 93, 'Right', 393, 92, 5);
INSERT INTO song (song_id, album_id, name, duration_seconds, bpm, track_number) VALUES (696, 93, 'Someone finally', 388, 77, 6);
INSERT INTO song (song_id, album_id, name, duration_seconds, bpm, track_number) VALUES (697, 93, 'Sister weight', 219, 92, 7);
INSERT INTO song (song_id, album_id, name, duration_seconds, bpm, track_number) VALUES (698, 93, 'Call building', 347, 134, 8);
INSERT INTO song (song_id, album_id, name, duration_seconds, bpm, track_number) VALUES (699, 93, 'Former two drug', 333, 150, 9);
INSERT INTO album (album_id, artist_id, title, release_year, created_at) VALUES (94, 55, 'Multi-layered asynchronous data-warehouse', 2003, NOW());
INSERT INTO song (song_id, album_id, name, duration_seconds, bpm, track_number) VALUES (700, 94, 'Thousand individual', 444, 153, 1);
INSERT INTO song (song_id, album_id, name, duration_seconds, bpm, track_number) VALUES (701, 94, 'Building', 467, 129, 2);
INSERT INTO song (song_id, album_id, name, duration_seconds, bpm, track_number) VALUES (702, 94, 'Who individual least', 330, 175, 3);
INSERT INTO song (song_id, album_id, name, duration_seconds, bpm, track_number) VALUES (703, 94, 'Radio', 421, 73, 4);
INSERT INTO song (song_id, album_id, name, duration_seconds, bpm, track_number) VALUES (704, 94, 'Push fear lawyer law', 218, 155, 5);
INSERT INTO song (song_id, album_id, name, duration_seconds, bpm, track_number) VALUES (705, 94, 'Stand', 338, 105, 6);
INSERT INTO song (song_id, album_id, name, duration_seconds, bpm, track_number) VALUES (706, 94, 'Drive ball over information', 238, 87, 7);
INSERT INTO song (song_id, album_id, name, duration_seconds, bpm, track_number) VALUES (707, 94, 'Modern', 396, 154, 8);
INSERT INTO song (song_id, album_id, name, duration_seconds, bpm, track_number) VALUES (708, 94, 'Season', 379, 93, 9);
INSERT INTO song (song_id, album_id, name, duration_seconds, bpm, track_number) VALUES (709, 94, 'Find individual', 320, 178, 10);
INSERT INTO album (album_id, artist_id, title, release_year, created_at) VALUES (95, 55, 'Monitored grid-enabled attitude', 2003, NOW());
INSERT INTO song (song_id, album_id, name, duration_seconds, bpm, track_number) VALUES (710, 95, 'Its employee', 480, 103, 1);
INSERT INTO song (song_id, album_id, name, duration_seconds, bpm, track_number) VALUES (711, 95, 'Energy', 410, 112, 2);
INSERT INTO song (song_id, album_id, name, duration_seconds, bpm, track_number) VALUES (712, 95, 'Through', 217, 86, 3);
INSERT INTO song (song_id, album_id, name, duration_seconds, bpm, track_number) VALUES (713, 95, 'Situation', 198, 77, 4);
INSERT INTO song (song_id, album_id, name, duration_seconds, bpm, track_number) VALUES (714, 95, 'Talk group deal prepare', 342, 66, 5);
INSERT INTO album (album_id, artist_id, title, release_year, created_at) VALUES (96, 56, 'Customer-focused directional interface', 1996, NOW());
INSERT INTO song (song_id, album_id, name, duration_seconds, bpm, track_number) VALUES (715, 96, 'Type', 220, 111, 1);
INSERT INTO song (song_id, album_id, name, duration_seconds, bpm, track_number) VALUES (716, 96, 'Do', 443, 137, 2);
INSERT INTO song (song_id, album_id, name, duration_seconds, bpm, track_number) VALUES (717, 96, 'Man environment down purpose certain', 168, 76, 3);
INSERT INTO song (song_id, album_id, name, duration_seconds, bpm, track_number) VALUES (718, 96, 'Teach son current', 286, 101, 4);
INSERT INTO song (song_id, album_id, name, duration_seconds, bpm, track_number) VALUES (719, 96, 'Determine method', 281, 119, 5);
INSERT INTO song (song_id, album_id, name, duration_seconds, bpm, track_number) VALUES (720, 96, 'Shake her have', 274, 160, 6);
INSERT INTO song (song_id, album_id, name, duration_seconds, bpm, track_number) VALUES (721, 96, 'Attorney', 170, 150, 7);
INSERT INTO song (song_id, album_id, name, duration_seconds, bpm, track_number) VALUES (722, 96, 'Very', 265, 113, 8);
INSERT INTO song (song_id, album_id, name, duration_seconds, bpm, track_number) VALUES (723, 96, 'Away source various collection', 317, 132, 9);
INSERT INTO song (song_id, album_id, name, duration_seconds, bpm, track_number) VALUES (724, 96, 'Ask commercial', 158, 153, 10);
INSERT INTO album (album_id, artist_id, title, release_year, created_at) VALUES (97, 56, 'Exclusive context-sensitive forecast', 1994, NOW());
INSERT INTO song (song_id, album_id, name, duration_seconds, bpm, track_number) VALUES (725, 97, 'Ago certain beat', 171, 74, 1);
INSERT INTO song (song_id, album_id, name, duration_seconds, bpm, track_number) VALUES (726, 97, 'Head', 161, 103, 2);
INSERT INTO song (song_id, album_id, name, duration_seconds, bpm, track_number) VALUES (727, 97, 'Size meeting cost race', 289, 162, 3);
INSERT INTO song (song_id, album_id, name, duration_seconds, bpm, track_number) VALUES (728, 97, 'Trouble food able', 178, 132, 4);
INSERT INTO song (song_id, album_id, name, duration_seconds, bpm, track_number) VALUES (729, 97, 'Movement while clearly', 391, 165, 5);
INSERT INTO song (song_id, album_id, name, duration_seconds, bpm, track_number) VALUES (730, 97, 'Industry information purpose', 292, 150, 6);
INSERT INTO song (song_id, album_id, name, duration_seconds, bpm, track_number) VALUES (731, 97, 'Until keep customer seek', 477, 78, 7);
INSERT INTO album (album_id, artist_id, title, release_year, created_at) VALUES (98, 57, 'Automated system-worthy hub', 2020, NOW());
INSERT INTO song (song_id, album_id, name, duration_seconds, bpm, track_number) VALUES (732, 98, 'East wide', 456, 172, 1);
INSERT INTO song (song_id, album_id, name, duration_seconds, bpm, track_number) VALUES (733, 98, 'Open', 443, 62, 2);
INSERT INTO song (song_id, album_id, name, duration_seconds, bpm, track_number) VALUES (734, 98, 'Nor', 425, 138, 3);
INSERT INTO song (song_id, album_id, name, duration_seconds, bpm, track_number) VALUES (735, 98, 'Fall whose', 411, 166, 4);
INSERT INTO song (song_id, album_id, name, duration_seconds, bpm, track_number) VALUES (736, 98, 'Talk', 398, 115, 5);
INSERT INTO song (song_id, album_id, name, duration_seconds, bpm, track_number) VALUES (737, 98, 'Family', 302, 100, 6);
INSERT INTO album (album_id, artist_id, title, release_year, created_at) VALUES (99, 57, 'Innovative multimedia system engine', 1981, NOW());
INSERT INTO song (song_id, album_id, name, duration_seconds, bpm, track_number) VALUES (738, 99, 'Together', 195, 70, 1);
INSERT INTO song (song_id, album_id, name, duration_seconds, bpm, track_number) VALUES (739, 99, 'Join', 456, 137, 2);
INSERT INTO song (song_id, album_id, name, duration_seconds, bpm, track_number) VALUES (740, 99, 'Name', 296, 154, 3);
INSERT INTO song (song_id, album_id, name, duration_seconds, bpm, track_number) VALUES (741, 99, 'Policy you themselves shake', 444, 115, 4);
INSERT INTO song (song_id, album_id, name, duration_seconds, bpm, track_number) VALUES (742, 99, 'Push list', 302, 108, 5);
INSERT INTO song (song_id, album_id, name, duration_seconds, bpm, track_number) VALUES (743, 99, 'Mouth', 331, 72, 6);
INSERT INTO song (song_id, album_id, name, duration_seconds, bpm, track_number) VALUES (744, 99, 'Especially', 424, 168, 7);
INSERT INTO song (song_id, album_id, name, duration_seconds, bpm, track_number) VALUES (745, 99, 'Open', 369, 156, 8);
INSERT INTO song (song_id, album_id, name, duration_seconds, bpm, track_number) VALUES (746, 99, 'Year share yet', 405, 115, 9);
INSERT INTO song (song_id, album_id, name, duration_seconds, bpm, track_number) VALUES (747, 99, 'In impact century four', 300, 111, 10);
INSERT INTO album (album_id, artist_id, title, release_year, created_at) VALUES (100, 58, 'Open-source logistical knowledge user', 2024, NOW());
INSERT INTO song (song_id, album_id, name, duration_seconds, bpm, track_number) VALUES (748, 100, 'Seem large nearly', 295, 157, 1);
INSERT INTO song (song_id, album_id, name, duration_seconds, bpm, track_number) VALUES (749, 100, 'Over', 262, 133, 2);
INSERT INTO song (song_id, album_id, name, duration_seconds, bpm, track_number) VALUES (750, 100, 'Along relationship difference science traditional', 455, 74, 3);
INSERT INTO song (song_id, album_id, name, duration_seconds, bpm, track_number) VALUES (751, 100, 'Significant', 152, 173, 4);
INSERT INTO song (song_id, album_id, name, duration_seconds, bpm, track_number) VALUES (752, 100, 'Own', 254, 166, 5);
INSERT INTO song (song_id, album_id, name, duration_seconds, bpm, track_number) VALUES (753, 100, 'Respond local out', 294, 138, 6);
INSERT INTO song (song_id, album_id, name, duration_seconds, bpm, track_number) VALUES (754, 100, 'Thousand', 454, 84, 7);
INSERT INTO song (song_id, album_id, name, duration_seconds, bpm, track_number) VALUES (755, 100, 'Available trial charge kid believe', 177, 122, 8);
INSERT INTO album (album_id, artist_id, title, release_year, created_at) VALUES (101, 58, 'Virtual discrete analyzer', 2018, NOW());
INSERT INTO song (song_id, album_id, name, duration_seconds, bpm, track_number) VALUES (756, 101, 'Woman international', 156, 124, 1);
INSERT INTO song (song_id, album_id, name, duration_seconds, bpm, track_number) VALUES (757, 101, 'Probably', 368, 169, 2);
INSERT INTO song (song_id, album_id, name, duration_seconds, bpm, track_number) VALUES (758, 101, 'Success prevent', 170, 156, 3);
INSERT INTO song (song_id, album_id, name, duration_seconds, bpm, track_number) VALUES (759, 101, 'Talk night citizen', 264, 72, 4);
INSERT INTO song (song_id, album_id, name, duration_seconds, bpm, track_number) VALUES (760, 101, 'Build culture', 249, 131, 5);
INSERT INTO song (song_id, album_id, name, duration_seconds, bpm, track_number) VALUES (761, 101, 'Sort Congress somebody oil', 201, 161, 6);
INSERT INTO song (song_id, album_id, name, duration_seconds, bpm, track_number) VALUES (762, 101, 'Pattern', 198, 161, 7);
INSERT INTO song (song_id, album_id, name, duration_seconds, bpm, track_number) VALUES (763, 101, 'Feeling less', 324, 120, 8);
INSERT INTO song (song_id, album_id, name, duration_seconds, bpm, track_number) VALUES (764, 101, 'Four act behind large', 322, 112, 9);
INSERT INTO song (song_id, album_id, name, duration_seconds, bpm, track_number) VALUES (765, 101, 'Region difficult few today level', 134, 118, 10);
INSERT INTO album (album_id, artist_id, title, release_year, created_at) VALUES (102, 58, 'Customizable zero-defect database', 1980, NOW());
INSERT INTO song (song_id, album_id, name, duration_seconds, bpm, track_number) VALUES (766, 102, 'Body', 458, 169, 1);
INSERT INTO song (song_id, album_id, name, duration_seconds, bpm, track_number) VALUES (767, 102, 'Participant medical performance assume', 242, 91, 2);
INSERT INTO song (song_id, album_id, name, duration_seconds, bpm, track_number) VALUES (768, 102, 'Similar', 273, 139, 3);
INSERT INTO song (song_id, album_id, name, duration_seconds, bpm, track_number) VALUES (769, 102, 'Drop east hit', 252, 155, 4);
INSERT INTO song (song_id, album_id, name, duration_seconds, bpm, track_number) VALUES (770, 102, 'Fight face', 189, 109, 5);
INSERT INTO song (song_id, album_id, name, duration_seconds, bpm, track_number) VALUES (771, 102, 'Director positive', 459, 123, 6);
INSERT INTO song (song_id, album_id, name, duration_seconds, bpm, track_number) VALUES (772, 102, 'Just', 178, 166, 7);
INSERT INTO song (song_id, album_id, name, duration_seconds, bpm, track_number) VALUES (773, 102, 'Rise', 421, 153, 8);
INSERT INTO album (album_id, artist_id, title, release_year, created_at) VALUES (103, 59, 'Organic global budgetary management', 1990, NOW());
INSERT INTO song (song_id, album_id, name, duration_seconds, bpm, track_number) VALUES (774, 103, 'Why wrong police', 315, 67, 1);
INSERT INTO song (song_id, album_id, name, duration_seconds, bpm, track_number) VALUES (775, 103, 'Team trade popular', 296, 78, 2);
INSERT INTO song (song_id, album_id, name, duration_seconds, bpm, track_number) VALUES (776, 103, 'To give throughout', 171, 124, 3);
INSERT INTO song (song_id, album_id, name, duration_seconds, bpm, track_number) VALUES (777, 103, 'Agree chance', 132, 165, 4);
INSERT INTO song (song_id, album_id, name, duration_seconds, bpm, track_number) VALUES (778, 103, 'Surface magazine peace', 353, 89, 5);
INSERT INTO song (song_id, album_id, name, duration_seconds, bpm, track_number) VALUES (779, 103, 'Think maintain', 186, 176, 6);
INSERT INTO song (song_id, album_id, name, duration_seconds, bpm, track_number) VALUES (780, 103, 'Mind never no', 268, 87, 7);
INSERT INTO song (song_id, album_id, name, duration_seconds, bpm, track_number) VALUES (781, 103, 'Bed', 264, 109, 8);
INSERT INTO song (song_id, album_id, name, duration_seconds, bpm, track_number) VALUES (782, 103, 'Store town city', 438, 110, 9);
INSERT INTO album (album_id, artist_id, title, release_year, created_at) VALUES (104, 60, 'Self-enabling heuristic projection', 1996, NOW());
INSERT INTO song (song_id, album_id, name, duration_seconds, bpm, track_number) VALUES (783, 104, 'Husband them', 335, 67, 1);
INSERT INTO song (song_id, album_id, name, duration_seconds, bpm, track_number) VALUES (784, 104, 'Truth', 332, 70, 2);
INSERT INTO song (song_id, album_id, name, duration_seconds, bpm, track_number) VALUES (785, 104, 'Language', 195, 154, 3);
INSERT INTO song (song_id, album_id, name, duration_seconds, bpm, track_number) VALUES (786, 104, 'Peace star answer', 292, 111, 4);
INSERT INTO song (song_id, album_id, name, duration_seconds, bpm, track_number) VALUES (787, 104, 'Team return somebody', 427, 139, 5);
INSERT INTO song (song_id, album_id, name, duration_seconds, bpm, track_number) VALUES (788, 104, 'System', 120, 105, 6);
INSERT INTO song (song_id, album_id, name, duration_seconds, bpm, track_number) VALUES (789, 104, 'Role arrive', 197, 75, 7);
INSERT INTO song (song_id, album_id, name, duration_seconds, bpm, track_number) VALUES (790, 104, 'Policy day weight', 383, 124, 8);
INSERT INTO song (song_id, album_id, name, duration_seconds, bpm, track_number) VALUES (791, 104, 'Whatever win', 386, 138, 9);
INSERT INTO album (album_id, artist_id, title, release_year, created_at) VALUES (105, 60, 'Team-oriented grid-enabled solution', 2018, NOW());
INSERT INTO song (song_id, album_id, name, duration_seconds, bpm, track_number) VALUES (792, 105, 'Mrs', 256, 94, 1);
INSERT INTO song (song_id, album_id, name, duration_seconds, bpm, track_number) VALUES (793, 105, 'Eat', 279, 61, 2);
INSERT INTO song (song_id, album_id, name, duration_seconds, bpm, track_number) VALUES (794, 105, 'Dark', 216, 141, 3);
INSERT INTO song (song_id, album_id, name, duration_seconds, bpm, track_number) VALUES (795, 105, 'Public pressure seem enter', 124, 173, 4);
INSERT INTO song (song_id, album_id, name, duration_seconds, bpm, track_number) VALUES (796, 105, 'Similar', 120, 135, 5);
INSERT INTO song (song_id, album_id, name, duration_seconds, bpm, track_number) VALUES (797, 105, 'System color', 123, 180, 6);
INSERT INTO song (song_id, album_id, name, duration_seconds, bpm, track_number) VALUES (798, 105, 'Interview century work', 365, 73, 7);
INSERT INTO album (album_id, artist_id, title, release_year, created_at) VALUES (106, 61, 'Centralized local standardization', 1995, NOW());
INSERT INTO song (song_id, album_id, name, duration_seconds, bpm, track_number) VALUES (799, 106, 'Economic significant could', 445, 178, 1);
INSERT INTO song (song_id, album_id, name, duration_seconds, bpm, track_number) VALUES (800, 106, 'Able', 403, 132, 2);
INSERT INTO song (song_id, album_id, name, duration_seconds, bpm, track_number) VALUES (801, 106, 'Every', 313, 177, 3);
INSERT INTO song (song_id, album_id, name, duration_seconds, bpm, track_number) VALUES (802, 106, 'Blood', 182, 179, 4);
INSERT INTO song (song_id, album_id, name, duration_seconds, bpm, track_number) VALUES (803, 106, 'Pattern', 347, 102, 5);
INSERT INTO song (song_id, album_id, name, duration_seconds, bpm, track_number) VALUES (804, 106, 'Class', 128, 147, 6);
INSERT INTO song (song_id, album_id, name, duration_seconds, bpm, track_number) VALUES (805, 106, 'Receive rock forward', 447, 140, 7);
INSERT INTO album (album_id, artist_id, title, release_year, created_at) VALUES (107, 62, 'Multi-channeled static standardization', 1987, NOW());
INSERT INTO song (song_id, album_id, name, duration_seconds, bpm, track_number) VALUES (806, 107, 'Anyone', 388, 128, 1);
INSERT INTO song (song_id, album_id, name, duration_seconds, bpm, track_number) VALUES (807, 107, 'Night indeed', 282, 93, 2);
INSERT INTO song (song_id, album_id, name, duration_seconds, bpm, track_number) VALUES (808, 107, 'Above', 175, 93, 3);
INSERT INTO song (song_id, album_id, name, duration_seconds, bpm, track_number) VALUES (809, 107, 'Within clearly attention', 222, 112, 4);
INSERT INTO song (song_id, album_id, name, duration_seconds, bpm, track_number) VALUES (810, 107, 'Possible', 369, 145, 5);
INSERT INTO song (song_id, album_id, name, duration_seconds, bpm, track_number) VALUES (811, 107, 'Box computer letter', 177, 127, 6);
INSERT INTO song (song_id, album_id, name, duration_seconds, bpm, track_number) VALUES (812, 107, 'Capital family professor', 368, 128, 7);
INSERT INTO album (album_id, artist_id, title, release_year, created_at) VALUES (108, 63, 'Expanded cohesive software', 2013, NOW());
INSERT INTO song (song_id, album_id, name, duration_seconds, bpm, track_number) VALUES (813, 108, 'Production', 416, 109, 1);
INSERT INTO song (song_id, album_id, name, duration_seconds, bpm, track_number) VALUES (814, 108, 'News', 405, 114, 2);
INSERT INTO song (song_id, album_id, name, duration_seconds, bpm, track_number) VALUES (815, 108, 'Sit floor although', 240, 119, 3);
INSERT INTO song (song_id, album_id, name, duration_seconds, bpm, track_number) VALUES (816, 108, 'Control they', 219, 160, 4);
INSERT INTO song (song_id, album_id, name, duration_seconds, bpm, track_number) VALUES (817, 108, 'Support', 299, 81, 5);
INSERT INTO song (song_id, album_id, name, duration_seconds, bpm, track_number) VALUES (818, 108, 'Clearly', 166, 68, 6);
INSERT INTO song (song_id, album_id, name, duration_seconds, bpm, track_number) VALUES (819, 108, 'East', 178, 138, 7);
INSERT INTO song (song_id, album_id, name, duration_seconds, bpm, track_number) VALUES (820, 108, 'Cost both', 441, 134, 8);
INSERT INTO song (song_id, album_id, name, duration_seconds, bpm, track_number) VALUES (821, 108, 'Process just', 159, 112, 9);
INSERT INTO album (album_id, artist_id, title, release_year, created_at) VALUES (109, 64, 'Decentralized homogeneous initiative', 2008, NOW());
INSERT INTO song (song_id, album_id, name, duration_seconds, bpm, track_number) VALUES (822, 109, 'Nature', 145, 177, 1);
INSERT INTO song (song_id, album_id, name, duration_seconds, bpm, track_number) VALUES (823, 109, 'Gas detail', 245, 139, 2);
INSERT INTO song (song_id, album_id, name, duration_seconds, bpm, track_number) VALUES (824, 109, 'Accept outside', 314, 113, 3);
INSERT INTO song (song_id, album_id, name, duration_seconds, bpm, track_number) VALUES (825, 109, 'Game those drug machine', 254, 134, 4);
INSERT INTO song (song_id, album_id, name, duration_seconds, bpm, track_number) VALUES (826, 109, 'Remain a', 408, 144, 5);
INSERT INTO song (song_id, album_id, name, duration_seconds, bpm, track_number) VALUES (827, 109, 'Mission movement voice', 206, 159, 6);
INSERT INTO song (song_id, album_id, name, duration_seconds, bpm, track_number) VALUES (828, 109, 'Kitchen successful board', 450, 153, 7);
INSERT INTO song (song_id, album_id, name, duration_seconds, bpm, track_number) VALUES (829, 109, 'Resource', 310, 98, 8);
INSERT INTO song (song_id, album_id, name, duration_seconds, bpm, track_number) VALUES (830, 109, 'Late', 206, 134, 9);
INSERT INTO song (song_id, album_id, name, duration_seconds, bpm, track_number) VALUES (831, 109, 'Pretty manager', 343, 126, 10);
INSERT INTO album (album_id, artist_id, title, release_year, created_at) VALUES (110, 64, 'Versatile executive matrices', 2010, NOW());
INSERT INTO song (song_id, album_id, name, duration_seconds, bpm, track_number) VALUES (832, 110, 'Suddenly', 455, 165, 1);
INSERT INTO song (song_id, album_id, name, duration_seconds, bpm, track_number) VALUES (833, 110, 'Pm call', 297, 163, 2);
INSERT INTO song (song_id, album_id, name, duration_seconds, bpm, track_number) VALUES (834, 110, 'Explain activity partner', 370, 174, 3);
INSERT INTO song (song_id, album_id, name, duration_seconds, bpm, track_number) VALUES (835, 110, 'Fact', 457, 98, 4);
INSERT INTO song (song_id, album_id, name, duration_seconds, bpm, track_number) VALUES (836, 110, 'Significant such attorney even rate', 198, 105, 5);
INSERT INTO song (song_id, album_id, name, duration_seconds, bpm, track_number) VALUES (837, 110, 'Finish', 426, 88, 6);
INSERT INTO song (song_id, album_id, name, duration_seconds, bpm, track_number) VALUES (838, 110, 'Civil make', 295, 100, 7);
INSERT INTO song (song_id, album_id, name, duration_seconds, bpm, track_number) VALUES (839, 110, 'Start night beyond', 180, 99, 8);
INSERT INTO song (song_id, album_id, name, duration_seconds, bpm, track_number) VALUES (840, 110, 'By various chance', 247, 92, 9);
INSERT INTO song (song_id, album_id, name, duration_seconds, bpm, track_number) VALUES (841, 110, 'Month', 349, 157, 10);
INSERT INTO album (album_id, artist_id, title, release_year, created_at) VALUES (111, 65, 'Public-key tangible adapter', 2024, NOW());
INSERT INTO song (song_id, album_id, name, duration_seconds, bpm, track_number) VALUES (842, 111, 'Point candidate star artist people', 245, 92, 1);
INSERT INTO song (song_id, album_id, name, duration_seconds, bpm, track_number) VALUES (843, 111, 'Local', 329, 119, 2);
INSERT INTO song (song_id, album_id, name, duration_seconds, bpm, track_number) VALUES (844, 111, 'Time media', 164, 141, 3);
INSERT INTO song (song_id, album_id, name, duration_seconds, bpm, track_number) VALUES (845, 111, 'Soon', 466, 97, 4);
INSERT INTO song (song_id, album_id, name, duration_seconds, bpm, track_number) VALUES (846, 111, 'Natural', 330, 86, 5);
INSERT INTO song (song_id, album_id, name, duration_seconds, bpm, track_number) VALUES (847, 111, 'Financial other now', 243, 114, 6);
INSERT INTO song (song_id, album_id, name, duration_seconds, bpm, track_number) VALUES (848, 111, 'Result finish next', 263, 159, 7);
INSERT INTO song (song_id, album_id, name, duration_seconds, bpm, track_number) VALUES (849, 111, 'Difficult medical', 323, 141, 8);
INSERT INTO song (song_id, album_id, name, duration_seconds, bpm, track_number) VALUES (850, 111, 'Them lawyer', 223, 94, 9);
INSERT INTO song (song_id, album_id, name, duration_seconds, bpm, track_number) VALUES (851, 111, 'Clearly', 360, 163, 10);
INSERT INTO album (album_id, artist_id, title, release_year, created_at) VALUES (112, 65, 'Programmable foreground structure', 2006, NOW());
INSERT INTO song (song_id, album_id, name, duration_seconds, bpm, track_number) VALUES (852, 112, 'Of', 466, 161, 1);
INSERT INTO song (song_id, album_id, name, duration_seconds, bpm, track_number) VALUES (853, 112, 'Interesting part especially', 367, 104, 2);
INSERT INTO song (song_id, album_id, name, duration_seconds, bpm, track_number) VALUES (854, 112, 'Peace', 343, 133, 3);
INSERT INTO song (song_id, album_id, name, duration_seconds, bpm, track_number) VALUES (855, 112, 'Option', 153, 160, 4);
INSERT INTO song (song_id, album_id, name, duration_seconds, bpm, track_number) VALUES (856, 112, 'Catch', 368, 147, 5);
INSERT INTO song (song_id, album_id, name, duration_seconds, bpm, track_number) VALUES (857, 112, 'Defense certainly white', 177, 104, 6);
INSERT INTO song (song_id, album_id, name, duration_seconds, bpm, track_number) VALUES (858, 112, 'Look', 471, 153, 7);
INSERT INTO album (album_id, artist_id, title, release_year, created_at) VALUES (113, 66, 'Object-based web-enabled infrastructure', 1984, NOW());
INSERT INTO song (song_id, album_id, name, duration_seconds, bpm, track_number) VALUES (859, 113, 'Outside nation', 122, 170, 1);
INSERT INTO song (song_id, album_id, name, duration_seconds, bpm, track_number) VALUES (860, 113, 'Add home', 191, 115, 2);
INSERT INTO song (song_id, album_id, name, duration_seconds, bpm, track_number) VALUES (861, 113, 'Support available share', 405, 61, 3);
INSERT INTO song (song_id, album_id, name, duration_seconds, bpm, track_number) VALUES (862, 113, 'Create people', 444, 153, 4);
INSERT INTO song (song_id, album_id, name, duration_seconds, bpm, track_number) VALUES (863, 113, 'Him', 223, 140, 5);
INSERT INTO song (song_id, album_id, name, duration_seconds, bpm, track_number) VALUES (864, 113, 'Four', 305, 78, 6);
INSERT INTO song (song_id, album_id, name, duration_seconds, bpm, track_number) VALUES (865, 113, 'Picture memory', 366, 160, 7);
INSERT INTO album (album_id, artist_id, title, release_year, created_at) VALUES (114, 67, 'Seamless optimizing groupware', 2016, NOW());
INSERT INTO song (song_id, album_id, name, duration_seconds, bpm, track_number) VALUES (866, 114, 'Court answer begin', 330, 153, 1);
INSERT INTO song (song_id, album_id, name, duration_seconds, bpm, track_number) VALUES (867, 114, 'Go', 457, 160, 2);
INSERT INTO song (song_id, album_id, name, duration_seconds, bpm, track_number) VALUES (868, 114, 'Indicate marriage', 276, 88, 3);
INSERT INTO song (song_id, album_id, name, duration_seconds, bpm, track_number) VALUES (869, 114, 'Religious', 170, 71, 4);
INSERT INTO song (song_id, album_id, name, duration_seconds, bpm, track_number) VALUES (870, 114, 'Physical commercial term idea', 179, 92, 5);
INSERT INTO song (song_id, album_id, name, duration_seconds, bpm, track_number) VALUES (871, 114, 'Thought', 376, 68, 6);
INSERT INTO song (song_id, album_id, name, duration_seconds, bpm, track_number) VALUES (872, 114, 'Over test hold become', 404, 180, 7);
INSERT INTO song (song_id, album_id, name, duration_seconds, bpm, track_number) VALUES (873, 114, 'Police', 311, 94, 8);
INSERT INTO song (song_id, album_id, name, duration_seconds, bpm, track_number) VALUES (874, 114, 'Apply sense', 320, 99, 9);
INSERT INTO song (song_id, album_id, name, duration_seconds, bpm, track_number) VALUES (875, 114, 'Toward free fire', 385, 112, 10);
INSERT INTO album (album_id, artist_id, title, release_year, created_at) VALUES (115, 68, 'Realigned foreground challenge', 2019, NOW());
INSERT INTO song (song_id, album_id, name, duration_seconds, bpm, track_number) VALUES (876, 115, 'Personal force pass benefit task', 358, 166, 1);
INSERT INTO song (song_id, album_id, name, duration_seconds, bpm, track_number) VALUES (877, 115, 'Bring', 411, 88, 2);
INSERT INTO song (song_id, album_id, name, duration_seconds, bpm, track_number) VALUES (878, 115, 'Goal', 317, 112, 3);
INSERT INTO song (song_id, album_id, name, duration_seconds, bpm, track_number) VALUES (879, 115, 'Participant gas speak', 475, 124, 4);
INSERT INTO song (song_id, album_id, name, duration_seconds, bpm, track_number) VALUES (880, 115, 'Politics success magazine real', 468, 65, 5);
INSERT INTO album (album_id, artist_id, title, release_year, created_at) VALUES (116, 68, 'Enhanced neutral protocol', 1972, NOW());
INSERT INTO song (song_id, album_id, name, duration_seconds, bpm, track_number) VALUES (881, 116, 'Shake', 431, 65, 1);
INSERT INTO song (song_id, album_id, name, duration_seconds, bpm, track_number) VALUES (882, 116, 'Former box woman foot right', 460, 102, 2);
INSERT INTO song (song_id, album_id, name, duration_seconds, bpm, track_number) VALUES (883, 116, 'I', 165, 162, 3);
INSERT INTO song (song_id, album_id, name, duration_seconds, bpm, track_number) VALUES (884, 116, 'Manager ten analysis statement maybe', 264, 146, 4);
INSERT INTO song (song_id, album_id, name, duration_seconds, bpm, track_number) VALUES (885, 116, 'Fast', 306, 165, 5);
INSERT INTO album (album_id, artist_id, title, release_year, created_at) VALUES (117, 69, 'Assimilated optimal policy', 2026, NOW());
INSERT INTO song (song_id, album_id, name, duration_seconds, bpm, track_number) VALUES (886, 117, 'Hotel home could wall', 137, 151, 1);
INSERT INTO song (song_id, album_id, name, duration_seconds, bpm, track_number) VALUES (887, 117, 'Thousand', 448, 173, 2);
INSERT INTO song (song_id, album_id, name, duration_seconds, bpm, track_number) VALUES (888, 117, 'Fill', 449, 146, 3);
INSERT INTO song (song_id, album_id, name, duration_seconds, bpm, track_number) VALUES (889, 117, 'Ready success newspaper', 164, 120, 4);
INSERT INTO song (song_id, album_id, name, duration_seconds, bpm, track_number) VALUES (890, 117, 'Again accept south meet', 264, 63, 5);
INSERT INTO song (song_id, album_id, name, duration_seconds, bpm, track_number) VALUES (891, 117, 'Carry major', 220, 149, 6);
INSERT INTO album (album_id, artist_id, title, release_year, created_at) VALUES (118, 69, 'Progressive homogeneous alliance', 1990, NOW());
INSERT INTO song (song_id, album_id, name, duration_seconds, bpm, track_number) VALUES (892, 118, 'Role fast', 237, 88, 1);
INSERT INTO song (song_id, album_id, name, duration_seconds, bpm, track_number) VALUES (893, 118, 'Family', 385, 134, 2);
INSERT INTO song (song_id, album_id, name, duration_seconds, bpm, track_number) VALUES (894, 118, 'Return hundred', 183, 130, 3);
INSERT INTO song (song_id, album_id, name, duration_seconds, bpm, track_number) VALUES (895, 118, 'This', 332, 92, 4);
INSERT INTO song (song_id, album_id, name, duration_seconds, bpm, track_number) VALUES (896, 118, 'Office measure front phone', 129, 131, 5);
INSERT INTO song (song_id, album_id, name, duration_seconds, bpm, track_number) VALUES (897, 118, 'Issue', 354, 159, 6);
INSERT INTO song (song_id, album_id, name, duration_seconds, bpm, track_number) VALUES (898, 118, 'Military decide political pass', 352, 75, 7);
INSERT INTO song (song_id, album_id, name, duration_seconds, bpm, track_number) VALUES (899, 118, 'Reveal', 134, 92, 8);
INSERT INTO album (album_id, artist_id, title, release_year, created_at) VALUES (119, 70, 'Intuitive 24hour policy', 2024, NOW());
INSERT INTO song (song_id, album_id, name, duration_seconds, bpm, track_number) VALUES (900, 119, 'Serious western', 211, 113, 1);
INSERT INTO song (song_id, album_id, name, duration_seconds, bpm, track_number) VALUES (901, 119, 'Kitchen stage', 430, 127, 2);
INSERT INTO song (song_id, album_id, name, duration_seconds, bpm, track_number) VALUES (902, 119, 'To kitchen', 348, 71, 3);
INSERT INTO song (song_id, album_id, name, duration_seconds, bpm, track_number) VALUES (903, 119, 'Far', 457, 77, 4);
INSERT INTO song (song_id, album_id, name, duration_seconds, bpm, track_number) VALUES (904, 119, 'Response', 389, 161, 5);
INSERT INTO song (song_id, album_id, name, duration_seconds, bpm, track_number) VALUES (905, 119, 'Stage', 299, 141, 6);
INSERT INTO album (album_id, artist_id, title, release_year, created_at) VALUES (120, 70, 'Horizontal 24/7 strategy', 2003, NOW());
INSERT INTO song (song_id, album_id, name, duration_seconds, bpm, track_number) VALUES (906, 120, 'Range', 197, 92, 1);
INSERT INTO song (song_id, album_id, name, duration_seconds, bpm, track_number) VALUES (907, 120, 'Gun', 421, 83, 2);
INSERT INTO song (song_id, album_id, name, duration_seconds, bpm, track_number) VALUES (908, 120, 'Seat the piece call', 417, 93, 3);
INSERT INTO song (song_id, album_id, name, duration_seconds, bpm, track_number) VALUES (909, 120, 'May', 398, 146, 4);
INSERT INTO song (song_id, album_id, name, duration_seconds, bpm, track_number) VALUES (910, 120, 'Approach air school picture', 222, 79, 5);
INSERT INTO song (song_id, album_id, name, duration_seconds, bpm, track_number) VALUES (911, 120, 'Once', 142, 83, 6);
INSERT INTO album (album_id, artist_id, title, release_year, created_at) VALUES (121, 70, 'Integrated bifurcated core', 1984, NOW());
INSERT INTO song (song_id, album_id, name, duration_seconds, bpm, track_number) VALUES (912, 121, 'Out', 203, 67, 1);
INSERT INTO song (song_id, album_id, name, duration_seconds, bpm, track_number) VALUES (913, 121, 'Material certain', 121, 65, 2);
INSERT INTO song (song_id, album_id, name, duration_seconds, bpm, track_number) VALUES (914, 121, 'Artist', 470, 64, 3);
INSERT INTO song (song_id, album_id, name, duration_seconds, bpm, track_number) VALUES (915, 121, 'Else give', 457, 152, 4);
INSERT INTO song (song_id, album_id, name, duration_seconds, bpm, track_number) VALUES (916, 121, 'Son picture', 402, 75, 5);
INSERT INTO song (song_id, album_id, name, duration_seconds, bpm, track_number) VALUES (917, 121, 'Product', 153, 118, 6);
INSERT INTO album (album_id, artist_id, title, release_year, created_at) VALUES (122, 71, 'Robust multi-state ability', 1983, NOW());
INSERT INTO song (song_id, album_id, name, duration_seconds, bpm, track_number) VALUES (918, 122, 'Ok energy identify', 261, 72, 1);
INSERT INTO song (song_id, album_id, name, duration_seconds, bpm, track_number) VALUES (919, 122, 'Score stuff', 248, 84, 2);
INSERT INTO song (song_id, album_id, name, duration_seconds, bpm, track_number) VALUES (920, 122, 'Keep', 272, 171, 3);
INSERT INTO song (song_id, album_id, name, duration_seconds, bpm, track_number) VALUES (921, 122, 'Anything research', 378, 135, 4);
INSERT INTO song (song_id, album_id, name, duration_seconds, bpm, track_number) VALUES (922, 122, 'Glass civil control', 426, 112, 5);
INSERT INTO song (song_id, album_id, name, duration_seconds, bpm, track_number) VALUES (923, 122, 'Often', 347, 88, 6);
INSERT INTO song (song_id, album_id, name, duration_seconds, bpm, track_number) VALUES (924, 122, 'Rest service point I', 260, 169, 7);
INSERT INTO song (song_id, album_id, name, duration_seconds, bpm, track_number) VALUES (925, 122, 'Bag drop throw during', 288, 156, 8);
INSERT INTO song (song_id, album_id, name, duration_seconds, bpm, track_number) VALUES (926, 122, 'Rate computer', 210, 105, 9);
INSERT INTO album (album_id, artist_id, title, release_year, created_at) VALUES (123, 71, 'Configurable dedicated forecast', 2002, NOW());
INSERT INTO song (song_id, album_id, name, duration_seconds, bpm, track_number) VALUES (927, 123, 'Whether majority medical', 344, 175, 1);
INSERT INTO song (song_id, album_id, name, duration_seconds, bpm, track_number) VALUES (928, 123, 'In', 387, 148, 2);
INSERT INTO song (song_id, album_id, name, duration_seconds, bpm, track_number) VALUES (929, 123, 'Young', 251, 150, 3);
INSERT INTO song (song_id, album_id, name, duration_seconds, bpm, track_number) VALUES (930, 123, 'Financial', 431, 160, 4);
INSERT INTO song (song_id, album_id, name, duration_seconds, bpm, track_number) VALUES (931, 123, 'Cultural', 352, 97, 5);
INSERT INTO song (song_id, album_id, name, duration_seconds, bpm, track_number) VALUES (932, 123, 'Test', 318, 96, 6);
INSERT INTO song (song_id, album_id, name, duration_seconds, bpm, track_number) VALUES (933, 123, 'Marriage', 395, 163, 7);
INSERT INTO song (song_id, album_id, name, duration_seconds, bpm, track_number) VALUES (934, 123, 'Career along might organization', 162, 63, 8);
INSERT INTO album (album_id, artist_id, title, release_year, created_at) VALUES (124, 71, 'Synergized bifurcated solution', 2024, NOW());
INSERT INTO song (song_id, album_id, name, duration_seconds, bpm, track_number) VALUES (935, 124, 'All possible himself wide', 399, 149, 1);
INSERT INTO song (song_id, album_id, name, duration_seconds, bpm, track_number) VALUES (936, 124, 'Begin', 221, 156, 2);
INSERT INTO song (song_id, album_id, name, duration_seconds, bpm, track_number) VALUES (937, 124, 'Product', 172, 165, 3);
INSERT INTO song (song_id, album_id, name, duration_seconds, bpm, track_number) VALUES (938, 124, 'Machine', 202, 97, 4);
INSERT INTO song (song_id, album_id, name, duration_seconds, bpm, track_number) VALUES (939, 124, 'Popular', 210, 174, 5);
INSERT INTO song (song_id, album_id, name, duration_seconds, bpm, track_number) VALUES (940, 124, 'Authority true', 252, 107, 6);
INSERT INTO song (song_id, album_id, name, duration_seconds, bpm, track_number) VALUES (941, 124, 'Stock daughter trouble', 464, 108, 7);
INSERT INTO song (song_id, album_id, name, duration_seconds, bpm, track_number) VALUES (942, 124, 'Agent until record defense leave', 477, 89, 8);
INSERT INTO song (song_id, album_id, name, duration_seconds, bpm, track_number) VALUES (943, 124, 'Value', 210, 155, 9);
INSERT INTO song (song_id, album_id, name, duration_seconds, bpm, track_number) VALUES (944, 124, 'Film very inside poor tree', 465, 66, 10);
INSERT INTO album (album_id, artist_id, title, release_year, created_at) VALUES (125, 72, 'Reduced didactic parallelism', 1975, NOW());
INSERT INTO song (song_id, album_id, name, duration_seconds, bpm, track_number) VALUES (945, 125, 'Environment important church', 241, 135, 1);
INSERT INTO song (song_id, album_id, name, duration_seconds, bpm, track_number) VALUES (946, 125, 'Direction', 120, 133, 2);
INSERT INTO song (song_id, album_id, name, duration_seconds, bpm, track_number) VALUES (947, 125, 'Strategy attack attack', 293, 121, 3);
INSERT INTO song (song_id, album_id, name, duration_seconds, bpm, track_number) VALUES (948, 125, 'Hold turn about', 356, 76, 4);
INSERT INTO song (song_id, album_id, name, duration_seconds, bpm, track_number) VALUES (949, 125, 'Address', 325, 160, 5);
INSERT INTO album (album_id, artist_id, title, release_year, created_at) VALUES (126, 72, 'Diverse multi-tasking model', 1981, NOW());
INSERT INTO song (song_id, album_id, name, duration_seconds, bpm, track_number) VALUES (950, 126, 'Car', 444, 86, 1);
INSERT INTO song (song_id, album_id, name, duration_seconds, bpm, track_number) VALUES (951, 126, 'Radio show', 382, 117, 2);
INSERT INTO song (song_id, album_id, name, duration_seconds, bpm, track_number) VALUES (952, 126, 'Assume actually', 124, 149, 3);
INSERT INTO song (song_id, album_id, name, duration_seconds, bpm, track_number) VALUES (953, 126, 'Issue', 267, 163, 4);
INSERT INTO song (song_id, album_id, name, duration_seconds, bpm, track_number) VALUES (954, 126, 'Real test', 356, 137, 5);
INSERT INTO album (album_id, artist_id, title, release_year, created_at) VALUES (127, 72, 'Multi-lateral upward-trending extranet', 2010, NOW());
INSERT INTO song (song_id, album_id, name, duration_seconds, bpm, track_number) VALUES (955, 127, 'Head', 465, 134, 1);
INSERT INTO song (song_id, album_id, name, duration_seconds, bpm, track_number) VALUES (956, 127, 'Unit son southern can', 439, 109, 2);
INSERT INTO song (song_id, album_id, name, duration_seconds, bpm, track_number) VALUES (957, 127, 'Hit', 457, 132, 3);
INSERT INTO song (song_id, album_id, name, duration_seconds, bpm, track_number) VALUES (958, 127, 'International lot money board', 374, 99, 4);
INSERT INTO song (song_id, album_id, name, duration_seconds, bpm, track_number) VALUES (959, 127, 'Close describe', 416, 162, 5);
INSERT INTO song (song_id, album_id, name, duration_seconds, bpm, track_number) VALUES (960, 127, 'Cause stuff', 223, 167, 6);
INSERT INTO song (song_id, album_id, name, duration_seconds, bpm, track_number) VALUES (961, 127, 'Be me nearly', 243, 108, 7);
INSERT INTO song (song_id, album_id, name, duration_seconds, bpm, track_number) VALUES (962, 127, 'Him support structure', 135, 103, 8);
INSERT INTO album (album_id, artist_id, title, release_year, created_at) VALUES (128, 73, 'Synchronized neutral structure', 2014, NOW());
INSERT INTO song (song_id, album_id, name, duration_seconds, bpm, track_number) VALUES (963, 128, 'Describe just', 131, 157, 1);
INSERT INTO song (song_id, album_id, name, duration_seconds, bpm, track_number) VALUES (964, 128, 'Measure', 271, 99, 2);
INSERT INTO song (song_id, album_id, name, duration_seconds, bpm, track_number) VALUES (965, 128, 'Anyone direction', 458, 112, 3);
INSERT INTO song (song_id, album_id, name, duration_seconds, bpm, track_number) VALUES (966, 128, 'Personal', 161, 168, 4);
INSERT INTO song (song_id, album_id, name, duration_seconds, bpm, track_number) VALUES (967, 128, 'Close attorney', 216, 178, 5);
INSERT INTO song (song_id, album_id, name, duration_seconds, bpm, track_number) VALUES (968, 128, 'This behind father', 237, 152, 6);
INSERT INTO song (song_id, album_id, name, duration_seconds, bpm, track_number) VALUES (969, 128, 'Arm here', 205, 119, 7);
INSERT INTO album (album_id, artist_id, title, release_year, created_at) VALUES (129, 74, 'Seamless clear-thinking analyzer', 1998, NOW());
INSERT INTO song (song_id, album_id, name, duration_seconds, bpm, track_number) VALUES (970, 129, 'She', 149, 122, 1);
INSERT INTO song (song_id, album_id, name, duration_seconds, bpm, track_number) VALUES (971, 129, 'Work', 124, 151, 2);
INSERT INTO song (song_id, album_id, name, duration_seconds, bpm, track_number) VALUES (972, 129, 'Purpose mind scene behind', 456, 147, 3);
INSERT INTO song (song_id, album_id, name, duration_seconds, bpm, track_number) VALUES (973, 129, 'Worry serve between', 301, 144, 4);
INSERT INTO song (song_id, album_id, name, duration_seconds, bpm, track_number) VALUES (974, 129, 'Song order career nice', 142, 89, 5);
INSERT INTO song (song_id, album_id, name, duration_seconds, bpm, track_number) VALUES (975, 129, 'Name along able later', 342, 112, 6);
INSERT INTO song (song_id, album_id, name, duration_seconds, bpm, track_number) VALUES (976, 129, 'Food top', 246, 104, 7);
INSERT INTO album (album_id, artist_id, title, release_year, created_at) VALUES (130, 74, 'Focused intermediate challenge', 1992, NOW());
INSERT INTO song (song_id, album_id, name, duration_seconds, bpm, track_number) VALUES (977, 130, 'Minute garden improve difficult', 278, 167, 1);
INSERT INTO song (song_id, album_id, name, duration_seconds, bpm, track_number) VALUES (978, 130, 'Such', 425, 105, 2);
INSERT INTO song (song_id, album_id, name, duration_seconds, bpm, track_number) VALUES (979, 130, 'Into once money standard', 386, 94, 3);
INSERT INTO song (song_id, album_id, name, duration_seconds, bpm, track_number) VALUES (980, 130, 'Agent remain situation contain', 128, 123, 4);
INSERT INTO song (song_id, album_id, name, duration_seconds, bpm, track_number) VALUES (981, 130, 'Yeah source', 161, 156, 5);
INSERT INTO song (song_id, album_id, name, duration_seconds, bpm, track_number) VALUES (982, 130, 'Major', 411, 161, 6);
INSERT INTO song (song_id, album_id, name, duration_seconds, bpm, track_number) VALUES (983, 130, 'Woman area', 424, 105, 7);
INSERT INTO song (song_id, album_id, name, duration_seconds, bpm, track_number) VALUES (984, 130, 'Drug', 376, 83, 8);
INSERT INTO album (album_id, artist_id, title, release_year, created_at) VALUES (131, 74, 'Extended optimizing framework', 1983, NOW());
INSERT INTO song (song_id, album_id, name, duration_seconds, bpm, track_number) VALUES (985, 131, 'Pressure', 411, 175, 1);
INSERT INTO song (song_id, album_id, name, duration_seconds, bpm, track_number) VALUES (986, 131, 'Nearly drop', 438, 92, 2);
INSERT INTO song (song_id, album_id, name, duration_seconds, bpm, track_number) VALUES (987, 131, 'Technology defense push hot', 327, 131, 3);
INSERT INTO song (song_id, album_id, name, duration_seconds, bpm, track_number) VALUES (988, 131, 'Feeling often night', 383, 177, 4);
INSERT INTO song (song_id, album_id, name, duration_seconds, bpm, track_number) VALUES (989, 131, 'Cover city success lawyer of', 390, 178, 5);
INSERT INTO song (song_id, album_id, name, duration_seconds, bpm, track_number) VALUES (990, 131, 'Meet', 288, 166, 6);
INSERT INTO song (song_id, album_id, name, duration_seconds, bpm, track_number) VALUES (991, 131, 'Approach', 414, 96, 7);
INSERT INTO song (song_id, album_id, name, duration_seconds, bpm, track_number) VALUES (992, 131, 'Action nation', 440, 71, 8);
INSERT INTO album (album_id, artist_id, title, release_year, created_at) VALUES (132, 75, 'Focused 24hour methodology', 1971, NOW());
INSERT INTO song (song_id, album_id, name, duration_seconds, bpm, track_number) VALUES (993, 132, 'Politics', 175, 178, 1);
INSERT INTO song (song_id, album_id, name, duration_seconds, bpm, track_number) VALUES (994, 132, 'Number simple under', 410, 83, 2);
INSERT INTO song (song_id, album_id, name, duration_seconds, bpm, track_number) VALUES (995, 132, 'Friend', 347, 127, 3);
INSERT INTO song (song_id, album_id, name, duration_seconds, bpm, track_number) VALUES (996, 132, 'Table many out choose few', 222, 163, 4);
INSERT INTO song (song_id, album_id, name, duration_seconds, bpm, track_number) VALUES (997, 132, 'Worker nice spend story', 334, 61, 5);
INSERT INTO album (album_id, artist_id, title, release_year, created_at) VALUES (133, 75, 'Mandatory interactive installation', 1984, NOW());
INSERT INTO song (song_id, album_id, name, duration_seconds, bpm, track_number) VALUES (998, 133, 'Picture', 379, 118, 1);
INSERT INTO song (song_id, album_id, name, duration_seconds, bpm, track_number) VALUES (999, 133, 'Upon beat recently middle follow', 176, 72, 2);
INSERT INTO song (song_id, album_id, name, duration_seconds, bpm, track_number) VALUES (1000, 133, 'Health', 466, 174, 3);
INSERT INTO song (song_id, album_id, name, duration_seconds, bpm, track_number) VALUES (1001, 133, 'Top professor top', 361, 154, 4);
INSERT INTO song (song_id, album_id, name, duration_seconds, bpm, track_number) VALUES (1002, 133, 'Nearly capital', 475, 99, 5);
INSERT INTO song (song_id, album_id, name, duration_seconds, bpm, track_number) VALUES (1003, 133, 'Glass we the', 345, 111, 6);
INSERT INTO song (song_id, album_id, name, duration_seconds, bpm, track_number) VALUES (1004, 133, 'Machine nor anyone', 207, 176, 7);
INSERT INTO album (album_id, artist_id, title, release_year, created_at) VALUES (134, 75, 'Horizontal upward-trending migration', 2009, NOW());
INSERT INTO song (song_id, album_id, name, duration_seconds, bpm, track_number) VALUES (1005, 134, 'War both', 328, 82, 1);
INSERT INTO song (song_id, album_id, name, duration_seconds, bpm, track_number) VALUES (1006, 134, 'Husband', 454, 150, 2);
INSERT INTO song (song_id, album_id, name, duration_seconds, bpm, track_number) VALUES (1007, 134, 'Treat', 138, 168, 3);
INSERT INTO song (song_id, album_id, name, duration_seconds, bpm, track_number) VALUES (1008, 134, 'Red also shake must', 398, 126, 4);
INSERT INTO song (song_id, album_id, name, duration_seconds, bpm, track_number) VALUES (1009, 134, 'Listen', 302, 158, 5);
INSERT INTO album (album_id, artist_id, title, release_year, created_at) VALUES (135, 76, 'Exclusive optimizing firmware', 2018, NOW());
INSERT INTO song (song_id, album_id, name, duration_seconds, bpm, track_number) VALUES (1010, 135, 'Avoid', 339, 60, 1);
INSERT INTO song (song_id, album_id, name, duration_seconds, bpm, track_number) VALUES (1011, 135, 'Character eat major', 447, 115, 2);
INSERT INTO song (song_id, album_id, name, duration_seconds, bpm, track_number) VALUES (1012, 135, 'Prepare show laugh', 293, 156, 3);
INSERT INTO song (song_id, album_id, name, duration_seconds, bpm, track_number) VALUES (1013, 135, 'Always father baby imagine drug', 292, 101, 4);
INSERT INTO song (song_id, album_id, name, duration_seconds, bpm, track_number) VALUES (1014, 135, 'Stand me', 123, 169, 5);
INSERT INTO song (song_id, album_id, name, duration_seconds, bpm, track_number) VALUES (1015, 135, 'Vote move interview', 335, 82, 6);
INSERT INTO song (song_id, album_id, name, duration_seconds, bpm, track_number) VALUES (1016, 135, 'Determine toward', 157, 152, 7);
INSERT INTO song (song_id, album_id, name, duration_seconds, bpm, track_number) VALUES (1017, 135, 'Plant', 154, 177, 8);
INSERT INTO song (song_id, album_id, name, duration_seconds, bpm, track_number) VALUES (1018, 135, 'Station', 411, 116, 9);
INSERT INTO album (album_id, artist_id, title, release_year, created_at) VALUES (136, 76, 'Virtual clear-thinking portal', 1999, NOW());
INSERT INTO song (song_id, album_id, name, duration_seconds, bpm, track_number) VALUES (1019, 136, 'Boy onto quite blood challenge', 295, 160, 1);
INSERT INTO song (song_id, album_id, name, duration_seconds, bpm, track_number) VALUES (1020, 136, 'Beautiful', 467, 161, 2);
INSERT INTO song (song_id, album_id, name, duration_seconds, bpm, track_number) VALUES (1021, 136, 'Television structure he', 358, 148, 3);
INSERT INTO song (song_id, album_id, name, duration_seconds, bpm, track_number) VALUES (1022, 136, 'Maintain', 213, 82, 4);
INSERT INTO song (song_id, album_id, name, duration_seconds, bpm, track_number) VALUES (1023, 136, 'Marriage rich ten local common', 450, 73, 5);
INSERT INTO song (song_id, album_id, name, duration_seconds, bpm, track_number) VALUES (1024, 136, 'Key him parent', 300, 160, 6);
INSERT INTO song (song_id, album_id, name, duration_seconds, bpm, track_number) VALUES (1025, 136, 'Science black', 193, 84, 7);
INSERT INTO album (album_id, artist_id, title, release_year, created_at) VALUES (137, 76, 'Synergistic intermediate productivity', 2012, NOW());
INSERT INTO song (song_id, album_id, name, duration_seconds, bpm, track_number) VALUES (1026, 137, 'Represent machine', 227, 104, 1);
INSERT INTO song (song_id, album_id, name, duration_seconds, bpm, track_number) VALUES (1027, 137, 'Order', 465, 170, 2);
INSERT INTO song (song_id, album_id, name, duration_seconds, bpm, track_number) VALUES (1028, 137, 'Build professor fish', 396, 153, 3);
INSERT INTO song (song_id, album_id, name, duration_seconds, bpm, track_number) VALUES (1029, 137, 'Several majority', 169, 109, 4);
INSERT INTO song (song_id, album_id, name, duration_seconds, bpm, track_number) VALUES (1030, 137, 'Just', 446, 68, 5);
INSERT INTO song (song_id, album_id, name, duration_seconds, bpm, track_number) VALUES (1031, 137, 'Until along gas', 227, 131, 6);
INSERT INTO song (song_id, album_id, name, duration_seconds, bpm, track_number) VALUES (1032, 137, 'Store price cold', 452, 163, 7);
INSERT INTO song (song_id, album_id, name, duration_seconds, bpm, track_number) VALUES (1033, 137, 'Half never', 122, 88, 8);
INSERT INTO song (song_id, album_id, name, duration_seconds, bpm, track_number) VALUES (1034, 137, 'Executive grow bad you subject', 354, 79, 9);
INSERT INTO album (album_id, artist_id, title, release_year, created_at) VALUES (138, 77, 'Enterprise-wide mobile functionalities', 1999, NOW());
INSERT INTO song (song_id, album_id, name, duration_seconds, bpm, track_number) VALUES (1035, 138, 'Thus', 346, 90, 1);
INSERT INTO song (song_id, album_id, name, duration_seconds, bpm, track_number) VALUES (1036, 138, 'Should be parent', 452, 105, 2);
INSERT INTO song (song_id, album_id, name, duration_seconds, bpm, track_number) VALUES (1037, 138, 'Scene', 137, 117, 3);
INSERT INTO song (song_id, album_id, name, duration_seconds, bpm, track_number) VALUES (1038, 138, 'Most', 312, 62, 4);
INSERT INTO song (song_id, album_id, name, duration_seconds, bpm, track_number) VALUES (1039, 138, 'Read', 124, 139, 5);
INSERT INTO song (song_id, album_id, name, duration_seconds, bpm, track_number) VALUES (1040, 138, 'Prepare', 360, 155, 6);
INSERT INTO song (song_id, album_id, name, duration_seconds, bpm, track_number) VALUES (1041, 138, 'Stay', 316, 123, 7);
INSERT INTO song (song_id, album_id, name, duration_seconds, bpm, track_number) VALUES (1042, 138, 'Operation often short commercial word', 180, 92, 8);
INSERT INTO song (song_id, album_id, name, duration_seconds, bpm, track_number) VALUES (1043, 138, 'Share', 403, 173, 9);
INSERT INTO song (song_id, album_id, name, duration_seconds, bpm, track_number) VALUES (1044, 138, 'Source season throw', 191, 61, 10);
INSERT INTO album (album_id, artist_id, title, release_year, created_at) VALUES (139, 77, 'Self-enabling clear-thinking help-desk', 2005, NOW());
INSERT INTO song (song_id, album_id, name, duration_seconds, bpm, track_number) VALUES (1045, 139, 'Stuff', 166, 114, 1);
INSERT INTO song (song_id, album_id, name, duration_seconds, bpm, track_number) VALUES (1046, 139, 'Money store medical book', 431, 101, 2);
INSERT INTO song (song_id, album_id, name, duration_seconds, bpm, track_number) VALUES (1047, 139, 'Close', 415, 140, 3);
INSERT INTO song (song_id, album_id, name, duration_seconds, bpm, track_number) VALUES (1048, 139, 'Garden decision week', 203, 107, 4);
INSERT INTO song (song_id, album_id, name, duration_seconds, bpm, track_number) VALUES (1049, 139, 'Card', 419, 113, 5);
INSERT INTO song (song_id, album_id, name, duration_seconds, bpm, track_number) VALUES (1050, 139, 'Unit', 260, 113, 6);
INSERT INTO song (song_id, album_id, name, duration_seconds, bpm, track_number) VALUES (1051, 139, 'Institution cost who reality', 133, 120, 7);
INSERT INTO song (song_id, album_id, name, duration_seconds, bpm, track_number) VALUES (1052, 139, 'Voice serve leave', 394, 80, 8);
INSERT INTO album (album_id, artist_id, title, release_year, created_at) VALUES (140, 77, 'Digitized homogeneous concept', 1997, NOW());
INSERT INTO song (song_id, album_id, name, duration_seconds, bpm, track_number) VALUES (1053, 140, 'He world think beyond meeting', 188, 145, 1);
INSERT INTO song (song_id, album_id, name, duration_seconds, bpm, track_number) VALUES (1054, 140, 'Bed want argue', 466, 166, 2);
INSERT INTO song (song_id, album_id, name, duration_seconds, bpm, track_number) VALUES (1055, 140, 'Market', 310, 139, 3);
INSERT INTO song (song_id, album_id, name, duration_seconds, bpm, track_number) VALUES (1056, 140, 'Poor', 238, 116, 4);
INSERT INTO song (song_id, album_id, name, duration_seconds, bpm, track_number) VALUES (1057, 140, 'Prove language parent', 280, 134, 5);
INSERT INTO song (song_id, album_id, name, duration_seconds, bpm, track_number) VALUES (1058, 140, 'Either campaign individual range', 256, 97, 6);
INSERT INTO song (song_id, album_id, name, duration_seconds, bpm, track_number) VALUES (1059, 140, 'Democratic seek true street probably', 240, 72, 7);
INSERT INTO song (song_id, album_id, name, duration_seconds, bpm, track_number) VALUES (1060, 140, 'Blue', 461, 82, 8);
INSERT INTO song (song_id, album_id, name, duration_seconds, bpm, track_number) VALUES (1061, 140, 'Church', 413, 81, 9);
INSERT INTO album (album_id, artist_id, title, release_year, created_at) VALUES (141, 78, 'Reverse-engineered modular migration', 1978, NOW());
INSERT INTO song (song_id, album_id, name, duration_seconds, bpm, track_number) VALUES (1062, 141, 'Series test now ago', 182, 161, 1);
INSERT INTO song (song_id, album_id, name, duration_seconds, bpm, track_number) VALUES (1063, 141, 'Maybe', 170, 132, 2);
INSERT INTO song (song_id, album_id, name, duration_seconds, bpm, track_number) VALUES (1064, 141, 'Who', 470, 112, 3);
INSERT INTO song (song_id, album_id, name, duration_seconds, bpm, track_number) VALUES (1065, 141, 'Police fear board', 162, 82, 4);
INSERT INTO song (song_id, album_id, name, duration_seconds, bpm, track_number) VALUES (1066, 141, 'Military check culture all', 279, 147, 5);
INSERT INTO song (song_id, album_id, name, duration_seconds, bpm, track_number) VALUES (1067, 141, 'Radio yes', 474, 121, 6);
INSERT INTO song (song_id, album_id, name, duration_seconds, bpm, track_number) VALUES (1068, 141, 'Bed rich', 320, 115, 7);
INSERT INTO song (song_id, album_id, name, duration_seconds, bpm, track_number) VALUES (1069, 141, 'Lawyer memory suffer director dream', 344, 80, 8);
INSERT INTO song (song_id, album_id, name, duration_seconds, bpm, track_number) VALUES (1070, 141, 'Despite effort experience', 174, 102, 9);
INSERT INTO album (album_id, artist_id, title, release_year, created_at) VALUES (142, 78, 'Open-source zero administration algorithm', 1995, NOW());
INSERT INTO song (song_id, album_id, name, duration_seconds, bpm, track_number) VALUES (1071, 142, 'Heart', 322, 97, 1);
INSERT INTO song (song_id, album_id, name, duration_seconds, bpm, track_number) VALUES (1072, 142, 'Evening', 473, 146, 2);
INSERT INTO song (song_id, album_id, name, duration_seconds, bpm, track_number) VALUES (1073, 142, 'Ball training', 261, 106, 3);
INSERT INTO song (song_id, album_id, name, duration_seconds, bpm, track_number) VALUES (1074, 142, 'Point according available', 439, 178, 4);
INSERT INTO song (song_id, album_id, name, duration_seconds, bpm, track_number) VALUES (1075, 142, 'Painting right', 455, 79, 5);
INSERT INTO song (song_id, album_id, name, duration_seconds, bpm, track_number) VALUES (1076, 142, 'Right', 126, 81, 6);
INSERT INTO song (song_id, album_id, name, duration_seconds, bpm, track_number) VALUES (1077, 142, 'Specific trip', 470, 87, 7);
INSERT INTO song (song_id, album_id, name, duration_seconds, bpm, track_number) VALUES (1078, 142, 'Both', 448, 64, 8);
INSERT INTO song (song_id, album_id, name, duration_seconds, bpm, track_number) VALUES (1079, 142, 'Day', 415, 158, 9);
INSERT INTO album (album_id, artist_id, title, release_year, created_at) VALUES (143, 79, 'Switchable bottom-line task-force', 2013, NOW());
INSERT INTO song (song_id, album_id, name, duration_seconds, bpm, track_number) VALUES (1080, 143, 'Father though', 163, 77, 1);
INSERT INTO song (song_id, album_id, name, duration_seconds, bpm, track_number) VALUES (1081, 143, 'Threat', 425, 137, 2);
INSERT INTO song (song_id, album_id, name, duration_seconds, bpm, track_number) VALUES (1082, 143, 'Staff imagine', 218, 77, 3);
INSERT INTO song (song_id, album_id, name, duration_seconds, bpm, track_number) VALUES (1083, 143, 'Idea explain', 198, 123, 4);
INSERT INTO song (song_id, album_id, name, duration_seconds, bpm, track_number) VALUES (1084, 143, 'Inside', 407, 89, 5);
INSERT INTO song (song_id, album_id, name, duration_seconds, bpm, track_number) VALUES (1085, 143, 'House offer', 363, 157, 6);
INSERT INTO song (song_id, album_id, name, duration_seconds, bpm, track_number) VALUES (1086, 143, 'Later fill', 129, 159, 7);
INSERT INTO album (album_id, artist_id, title, release_year, created_at) VALUES (144, 79, 'Focused asynchronous functionalities', 1984, NOW());
INSERT INTO song (song_id, album_id, name, duration_seconds, bpm, track_number) VALUES (1087, 144, 'Water cover coach', 336, 150, 1);
INSERT INTO song (song_id, album_id, name, duration_seconds, bpm, track_number) VALUES (1088, 144, 'Project mission drive', 218, 113, 2);
INSERT INTO song (song_id, album_id, name, duration_seconds, bpm, track_number) VALUES (1089, 144, 'Across impact', 473, 109, 3);
INSERT INTO song (song_id, album_id, name, duration_seconds, bpm, track_number) VALUES (1090, 144, 'Fact much', 348, 134, 4);
INSERT INTO song (song_id, album_id, name, duration_seconds, bpm, track_number) VALUES (1091, 144, 'Fire', 405, 133, 5);
INSERT INTO song (song_id, album_id, name, duration_seconds, bpm, track_number) VALUES (1092, 144, 'Reduce', 319, 90, 6);
INSERT INTO song (song_id, album_id, name, duration_seconds, bpm, track_number) VALUES (1093, 144, 'Bit', 284, 136, 7);
INSERT INTO song (song_id, album_id, name, duration_seconds, bpm, track_number) VALUES (1094, 144, 'Believe', 129, 63, 8);
INSERT INTO album (album_id, artist_id, title, release_year, created_at) VALUES (145, 80, 'Triple-buffered secondary matrix', 2020, NOW());
INSERT INTO song (song_id, album_id, name, duration_seconds, bpm, track_number) VALUES (1095, 145, 'Political truth near', 177, 133, 1);
INSERT INTO song (song_id, album_id, name, duration_seconds, bpm, track_number) VALUES (1096, 145, 'Various today than around difference', 424, 108, 2);
INSERT INTO song (song_id, album_id, name, duration_seconds, bpm, track_number) VALUES (1097, 145, 'Seem', 441, 173, 3);
INSERT INTO song (song_id, album_id, name, duration_seconds, bpm, track_number) VALUES (1098, 145, 'Like although', 372, 171, 4);
INSERT INTO song (song_id, album_id, name, duration_seconds, bpm, track_number) VALUES (1099, 145, 'There', 461, 180, 5);
INSERT INTO song (song_id, album_id, name, duration_seconds, bpm, track_number) VALUES (1100, 145, 'Eat parent call', 471, 174, 6);
INSERT INTO song (song_id, album_id, name, duration_seconds, bpm, track_number) VALUES (1101, 145, 'Admit very', 359, 79, 7);
INSERT INTO song (song_id, album_id, name, duration_seconds, bpm, track_number) VALUES (1102, 145, 'Speech', 296, 95, 8);
INSERT INTO song (song_id, album_id, name, duration_seconds, bpm, track_number) VALUES (1103, 145, 'Per beyond measure back', 350, 172, 9);
INSERT INTO song (song_id, album_id, name, duration_seconds, bpm, track_number) VALUES (1104, 145, 'Ready skin', 277, 139, 10);
INSERT INTO album (album_id, artist_id, title, release_year, created_at) VALUES (146, 81, 'Quality-focused local artificial intelligence', 1991, NOW());
INSERT INTO song (song_id, album_id, name, duration_seconds, bpm, track_number) VALUES (1105, 146, 'Bank minute', 170, 131, 1);
INSERT INTO song (song_id, album_id, name, duration_seconds, bpm, track_number) VALUES (1106, 146, 'With water a', 434, 134, 2);
INSERT INTO song (song_id, album_id, name, duration_seconds, bpm, track_number) VALUES (1107, 146, 'Model there picture suffer gas', 320, 81, 3);
INSERT INTO song (song_id, album_id, name, duration_seconds, bpm, track_number) VALUES (1108, 146, 'Lay large', 275, 128, 4);
INSERT INTO song (song_id, album_id, name, duration_seconds, bpm, track_number) VALUES (1109, 146, 'Detail', 201, 128, 5);
INSERT INTO song (song_id, album_id, name, duration_seconds, bpm, track_number) VALUES (1110, 146, 'Generation', 219, 155, 6);
INSERT INTO album (album_id, artist_id, title, release_year, created_at) VALUES (147, 81, 'Reduced fault-tolerant emulation', 1994, NOW());
INSERT INTO song (song_id, album_id, name, duration_seconds, bpm, track_number) VALUES (1111, 147, 'Cultural explain own significant', 451, 103, 1);
INSERT INTO song (song_id, album_id, name, duration_seconds, bpm, track_number) VALUES (1112, 147, 'Issue', 152, 144, 2);
INSERT INTO song (song_id, album_id, name, duration_seconds, bpm, track_number) VALUES (1113, 147, 'Level', 473, 169, 3);
INSERT INTO song (song_id, album_id, name, duration_seconds, bpm, track_number) VALUES (1114, 147, 'Remember kind', 316, 173, 4);
INSERT INTO song (song_id, album_id, name, duration_seconds, bpm, track_number) VALUES (1115, 147, 'Ball', 456, 62, 5);
INSERT INTO song (song_id, album_id, name, duration_seconds, bpm, track_number) VALUES (1116, 147, 'Capital skill', 384, 104, 6);
INSERT INTO song (song_id, album_id, name, duration_seconds, bpm, track_number) VALUES (1117, 147, 'Billion', 274, 74, 7);
INSERT INTO album (album_id, artist_id, title, release_year, created_at) VALUES (148, 82, 'Sharable secondary capability', 1998, NOW());
INSERT INTO song (song_id, album_id, name, duration_seconds, bpm, track_number) VALUES (1118, 148, 'Image fast person', 310, 100, 1);
INSERT INTO song (song_id, album_id, name, duration_seconds, bpm, track_number) VALUES (1119, 148, 'Similar song', 474, 69, 2);
INSERT INTO song (song_id, album_id, name, duration_seconds, bpm, track_number) VALUES (1120, 148, 'Language sense provide fill', 362, 156, 3);
INSERT INTO song (song_id, album_id, name, duration_seconds, bpm, track_number) VALUES (1121, 148, 'List', 123, 116, 4);
INSERT INTO song (song_id, album_id, name, duration_seconds, bpm, track_number) VALUES (1122, 148, 'Company huge magazine hundred', 304, 147, 5);
INSERT INTO song (song_id, album_id, name, duration_seconds, bpm, track_number) VALUES (1123, 148, 'Science organization move', 275, 172, 6);
INSERT INTO song (song_id, album_id, name, duration_seconds, bpm, track_number) VALUES (1124, 148, 'Business beat', 458, 172, 7);
INSERT INTO song (song_id, album_id, name, duration_seconds, bpm, track_number) VALUES (1125, 148, 'Tree act thus budget', 423, 69, 8);
INSERT INTO song (song_id, album_id, name, duration_seconds, bpm, track_number) VALUES (1126, 148, 'Interview', 381, 102, 9);
INSERT INTO song (song_id, album_id, name, duration_seconds, bpm, track_number) VALUES (1127, 148, 'Benefit hot west scientist no', 317, 118, 10);
INSERT INTO album (album_id, artist_id, title, release_year, created_at) VALUES (149, 83, 'Down-sized homogeneous synergy', 1985, NOW());
INSERT INTO song (song_id, album_id, name, duration_seconds, bpm, track_number) VALUES (1128, 149, 'Center around', 192, 66, 1);
INSERT INTO song (song_id, album_id, name, duration_seconds, bpm, track_number) VALUES (1129, 149, 'Around pay', 230, 71, 2);
INSERT INTO song (song_id, album_id, name, duration_seconds, bpm, track_number) VALUES (1130, 149, 'Expect', 198, 83, 3);
INSERT INTO song (song_id, album_id, name, duration_seconds, bpm, track_number) VALUES (1131, 149, 'Source reality make three buy', 417, 86, 4);
INSERT INTO song (song_id, album_id, name, duration_seconds, bpm, track_number) VALUES (1132, 149, 'Goal suggest surface', 309, 66, 5);
INSERT INTO song (song_id, album_id, name, duration_seconds, bpm, track_number) VALUES (1133, 149, 'Future', 167, 151, 6);
INSERT INTO album (album_id, artist_id, title, release_year, created_at) VALUES (150, 83, 'Intuitive grid-enabled array', 2020, NOW());
INSERT INTO song (song_id, album_id, name, duration_seconds, bpm, track_number) VALUES (1134, 150, 'Much', 422, 139, 1);
INSERT INTO song (song_id, album_id, name, duration_seconds, bpm, track_number) VALUES (1135, 150, 'Federal coach responsibility yeah', 228, 104, 2);
INSERT INTO song (song_id, album_id, name, duration_seconds, bpm, track_number) VALUES (1136, 150, 'Throw', 225, 69, 3);
INSERT INTO song (song_id, album_id, name, duration_seconds, bpm, track_number) VALUES (1137, 150, 'Trouble wear themselves Mr', 323, 140, 4);
INSERT INTO song (song_id, album_id, name, duration_seconds, bpm, track_number) VALUES (1138, 150, 'About', 137, 148, 5);
INSERT INTO song (song_id, album_id, name, duration_seconds, bpm, track_number) VALUES (1139, 150, 'Also', 239, 122, 6);
INSERT INTO song (song_id, album_id, name, duration_seconds, bpm, track_number) VALUES (1140, 150, 'Movement', 332, 71, 7);
INSERT INTO song (song_id, album_id, name, duration_seconds, bpm, track_number) VALUES (1141, 150, 'Region central', 407, 109, 8);
INSERT INTO album (album_id, artist_id, title, release_year, created_at) VALUES (151, 83, 'Seamless exuding definition', 2003, NOW());
INSERT INTO song (song_id, album_id, name, duration_seconds, bpm, track_number) VALUES (1142, 151, 'Difference', 255, 130, 1);
INSERT INTO song (song_id, album_id, name, duration_seconds, bpm, track_number) VALUES (1143, 151, 'Commercial', 388, 90, 2);
INSERT INTO song (song_id, album_id, name, duration_seconds, bpm, track_number) VALUES (1144, 151, 'Example', 277, 103, 3);
INSERT INTO song (song_id, album_id, name, duration_seconds, bpm, track_number) VALUES (1145, 151, 'Care', 401, 160, 4);
INSERT INTO song (song_id, album_id, name, duration_seconds, bpm, track_number) VALUES (1146, 151, 'Interest', 238, 159, 5);
INSERT INTO song (song_id, album_id, name, duration_seconds, bpm, track_number) VALUES (1147, 151, 'Large', 462, 76, 6);
INSERT INTO song (song_id, album_id, name, duration_seconds, bpm, track_number) VALUES (1148, 151, 'Pattern table reduce', 162, 60, 7);
INSERT INTO song (song_id, album_id, name, duration_seconds, bpm, track_number) VALUES (1149, 151, 'Turn', 158, 164, 8);
INSERT INTO song (song_id, album_id, name, duration_seconds, bpm, track_number) VALUES (1150, 151, 'Charge', 468, 92, 9);
INSERT INTO album (album_id, artist_id, title, release_year, created_at) VALUES (152, 84, 'Inverse needs-based info-mediaries', 2009, NOW());
INSERT INTO song (song_id, album_id, name, duration_seconds, bpm, track_number) VALUES (1151, 152, 'Development minute deal', 182, 133, 1);
INSERT INTO song (song_id, album_id, name, duration_seconds, bpm, track_number) VALUES (1152, 152, 'Best', 375, 101, 2);
INSERT INTO song (song_id, album_id, name, duration_seconds, bpm, track_number) VALUES (1153, 152, 'Amount score', 243, 85, 3);
INSERT INTO song (song_id, album_id, name, duration_seconds, bpm, track_number) VALUES (1154, 152, 'Almost guy heart full', 341, 151, 4);
INSERT INTO song (song_id, album_id, name, duration_seconds, bpm, track_number) VALUES (1155, 152, 'Consumer', 183, 66, 5);
INSERT INTO song (song_id, album_id, name, duration_seconds, bpm, track_number) VALUES (1156, 152, 'Maintain once detail budget', 220, 104, 6);
INSERT INTO song (song_id, album_id, name, duration_seconds, bpm, track_number) VALUES (1157, 152, 'Model second', 353, 165, 7);
INSERT INTO song (song_id, album_id, name, duration_seconds, bpm, track_number) VALUES (1158, 152, 'Herself Democrat', 174, 91, 8);
INSERT INTO album (album_id, artist_id, title, release_year, created_at) VALUES (153, 85, 'Distributed discrete software', 2024, NOW());
INSERT INTO song (song_id, album_id, name, duration_seconds, bpm, track_number) VALUES (1159, 153, 'Laugh', 266, 107, 1);
INSERT INTO song (song_id, album_id, name, duration_seconds, bpm, track_number) VALUES (1160, 153, 'Gun play', 388, 67, 2);
INSERT INTO song (song_id, album_id, name, duration_seconds, bpm, track_number) VALUES (1161, 153, 'Worker', 455, 63, 3);
INSERT INTO song (song_id, album_id, name, duration_seconds, bpm, track_number) VALUES (1162, 153, 'With', 469, 106, 4);
INSERT INTO song (song_id, album_id, name, duration_seconds, bpm, track_number) VALUES (1163, 153, 'Three loss', 151, 149, 5);
INSERT INTO album (album_id, artist_id, title, release_year, created_at) VALUES (154, 86, 'Total eco-centric knowledge user', 1982, NOW());
INSERT INTO song (song_id, album_id, name, duration_seconds, bpm, track_number) VALUES (1164, 154, 'Mother', 399, 173, 1);
INSERT INTO song (song_id, album_id, name, duration_seconds, bpm, track_number) VALUES (1165, 154, 'Tough quite only bag', 268, 89, 2);
INSERT INTO song (song_id, album_id, name, duration_seconds, bpm, track_number) VALUES (1166, 154, 'Professor teacher pressure husband', 302, 98, 3);
INSERT INTO song (song_id, album_id, name, duration_seconds, bpm, track_number) VALUES (1167, 154, 'Read', 157, 112, 4);
INSERT INTO song (song_id, album_id, name, duration_seconds, bpm, track_number) VALUES (1168, 154, 'Door', 460, 64, 5);
INSERT INTO song (song_id, album_id, name, duration_seconds, bpm, track_number) VALUES (1169, 154, 'Develop', 389, 147, 6);
INSERT INTO song (song_id, album_id, name, duration_seconds, bpm, track_number) VALUES (1170, 154, 'Toward particularly', 159, 74, 7);
INSERT INTO song (song_id, album_id, name, duration_seconds, bpm, track_number) VALUES (1171, 154, 'Writer', 469, 156, 8);
INSERT INTO song (song_id, album_id, name, duration_seconds, bpm, track_number) VALUES (1172, 154, 'Team', 208, 90, 9);
INSERT INTO album (album_id, artist_id, title, release_year, created_at) VALUES (155, 86, 'Programmable well-modulated extranet', 1993, NOW());
INSERT INTO song (song_id, album_id, name, duration_seconds, bpm, track_number) VALUES (1173, 155, 'Ok its thus', 304, 131, 1);
INSERT INTO song (song_id, album_id, name, duration_seconds, bpm, track_number) VALUES (1174, 155, 'Low exactly whose', 383, 178, 2);
INSERT INTO song (song_id, album_id, name, duration_seconds, bpm, track_number) VALUES (1175, 155, 'Month plant hand property', 233, 133, 3);
INSERT INTO song (song_id, album_id, name, duration_seconds, bpm, track_number) VALUES (1176, 155, 'Body notice', 314, 114, 4);
INSERT INTO song (song_id, album_id, name, duration_seconds, bpm, track_number) VALUES (1177, 155, 'Especially recognize up tell', 147, 70, 5);
INSERT INTO song (song_id, album_id, name, duration_seconds, bpm, track_number) VALUES (1178, 155, 'High hot box', 151, 92, 6);
INSERT INTO song (song_id, album_id, name, duration_seconds, bpm, track_number) VALUES (1179, 155, 'Girl near capital', 255, 60, 7);
INSERT INTO album (album_id, artist_id, title, release_year, created_at) VALUES (156, 87, 'Exclusive encompassing website', 2011, NOW());
INSERT INTO song (song_id, album_id, name, duration_seconds, bpm, track_number) VALUES (1180, 156, 'Foot discuss according', 474, 62, 1);
INSERT INTO song (song_id, album_id, name, duration_seconds, bpm, track_number) VALUES (1181, 156, 'Company when senior', 202, 156, 2);
INSERT INTO song (song_id, album_id, name, duration_seconds, bpm, track_number) VALUES (1182, 156, 'Power should', 381, 107, 3);
INSERT INTO song (song_id, album_id, name, duration_seconds, bpm, track_number) VALUES (1183, 156, 'Day nation', 289, 151, 4);
INSERT INTO song (song_id, album_id, name, duration_seconds, bpm, track_number) VALUES (1184, 156, 'Wife produce', 356, 97, 5);
INSERT INTO song (song_id, album_id, name, duration_seconds, bpm, track_number) VALUES (1185, 156, 'Vote detail agree recognize', 407, 135, 6);
INSERT INTO song (song_id, album_id, name, duration_seconds, bpm, track_number) VALUES (1186, 156, 'Somebody task', 193, 163, 7);
INSERT INTO song (song_id, album_id, name, duration_seconds, bpm, track_number) VALUES (1187, 156, 'While ahead all growth tell', 352, 111, 8);
INSERT INTO song (song_id, album_id, name, duration_seconds, bpm, track_number) VALUES (1188, 156, 'Best', 298, 127, 9);
INSERT INTO song (song_id, album_id, name, duration_seconds, bpm, track_number) VALUES (1189, 156, 'Chance', 233, 150, 10);
INSERT INTO album (album_id, artist_id, title, release_year, created_at) VALUES (157, 87, 'Adaptive needs-based hierarchy', 2019, NOW());
INSERT INTO song (song_id, album_id, name, duration_seconds, bpm, track_number) VALUES (1190, 157, 'All process concern', 421, 137, 1);
INSERT INTO song (song_id, album_id, name, duration_seconds, bpm, track_number) VALUES (1191, 157, 'Accept', 397, 166, 2);
INSERT INTO song (song_id, album_id, name, duration_seconds, bpm, track_number) VALUES (1192, 157, 'Left', 206, 118, 3);
INSERT INTO song (song_id, album_id, name, duration_seconds, bpm, track_number) VALUES (1193, 157, 'Require', 200, 87, 4);
INSERT INTO song (song_id, album_id, name, duration_seconds, bpm, track_number) VALUES (1194, 157, 'Magazine realize', 220, 169, 5);
INSERT INTO song (song_id, album_id, name, duration_seconds, bpm, track_number) VALUES (1195, 157, 'Under else', 271, 69, 6);
INSERT INTO song (song_id, album_id, name, duration_seconds, bpm, track_number) VALUES (1196, 157, 'Agreement consider whose', 137, 178, 7);
INSERT INTO song (song_id, album_id, name, duration_seconds, bpm, track_number) VALUES (1197, 157, 'Cell news participant', 459, 168, 8);
INSERT INTO song (song_id, album_id, name, duration_seconds, bpm, track_number) VALUES (1198, 157, 'Action', 439, 88, 9);
INSERT INTO song (song_id, album_id, name, duration_seconds, bpm, track_number) VALUES (1199, 157, 'Mouth herself kid', 150, 67, 10);
INSERT INTO album (album_id, artist_id, title, release_year, created_at) VALUES (158, 88, 'Pre-emptive hybrid strategy', 1970, NOW());
INSERT INTO song (song_id, album_id, name, duration_seconds, bpm, track_number) VALUES (1200, 158, 'Attorney forward near', 169, 125, 1);
INSERT INTO song (song_id, album_id, name, duration_seconds, bpm, track_number) VALUES (1201, 158, 'Provide star try inside', 156, 132, 2);
INSERT INTO song (song_id, album_id, name, duration_seconds, bpm, track_number) VALUES (1202, 158, 'Arrive', 331, 87, 3);
INSERT INTO song (song_id, album_id, name, duration_seconds, bpm, track_number) VALUES (1203, 158, 'Four', 408, 116, 4);
INSERT INTO song (song_id, album_id, name, duration_seconds, bpm, track_number) VALUES (1204, 158, 'Lay final instead', 153, 177, 5);
INSERT INTO song (song_id, album_id, name, duration_seconds, bpm, track_number) VALUES (1205, 158, 'Evening write', 197, 102, 6);
INSERT INTO album (album_id, artist_id, title, release_year, created_at) VALUES (159, 88, 'Optional tangible Internet solution', 2020, NOW());
INSERT INTO song (song_id, album_id, name, duration_seconds, bpm, track_number) VALUES (1206, 159, 'Standard bed', 239, 129, 1);
INSERT INTO song (song_id, album_id, name, duration_seconds, bpm, track_number) VALUES (1207, 159, 'Cut', 358, 89, 2);
INSERT INTO song (song_id, album_id, name, duration_seconds, bpm, track_number) VALUES (1208, 159, 'Debate perhaps ever', 178, 73, 3);
INSERT INTO song (song_id, album_id, name, duration_seconds, bpm, track_number) VALUES (1209, 159, 'Specific', 300, 158, 4);
INSERT INTO song (song_id, album_id, name, duration_seconds, bpm, track_number) VALUES (1210, 159, 'Baby of item', 381, 89, 5);
INSERT INTO song (song_id, album_id, name, duration_seconds, bpm, track_number) VALUES (1211, 159, 'Young', 213, 166, 6);
INSERT INTO album (album_id, artist_id, title, release_year, created_at) VALUES (160, 89, 'Cross-group impactful matrices', 2023, NOW());
INSERT INTO song (song_id, album_id, name, duration_seconds, bpm, track_number) VALUES (1212, 160, 'Color off plant', 170, 133, 1);
INSERT INTO song (song_id, album_id, name, duration_seconds, bpm, track_number) VALUES (1213, 160, 'Number', 137, 87, 2);
INSERT INTO song (song_id, album_id, name, duration_seconds, bpm, track_number) VALUES (1214, 160, 'Free', 160, 179, 3);
INSERT INTO song (song_id, album_id, name, duration_seconds, bpm, track_number) VALUES (1215, 160, 'South card history', 338, 123, 4);
INSERT INTO song (song_id, album_id, name, duration_seconds, bpm, track_number) VALUES (1216, 160, 'Group eat pay race soon', 205, 137, 5);
INSERT INTO song (song_id, album_id, name, duration_seconds, bpm, track_number) VALUES (1217, 160, 'Small age', 213, 149, 6);
INSERT INTO song (song_id, album_id, name, duration_seconds, bpm, track_number) VALUES (1218, 160, 'Author', 201, 81, 7);
INSERT INTO song (song_id, album_id, name, duration_seconds, bpm, track_number) VALUES (1219, 160, 'Real central', 303, 124, 8);
INSERT INTO album (album_id, artist_id, title, release_year, created_at) VALUES (161, 89, 'De-engineered empowering utilization', 2017, NOW());
INSERT INTO song (song_id, album_id, name, duration_seconds, bpm, track_number) VALUES (1220, 161, 'Health civil', 125, 88, 1);
INSERT INTO song (song_id, album_id, name, duration_seconds, bpm, track_number) VALUES (1221, 161, 'Present speech own', 238, 166, 2);
INSERT INTO song (song_id, album_id, name, duration_seconds, bpm, track_number) VALUES (1222, 161, 'Leave outside', 239, 68, 3);
INSERT INTO song (song_id, album_id, name, duration_seconds, bpm, track_number) VALUES (1223, 161, 'Less', 414, 75, 4);
INSERT INTO song (song_id, album_id, name, duration_seconds, bpm, track_number) VALUES (1224, 161, 'Friend', 261, 127, 5);
INSERT INTO song (song_id, album_id, name, duration_seconds, bpm, track_number) VALUES (1225, 161, 'If which', 408, 79, 6);
INSERT INTO song (song_id, album_id, name, duration_seconds, bpm, track_number) VALUES (1226, 161, 'Reality', 474, 161, 7);
INSERT INTO song (song_id, album_id, name, duration_seconds, bpm, track_number) VALUES (1227, 161, 'Current production', 338, 180, 8);
INSERT INTO song (song_id, album_id, name, duration_seconds, bpm, track_number) VALUES (1228, 161, 'Than', 357, 61, 9);
INSERT INTO album (album_id, artist_id, title, release_year, created_at) VALUES (162, 89, 'Robust client-driven implementation', 2019, NOW());
INSERT INTO song (song_id, album_id, name, duration_seconds, bpm, track_number) VALUES (1229, 162, 'Treat prepare', 308, 143, 1);
INSERT INTO song (song_id, album_id, name, duration_seconds, bpm, track_number) VALUES (1230, 162, 'Manager the television', 131, 119, 2);
INSERT INTO song (song_id, album_id, name, duration_seconds, bpm, track_number) VALUES (1231, 162, 'Already finally', 327, 95, 3);
INSERT INTO song (song_id, album_id, name, duration_seconds, bpm, track_number) VALUES (1232, 162, 'Book down', 225, 168, 4);
INSERT INTO song (song_id, album_id, name, duration_seconds, bpm, track_number) VALUES (1233, 162, 'Response', 355, 103, 5);
INSERT INTO song (song_id, album_id, name, duration_seconds, bpm, track_number) VALUES (1234, 162, 'Within', 120, 71, 6);
INSERT INTO song (song_id, album_id, name, duration_seconds, bpm, track_number) VALUES (1235, 162, 'Issue development action', 433, 148, 7);
INSERT INTO song (song_id, album_id, name, duration_seconds, bpm, track_number) VALUES (1236, 162, 'Know arrive toward', 389, 66, 8);
INSERT INTO song (song_id, album_id, name, duration_seconds, bpm, track_number) VALUES (1237, 162, 'Act you fine throw', 217, 88, 9);
INSERT INTO song (song_id, album_id, name, duration_seconds, bpm, track_number) VALUES (1238, 162, 'Increase similar', 330, 63, 10);
INSERT INTO album (album_id, artist_id, title, release_year, created_at) VALUES (163, 90, 'Total 5thgeneration alliance', 2006, NOW());
INSERT INTO song (song_id, album_id, name, duration_seconds, bpm, track_number) VALUES (1239, 163, 'With', 401, 167, 1);
INSERT INTO song (song_id, album_id, name, duration_seconds, bpm, track_number) VALUES (1240, 163, 'Reveal', 229, 162, 2);
INSERT INTO song (song_id, album_id, name, duration_seconds, bpm, track_number) VALUES (1241, 163, 'Itself social television', 473, 120, 3);
INSERT INTO song (song_id, album_id, name, duration_seconds, bpm, track_number) VALUES (1242, 163, 'Wish central', 163, 149, 4);
INSERT INTO song (song_id, album_id, name, duration_seconds, bpm, track_number) VALUES (1243, 163, 'Scientist reach', 390, 128, 5);
INSERT INTO song (song_id, album_id, name, duration_seconds, bpm, track_number) VALUES (1244, 163, 'Try member among', 466, 107, 6);
INSERT INTO song (song_id, album_id, name, duration_seconds, bpm, track_number) VALUES (1245, 163, 'Season really', 443, 160, 7);
INSERT INTO song (song_id, album_id, name, duration_seconds, bpm, track_number) VALUES (1246, 163, 'Suffer pay', 205, 156, 8);
INSERT INTO song (song_id, album_id, name, duration_seconds, bpm, track_number) VALUES (1247, 163, 'Then', 282, 119, 9);
INSERT INTO album (album_id, artist_id, title, release_year, created_at) VALUES (164, 91, 'Cross-group user-facing functionalities', 1983, NOW());
INSERT INTO song (song_id, album_id, name, duration_seconds, bpm, track_number) VALUES (1248, 164, 'Level arm difficult', 186, 145, 1);
INSERT INTO song (song_id, album_id, name, duration_seconds, bpm, track_number) VALUES (1249, 164, 'Beat', 432, 176, 2);
INSERT INTO song (song_id, album_id, name, duration_seconds, bpm, track_number) VALUES (1250, 164, 'Strategy three Republican', 291, 124, 3);
INSERT INTO song (song_id, album_id, name, duration_seconds, bpm, track_number) VALUES (1251, 164, 'Fear', 318, 90, 4);
INSERT INTO song (song_id, album_id, name, duration_seconds, bpm, track_number) VALUES (1252, 164, 'Exist without say entire', 296, 62, 5);
INSERT INTO song (song_id, album_id, name, duration_seconds, bpm, track_number) VALUES (1253, 164, 'High', 438, 85, 6);
INSERT INTO song (song_id, album_id, name, duration_seconds, bpm, track_number) VALUES (1254, 164, 'Allow', 325, 119, 7);
INSERT INTO song (song_id, album_id, name, duration_seconds, bpm, track_number) VALUES (1255, 164, 'Fly', 406, 103, 8);
INSERT INTO album (album_id, artist_id, title, release_year, created_at) VALUES (165, 92, 'Pre-emptive systematic website', 2022, NOW());
INSERT INTO song (song_id, album_id, name, duration_seconds, bpm, track_number) VALUES (1256, 165, 'Minute newspaper', 329, 131, 1);
INSERT INTO song (song_id, album_id, name, duration_seconds, bpm, track_number) VALUES (1257, 165, 'Include', 156, 151, 2);
INSERT INTO song (song_id, album_id, name, duration_seconds, bpm, track_number) VALUES (1258, 165, 'Minute policy relationship movement', 266, 144, 3);
INSERT INTO song (song_id, album_id, name, duration_seconds, bpm, track_number) VALUES (1259, 165, 'Second', 476, 168, 4);
INSERT INTO song (song_id, album_id, name, duration_seconds, bpm, track_number) VALUES (1260, 165, 'Especially', 261, 96, 5);
INSERT INTO song (song_id, album_id, name, duration_seconds, bpm, track_number) VALUES (1261, 165, 'Physical carry', 304, 160, 6);
INSERT INTO song (song_id, album_id, name, duration_seconds, bpm, track_number) VALUES (1262, 165, 'Consider', 359, 113, 7);
INSERT INTO song (song_id, album_id, name, duration_seconds, bpm, track_number) VALUES (1263, 165, 'Kitchen', 283, 68, 8);
INSERT INTO song (song_id, album_id, name, duration_seconds, bpm, track_number) VALUES (1264, 165, 'Person mention character current', 133, 113, 9);
INSERT INTO album (album_id, artist_id, title, release_year, created_at) VALUES (166, 93, 'User-centric 24hour monitoring', 1976, NOW());
INSERT INTO song (song_id, album_id, name, duration_seconds, bpm, track_number) VALUES (1265, 166, 'Second relate able', 479, 160, 1);
INSERT INTO song (song_id, album_id, name, duration_seconds, bpm, track_number) VALUES (1266, 166, 'During', 147, 105, 2);
INSERT INTO song (song_id, album_id, name, duration_seconds, bpm, track_number) VALUES (1267, 166, 'Machine', 389, 88, 3);
INSERT INTO song (song_id, album_id, name, duration_seconds, bpm, track_number) VALUES (1268, 166, 'Color network', 352, 170, 4);
INSERT INTO song (song_id, album_id, name, duration_seconds, bpm, track_number) VALUES (1269, 166, 'Appear', 447, 173, 5);
INSERT INTO song (song_id, album_id, name, duration_seconds, bpm, track_number) VALUES (1270, 166, 'Age pretty director friend', 294, 128, 6);
INSERT INTO song (song_id, album_id, name, duration_seconds, bpm, track_number) VALUES (1271, 166, 'Next', 379, 86, 7);
INSERT INTO album (album_id, artist_id, title, release_year, created_at) VALUES (167, 93, 'Open-source impactful capability', 1980, NOW());
INSERT INTO song (song_id, album_id, name, duration_seconds, bpm, track_number) VALUES (1272, 167, 'Trip sense would today woman', 378, 177, 1);
INSERT INTO song (song_id, album_id, name, duration_seconds, bpm, track_number) VALUES (1273, 167, 'Ball', 200, 129, 2);
INSERT INTO song (song_id, album_id, name, duration_seconds, bpm, track_number) VALUES (1274, 167, 'Green majority', 208, 123, 3);
INSERT INTO song (song_id, album_id, name, duration_seconds, bpm, track_number) VALUES (1275, 167, 'Example road', 254, 99, 4);
INSERT INTO song (song_id, album_id, name, duration_seconds, bpm, track_number) VALUES (1276, 167, 'Special field international feel', 236, 168, 5);
INSERT INTO song (song_id, album_id, name, duration_seconds, bpm, track_number) VALUES (1277, 167, 'Response financial', 472, 174, 6);
INSERT INTO song (song_id, album_id, name, duration_seconds, bpm, track_number) VALUES (1278, 167, 'Growth window', 216, 166, 7);
INSERT INTO song (song_id, album_id, name, duration_seconds, bpm, track_number) VALUES (1279, 167, 'Not these lead', 307, 77, 8);
INSERT INTO album (album_id, artist_id, title, release_year, created_at) VALUES (168, 94, 'Customizable radical contingency', 2004, NOW());
INSERT INTO song (song_id, album_id, name, duration_seconds, bpm, track_number) VALUES (1280, 168, 'Thing last when', 342, 83, 1);
INSERT INTO song (song_id, album_id, name, duration_seconds, bpm, track_number) VALUES (1281, 168, 'Program', 223, 136, 2);
INSERT INTO song (song_id, album_id, name, duration_seconds, bpm, track_number) VALUES (1282, 168, 'During everybody eight adult', 246, 178, 3);
INSERT INTO song (song_id, album_id, name, duration_seconds, bpm, track_number) VALUES (1283, 168, 'Hot inside will admit risk', 321, 141, 4);
INSERT INTO song (song_id, album_id, name, duration_seconds, bpm, track_number) VALUES (1284, 168, 'Really money', 392, 70, 5);
INSERT INTO song (song_id, album_id, name, duration_seconds, bpm, track_number) VALUES (1285, 168, 'Thing hand', 308, 140, 6);
INSERT INTO song (song_id, album_id, name, duration_seconds, bpm, track_number) VALUES (1286, 168, 'Analysis others scene', 341, 156, 7);
INSERT INTO song (song_id, album_id, name, duration_seconds, bpm, track_number) VALUES (1287, 168, 'Bed value', 463, 157, 8);
INSERT INTO song (song_id, album_id, name, duration_seconds, bpm, track_number) VALUES (1288, 168, 'Statement concern animal course', 292, 175, 9);
INSERT INTO album (album_id, artist_id, title, release_year, created_at) VALUES (169, 94, 'Exclusive context-sensitive workforce', 2012, NOW());
INSERT INTO song (song_id, album_id, name, duration_seconds, bpm, track_number) VALUES (1289, 169, 'Human north moment interest', 269, 142, 1);
INSERT INTO song (song_id, album_id, name, duration_seconds, bpm, track_number) VALUES (1290, 169, 'Discussion east', 365, 150, 2);
INSERT INTO song (song_id, album_id, name, duration_seconds, bpm, track_number) VALUES (1291, 169, 'Financial candidate', 214, 126, 3);
INSERT INTO song (song_id, album_id, name, duration_seconds, bpm, track_number) VALUES (1292, 169, 'Stage law vote', 454, 158, 4);
INSERT INTO song (song_id, album_id, name, duration_seconds, bpm, track_number) VALUES (1293, 169, 'Newspaper', 295, 128, 5);
INSERT INTO album (album_id, artist_id, title, release_year, created_at) VALUES (170, 95, 'Diverse scalable leverage', 1977, NOW());
INSERT INTO song (song_id, album_id, name, duration_seconds, bpm, track_number) VALUES (1294, 170, 'Who', 217, 87, 1);
INSERT INTO song (song_id, album_id, name, duration_seconds, bpm, track_number) VALUES (1295, 170, 'Common', 238, 133, 2);
INSERT INTO song (song_id, album_id, name, duration_seconds, bpm, track_number) VALUES (1296, 170, 'Book', 354, 118, 3);
INSERT INTO song (song_id, album_id, name, duration_seconds, bpm, track_number) VALUES (1297, 170, 'Own between civil', 184, 99, 4);
INSERT INTO song (song_id, album_id, name, duration_seconds, bpm, track_number) VALUES (1298, 170, 'Ground', 345, 115, 5);
INSERT INTO song (song_id, album_id, name, duration_seconds, bpm, track_number) VALUES (1299, 170, 'Recent', 149, 112, 6);
INSERT INTO song (song_id, album_id, name, duration_seconds, bpm, track_number) VALUES (1300, 170, 'Participant why make', 444, 133, 7);
INSERT INTO song (song_id, album_id, name, duration_seconds, bpm, track_number) VALUES (1301, 170, 'Yard official', 469, 137, 8);
INSERT INTO album (album_id, artist_id, title, release_year, created_at) VALUES (171, 95, 'Switchable radical portal', 1994, NOW());
INSERT INTO song (song_id, album_id, name, duration_seconds, bpm, track_number) VALUES (1302, 171, 'Issue', 198, 119, 1);
INSERT INTO song (song_id, album_id, name, duration_seconds, bpm, track_number) VALUES (1303, 171, 'Story', 267, 98, 2);
INSERT INTO song (song_id, album_id, name, duration_seconds, bpm, track_number) VALUES (1304, 171, 'Reduce do', 395, 102, 3);
INSERT INTO song (song_id, album_id, name, duration_seconds, bpm, track_number) VALUES (1305, 171, 'Summer', 326, 153, 4);
INSERT INTO song (song_id, album_id, name, duration_seconds, bpm, track_number) VALUES (1306, 171, 'Morning religious wish short test', 290, 167, 5);
INSERT INTO song (song_id, album_id, name, duration_seconds, bpm, track_number) VALUES (1307, 171, 'Consider', 185, 108, 6);
INSERT INTO song (song_id, album_id, name, duration_seconds, bpm, track_number) VALUES (1308, 171, 'Very over film treatment', 262, 139, 7);
INSERT INTO song (song_id, album_id, name, duration_seconds, bpm, track_number) VALUES (1309, 171, 'Anything school theory', 151, 155, 8);
INSERT INTO song (song_id, album_id, name, duration_seconds, bpm, track_number) VALUES (1310, 171, 'Light', 141, 173, 9);
INSERT INTO song (song_id, album_id, name, duration_seconds, bpm, track_number) VALUES (1311, 171, 'Simple', 229, 62, 10);
INSERT INTO album (album_id, artist_id, title, release_year, created_at) VALUES (172, 95, 'Innovative systematic core', 2023, NOW());
INSERT INTO song (song_id, album_id, name, duration_seconds, bpm, track_number) VALUES (1312, 172, 'Capital great', 444, 148, 1);
INSERT INTO song (song_id, album_id, name, duration_seconds, bpm, track_number) VALUES (1313, 172, 'Hit current', 440, 86, 2);
INSERT INTO song (song_id, album_id, name, duration_seconds, bpm, track_number) VALUES (1314, 172, 'You to', 143, 102, 3);
INSERT INTO song (song_id, album_id, name, duration_seconds, bpm, track_number) VALUES (1315, 172, 'Reality list grow', 272, 102, 4);
INSERT INTO song (song_id, album_id, name, duration_seconds, bpm, track_number) VALUES (1316, 172, 'Plant', 148, 123, 5);
INSERT INTO song (song_id, album_id, name, duration_seconds, bpm, track_number) VALUES (1317, 172, 'Century face role company idea', 399, 100, 6);
INSERT INTO song (song_id, album_id, name, duration_seconds, bpm, track_number) VALUES (1318, 172, 'Available', 171, 126, 7);
INSERT INTO song (song_id, album_id, name, duration_seconds, bpm, track_number) VALUES (1319, 172, 'Either', 408, 146, 8);
INSERT INTO song (song_id, album_id, name, duration_seconds, bpm, track_number) VALUES (1320, 172, 'Paper', 383, 179, 9);
INSERT INTO album (album_id, artist_id, title, release_year, created_at) VALUES (173, 96, 'Progressive dedicated conglomeration', 1999, NOW());
INSERT INTO song (song_id, album_id, name, duration_seconds, bpm, track_number) VALUES (1321, 173, 'Go prevent I professor', 168, 71, 1);
INSERT INTO song (song_id, album_id, name, duration_seconds, bpm, track_number) VALUES (1322, 173, 'While', 182, 87, 2);
INSERT INTO song (song_id, album_id, name, duration_seconds, bpm, track_number) VALUES (1323, 173, 'Next', 356, 92, 3);
INSERT INTO song (song_id, album_id, name, duration_seconds, bpm, track_number) VALUES (1324, 173, 'Western then explain', 367, 63, 4);
INSERT INTO song (song_id, album_id, name, duration_seconds, bpm, track_number) VALUES (1325, 173, 'Fund industry', 140, 127, 5);
INSERT INTO song (song_id, album_id, name, duration_seconds, bpm, track_number) VALUES (1326, 173, 'What soon traditional', 223, 154, 6);
INSERT INTO song (song_id, album_id, name, duration_seconds, bpm, track_number) VALUES (1327, 173, 'Born', 363, 79, 7);
INSERT INTO album (album_id, artist_id, title, release_year, created_at) VALUES (174, 96, 'Team-oriented attitude-oriented paradigm', 2019, NOW());
INSERT INTO song (song_id, album_id, name, duration_seconds, bpm, track_number) VALUES (1328, 174, 'Force trial example so whole', 241, 132, 1);
INSERT INTO song (song_id, album_id, name, duration_seconds, bpm, track_number) VALUES (1329, 174, 'Across', 373, 124, 2);
INSERT INTO song (song_id, album_id, name, duration_seconds, bpm, track_number) VALUES (1330, 174, 'Week throughout challenge', 302, 75, 3);
INSERT INTO song (song_id, album_id, name, duration_seconds, bpm, track_number) VALUES (1331, 174, 'Management sing', 243, 73, 4);
INSERT INTO song (song_id, album_id, name, duration_seconds, bpm, track_number) VALUES (1332, 174, 'Two finally', 279, 157, 5);
INSERT INTO song (song_id, album_id, name, duration_seconds, bpm, track_number) VALUES (1333, 174, 'Minute commercial direction', 339, 99, 6);
INSERT INTO song (song_id, album_id, name, duration_seconds, bpm, track_number) VALUES (1334, 174, 'Benefit certainly', 135, 144, 7);
INSERT INTO song (song_id, album_id, name, duration_seconds, bpm, track_number) VALUES (1335, 174, 'Out attack', 298, 129, 8);
INSERT INTO album (album_id, artist_id, title, release_year, created_at) VALUES (175, 96, 'Realigned secondary open architecture', 1988, NOW());
INSERT INTO song (song_id, album_id, name, duration_seconds, bpm, track_number) VALUES (1336, 175, 'Common over', 184, 129, 1);
INSERT INTO song (song_id, album_id, name, duration_seconds, bpm, track_number) VALUES (1337, 175, 'So only', 343, 171, 2);
INSERT INTO song (song_id, album_id, name, duration_seconds, bpm, track_number) VALUES (1338, 175, 'Message', 295, 82, 3);
INSERT INTO song (song_id, album_id, name, duration_seconds, bpm, track_number) VALUES (1339, 175, 'Room quite', 318, 169, 4);
INSERT INTO song (song_id, album_id, name, duration_seconds, bpm, track_number) VALUES (1340, 175, 'Enough area follow star cover', 175, 151, 5);
INSERT INTO album (album_id, artist_id, title, release_year, created_at) VALUES (176, 97, 'Customer-focused empowering application', 1976, NOW());
INSERT INTO song (song_id, album_id, name, duration_seconds, bpm, track_number) VALUES (1341, 176, 'Military', 273, 165, 1);
INSERT INTO song (song_id, album_id, name, duration_seconds, bpm, track_number) VALUES (1342, 176, 'Response camera top', 363, 167, 2);
INSERT INTO song (song_id, album_id, name, duration_seconds, bpm, track_number) VALUES (1343, 176, 'Wish', 363, 137, 3);
INSERT INTO song (song_id, album_id, name, duration_seconds, bpm, track_number) VALUES (1344, 176, 'Big financial', 275, 141, 4);
INSERT INTO song (song_id, album_id, name, duration_seconds, bpm, track_number) VALUES (1345, 176, 'Yard window be young', 461, 157, 5);
INSERT INTO song (song_id, album_id, name, duration_seconds, bpm, track_number) VALUES (1346, 176, 'Soldier today', 244, 82, 6);
INSERT INTO album (album_id, artist_id, title, release_year, created_at) VALUES (177, 98, 'Synergistic modular orchestration', 1972, NOW());
INSERT INTO song (song_id, album_id, name, duration_seconds, bpm, track_number) VALUES (1347, 177, 'Sign realize hold reduce positive', 154, 86, 1);
INSERT INTO song (song_id, album_id, name, duration_seconds, bpm, track_number) VALUES (1348, 177, 'Become remain poor', 449, 173, 2);
INSERT INTO song (song_id, album_id, name, duration_seconds, bpm, track_number) VALUES (1349, 177, 'Play', 350, 154, 3);
INSERT INTO song (song_id, album_id, name, duration_seconds, bpm, track_number) VALUES (1350, 177, 'Outside', 434, 104, 4);
INSERT INTO song (song_id, album_id, name, duration_seconds, bpm, track_number) VALUES (1351, 177, 'Heart', 343, 166, 5);
INSERT INTO song (song_id, album_id, name, duration_seconds, bpm, track_number) VALUES (1352, 177, 'Church either', 434, 157, 6);
INSERT INTO song (song_id, album_id, name, duration_seconds, bpm, track_number) VALUES (1353, 177, 'Morning still report', 219, 61, 7);
INSERT INTO song (song_id, album_id, name, duration_seconds, bpm, track_number) VALUES (1354, 177, 'Trial', 477, 104, 8);
INSERT INTO album (album_id, artist_id, title, release_year, created_at) VALUES (178, 98, 'Versatile systemic hub', 2015, NOW());
INSERT INTO song (song_id, album_id, name, duration_seconds, bpm, track_number) VALUES (1355, 178, 'Long', 122, 114, 1);
INSERT INTO song (song_id, album_id, name, duration_seconds, bpm, track_number) VALUES (1356, 178, 'Size offer method', 242, 78, 2);
INSERT INTO song (song_id, album_id, name, duration_seconds, bpm, track_number) VALUES (1357, 178, 'Decision decide', 426, 88, 3);
INSERT INTO song (song_id, album_id, name, duration_seconds, bpm, track_number) VALUES (1358, 178, 'Though speech move', 241, 68, 4);
INSERT INTO song (song_id, album_id, name, duration_seconds, bpm, track_number) VALUES (1359, 178, 'Employee', 276, 152, 5);
INSERT INTO album (album_id, artist_id, title, release_year, created_at) VALUES (179, 99, 'Cross-platform fresh-thinking utilization', 1985, NOW());
INSERT INTO song (song_id, album_id, name, duration_seconds, bpm, track_number) VALUES (1360, 179, 'Nature product', 320, 90, 1);
INSERT INTO song (song_id, album_id, name, duration_seconds, bpm, track_number) VALUES (1361, 179, 'Little', 440, 180, 2);
INSERT INTO song (song_id, album_id, name, duration_seconds, bpm, track_number) VALUES (1362, 179, 'Simple', 201, 105, 3);
INSERT INTO song (song_id, album_id, name, duration_seconds, bpm, track_number) VALUES (1363, 179, 'Total special measure', 262, 169, 4);
INSERT INTO song (song_id, album_id, name, duration_seconds, bpm, track_number) VALUES (1364, 179, 'Law popular', 371, 146, 5);
INSERT INTO song (song_id, album_id, name, duration_seconds, bpm, track_number) VALUES (1365, 179, 'Offer industry thank', 320, 99, 6);
INSERT INTO song (song_id, album_id, name, duration_seconds, bpm, track_number) VALUES (1366, 179, 'Mrs commercial fine', 324, 62, 7);
INSERT INTO song (song_id, album_id, name, duration_seconds, bpm, track_number) VALUES (1367, 179, 'Force chance together', 457, 91, 8);
INSERT INTO song (song_id, album_id, name, duration_seconds, bpm, track_number) VALUES (1368, 179, 'Nothing store', 267, 92, 9);
INSERT INTO album (album_id, artist_id, title, release_year, created_at) VALUES (180, 99, 'Integrated zero-defect alliance', 1998, NOW());
INSERT INTO song (song_id, album_id, name, duration_seconds, bpm, track_number) VALUES (1369, 180, 'Eye only another', 215, 96, 1);
INSERT INTO song (song_id, album_id, name, duration_seconds, bpm, track_number) VALUES (1370, 180, 'Involve summer', 176, 87, 2);
INSERT INTO song (song_id, album_id, name, duration_seconds, bpm, track_number) VALUES (1371, 180, 'Scientist standard', 281, 77, 3);
INSERT INTO song (song_id, album_id, name, duration_seconds, bpm, track_number) VALUES (1372, 180, 'Talk', 385, 110, 4);
INSERT INTO song (song_id, album_id, name, duration_seconds, bpm, track_number) VALUES (1373, 180, 'Newspaper reduce', 361, 176, 5);
INSERT INTO song (song_id, album_id, name, duration_seconds, bpm, track_number) VALUES (1374, 180, 'Provide speech scientist color positive', 437, 121, 6);
INSERT INTO song (song_id, album_id, name, duration_seconds, bpm, track_number) VALUES (1375, 180, 'Beat piece model country', 252, 157, 7);
INSERT INTO song (song_id, album_id, name, duration_seconds, bpm, track_number) VALUES (1376, 180, 'Summer score', 394, 100, 8);
INSERT INTO album (album_id, artist_id, title, release_year, created_at) VALUES (181, 99, 'Synchronized didactic focus group', 1999, NOW());
INSERT INTO song (song_id, album_id, name, duration_seconds, bpm, track_number) VALUES (1377, 181, 'Age return', 267, 127, 1);
INSERT INTO song (song_id, album_id, name, duration_seconds, bpm, track_number) VALUES (1378, 181, 'Score', 179, 122, 2);
INSERT INTO song (song_id, album_id, name, duration_seconds, bpm, track_number) VALUES (1379, 181, 'Special mention father', 279, 76, 3);
INSERT INTO song (song_id, album_id, name, duration_seconds, bpm, track_number) VALUES (1380, 181, 'Remain but', 406, 147, 4);
INSERT INTO song (song_id, album_id, name, duration_seconds, bpm, track_number) VALUES (1381, 181, 'End beautiful', 274, 66, 5);
INSERT INTO song (song_id, album_id, name, duration_seconds, bpm, track_number) VALUES (1382, 181, 'Ground six', 263, 137, 6);
INSERT INTO song (song_id, album_id, name, duration_seconds, bpm, track_number) VALUES (1383, 181, 'Republican', 323, 78, 7);
INSERT INTO song (song_id, album_id, name, duration_seconds, bpm, track_number) VALUES (1384, 181, 'Character', 445, 163, 8);
INSERT INTO song (song_id, album_id, name, duration_seconds, bpm, track_number) VALUES (1385, 181, 'Goal', 162, 140, 9);
INSERT INTO album (album_id, artist_id, title, release_year, created_at) VALUES (182, 100, 'Programmable encompassing database', 1974, NOW());
INSERT INTO song (song_id, album_id, name, duration_seconds, bpm, track_number) VALUES (1386, 182, 'Window', 452, 144, 1);
INSERT INTO song (song_id, album_id, name, duration_seconds, bpm, track_number) VALUES (1387, 182, 'Scene effect', 171, 69, 2);
INSERT INTO song (song_id, album_id, name, duration_seconds, bpm, track_number) VALUES (1388, 182, 'Side ok', 442, 92, 3);
INSERT INTO song (song_id, album_id, name, duration_seconds, bpm, track_number) VALUES (1389, 182, 'Any', 329, 125, 4);
INSERT INTO song (song_id, album_id, name, duration_seconds, bpm, track_number) VALUES (1390, 182, 'Challenge us', 238, 179, 5);
INSERT INTO song (song_id, album_id, name, duration_seconds, bpm, track_number) VALUES (1391, 182, 'Something mean and though', 369, 117, 6);
INSERT INTO song (song_id, album_id, name, duration_seconds, bpm, track_number) VALUES (1392, 182, 'Especially rest as', 391, 76, 7);
INSERT INTO song (song_id, album_id, name, duration_seconds, bpm, track_number) VALUES (1393, 182, 'Guy role scientist type', 178, 70, 8);
INSERT INTO album (album_id, artist_id, title, release_year, created_at) VALUES (183, 100, 'Triple-buffered real-time archive', 1985, NOW());
INSERT INTO song (song_id, album_id, name, duration_seconds, bpm, track_number) VALUES (1394, 183, 'Ok', 237, 118, 1);
INSERT INTO song (song_id, album_id, name, duration_seconds, bpm, track_number) VALUES (1395, 183, 'Now billion environmental room', 202, 135, 2);
INSERT INTO song (song_id, album_id, name, duration_seconds, bpm, track_number) VALUES (1396, 183, 'Along', 228, 159, 3);
INSERT INTO song (song_id, album_id, name, duration_seconds, bpm, track_number) VALUES (1397, 183, 'Politics budget', 458, 102, 4);
INSERT INTO song (song_id, album_id, name, duration_seconds, bpm, track_number) VALUES (1398, 183, 'Officer', 134, 118, 5);
INSERT INTO song (song_id, album_id, name, duration_seconds, bpm, track_number) VALUES (1399, 183, 'Evening', 416, 171, 6);
INSERT INTO song (song_id, album_id, name, duration_seconds, bpm, track_number) VALUES (1400, 183, 'Our popular election', 373, 116, 7);
INSERT INTO album (album_id, artist_id, title, release_year, created_at) VALUES (184, 101, 'Profound holistic project', 1985, NOW());
INSERT INTO song (song_id, album_id, name, duration_seconds, bpm, track_number) VALUES (1401, 184, 'Night ok', 351, 166, 1);
INSERT INTO song (song_id, album_id, name, duration_seconds, bpm, track_number) VALUES (1402, 184, 'Leader campaign with', 362, 67, 2);
INSERT INTO song (song_id, album_id, name, duration_seconds, bpm, track_number) VALUES (1403, 184, 'Soldier', 379, 105, 3);
INSERT INTO song (song_id, album_id, name, duration_seconds, bpm, track_number) VALUES (1404, 184, 'Room', 477, 117, 4);
INSERT INTO song (song_id, album_id, name, duration_seconds, bpm, track_number) VALUES (1405, 184, 'City bed either', 239, 77, 5);
INSERT INTO song (song_id, album_id, name, duration_seconds, bpm, track_number) VALUES (1406, 184, 'Personal debate girl', 152, 157, 6);
INSERT INTO album (album_id, artist_id, title, release_year, created_at) VALUES (185, 101, 'Fully-configurable 5thgeneration algorithm', 1974, NOW());
INSERT INTO song (song_id, album_id, name, duration_seconds, bpm, track_number) VALUES (1407, 185, 'Almost', 420, 75, 1);
INSERT INTO song (song_id, album_id, name, duration_seconds, bpm, track_number) VALUES (1408, 185, 'Discussion', 283, 74, 2);
INSERT INTO song (song_id, album_id, name, duration_seconds, bpm, track_number) VALUES (1409, 185, 'Certainly author', 422, 152, 3);
INSERT INTO song (song_id, album_id, name, duration_seconds, bpm, track_number) VALUES (1410, 185, 'Realize', 202, 156, 4);
INSERT INTO song (song_id, album_id, name, duration_seconds, bpm, track_number) VALUES (1411, 185, 'Because', 317, 77, 5);
INSERT INTO song (song_id, album_id, name, duration_seconds, bpm, track_number) VALUES (1412, 185, 'Assume', 178, 70, 6);
INSERT INTO song (song_id, album_id, name, duration_seconds, bpm, track_number) VALUES (1413, 185, 'Entire everything', 431, 82, 7);
INSERT INTO song (song_id, album_id, name, duration_seconds, bpm, track_number) VALUES (1414, 185, 'Age take theory', 282, 178, 8);
INSERT INTO album (album_id, artist_id, title, release_year, created_at) VALUES (186, 102, 'Polarized non-volatile analyzer', 2007, NOW());
INSERT INTO song (song_id, album_id, name, duration_seconds, bpm, track_number) VALUES (1415, 186, 'Young', 189, 118, 1);
INSERT INTO song (song_id, album_id, name, duration_seconds, bpm, track_number) VALUES (1416, 186, 'Fact', 458, 174, 2);
INSERT INTO song (song_id, album_id, name, duration_seconds, bpm, track_number) VALUES (1417, 186, 'Establish', 422, 133, 3);
INSERT INTO song (song_id, album_id, name, duration_seconds, bpm, track_number) VALUES (1418, 186, 'Recent individual', 235, 119, 4);
INSERT INTO song (song_id, album_id, name, duration_seconds, bpm, track_number) VALUES (1419, 186, 'Politics life', 317, 63, 5);
INSERT INTO song (song_id, album_id, name, duration_seconds, bpm, track_number) VALUES (1420, 186, 'Hard', 466, 158, 6);
INSERT INTO album (album_id, artist_id, title, release_year, created_at) VALUES (187, 103, 'Sharable needs-based software', 1992, NOW());
INSERT INTO song (song_id, album_id, name, duration_seconds, bpm, track_number) VALUES (1421, 187, 'Whatever', 379, 78, 1);
INSERT INTO song (song_id, album_id, name, duration_seconds, bpm, track_number) VALUES (1422, 187, 'Field any modern way', 335, 114, 2);
INSERT INTO song (song_id, album_id, name, duration_seconds, bpm, track_number) VALUES (1423, 187, 'Instead', 168, 79, 3);
INSERT INTO song (song_id, album_id, name, duration_seconds, bpm, track_number) VALUES (1424, 187, 'Popular will data', 170, 60, 4);
INSERT INTO song (song_id, album_id, name, duration_seconds, bpm, track_number) VALUES (1425, 187, 'Between', 392, 83, 5);
INSERT INTO song (song_id, album_id, name, duration_seconds, bpm, track_number) VALUES (1426, 187, 'Now', 440, 100, 6);
INSERT INTO song (song_id, album_id, name, duration_seconds, bpm, track_number) VALUES (1427, 187, 'Marriage', 290, 108, 7);
INSERT INTO album (album_id, artist_id, title, release_year, created_at) VALUES (188, 103, 'Self-enabling multi-state leverage', 1988, NOW());
INSERT INTO song (song_id, album_id, name, duration_seconds, bpm, track_number) VALUES (1428, 188, 'Win about', 184, 158, 1);
INSERT INTO song (song_id, album_id, name, duration_seconds, bpm, track_number) VALUES (1429, 188, 'Go to view', 402, 65, 2);
INSERT INTO song (song_id, album_id, name, duration_seconds, bpm, track_number) VALUES (1430, 188, 'Stand white thank', 200, 151, 3);
INSERT INTO song (song_id, album_id, name, duration_seconds, bpm, track_number) VALUES (1431, 188, 'Try', 272, 138, 4);
INSERT INTO song (song_id, album_id, name, duration_seconds, bpm, track_number) VALUES (1432, 188, 'Hair name', 186, 72, 5);
INSERT INTO album (album_id, artist_id, title, release_year, created_at) VALUES (189, 104, 'Advanced multi-state toolset', 2021, NOW());
INSERT INTO song (song_id, album_id, name, duration_seconds, bpm, track_number) VALUES (1433, 189, 'Energy', 332, 140, 1);
INSERT INTO song (song_id, album_id, name, duration_seconds, bpm, track_number) VALUES (1434, 189, 'Lead', 294, 94, 2);
INSERT INTO song (song_id, album_id, name, duration_seconds, bpm, track_number) VALUES (1435, 189, 'Personal theory stage foot behavior', 245, 105, 3);
INSERT INTO song (song_id, album_id, name, duration_seconds, bpm, track_number) VALUES (1436, 189, 'Box season more', 449, 67, 4);
INSERT INTO song (song_id, album_id, name, duration_seconds, bpm, track_number) VALUES (1437, 189, 'Few', 282, 164, 5);
INSERT INTO song (song_id, album_id, name, duration_seconds, bpm, track_number) VALUES (1438, 189, 'Kind', 217, 142, 6);
INSERT INTO song (song_id, album_id, name, duration_seconds, bpm, track_number) VALUES (1439, 189, 'Anyone understand to everything', 130, 136, 7);
INSERT INTO album (album_id, artist_id, title, release_year, created_at) VALUES (190, 104, 'Devolved 24hour orchestration', 2010, NOW());
INSERT INTO song (song_id, album_id, name, duration_seconds, bpm, track_number) VALUES (1440, 190, 'Wall', 476, 140, 1);
INSERT INTO song (song_id, album_id, name, duration_seconds, bpm, track_number) VALUES (1441, 190, 'None issue', 127, 153, 2);
INSERT INTO song (song_id, album_id, name, duration_seconds, bpm, track_number) VALUES (1442, 190, 'Human', 309, 115, 3);
INSERT INTO song (song_id, album_id, name, duration_seconds, bpm, track_number) VALUES (1443, 190, 'Family miss think', 473, 164, 4);
INSERT INTO song (song_id, album_id, name, duration_seconds, bpm, track_number) VALUES (1444, 190, 'Fear whatever year hope', 418, 105, 5);
INSERT INTO song (song_id, album_id, name, duration_seconds, bpm, track_number) VALUES (1445, 190, 'Particular response activity', 175, 140, 6);
INSERT INTO song (song_id, album_id, name, duration_seconds, bpm, track_number) VALUES (1446, 190, 'Including know thousand', 209, 101, 7);
INSERT INTO song (song_id, album_id, name, duration_seconds, bpm, track_number) VALUES (1447, 190, 'Human', 477, 76, 8);
INSERT INTO song (song_id, album_id, name, duration_seconds, bpm, track_number) VALUES (1448, 190, 'Girl economy', 272, 102, 9);
INSERT INTO song (song_id, album_id, name, duration_seconds, bpm, track_number) VALUES (1449, 190, 'Music', 154, 114, 10);
INSERT INTO album (album_id, artist_id, title, release_year, created_at) VALUES (191, 105, 'Focused explicit alliance', 1971, NOW());
INSERT INTO song (song_id, album_id, name, duration_seconds, bpm, track_number) VALUES (1450, 191, 'Recent', 338, 166, 1);
INSERT INTO song (song_id, album_id, name, duration_seconds, bpm, track_number) VALUES (1451, 191, 'Specific', 343, 74, 2);
INSERT INTO song (song_id, album_id, name, duration_seconds, bpm, track_number) VALUES (1452, 191, 'Become could even', 352, 152, 3);
INSERT INTO song (song_id, album_id, name, duration_seconds, bpm, track_number) VALUES (1453, 191, 'Approach crime', 303, 117, 4);
INSERT INTO song (song_id, album_id, name, duration_seconds, bpm, track_number) VALUES (1454, 191, 'Particularly nation', 356, 66, 5);
INSERT INTO album (album_id, artist_id, title, release_year, created_at) VALUES (192, 105, 'Reduced cohesive process improvement', 2022, NOW());
INSERT INTO song (song_id, album_id, name, duration_seconds, bpm, track_number) VALUES (1455, 192, 'Spend', 179, 155, 1);
INSERT INTO song (song_id, album_id, name, duration_seconds, bpm, track_number) VALUES (1456, 192, 'Time foot', 272, 115, 2);
INSERT INTO song (song_id, album_id, name, duration_seconds, bpm, track_number) VALUES (1457, 192, 'New information', 430, 61, 3);
INSERT INTO song (song_id, album_id, name, duration_seconds, bpm, track_number) VALUES (1458, 192, 'Author make model thus', 474, 104, 4);
INSERT INTO song (song_id, album_id, name, duration_seconds, bpm, track_number) VALUES (1459, 192, 'Ever expect sister', 227, 106, 5);
INSERT INTO song (song_id, album_id, name, duration_seconds, bpm, track_number) VALUES (1460, 192, 'Model top', 344, 148, 6);
INSERT INTO song (song_id, album_id, name, duration_seconds, bpm, track_number) VALUES (1461, 192, 'You', 375, 168, 7);
INSERT INTO song (song_id, album_id, name, duration_seconds, bpm, track_number) VALUES (1462, 192, 'Appear require', 153, 132, 8);
INSERT INTO album (album_id, artist_id, title, release_year, created_at) VALUES (193, 106, 'Distributed exuding help-desk', 2015, NOW());
INSERT INTO song (song_id, album_id, name, duration_seconds, bpm, track_number) VALUES (1463, 193, 'All tough someone too writer', 346, 91, 1);
INSERT INTO song (song_id, album_id, name, duration_seconds, bpm, track_number) VALUES (1464, 193, 'Why', 391, 180, 2);
INSERT INTO song (song_id, album_id, name, duration_seconds, bpm, track_number) VALUES (1465, 193, 'All', 240, 173, 3);
INSERT INTO song (song_id, album_id, name, duration_seconds, bpm, track_number) VALUES (1466, 193, 'Three', 310, 135, 4);
INSERT INTO song (song_id, album_id, name, duration_seconds, bpm, track_number) VALUES (1467, 193, 'Every', 276, 95, 5);
INSERT INTO song (song_id, album_id, name, duration_seconds, bpm, track_number) VALUES (1468, 193, 'Change', 148, 166, 6);
INSERT INTO song (song_id, album_id, name, duration_seconds, bpm, track_number) VALUES (1469, 193, 'Bar', 184, 161, 7);
INSERT INTO song (song_id, album_id, name, duration_seconds, bpm, track_number) VALUES (1470, 193, 'Modern', 183, 179, 8);
INSERT INTO song (song_id, album_id, name, duration_seconds, bpm, track_number) VALUES (1471, 193, 'Table', 353, 125, 9);
INSERT INTO song (song_id, album_id, name, duration_seconds, bpm, track_number) VALUES (1472, 193, 'Too', 432, 160, 10);
INSERT INTO album (album_id, artist_id, title, release_year, created_at) VALUES (194, 107, 'User-friendly optimizing open system', 1994, NOW());
INSERT INTO song (song_id, album_id, name, duration_seconds, bpm, track_number) VALUES (1473, 194, 'Best show', 365, 99, 1);
INSERT INTO song (song_id, album_id, name, duration_seconds, bpm, track_number) VALUES (1474, 194, 'Learn', 305, 167, 2);
INSERT INTO song (song_id, album_id, name, duration_seconds, bpm, track_number) VALUES (1475, 194, 'Success', 266, 126, 3);
INSERT INTO song (song_id, album_id, name, duration_seconds, bpm, track_number) VALUES (1476, 194, 'Arm design', 365, 62, 4);
INSERT INTO song (song_id, album_id, name, duration_seconds, bpm, track_number) VALUES (1477, 194, 'Woman', 161, 160, 5);
INSERT INTO song (song_id, album_id, name, duration_seconds, bpm, track_number) VALUES (1478, 194, 'Trial feeling claim team', 303, 79, 6);
INSERT INTO album (album_id, artist_id, title, release_year, created_at) VALUES (195, 107, 'Multi-tiered encompassing pricing structure', 2009, NOW());
INSERT INTO song (song_id, album_id, name, duration_seconds, bpm, track_number) VALUES (1479, 195, 'Work serious drive', 281, 110, 1);
INSERT INTO song (song_id, album_id, name, duration_seconds, bpm, track_number) VALUES (1480, 195, 'Must game raise', 269, 116, 2);
INSERT INTO song (song_id, album_id, name, duration_seconds, bpm, track_number) VALUES (1481, 195, 'Charge', 410, 95, 3);
INSERT INTO song (song_id, album_id, name, duration_seconds, bpm, track_number) VALUES (1482, 195, 'Administration price president population perform', 251, 178, 4);
INSERT INTO song (song_id, album_id, name, duration_seconds, bpm, track_number) VALUES (1483, 195, 'Clearly which', 196, 164, 5);
INSERT INTO song (song_id, album_id, name, duration_seconds, bpm, track_number) VALUES (1484, 195, 'Body', 133, 65, 6);
INSERT INTO song (song_id, album_id, name, duration_seconds, bpm, track_number) VALUES (1485, 195, 'Close', 217, 136, 7);
INSERT INTO song (song_id, album_id, name, duration_seconds, bpm, track_number) VALUES (1486, 195, 'Campaign', 280, 77, 8);
INSERT INTO album (album_id, artist_id, title, release_year, created_at) VALUES (196, 108, 'Organic actuating task-force', 2004, NOW());
INSERT INTO song (song_id, album_id, name, duration_seconds, bpm, track_number) VALUES (1487, 196, 'Her', 212, 148, 1);
INSERT INTO song (song_id, album_id, name, duration_seconds, bpm, track_number) VALUES (1488, 196, 'Enjoy', 326, 166, 2);
INSERT INTO song (song_id, album_id, name, duration_seconds, bpm, track_number) VALUES (1489, 196, 'Grow idea challenge sign wide', 388, 63, 3);
INSERT INTO song (song_id, album_id, name, duration_seconds, bpm, track_number) VALUES (1490, 196, 'Evidence training', 270, 80, 4);
INSERT INTO song (song_id, album_id, name, duration_seconds, bpm, track_number) VALUES (1491, 196, 'Room old', 247, 126, 5);
INSERT INTO song (song_id, album_id, name, duration_seconds, bpm, track_number) VALUES (1492, 196, 'Yet', 339, 83, 6);
INSERT INTO song (song_id, album_id, name, duration_seconds, bpm, track_number) VALUES (1493, 196, 'Attack majority believe', 384, 62, 7);
INSERT INTO song (song_id, album_id, name, duration_seconds, bpm, track_number) VALUES (1494, 196, 'Generation race', 132, 68, 8);
INSERT INTO song (song_id, album_id, name, duration_seconds, bpm, track_number) VALUES (1495, 196, 'Pull author no', 451, 96, 9);
INSERT INTO album (album_id, artist_id, title, release_year, created_at) VALUES (197, 109, 'Robust bandwidth-monitored superstructure', 1998, NOW());
INSERT INTO song (song_id, album_id, name, duration_seconds, bpm, track_number) VALUES (1496, 197, 'Need themselves always course view', 448, 155, 1);
INSERT INTO song (song_id, album_id, name, duration_seconds, bpm, track_number) VALUES (1497, 197, 'Health', 130, 171, 2);
INSERT INTO song (song_id, album_id, name, duration_seconds, bpm, track_number) VALUES (1498, 197, 'Consumer skin environment', 231, 104, 3);
INSERT INTO song (song_id, album_id, name, duration_seconds, bpm, track_number) VALUES (1499, 197, 'Field drug group', 324, 60, 4);
INSERT INTO song (song_id, album_id, name, duration_seconds, bpm, track_number) VALUES (1500, 197, 'Morning', 309, 79, 5);
INSERT INTO album (album_id, artist_id, title, release_year, created_at) VALUES (198, 109, 'Polarized eco-centric support', 2010, NOW());
INSERT INTO song (song_id, album_id, name, duration_seconds, bpm, track_number) VALUES (1501, 198, 'Near', 467, 153, 1);
INSERT INTO song (song_id, album_id, name, duration_seconds, bpm, track_number) VALUES (1502, 198, 'Top collection', 456, 70, 2);
INSERT INTO song (song_id, album_id, name, duration_seconds, bpm, track_number) VALUES (1503, 198, 'Girl', 289, 136, 3);
INSERT INTO song (song_id, album_id, name, duration_seconds, bpm, track_number) VALUES (1504, 198, 'Start', 361, 81, 4);
INSERT INTO song (song_id, album_id, name, duration_seconds, bpm, track_number) VALUES (1505, 198, 'Physical', 319, 89, 5);
INSERT INTO song (song_id, album_id, name, duration_seconds, bpm, track_number) VALUES (1506, 198, 'Form whom', 329, 67, 6);
INSERT INTO song (song_id, album_id, name, duration_seconds, bpm, track_number) VALUES (1507, 198, 'Let task old meeting', 136, 130, 7);
INSERT INTO song (song_id, album_id, name, duration_seconds, bpm, track_number) VALUES (1508, 198, 'Fly feeling join', 131, 143, 8);
INSERT INTO album (album_id, artist_id, title, release_year, created_at) VALUES (199, 110, 'Cross-group 5thgeneration archive', 1988, NOW());
INSERT INTO song (song_id, album_id, name, duration_seconds, bpm, track_number) VALUES (1509, 199, 'Agency item', 232, 109, 1);
INSERT INTO song (song_id, album_id, name, duration_seconds, bpm, track_number) VALUES (1510, 199, 'Election', 353, 172, 2);
INSERT INTO song (song_id, album_id, name, duration_seconds, bpm, track_number) VALUES (1511, 199, 'Stand', 351, 61, 3);
INSERT INTO song (song_id, album_id, name, duration_seconds, bpm, track_number) VALUES (1512, 199, 'Remain', 301, 98, 4);
INSERT INTO song (song_id, album_id, name, duration_seconds, bpm, track_number) VALUES (1513, 199, 'Amount', 223, 76, 5);
INSERT INTO song (song_id, album_id, name, duration_seconds, bpm, track_number) VALUES (1514, 199, 'Rock', 220, 154, 6);
INSERT INTO song (song_id, album_id, name, duration_seconds, bpm, track_number) VALUES (1515, 199, 'Month we', 425, 89, 7);
INSERT INTO song (song_id, album_id, name, duration_seconds, bpm, track_number) VALUES (1516, 199, 'Mind let offer', 440, 74, 8);
INSERT INTO song (song_id, album_id, name, duration_seconds, bpm, track_number) VALUES (1517, 199, 'Billion start region', 295, 137, 9);
INSERT INTO album (album_id, artist_id, title, release_year, created_at) VALUES (200, 111, 'Advanced zero-defect challenge', 1990, NOW());
INSERT INTO song (song_id, album_id, name, duration_seconds, bpm, track_number) VALUES (1518, 200, 'Learn would down simple', 448, 112, 1);
INSERT INTO song (song_id, album_id, name, duration_seconds, bpm, track_number) VALUES (1519, 200, 'Child could', 429, 177, 2);
INSERT INTO song (song_id, album_id, name, duration_seconds, bpm, track_number) VALUES (1520, 200, 'Plant', 440, 171, 3);
INSERT INTO song (song_id, album_id, name, duration_seconds, bpm, track_number) VALUES (1521, 200, 'Threat all', 376, 85, 4);
INSERT INTO song (song_id, album_id, name, duration_seconds, bpm, track_number) VALUES (1522, 200, 'Television matter goal include', 203, 137, 5);
INSERT INTO song (song_id, album_id, name, duration_seconds, bpm, track_number) VALUES (1523, 200, 'Must', 427, 134, 6);
INSERT INTO song (song_id, album_id, name, duration_seconds, bpm, track_number) VALUES (1524, 200, 'Laugh school', 280, 67, 7);
INSERT INTO album (album_id, artist_id, title, release_year, created_at) VALUES (201, 111, 'Synchronized value-added secured line', 1998, NOW());
INSERT INTO song (song_id, album_id, name, duration_seconds, bpm, track_number) VALUES (1525, 201, 'List key', 220, 92, 1);
INSERT INTO song (song_id, album_id, name, duration_seconds, bpm, track_number) VALUES (1526, 201, 'Trial', 221, 154, 2);
INSERT INTO song (song_id, album_id, name, duration_seconds, bpm, track_number) VALUES (1527, 201, 'Stuff change', 407, 76, 3);
INSERT INTO song (song_id, album_id, name, duration_seconds, bpm, track_number) VALUES (1528, 201, 'Grow successful support', 303, 166, 4);
INSERT INTO song (song_id, album_id, name, duration_seconds, bpm, track_number) VALUES (1529, 201, 'Save each analysis', 273, 138, 5);
INSERT INTO song (song_id, album_id, name, duration_seconds, bpm, track_number) VALUES (1530, 201, 'Usually citizen maintain', 229, 116, 6);
INSERT INTO song (song_id, album_id, name, duration_seconds, bpm, track_number) VALUES (1531, 201, 'When pick fear first', 416, 124, 7);
INSERT INTO album (album_id, artist_id, title, release_year, created_at) VALUES (202, 111, 'Integrated next generation forecast', 1978, NOW());
INSERT INTO song (song_id, album_id, name, duration_seconds, bpm, track_number) VALUES (1532, 202, 'Resource', 141, 127, 1);
INSERT INTO song (song_id, album_id, name, duration_seconds, bpm, track_number) VALUES (1533, 202, 'Admit provide', 467, 62, 2);
INSERT INTO song (song_id, album_id, name, duration_seconds, bpm, track_number) VALUES (1534, 202, 'Mr particularly just', 308, 92, 3);
INSERT INTO song (song_id, album_id, name, duration_seconds, bpm, track_number) VALUES (1535, 202, 'Bring', 396, 73, 4);
INSERT INTO song (song_id, album_id, name, duration_seconds, bpm, track_number) VALUES (1536, 202, 'Probably benefit', 286, 158, 5);
INSERT INTO song (song_id, album_id, name, duration_seconds, bpm, track_number) VALUES (1537, 202, 'Later ahead bag material', 353, 135, 6);
INSERT INTO album (album_id, artist_id, title, release_year, created_at) VALUES (203, 112, 'Virtual dynamic alliance', 1996, NOW());
INSERT INTO song (song_id, album_id, name, duration_seconds, bpm, track_number) VALUES (1538, 203, 'Analysis run can add center', 435, 152, 1);
INSERT INTO song (song_id, album_id, name, duration_seconds, bpm, track_number) VALUES (1539, 203, 'Member travel effort', 284, 166, 2);
INSERT INTO song (song_id, album_id, name, duration_seconds, bpm, track_number) VALUES (1540, 203, 'Determine', 410, 148, 3);
INSERT INTO song (song_id, album_id, name, duration_seconds, bpm, track_number) VALUES (1541, 203, 'Trouble', 329, 96, 4);
INSERT INTO song (song_id, album_id, name, duration_seconds, bpm, track_number) VALUES (1542, 203, 'Song can', 201, 100, 5);
INSERT INTO song (song_id, album_id, name, duration_seconds, bpm, track_number) VALUES (1543, 203, 'Say', 277, 136, 6);
INSERT INTO album (album_id, artist_id, title, release_year, created_at) VALUES (204, 112, 'Enhanced human-resource policy', 2002, NOW());
INSERT INTO song (song_id, album_id, name, duration_seconds, bpm, track_number) VALUES (1544, 204, 'Until', 179, 80, 1);
INSERT INTO song (song_id, album_id, name, duration_seconds, bpm, track_number) VALUES (1545, 204, 'Computer machine less', 442, 160, 2);
INSERT INTO song (song_id, album_id, name, duration_seconds, bpm, track_number) VALUES (1546, 204, 'Activity race', 141, 114, 3);
INSERT INTO song (song_id, album_id, name, duration_seconds, bpm, track_number) VALUES (1547, 204, 'Clear TV', 345, 70, 4);
INSERT INTO song (song_id, album_id, name, duration_seconds, bpm, track_number) VALUES (1548, 204, 'Conference past', 364, 154, 5);
INSERT INTO album (album_id, artist_id, title, release_year, created_at) VALUES (205, 113, 'Polarized 5thgeneration service-desk', 2004, NOW());
INSERT INTO song (song_id, album_id, name, duration_seconds, bpm, track_number) VALUES (1549, 205, 'Enter federal', 219, 106, 1);
INSERT INTO song (song_id, album_id, name, duration_seconds, bpm, track_number) VALUES (1550, 205, 'Above stage group town', 304, 153, 2);
INSERT INTO song (song_id, album_id, name, duration_seconds, bpm, track_number) VALUES (1551, 205, 'Back', 188, 68, 3);
INSERT INTO song (song_id, album_id, name, duration_seconds, bpm, track_number) VALUES (1552, 205, 'Sit guess sit avoid', 430, 63, 4);
INSERT INTO song (song_id, album_id, name, duration_seconds, bpm, track_number) VALUES (1553, 205, 'About', 245, 138, 5);
INSERT INTO album (album_id, artist_id, title, release_year, created_at) VALUES (206, 114, 'Inverse non-volatile website', 2012, NOW());
INSERT INTO song (song_id, album_id, name, duration_seconds, bpm, track_number) VALUES (1554, 206, 'Address certainly', 320, 158, 1);
INSERT INTO song (song_id, album_id, name, duration_seconds, bpm, track_number) VALUES (1555, 206, 'Deep million', 206, 122, 2);
INSERT INTO song (song_id, album_id, name, duration_seconds, bpm, track_number) VALUES (1556, 206, 'Receive', 273, 162, 3);
INSERT INTO song (song_id, album_id, name, duration_seconds, bpm, track_number) VALUES (1557, 206, 'Special', 424, 170, 4);
INSERT INTO song (song_id, album_id, name, duration_seconds, bpm, track_number) VALUES (1558, 206, 'Listen', 176, 64, 5);
INSERT INTO song (song_id, album_id, name, duration_seconds, bpm, track_number) VALUES (1559, 206, 'Response blood', 424, 162, 6);
INSERT INTO album (album_id, artist_id, title, release_year, created_at) VALUES (207, 114, 'Total tertiary utilization', 2025, NOW());
INSERT INTO song (song_id, album_id, name, duration_seconds, bpm, track_number) VALUES (1560, 207, 'Ok', 156, 85, 1);
INSERT INTO song (song_id, album_id, name, duration_seconds, bpm, track_number) VALUES (1561, 207, 'Hear', 144, 90, 2);
INSERT INTO song (song_id, album_id, name, duration_seconds, bpm, track_number) VALUES (1562, 207, 'Republican', 444, 71, 3);
INSERT INTO song (song_id, album_id, name, duration_seconds, bpm, track_number) VALUES (1563, 207, 'Offer', 263, 120, 4);
INSERT INTO song (song_id, album_id, name, duration_seconds, bpm, track_number) VALUES (1564, 207, 'Republican source long those', 448, 145, 5);
INSERT INTO song (song_id, album_id, name, duration_seconds, bpm, track_number) VALUES (1565, 207, 'Trouble no him require research', 159, 136, 6);
INSERT INTO song (song_id, album_id, name, duration_seconds, bpm, track_number) VALUES (1566, 207, 'Parent nice', 477, 180, 7);
INSERT INTO song (song_id, album_id, name, duration_seconds, bpm, track_number) VALUES (1567, 207, 'Soon south machine hair yourself', 295, 165, 8);
INSERT INTO song (song_id, album_id, name, duration_seconds, bpm, track_number) VALUES (1568, 207, 'Her family', 449, 168, 9);
INSERT INTO song (song_id, album_id, name, duration_seconds, bpm, track_number) VALUES (1569, 207, 'Market sell', 427, 172, 10);
INSERT INTO album (album_id, artist_id, title, release_year, created_at) VALUES (208, 114, 'Synergistic tertiary installation', 2010, NOW());
INSERT INTO song (song_id, album_id, name, duration_seconds, bpm, track_number) VALUES (1570, 208, 'Bed play those', 177, 83, 1);
INSERT INTO song (song_id, album_id, name, duration_seconds, bpm, track_number) VALUES (1571, 208, 'Ok if court', 318, 142, 2);
INSERT INTO song (song_id, album_id, name, duration_seconds, bpm, track_number) VALUES (1572, 208, 'Own', 414, 99, 3);
INSERT INTO song (song_id, album_id, name, duration_seconds, bpm, track_number) VALUES (1573, 208, 'Mouth past floor', 279, 114, 4);
INSERT INTO song (song_id, album_id, name, duration_seconds, bpm, track_number) VALUES (1574, 208, 'Media too public paper', 306, 152, 5);
INSERT INTO album (album_id, artist_id, title, release_year, created_at) VALUES (209, 115, 'Visionary zero-defect throughput', 2002, NOW());
INSERT INTO song (song_id, album_id, name, duration_seconds, bpm, track_number) VALUES (1575, 209, 'Official night alone', 390, 60, 1);
INSERT INTO song (song_id, album_id, name, duration_seconds, bpm, track_number) VALUES (1576, 209, 'Have', 227, 149, 2);
INSERT INTO song (song_id, album_id, name, duration_seconds, bpm, track_number) VALUES (1577, 209, 'Ago', 192, 155, 3);
INSERT INTO song (song_id, album_id, name, duration_seconds, bpm, track_number) VALUES (1578, 209, 'Me', 283, 171, 4);
INSERT INTO song (song_id, album_id, name, duration_seconds, bpm, track_number) VALUES (1579, 209, 'Television', 193, 159, 5);
INSERT INTO song (song_id, album_id, name, duration_seconds, bpm, track_number) VALUES (1580, 209, 'Suggest left', 322, 144, 6);
INSERT INTO song (song_id, album_id, name, duration_seconds, bpm, track_number) VALUES (1581, 209, 'Per', 354, 152, 7);
INSERT INTO song (song_id, album_id, name, duration_seconds, bpm, track_number) VALUES (1582, 209, 'Individual condition', 182, 132, 8);
INSERT INTO song (song_id, album_id, name, duration_seconds, bpm, track_number) VALUES (1583, 209, 'Cover', 410, 98, 9);
INSERT INTO album (album_id, artist_id, title, release_year, created_at) VALUES (210, 115, 'Synchronized dedicated support', 2020, NOW());
INSERT INTO song (song_id, album_id, name, duration_seconds, bpm, track_number) VALUES (1584, 210, 'Student', 476, 127, 1);
INSERT INTO song (song_id, album_id, name, duration_seconds, bpm, track_number) VALUES (1585, 210, 'Miss attack sister possible', 313, 154, 2);
INSERT INTO song (song_id, album_id, name, duration_seconds, bpm, track_number) VALUES (1586, 210, 'Best', 231, 149, 3);
INSERT INTO song (song_id, album_id, name, duration_seconds, bpm, track_number) VALUES (1587, 210, 'Economic into be quality', 441, 102, 4);
INSERT INTO song (song_id, album_id, name, duration_seconds, bpm, track_number) VALUES (1588, 210, 'Floor', 464, 139, 5);
INSERT INTO album (album_id, artist_id, title, release_year, created_at) VALUES (211, 115, 'Optional multimedia Local Area Network', 1995, NOW());
INSERT INTO song (song_id, album_id, name, duration_seconds, bpm, track_number) VALUES (1589, 211, 'Amount', 382, 106, 1);
INSERT INTO song (song_id, album_id, name, duration_seconds, bpm, track_number) VALUES (1590, 211, 'Street else news', 256, 97, 2);
INSERT INTO song (song_id, album_id, name, duration_seconds, bpm, track_number) VALUES (1591, 211, 'Huge first', 470, 90, 3);
INSERT INTO song (song_id, album_id, name, duration_seconds, bpm, track_number) VALUES (1592, 211, 'Call second send environment', 165, 163, 4);
INSERT INTO song (song_id, album_id, name, duration_seconds, bpm, track_number) VALUES (1593, 211, 'Operation base write', 457, 172, 5);
INSERT INTO song (song_id, album_id, name, duration_seconds, bpm, track_number) VALUES (1594, 211, 'Buy', 263, 107, 6);
INSERT INTO song (song_id, album_id, name, duration_seconds, bpm, track_number) VALUES (1595, 211, 'Someone little', 442, 68, 7);
INSERT INTO album (album_id, artist_id, title, release_year, created_at) VALUES (212, 116, 'Advanced secondary installation', 1990, NOW());
INSERT INTO song (song_id, album_id, name, duration_seconds, bpm, track_number) VALUES (1596, 212, 'Six size society', 289, 172, 1);
INSERT INTO song (song_id, album_id, name, duration_seconds, bpm, track_number) VALUES (1597, 212, 'Then in', 175, 78, 2);
INSERT INTO song (song_id, album_id, name, duration_seconds, bpm, track_number) VALUES (1598, 212, 'Build deal', 338, 153, 3);
INSERT INTO song (song_id, album_id, name, duration_seconds, bpm, track_number) VALUES (1599, 212, 'Former', 402, 64, 4);
INSERT INTO song (song_id, album_id, name, duration_seconds, bpm, track_number) VALUES (1600, 212, 'Goal', 137, 91, 5);
INSERT INTO song (song_id, album_id, name, duration_seconds, bpm, track_number) VALUES (1601, 212, 'Such against', 161, 74, 6);
INSERT INTO song (song_id, album_id, name, duration_seconds, bpm, track_number) VALUES (1602, 212, 'Show culture', 195, 89, 7);
INSERT INTO album (album_id, artist_id, title, release_year, created_at) VALUES (213, 116, 'Horizontal scalable productivity', 2010, NOW());
INSERT INTO song (song_id, album_id, name, duration_seconds, bpm, track_number) VALUES (1603, 213, 'Week ability keep', 257, 102, 1);
INSERT INTO song (song_id, album_id, name, duration_seconds, bpm, track_number) VALUES (1604, 213, 'Course soldier', 395, 95, 2);
INSERT INTO song (song_id, album_id, name, duration_seconds, bpm, track_number) VALUES (1605, 213, 'Support above where yourself', 377, 137, 3);
INSERT INTO song (song_id, album_id, name, duration_seconds, bpm, track_number) VALUES (1606, 213, 'A', 428, 73, 4);
INSERT INTO song (song_id, album_id, name, duration_seconds, bpm, track_number) VALUES (1607, 213, 'National on', 224, 113, 5);
INSERT INTO album (album_id, artist_id, title, release_year, created_at) VALUES (214, 117, 'Cross-group incremental conglomeration', 2026, NOW());
INSERT INTO song (song_id, album_id, name, duration_seconds, bpm, track_number) VALUES (1608, 214, 'Break', 358, 170, 1);
INSERT INTO song (song_id, album_id, name, duration_seconds, bpm, track_number) VALUES (1609, 214, 'Tree', 155, 117, 2);
INSERT INTO song (song_id, album_id, name, duration_seconds, bpm, track_number) VALUES (1610, 214, 'Lay such', 280, 67, 3);
INSERT INTO song (song_id, album_id, name, duration_seconds, bpm, track_number) VALUES (1611, 214, 'Reason school local land', 194, 169, 4);
INSERT INTO song (song_id, album_id, name, duration_seconds, bpm, track_number) VALUES (1612, 214, 'Maintain do', 121, 147, 5);
INSERT INTO song (song_id, album_id, name, duration_seconds, bpm, track_number) VALUES (1613, 214, 'True agency age', 437, 159, 6);
INSERT INTO song (song_id, album_id, name, duration_seconds, bpm, track_number) VALUES (1614, 214, 'Away rate occur nor', 141, 110, 7);
INSERT INTO song (song_id, album_id, name, duration_seconds, bpm, track_number) VALUES (1615, 214, 'Seek operation role home television', 161, 129, 8);
INSERT INTO song (song_id, album_id, name, duration_seconds, bpm, track_number) VALUES (1616, 214, 'Fill', 291, 86, 9);
INSERT INTO album (album_id, artist_id, title, release_year, created_at) VALUES (215, 117, 'Configurable secondary customer loyalty', 1997, NOW());
INSERT INTO song (song_id, album_id, name, duration_seconds, bpm, track_number) VALUES (1617, 215, 'Big upon', 222, 131, 1);
INSERT INTO song (song_id, album_id, name, duration_seconds, bpm, track_number) VALUES (1618, 215, 'Toward', 350, 123, 2);
INSERT INTO song (song_id, album_id, name, duration_seconds, bpm, track_number) VALUES (1619, 215, 'Include', 354, 96, 3);
INSERT INTO song (song_id, album_id, name, duration_seconds, bpm, track_number) VALUES (1620, 215, 'Report', 414, 173, 4);
INSERT INTO song (song_id, album_id, name, duration_seconds, bpm, track_number) VALUES (1621, 215, 'Action past sort', 178, 170, 5);
INSERT INTO song (song_id, album_id, name, duration_seconds, bpm, track_number) VALUES (1622, 215, 'Catch', 360, 81, 6);
INSERT INTO song (song_id, album_id, name, duration_seconds, bpm, track_number) VALUES (1623, 215, 'Approach', 376, 93, 7);
INSERT INTO album (album_id, artist_id, title, release_year, created_at) VALUES (216, 118, 'Phased intangible function', 2013, NOW());
INSERT INTO song (song_id, album_id, name, duration_seconds, bpm, track_number) VALUES (1624, 216, 'Story close lot', 264, 152, 1);
INSERT INTO song (song_id, album_id, name, duration_seconds, bpm, track_number) VALUES (1625, 216, 'Very pressure machine', 413, 88, 2);
INSERT INTO song (song_id, album_id, name, duration_seconds, bpm, track_number) VALUES (1626, 216, 'Position kid', 392, 71, 3);
INSERT INTO song (song_id, album_id, name, duration_seconds, bpm, track_number) VALUES (1627, 216, 'Old note', 166, 75, 4);
INSERT INTO song (song_id, album_id, name, duration_seconds, bpm, track_number) VALUES (1628, 216, 'Key prevent', 365, 69, 5);
INSERT INTO song (song_id, album_id, name, duration_seconds, bpm, track_number) VALUES (1629, 216, 'Conference according', 288, 90, 6);
INSERT INTO song (song_id, album_id, name, duration_seconds, bpm, track_number) VALUES (1630, 216, 'Explain', 207, 81, 7);
INSERT INTO song (song_id, album_id, name, duration_seconds, bpm, track_number) VALUES (1631, 216, 'Choice watch', 417, 133, 8);
INSERT INTO song (song_id, album_id, name, duration_seconds, bpm, track_number) VALUES (1632, 216, 'Message', 170, 153, 9);
INSERT INTO album (album_id, artist_id, title, release_year, created_at) VALUES (217, 118, 'Assimilated tertiary infrastructure', 1988, NOW());
INSERT INTO song (song_id, album_id, name, duration_seconds, bpm, track_number) VALUES (1633, 217, 'Always under', 370, 153, 1);
INSERT INTO song (song_id, album_id, name, duration_seconds, bpm, track_number) VALUES (1634, 217, 'Stop however', 311, 172, 2);
INSERT INTO song (song_id, album_id, name, duration_seconds, bpm, track_number) VALUES (1635, 217, 'Whether yard', 212, 152, 3);
INSERT INTO song (song_id, album_id, name, duration_seconds, bpm, track_number) VALUES (1636, 217, 'Expert', 452, 61, 4);
INSERT INTO song (song_id, album_id, name, duration_seconds, bpm, track_number) VALUES (1637, 217, 'Identify edge worker base', 160, 153, 5);
INSERT INTO song (song_id, album_id, name, duration_seconds, bpm, track_number) VALUES (1638, 217, 'Figure', 244, 77, 6);
INSERT INTO song (song_id, album_id, name, duration_seconds, bpm, track_number) VALUES (1639, 217, 'Data just', 246, 150, 7);
INSERT INTO song (song_id, album_id, name, duration_seconds, bpm, track_number) VALUES (1640, 217, 'Step single song might', 136, 101, 8);
INSERT INTO song (song_id, album_id, name, duration_seconds, bpm, track_number) VALUES (1641, 217, 'Upon sure season', 381, 136, 9);
INSERT INTO album (album_id, artist_id, title, release_year, created_at) VALUES (218, 118, 'Optimized reciprocal encoding', 2004, NOW());
INSERT INTO song (song_id, album_id, name, duration_seconds, bpm, track_number) VALUES (1642, 218, 'Stuff', 195, 70, 1);
INSERT INTO song (song_id, album_id, name, duration_seconds, bpm, track_number) VALUES (1643, 218, 'Scene science speak', 277, 173, 2);
INSERT INTO song (song_id, album_id, name, duration_seconds, bpm, track_number) VALUES (1644, 218, 'Onto trade', 129, 84, 3);
INSERT INTO song (song_id, album_id, name, duration_seconds, bpm, track_number) VALUES (1645, 218, 'Sound arm peace campaign', 395, 143, 4);
INSERT INTO song (song_id, album_id, name, duration_seconds, bpm, track_number) VALUES (1646, 218, 'Forget', 403, 142, 5);
INSERT INTO song (song_id, album_id, name, duration_seconds, bpm, track_number) VALUES (1647, 218, 'Western store', 350, 159, 6);
INSERT INTO album (album_id, artist_id, title, release_year, created_at) VALUES (219, 119, 'Automated high-level hub', 2021, NOW());
INSERT INTO song (song_id, album_id, name, duration_seconds, bpm, track_number) VALUES (1648, 219, 'Mind she similar possible choice', 204, 124, 1);
INSERT INTO song (song_id, album_id, name, duration_seconds, bpm, track_number) VALUES (1649, 219, 'Born', 476, 158, 2);
INSERT INTO song (song_id, album_id, name, duration_seconds, bpm, track_number) VALUES (1650, 219, 'Thought', 278, 73, 3);
INSERT INTO song (song_id, album_id, name, duration_seconds, bpm, track_number) VALUES (1651, 219, 'Modern yard', 129, 167, 4);
INSERT INTO song (song_id, album_id, name, duration_seconds, bpm, track_number) VALUES (1652, 219, 'Against health', 202, 91, 5);
INSERT INTO song (song_id, album_id, name, duration_seconds, bpm, track_number) VALUES (1653, 219, 'Light able town wish east', 315, 152, 6);
INSERT INTO song (song_id, album_id, name, duration_seconds, bpm, track_number) VALUES (1654, 219, 'Reveal bar', 213, 167, 7);
INSERT INTO song (song_id, album_id, name, duration_seconds, bpm, track_number) VALUES (1655, 219, 'Share image maybe moment grow', 414, 114, 8);
INSERT INTO song (song_id, album_id, name, duration_seconds, bpm, track_number) VALUES (1656, 219, 'Commercial fly', 226, 100, 9);
INSERT INTO album (album_id, artist_id, title, release_year, created_at) VALUES (220, 120, 'Triple-buffered modular Graphical User Interface', 2002, NOW());
INSERT INTO song (song_id, album_id, name, duration_seconds, bpm, track_number) VALUES (1657, 220, 'Sometimes', 211, 105, 1);
INSERT INTO song (song_id, album_id, name, duration_seconds, bpm, track_number) VALUES (1658, 220, 'Field', 136, 127, 2);
INSERT INTO song (song_id, album_id, name, duration_seconds, bpm, track_number) VALUES (1659, 220, 'Would necessary', 279, 85, 3);
INSERT INTO song (song_id, album_id, name, duration_seconds, bpm, track_number) VALUES (1660, 220, 'Baby note', 231, 157, 4);
INSERT INTO song (song_id, album_id, name, duration_seconds, bpm, track_number) VALUES (1661, 220, 'Of decide picture', 368, 103, 5);
INSERT INTO song (song_id, album_id, name, duration_seconds, bpm, track_number) VALUES (1662, 220, 'American', 310, 60, 6);
INSERT INTO song (song_id, album_id, name, duration_seconds, bpm, track_number) VALUES (1663, 220, 'By', 472, 92, 7);
INSERT INTO song (song_id, album_id, name, duration_seconds, bpm, track_number) VALUES (1664, 220, 'Music remember expect article', 162, 169, 8);
INSERT INTO song (song_id, album_id, name, duration_seconds, bpm, track_number) VALUES (1665, 220, 'Form term', 370, 161, 9);
INSERT INTO album (album_id, artist_id, title, release_year, created_at) VALUES (221, 120, 'Innovative zero tolerance projection', 1998, NOW());
INSERT INTO song (song_id, album_id, name, duration_seconds, bpm, track_number) VALUES (1666, 221, 'Ball environmental', 165, 126, 1);
INSERT INTO song (song_id, album_id, name, duration_seconds, bpm, track_number) VALUES (1667, 221, 'Sign rest', 458, 153, 2);
INSERT INTO song (song_id, album_id, name, duration_seconds, bpm, track_number) VALUES (1668, 221, 'Size us', 475, 77, 3);
INSERT INTO song (song_id, album_id, name, duration_seconds, bpm, track_number) VALUES (1669, 221, 'Certain', 318, 158, 4);
INSERT INTO song (song_id, album_id, name, duration_seconds, bpm, track_number) VALUES (1670, 221, 'Material up', 264, 93, 5);
INSERT INTO song (song_id, album_id, name, duration_seconds, bpm, track_number) VALUES (1671, 221, 'Development price', 277, 73, 6);
INSERT INTO song (song_id, album_id, name, duration_seconds, bpm, track_number) VALUES (1672, 221, 'Country million', 287, 75, 7);
INSERT INTO song (song_id, album_id, name, duration_seconds, bpm, track_number) VALUES (1673, 221, 'Section', 440, 160, 8);
INSERT INTO album (album_id, artist_id, title, release_year, created_at) VALUES (222, 121, 'Customer-focused stable Internet solution', 1992, NOW());
INSERT INTO song (song_id, album_id, name, duration_seconds, bpm, track_number) VALUES (1674, 222, 'Nearly crime cause think', 163, 61, 1);
INSERT INTO song (song_id, album_id, name, duration_seconds, bpm, track_number) VALUES (1675, 222, 'Beyond practice end', 450, 147, 2);
INSERT INTO song (song_id, album_id, name, duration_seconds, bpm, track_number) VALUES (1676, 222, 'Which resource thing else', 412, 81, 3);
INSERT INTO song (song_id, album_id, name, duration_seconds, bpm, track_number) VALUES (1677, 222, 'Area eye', 399, 163, 4);
INSERT INTO song (song_id, album_id, name, duration_seconds, bpm, track_number) VALUES (1678, 222, 'Sure next city', 249, 111, 5);
INSERT INTO song (song_id, album_id, name, duration_seconds, bpm, track_number) VALUES (1679, 222, 'Six', 408, 78, 6);
INSERT INTO song (song_id, album_id, name, duration_seconds, bpm, track_number) VALUES (1680, 222, 'Of', 204, 97, 7);
INSERT INTO song (song_id, album_id, name, duration_seconds, bpm, track_number) VALUES (1681, 222, 'Conference establish', 237, 139, 8);
INSERT INTO song (song_id, album_id, name, duration_seconds, bpm, track_number) VALUES (1682, 222, 'Owner', 134, 126, 9);
INSERT INTO song (song_id, album_id, name, duration_seconds, bpm, track_number) VALUES (1683, 222, 'Ever set', 273, 98, 10);
INSERT INTO album (album_id, artist_id, title, release_year, created_at) VALUES (223, 121, 'Realigned asynchronous emulation', 2024, NOW());
INSERT INTO song (song_id, album_id, name, duration_seconds, bpm, track_number) VALUES (1684, 223, 'Feeling short', 452, 125, 1);
INSERT INTO song (song_id, album_id, name, duration_seconds, bpm, track_number) VALUES (1685, 223, 'Matter', 366, 100, 2);
INSERT INTO song (song_id, album_id, name, duration_seconds, bpm, track_number) VALUES (1686, 223, 'Late if', 410, 128, 3);
INSERT INTO song (song_id, album_id, name, duration_seconds, bpm, track_number) VALUES (1687, 223, 'Million', 162, 71, 4);
INSERT INTO song (song_id, album_id, name, duration_seconds, bpm, track_number) VALUES (1688, 223, 'Style power', 405, 142, 5);
INSERT INTO song (song_id, album_id, name, duration_seconds, bpm, track_number) VALUES (1689, 223, 'Perform risk', 129, 111, 6);
INSERT INTO song (song_id, album_id, name, duration_seconds, bpm, track_number) VALUES (1690, 223, 'This', 419, 74, 7);
INSERT INTO song (song_id, album_id, name, duration_seconds, bpm, track_number) VALUES (1691, 223, 'Early', 198, 97, 8);
INSERT INTO song (song_id, album_id, name, duration_seconds, bpm, track_number) VALUES (1692, 223, 'World debate trade', 160, 140, 9);
INSERT INTO album (album_id, artist_id, title, release_year, created_at) VALUES (224, 122, 'Monitored explicit portal', 2008, NOW());
INSERT INTO song (song_id, album_id, name, duration_seconds, bpm, track_number) VALUES (1693, 224, 'Capital', 441, 63, 1);
INSERT INTO song (song_id, album_id, name, duration_seconds, bpm, track_number) VALUES (1694, 224, 'Case above strategy ground', 170, 89, 2);
INSERT INTO song (song_id, album_id, name, duration_seconds, bpm, track_number) VALUES (1695, 224, 'Bed', 429, 135, 3);
INSERT INTO song (song_id, album_id, name, duration_seconds, bpm, track_number) VALUES (1696, 224, 'Down', 383, 143, 4);
INSERT INTO song (song_id, album_id, name, duration_seconds, bpm, track_number) VALUES (1697, 224, 'Clear compare', 350, 117, 5);
INSERT INTO song (song_id, album_id, name, duration_seconds, bpm, track_number) VALUES (1698, 224, 'Responsibility', 222, 121, 6);
INSERT INTO song (song_id, album_id, name, duration_seconds, bpm, track_number) VALUES (1699, 224, 'Same', 155, 173, 7);
INSERT INTO album (album_id, artist_id, title, release_year, created_at) VALUES (225, 123, 'Quality-focused attitude-oriented projection', 1989, NOW());
INSERT INTO song (song_id, album_id, name, duration_seconds, bpm, track_number) VALUES (1700, 225, 'Significant', 386, 103, 1);
INSERT INTO song (song_id, album_id, name, duration_seconds, bpm, track_number) VALUES (1701, 225, 'Prepare physical', 230, 79, 2);
INSERT INTO song (song_id, album_id, name, duration_seconds, bpm, track_number) VALUES (1702, 225, 'Method', 151, 135, 3);
INSERT INTO song (song_id, album_id, name, duration_seconds, bpm, track_number) VALUES (1703, 225, 'News town', 189, 177, 4);
INSERT INTO song (song_id, album_id, name, duration_seconds, bpm, track_number) VALUES (1704, 225, 'Bank truth help partner', 242, 77, 5);
INSERT INTO song (song_id, album_id, name, duration_seconds, bpm, track_number) VALUES (1705, 225, 'Southern', 410, 68, 6);
INSERT INTO album (album_id, artist_id, title, release_year, created_at) VALUES (226, 123, 'Robust bifurcated middleware', 1984, NOW());
INSERT INTO song (song_id, album_id, name, duration_seconds, bpm, track_number) VALUES (1706, 226, 'Keep sign space', 194, 140, 1);
INSERT INTO song (song_id, album_id, name, duration_seconds, bpm, track_number) VALUES (1707, 226, 'Indeed until yes lot', 339, 167, 2);
INSERT INTO song (song_id, album_id, name, duration_seconds, bpm, track_number) VALUES (1708, 226, 'Though', 341, 152, 3);
INSERT INTO song (song_id, album_id, name, duration_seconds, bpm, track_number) VALUES (1709, 226, 'Industry describe individual', 128, 145, 4);
INSERT INTO song (song_id, album_id, name, duration_seconds, bpm, track_number) VALUES (1710, 226, 'Born', 267, 160, 5);
INSERT INTO song (song_id, album_id, name, duration_seconds, bpm, track_number) VALUES (1711, 226, 'More find', 223, 73, 6);
INSERT INTO song (song_id, album_id, name, duration_seconds, bpm, track_number) VALUES (1712, 226, 'May second', 142, 148, 7);
INSERT INTO album (album_id, artist_id, title, release_year, created_at) VALUES (227, 123, 'Profit-focused national adapter', 2017, NOW());
INSERT INTO song (song_id, album_id, name, duration_seconds, bpm, track_number) VALUES (1713, 227, 'Here', 285, 93, 1);
INSERT INTO song (song_id, album_id, name, duration_seconds, bpm, track_number) VALUES (1714, 227, 'Another relationship maybe which', 120, 84, 2);
INSERT INTO song (song_id, album_id, name, duration_seconds, bpm, track_number) VALUES (1715, 227, 'Opportunity key', 346, 153, 3);
INSERT INTO song (song_id, album_id, name, duration_seconds, bpm, track_number) VALUES (1716, 227, 'Her', 271, 96, 4);
INSERT INTO song (song_id, album_id, name, duration_seconds, bpm, track_number) VALUES (1717, 227, 'Other', 460, 154, 5);
INSERT INTO song (song_id, album_id, name, duration_seconds, bpm, track_number) VALUES (1718, 227, 'Interest to why', 352, 157, 6);
INSERT INTO song (song_id, album_id, name, duration_seconds, bpm, track_number) VALUES (1719, 227, 'Happen reason', 452, 84, 7);
INSERT INTO album (album_id, artist_id, title, release_year, created_at) VALUES (228, 124, 'Networked mission-critical help-desk', 1973, NOW());
INSERT INTO song (song_id, album_id, name, duration_seconds, bpm, track_number) VALUES (1720, 228, 'Chair', 263, 75, 1);
INSERT INTO song (song_id, album_id, name, duration_seconds, bpm, track_number) VALUES (1721, 228, 'Outside', 444, 62, 2);
INSERT INTO song (song_id, album_id, name, duration_seconds, bpm, track_number) VALUES (1722, 228, 'Section party environmental', 356, 165, 3);
INSERT INTO song (song_id, album_id, name, duration_seconds, bpm, track_number) VALUES (1723, 228, 'Beautiful per', 237, 95, 4);
INSERT INTO song (song_id, album_id, name, duration_seconds, bpm, track_number) VALUES (1724, 228, 'Defense list party', 186, 97, 5);
INSERT INTO song (song_id, album_id, name, duration_seconds, bpm, track_number) VALUES (1725, 228, 'Election middle become', 275, 132, 6);
INSERT INTO song (song_id, album_id, name, duration_seconds, bpm, track_number) VALUES (1726, 228, 'Foot year when', 258, 129, 7);
INSERT INTO album (album_id, artist_id, title, release_year, created_at) VALUES (229, 125, 'Mandatory asynchronous application', 1996, NOW());
INSERT INTO song (song_id, album_id, name, duration_seconds, bpm, track_number) VALUES (1727, 229, 'Building', 450, 95, 1);
INSERT INTO song (song_id, album_id, name, duration_seconds, bpm, track_number) VALUES (1728, 229, 'Marriage always arm wonder', 228, 159, 2);
INSERT INTO song (song_id, album_id, name, duration_seconds, bpm, track_number) VALUES (1729, 229, 'Finally', 453, 101, 3);
INSERT INTO song (song_id, album_id, name, duration_seconds, bpm, track_number) VALUES (1730, 229, 'Sport', 228, 160, 4);
INSERT INTO song (song_id, album_id, name, duration_seconds, bpm, track_number) VALUES (1731, 229, 'Just challenge great produce', 401, 165, 5);
INSERT INTO song (song_id, album_id, name, duration_seconds, bpm, track_number) VALUES (1732, 229, 'South past option', 464, 76, 6);
INSERT INTO song (song_id, album_id, name, duration_seconds, bpm, track_number) VALUES (1733, 229, 'Explain budget evidence', 302, 138, 7);
INSERT INTO song (song_id, album_id, name, duration_seconds, bpm, track_number) VALUES (1734, 229, 'Land action necessary', 230, 147, 8);
INSERT INTO song (song_id, album_id, name, duration_seconds, bpm, track_number) VALUES (1735, 229, 'Method rule', 301, 109, 9);
INSERT INTO album (album_id, artist_id, title, release_year, created_at) VALUES (230, 125, 'Pre-emptive systemic structure', 2023, NOW());
INSERT INTO song (song_id, album_id, name, duration_seconds, bpm, track_number) VALUES (1736, 230, 'Region', 189, 75, 1);
INSERT INTO song (song_id, album_id, name, duration_seconds, bpm, track_number) VALUES (1737, 230, 'Billion woman', 462, 76, 2);
INSERT INTO song (song_id, album_id, name, duration_seconds, bpm, track_number) VALUES (1738, 230, 'Relationship ball sit official', 434, 140, 3);
INSERT INTO song (song_id, album_id, name, duration_seconds, bpm, track_number) VALUES (1739, 230, 'Change billion', 439, 140, 4);
INSERT INTO song (song_id, album_id, name, duration_seconds, bpm, track_number) VALUES (1740, 230, 'Lot husband recently main', 285, 123, 5);
INSERT INTO song (song_id, album_id, name, duration_seconds, bpm, track_number) VALUES (1741, 230, 'Head agent', 356, 82, 6);
INSERT INTO song (song_id, album_id, name, duration_seconds, bpm, track_number) VALUES (1742, 230, 'Collection structure', 370, 133, 7);
INSERT INTO song (song_id, album_id, name, duration_seconds, bpm, track_number) VALUES (1743, 230, 'Run piece why', 368, 95, 8);
INSERT INTO song (song_id, album_id, name, duration_seconds, bpm, track_number) VALUES (1744, 230, 'Career agent already', 315, 128, 9);
INSERT INTO song (song_id, album_id, name, duration_seconds, bpm, track_number) VALUES (1745, 230, 'Soon site value', 379, 135, 10);
INSERT INTO album (album_id, artist_id, title, release_year, created_at) VALUES (231, 125, 'Devolved object-oriented installation', 1985, NOW());
INSERT INTO song (song_id, album_id, name, duration_seconds, bpm, track_number) VALUES (1746, 231, 'Cause', 187, 150, 1);
INSERT INTO song (song_id, album_id, name, duration_seconds, bpm, track_number) VALUES (1747, 231, 'Our role view piece represent', 339, 126, 2);
INSERT INTO song (song_id, album_id, name, duration_seconds, bpm, track_number) VALUES (1748, 231, 'Let past', 274, 161, 3);
INSERT INTO song (song_id, album_id, name, duration_seconds, bpm, track_number) VALUES (1749, 231, 'Picture', 297, 140, 4);
INSERT INTO song (song_id, album_id, name, duration_seconds, bpm, track_number) VALUES (1750, 231, 'Teacher in thus', 427, 78, 5);
INSERT INTO song (song_id, album_id, name, duration_seconds, bpm, track_number) VALUES (1751, 231, 'Any wish many leave enter', 435, 69, 6);
INSERT INTO album (album_id, artist_id, title, release_year, created_at) VALUES (232, 126, 'Universal high-level firmware', 2004, NOW());
INSERT INTO song (song_id, album_id, name, duration_seconds, bpm, track_number) VALUES (1752, 232, 'Never beat', 291, 175, 1);
INSERT INTO song (song_id, album_id, name, duration_seconds, bpm, track_number) VALUES (1753, 232, 'East', 344, 124, 2);
INSERT INTO song (song_id, album_id, name, duration_seconds, bpm, track_number) VALUES (1754, 232, 'Newspaper', 473, 94, 3);
INSERT INTO song (song_id, album_id, name, duration_seconds, bpm, track_number) VALUES (1755, 232, 'Defense', 305, 123, 4);
INSERT INTO song (song_id, album_id, name, duration_seconds, bpm, track_number) VALUES (1756, 232, 'Up idea', 344, 84, 5);
INSERT INTO song (song_id, album_id, name, duration_seconds, bpm, track_number) VALUES (1757, 232, 'Avoid', 211, 121, 6);
INSERT INTO song (song_id, album_id, name, duration_seconds, bpm, track_number) VALUES (1758, 232, 'Step must floor', 198, 163, 7);
INSERT INTO album (album_id, artist_id, title, release_year, created_at) VALUES (233, 126, 'Synergistic impactful complexity', 1987, NOW());
INSERT INTO song (song_id, album_id, name, duration_seconds, bpm, track_number) VALUES (1759, 233, 'Nature', 386, 74, 1);
INSERT INTO song (song_id, album_id, name, duration_seconds, bpm, track_number) VALUES (1760, 233, 'Sort need quickly from', 359, 117, 2);
INSERT INTO song (song_id, album_id, name, duration_seconds, bpm, track_number) VALUES (1761, 233, 'Prevent threat', 254, 167, 3);
INSERT INTO song (song_id, album_id, name, duration_seconds, bpm, track_number) VALUES (1762, 233, 'Decade boy', 335, 76, 4);
INSERT INTO song (song_id, album_id, name, duration_seconds, bpm, track_number) VALUES (1763, 233, 'Save road often', 158, 63, 5);
INSERT INTO album (album_id, artist_id, title, release_year, created_at) VALUES (234, 126, 'Assimilated cohesive knowledgebase', 1997, NOW());
INSERT INTO song (song_id, album_id, name, duration_seconds, bpm, track_number) VALUES (1764, 234, 'Put', 465, 117, 1);
INSERT INTO song (song_id, album_id, name, duration_seconds, bpm, track_number) VALUES (1765, 234, 'On until everything', 168, 164, 2);
INSERT INTO song (song_id, album_id, name, duration_seconds, bpm, track_number) VALUES (1766, 234, 'Traditional', 396, 149, 3);
INSERT INTO song (song_id, album_id, name, duration_seconds, bpm, track_number) VALUES (1767, 234, 'Because sometimes voice forward', 287, 108, 4);
INSERT INTO song (song_id, album_id, name, duration_seconds, bpm, track_number) VALUES (1768, 234, 'Finish hold present', 270, 151, 5);
INSERT INTO song (song_id, album_id, name, duration_seconds, bpm, track_number) VALUES (1769, 234, 'One argue', 218, 108, 6);
INSERT INTO song (song_id, album_id, name, duration_seconds, bpm, track_number) VALUES (1770, 234, 'Write concern no interesting then', 435, 164, 7);
INSERT INTO song (song_id, album_id, name, duration_seconds, bpm, track_number) VALUES (1771, 234, 'Know far', 221, 78, 8);
INSERT INTO album (album_id, artist_id, title, release_year, created_at) VALUES (235, 127, 'Synchronized foreground frame', 2009, NOW());
INSERT INTO song (song_id, album_id, name, duration_seconds, bpm, track_number) VALUES (1772, 235, 'Coach show', 293, 137, 1);
INSERT INTO song (song_id, album_id, name, duration_seconds, bpm, track_number) VALUES (1773, 235, 'Audience professional generation church', 356, 169, 2);
INSERT INTO song (song_id, album_id, name, duration_seconds, bpm, track_number) VALUES (1774, 235, 'International nor short', 150, 141, 3);
INSERT INTO song (song_id, album_id, name, duration_seconds, bpm, track_number) VALUES (1775, 235, 'Garden', 258, 112, 4);
INSERT INTO song (song_id, album_id, name, duration_seconds, bpm, track_number) VALUES (1776, 235, 'Food', 286, 92, 5);
INSERT INTO song (song_id, album_id, name, duration_seconds, bpm, track_number) VALUES (1777, 235, 'Money free', 326, 148, 6);
INSERT INTO song (song_id, album_id, name, duration_seconds, bpm, track_number) VALUES (1778, 235, 'Manager', 442, 63, 7);
INSERT INTO song (song_id, album_id, name, duration_seconds, bpm, track_number) VALUES (1779, 235, 'Including raise interview', 166, 116, 8);
INSERT INTO song (song_id, album_id, name, duration_seconds, bpm, track_number) VALUES (1780, 235, 'Home charge', 154, 168, 9);
INSERT INTO album (album_id, artist_id, title, release_year, created_at) VALUES (236, 127, 'Intuitive cohesive methodology', 2000, NOW());
INSERT INTO song (song_id, album_id, name, duration_seconds, bpm, track_number) VALUES (1781, 236, 'Interview', 125, 81, 1);
INSERT INTO song (song_id, album_id, name, duration_seconds, bpm, track_number) VALUES (1782, 236, 'Station', 163, 92, 2);
INSERT INTO song (song_id, album_id, name, duration_seconds, bpm, track_number) VALUES (1783, 236, 'Condition should somebody inside', 375, 93, 3);
INSERT INTO song (song_id, album_id, name, duration_seconds, bpm, track_number) VALUES (1784, 236, 'Those', 159, 152, 4);
INSERT INTO song (song_id, album_id, name, duration_seconds, bpm, track_number) VALUES (1785, 236, 'Management both', 474, 99, 5);
INSERT INTO song (song_id, album_id, name, duration_seconds, bpm, track_number) VALUES (1786, 236, 'Respond modern order', 202, 101, 6);
INSERT INTO song (song_id, album_id, name, duration_seconds, bpm, track_number) VALUES (1787, 236, 'Third believe', 184, 75, 7);
INSERT INTO song (song_id, album_id, name, duration_seconds, bpm, track_number) VALUES (1788, 236, 'Couple so', 306, 164, 8);
INSERT INTO song (song_id, album_id, name, duration_seconds, bpm, track_number) VALUES (1789, 236, 'Set', 431, 84, 9);
INSERT INTO song (song_id, album_id, name, duration_seconds, bpm, track_number) VALUES (1790, 236, 'View', 268, 149, 10);
INSERT INTO album (album_id, artist_id, title, release_year, created_at) VALUES (237, 127, 'Future-proofed web-enabled secured line', 2009, NOW());
INSERT INTO song (song_id, album_id, name, duration_seconds, bpm, track_number) VALUES (1791, 237, 'Discuss', 203, 178, 1);
INSERT INTO song (song_id, album_id, name, duration_seconds, bpm, track_number) VALUES (1792, 237, 'Career', 373, 136, 2);
INSERT INTO song (song_id, album_id, name, duration_seconds, bpm, track_number) VALUES (1793, 237, 'Child place', 123, 127, 3);
INSERT INTO song (song_id, album_id, name, duration_seconds, bpm, track_number) VALUES (1794, 237, 'Purpose', 399, 139, 4);
INSERT INTO song (song_id, album_id, name, duration_seconds, bpm, track_number) VALUES (1795, 237, 'After', 359, 98, 5);
INSERT INTO song (song_id, album_id, name, duration_seconds, bpm, track_number) VALUES (1796, 237, 'Front region first trouble', 363, 117, 6);
INSERT INTO song (song_id, album_id, name, duration_seconds, bpm, track_number) VALUES (1797, 237, 'Memory box spend page', 310, 179, 7);
INSERT INTO song (song_id, album_id, name, duration_seconds, bpm, track_number) VALUES (1798, 237, 'Amount discuss', 234, 125, 8);
INSERT INTO album (album_id, artist_id, title, release_year, created_at) VALUES (238, 128, 'Innovative static concept', 2018, NOW());
INSERT INTO song (song_id, album_id, name, duration_seconds, bpm, track_number) VALUES (1799, 238, 'Born wide without', 328, 173, 1);
INSERT INTO song (song_id, album_id, name, duration_seconds, bpm, track_number) VALUES (1800, 238, 'Wonder', 407, 171, 2);
INSERT INTO song (song_id, album_id, name, duration_seconds, bpm, track_number) VALUES (1801, 238, 'Wait out', 237, 123, 3);
INSERT INTO song (song_id, album_id, name, duration_seconds, bpm, track_number) VALUES (1802, 238, 'Crime key', 189, 177, 4);
INSERT INTO song (song_id, album_id, name, duration_seconds, bpm, track_number) VALUES (1803, 238, 'Least guess write', 256, 133, 5);
INSERT INTO song (song_id, album_id, name, duration_seconds, bpm, track_number) VALUES (1804, 238, 'Between no', 447, 136, 6);
INSERT INTO song (song_id, album_id, name, duration_seconds, bpm, track_number) VALUES (1805, 238, 'Third in', 137, 173, 7);
INSERT INTO song (song_id, album_id, name, duration_seconds, bpm, track_number) VALUES (1806, 238, 'Better', 126, 84, 8);
INSERT INTO song (song_id, album_id, name, duration_seconds, bpm, track_number) VALUES (1807, 238, 'Can', 394, 124, 9);
INSERT INTO album (album_id, artist_id, title, release_year, created_at) VALUES (239, 129, 'Customizable clear-thinking encryption', 2006, NOW());
INSERT INTO song (song_id, album_id, name, duration_seconds, bpm, track_number) VALUES (1808, 239, 'Be building difficult best sister', 189, 84, 1);
INSERT INTO song (song_id, album_id, name, duration_seconds, bpm, track_number) VALUES (1809, 239, 'Make difference', 156, 138, 2);
INSERT INTO song (song_id, album_id, name, duration_seconds, bpm, track_number) VALUES (1810, 239, 'I development', 383, 78, 3);
INSERT INTO song (song_id, album_id, name, duration_seconds, bpm, track_number) VALUES (1811, 239, 'Thus writer issue', 399, 113, 4);
INSERT INTO song (song_id, album_id, name, duration_seconds, bpm, track_number) VALUES (1812, 239, 'Account', 455, 174, 5);
INSERT INTO song (song_id, album_id, name, duration_seconds, bpm, track_number) VALUES (1813, 239, 'Bad', 450, 122, 6);
INSERT INTO song (song_id, album_id, name, duration_seconds, bpm, track_number) VALUES (1814, 239, 'Morning push whole consider yourself', 460, 61, 7);
INSERT INTO album (album_id, artist_id, title, release_year, created_at) VALUES (240, 129, 'Grass-roots eco-centric collaboration', 2017, NOW());
INSERT INTO song (song_id, album_id, name, duration_seconds, bpm, track_number) VALUES (1815, 240, 'Next happen', 384, 113, 1);
INSERT INTO song (song_id, album_id, name, duration_seconds, bpm, track_number) VALUES (1816, 240, 'Before word seek we', 234, 172, 2);
INSERT INTO song (song_id, album_id, name, duration_seconds, bpm, track_number) VALUES (1817, 240, 'Light them', 322, 132, 3);
INSERT INTO song (song_id, album_id, name, duration_seconds, bpm, track_number) VALUES (1818, 240, 'Piece director great', 447, 136, 4);
INSERT INTO song (song_id, album_id, name, duration_seconds, bpm, track_number) VALUES (1819, 240, 'Two', 413, 61, 5);
INSERT INTO song (song_id, album_id, name, duration_seconds, bpm, track_number) VALUES (1820, 240, 'Particular structure', 311, 110, 6);
INSERT INTO song (song_id, album_id, name, duration_seconds, bpm, track_number) VALUES (1821, 240, 'Family', 446, 165, 7);
INSERT INTO song (song_id, album_id, name, duration_seconds, bpm, track_number) VALUES (1822, 240, 'Represent', 251, 143, 8);
INSERT INTO song (song_id, album_id, name, duration_seconds, bpm, track_number) VALUES (1823, 240, 'Often draw', 267, 82, 9);
INSERT INTO album (album_id, artist_id, title, release_year, created_at) VALUES (241, 129, 'Distributed intangible neural-net', 2014, NOW());
INSERT INTO song (song_id, album_id, name, duration_seconds, bpm, track_number) VALUES (1824, 241, 'Particularly camera', 457, 62, 1);
INSERT INTO song (song_id, album_id, name, duration_seconds, bpm, track_number) VALUES (1825, 241, 'Gas', 382, 119, 2);
INSERT INTO song (song_id, album_id, name, duration_seconds, bpm, track_number) VALUES (1826, 241, 'Process', 416, 62, 3);
INSERT INTO song (song_id, album_id, name, duration_seconds, bpm, track_number) VALUES (1827, 241, 'Mean stand', 418, 67, 4);
INSERT INTO song (song_id, album_id, name, duration_seconds, bpm, track_number) VALUES (1828, 241, 'Per chance', 200, 129, 5);
INSERT INTO album (album_id, artist_id, title, release_year, created_at) VALUES (242, 130, 'Re-contextualized 24/7 methodology', 2011, NOW());
INSERT INTO song (song_id, album_id, name, duration_seconds, bpm, track_number) VALUES (1829, 242, 'Body mother', 287, 113, 1);
INSERT INTO song (song_id, album_id, name, duration_seconds, bpm, track_number) VALUES (1830, 242, 'Better', 176, 96, 2);
INSERT INTO song (song_id, album_id, name, duration_seconds, bpm, track_number) VALUES (1831, 242, 'Against hand reach get', 309, 174, 3);
INSERT INTO song (song_id, album_id, name, duration_seconds, bpm, track_number) VALUES (1832, 242, 'Ten', 293, 148, 4);
INSERT INTO song (song_id, album_id, name, duration_seconds, bpm, track_number) VALUES (1833, 242, 'Season', 287, 161, 5);
INSERT INTO song (song_id, album_id, name, duration_seconds, bpm, track_number) VALUES (1834, 242, 'Himself food phone', 413, 77, 6);
INSERT INTO song (song_id, album_id, name, duration_seconds, bpm, track_number) VALUES (1835, 242, 'Discover loss', 369, 61, 7);
INSERT INTO song (song_id, album_id, name, duration_seconds, bpm, track_number) VALUES (1836, 242, 'Morning', 377, 73, 8);
INSERT INTO song (song_id, album_id, name, duration_seconds, bpm, track_number) VALUES (1837, 242, 'Candidate scene history', 317, 97, 9);
INSERT INTO album (album_id, artist_id, title, release_year, created_at) VALUES (243, 130, 'Persevering holistic data-warehouse', 2015, NOW());
INSERT INTO song (song_id, album_id, name, duration_seconds, bpm, track_number) VALUES (1838, 243, 'Girl decide must', 357, 164, 1);
INSERT INTO song (song_id, album_id, name, duration_seconds, bpm, track_number) VALUES (1839, 243, 'Our', 421, 131, 2);
INSERT INTO song (song_id, album_id, name, duration_seconds, bpm, track_number) VALUES (1840, 243, 'Wall according wind while', 208, 102, 3);
INSERT INTO song (song_id, album_id, name, duration_seconds, bpm, track_number) VALUES (1841, 243, 'Study many happen', 256, 146, 4);
INSERT INTO song (song_id, album_id, name, duration_seconds, bpm, track_number) VALUES (1842, 243, 'Range whatever', 241, 114, 5);
INSERT INTO song (song_id, album_id, name, duration_seconds, bpm, track_number) VALUES (1843, 243, 'Such number because', 327, 116, 6);
INSERT INTO song (song_id, album_id, name, duration_seconds, bpm, track_number) VALUES (1844, 243, 'Strong financial behind', 199, 157, 7);
INSERT INTO song (song_id, album_id, name, duration_seconds, bpm, track_number) VALUES (1845, 243, 'Miss', 243, 159, 8);
INSERT INTO album (album_id, artist_id, title, release_year, created_at) VALUES (244, 131, 'Compatible zero-defect implementation', 1995, NOW());
INSERT INTO song (song_id, album_id, name, duration_seconds, bpm, track_number) VALUES (1846, 244, 'Training possible federal yes', 291, 80, 1);
INSERT INTO song (song_id, album_id, name, duration_seconds, bpm, track_number) VALUES (1847, 244, 'Simply', 420, 121, 2);
INSERT INTO song (song_id, album_id, name, duration_seconds, bpm, track_number) VALUES (1848, 244, 'Memory', 313, 177, 3);
INSERT INTO song (song_id, album_id, name, duration_seconds, bpm, track_number) VALUES (1849, 244, 'Probably shake decide', 326, 159, 4);
INSERT INTO song (song_id, album_id, name, duration_seconds, bpm, track_number) VALUES (1850, 244, 'We', 368, 107, 5);
INSERT INTO song (song_id, album_id, name, duration_seconds, bpm, track_number) VALUES (1851, 244, 'Ability', 361, 86, 6);
INSERT INTO song (song_id, album_id, name, duration_seconds, bpm, track_number) VALUES (1852, 244, 'Black you', 150, 63, 7);
INSERT INTO album (album_id, artist_id, title, release_year, created_at) VALUES (245, 131, 'Automated discrete interface', 1970, NOW());
INSERT INTO song (song_id, album_id, name, duration_seconds, bpm, track_number) VALUES (1853, 245, 'Interest', 372, 148, 1);
INSERT INTO song (song_id, album_id, name, duration_seconds, bpm, track_number) VALUES (1854, 245, 'Meeting majority', 312, 70, 2);
INSERT INTO song (song_id, album_id, name, duration_seconds, bpm, track_number) VALUES (1855, 245, 'Democrat pay', 375, 89, 3);
INSERT INTO song (song_id, album_id, name, duration_seconds, bpm, track_number) VALUES (1856, 245, 'Fill lot free there', 426, 129, 4);
INSERT INTO song (song_id, album_id, name, duration_seconds, bpm, track_number) VALUES (1857, 245, 'Pull option', 461, 93, 5);
INSERT INTO album (album_id, artist_id, title, release_year, created_at) VALUES (246, 131, 'Open-source 6thgeneration access', 2008, NOW());
INSERT INTO song (song_id, album_id, name, duration_seconds, bpm, track_number) VALUES (1858, 246, 'Hand reason', 409, 104, 1);
INSERT INTO song (song_id, album_id, name, duration_seconds, bpm, track_number) VALUES (1859, 246, 'A hundred', 402, 159, 2);
INSERT INTO song (song_id, album_id, name, duration_seconds, bpm, track_number) VALUES (1860, 246, 'My', 123, 132, 3);
INSERT INTO song (song_id, album_id, name, duration_seconds, bpm, track_number) VALUES (1861, 246, 'Bit Congress', 250, 143, 4);
INSERT INTO song (song_id, album_id, name, duration_seconds, bpm, track_number) VALUES (1862, 246, 'Entire prevent answer', 158, 165, 5);
INSERT INTO song (song_id, album_id, name, duration_seconds, bpm, track_number) VALUES (1863, 246, 'Leave where', 398, 166, 6);
INSERT INTO album (album_id, artist_id, title, release_year, created_at) VALUES (247, 132, 'Down-sized background flexibility', 2012, NOW());
INSERT INTO song (song_id, album_id, name, duration_seconds, bpm, track_number) VALUES (1864, 247, 'Option nearly', 267, 74, 1);
INSERT INTO song (song_id, album_id, name, duration_seconds, bpm, track_number) VALUES (1865, 247, 'Consider', 167, 148, 2);
INSERT INTO song (song_id, album_id, name, duration_seconds, bpm, track_number) VALUES (1866, 247, 'Radio huge', 183, 110, 3);
INSERT INTO song (song_id, album_id, name, duration_seconds, bpm, track_number) VALUES (1867, 247, 'Life', 477, 176, 4);
INSERT INTO song (song_id, album_id, name, duration_seconds, bpm, track_number) VALUES (1868, 247, 'Decision within race', 326, 180, 5);
INSERT INTO song (song_id, album_id, name, duration_seconds, bpm, track_number) VALUES (1869, 247, 'Rock blood', 310, 128, 6);
INSERT INTO song (song_id, album_id, name, duration_seconds, bpm, track_number) VALUES (1870, 247, 'Trip might', 358, 176, 7);
INSERT INTO song (song_id, album_id, name, duration_seconds, bpm, track_number) VALUES (1871, 247, 'Turn', 305, 74, 8);
INSERT INTO album (album_id, artist_id, title, release_year, created_at) VALUES (248, 132, 'Automated actuating alliance', 1970, NOW());
INSERT INTO song (song_id, album_id, name, duration_seconds, bpm, track_number) VALUES (1872, 248, 'Top responsibility', 449, 70, 1);
INSERT INTO song (song_id, album_id, name, duration_seconds, bpm, track_number) VALUES (1873, 248, 'Others', 368, 112, 2);
INSERT INTO song (song_id, album_id, name, duration_seconds, bpm, track_number) VALUES (1874, 248, 'When whether my', 477, 138, 3);
INSERT INTO song (song_id, album_id, name, duration_seconds, bpm, track_number) VALUES (1875, 248, 'Never piece country', 264, 102, 4);
INSERT INTO song (song_id, album_id, name, duration_seconds, bpm, track_number) VALUES (1876, 248, 'Player down any interesting mind', 419, 177, 5);
INSERT INTO song (song_id, album_id, name, duration_seconds, bpm, track_number) VALUES (1877, 248, 'As', 453, 94, 6);
INSERT INTO song (song_id, album_id, name, duration_seconds, bpm, track_number) VALUES (1878, 248, 'Dog company add', 416, 73, 7);
INSERT INTO song (song_id, album_id, name, duration_seconds, bpm, track_number) VALUES (1879, 248, 'Reduce there else parent involve', 288, 151, 8);
INSERT INTO song (song_id, album_id, name, duration_seconds, bpm, track_number) VALUES (1880, 248, 'Yet take', 392, 117, 9);
INSERT INTO album (album_id, artist_id, title, release_year, created_at) VALUES (249, 132, 'Horizontal discrete algorithm', 2019, NOW());
INSERT INTO song (song_id, album_id, name, duration_seconds, bpm, track_number) VALUES (1881, 249, 'Street soldier performance', 204, 106, 1);
INSERT INTO song (song_id, album_id, name, duration_seconds, bpm, track_number) VALUES (1882, 249, 'Home', 149, 61, 2);
INSERT INTO song (song_id, album_id, name, duration_seconds, bpm, track_number) VALUES (1883, 249, 'Visit discover purpose', 283, 114, 3);
INSERT INTO song (song_id, album_id, name, duration_seconds, bpm, track_number) VALUES (1884, 249, 'Glass', 274, 160, 4);
INSERT INTO song (song_id, album_id, name, duration_seconds, bpm, track_number) VALUES (1885, 249, 'Admit box prepare', 456, 92, 5);
INSERT INTO album (album_id, artist_id, title, release_year, created_at) VALUES (250, 133, 'Open-source multi-state budgetary management', 2005, NOW());
INSERT INTO song (song_id, album_id, name, duration_seconds, bpm, track_number) VALUES (1886, 250, 'Forward', 463, 95, 1);
INSERT INTO song (song_id, album_id, name, duration_seconds, bpm, track_number) VALUES (1887, 250, 'Air', 453, 99, 2);
INSERT INTO song (song_id, album_id, name, duration_seconds, bpm, track_number) VALUES (1888, 250, 'Left woman partner', 300, 166, 3);
INSERT INTO song (song_id, album_id, name, duration_seconds, bpm, track_number) VALUES (1889, 250, 'Point determine', 258, 66, 4);
INSERT INTO song (song_id, album_id, name, duration_seconds, bpm, track_number) VALUES (1890, 250, 'Especially', 357, 93, 5);
INSERT INTO album (album_id, artist_id, title, release_year, created_at) VALUES (251, 134, 'Grass-roots responsive algorithm', 1991, NOW());
INSERT INTO song (song_id, album_id, name, duration_seconds, bpm, track_number) VALUES (1891, 251, 'Responsibility', 120, 65, 1);
INSERT INTO song (song_id, album_id, name, duration_seconds, bpm, track_number) VALUES (1892, 251, 'Tough', 188, 175, 2);
INSERT INTO song (song_id, album_id, name, duration_seconds, bpm, track_number) VALUES (1893, 251, 'East', 230, 84, 3);
INSERT INTO song (song_id, album_id, name, duration_seconds, bpm, track_number) VALUES (1894, 251, 'Argue', 247, 91, 4);
INSERT INTO song (song_id, album_id, name, duration_seconds, bpm, track_number) VALUES (1895, 251, 'Gun', 451, 90, 5);
INSERT INTO song (song_id, album_id, name, duration_seconds, bpm, track_number) VALUES (1896, 251, 'Serve', 472, 161, 6);
INSERT INTO song (song_id, album_id, name, duration_seconds, bpm, track_number) VALUES (1897, 251, 'Method drug professor fund', 401, 154, 7);
INSERT INTO song (song_id, album_id, name, duration_seconds, bpm, track_number) VALUES (1898, 251, 'Space argue', 300, 89, 8);
INSERT INTO song (song_id, album_id, name, duration_seconds, bpm, track_number) VALUES (1899, 251, 'Ability camera church', 364, 88, 9);
INSERT INTO song (song_id, album_id, name, duration_seconds, bpm, track_number) VALUES (1900, 251, 'Start recent page', 125, 161, 10);
INSERT INTO album (album_id, artist_id, title, release_year, created_at) VALUES (252, 134, 'Automated didactic protocol', 2002, NOW());
INSERT INTO song (song_id, album_id, name, duration_seconds, bpm, track_number) VALUES (1901, 252, 'Man office partner', 454, 159, 1);
INSERT INTO song (song_id, album_id, name, duration_seconds, bpm, track_number) VALUES (1902, 252, 'Town', 298, 88, 2);
INSERT INTO song (song_id, album_id, name, duration_seconds, bpm, track_number) VALUES (1903, 252, 'Serious', 252, 158, 3);
INSERT INTO song (song_id, album_id, name, duration_seconds, bpm, track_number) VALUES (1904, 252, 'Card price', 129, 147, 4);
INSERT INTO song (song_id, album_id, name, duration_seconds, bpm, track_number) VALUES (1905, 252, 'Over court water', 445, 111, 5);
INSERT INTO song (song_id, album_id, name, duration_seconds, bpm, track_number) VALUES (1906, 252, 'Film total', 273, 94, 6);
INSERT INTO song (song_id, album_id, name, duration_seconds, bpm, track_number) VALUES (1907, 252, 'Owner movement', 264, 78, 7);
INSERT INTO song (song_id, album_id, name, duration_seconds, bpm, track_number) VALUES (1908, 252, 'Second into', 449, 139, 8);
INSERT INTO song (song_id, album_id, name, duration_seconds, bpm, track_number) VALUES (1909, 252, 'Appear laugh include left', 381, 109, 9);
INSERT INTO song (song_id, album_id, name, duration_seconds, bpm, track_number) VALUES (1910, 252, 'Student', 474, 141, 10);
INSERT INTO album (album_id, artist_id, title, release_year, created_at) VALUES (253, 134, 'Switchable encompassing encoding', 1989, NOW());
INSERT INTO song (song_id, album_id, name, duration_seconds, bpm, track_number) VALUES (1911, 253, 'Contain loss', 422, 130, 1);
INSERT INTO song (song_id, album_id, name, duration_seconds, bpm, track_number) VALUES (1912, 253, 'Simply already spring thought century', 198, 146, 2);
INSERT INTO song (song_id, album_id, name, duration_seconds, bpm, track_number) VALUES (1913, 253, 'Argue create admit music', 165, 144, 3);
INSERT INTO song (song_id, album_id, name, duration_seconds, bpm, track_number) VALUES (1914, 253, 'Score', 318, 68, 4);
INSERT INTO song (song_id, album_id, name, duration_seconds, bpm, track_number) VALUES (1915, 253, 'Care thought', 371, 94, 5);
INSERT INTO song (song_id, album_id, name, duration_seconds, bpm, track_number) VALUES (1916, 253, 'Buy', 350, 165, 6);
INSERT INTO song (song_id, album_id, name, duration_seconds, bpm, track_number) VALUES (1917, 253, 'Right list', 383, 167, 7);
INSERT INTO song (song_id, album_id, name, duration_seconds, bpm, track_number) VALUES (1918, 253, 'Western', 195, 126, 8);
INSERT INTO song (song_id, album_id, name, duration_seconds, bpm, track_number) VALUES (1919, 253, 'Front', 211, 102, 9);
INSERT INTO song (song_id, album_id, name, duration_seconds, bpm, track_number) VALUES (1920, 253, 'Deal mean leg whether office', 293, 85, 10);
INSERT INTO album (album_id, artist_id, title, release_year, created_at) VALUES (254, 135, 'Triple-buffered maximized software', 2005, NOW());
INSERT INTO song (song_id, album_id, name, duration_seconds, bpm, track_number) VALUES (1921, 254, 'Position case page', 161, 173, 1);
INSERT INTO song (song_id, album_id, name, duration_seconds, bpm, track_number) VALUES (1922, 254, 'Single play not', 249, 69, 2);
INSERT INTO song (song_id, album_id, name, duration_seconds, bpm, track_number) VALUES (1923, 254, 'Magazine firm truth against', 464, 176, 3);
INSERT INTO song (song_id, album_id, name, duration_seconds, bpm, track_number) VALUES (1924, 254, 'Price', 156, 87, 4);
INSERT INTO song (song_id, album_id, name, duration_seconds, bpm, track_number) VALUES (1925, 254, 'Off', 319, 88, 5);
INSERT INTO song (song_id, album_id, name, duration_seconds, bpm, track_number) VALUES (1926, 254, 'Challenge child young', 452, 118, 6);
INSERT INTO album (album_id, artist_id, title, release_year, created_at) VALUES (255, 136, 'Total fresh-thinking project', 2011, NOW());
INSERT INTO song (song_id, album_id, name, duration_seconds, bpm, track_number) VALUES (1927, 255, 'Decision', 192, 84, 1);
INSERT INTO song (song_id, album_id, name, duration_seconds, bpm, track_number) VALUES (1928, 255, 'Likely', 281, 150, 2);
INSERT INTO song (song_id, album_id, name, duration_seconds, bpm, track_number) VALUES (1929, 255, 'Quickly cold', 136, 142, 3);
INSERT INTO song (song_id, album_id, name, duration_seconds, bpm, track_number) VALUES (1930, 255, 'Appear culture must company', 369, 139, 4);
INSERT INTO song (song_id, album_id, name, duration_seconds, bpm, track_number) VALUES (1931, 255, 'A fly', 467, 76, 5);
INSERT INTO song (song_id, album_id, name, duration_seconds, bpm, track_number) VALUES (1932, 255, 'Body cultural nor', 207, 163, 6);
INSERT INTO album (album_id, artist_id, title, release_year, created_at) VALUES (256, 136, 'Triple-buffered 5thgeneration definition', 1985, NOW());
INSERT INTO song (song_id, album_id, name, duration_seconds, bpm, track_number) VALUES (1933, 256, 'Subject', 218, 175, 1);
INSERT INTO song (song_id, album_id, name, duration_seconds, bpm, track_number) VALUES (1934, 256, 'Six', 419, 148, 2);
INSERT INTO song (song_id, album_id, name, duration_seconds, bpm, track_number) VALUES (1935, 256, 'Recent', 282, 109, 3);
INSERT INTO song (song_id, album_id, name, duration_seconds, bpm, track_number) VALUES (1936, 256, 'Phone anything herself', 360, 87, 4);
INSERT INTO song (song_id, album_id, name, duration_seconds, bpm, track_number) VALUES (1937, 256, 'Risk some group', 308, 169, 5);
INSERT INTO song (song_id, album_id, name, duration_seconds, bpm, track_number) VALUES (1938, 256, 'College water partner', 193, 178, 6);
INSERT INTO album (album_id, artist_id, title, release_year, created_at) VALUES (257, 136, 'Profound background circuit', 2014, NOW());
INSERT INTO song (song_id, album_id, name, duration_seconds, bpm, track_number) VALUES (1939, 257, 'Hot', 238, 174, 1);
INSERT INTO song (song_id, album_id, name, duration_seconds, bpm, track_number) VALUES (1940, 257, 'Assume election', 439, 178, 2);
INSERT INTO song (song_id, album_id, name, duration_seconds, bpm, track_number) VALUES (1941, 257, 'Year involve', 322, 69, 3);
INSERT INTO song (song_id, album_id, name, duration_seconds, bpm, track_number) VALUES (1942, 257, 'When', 314, 120, 4);
INSERT INTO song (song_id, album_id, name, duration_seconds, bpm, track_number) VALUES (1943, 257, 'Language evening role up', 202, 177, 5);
INSERT INTO song (song_id, album_id, name, duration_seconds, bpm, track_number) VALUES (1944, 257, 'Star bed', 460, 155, 6);
INSERT INTO album (album_id, artist_id, title, release_year, created_at) VALUES (258, 137, 'Advanced actuating capability', 1983, NOW());
INSERT INTO song (song_id, album_id, name, duration_seconds, bpm, track_number) VALUES (1945, 258, 'Middle machine', 126, 165, 1);
INSERT INTO song (song_id, album_id, name, duration_seconds, bpm, track_number) VALUES (1946, 258, 'Baby question pass', 127, 157, 2);
INSERT INTO song (song_id, album_id, name, duration_seconds, bpm, track_number) VALUES (1947, 258, 'Father challenge', 477, 117, 3);
INSERT INTO song (song_id, album_id, name, duration_seconds, bpm, track_number) VALUES (1948, 258, 'Decade chance', 480, 164, 4);
INSERT INTO song (song_id, album_id, name, duration_seconds, bpm, track_number) VALUES (1949, 258, 'Training', 157, 83, 5);
INSERT INTO song (song_id, album_id, name, duration_seconds, bpm, track_number) VALUES (1950, 258, 'Same artist', 134, 61, 6);
INSERT INTO song (song_id, album_id, name, duration_seconds, bpm, track_number) VALUES (1951, 258, 'Alone', 386, 106, 7);
INSERT INTO album (album_id, artist_id, title, release_year, created_at) VALUES (259, 138, 'Programmable 6thgeneration migration', 2017, NOW());
INSERT INTO song (song_id, album_id, name, duration_seconds, bpm, track_number) VALUES (1952, 259, 'Conference read', 152, 123, 1);
INSERT INTO song (song_id, album_id, name, duration_seconds, bpm, track_number) VALUES (1953, 259, 'Many laugh direction lead', 128, 92, 2);
INSERT INTO song (song_id, album_id, name, duration_seconds, bpm, track_number) VALUES (1954, 259, 'Detail assume themselves', 459, 154, 3);
INSERT INTO song (song_id, album_id, name, duration_seconds, bpm, track_number) VALUES (1955, 259, 'Grow film toward', 372, 131, 4);
INSERT INTO song (song_id, album_id, name, duration_seconds, bpm, track_number) VALUES (1956, 259, 'Performance white', 338, 140, 5);
INSERT INTO album (album_id, artist_id, title, release_year, created_at) VALUES (260, 138, 'De-engineered explicit array', 1979, NOW());
INSERT INTO song (song_id, album_id, name, duration_seconds, bpm, track_number) VALUES (1957, 260, 'Glass far writer individual', 318, 128, 1);
INSERT INTO song (song_id, album_id, name, duration_seconds, bpm, track_number) VALUES (1958, 260, 'Small public sign seat', 222, 178, 2);
INSERT INTO song (song_id, album_id, name, duration_seconds, bpm, track_number) VALUES (1959, 260, 'Short', 397, 179, 3);
INSERT INTO song (song_id, album_id, name, duration_seconds, bpm, track_number) VALUES (1960, 260, 'Indeed', 364, 91, 4);
INSERT INTO song (song_id, album_id, name, duration_seconds, bpm, track_number) VALUES (1961, 260, 'Instead they me product building', 313, 151, 5);
INSERT INTO song (song_id, album_id, name, duration_seconds, bpm, track_number) VALUES (1962, 260, 'Against per adult identify', 307, 143, 6);
INSERT INTO song (song_id, album_id, name, duration_seconds, bpm, track_number) VALUES (1963, 260, 'Young rich', 283, 118, 7);
INSERT INTO song (song_id, album_id, name, duration_seconds, bpm, track_number) VALUES (1964, 260, 'American', 364, 147, 8);
INSERT INTO song (song_id, album_id, name, duration_seconds, bpm, track_number) VALUES (1965, 260, 'Fire think', 299, 65, 9);
INSERT INTO album (album_id, artist_id, title, release_year, created_at) VALUES (261, 139, 'Front-line bandwidth-monitored structure', 1990, NOW());
INSERT INTO song (song_id, album_id, name, duration_seconds, bpm, track_number) VALUES (1966, 261, 'Trouble', 479, 123, 1);
INSERT INTO song (song_id, album_id, name, duration_seconds, bpm, track_number) VALUES (1967, 261, 'Military', 470, 135, 2);
INSERT INTO song (song_id, album_id, name, duration_seconds, bpm, track_number) VALUES (1968, 261, 'Reason', 280, 61, 3);
INSERT INTO song (song_id, album_id, name, duration_seconds, bpm, track_number) VALUES (1969, 261, 'Force', 333, 69, 4);
INSERT INTO song (song_id, album_id, name, duration_seconds, bpm, track_number) VALUES (1970, 261, 'Social', 312, 66, 5);
INSERT INTO song (song_id, album_id, name, duration_seconds, bpm, track_number) VALUES (1971, 261, 'Red', 125, 132, 6);
INSERT INTO song (song_id, album_id, name, duration_seconds, bpm, track_number) VALUES (1972, 261, 'Less garden', 208, 124, 7);
INSERT INTO album (album_id, artist_id, title, release_year, created_at) VALUES (262, 139, 'Upgradable analyzing secured line', 1973, NOW());
INSERT INTO song (song_id, album_id, name, duration_seconds, bpm, track_number) VALUES (1973, 262, 'Price you sea', 207, 85, 1);
INSERT INTO song (song_id, album_id, name, duration_seconds, bpm, track_number) VALUES (1974, 262, 'Behavior national', 389, 138, 2);
INSERT INTO song (song_id, album_id, name, duration_seconds, bpm, track_number) VALUES (1975, 262, 'Best table', 438, 104, 3);
INSERT INTO song (song_id, album_id, name, duration_seconds, bpm, track_number) VALUES (1976, 262, 'Top', 427, 100, 4);
INSERT INTO song (song_id, album_id, name, duration_seconds, bpm, track_number) VALUES (1977, 262, 'Hot despite', 285, 130, 5);
INSERT INTO album (album_id, artist_id, title, release_year, created_at) VALUES (263, 139, 'Fully-configurable intangible artificial intelligence', 1971, NOW());
INSERT INTO song (song_id, album_id, name, duration_seconds, bpm, track_number) VALUES (1978, 263, 'Feeling', 346, 79, 1);
INSERT INTO song (song_id, album_id, name, duration_seconds, bpm, track_number) VALUES (1979, 263, 'Yet everybody writer', 185, 97, 2);
INSERT INTO song (song_id, album_id, name, duration_seconds, bpm, track_number) VALUES (1980, 263, 'Best', 184, 112, 3);
INSERT INTO song (song_id, album_id, name, duration_seconds, bpm, track_number) VALUES (1981, 263, 'Point', 360, 82, 4);
INSERT INTO song (song_id, album_id, name, duration_seconds, bpm, track_number) VALUES (1982, 263, 'Main recognize', 470, 167, 5);
INSERT INTO song (song_id, album_id, name, duration_seconds, bpm, track_number) VALUES (1983, 263, 'Individual', 287, 136, 6);
INSERT INTO song (song_id, album_id, name, duration_seconds, bpm, track_number) VALUES (1984, 263, 'Audience', 475, 107, 7);
INSERT INTO song (song_id, album_id, name, duration_seconds, bpm, track_number) VALUES (1985, 263, 'Company', 314, 123, 8);
INSERT INTO song (song_id, album_id, name, duration_seconds, bpm, track_number) VALUES (1986, 263, 'Republican', 283, 61, 9);
INSERT INTO song (song_id, album_id, name, duration_seconds, bpm, track_number) VALUES (1987, 263, 'Student sing easy', 414, 121, 10);
INSERT INTO album (album_id, artist_id, title, release_year, created_at) VALUES (264, 140, 'Organic tangible approach', 1994, NOW());
INSERT INTO song (song_id, album_id, name, duration_seconds, bpm, track_number) VALUES (1988, 264, 'Market behavior', 226, 67, 1);
INSERT INTO song (song_id, album_id, name, duration_seconds, bpm, track_number) VALUES (1989, 264, 'Letter must Democrat inside no', 344, 81, 2);
INSERT INTO song (song_id, album_id, name, duration_seconds, bpm, track_number) VALUES (1990, 264, 'Last', 236, 165, 3);
INSERT INTO song (song_id, album_id, name, duration_seconds, bpm, track_number) VALUES (1991, 264, 'Ten', 171, 119, 4);
INSERT INTO song (song_id, album_id, name, duration_seconds, bpm, track_number) VALUES (1992, 264, 'Reflect perhaps federal', 194, 146, 5);
INSERT INTO album (album_id, artist_id, title, release_year, created_at) VALUES (265, 140, 'Cross-group intangible capacity', 2003, NOW());
INSERT INTO song (song_id, album_id, name, duration_seconds, bpm, track_number) VALUES (1993, 265, 'Small find light', 414, 61, 1);
INSERT INTO song (song_id, album_id, name, duration_seconds, bpm, track_number) VALUES (1994, 265, 'Rather', 305, 95, 2);
INSERT INTO song (song_id, album_id, name, duration_seconds, bpm, track_number) VALUES (1995, 265, 'Court', 474, 108, 3);
INSERT INTO song (song_id, album_id, name, duration_seconds, bpm, track_number) VALUES (1996, 265, 'While ago', 468, 61, 4);
INSERT INTO song (song_id, album_id, name, duration_seconds, bpm, track_number) VALUES (1997, 265, 'Including better', 259, 98, 5);
INSERT INTO song (song_id, album_id, name, duration_seconds, bpm, track_number) VALUES (1998, 265, 'No', 447, 85, 6);
INSERT INTO song (song_id, album_id, name, duration_seconds, bpm, track_number) VALUES (1999, 265, 'Feel side surface as above', 338, 130, 7);
INSERT INTO song (song_id, album_id, name, duration_seconds, bpm, track_number) VALUES (2000, 265, 'Put learn itself discover', 400, 108, 8);
INSERT INTO song (song_id, album_id, name, duration_seconds, bpm, track_number) VALUES (2001, 265, 'Consumer seek', 263, 109, 9);
INSERT INTO song (song_id, album_id, name, duration_seconds, bpm, track_number) VALUES (2002, 265, 'White its', 462, 80, 10);
INSERT INTO album (album_id, artist_id, title, release_year, created_at) VALUES (266, 140, 'Versatile transitional array', 1982, NOW());
INSERT INTO song (song_id, album_id, name, duration_seconds, bpm, track_number) VALUES (2003, 266, 'Not I', 457, 120, 1);
INSERT INTO song (song_id, album_id, name, duration_seconds, bpm, track_number) VALUES (2004, 266, 'Unit', 395, 73, 2);
INSERT INTO song (song_id, album_id, name, duration_seconds, bpm, track_number) VALUES (2005, 266, 'Boy note sure', 416, 97, 3);
INSERT INTO song (song_id, album_id, name, duration_seconds, bpm, track_number) VALUES (2006, 266, 'Billion school', 392, 172, 4);
INSERT INTO song (song_id, album_id, name, duration_seconds, bpm, track_number) VALUES (2007, 266, 'Heart follow citizen', 377, 98, 5);
INSERT INTO album (album_id, artist_id, title, release_year, created_at) VALUES (267, 141, 'Profound directional time-frame', 1978, NOW());
INSERT INTO song (song_id, album_id, name, duration_seconds, bpm, track_number) VALUES (2008, 267, 'Rock help reduce', 182, 160, 1);
INSERT INTO song (song_id, album_id, name, duration_seconds, bpm, track_number) VALUES (2009, 267, 'Test cold road mind senior', 386, 109, 2);
INSERT INTO song (song_id, album_id, name, duration_seconds, bpm, track_number) VALUES (2010, 267, 'Money positive', 357, 80, 3);
INSERT INTO song (song_id, album_id, name, duration_seconds, bpm, track_number) VALUES (2011, 267, 'Seven debate teach material', 299, 124, 4);
INSERT INTO song (song_id, album_id, name, duration_seconds, bpm, track_number) VALUES (2012, 267, 'World main subject again', 357, 174, 5);
INSERT INTO song (song_id, album_id, name, duration_seconds, bpm, track_number) VALUES (2013, 267, 'Effect', 151, 153, 6);
INSERT INTO song (song_id, album_id, name, duration_seconds, bpm, track_number) VALUES (2014, 267, 'Interest economy character listen', 248, 124, 7);
INSERT INTO song (song_id, album_id, name, duration_seconds, bpm, track_number) VALUES (2015, 267, 'Star', 443, 156, 8);
INSERT INTO song (song_id, album_id, name, duration_seconds, bpm, track_number) VALUES (2016, 267, 'Bring see occur', 182, 115, 9);
INSERT INTO song (song_id, album_id, name, duration_seconds, bpm, track_number) VALUES (2017, 267, 'Every', 208, 160, 10);
INSERT INTO album (album_id, artist_id, title, release_year, created_at) VALUES (268, 141, 'Enterprise-wide 3rdgeneration function', 1977, NOW());
INSERT INTO song (song_id, album_id, name, duration_seconds, bpm, track_number) VALUES (2018, 268, 'List', 448, 125, 1);
INSERT INTO song (song_id, album_id, name, duration_seconds, bpm, track_number) VALUES (2019, 268, 'Already', 475, 124, 2);
INSERT INTO song (song_id, album_id, name, duration_seconds, bpm, track_number) VALUES (2020, 268, 'Professor head', 297, 126, 3);
INSERT INTO song (song_id, album_id, name, duration_seconds, bpm, track_number) VALUES (2021, 268, 'Much', 199, 171, 4);
INSERT INTO song (song_id, album_id, name, duration_seconds, bpm, track_number) VALUES (2022, 268, 'Apply', 181, 145, 5);
INSERT INTO album (album_id, artist_id, title, release_year, created_at) VALUES (269, 142, 'Multi-channeled context-sensitive secured line', 1987, NOW());
INSERT INTO song (song_id, album_id, name, duration_seconds, bpm, track_number) VALUES (2023, 269, 'Friend ago', 313, 169, 1);
INSERT INTO song (song_id, album_id, name, duration_seconds, bpm, track_number) VALUES (2024, 269, 'Send discussion', 402, 160, 2);
INSERT INTO song (song_id, album_id, name, duration_seconds, bpm, track_number) VALUES (2025, 269, 'Law great receive', 151, 150, 3);
INSERT INTO song (song_id, album_id, name, duration_seconds, bpm, track_number) VALUES (2026, 269, 'Town', 197, 159, 4);
INSERT INTO song (song_id, album_id, name, duration_seconds, bpm, track_number) VALUES (2027, 269, 'Less away', 238, 116, 5);
INSERT INTO song (song_id, album_id, name, duration_seconds, bpm, track_number) VALUES (2028, 269, 'Develop', 228, 80, 6);
INSERT INTO song (song_id, album_id, name, duration_seconds, bpm, track_number) VALUES (2029, 269, 'Address garden news evening success', 122, 127, 7);
INSERT INTO song (song_id, album_id, name, duration_seconds, bpm, track_number) VALUES (2030, 269, 'The', 207, 160, 8);
INSERT INTO song (song_id, album_id, name, duration_seconds, bpm, track_number) VALUES (2031, 269, 'Build', 466, 98, 9);
INSERT INTO song (song_id, album_id, name, duration_seconds, bpm, track_number) VALUES (2032, 269, 'They', 422, 82, 10);
INSERT INTO album (album_id, artist_id, title, release_year, created_at) VALUES (270, 142, 'Optional holistic application', 1991, NOW());
INSERT INTO song (song_id, album_id, name, duration_seconds, bpm, track_number) VALUES (2033, 270, 'Set', 464, 133, 1);
INSERT INTO song (song_id, album_id, name, duration_seconds, bpm, track_number) VALUES (2034, 270, 'Item best traditional shoulder', 262, 123, 2);
INSERT INTO song (song_id, album_id, name, duration_seconds, bpm, track_number) VALUES (2035, 270, 'Majority particularly', 182, 61, 3);
INSERT INTO song (song_id, album_id, name, duration_seconds, bpm, track_number) VALUES (2036, 270, 'Force take movie', 188, 168, 4);
INSERT INTO song (song_id, album_id, name, duration_seconds, bpm, track_number) VALUES (2037, 270, 'Sign', 348, 164, 5);
INSERT INTO song (song_id, album_id, name, duration_seconds, bpm, track_number) VALUES (2038, 270, 'Thus listen', 328, 132, 6);
INSERT INTO song (song_id, album_id, name, duration_seconds, bpm, track_number) VALUES (2039, 270, 'Her dinner rule recent', 464, 64, 7);
INSERT INTO album (album_id, artist_id, title, release_year, created_at) VALUES (271, 142, 'Profound disintermediate workforce', 2014, NOW());
INSERT INTO song (song_id, album_id, name, duration_seconds, bpm, track_number) VALUES (2040, 271, 'Move', 230, 74, 1);
INSERT INTO song (song_id, album_id, name, duration_seconds, bpm, track_number) VALUES (2041, 271, 'How', 236, 66, 2);
INSERT INTO song (song_id, album_id, name, duration_seconds, bpm, track_number) VALUES (2042, 271, 'Today', 309, 152, 3);
INSERT INTO song (song_id, album_id, name, duration_seconds, bpm, track_number) VALUES (2043, 271, 'Least far', 370, 81, 4);
INSERT INTO song (song_id, album_id, name, duration_seconds, bpm, track_number) VALUES (2044, 271, 'Vote sport raise', 294, 114, 5);
INSERT INTO song (song_id, album_id, name, duration_seconds, bpm, track_number) VALUES (2045, 271, 'Right international', 479, 135, 6);
INSERT INTO song (song_id, album_id, name, duration_seconds, bpm, track_number) VALUES (2046, 271, 'Part join worry stage', 455, 63, 7);
INSERT INTO song (song_id, album_id, name, duration_seconds, bpm, track_number) VALUES (2047, 271, 'Baby save garden majority talk', 474, 103, 8);
INSERT INTO album (album_id, artist_id, title, release_year, created_at) VALUES (272, 143, 'Seamless multimedia success', 1987, NOW());
INSERT INTO song (song_id, album_id, name, duration_seconds, bpm, track_number) VALUES (2048, 272, 'Listen', 413, 166, 1);
INSERT INTO song (song_id, album_id, name, duration_seconds, bpm, track_number) VALUES (2049, 272, 'Concern easy', 185, 166, 2);
INSERT INTO song (song_id, album_id, name, duration_seconds, bpm, track_number) VALUES (2050, 272, 'Figure pattern enter', 235, 122, 3);
INSERT INTO song (song_id, album_id, name, duration_seconds, bpm, track_number) VALUES (2051, 272, 'What certainly', 224, 117, 4);
INSERT INTO song (song_id, album_id, name, duration_seconds, bpm, track_number) VALUES (2052, 272, 'Three rise amount international', 392, 170, 5);
INSERT INTO song (song_id, album_id, name, duration_seconds, bpm, track_number) VALUES (2053, 272, 'Consider', 295, 176, 6);
INSERT INTO song (song_id, album_id, name, duration_seconds, bpm, track_number) VALUES (2054, 272, 'Something people', 201, 177, 7);
INSERT INTO album (album_id, artist_id, title, release_year, created_at) VALUES (273, 143, 'Public-key empowering knowledgebase', 1984, NOW());
INSERT INTO song (song_id, album_id, name, duration_seconds, bpm, track_number) VALUES (2055, 273, 'Level yard camera laugh be', 358, 117, 1);
INSERT INTO song (song_id, album_id, name, duration_seconds, bpm, track_number) VALUES (2056, 273, 'Yard director', 365, 83, 2);
INSERT INTO song (song_id, album_id, name, duration_seconds, bpm, track_number) VALUES (2057, 273, 'Citizen image include', 186, 66, 3);
INSERT INTO song (song_id, album_id, name, duration_seconds, bpm, track_number) VALUES (2058, 273, 'Century stage skin seem bed', 285, 107, 4);
INSERT INTO song (song_id, album_id, name, duration_seconds, bpm, track_number) VALUES (2059, 273, 'Election card company help', 244, 64, 5);
INSERT INTO song (song_id, album_id, name, duration_seconds, bpm, track_number) VALUES (2060, 273, 'Important', 440, 144, 6);
INSERT INTO song (song_id, album_id, name, duration_seconds, bpm, track_number) VALUES (2061, 273, 'Character top', 264, 170, 7);
INSERT INTO song (song_id, album_id, name, duration_seconds, bpm, track_number) VALUES (2062, 273, 'Carry class', 142, 103, 8);
INSERT INTO song (song_id, album_id, name, duration_seconds, bpm, track_number) VALUES (2063, 273, 'Approach she key speech', 184, 163, 9);
INSERT INTO song (song_id, album_id, name, duration_seconds, bpm, track_number) VALUES (2064, 273, 'Management operation', 158, 174, 10);
INSERT INTO album (album_id, artist_id, title, release_year, created_at) VALUES (274, 144, 'Business-focused attitude-oriented forecast', 1993, NOW());
INSERT INTO song (song_id, album_id, name, duration_seconds, bpm, track_number) VALUES (2065, 274, 'Pretty', 192, 104, 1);
INSERT INTO song (song_id, album_id, name, duration_seconds, bpm, track_number) VALUES (2066, 274, 'Food', 131, 74, 2);
INSERT INTO song (song_id, album_id, name, duration_seconds, bpm, track_number) VALUES (2067, 274, 'Class', 384, 64, 3);
INSERT INTO song (song_id, album_id, name, duration_seconds, bpm, track_number) VALUES (2068, 274, 'Laugh', 156, 65, 4);
INSERT INTO song (song_id, album_id, name, duration_seconds, bpm, track_number) VALUES (2069, 274, 'Yard glass nothing', 358, 167, 5);
INSERT INTO song (song_id, album_id, name, duration_seconds, bpm, track_number) VALUES (2070, 274, 'Eat', 128, 106, 6);
INSERT INTO album (album_id, artist_id, title, release_year, created_at) VALUES (275, 144, 'Customer-focused empowering Graphic Interface', 1980, NOW());
INSERT INTO song (song_id, album_id, name, duration_seconds, bpm, track_number) VALUES (2071, 275, 'Born firm', 430, 69, 1);
INSERT INTO song (song_id, album_id, name, duration_seconds, bpm, track_number) VALUES (2072, 275, 'Early animal threat base', 451, 141, 2);
INSERT INTO song (song_id, album_id, name, duration_seconds, bpm, track_number) VALUES (2073, 275, 'Rate', 172, 103, 3);
INSERT INTO song (song_id, album_id, name, duration_seconds, bpm, track_number) VALUES (2074, 275, 'Great away of evidence', 319, 106, 4);
INSERT INTO song (song_id, album_id, name, duration_seconds, bpm, track_number) VALUES (2075, 275, 'Next run law', 195, 135, 5);
INSERT INTO song (song_id, album_id, name, duration_seconds, bpm, track_number) VALUES (2076, 275, 'Possible daughter lot summer', 180, 165, 6);
INSERT INTO song (song_id, album_id, name, duration_seconds, bpm, track_number) VALUES (2077, 275, 'Employee', 182, 80, 7);
INSERT INTO song (song_id, album_id, name, duration_seconds, bpm, track_number) VALUES (2078, 275, 'Room room', 374, 144, 8);
INSERT INTO song (song_id, album_id, name, duration_seconds, bpm, track_number) VALUES (2079, 275, 'Stop event', 469, 127, 9);
INSERT INTO song (song_id, album_id, name, duration_seconds, bpm, track_number) VALUES (2080, 275, 'Myself state prepare', 152, 64, 10);
INSERT INTO album (album_id, artist_id, title, release_year, created_at) VALUES (276, 145, 'Synchronized systematic task-force', 1980, NOW());
INSERT INTO song (song_id, album_id, name, duration_seconds, bpm, track_number) VALUES (2081, 276, 'Heart doctor nothing', 346, 122, 1);
INSERT INTO song (song_id, album_id, name, duration_seconds, bpm, track_number) VALUES (2082, 276, 'Test', 290, 154, 2);
INSERT INTO song (song_id, album_id, name, duration_seconds, bpm, track_number) VALUES (2083, 276, 'Wide', 147, 102, 3);
INSERT INTO song (song_id, album_id, name, duration_seconds, bpm, track_number) VALUES (2084, 276, 'Threat right official', 310, 91, 4);
INSERT INTO song (song_id, album_id, name, duration_seconds, bpm, track_number) VALUES (2085, 276, 'Eight process difference', 208, 168, 5);
INSERT INTO song (song_id, album_id, name, duration_seconds, bpm, track_number) VALUES (2086, 276, 'Explain little', 430, 161, 6);
INSERT INTO song (song_id, album_id, name, duration_seconds, bpm, track_number) VALUES (2087, 276, 'Alone theory majority cause', 179, 99, 7);
INSERT INTO song (song_id, album_id, name, duration_seconds, bpm, track_number) VALUES (2088, 276, 'System see', 208, 173, 8);
INSERT INTO album (album_id, artist_id, title, release_year, created_at) VALUES (277, 145, 'Stand-alone web-enabled throughput', 1991, NOW());
INSERT INTO song (song_id, album_id, name, duration_seconds, bpm, track_number) VALUES (2089, 277, 'Speech create', 386, 72, 1);
INSERT INTO song (song_id, album_id, name, duration_seconds, bpm, track_number) VALUES (2090, 277, 'Yourself', 397, 81, 2);
INSERT INTO song (song_id, album_id, name, duration_seconds, bpm, track_number) VALUES (2091, 277, 'Court movement foot', 324, 180, 3);
INSERT INTO song (song_id, album_id, name, duration_seconds, bpm, track_number) VALUES (2092, 277, 'Specific major sound', 224, 62, 4);
INSERT INTO song (song_id, album_id, name, duration_seconds, bpm, track_number) VALUES (2093, 277, 'Deep whom key today box', 176, 61, 5);
INSERT INTO album (album_id, artist_id, title, release_year, created_at) VALUES (278, 146, 'Monitored neutral function', 1976, NOW());
INSERT INTO song (song_id, album_id, name, duration_seconds, bpm, track_number) VALUES (2094, 278, 'Thus team', 226, 126, 1);
INSERT INTO song (song_id, album_id, name, duration_seconds, bpm, track_number) VALUES (2095, 278, 'Very', 260, 157, 2);
INSERT INTO song (song_id, album_id, name, duration_seconds, bpm, track_number) VALUES (2096, 278, 'Customer', 379, 145, 3);
INSERT INTO song (song_id, album_id, name, duration_seconds, bpm, track_number) VALUES (2097, 278, 'Admit know', 182, 69, 4);
INSERT INTO song (song_id, album_id, name, duration_seconds, bpm, track_number) VALUES (2098, 278, 'Try', 394, 128, 5);
INSERT INTO song (song_id, album_id, name, duration_seconds, bpm, track_number) VALUES (2099, 278, 'Friend', 368, 96, 6);
INSERT INTO song (song_id, album_id, name, duration_seconds, bpm, track_number) VALUES (2100, 278, 'Last course care upon', 413, 72, 7);
INSERT INTO song (song_id, album_id, name, duration_seconds, bpm, track_number) VALUES (2101, 278, 'Number phone', 330, 88, 8);
INSERT INTO album (album_id, artist_id, title, release_year, created_at) VALUES (279, 147, 'Managed empowering time-frame', 1987, NOW());
INSERT INTO song (song_id, album_id, name, duration_seconds, bpm, track_number) VALUES (2102, 279, 'Partner building', 253, 93, 1);
INSERT INTO song (song_id, album_id, name, duration_seconds, bpm, track_number) VALUES (2103, 279, 'Air', 152, 121, 2);
INSERT INTO song (song_id, album_id, name, duration_seconds, bpm, track_number) VALUES (2104, 279, 'Star professor develop fight relate', 230, 91, 3);
INSERT INTO song (song_id, album_id, name, duration_seconds, bpm, track_number) VALUES (2105, 279, 'End at last', 394, 68, 4);
INSERT INTO song (song_id, album_id, name, duration_seconds, bpm, track_number) VALUES (2106, 279, 'Study prevent', 464, 171, 5);
INSERT INTO album (album_id, artist_id, title, release_year, created_at) VALUES (280, 147, 'Intuitive web-enabled Graphic Interface', 2006, NOW());
INSERT INTO song (song_id, album_id, name, duration_seconds, bpm, track_number) VALUES (2107, 280, 'Project think answer', 372, 110, 1);
INSERT INTO song (song_id, album_id, name, duration_seconds, bpm, track_number) VALUES (2108, 280, 'Discuss behind', 172, 73, 2);
INSERT INTO song (song_id, album_id, name, duration_seconds, bpm, track_number) VALUES (2109, 280, 'Side', 193, 150, 3);
INSERT INTO song (song_id, album_id, name, duration_seconds, bpm, track_number) VALUES (2110, 280, 'Understand then', 449, 170, 4);
INSERT INTO song (song_id, album_id, name, duration_seconds, bpm, track_number) VALUES (2111, 280, 'Couple in herself', 125, 126, 5);
INSERT INTO song (song_id, album_id, name, duration_seconds, bpm, track_number) VALUES (2112, 280, 'Drive', 277, 83, 6);
INSERT INTO album (album_id, artist_id, title, release_year, created_at) VALUES (281, 148, 'Profound even-keeled installation', 1999, NOW());
INSERT INTO song (song_id, album_id, name, duration_seconds, bpm, track_number) VALUES (2113, 281, 'Pm report', 246, 69, 1);
INSERT INTO song (song_id, album_id, name, duration_seconds, bpm, track_number) VALUES (2114, 281, 'Risk', 301, 154, 2);
INSERT INTO song (song_id, album_id, name, duration_seconds, bpm, track_number) VALUES (2115, 281, 'Play miss', 381, 173, 3);
INSERT INTO song (song_id, album_id, name, duration_seconds, bpm, track_number) VALUES (2116, 281, 'Something', 457, 166, 4);
INSERT INTO song (song_id, album_id, name, duration_seconds, bpm, track_number) VALUES (2117, 281, 'Treat theory do', 139, 76, 5);
INSERT INTO song (song_id, album_id, name, duration_seconds, bpm, track_number) VALUES (2118, 281, 'Kid simply', 206, 106, 6);
INSERT INTO song (song_id, album_id, name, duration_seconds, bpm, track_number) VALUES (2119, 281, 'Go interest participant', 188, 173, 7);
INSERT INTO song (song_id, album_id, name, duration_seconds, bpm, track_number) VALUES (2120, 281, 'Condition', 129, 130, 8);
INSERT INTO song (song_id, album_id, name, duration_seconds, bpm, track_number) VALUES (2121, 281, 'Soldier', 409, 158, 9);
INSERT INTO song (song_id, album_id, name, duration_seconds, bpm, track_number) VALUES (2122, 281, 'Poor', 404, 99, 10);
INSERT INTO album (album_id, artist_id, title, release_year, created_at) VALUES (282, 148, 'Decentralized local knowledge user', 1997, NOW());
INSERT INTO song (song_id, album_id, name, duration_seconds, bpm, track_number) VALUES (2123, 282, 'Beyond art young', 372, 134, 1);
INSERT INTO song (song_id, album_id, name, duration_seconds, bpm, track_number) VALUES (2124, 282, 'Here', 356, 90, 2);
INSERT INTO song (song_id, album_id, name, duration_seconds, bpm, track_number) VALUES (2125, 282, 'High create', 178, 162, 3);
INSERT INTO song (song_id, album_id, name, duration_seconds, bpm, track_number) VALUES (2126, 282, 'Republican', 290, 89, 4);
INSERT INTO song (song_id, album_id, name, duration_seconds, bpm, track_number) VALUES (2127, 282, 'News protect music ask', 369, 170, 5);
INSERT INTO song (song_id, album_id, name, duration_seconds, bpm, track_number) VALUES (2128, 282, 'Part least price', 454, 131, 6);
INSERT INTO song (song_id, album_id, name, duration_seconds, bpm, track_number) VALUES (2129, 282, 'Create animal democratic', 341, 169, 7);
INSERT INTO album (album_id, artist_id, title, release_year, created_at) VALUES (283, 148, 'Down-sized leadingedge open system', 1993, NOW());
INSERT INTO song (song_id, album_id, name, duration_seconds, bpm, track_number) VALUES (2130, 283, 'Seven', 153, 168, 1);
INSERT INTO song (song_id, album_id, name, duration_seconds, bpm, track_number) VALUES (2131, 283, 'Modern laugh upon', 279, 93, 2);
INSERT INTO song (song_id, album_id, name, duration_seconds, bpm, track_number) VALUES (2132, 283, 'Common admit rest special once', 395, 112, 3);
INSERT INTO song (song_id, album_id, name, duration_seconds, bpm, track_number) VALUES (2133, 283, 'Heavy I', 360, 142, 4);
INSERT INTO song (song_id, album_id, name, duration_seconds, bpm, track_number) VALUES (2134, 283, 'Hot', 341, 65, 5);
INSERT INTO album (album_id, artist_id, title, release_year, created_at) VALUES (284, 149, 'Multi-lateral directional concept', 1994, NOW());
INSERT INTO song (song_id, album_id, name, duration_seconds, bpm, track_number) VALUES (2135, 284, 'Try', 407, 125, 1);
INSERT INTO song (song_id, album_id, name, duration_seconds, bpm, track_number) VALUES (2136, 284, 'Politics itself including', 250, 112, 2);
INSERT INTO song (song_id, album_id, name, duration_seconds, bpm, track_number) VALUES (2137, 284, 'Best', 321, 68, 3);
INSERT INTO song (song_id, album_id, name, duration_seconds, bpm, track_number) VALUES (2138, 284, 'Director enter voice rather', 190, 86, 4);
INSERT INTO song (song_id, album_id, name, duration_seconds, bpm, track_number) VALUES (2139, 284, 'Mention available', 420, 68, 5);
INSERT INTO song (song_id, album_id, name, duration_seconds, bpm, track_number) VALUES (2140, 284, 'Player suddenly', 333, 180, 6);
INSERT INTO song (song_id, album_id, name, duration_seconds, bpm, track_number) VALUES (2141, 284, 'Shake specific media', 128, 180, 7);
INSERT INTO album (album_id, artist_id, title, release_year, created_at) VALUES (285, 149, 'Centralized didactic standardization', 2009, NOW());
INSERT INTO song (song_id, album_id, name, duration_seconds, bpm, track_number) VALUES (2142, 285, 'Future born allow', 142, 124, 1);
INSERT INTO song (song_id, album_id, name, duration_seconds, bpm, track_number) VALUES (2143, 285, 'Control', 302, 112, 2);
INSERT INTO song (song_id, album_id, name, duration_seconds, bpm, track_number) VALUES (2144, 285, 'Country', 224, 135, 3);
INSERT INTO song (song_id, album_id, name, duration_seconds, bpm, track_number) VALUES (2145, 285, 'Medical hand call name', 391, 134, 4);
INSERT INTO song (song_id, album_id, name, duration_seconds, bpm, track_number) VALUES (2146, 285, 'When', 431, 178, 5);
INSERT INTO song (song_id, album_id, name, duration_seconds, bpm, track_number) VALUES (2147, 285, 'Leave decision create', 250, 132, 6);
INSERT INTO song (song_id, album_id, name, duration_seconds, bpm, track_number) VALUES (2148, 285, 'Step', 351, 169, 7);
INSERT INTO album (album_id, artist_id, title, release_year, created_at) VALUES (286, 149, 'Face-to-face tertiary software', 1985, NOW());
INSERT INTO song (song_id, album_id, name, duration_seconds, bpm, track_number) VALUES (2149, 286, 'How mouth exist never', 367, 96, 1);
INSERT INTO song (song_id, album_id, name, duration_seconds, bpm, track_number) VALUES (2150, 286, 'Investment', 369, 116, 2);
INSERT INTO song (song_id, album_id, name, duration_seconds, bpm, track_number) VALUES (2151, 286, 'May think article', 198, 103, 3);
INSERT INTO song (song_id, album_id, name, duration_seconds, bpm, track_number) VALUES (2152, 286, 'Time class', 237, 139, 4);
INSERT INTO song (song_id, album_id, name, duration_seconds, bpm, track_number) VALUES (2153, 286, 'Rate important commercial', 242, 180, 5);
INSERT INTO song (song_id, album_id, name, duration_seconds, bpm, track_number) VALUES (2154, 286, 'Join break also', 218, 141, 6);
INSERT INTO song (song_id, album_id, name, duration_seconds, bpm, track_number) VALUES (2155, 286, 'Around specific', 374, 135, 7);
INSERT INTO song (song_id, album_id, name, duration_seconds, bpm, track_number) VALUES (2156, 286, 'Civil little station', 328, 102, 8);
INSERT INTO album (album_id, artist_id, title, release_year, created_at) VALUES (287, 150, 'Automated incremental application', 2019, NOW());
INSERT INTO song (song_id, album_id, name, duration_seconds, bpm, track_number) VALUES (2157, 287, 'Site police choose since', 403, 111, 1);
INSERT INTO song (song_id, album_id, name, duration_seconds, bpm, track_number) VALUES (2158, 287, 'If letter', 166, 113, 2);
INSERT INTO song (song_id, album_id, name, duration_seconds, bpm, track_number) VALUES (2159, 287, 'Against character result sort', 311, 157, 3);
INSERT INTO song (song_id, album_id, name, duration_seconds, bpm, track_number) VALUES (2160, 287, 'May language huge', 247, 114, 4);
INSERT INTO song (song_id, album_id, name, duration_seconds, bpm, track_number) VALUES (2161, 287, 'Item', 309, 157, 5);
INSERT INTO song (song_id, album_id, name, duration_seconds, bpm, track_number) VALUES (2162, 287, 'Support win', 176, 89, 6);
INSERT INTO song (song_id, album_id, name, duration_seconds, bpm, track_number) VALUES (2163, 287, 'Stock car number', 160, 157, 7);
INSERT INTO album (album_id, artist_id, title, release_year, created_at) VALUES (288, 150, 'Progressive tangible benchmark', 2018, NOW());
INSERT INTO song (song_id, album_id, name, duration_seconds, bpm, track_number) VALUES (2164, 288, 'Late that', 300, 91, 1);
INSERT INTO song (song_id, album_id, name, duration_seconds, bpm, track_number) VALUES (2165, 288, 'Face reality', 273, 119, 2);
INSERT INTO song (song_id, album_id, name, duration_seconds, bpm, track_number) VALUES (2166, 288, 'Man suggest check', 235, 140, 3);
INSERT INTO song (song_id, album_id, name, duration_seconds, bpm, track_number) VALUES (2167, 288, 'Whose', 172, 78, 4);
INSERT INTO song (song_id, album_id, name, duration_seconds, bpm, track_number) VALUES (2168, 288, 'Finish fill', 350, 125, 5);
INSERT INTO song (song_id, album_id, name, duration_seconds, bpm, track_number) VALUES (2169, 288, 'What', 191, 112, 6);
INSERT INTO song (song_id, album_id, name, duration_seconds, bpm, track_number) VALUES (2170, 288, 'Determine', 368, 62, 7);
INSERT INTO song (song_id, album_id, name, duration_seconds, bpm, track_number) VALUES (2171, 288, 'Realize defense', 336, 177, 8);
INSERT INTO album (album_id, artist_id, title, release_year, created_at) VALUES (289, 150, 'Multi-tiered multi-state protocol', 2015, NOW());
INSERT INTO song (song_id, album_id, name, duration_seconds, bpm, track_number) VALUES (2172, 289, 'Campaign part', 395, 121, 1);
INSERT INTO song (song_id, album_id, name, duration_seconds, bpm, track_number) VALUES (2173, 289, 'Southern together value situation', 162, 151, 2);
INSERT INTO song (song_id, album_id, name, duration_seconds, bpm, track_number) VALUES (2174, 289, 'Show', 463, 167, 3);
INSERT INTO song (song_id, album_id, name, duration_seconds, bpm, track_number) VALUES (2175, 289, 'Want', 305, 106, 4);
INSERT INTO song (song_id, album_id, name, duration_seconds, bpm, track_number) VALUES (2176, 289, 'Huge group', 143, 85, 5);
INSERT INTO song (song_id, album_id, name, duration_seconds, bpm, track_number) VALUES (2177, 289, 'Them care hundred', 386, 74, 6);
INSERT INTO song (song_id, album_id, name, duration_seconds, bpm, track_number) VALUES (2178, 289, 'Sit unit authority', 444, 149, 7);
INSERT INTO album (album_id, artist_id, title, release_year, created_at) VALUES (290, 151, 'Open-architected even-keeled monitoring', 2025, NOW());
INSERT INTO song (song_id, album_id, name, duration_seconds, bpm, track_number) VALUES (2179, 290, 'Before', 206, 118, 1);
INSERT INTO song (song_id, album_id, name, duration_seconds, bpm, track_number) VALUES (2180, 290, 'Treat recognize', 367, 135, 2);
INSERT INTO song (song_id, album_id, name, duration_seconds, bpm, track_number) VALUES (2181, 290, 'Court other', 437, 91, 3);
INSERT INTO song (song_id, album_id, name, duration_seconds, bpm, track_number) VALUES (2182, 290, 'Seven bring', 251, 168, 4);
INSERT INTO song (song_id, album_id, name, duration_seconds, bpm, track_number) VALUES (2183, 290, 'Range perform culture', 140, 151, 5);
INSERT INTO song (song_id, album_id, name, duration_seconds, bpm, track_number) VALUES (2184, 290, 'Ask', 471, 91, 6);
INSERT INTO song (song_id, album_id, name, duration_seconds, bpm, track_number) VALUES (2185, 290, 'Whose', 163, 138, 7);
INSERT INTO song (song_id, album_id, name, duration_seconds, bpm, track_number) VALUES (2186, 290, 'Other food', 346, 135, 8);
INSERT INTO song (song_id, album_id, name, duration_seconds, bpm, track_number) VALUES (2187, 290, 'Cut throw air window do', 423, 102, 9);
INSERT INTO album (album_id, artist_id, title, release_year, created_at) VALUES (291, 151, 'Distributed composite pricing structure', 2021, NOW());
INSERT INTO song (song_id, album_id, name, duration_seconds, bpm, track_number) VALUES (2188, 291, 'Machine expect', 347, 175, 1);
INSERT INTO song (song_id, album_id, name, duration_seconds, bpm, track_number) VALUES (2189, 291, 'Soldier money wife', 364, 87, 2);
INSERT INTO song (song_id, album_id, name, duration_seconds, bpm, track_number) VALUES (2190, 291, 'Great', 123, 178, 3);
INSERT INTO song (song_id, album_id, name, duration_seconds, bpm, track_number) VALUES (2191, 291, 'More', 470, 149, 4);
INSERT INTO song (song_id, album_id, name, duration_seconds, bpm, track_number) VALUES (2192, 291, 'Break', 155, 134, 5);
INSERT INTO song (song_id, album_id, name, duration_seconds, bpm, track_number) VALUES (2193, 291, 'Learn despite result just', 361, 173, 6);
INSERT INTO song (song_id, album_id, name, duration_seconds, bpm, track_number) VALUES (2194, 291, 'Song work keep stage less', 139, 85, 7);
INSERT INTO song (song_id, album_id, name, duration_seconds, bpm, track_number) VALUES (2195, 291, 'Vote', 476, 69, 8);
INSERT INTO song (song_id, album_id, name, duration_seconds, bpm, track_number) VALUES (2196, 291, 'South billion offer', 353, 172, 9);
INSERT INTO album (album_id, artist_id, title, release_year, created_at) VALUES (292, 152, 'De-engineered 6thgeneration portal', 1973, NOW());
INSERT INTO song (song_id, album_id, name, duration_seconds, bpm, track_number) VALUES (2197, 292, 'Evidence course', 273, 179, 1);
INSERT INTO song (song_id, album_id, name, duration_seconds, bpm, track_number) VALUES (2198, 292, 'Skill', 121, 127, 2);
INSERT INTO song (song_id, album_id, name, duration_seconds, bpm, track_number) VALUES (2199, 292, 'Weight at', 253, 121, 3);
INSERT INTO song (song_id, album_id, name, duration_seconds, bpm, track_number) VALUES (2200, 292, 'Apply', 450, 119, 4);
INSERT INTO song (song_id, album_id, name, duration_seconds, bpm, track_number) VALUES (2201, 292, 'She truth door ask', 295, 61, 5);
INSERT INTO song (song_id, album_id, name, duration_seconds, bpm, track_number) VALUES (2202, 292, 'Onto', 405, 99, 6);
INSERT INTO song (song_id, album_id, name, duration_seconds, bpm, track_number) VALUES (2203, 292, 'Check soon message top trip', 287, 156, 7);
INSERT INTO album (album_id, artist_id, title, release_year, created_at) VALUES (293, 152, 'De-engineered full-range portal', 2023, NOW());
INSERT INTO song (song_id, album_id, name, duration_seconds, bpm, track_number) VALUES (2204, 293, 'Meeting', 370, 88, 1);
INSERT INTO song (song_id, album_id, name, duration_seconds, bpm, track_number) VALUES (2205, 293, 'Each boy off degree', 331, 121, 2);
INSERT INTO song (song_id, album_id, name, duration_seconds, bpm, track_number) VALUES (2206, 293, 'Worker', 441, 62, 3);
INSERT INTO song (song_id, album_id, name, duration_seconds, bpm, track_number) VALUES (2207, 293, 'Whether', 457, 131, 4);
INSERT INTO song (song_id, album_id, name, duration_seconds, bpm, track_number) VALUES (2208, 293, 'Cup part', 134, 129, 5);
INSERT INTO song (song_id, album_id, name, duration_seconds, bpm, track_number) VALUES (2209, 293, 'Help', 311, 124, 6);
INSERT INTO song (song_id, album_id, name, duration_seconds, bpm, track_number) VALUES (2210, 293, 'Young style manage', 269, 173, 7);
INSERT INTO song (song_id, album_id, name, duration_seconds, bpm, track_number) VALUES (2211, 293, 'Response tonight', 208, 73, 8);
INSERT INTO album (album_id, artist_id, title, release_year, created_at) VALUES (294, 153, 'Integrated real-time product', 2015, NOW());
INSERT INTO song (song_id, album_id, name, duration_seconds, bpm, track_number) VALUES (2212, 294, 'Matter', 230, 92, 1);
INSERT INTO song (song_id, album_id, name, duration_seconds, bpm, track_number) VALUES (2213, 294, 'Drop great Mrs', 228, 75, 2);
INSERT INTO song (song_id, album_id, name, duration_seconds, bpm, track_number) VALUES (2214, 294, 'Feeling', 473, 131, 3);
INSERT INTO song (song_id, album_id, name, duration_seconds, bpm, track_number) VALUES (2215, 294, 'Suffer physical', 476, 75, 4);
INSERT INTO song (song_id, album_id, name, duration_seconds, bpm, track_number) VALUES (2216, 294, 'Red', 410, 66, 5);
INSERT INTO album (album_id, artist_id, title, release_year, created_at) VALUES (295, 153, 'Polarized cohesive firmware', 2011, NOW());
INSERT INTO song (song_id, album_id, name, duration_seconds, bpm, track_number) VALUES (2217, 295, 'Site sign difficult way', 294, 135, 1);
INSERT INTO song (song_id, album_id, name, duration_seconds, bpm, track_number) VALUES (2218, 295, 'Ready because pull', 330, 79, 2);
INSERT INTO song (song_id, album_id, name, duration_seconds, bpm, track_number) VALUES (2219, 295, 'Drive', 332, 83, 3);
INSERT INTO song (song_id, album_id, name, duration_seconds, bpm, track_number) VALUES (2220, 295, 'Perform', 325, 93, 4);
INSERT INTO song (song_id, album_id, name, duration_seconds, bpm, track_number) VALUES (2221, 295, 'Analysis', 158, 110, 5);
INSERT INTO album (album_id, artist_id, title, release_year, created_at) VALUES (296, 153, 'Cloned static ability', 2024, NOW());
INSERT INTO song (song_id, album_id, name, duration_seconds, bpm, track_number) VALUES (2222, 296, 'Have sport ready present', 328, 68, 1);
INSERT INTO song (song_id, album_id, name, duration_seconds, bpm, track_number) VALUES (2223, 296, 'Oil guy', 231, 102, 2);
INSERT INTO song (song_id, album_id, name, duration_seconds, bpm, track_number) VALUES (2224, 296, 'Technology issue believe', 419, 87, 3);
INSERT INTO song (song_id, album_id, name, duration_seconds, bpm, track_number) VALUES (2225, 296, 'Late year', 299, 106, 4);
INSERT INTO song (song_id, album_id, name, duration_seconds, bpm, track_number) VALUES (2226, 296, 'Weight', 153, 78, 5);
INSERT INTO song (song_id, album_id, name, duration_seconds, bpm, track_number) VALUES (2227, 296, 'Cover class nice', 391, 129, 6);
INSERT INTO song (song_id, album_id, name, duration_seconds, bpm, track_number) VALUES (2228, 296, 'Arrive', 410, 136, 7);
INSERT INTO song (song_id, album_id, name, duration_seconds, bpm, track_number) VALUES (2229, 296, 'Their former important', 349, 172, 8);
INSERT INTO album (album_id, artist_id, title, release_year, created_at) VALUES (297, 154, 'Customizable well-modulated hub', 2015, NOW());
INSERT INTO song (song_id, album_id, name, duration_seconds, bpm, track_number) VALUES (2230, 297, 'Major', 247, 77, 1);
INSERT INTO song (song_id, album_id, name, duration_seconds, bpm, track_number) VALUES (2231, 297, 'Population', 219, 88, 2);
INSERT INTO song (song_id, album_id, name, duration_seconds, bpm, track_number) VALUES (2232, 297, 'Reality', 164, 158, 3);
INSERT INTO song (song_id, album_id, name, duration_seconds, bpm, track_number) VALUES (2233, 297, 'She', 450, 110, 4);
INSERT INTO song (song_id, album_id, name, duration_seconds, bpm, track_number) VALUES (2234, 297, 'Instead instead', 159, 122, 5);
INSERT INTO song (song_id, album_id, name, duration_seconds, bpm, track_number) VALUES (2235, 297, 'Positive', 337, 125, 6);
INSERT INTO song (song_id, album_id, name, duration_seconds, bpm, track_number) VALUES (2236, 297, 'Dream position cover', 465, 99, 7);
INSERT INTO song (song_id, album_id, name, duration_seconds, bpm, track_number) VALUES (2237, 297, 'Affect', 446, 75, 8);
INSERT INTO album (album_id, artist_id, title, release_year, created_at) VALUES (298, 154, 'Synergistic object-oriented support', 1989, NOW());
INSERT INTO song (song_id, album_id, name, duration_seconds, bpm, track_number) VALUES (2238, 298, 'Bag', 303, 149, 1);
INSERT INTO song (song_id, album_id, name, duration_seconds, bpm, track_number) VALUES (2239, 298, 'Television', 424, 152, 2);
INSERT INTO song (song_id, album_id, name, duration_seconds, bpm, track_number) VALUES (2240, 298, 'Better', 142, 75, 3);
INSERT INTO song (song_id, album_id, name, duration_seconds, bpm, track_number) VALUES (2241, 298, 'Fly left pick fact remain', 178, 61, 4);
INSERT INTO song (song_id, album_id, name, duration_seconds, bpm, track_number) VALUES (2242, 298, 'Pretty still you term', 175, 127, 5);
INSERT INTO album (album_id, artist_id, title, release_year, created_at) VALUES (299, 155, 'Face-to-face optimizing strategy', 1974, NOW());
INSERT INTO song (song_id, album_id, name, duration_seconds, bpm, track_number) VALUES (2243, 299, 'Smile gas paper able person', 398, 69, 1);
INSERT INTO song (song_id, album_id, name, duration_seconds, bpm, track_number) VALUES (2244, 299, 'Fire', 271, 64, 2);
INSERT INTO song (song_id, album_id, name, duration_seconds, bpm, track_number) VALUES (2245, 299, 'Onto throw', 417, 114, 3);
INSERT INTO song (song_id, album_id, name, duration_seconds, bpm, track_number) VALUES (2246, 299, 'Deal', 435, 150, 4);
INSERT INTO song (song_id, album_id, name, duration_seconds, bpm, track_number) VALUES (2247, 299, 'Cost fire she president', 285, 116, 5);
INSERT INTO song (song_id, album_id, name, duration_seconds, bpm, track_number) VALUES (2248, 299, 'Today', 364, 65, 6);
INSERT INTO song (song_id, album_id, name, duration_seconds, bpm, track_number) VALUES (2249, 299, 'Language', 139, 130, 7);
INSERT INTO song (song_id, album_id, name, duration_seconds, bpm, track_number) VALUES (2250, 299, 'Table', 250, 104, 8);
INSERT INTO song (song_id, album_id, name, duration_seconds, bpm, track_number) VALUES (2251, 299, 'Down coach issue', 189, 120, 9);
INSERT INTO song (song_id, album_id, name, duration_seconds, bpm, track_number) VALUES (2252, 299, 'Health meeting', 455, 176, 10);
INSERT INTO album (album_id, artist_id, title, release_year, created_at) VALUES (300, 155, 'Up-sized interactive algorithm', 2000, NOW());
INSERT INTO song (song_id, album_id, name, duration_seconds, bpm, track_number) VALUES (2253, 300, 'Ago', 475, 63, 1);
INSERT INTO song (song_id, album_id, name, duration_seconds, bpm, track_number) VALUES (2254, 300, 'Better under although', 154, 77, 2);
INSERT INTO song (song_id, album_id, name, duration_seconds, bpm, track_number) VALUES (2255, 300, 'Us among', 176, 81, 3);
INSERT INTO song (song_id, album_id, name, duration_seconds, bpm, track_number) VALUES (2256, 300, 'Why represent never', 166, 62, 4);
INSERT INTO song (song_id, album_id, name, duration_seconds, bpm, track_number) VALUES (2257, 300, 'Specific', 466, 151, 5);
INSERT INTO song (song_id, album_id, name, duration_seconds, bpm, track_number) VALUES (2258, 300, 'Yes', 421, 86, 6);
INSERT INTO song (song_id, album_id, name, duration_seconds, bpm, track_number) VALUES (2259, 300, 'Brother', 300, 92, 7);
INSERT INTO song (song_id, album_id, name, duration_seconds, bpm, track_number) VALUES (2260, 300, 'Argue dinner', 157, 72, 8);
INSERT INTO song (song_id, album_id, name, duration_seconds, bpm, track_number) VALUES (2261, 300, 'Because', 392, 117, 9);
INSERT INTO song (song_id, album_id, name, duration_seconds, bpm, track_number) VALUES (2262, 300, 'Drop', 256, 116, 10);
INSERT INTO album (album_id, artist_id, title, release_year, created_at) VALUES (301, 155, 'Face-to-face zero administration protocol', 2018, NOW());
INSERT INTO song (song_id, album_id, name, duration_seconds, bpm, track_number) VALUES (2263, 301, 'Join', 376, 168, 1);
INSERT INTO song (song_id, album_id, name, duration_seconds, bpm, track_number) VALUES (2264, 301, 'Pattern discuss', 185, 111, 2);
INSERT INTO song (song_id, album_id, name, duration_seconds, bpm, track_number) VALUES (2265, 301, 'Pretty', 132, 66, 3);
INSERT INTO song (song_id, album_id, name, duration_seconds, bpm, track_number) VALUES (2266, 301, 'Garden just', 271, 115, 4);
INSERT INTO song (song_id, album_id, name, duration_seconds, bpm, track_number) VALUES (2267, 301, 'Over', 242, 173, 5);
INSERT INTO song (song_id, album_id, name, duration_seconds, bpm, track_number) VALUES (2268, 301, 'Court', 470, 92, 6);
INSERT INTO song (song_id, album_id, name, duration_seconds, bpm, track_number) VALUES (2269, 301, 'Understand bag', 389, 72, 7);
INSERT INTO album (album_id, artist_id, title, release_year, created_at) VALUES (302, 156, 'Upgradable intangible algorithm', 2011, NOW());
INSERT INTO song (song_id, album_id, name, duration_seconds, bpm, track_number) VALUES (2270, 302, 'Soon see', 274, 177, 1);
INSERT INTO song (song_id, album_id, name, duration_seconds, bpm, track_number) VALUES (2271, 302, 'Laugh past', 353, 92, 2);
INSERT INTO song (song_id, album_id, name, duration_seconds, bpm, track_number) VALUES (2272, 302, 'Wrong respond change guess', 369, 164, 3);
INSERT INTO song (song_id, album_id, name, duration_seconds, bpm, track_number) VALUES (2273, 302, 'Often moment', 405, 157, 4);
INSERT INTO song (song_id, album_id, name, duration_seconds, bpm, track_number) VALUES (2274, 302, 'High describe hour', 344, 149, 5);
INSERT INTO song (song_id, album_id, name, duration_seconds, bpm, track_number) VALUES (2275, 302, 'Laugh', 192, 158, 6);
INSERT INTO song (song_id, album_id, name, duration_seconds, bpm, track_number) VALUES (2276, 302, 'Sometimes', 309, 90, 7);
INSERT INTO song (song_id, album_id, name, duration_seconds, bpm, track_number) VALUES (2277, 302, 'About short', 365, 173, 8);
INSERT INTO song (song_id, album_id, name, duration_seconds, bpm, track_number) VALUES (2278, 302, 'Put guy', 219, 121, 9);
INSERT INTO song (song_id, album_id, name, duration_seconds, bpm, track_number) VALUES (2279, 302, 'Community', 152, 162, 10);
INSERT INTO album (album_id, artist_id, title, release_year, created_at) VALUES (303, 157, 'Business-focused empowering forecast', 1989, NOW());
INSERT INTO song (song_id, album_id, name, duration_seconds, bpm, track_number) VALUES (2280, 303, 'Could usually', 321, 147, 1);
INSERT INTO song (song_id, album_id, name, duration_seconds, bpm, track_number) VALUES (2281, 303, 'Street', 422, 74, 2);
INSERT INTO song (song_id, album_id, name, duration_seconds, bpm, track_number) VALUES (2282, 303, 'Usually contain interview artist', 295, 129, 3);
INSERT INTO song (song_id, album_id, name, duration_seconds, bpm, track_number) VALUES (2283, 303, 'Conference', 382, 171, 4);
INSERT INTO song (song_id, album_id, name, duration_seconds, bpm, track_number) VALUES (2284, 303, 'Team data', 194, 97, 5);
INSERT INTO song (song_id, album_id, name, duration_seconds, bpm, track_number) VALUES (2285, 303, 'Water recent address painting', 456, 136, 6);
INSERT INTO song (song_id, album_id, name, duration_seconds, bpm, track_number) VALUES (2286, 303, 'Rather science', 433, 86, 7);
INSERT INTO song (song_id, album_id, name, duration_seconds, bpm, track_number) VALUES (2287, 303, 'Until television', 129, 151, 8);
INSERT INTO album (album_id, artist_id, title, release_year, created_at) VALUES (304, 158, 'Focused solution-oriented strategy', 2004, NOW());
INSERT INTO song (song_id, album_id, name, duration_seconds, bpm, track_number) VALUES (2288, 304, 'Action', 367, 131, 1);
INSERT INTO song (song_id, album_id, name, duration_seconds, bpm, track_number) VALUES (2289, 304, 'Natural alone car', 448, 88, 2);
INSERT INTO song (song_id, album_id, name, duration_seconds, bpm, track_number) VALUES (2290, 304, 'Remember successful own', 472, 145, 3);
INSERT INTO song (song_id, album_id, name, duration_seconds, bpm, track_number) VALUES (2291, 304, 'Pattern realize page middle', 364, 99, 4);
INSERT INTO song (song_id, album_id, name, duration_seconds, bpm, track_number) VALUES (2292, 304, 'Century', 380, 172, 5);
INSERT INTO song (song_id, album_id, name, duration_seconds, bpm, track_number) VALUES (2293, 304, 'Wrong', 467, 165, 6);
INSERT INTO song (song_id, album_id, name, duration_seconds, bpm, track_number) VALUES (2294, 304, 'Soldier', 450, 125, 7);
INSERT INTO song (song_id, album_id, name, duration_seconds, bpm, track_number) VALUES (2295, 304, 'Suffer teacher Mr remain', 397, 79, 8);
INSERT INTO song (song_id, album_id, name, duration_seconds, bpm, track_number) VALUES (2296, 304, 'Rich would', 295, 115, 9);
INSERT INTO song (song_id, album_id, name, duration_seconds, bpm, track_number) VALUES (2297, 304, 'What hospital', 309, 95, 10);
INSERT INTO album (album_id, artist_id, title, release_year, created_at) VALUES (305, 158, 'Enhanced well-modulated frame', 2001, NOW());
INSERT INTO song (song_id, album_id, name, duration_seconds, bpm, track_number) VALUES (2298, 305, 'Against court scientist including', 443, 133, 1);
INSERT INTO song (song_id, album_id, name, duration_seconds, bpm, track_number) VALUES (2299, 305, 'Paper girl interest', 330, 171, 2);
INSERT INTO song (song_id, album_id, name, duration_seconds, bpm, track_number) VALUES (2300, 305, 'Yard bring', 193, 139, 3);
INSERT INTO song (song_id, album_id, name, duration_seconds, bpm, track_number) VALUES (2301, 305, 'Partner', 211, 69, 4);
INSERT INTO song (song_id, album_id, name, duration_seconds, bpm, track_number) VALUES (2302, 305, 'Big small somebody', 265, 87, 5);
INSERT INTO song (song_id, album_id, name, duration_seconds, bpm, track_number) VALUES (2303, 305, 'Wonder', 455, 93, 6);
INSERT INTO song (song_id, album_id, name, duration_seconds, bpm, track_number) VALUES (2304, 305, 'Response conference', 204, 146, 7);
INSERT INTO song (song_id, album_id, name, duration_seconds, bpm, track_number) VALUES (2305, 305, 'Position because opportunity', 266, 168, 8);
INSERT INTO album (album_id, artist_id, title, release_year, created_at) VALUES (306, 159, 'Programmable impactful Graphic Interface', 2018, NOW());
INSERT INTO song (song_id, album_id, name, duration_seconds, bpm, track_number) VALUES (2306, 306, 'Their', 406, 109, 1);
INSERT INTO song (song_id, album_id, name, duration_seconds, bpm, track_number) VALUES (2307, 306, 'Gun', 230, 74, 2);
INSERT INTO song (song_id, album_id, name, duration_seconds, bpm, track_number) VALUES (2308, 306, 'Life that', 203, 137, 3);
INSERT INTO song (song_id, album_id, name, duration_seconds, bpm, track_number) VALUES (2309, 306, 'Yet chair', 454, 171, 4);
INSERT INTO song (song_id, album_id, name, duration_seconds, bpm, track_number) VALUES (2310, 306, 'Heavy', 320, 143, 5);
INSERT INTO song (song_id, album_id, name, duration_seconds, bpm, track_number) VALUES (2311, 306, 'Body', 325, 151, 6);
INSERT INTO song (song_id, album_id, name, duration_seconds, bpm, track_number) VALUES (2312, 306, 'Accept hotel', 473, 133, 7);
INSERT INTO song (song_id, album_id, name, duration_seconds, bpm, track_number) VALUES (2313, 306, 'True writer sit', 465, 78, 8);
INSERT INTO song (song_id, album_id, name, duration_seconds, bpm, track_number) VALUES (2314, 306, 'White want', 165, 143, 9);
INSERT INTO song (song_id, album_id, name, duration_seconds, bpm, track_number) VALUES (2315, 306, 'Operation', 243, 61, 10);
INSERT INTO album (album_id, artist_id, title, release_year, created_at) VALUES (307, 160, 'Organized holistic installation', 1972, NOW());
INSERT INTO song (song_id, album_id, name, duration_seconds, bpm, track_number) VALUES (2316, 307, 'Face both both', 394, 129, 1);
INSERT INTO song (song_id, album_id, name, duration_seconds, bpm, track_number) VALUES (2317, 307, 'Write between', 365, 85, 2);
INSERT INTO song (song_id, album_id, name, duration_seconds, bpm, track_number) VALUES (2318, 307, 'Suffer', 441, 145, 3);
INSERT INTO song (song_id, album_id, name, duration_seconds, bpm, track_number) VALUES (2319, 307, 'Case experience own', 243, 66, 4);
INSERT INTO song (song_id, album_id, name, duration_seconds, bpm, track_number) VALUES (2320, 307, 'Morning', 195, 113, 5);
INSERT INTO song (song_id, album_id, name, duration_seconds, bpm, track_number) VALUES (2321, 307, 'Born', 153, 80, 6);
INSERT INTO album (album_id, artist_id, title, release_year, created_at) VALUES (308, 160, 'Business-focused discrete encoding', 1982, NOW());
INSERT INTO song (song_id, album_id, name, duration_seconds, bpm, track_number) VALUES (2322, 308, 'Book class', 122, 132, 1);
INSERT INTO song (song_id, album_id, name, duration_seconds, bpm, track_number) VALUES (2323, 308, 'Information', 480, 109, 2);
INSERT INTO song (song_id, album_id, name, duration_seconds, bpm, track_number) VALUES (2324, 308, 'Argue letter cup wife us', 261, 106, 3);
INSERT INTO song (song_id, album_id, name, duration_seconds, bpm, track_number) VALUES (2325, 308, 'Quickly', 405, 100, 4);
INSERT INTO song (song_id, album_id, name, duration_seconds, bpm, track_number) VALUES (2326, 308, 'Figure nothing', 470, 127, 5);
INSERT INTO song (song_id, album_id, name, duration_seconds, bpm, track_number) VALUES (2327, 308, 'Paper own finally season table', 267, 131, 6);
INSERT INTO song (song_id, album_id, name, duration_seconds, bpm, track_number) VALUES (2328, 308, 'Research', 379, 95, 7);
INSERT INTO song (song_id, album_id, name, duration_seconds, bpm, track_number) VALUES (2329, 308, 'Red cold', 358, 152, 8);
INSERT INTO song (song_id, album_id, name, duration_seconds, bpm, track_number) VALUES (2330, 308, 'International mother', 367, 138, 9);
INSERT INTO song (song_id, album_id, name, duration_seconds, bpm, track_number) VALUES (2331, 308, 'Soldier over', 172, 99, 10);
INSERT INTO album (album_id, artist_id, title, release_year, created_at) VALUES (309, 160, 'Advanced motivating workforce', 1971, NOW());
INSERT INTO song (song_id, album_id, name, duration_seconds, bpm, track_number) VALUES (2332, 309, 'Plan drop', 160, 159, 1);
INSERT INTO song (song_id, album_id, name, duration_seconds, bpm, track_number) VALUES (2333, 309, 'Shake', 431, 129, 2);
INSERT INTO song (song_id, album_id, name, duration_seconds, bpm, track_number) VALUES (2334, 309, 'Occur', 409, 91, 3);
INSERT INTO song (song_id, album_id, name, duration_seconds, bpm, track_number) VALUES (2335, 309, 'Wonder right body present', 239, 119, 4);
INSERT INTO song (song_id, album_id, name, duration_seconds, bpm, track_number) VALUES (2336, 309, 'Space many your arrive', 174, 82, 5);
INSERT INTO song (song_id, album_id, name, duration_seconds, bpm, track_number) VALUES (2337, 309, 'Age', 178, 165, 6);
INSERT INTO song (song_id, album_id, name, duration_seconds, bpm, track_number) VALUES (2338, 309, 'Nice star culture image dream', 160, 102, 7);
INSERT INTO song (song_id, album_id, name, duration_seconds, bpm, track_number) VALUES (2339, 309, 'Enjoy project need cut', 397, 162, 8);
INSERT INTO album (album_id, artist_id, title, release_year, created_at) VALUES (310, 161, 'Object-based non-volatile approach', 2023, NOW());
INSERT INTO song (song_id, album_id, name, duration_seconds, bpm, track_number) VALUES (2340, 310, 'Top', 133, 94, 1);
INSERT INTO song (song_id, album_id, name, duration_seconds, bpm, track_number) VALUES (2341, 310, 'Bad', 227, 72, 2);
INSERT INTO song (song_id, album_id, name, duration_seconds, bpm, track_number) VALUES (2342, 310, 'Possible box scientist may', 126, 128, 3);
INSERT INTO song (song_id, album_id, name, duration_seconds, bpm, track_number) VALUES (2343, 310, 'A tough', 419, 89, 4);
INSERT INTO song (song_id, album_id, name, duration_seconds, bpm, track_number) VALUES (2344, 310, 'Morning significant serve', 402, 91, 5);
INSERT INTO song (song_id, album_id, name, duration_seconds, bpm, track_number) VALUES (2345, 310, 'My writer', 327, 96, 6);
INSERT INTO song (song_id, album_id, name, duration_seconds, bpm, track_number) VALUES (2346, 310, 'Maintain', 445, 86, 7);
INSERT INTO song (song_id, album_id, name, duration_seconds, bpm, track_number) VALUES (2347, 310, 'Sport evening', 256, 74, 8);
INSERT INTO album (album_id, artist_id, title, release_year, created_at) VALUES (311, 161, 'Distributed asynchronous encryption', 2026, NOW());
INSERT INTO song (song_id, album_id, name, duration_seconds, bpm, track_number) VALUES (2348, 311, 'Onto class', 158, 174, 1);
INSERT INTO song (song_id, album_id, name, duration_seconds, bpm, track_number) VALUES (2349, 311, 'Eye', 302, 138, 2);
INSERT INTO song (song_id, album_id, name, duration_seconds, bpm, track_number) VALUES (2350, 311, 'Enter about institution church', 314, 64, 3);
INSERT INTO song (song_id, album_id, name, duration_seconds, bpm, track_number) VALUES (2351, 311, 'Technology million example senior', 272, 102, 4);
INSERT INTO song (song_id, album_id, name, duration_seconds, bpm, track_number) VALUES (2352, 311, 'Score', 386, 74, 5);
INSERT INTO album (album_id, artist_id, title, release_year, created_at) VALUES (312, 162, 'Polarized eco-centric implementation', 1990, NOW());
INSERT INTO song (song_id, album_id, name, duration_seconds, bpm, track_number) VALUES (2353, 312, 'Weight paper establish', 284, 75, 1);
INSERT INTO song (song_id, album_id, name, duration_seconds, bpm, track_number) VALUES (2354, 312, 'Or', 145, 121, 2);
INSERT INTO song (song_id, album_id, name, duration_seconds, bpm, track_number) VALUES (2355, 312, 'Wife energy', 170, 116, 3);
INSERT INTO song (song_id, album_id, name, duration_seconds, bpm, track_number) VALUES (2356, 312, 'Thought employee generation then', 437, 87, 4);
INSERT INTO song (song_id, album_id, name, duration_seconds, bpm, track_number) VALUES (2357, 312, 'Expert', 191, 140, 5);
INSERT INTO song (song_id, album_id, name, duration_seconds, bpm, track_number) VALUES (2358, 312, 'Focus case work', 308, 163, 6);
INSERT INTO song (song_id, album_id, name, duration_seconds, bpm, track_number) VALUES (2359, 312, 'Lay', 142, 123, 7);
INSERT INTO song (song_id, album_id, name, duration_seconds, bpm, track_number) VALUES (2360, 312, 'Perhaps', 356, 145, 8);
INSERT INTO song (song_id, album_id, name, duration_seconds, bpm, track_number) VALUES (2361, 312, 'Popular', 224, 169, 9);
INSERT INTO album (album_id, artist_id, title, release_year, created_at) VALUES (313, 163, 'Fundamental high-level approach', 2014, NOW());
INSERT INTO song (song_id, album_id, name, duration_seconds, bpm, track_number) VALUES (2362, 313, 'Knowledge rate standard', 284, 176, 1);
INSERT INTO song (song_id, album_id, name, duration_seconds, bpm, track_number) VALUES (2363, 313, 'Old word', 192, 138, 2);
INSERT INTO song (song_id, album_id, name, duration_seconds, bpm, track_number) VALUES (2364, 313, 'Vote', 461, 91, 3);
INSERT INTO song (song_id, album_id, name, duration_seconds, bpm, track_number) VALUES (2365, 313, 'Wide', 442, 92, 4);
INSERT INTO song (song_id, album_id, name, duration_seconds, bpm, track_number) VALUES (2366, 313, 'Cause', 298, 96, 5);
INSERT INTO song (song_id, album_id, name, duration_seconds, bpm, track_number) VALUES (2367, 313, 'Lot', 416, 62, 6);
INSERT INTO song (song_id, album_id, name, duration_seconds, bpm, track_number) VALUES (2368, 313, 'Nation', 166, 126, 7);
INSERT INTO album (album_id, artist_id, title, release_year, created_at) VALUES (314, 164, 'Persevering encompassing focus group', 2017, NOW());
INSERT INTO song (song_id, album_id, name, duration_seconds, bpm, track_number) VALUES (2369, 314, 'His also', 403, 172, 1);
INSERT INTO song (song_id, album_id, name, duration_seconds, bpm, track_number) VALUES (2370, 314, 'Important', 287, 85, 2);
INSERT INTO song (song_id, album_id, name, duration_seconds, bpm, track_number) VALUES (2371, 314, 'Customer main later staff', 127, 178, 3);
INSERT INTO song (song_id, album_id, name, duration_seconds, bpm, track_number) VALUES (2372, 314, 'Throughout', 459, 78, 4);
INSERT INTO song (song_id, album_id, name, duration_seconds, bpm, track_number) VALUES (2373, 314, 'Me job', 340, 121, 5);
INSERT INTO song (song_id, album_id, name, duration_seconds, bpm, track_number) VALUES (2374, 314, 'Require word', 358, 147, 6);
INSERT INTO song (song_id, album_id, name, duration_seconds, bpm, track_number) VALUES (2375, 314, 'Recent', 153, 61, 7);
INSERT INTO song (song_id, album_id, name, duration_seconds, bpm, track_number) VALUES (2376, 314, 'Whole', 442, 106, 8);
INSERT INTO song (song_id, album_id, name, duration_seconds, bpm, track_number) VALUES (2377, 314, 'Take', 271, 128, 9);
INSERT INTO song (song_id, album_id, name, duration_seconds, bpm, track_number) VALUES (2378, 314, 'Require', 443, 113, 10);
INSERT INTO album (album_id, artist_id, title, release_year, created_at) VALUES (315, 165, 'Vision-oriented secondary Internet solution', 2024, NOW());
INSERT INTO song (song_id, album_id, name, duration_seconds, bpm, track_number) VALUES (2379, 315, 'Down', 284, 169, 1);
INSERT INTO song (song_id, album_id, name, duration_seconds, bpm, track_number) VALUES (2380, 315, 'Owner', 387, 150, 2);
INSERT INTO song (song_id, album_id, name, duration_seconds, bpm, track_number) VALUES (2381, 315, 'Her', 365, 90, 3);
INSERT INTO song (song_id, album_id, name, duration_seconds, bpm, track_number) VALUES (2382, 315, 'Trade state risk', 436, 135, 4);
INSERT INTO song (song_id, album_id, name, duration_seconds, bpm, track_number) VALUES (2383, 315, 'Here', 411, 147, 5);
INSERT INTO song (song_id, album_id, name, duration_seconds, bpm, track_number) VALUES (2384, 315, 'Star', 276, 147, 6);
INSERT INTO song (song_id, album_id, name, duration_seconds, bpm, track_number) VALUES (2385, 315, 'Both', 288, 99, 7);
INSERT INTO album (album_id, artist_id, title, release_year, created_at) VALUES (316, 165, 'Business-focused solution-oriented instruction set', 2011, NOW());
INSERT INTO song (song_id, album_id, name, duration_seconds, bpm, track_number) VALUES (2386, 316, 'Try night offer head food', 148, 89, 1);
INSERT INTO song (song_id, album_id, name, duration_seconds, bpm, track_number) VALUES (2387, 316, 'Early learn within however', 149, 110, 2);
INSERT INTO song (song_id, album_id, name, duration_seconds, bpm, track_number) VALUES (2388, 316, 'Week', 253, 147, 3);
INSERT INTO song (song_id, album_id, name, duration_seconds, bpm, track_number) VALUES (2389, 316, 'Candidate', 380, 94, 4);
INSERT INTO song (song_id, album_id, name, duration_seconds, bpm, track_number) VALUES (2390, 316, 'Whatever court wind employee', 402, 73, 5);
INSERT INTO song (song_id, album_id, name, duration_seconds, bpm, track_number) VALUES (2391, 316, 'Resource', 401, 138, 6);
INSERT INTO song (song_id, album_id, name, duration_seconds, bpm, track_number) VALUES (2392, 316, 'Camera', 275, 125, 7);
INSERT INTO song (song_id, album_id, name, duration_seconds, bpm, track_number) VALUES (2393, 316, 'Want evening do', 249, 109, 8);
INSERT INTO song (song_id, album_id, name, duration_seconds, bpm, track_number) VALUES (2394, 316, 'Position', 190, 123, 9);
INSERT INTO album (album_id, artist_id, title, release_year, created_at) VALUES (317, 166, 'Operative dedicated product', 1983, NOW());
INSERT INTO song (song_id, album_id, name, duration_seconds, bpm, track_number) VALUES (2395, 317, 'Beyond identify', 259, 164, 1);
INSERT INTO song (song_id, album_id, name, duration_seconds, bpm, track_number) VALUES (2396, 317, 'Hour', 367, 94, 2);
INSERT INTO song (song_id, album_id, name, duration_seconds, bpm, track_number) VALUES (2397, 317, 'Field ability for with', 470, 100, 3);
INSERT INTO song (song_id, album_id, name, duration_seconds, bpm, track_number) VALUES (2398, 317, 'Together certainly already', 305, 96, 4);
INSERT INTO song (song_id, album_id, name, duration_seconds, bpm, track_number) VALUES (2399, 317, 'Read must', 395, 125, 5);
INSERT INTO song (song_id, album_id, name, duration_seconds, bpm, track_number) VALUES (2400, 317, 'Also', 404, 166, 6);
INSERT INTO album (album_id, artist_id, title, release_year, created_at) VALUES (318, 166, 'Optional explicit info-mediaries', 2007, NOW());
INSERT INTO song (song_id, album_id, name, duration_seconds, bpm, track_number) VALUES (2401, 318, 'Challenge rather choice', 387, 64, 1);
INSERT INTO song (song_id, album_id, name, duration_seconds, bpm, track_number) VALUES (2402, 318, 'Level fish', 429, 83, 2);
INSERT INTO song (song_id, album_id, name, duration_seconds, bpm, track_number) VALUES (2403, 318, 'Move police along', 437, 127, 3);
INSERT INTO song (song_id, album_id, name, duration_seconds, bpm, track_number) VALUES (2404, 318, 'Student community', 309, 118, 4);
INSERT INTO song (song_id, album_id, name, duration_seconds, bpm, track_number) VALUES (2405, 318, 'Us personal', 350, 83, 5);
INSERT INTO song (song_id, album_id, name, duration_seconds, bpm, track_number) VALUES (2406, 318, 'Bag risk close research', 462, 171, 6);
INSERT INTO song (song_id, album_id, name, duration_seconds, bpm, track_number) VALUES (2407, 318, 'Once common', 293, 106, 7);
INSERT INTO album (album_id, artist_id, title, release_year, created_at) VALUES (319, 167, 'Profit-focused optimizing paradigm', 1992, NOW());
INSERT INTO song (song_id, album_id, name, duration_seconds, bpm, track_number) VALUES (2408, 319, 'Develop your leave', 226, 151, 1);
INSERT INTO song (song_id, album_id, name, duration_seconds, bpm, track_number) VALUES (2409, 319, 'Administration television her individual heart', 302, 83, 2);
INSERT INTO song (song_id, album_id, name, duration_seconds, bpm, track_number) VALUES (2410, 319, 'Student stay strong', 377, 66, 3);
INSERT INTO song (song_id, album_id, name, duration_seconds, bpm, track_number) VALUES (2411, 319, 'Sport', 146, 112, 4);
INSERT INTO song (song_id, album_id, name, duration_seconds, bpm, track_number) VALUES (2412, 319, 'Once', 230, 147, 5);
INSERT INTO song (song_id, album_id, name, duration_seconds, bpm, track_number) VALUES (2413, 319, 'Never fight send', 161, 156, 6);
INSERT INTO song (song_id, album_id, name, duration_seconds, bpm, track_number) VALUES (2414, 319, 'Check staff', 184, 123, 7);
INSERT INTO album (album_id, artist_id, title, release_year, created_at) VALUES (320, 168, 'Automated stable flexibility', 1989, NOW());
INSERT INTO song (song_id, album_id, name, duration_seconds, bpm, track_number) VALUES (2415, 320, 'Statement want', 269, 114, 1);
INSERT INTO song (song_id, album_id, name, duration_seconds, bpm, track_number) VALUES (2416, 320, 'Product', 348, 161, 2);
INSERT INTO song (song_id, album_id, name, duration_seconds, bpm, track_number) VALUES (2417, 320, 'Interest billion', 437, 121, 3);
INSERT INTO song (song_id, album_id, name, duration_seconds, bpm, track_number) VALUES (2418, 320, 'Tell interest', 183, 165, 4);
INSERT INTO song (song_id, album_id, name, duration_seconds, bpm, track_number) VALUES (2419, 320, 'Recent', 287, 151, 5);
INSERT INTO album (album_id, artist_id, title, release_year, created_at) VALUES (321, 168, 'Cross-group bi-directional toolset', 1970, NOW());
INSERT INTO song (song_id, album_id, name, duration_seconds, bpm, track_number) VALUES (2420, 321, 'Campaign second keep', 217, 115, 1);
INSERT INTO song (song_id, album_id, name, duration_seconds, bpm, track_number) VALUES (2421, 321, 'Less study every', 165, 85, 2);
INSERT INTO song (song_id, album_id, name, duration_seconds, bpm, track_number) VALUES (2422, 321, 'Lose like', 204, 157, 3);
INSERT INTO song (song_id, album_id, name, duration_seconds, bpm, track_number) VALUES (2423, 321, 'Former attention two', 466, 93, 4);
INSERT INTO song (song_id, album_id, name, duration_seconds, bpm, track_number) VALUES (2424, 321, 'Friend', 234, 84, 5);
INSERT INTO album (album_id, artist_id, title, release_year, created_at) VALUES (322, 169, 'Progressive homogeneous service-desk', 2006, NOW());
INSERT INTO song (song_id, album_id, name, duration_seconds, bpm, track_number) VALUES (2425, 322, 'Southern', 406, 88, 1);
INSERT INTO song (song_id, album_id, name, duration_seconds, bpm, track_number) VALUES (2426, 322, 'Night cell', 265, 161, 2);
INSERT INTO song (song_id, album_id, name, duration_seconds, bpm, track_number) VALUES (2427, 322, 'Upon truth', 237, 175, 3);
INSERT INTO song (song_id, album_id, name, duration_seconds, bpm, track_number) VALUES (2428, 322, 'Around method', 321, 81, 4);
INSERT INTO song (song_id, album_id, name, duration_seconds, bpm, track_number) VALUES (2429, 322, 'Type entire painting itself great', 173, 80, 5);
INSERT INTO song (song_id, album_id, name, duration_seconds, bpm, track_number) VALUES (2430, 322, 'About', 160, 135, 6);
INSERT INTO song (song_id, album_id, name, duration_seconds, bpm, track_number) VALUES (2431, 322, 'Front', 316, 123, 7);
INSERT INTO album (album_id, artist_id, title, release_year, created_at) VALUES (323, 169, 'Switchable user-facing core', 1998, NOW());
INSERT INTO song (song_id, album_id, name, duration_seconds, bpm, track_number) VALUES (2432, 323, 'Where pattern challenge', 231, 117, 1);
INSERT INTO song (song_id, album_id, name, duration_seconds, bpm, track_number) VALUES (2433, 323, 'Line reality focus article', 190, 144, 2);
INSERT INTO song (song_id, album_id, name, duration_seconds, bpm, track_number) VALUES (2434, 323, 'Above executive new', 477, 149, 3);
INSERT INTO song (song_id, album_id, name, duration_seconds, bpm, track_number) VALUES (2435, 323, 'Dog treatment', 472, 135, 4);
INSERT INTO song (song_id, album_id, name, duration_seconds, bpm, track_number) VALUES (2436, 323, 'Measure', 340, 71, 5);
INSERT INTO song (song_id, album_id, name, duration_seconds, bpm, track_number) VALUES (2437, 323, 'Near', 170, 148, 6);
INSERT INTO song (song_id, album_id, name, duration_seconds, bpm, track_number) VALUES (2438, 323, 'No', 195, 100, 7);
INSERT INTO song (song_id, album_id, name, duration_seconds, bpm, track_number) VALUES (2439, 323, 'Season red', 461, 145, 8);
INSERT INTO song (song_id, album_id, name, duration_seconds, bpm, track_number) VALUES (2440, 323, 'Attention', 323, 151, 9);
INSERT INTO album (album_id, artist_id, title, release_year, created_at) VALUES (324, 170, 'Horizontal 6thgeneration definition', 2019, NOW());
INSERT INTO song (song_id, album_id, name, duration_seconds, bpm, track_number) VALUES (2441, 324, 'Serve', 342, 133, 1);
INSERT INTO song (song_id, album_id, name, duration_seconds, bpm, track_number) VALUES (2442, 324, 'Woman boy have', 148, 67, 2);
INSERT INTO song (song_id, album_id, name, duration_seconds, bpm, track_number) VALUES (2443, 324, 'Environmental', 368, 118, 3);
INSERT INTO song (song_id, album_id, name, duration_seconds, bpm, track_number) VALUES (2444, 324, 'Care exist', 246, 64, 4);
INSERT INTO song (song_id, album_id, name, duration_seconds, bpm, track_number) VALUES (2445, 324, 'Full', 416, 147, 5);
INSERT INTO song (song_id, album_id, name, duration_seconds, bpm, track_number) VALUES (2446, 324, 'System boy investment', 144, 122, 6);
INSERT INTO song (song_id, album_id, name, duration_seconds, bpm, track_number) VALUES (2447, 324, 'Ago', 222, 106, 7);
INSERT INTO song (song_id, album_id, name, duration_seconds, bpm, track_number) VALUES (2448, 324, 'Kid herself free', 306, 144, 8);
INSERT INTO song (song_id, album_id, name, duration_seconds, bpm, track_number) VALUES (2449, 324, 'Under', 188, 80, 9);
INSERT INTO song (song_id, album_id, name, duration_seconds, bpm, track_number) VALUES (2450, 324, 'Power local', 184, 160, 10);
INSERT INTO album (album_id, artist_id, title, release_year, created_at) VALUES (325, 170, 'Total 5thgeneration solution', 2006, NOW());
INSERT INTO song (song_id, album_id, name, duration_seconds, bpm, track_number) VALUES (2451, 325, 'Would maintain religious', 264, 96, 1);
INSERT INTO song (song_id, album_id, name, duration_seconds, bpm, track_number) VALUES (2452, 325, 'Thousand', 426, 98, 2);
INSERT INTO song (song_id, album_id, name, duration_seconds, bpm, track_number) VALUES (2453, 325, 'Light win', 147, 78, 3);
INSERT INTO song (song_id, album_id, name, duration_seconds, bpm, track_number) VALUES (2454, 325, 'Eat', 181, 141, 4);
INSERT INTO song (song_id, album_id, name, duration_seconds, bpm, track_number) VALUES (2455, 325, 'Consumer address', 424, 128, 5);
INSERT INTO song (song_id, album_id, name, duration_seconds, bpm, track_number) VALUES (2456, 325, 'Whom store', 335, 158, 6);
INSERT INTO song (song_id, album_id, name, duration_seconds, bpm, track_number) VALUES (2457, 325, 'Sea', 199, 64, 7);
INSERT INTO song (song_id, album_id, name, duration_seconds, bpm, track_number) VALUES (2458, 325, 'Character truth', 357, 82, 8);
INSERT INTO song (song_id, album_id, name, duration_seconds, bpm, track_number) VALUES (2459, 325, 'Which home', 267, 165, 9);
INSERT INTO album (album_id, artist_id, title, release_year, created_at) VALUES (326, 170, 'Robust actuating algorithm', 2007, NOW());
INSERT INTO song (song_id, album_id, name, duration_seconds, bpm, track_number) VALUES (2460, 326, 'Play conference question', 363, 88, 1);
INSERT INTO song (song_id, album_id, name, duration_seconds, bpm, track_number) VALUES (2461, 326, 'Film book', 403, 66, 2);
INSERT INTO song (song_id, album_id, name, duration_seconds, bpm, track_number) VALUES (2462, 326, 'Every realize', 468, 94, 3);
INSERT INTO song (song_id, album_id, name, duration_seconds, bpm, track_number) VALUES (2463, 326, 'Day', 158, 91, 4);
INSERT INTO song (song_id, album_id, name, duration_seconds, bpm, track_number) VALUES (2464, 326, 'Operation', 381, 117, 5);
INSERT INTO song (song_id, album_id, name, duration_seconds, bpm, track_number) VALUES (2465, 326, 'Conference', 250, 85, 6);
INSERT INTO song (song_id, album_id, name, duration_seconds, bpm, track_number) VALUES (2466, 326, 'Majority because', 420, 88, 7);
INSERT INTO album (album_id, artist_id, title, release_year, created_at) VALUES (327, 171, 'Robust incremental model', 2012, NOW());
INSERT INTO song (song_id, album_id, name, duration_seconds, bpm, track_number) VALUES (2467, 327, 'Program majority box effort few', 231, 89, 1);
INSERT INTO song (song_id, album_id, name, duration_seconds, bpm, track_number) VALUES (2468, 327, 'Nor', 228, 124, 2);
INSERT INTO song (song_id, album_id, name, duration_seconds, bpm, track_number) VALUES (2469, 327, 'Court', 391, 89, 3);
INSERT INTO song (song_id, album_id, name, duration_seconds, bpm, track_number) VALUES (2470, 327, 'Parent east red', 455, 170, 4);
INSERT INTO song (song_id, album_id, name, duration_seconds, bpm, track_number) VALUES (2471, 327, 'Court', 251, 124, 5);
INSERT INTO album (album_id, artist_id, title, release_year, created_at) VALUES (328, 171, 'Pre-emptive multimedia website', 2012, NOW());
INSERT INTO song (song_id, album_id, name, duration_seconds, bpm, track_number) VALUES (2472, 328, 'Meeting write', 284, 177, 1);
INSERT INTO song (song_id, album_id, name, duration_seconds, bpm, track_number) VALUES (2473, 328, 'Science evidence never', 258, 131, 2);
INSERT INTO song (song_id, album_id, name, duration_seconds, bpm, track_number) VALUES (2474, 328, 'Response', 348, 121, 3);
INSERT INTO song (song_id, album_id, name, duration_seconds, bpm, track_number) VALUES (2475, 328, 'People mention', 258, 91, 4);
INSERT INTO song (song_id, album_id, name, duration_seconds, bpm, track_number) VALUES (2476, 328, 'Whatever whom raise analysis guy', 434, 171, 5);
INSERT INTO song (song_id, album_id, name, duration_seconds, bpm, track_number) VALUES (2477, 328, 'Newspaper field head', 161, 75, 6);
INSERT INTO album (album_id, artist_id, title, release_year, created_at) VALUES (329, 171, 'Cross-platform intermediate website', 1975, NOW());
INSERT INTO song (song_id, album_id, name, duration_seconds, bpm, track_number) VALUES (2478, 329, 'Item', 226, 155, 1);
INSERT INTO song (song_id, album_id, name, duration_seconds, bpm, track_number) VALUES (2479, 329, 'Age', 475, 110, 2);
INSERT INTO song (song_id, album_id, name, duration_seconds, bpm, track_number) VALUES (2480, 329, 'Different address', 240, 137, 3);
INSERT INTO song (song_id, album_id, name, duration_seconds, bpm, track_number) VALUES (2481, 329, 'Edge guy threat', 231, 67, 4);
INSERT INTO song (song_id, album_id, name, duration_seconds, bpm, track_number) VALUES (2482, 329, 'Plant respond close might produce', 374, 167, 5);
INSERT INTO album (album_id, artist_id, title, release_year, created_at) VALUES (330, 172, 'Reverse-engineered mobile open system', 2024, NOW());
INSERT INTO song (song_id, album_id, name, duration_seconds, bpm, track_number) VALUES (2483, 330, 'Ago', 401, 129, 1);
INSERT INTO song (song_id, album_id, name, duration_seconds, bpm, track_number) VALUES (2484, 330, 'Various', 277, 162, 2);
INSERT INTO song (song_id, album_id, name, duration_seconds, bpm, track_number) VALUES (2485, 330, 'Tonight', 144, 167, 3);
INSERT INTO song (song_id, album_id, name, duration_seconds, bpm, track_number) VALUES (2486, 330, 'Fight', 316, 167, 4);
INSERT INTO song (song_id, album_id, name, duration_seconds, bpm, track_number) VALUES (2487, 330, 'Level event able wind', 362, 127, 5);
INSERT INTO song (song_id, album_id, name, duration_seconds, bpm, track_number) VALUES (2488, 330, 'Thank agency born', 133, 101, 6);
INSERT INTO song (song_id, album_id, name, duration_seconds, bpm, track_number) VALUES (2489, 330, 'Hard', 120, 78, 7);
INSERT INTO song (song_id, album_id, name, duration_seconds, bpm, track_number) VALUES (2490, 330, 'Statement character open', 223, 115, 8);
INSERT INTO song (song_id, album_id, name, duration_seconds, bpm, track_number) VALUES (2491, 330, 'Off', 266, 112, 9);
INSERT INTO album (album_id, artist_id, title, release_year, created_at) VALUES (331, 173, 'Optional client-server moderator', 1986, NOW());
INSERT INTO song (song_id, album_id, name, duration_seconds, bpm, track_number) VALUES (2492, 331, 'Indicate', 159, 180, 1);
INSERT INTO song (song_id, album_id, name, duration_seconds, bpm, track_number) VALUES (2493, 331, 'Number', 473, 123, 2);
INSERT INTO song (song_id, album_id, name, duration_seconds, bpm, track_number) VALUES (2494, 331, 'Collection', 469, 101, 3);
INSERT INTO song (song_id, album_id, name, duration_seconds, bpm, track_number) VALUES (2495, 331, 'Green sort paper', 420, 109, 4);
INSERT INTO song (song_id, album_id, name, duration_seconds, bpm, track_number) VALUES (2496, 331, 'Yourself can too have', 450, 86, 5);
INSERT INTO song (song_id, album_id, name, duration_seconds, bpm, track_number) VALUES (2497, 331, 'Ten', 177, 179, 6);
INSERT INTO album (album_id, artist_id, title, release_year, created_at) VALUES (332, 173, 'Compatible 5thgeneration productivity', 1988, NOW());
INSERT INTO song (song_id, album_id, name, duration_seconds, bpm, track_number) VALUES (2498, 332, 'Value car', 129, 75, 1);
INSERT INTO song (song_id, album_id, name, duration_seconds, bpm, track_number) VALUES (2499, 332, 'Statement hand', 316, 84, 2);
INSERT INTO song (song_id, album_id, name, duration_seconds, bpm, track_number) VALUES (2500, 332, 'Down resource military', 399, 62, 3);
INSERT INTO song (song_id, album_id, name, duration_seconds, bpm, track_number) VALUES (2501, 332, 'Hospital', 289, 145, 4);
INSERT INTO song (song_id, album_id, name, duration_seconds, bpm, track_number) VALUES (2502, 332, 'Energy', 443, 67, 5);
INSERT INTO song (song_id, album_id, name, duration_seconds, bpm, track_number) VALUES (2503, 332, 'Chair', 387, 85, 6);
INSERT INTO song (song_id, album_id, name, duration_seconds, bpm, track_number) VALUES (2504, 332, 'Wife', 414, 85, 7);
INSERT INTO song (song_id, album_id, name, duration_seconds, bpm, track_number) VALUES (2505, 332, 'Lay', 190, 133, 8);
INSERT INTO song (song_id, album_id, name, duration_seconds, bpm, track_number) VALUES (2506, 332, 'Whether skill', 150, 102, 9);
INSERT INTO song (song_id, album_id, name, duration_seconds, bpm, track_number) VALUES (2507, 332, 'Already financial', 400, 89, 10);
INSERT INTO album (album_id, artist_id, title, release_year, created_at) VALUES (333, 173, 'Diverse global ability', 2022, NOW());
INSERT INTO song (song_id, album_id, name, duration_seconds, bpm, track_number) VALUES (2508, 333, 'Smile effort', 174, 137, 1);
INSERT INTO song (song_id, album_id, name, duration_seconds, bpm, track_number) VALUES (2509, 333, 'Parent source', 392, 61, 2);
INSERT INTO song (song_id, album_id, name, duration_seconds, bpm, track_number) VALUES (2510, 333, 'Stage', 292, 93, 3);
INSERT INTO song (song_id, album_id, name, duration_seconds, bpm, track_number) VALUES (2511, 333, 'Lot', 278, 116, 4);
INSERT INTO song (song_id, album_id, name, duration_seconds, bpm, track_number) VALUES (2512, 333, 'Least say', 191, 93, 5);
INSERT INTO album (album_id, artist_id, title, release_year, created_at) VALUES (334, 174, 'Cross-group cohesive secured line', 1997, NOW());
INSERT INTO song (song_id, album_id, name, duration_seconds, bpm, track_number) VALUES (2513, 334, 'Part', 343, 131, 1);
INSERT INTO song (song_id, album_id, name, duration_seconds, bpm, track_number) VALUES (2514, 334, 'Within', 135, 149, 2);
INSERT INTO song (song_id, album_id, name, duration_seconds, bpm, track_number) VALUES (2515, 334, 'Section body', 406, 78, 3);
INSERT INTO song (song_id, album_id, name, duration_seconds, bpm, track_number) VALUES (2516, 334, 'Receive', 381, 129, 4);
INSERT INTO song (song_id, album_id, name, duration_seconds, bpm, track_number) VALUES (2517, 334, 'Finally the quickly term', 292, 121, 5);
INSERT INTO song (song_id, album_id, name, duration_seconds, bpm, track_number) VALUES (2518, 334, 'Listen', 364, 133, 6);
INSERT INTO song (song_id, album_id, name, duration_seconds, bpm, track_number) VALUES (2519, 334, 'Public let financial', 312, 118, 7);
INSERT INTO song (song_id, album_id, name, duration_seconds, bpm, track_number) VALUES (2520, 334, 'Ability ready loss develop', 476, 64, 8);
INSERT INTO album (album_id, artist_id, title, release_year, created_at) VALUES (335, 174, 'Fully-configurable intermediate synergy', 2010, NOW());
INSERT INTO song (song_id, album_id, name, duration_seconds, bpm, track_number) VALUES (2521, 335, 'Section', 374, 151, 1);
INSERT INTO song (song_id, album_id, name, duration_seconds, bpm, track_number) VALUES (2522, 335, 'Program', 250, 148, 2);
INSERT INTO song (song_id, album_id, name, duration_seconds, bpm, track_number) VALUES (2523, 335, 'Within senior', 247, 151, 3);
INSERT INTO song (song_id, album_id, name, duration_seconds, bpm, track_number) VALUES (2524, 335, 'Mention', 229, 117, 4);
INSERT INTO song (song_id, album_id, name, duration_seconds, bpm, track_number) VALUES (2525, 335, 'Decide their', 295, 106, 5);
INSERT INTO song (song_id, album_id, name, duration_seconds, bpm, track_number) VALUES (2526, 335, 'Describe theory fact', 303, 173, 6);
INSERT INTO song (song_id, album_id, name, duration_seconds, bpm, track_number) VALUES (2527, 335, 'Feeling', 163, 117, 7);
INSERT INTO song (song_id, album_id, name, duration_seconds, bpm, track_number) VALUES (2528, 335, 'Democratic he senior', 227, 178, 8);
INSERT INTO song (song_id, album_id, name, duration_seconds, bpm, track_number) VALUES (2529, 335, 'Then', 137, 117, 9);
INSERT INTO album (album_id, artist_id, title, release_year, created_at) VALUES (336, 174, 'Pre-emptive even-keeled leverage', 2002, NOW());
INSERT INTO song (song_id, album_id, name, duration_seconds, bpm, track_number) VALUES (2530, 336, 'Challenge of example', 134, 62, 1);
INSERT INTO song (song_id, album_id, name, duration_seconds, bpm, track_number) VALUES (2531, 336, 'Partner', 404, 83, 2);
INSERT INTO song (song_id, album_id, name, duration_seconds, bpm, track_number) VALUES (2532, 336, 'Generation', 308, 131, 3);
INSERT INTO song (song_id, album_id, name, duration_seconds, bpm, track_number) VALUES (2533, 336, 'Blood', 275, 97, 4);
INSERT INTO song (song_id, album_id, name, duration_seconds, bpm, track_number) VALUES (2534, 336, 'Animal', 442, 161, 5);
INSERT INTO album (album_id, artist_id, title, release_year, created_at) VALUES (337, 175, 'Cross-group context-sensitive parallelism', 2008, NOW());
INSERT INTO song (song_id, album_id, name, duration_seconds, bpm, track_number) VALUES (2535, 337, 'Blue', 164, 81, 1);
INSERT INTO song (song_id, album_id, name, duration_seconds, bpm, track_number) VALUES (2536, 337, 'You environment laugh show', 274, 90, 2);
INSERT INTO song (song_id, album_id, name, duration_seconds, bpm, track_number) VALUES (2537, 337, 'Avoid system', 457, 156, 3);
INSERT INTO song (song_id, album_id, name, duration_seconds, bpm, track_number) VALUES (2538, 337, 'Issue the', 256, 145, 4);
INSERT INTO song (song_id, album_id, name, duration_seconds, bpm, track_number) VALUES (2539, 337, 'Rise', 446, 180, 5);
INSERT INTO song (song_id, album_id, name, duration_seconds, bpm, track_number) VALUES (2540, 337, 'Tell', 203, 151, 6);
INSERT INTO song (song_id, album_id, name, duration_seconds, bpm, track_number) VALUES (2541, 337, 'Ground', 202, 105, 7);
INSERT INTO album (album_id, artist_id, title, release_year, created_at) VALUES (338, 175, 'Exclusive analyzing flexibility', 1975, NOW());
INSERT INTO song (song_id, album_id, name, duration_seconds, bpm, track_number) VALUES (2542, 338, 'Under rise property', 199, 153, 1);
INSERT INTO song (song_id, album_id, name, duration_seconds, bpm, track_number) VALUES (2543, 338, 'Scene money', 389, 62, 2);
INSERT INTO song (song_id, album_id, name, duration_seconds, bpm, track_number) VALUES (2544, 338, 'Computer often strategy quality about', 372, 64, 3);
INSERT INTO song (song_id, album_id, name, duration_seconds, bpm, track_number) VALUES (2545, 338, 'American', 166, 69, 4);
INSERT INTO song (song_id, album_id, name, duration_seconds, bpm, track_number) VALUES (2546, 338, 'Certain', 387, 65, 5);
INSERT INTO song (song_id, album_id, name, duration_seconds, bpm, track_number) VALUES (2547, 338, 'Throw blue thousand gun plan', 154, 144, 6);
INSERT INTO song (song_id, album_id, name, duration_seconds, bpm, track_number) VALUES (2548, 338, 'Face', 252, 79, 7);
INSERT INTO song (song_id, album_id, name, duration_seconds, bpm, track_number) VALUES (2549, 338, 'Property product war', 264, 107, 8);
INSERT INTO album (album_id, artist_id, title, release_year, created_at) VALUES (339, 175, 'Quality-focused neutral concept', 2005, NOW());
INSERT INTO song (song_id, album_id, name, duration_seconds, bpm, track_number) VALUES (2550, 339, 'Record', 341, 164, 1);
INSERT INTO song (song_id, album_id, name, duration_seconds, bpm, track_number) VALUES (2551, 339, 'Society job', 139, 114, 2);
INSERT INTO song (song_id, album_id, name, duration_seconds, bpm, track_number) VALUES (2552, 339, 'Others force provide', 416, 123, 3);
INSERT INTO song (song_id, album_id, name, duration_seconds, bpm, track_number) VALUES (2553, 339, 'Democrat', 304, 93, 4);
INSERT INTO song (song_id, album_id, name, duration_seconds, bpm, track_number) VALUES (2554, 339, 'Mr TV may', 457, 103, 5);
INSERT INTO song (song_id, album_id, name, duration_seconds, bpm, track_number) VALUES (2555, 339, 'Claim full son', 324, 102, 6);
INSERT INTO song (song_id, album_id, name, duration_seconds, bpm, track_number) VALUES (2556, 339, 'Scientist', 454, 60, 7);
INSERT INTO album (album_id, artist_id, title, release_year, created_at) VALUES (340, 176, 'Fully-configurable impactful application', 2023, NOW());
INSERT INTO song (song_id, album_id, name, duration_seconds, bpm, track_number) VALUES (2557, 340, 'Under present agent positive', 244, 100, 1);
INSERT INTO song (song_id, album_id, name, duration_seconds, bpm, track_number) VALUES (2558, 340, 'Method long yet', 378, 179, 2);
INSERT INTO song (song_id, album_id, name, duration_seconds, bpm, track_number) VALUES (2559, 340, 'Sing', 470, 91, 3);
INSERT INTO song (song_id, album_id, name, duration_seconds, bpm, track_number) VALUES (2560, 340, 'As baby actually ability', 357, 73, 4);
INSERT INTO song (song_id, album_id, name, duration_seconds, bpm, track_number) VALUES (2561, 340, 'Accept large able customer', 121, 142, 5);
INSERT INTO song (song_id, album_id, name, duration_seconds, bpm, track_number) VALUES (2562, 340, 'Professional evening', 418, 119, 6);
INSERT INTO song (song_id, album_id, name, duration_seconds, bpm, track_number) VALUES (2563, 340, 'Kid rock early', 428, 125, 7);
INSERT INTO song (song_id, album_id, name, duration_seconds, bpm, track_number) VALUES (2564, 340, 'Strong', 340, 167, 8);
INSERT INTO song (song_id, album_id, name, duration_seconds, bpm, track_number) VALUES (2565, 340, 'Maybe', 350, 160, 9);
INSERT INTO song (song_id, album_id, name, duration_seconds, bpm, track_number) VALUES (2566, 340, 'Heavy phone fire fear', 353, 113, 10);
INSERT INTO album (album_id, artist_id, title, release_year, created_at) VALUES (341, 177, 'Reduced context-sensitive portal', 1983, NOW());
INSERT INTO song (song_id, album_id, name, duration_seconds, bpm, track_number) VALUES (2567, 341, 'Budget next', 441, 86, 1);
INSERT INTO song (song_id, album_id, name, duration_seconds, bpm, track_number) VALUES (2568, 341, 'Hospital', 312, 78, 2);
INSERT INTO song (song_id, album_id, name, duration_seconds, bpm, track_number) VALUES (2569, 341, 'Trip', 377, 65, 3);
INSERT INTO song (song_id, album_id, name, duration_seconds, bpm, track_number) VALUES (2570, 341, 'Plant', 196, 143, 4);
INSERT INTO song (song_id, album_id, name, duration_seconds, bpm, track_number) VALUES (2571, 341, 'Television', 175, 136, 5);
INSERT INTO song (song_id, album_id, name, duration_seconds, bpm, track_number) VALUES (2572, 341, 'Much', 315, 103, 6);
INSERT INTO song (song_id, album_id, name, duration_seconds, bpm, track_number) VALUES (2573, 341, 'Role edge', 381, 165, 7);
INSERT INTO song (song_id, album_id, name, duration_seconds, bpm, track_number) VALUES (2574, 341, 'Himself military lose', 367, 155, 8);
INSERT INTO album (album_id, artist_id, title, release_year, created_at) VALUES (342, 178, 'Realigned asynchronous knowledgebase', 1994, NOW());
INSERT INTO song (song_id, album_id, name, duration_seconds, bpm, track_number) VALUES (2575, 342, 'Defense', 145, 174, 1);
INSERT INTO song (song_id, album_id, name, duration_seconds, bpm, track_number) VALUES (2576, 342, 'Speak enough add', 405, 128, 2);
INSERT INTO song (song_id, album_id, name, duration_seconds, bpm, track_number) VALUES (2577, 342, 'Mr', 133, 177, 3);
INSERT INTO song (song_id, album_id, name, duration_seconds, bpm, track_number) VALUES (2578, 342, 'Fear industry', 147, 84, 4);
INSERT INTO song (song_id, album_id, name, duration_seconds, bpm, track_number) VALUES (2579, 342, 'Spring song', 274, 61, 5);
INSERT INTO song (song_id, album_id, name, duration_seconds, bpm, track_number) VALUES (2580, 342, 'Safe', 236, 109, 6);
INSERT INTO song (song_id, album_id, name, duration_seconds, bpm, track_number) VALUES (2581, 342, 'Then hot fall', 261, 133, 7);
INSERT INTO album (album_id, artist_id, title, release_year, created_at) VALUES (343, 178, 'Adaptive radical complexity', 2016, NOW());
INSERT INTO song (song_id, album_id, name, duration_seconds, bpm, track_number) VALUES (2582, 343, 'Power man meeting', 329, 180, 1);
INSERT INTO song (song_id, album_id, name, duration_seconds, bpm, track_number) VALUES (2583, 343, 'May', 475, 147, 2);
INSERT INTO song (song_id, album_id, name, duration_seconds, bpm, track_number) VALUES (2584, 343, 'Likely security eight', 309, 125, 3);
INSERT INTO song (song_id, album_id, name, duration_seconds, bpm, track_number) VALUES (2585, 343, 'Third', 415, 163, 4);
INSERT INTO song (song_id, album_id, name, duration_seconds, bpm, track_number) VALUES (2586, 343, 'Environmental local little', 252, 151, 5);
INSERT INTO song (song_id, album_id, name, duration_seconds, bpm, track_number) VALUES (2587, 343, 'Building', 273, 175, 6);
INSERT INTO song (song_id, album_id, name, duration_seconds, bpm, track_number) VALUES (2588, 343, 'Hundred', 444, 106, 7);
INSERT INTO song (song_id, album_id, name, duration_seconds, bpm, track_number) VALUES (2589, 343, 'Bit', 435, 152, 8);
INSERT INTO song (song_id, album_id, name, duration_seconds, bpm, track_number) VALUES (2590, 343, 'Student grow', 159, 111, 9);
INSERT INTO album (album_id, artist_id, title, release_year, created_at) VALUES (344, 178, 'Re-engineered tertiary forecast', 1971, NOW());
INSERT INTO song (song_id, album_id, name, duration_seconds, bpm, track_number) VALUES (2591, 344, 'Partner', 184, 103, 1);
INSERT INTO song (song_id, album_id, name, duration_seconds, bpm, track_number) VALUES (2592, 344, 'Family', 276, 63, 2);
INSERT INTO song (song_id, album_id, name, duration_seconds, bpm, track_number) VALUES (2593, 344, 'Leave position local thousand', 223, 146, 3);
INSERT INTO song (song_id, album_id, name, duration_seconds, bpm, track_number) VALUES (2594, 344, 'Stock station themselves chair', 235, 164, 4);
INSERT INTO song (song_id, album_id, name, duration_seconds, bpm, track_number) VALUES (2595, 344, 'Happen choice', 262, 116, 5);
INSERT INTO song (song_id, album_id, name, duration_seconds, bpm, track_number) VALUES (2596, 344, 'Level', 230, 123, 6);
INSERT INTO song (song_id, album_id, name, duration_seconds, bpm, track_number) VALUES (2597, 344, 'Job', 377, 124, 7);
INSERT INTO song (song_id, album_id, name, duration_seconds, bpm, track_number) VALUES (2598, 344, 'Offer you capital', 346, 153, 8);
INSERT INTO album (album_id, artist_id, title, release_year, created_at) VALUES (345, 179, 'Triple-buffered explicit orchestration', 2010, NOW());
INSERT INTO song (song_id, album_id, name, duration_seconds, bpm, track_number) VALUES (2599, 345, 'Indicate', 411, 94, 1);
INSERT INTO song (song_id, album_id, name, duration_seconds, bpm, track_number) VALUES (2600, 345, 'Body sense', 221, 78, 2);
INSERT INTO song (song_id, album_id, name, duration_seconds, bpm, track_number) VALUES (2601, 345, 'Represent music case', 401, 125, 3);
INSERT INTO song (song_id, album_id, name, duration_seconds, bpm, track_number) VALUES (2602, 345, 'Policy economic', 252, 73, 4);
INSERT INTO song (song_id, album_id, name, duration_seconds, bpm, track_number) VALUES (2603, 345, 'Specific', 157, 166, 5);
INSERT INTO song (song_id, album_id, name, duration_seconds, bpm, track_number) VALUES (2604, 345, 'Nice most include', 235, 116, 6);
INSERT INTO song (song_id, album_id, name, duration_seconds, bpm, track_number) VALUES (2605, 345, 'Woman hard how house', 453, 163, 7);
INSERT INTO album (album_id, artist_id, title, release_year, created_at) VALUES (346, 179, 'Enterprise-wide tangible system engine', 1995, NOW());
INSERT INTO song (song_id, album_id, name, duration_seconds, bpm, track_number) VALUES (2606, 346, 'Drop break', 124, 100, 1);
INSERT INTO song (song_id, album_id, name, duration_seconds, bpm, track_number) VALUES (2607, 346, 'Me', 200, 88, 2);
INSERT INTO song (song_id, album_id, name, duration_seconds, bpm, track_number) VALUES (2608, 346, 'Line government election voice', 385, 154, 3);
INSERT INTO song (song_id, album_id, name, duration_seconds, bpm, track_number) VALUES (2609, 346, 'Despite exactly peace campaign assume', 398, 148, 4);
INSERT INTO song (song_id, album_id, name, duration_seconds, bpm, track_number) VALUES (2610, 346, 'Magazine', 126, 165, 5);
INSERT INTO song (song_id, album_id, name, duration_seconds, bpm, track_number) VALUES (2611, 346, 'Team', 428, 105, 6);
INSERT INTO song (song_id, album_id, name, duration_seconds, bpm, track_number) VALUES (2612, 346, 'Congress', 208, 92, 7);
INSERT INTO song (song_id, album_id, name, duration_seconds, bpm, track_number) VALUES (2613, 346, 'Never east war', 178, 119, 8);
INSERT INTO album (album_id, artist_id, title, release_year, created_at) VALUES (347, 180, 'Universal dynamic moderator', 2023, NOW());
INSERT INTO song (song_id, album_id, name, duration_seconds, bpm, track_number) VALUES (2614, 347, 'Investment positive those', 458, 102, 1);
INSERT INTO song (song_id, album_id, name, duration_seconds, bpm, track_number) VALUES (2615, 347, 'Take', 404, 93, 2);
INSERT INTO song (song_id, album_id, name, duration_seconds, bpm, track_number) VALUES (2616, 347, 'Third customer', 382, 76, 3);
INSERT INTO song (song_id, album_id, name, duration_seconds, bpm, track_number) VALUES (2617, 347, 'Treatment surface key', 428, 68, 4);
INSERT INTO song (song_id, album_id, name, duration_seconds, bpm, track_number) VALUES (2618, 347, 'Whom your', 194, 153, 5);
INSERT INTO song (song_id, album_id, name, duration_seconds, bpm, track_number) VALUES (2619, 347, 'Specific data', 325, 92, 6);
INSERT INTO song (song_id, album_id, name, duration_seconds, bpm, track_number) VALUES (2620, 347, 'So cold truth single', 428, 126, 7);
INSERT INTO song (song_id, album_id, name, duration_seconds, bpm, track_number) VALUES (2621, 347, 'Course', 370, 114, 8);
INSERT INTO album (album_id, artist_id, title, release_year, created_at) VALUES (348, 180, 'De-engineered intermediate interface', 1987, NOW());
INSERT INTO song (song_id, album_id, name, duration_seconds, bpm, track_number) VALUES (2622, 348, 'Believe many', 473, 123, 1);
INSERT INTO song (song_id, album_id, name, duration_seconds, bpm, track_number) VALUES (2623, 348, 'Include police', 229, 144, 2);
INSERT INTO song (song_id, album_id, name, duration_seconds, bpm, track_number) VALUES (2624, 348, 'Democratic', 207, 180, 3);
INSERT INTO song (song_id, album_id, name, duration_seconds, bpm, track_number) VALUES (2625, 348, 'Story', 207, 149, 4);
INSERT INTO song (song_id, album_id, name, duration_seconds, bpm, track_number) VALUES (2626, 348, 'Enjoy', 415, 102, 5);
INSERT INTO song (song_id, album_id, name, duration_seconds, bpm, track_number) VALUES (2627, 348, 'In soldier from hope', 408, 130, 6);
INSERT INTO album (album_id, artist_id, title, release_year, created_at) VALUES (349, 181, 'Universal web-enabled instruction set', 1976, NOW());
INSERT INTO song (song_id, album_id, name, duration_seconds, bpm, track_number) VALUES (2628, 349, 'Huge', 438, 98, 1);
INSERT INTO song (song_id, album_id, name, duration_seconds, bpm, track_number) VALUES (2629, 349, 'Money seat', 396, 123, 2);
INSERT INTO song (song_id, album_id, name, duration_seconds, bpm, track_number) VALUES (2630, 349, 'Political', 286, 140, 3);
INSERT INTO song (song_id, album_id, name, duration_seconds, bpm, track_number) VALUES (2631, 349, 'Much show', 374, 125, 4);
INSERT INTO song (song_id, album_id, name, duration_seconds, bpm, track_number) VALUES (2632, 349, 'Compare', 406, 164, 5);
INSERT INTO song (song_id, album_id, name, duration_seconds, bpm, track_number) VALUES (2633, 349, 'Visit important', 317, 129, 6);
INSERT INTO song (song_id, album_id, name, duration_seconds, bpm, track_number) VALUES (2634, 349, 'Now', 353, 116, 7);
INSERT INTO song (song_id, album_id, name, duration_seconds, bpm, track_number) VALUES (2635, 349, 'But pass', 394, 165, 8);
INSERT INTO song (song_id, album_id, name, duration_seconds, bpm, track_number) VALUES (2636, 349, 'Seat crime environmental', 273, 68, 9);
INSERT INTO album (album_id, artist_id, title, release_year, created_at) VALUES (350, 182, 'Robust bi-directional groupware', 1976, NOW());
INSERT INTO song (song_id, album_id, name, duration_seconds, bpm, track_number) VALUES (2637, 350, 'Behind', 306, 76, 1);
INSERT INTO song (song_id, album_id, name, duration_seconds, bpm, track_number) VALUES (2638, 350, 'Laugh radio tell offer', 420, 107, 2);
INSERT INTO song (song_id, album_id, name, duration_seconds, bpm, track_number) VALUES (2639, 350, 'Thing put stop whose', 258, 162, 3);
INSERT INTO song (song_id, album_id, name, duration_seconds, bpm, track_number) VALUES (2640, 350, 'Visit west', 129, 108, 4);
INSERT INTO song (song_id, album_id, name, duration_seconds, bpm, track_number) VALUES (2641, 350, 'Pay across', 201, 72, 5);
INSERT INTO song (song_id, album_id, name, duration_seconds, bpm, track_number) VALUES (2642, 350, 'Significant describe', 384, 110, 6);
INSERT INTO song (song_id, album_id, name, duration_seconds, bpm, track_number) VALUES (2643, 350, 'These century hour', 354, 176, 7);
INSERT INTO song (song_id, album_id, name, duration_seconds, bpm, track_number) VALUES (2644, 350, 'Try must', 370, 69, 8);
INSERT INTO song (song_id, album_id, name, duration_seconds, bpm, track_number) VALUES (2645, 350, 'Cup marriage', 471, 156, 9);
INSERT INTO song (song_id, album_id, name, duration_seconds, bpm, track_number) VALUES (2646, 350, 'Receive certainly return truth PM', 288, 139, 10);
INSERT INTO album (album_id, artist_id, title, release_year, created_at) VALUES (351, 183, 'Compatible asymmetric infrastructure', 2002, NOW());
INSERT INTO song (song_id, album_id, name, duration_seconds, bpm, track_number) VALUES (2647, 351, 'Compare compare', 143, 96, 1);
INSERT INTO song (song_id, album_id, name, duration_seconds, bpm, track_number) VALUES (2648, 351, 'Nothing', 387, 124, 2);
INSERT INTO song (song_id, album_id, name, duration_seconds, bpm, track_number) VALUES (2649, 351, 'Event statement dog', 343, 102, 3);
INSERT INTO song (song_id, album_id, name, duration_seconds, bpm, track_number) VALUES (2650, 351, 'True debate stock', 152, 88, 4);
INSERT INTO song (song_id, album_id, name, duration_seconds, bpm, track_number) VALUES (2651, 351, 'Today', 308, 136, 5);
INSERT INTO song (song_id, album_id, name, duration_seconds, bpm, track_number) VALUES (2652, 351, 'Shake federal doctor whose out', 222, 177, 6);
INSERT INTO song (song_id, album_id, name, duration_seconds, bpm, track_number) VALUES (2653, 351, 'Attack decade', 215, 94, 7);
INSERT INTO song (song_id, album_id, name, duration_seconds, bpm, track_number) VALUES (2654, 351, 'Suffer', 400, 83, 8);
INSERT INTO song (song_id, album_id, name, duration_seconds, bpm, track_number) VALUES (2655, 351, 'News', 331, 77, 9);
INSERT INTO album (album_id, artist_id, title, release_year, created_at) VALUES (352, 184, 'Assimilated human-resource model', 1988, NOW());
INSERT INTO song (song_id, album_id, name, duration_seconds, bpm, track_number) VALUES (2656, 352, 'Player', 345, 98, 1);
INSERT INTO song (song_id, album_id, name, duration_seconds, bpm, track_number) VALUES (2657, 352, 'Win person', 123, 128, 2);
INSERT INTO song (song_id, album_id, name, duration_seconds, bpm, track_number) VALUES (2658, 352, 'Themselves end', 239, 177, 3);
INSERT INTO song (song_id, album_id, name, duration_seconds, bpm, track_number) VALUES (2659, 352, 'Sound paper through', 149, 82, 4);
INSERT INTO song (song_id, album_id, name, duration_seconds, bpm, track_number) VALUES (2660, 352, 'Possible', 353, 154, 5);
INSERT INTO song (song_id, album_id, name, duration_seconds, bpm, track_number) VALUES (2661, 352, 'Among president and price', 415, 96, 6);
INSERT INTO song (song_id, album_id, name, duration_seconds, bpm, track_number) VALUES (2662, 352, 'Administration family themselves', 191, 70, 7);
INSERT INTO album (album_id, artist_id, title, release_year, created_at) VALUES (353, 184, 'Proactive well-modulated instruction set', 2008, NOW());
INSERT INTO song (song_id, album_id, name, duration_seconds, bpm, track_number) VALUES (2663, 353, 'Hour rest start', 313, 70, 1);
INSERT INTO song (song_id, album_id, name, duration_seconds, bpm, track_number) VALUES (2664, 353, 'Down', 444, 142, 2);
INSERT INTO song (song_id, album_id, name, duration_seconds, bpm, track_number) VALUES (2665, 353, 'True detail off', 163, 176, 3);
INSERT INTO song (song_id, album_id, name, duration_seconds, bpm, track_number) VALUES (2666, 353, 'Child member', 480, 83, 4);
INSERT INTO song (song_id, album_id, name, duration_seconds, bpm, track_number) VALUES (2667, 353, 'Approach', 163, 108, 5);
INSERT INTO song (song_id, album_id, name, duration_seconds, bpm, track_number) VALUES (2668, 353, 'Teach image', 321, 170, 6);
INSERT INTO song (song_id, album_id, name, duration_seconds, bpm, track_number) VALUES (2669, 353, 'Before suddenly raise argue', 357, 63, 7);
INSERT INTO song (song_id, album_id, name, duration_seconds, bpm, track_number) VALUES (2670, 353, 'Cup left', 434, 171, 8);
INSERT INTO album (album_id, artist_id, title, release_year, created_at) VALUES (354, 184, 'Up-sized exuding leverage', 2010, NOW());
INSERT INTO song (song_id, album_id, name, duration_seconds, bpm, track_number) VALUES (2671, 354, 'Reason finally each hear adult', 152, 75, 1);
INSERT INTO song (song_id, album_id, name, duration_seconds, bpm, track_number) VALUES (2672, 354, 'Decision pressure', 456, 148, 2);
INSERT INTO song (song_id, album_id, name, duration_seconds, bpm, track_number) VALUES (2673, 354, 'On', 435, 150, 3);
INSERT INTO song (song_id, album_id, name, duration_seconds, bpm, track_number) VALUES (2674, 354, 'Data over true board', 251, 148, 4);
INSERT INTO song (song_id, album_id, name, duration_seconds, bpm, track_number) VALUES (2675, 354, 'Summer campaign forward', 229, 132, 5);
INSERT INTO song (song_id, album_id, name, duration_seconds, bpm, track_number) VALUES (2676, 354, 'Late site common score', 262, 179, 6);
INSERT INTO song (song_id, album_id, name, duration_seconds, bpm, track_number) VALUES (2677, 354, 'Effort economy', 189, 70, 7);
INSERT INTO song (song_id, album_id, name, duration_seconds, bpm, track_number) VALUES (2678, 354, 'Front', 229, 145, 8);
INSERT INTO album (album_id, artist_id, title, release_year, created_at) VALUES (355, 185, 'Enterprise-wide national synergy', 2012, NOW());
INSERT INTO song (song_id, album_id, name, duration_seconds, bpm, track_number) VALUES (2679, 355, 'Four single', 419, 127, 1);
INSERT INTO song (song_id, album_id, name, duration_seconds, bpm, track_number) VALUES (2680, 355, 'Debate', 314, 131, 2);
INSERT INTO song (song_id, album_id, name, duration_seconds, bpm, track_number) VALUES (2681, 355, 'Response', 380, 87, 3);
INSERT INTO song (song_id, album_id, name, duration_seconds, bpm, track_number) VALUES (2682, 355, 'Set stop', 308, 113, 4);
INSERT INTO song (song_id, album_id, name, duration_seconds, bpm, track_number) VALUES (2683, 355, 'Nice', 306, 115, 5);
INSERT INTO album (album_id, artist_id, title, release_year, created_at) VALUES (356, 186, 'Expanded logistical frame', 1980, NOW());
INSERT INTO song (song_id, album_id, name, duration_seconds, bpm, track_number) VALUES (2684, 356, 'Some', 213, 86, 1);
INSERT INTO song (song_id, album_id, name, duration_seconds, bpm, track_number) VALUES (2685, 356, 'Arm', 458, 138, 2);
INSERT INTO song (song_id, album_id, name, duration_seconds, bpm, track_number) VALUES (2686, 356, 'Star', 220, 116, 3);
INSERT INTO song (song_id, album_id, name, duration_seconds, bpm, track_number) VALUES (2687, 356, 'Economic', 296, 117, 4);
INSERT INTO song (song_id, album_id, name, duration_seconds, bpm, track_number) VALUES (2688, 356, 'Face', 135, 69, 5);
INSERT INTO song (song_id, album_id, name, duration_seconds, bpm, track_number) VALUES (2689, 356, 'Open', 281, 152, 6);
INSERT INTO song (song_id, album_id, name, duration_seconds, bpm, track_number) VALUES (2690, 356, 'Floor around', 276, 148, 7);
INSERT INTO song (song_id, album_id, name, duration_seconds, bpm, track_number) VALUES (2691, 356, 'Friend soon condition individual', 375, 140, 8);
INSERT INTO album (album_id, artist_id, title, release_year, created_at) VALUES (357, 186, 'Multi-tiered stable knowledge user', 1985, NOW());
INSERT INTO song (song_id, album_id, name, duration_seconds, bpm, track_number) VALUES (2692, 357, 'Set nice place', 281, 128, 1);
INSERT INTO song (song_id, album_id, name, duration_seconds, bpm, track_number) VALUES (2693, 357, 'Turn necessary', 374, 69, 2);
INSERT INTO song (song_id, album_id, name, duration_seconds, bpm, track_number) VALUES (2694, 357, 'Good', 368, 166, 3);
INSERT INTO song (song_id, album_id, name, duration_seconds, bpm, track_number) VALUES (2695, 357, 'Save nor', 456, 144, 4);
INSERT INTO song (song_id, album_id, name, duration_seconds, bpm, track_number) VALUES (2696, 357, 'Manage', 266, 82, 5);
INSERT INTO song (song_id, album_id, name, duration_seconds, bpm, track_number) VALUES (2697, 357, 'Decade', 308, 101, 6);
INSERT INTO album (album_id, artist_id, title, release_year, created_at) VALUES (358, 187, 'Business-focused didactic core', 1996, NOW());
INSERT INTO song (song_id, album_id, name, duration_seconds, bpm, track_number) VALUES (2698, 358, 'Than wait beat', 398, 83, 1);
INSERT INTO song (song_id, album_id, name, duration_seconds, bpm, track_number) VALUES (2699, 358, 'Part always how real pull', 132, 98, 2);
INSERT INTO song (song_id, album_id, name, duration_seconds, bpm, track_number) VALUES (2700, 358, 'Activity general', 198, 105, 3);
INSERT INTO song (song_id, album_id, name, duration_seconds, bpm, track_number) VALUES (2701, 358, 'Sometimes news effort impact', 121, 61, 4);
INSERT INTO song (song_id, album_id, name, duration_seconds, bpm, track_number) VALUES (2702, 358, 'Law', 225, 150, 5);
INSERT INTO album (album_id, artist_id, title, release_year, created_at) VALUES (359, 188, 'Function-based multi-tasking process improvement', 1986, NOW());
INSERT INTO song (song_id, album_id, name, duration_seconds, bpm, track_number) VALUES (2703, 359, 'Too age western move spend', 124, 168, 1);
INSERT INTO song (song_id, album_id, name, duration_seconds, bpm, track_number) VALUES (2704, 359, 'Team', 216, 99, 2);
INSERT INTO song (song_id, album_id, name, duration_seconds, bpm, track_number) VALUES (2705, 359, 'Site', 361, 62, 3);
INSERT INTO song (song_id, album_id, name, duration_seconds, bpm, track_number) VALUES (2706, 359, 'Option', 249, 117, 4);
INSERT INTO song (song_id, album_id, name, duration_seconds, bpm, track_number) VALUES (2707, 359, 'Loss', 244, 176, 5);
INSERT INTO song (song_id, album_id, name, duration_seconds, bpm, track_number) VALUES (2708, 359, 'Enjoy', 460, 131, 6);
INSERT INTO song (song_id, album_id, name, duration_seconds, bpm, track_number) VALUES (2709, 359, 'Professional movie', 210, 79, 7);
INSERT INTO song (song_id, album_id, name, duration_seconds, bpm, track_number) VALUES (2710, 359, 'Decide', 212, 65, 8);
INSERT INTO song (song_id, album_id, name, duration_seconds, bpm, track_number) VALUES (2711, 359, 'Walk field', 164, 140, 9);
INSERT INTO album (album_id, artist_id, title, release_year, created_at) VALUES (360, 188, 'Synchronized optimal infrastructure', 2014, NOW());
INSERT INTO song (song_id, album_id, name, duration_seconds, bpm, track_number) VALUES (2712, 360, 'Throughout', 156, 132, 1);
INSERT INTO song (song_id, album_id, name, duration_seconds, bpm, track_number) VALUES (2713, 360, 'Society answer sit', 297, 119, 2);
INSERT INTO song (song_id, album_id, name, duration_seconds, bpm, track_number) VALUES (2714, 360, 'Least number', 379, 73, 3);
INSERT INTO song (song_id, album_id, name, duration_seconds, bpm, track_number) VALUES (2715, 360, 'Specific employee', 345, 120, 4);
INSERT INTO song (song_id, album_id, name, duration_seconds, bpm, track_number) VALUES (2716, 360, 'Key focus', 261, 90, 5);
INSERT INTO song (song_id, album_id, name, duration_seconds, bpm, track_number) VALUES (2717, 360, 'Rise', 143, 141, 6);
INSERT INTO album (album_id, artist_id, title, release_year, created_at) VALUES (361, 189, 'Polarized systematic encryption', 2003, NOW());
INSERT INTO song (song_id, album_id, name, duration_seconds, bpm, track_number) VALUES (2718, 361, 'Serious moment simple south', 450, 174, 1);
INSERT INTO song (song_id, album_id, name, duration_seconds, bpm, track_number) VALUES (2719, 361, 'Cost where everyone rock traditional', 168, 172, 2);
INSERT INTO song (song_id, album_id, name, duration_seconds, bpm, track_number) VALUES (2720, 361, 'Huge', 350, 99, 3);
INSERT INTO song (song_id, album_id, name, duration_seconds, bpm, track_number) VALUES (2721, 361, 'Congress', 411, 152, 4);
INSERT INTO song (song_id, album_id, name, duration_seconds, bpm, track_number) VALUES (2722, 361, 'Growth', 467, 171, 5);
INSERT INTO song (song_id, album_id, name, duration_seconds, bpm, track_number) VALUES (2723, 361, 'Threat everybody', 250, 116, 6);
INSERT INTO song (song_id, album_id, name, duration_seconds, bpm, track_number) VALUES (2724, 361, 'Interesting wife', 339, 137, 7);
INSERT INTO song (song_id, album_id, name, duration_seconds, bpm, track_number) VALUES (2725, 361, 'Response', 338, 60, 8);
INSERT INTO album (album_id, artist_id, title, release_year, created_at) VALUES (362, 189, 'Up-sized hybrid open architecture', 2021, NOW());
INSERT INTO song (song_id, album_id, name, duration_seconds, bpm, track_number) VALUES (2726, 362, 'Player', 134, 138, 1);
INSERT INTO song (song_id, album_id, name, duration_seconds, bpm, track_number) VALUES (2727, 362, 'Stand TV', 139, 82, 2);
INSERT INTO song (song_id, album_id, name, duration_seconds, bpm, track_number) VALUES (2728, 362, 'Expert part', 296, 147, 3);
INSERT INTO song (song_id, album_id, name, duration_seconds, bpm, track_number) VALUES (2729, 362, 'Significant', 415, 69, 4);
INSERT INTO song (song_id, album_id, name, duration_seconds, bpm, track_number) VALUES (2730, 362, 'Reason indicate front like', 275, 148, 5);
INSERT INTO song (song_id, album_id, name, duration_seconds, bpm, track_number) VALUES (2731, 362, 'Federal operation become', 400, 125, 6);
INSERT INTO song (song_id, album_id, name, duration_seconds, bpm, track_number) VALUES (2732, 362, 'Bank measure time', 151, 92, 7);
INSERT INTO song (song_id, album_id, name, duration_seconds, bpm, track_number) VALUES (2733, 362, 'Analysis arrive', 163, 161, 8);
INSERT INTO song (song_id, album_id, name, duration_seconds, bpm, track_number) VALUES (2734, 362, 'Medical sister', 257, 61, 9);
INSERT INTO album (album_id, artist_id, title, release_year, created_at) VALUES (363, 190, 'Synergistic even-keeled database', 2016, NOW());
INSERT INTO song (song_id, album_id, name, duration_seconds, bpm, track_number) VALUES (2735, 363, 'One west', 190, 94, 1);
INSERT INTO song (song_id, album_id, name, duration_seconds, bpm, track_number) VALUES (2736, 363, 'Trade relate of reveal', 262, 176, 2);
INSERT INTO song (song_id, album_id, name, duration_seconds, bpm, track_number) VALUES (2737, 363, 'Figure', 272, 77, 3);
INSERT INTO song (song_id, album_id, name, duration_seconds, bpm, track_number) VALUES (2738, 363, 'Town', 313, 108, 4);
INSERT INTO song (song_id, album_id, name, duration_seconds, bpm, track_number) VALUES (2739, 363, 'Approach', 408, 157, 5);
INSERT INTO song (song_id, album_id, name, duration_seconds, bpm, track_number) VALUES (2740, 363, 'President on', 258, 69, 6);
INSERT INTO song (song_id, album_id, name, duration_seconds, bpm, track_number) VALUES (2741, 363, 'New level', 406, 162, 7);
INSERT INTO album (album_id, artist_id, title, release_year, created_at) VALUES (364, 190, 'Advanced radical toolset', 1995, NOW());
INSERT INTO song (song_id, album_id, name, duration_seconds, bpm, track_number) VALUES (2742, 364, 'Budget send listen might field', 400, 117, 1);
INSERT INTO song (song_id, album_id, name, duration_seconds, bpm, track_number) VALUES (2743, 364, 'Know note back', 165, 150, 2);
INSERT INTO song (song_id, album_id, name, duration_seconds, bpm, track_number) VALUES (2744, 364, 'At view cut what', 227, 169, 3);
INSERT INTO song (song_id, album_id, name, duration_seconds, bpm, track_number) VALUES (2745, 364, 'Wife', 173, 84, 4);
INSERT INTO song (song_id, album_id, name, duration_seconds, bpm, track_number) VALUES (2746, 364, 'Become', 249, 175, 5);
INSERT INTO album (album_id, artist_id, title, release_year, created_at) VALUES (365, 191, 'Visionary bandwidth-monitored synergy', 2000, NOW());
INSERT INTO song (song_id, album_id, name, duration_seconds, bpm, track_number) VALUES (2747, 365, 'Reason', 268, 87, 1);
INSERT INTO song (song_id, album_id, name, duration_seconds, bpm, track_number) VALUES (2748, 365, 'Radio exist charge', 303, 153, 2);
INSERT INTO song (song_id, album_id, name, duration_seconds, bpm, track_number) VALUES (2749, 365, 'Use', 455, 172, 3);
INSERT INTO song (song_id, album_id, name, duration_seconds, bpm, track_number) VALUES (2750, 365, 'Reduce her', 309, 167, 4);
INSERT INTO song (song_id, album_id, name, duration_seconds, bpm, track_number) VALUES (2751, 365, 'Week thousand city generation beat', 291, 153, 5);
INSERT INTO song (song_id, album_id, name, duration_seconds, bpm, track_number) VALUES (2752, 365, 'So wait', 147, 78, 6);
INSERT INTO song (song_id, album_id, name, duration_seconds, bpm, track_number) VALUES (2753, 365, 'Continue', 143, 69, 7);
INSERT INTO song (song_id, album_id, name, duration_seconds, bpm, track_number) VALUES (2754, 365, 'Them', 194, 115, 8);
INSERT INTO song (song_id, album_id, name, duration_seconds, bpm, track_number) VALUES (2755, 365, 'Idea analysis', 142, 119, 9);
INSERT INTO song (song_id, album_id, name, duration_seconds, bpm, track_number) VALUES (2756, 365, 'World', 458, 73, 10);
INSERT INTO album (album_id, artist_id, title, release_year, created_at) VALUES (366, 192, 'Virtual national info-mediaries', 2008, NOW());
INSERT INTO song (song_id, album_id, name, duration_seconds, bpm, track_number) VALUES (2757, 366, 'Still develop', 476, 173, 1);
INSERT INTO song (song_id, album_id, name, duration_seconds, bpm, track_number) VALUES (2758, 366, 'Power song', 289, 70, 2);
INSERT INTO song (song_id, album_id, name, duration_seconds, bpm, track_number) VALUES (2759, 366, 'Language', 191, 90, 3);
INSERT INTO song (song_id, album_id, name, duration_seconds, bpm, track_number) VALUES (2760, 366, 'Last', 455, 127, 4);
INSERT INTO song (song_id, album_id, name, duration_seconds, bpm, track_number) VALUES (2761, 366, 'Camera', 122, 78, 5);
INSERT INTO song (song_id, album_id, name, duration_seconds, bpm, track_number) VALUES (2762, 366, 'Option', 241, 175, 6);
INSERT INTO song (song_id, album_id, name, duration_seconds, bpm, track_number) VALUES (2763, 366, 'Week', 228, 166, 7);
INSERT INTO song (song_id, album_id, name, duration_seconds, bpm, track_number) VALUES (2764, 366, 'Cell', 235, 168, 8);
INSERT INTO album (album_id, artist_id, title, release_year, created_at) VALUES (367, 193, 'Persevering mobile monitoring', 2003, NOW());
INSERT INTO song (song_id, album_id, name, duration_seconds, bpm, track_number) VALUES (2765, 367, 'Manage age stop', 436, 89, 1);
INSERT INTO song (song_id, album_id, name, duration_seconds, bpm, track_number) VALUES (2766, 367, 'Use stop popular', 270, 163, 2);
INSERT INTO song (song_id, album_id, name, duration_seconds, bpm, track_number) VALUES (2767, 367, 'Actually top air push', 413, 141, 3);
INSERT INTO song (song_id, album_id, name, duration_seconds, bpm, track_number) VALUES (2768, 367, 'Collection consider', 184, 174, 4);
INSERT INTO song (song_id, album_id, name, duration_seconds, bpm, track_number) VALUES (2769, 367, 'Guess billion', 367, 177, 5);
INSERT INTO album (album_id, artist_id, title, release_year, created_at) VALUES (368, 194, 'Focused 4thgeneration Internet solution', 2007, NOW());
INSERT INTO song (song_id, album_id, name, duration_seconds, bpm, track_number) VALUES (2770, 368, 'Carry individual', 138, 180, 1);
INSERT INTO song (song_id, album_id, name, duration_seconds, bpm, track_number) VALUES (2771, 368, 'Consumer', 417, 140, 2);
INSERT INTO song (song_id, album_id, name, duration_seconds, bpm, track_number) VALUES (2772, 368, 'Address above', 316, 176, 3);
INSERT INTO song (song_id, album_id, name, duration_seconds, bpm, track_number) VALUES (2773, 368, 'Establish', 169, 77, 4);
INSERT INTO song (song_id, album_id, name, duration_seconds, bpm, track_number) VALUES (2774, 368, 'These', 224, 67, 5);
INSERT INTO song (song_id, album_id, name, duration_seconds, bpm, track_number) VALUES (2775, 368, 'Truth activity family his', 369, 72, 6);
INSERT INTO song (song_id, album_id, name, duration_seconds, bpm, track_number) VALUES (2776, 368, 'Figure ten', 273, 177, 7);
INSERT INTO song (song_id, album_id, name, duration_seconds, bpm, track_number) VALUES (2777, 368, 'Attorney', 362, 117, 8);
INSERT INTO song (song_id, album_id, name, duration_seconds, bpm, track_number) VALUES (2778, 368, 'Lead right represent', 469, 134, 9);
INSERT INTO album (album_id, artist_id, title, release_year, created_at) VALUES (369, 195, 'Sharable methodical structure', 1982, NOW());
INSERT INTO song (song_id, album_id, name, duration_seconds, bpm, track_number) VALUES (2779, 369, 'Chance because', 126, 136, 1);
INSERT INTO song (song_id, album_id, name, duration_seconds, bpm, track_number) VALUES (2780, 369, 'Recent', 120, 71, 2);
INSERT INTO song (song_id, album_id, name, duration_seconds, bpm, track_number) VALUES (2781, 369, 'Boy through method', 330, 71, 3);
INSERT INTO song (song_id, album_id, name, duration_seconds, bpm, track_number) VALUES (2782, 369, 'News hair describe', 465, 101, 4);
INSERT INTO song (song_id, album_id, name, duration_seconds, bpm, track_number) VALUES (2783, 369, 'Consumer customer', 395, 132, 5);
INSERT INTO song (song_id, album_id, name, duration_seconds, bpm, track_number) VALUES (2784, 369, 'Program', 205, 83, 6);
INSERT INTO album (album_id, artist_id, title, release_year, created_at) VALUES (370, 195, 'Balanced value-added attitude', 2000, NOW());
INSERT INTO song (song_id, album_id, name, duration_seconds, bpm, track_number) VALUES (2785, 370, 'Man respond', 213, 123, 1);
INSERT INTO song (song_id, album_id, name, duration_seconds, bpm, track_number) VALUES (2786, 370, 'Your feel perform question week', 327, 116, 2);
INSERT INTO song (song_id, album_id, name, duration_seconds, bpm, track_number) VALUES (2787, 370, 'Table join', 156, 168, 3);
INSERT INTO song (song_id, album_id, name, duration_seconds, bpm, track_number) VALUES (2788, 370, 'Peace ten', 429, 153, 4);
INSERT INTO song (song_id, album_id, name, duration_seconds, bpm, track_number) VALUES (2789, 370, 'Community decade career', 477, 74, 5);
INSERT INTO album (album_id, artist_id, title, release_year, created_at) VALUES (371, 195, 'Optimized national structure', 2017, NOW());
INSERT INTO song (song_id, album_id, name, duration_seconds, bpm, track_number) VALUES (2790, 371, 'Voice few', 420, 145, 1);
INSERT INTO song (song_id, album_id, name, duration_seconds, bpm, track_number) VALUES (2791, 371, 'Property involve cover', 231, 70, 2);
INSERT INTO song (song_id, album_id, name, duration_seconds, bpm, track_number) VALUES (2792, 371, 'Language you', 143, 106, 3);
INSERT INTO song (song_id, album_id, name, duration_seconds, bpm, track_number) VALUES (2793, 371, 'End', 469, 158, 4);
INSERT INTO song (song_id, album_id, name, duration_seconds, bpm, track_number) VALUES (2794, 371, 'Right fact', 395, 74, 5);
INSERT INTO song (song_id, album_id, name, duration_seconds, bpm, track_number) VALUES (2795, 371, 'Computer offer', 130, 121, 6);
INSERT INTO album (album_id, artist_id, title, release_year, created_at) VALUES (372, 196, 'Extended well-modulated standardization', 2015, NOW());
INSERT INTO song (song_id, album_id, name, duration_seconds, bpm, track_number) VALUES (2796, 372, 'Expect short', 152, 112, 1);
INSERT INTO song (song_id, album_id, name, duration_seconds, bpm, track_number) VALUES (2797, 372, 'Quality', 164, 158, 2);
INSERT INTO song (song_id, album_id, name, duration_seconds, bpm, track_number) VALUES (2798, 372, 'Administration', 467, 63, 3);
INSERT INTO song (song_id, album_id, name, duration_seconds, bpm, track_number) VALUES (2799, 372, 'Small wait behavior lawyer', 383, 123, 4);
INSERT INTO song (song_id, album_id, name, duration_seconds, bpm, track_number) VALUES (2800, 372, 'Enter sure', 473, 68, 5);
INSERT INTO song (song_id, album_id, name, duration_seconds, bpm, track_number) VALUES (2801, 372, 'Candidate enter against', 368, 63, 6);
INSERT INTO song (song_id, album_id, name, duration_seconds, bpm, track_number) VALUES (2802, 372, 'Financial time create', 391, 63, 7);
INSERT INTO song (song_id, album_id, name, duration_seconds, bpm, track_number) VALUES (2803, 372, 'Appear before management if', 301, 73, 8);
INSERT INTO album (album_id, artist_id, title, release_year, created_at) VALUES (373, 196, 'Devolved secondary Local Area Network', 2015, NOW());
INSERT INTO song (song_id, album_id, name, duration_seconds, bpm, track_number) VALUES (2804, 373, 'Down', 446, 111, 1);
INSERT INTO song (song_id, album_id, name, duration_seconds, bpm, track_number) VALUES (2805, 373, 'On', 414, 132, 2);
INSERT INTO song (song_id, album_id, name, duration_seconds, bpm, track_number) VALUES (2806, 373, 'Very', 388, 143, 3);
INSERT INTO song (song_id, album_id, name, duration_seconds, bpm, track_number) VALUES (2807, 373, 'End see window for', 262, 107, 4);
INSERT INTO song (song_id, album_id, name, duration_seconds, bpm, track_number) VALUES (2808, 373, 'Apply ever', 129, 106, 5);
INSERT INTO song (song_id, album_id, name, duration_seconds, bpm, track_number) VALUES (2809, 373, 'Western east truth', 444, 82, 6);
INSERT INTO song (song_id, album_id, name, duration_seconds, bpm, track_number) VALUES (2810, 373, 'Part finally significant contain', 205, 148, 7);
INSERT INTO song (song_id, album_id, name, duration_seconds, bpm, track_number) VALUES (2811, 373, 'Air', 304, 89, 8);
INSERT INTO song (song_id, album_id, name, duration_seconds, bpm, track_number) VALUES (2812, 373, 'Program instead age', 304, 114, 9);
INSERT INTO song (song_id, album_id, name, duration_seconds, bpm, track_number) VALUES (2813, 373, 'Argue', 402, 170, 10);
INSERT INTO album (album_id, artist_id, title, release_year, created_at) VALUES (374, 196, 'Focused static firmware', 2005, NOW());
INSERT INTO song (song_id, album_id, name, duration_seconds, bpm, track_number) VALUES (2814, 374, 'Know change writer', 455, 92, 1);
INSERT INTO song (song_id, album_id, name, duration_seconds, bpm, track_number) VALUES (2815, 374, 'Put', 221, 119, 2);
INSERT INTO song (song_id, album_id, name, duration_seconds, bpm, track_number) VALUES (2816, 374, 'Forward heart half', 329, 118, 3);
INSERT INTO song (song_id, album_id, name, duration_seconds, bpm, track_number) VALUES (2817, 374, 'Own street friend discuss', 244, 104, 4);
INSERT INTO song (song_id, album_id, name, duration_seconds, bpm, track_number) VALUES (2818, 374, 'Behind', 390, 64, 5);
INSERT INTO song (song_id, album_id, name, duration_seconds, bpm, track_number) VALUES (2819, 374, 'Catch', 309, 149, 6);
INSERT INTO song (song_id, album_id, name, duration_seconds, bpm, track_number) VALUES (2820, 374, 'Interesting keep', 458, 72, 7);
INSERT INTO song (song_id, album_id, name, duration_seconds, bpm, track_number) VALUES (2821, 374, 'Assume', 425, 66, 8);
INSERT INTO song (song_id, album_id, name, duration_seconds, bpm, track_number) VALUES (2822, 374, 'Employee', 264, 134, 9);
INSERT INTO album (album_id, artist_id, title, release_year, created_at) VALUES (375, 197, 'Triple-buffered exuding algorithm', 2016, NOW());
INSERT INTO song (song_id, album_id, name, duration_seconds, bpm, track_number) VALUES (2823, 375, 'Piece process put', 163, 104, 1);
INSERT INTO song (song_id, album_id, name, duration_seconds, bpm, track_number) VALUES (2824, 375, 'About professional yard standard', 120, 99, 2);
INSERT INTO song (song_id, album_id, name, duration_seconds, bpm, track_number) VALUES (2825, 375, 'Rule', 392, 176, 3);
INSERT INTO song (song_id, album_id, name, duration_seconds, bpm, track_number) VALUES (2826, 375, 'End', 403, 103, 4);
INSERT INTO song (song_id, album_id, name, duration_seconds, bpm, track_number) VALUES (2827, 375, 'For big', 416, 154, 5);
INSERT INTO song (song_id, album_id, name, duration_seconds, bpm, track_number) VALUES (2828, 375, 'You world realize wind', 372, 177, 6);
INSERT INTO song (song_id, album_id, name, duration_seconds, bpm, track_number) VALUES (2829, 375, 'Thank', 336, 111, 7);
INSERT INTO song (song_id, album_id, name, duration_seconds, bpm, track_number) VALUES (2830, 375, 'Need action read should prove', 432, 157, 8);
INSERT INTO song (song_id, album_id, name, duration_seconds, bpm, track_number) VALUES (2831, 375, 'And commercial central nature', 473, 146, 9);
INSERT INTO album (album_id, artist_id, title, release_year, created_at) VALUES (376, 197, 'Re-engineered object-oriented interface', 2018, NOW());
INSERT INTO song (song_id, album_id, name, duration_seconds, bpm, track_number) VALUES (2832, 376, 'End', 286, 170, 1);
INSERT INTO song (song_id, album_id, name, duration_seconds, bpm, track_number) VALUES (2833, 376, 'Buy individual', 439, 122, 2);
INSERT INTO song (song_id, album_id, name, duration_seconds, bpm, track_number) VALUES (2834, 376, 'Stock', 189, 143, 3);
INSERT INTO song (song_id, album_id, name, duration_seconds, bpm, track_number) VALUES (2835, 376, 'Land though', 240, 147, 4);
INSERT INTO song (song_id, album_id, name, duration_seconds, bpm, track_number) VALUES (2836, 376, 'Enter expert beat', 466, 104, 5);
INSERT INTO song (song_id, album_id, name, duration_seconds, bpm, track_number) VALUES (2837, 376, 'Future glass young away perhaps', 378, 64, 6);
INSERT INTO song (song_id, album_id, name, duration_seconds, bpm, track_number) VALUES (2838, 376, 'Though', 230, 177, 7);
INSERT INTO song (song_id, album_id, name, duration_seconds, bpm, track_number) VALUES (2839, 376, 'Already enjoy', 424, 176, 8);
INSERT INTO song (song_id, album_id, name, duration_seconds, bpm, track_number) VALUES (2840, 376, 'Author education', 145, 154, 9);
INSERT INTO album (album_id, artist_id, title, release_year, created_at) VALUES (377, 197, 'Monitored web-enabled benchmark', 1986, NOW());
INSERT INTO song (song_id, album_id, name, duration_seconds, bpm, track_number) VALUES (2841, 377, 'Better point', 122, 76, 1);
INSERT INTO song (song_id, album_id, name, duration_seconds, bpm, track_number) VALUES (2842, 377, 'Leg', 236, 173, 2);
INSERT INTO song (song_id, album_id, name, duration_seconds, bpm, track_number) VALUES (2843, 377, 'As bed vote', 132, 117, 3);
INSERT INTO song (song_id, album_id, name, duration_seconds, bpm, track_number) VALUES (2844, 377, 'Couple red project', 387, 68, 4);
INSERT INTO song (song_id, album_id, name, duration_seconds, bpm, track_number) VALUES (2845, 377, 'Floor analysis technology', 457, 154, 5);
INSERT INTO album (album_id, artist_id, title, release_year, created_at) VALUES (378, 198, 'Team-oriented secondary superstructure', 1976, NOW());
INSERT INTO song (song_id, album_id, name, duration_seconds, bpm, track_number) VALUES (2846, 378, 'Purpose', 144, 166, 1);
INSERT INTO song (song_id, album_id, name, duration_seconds, bpm, track_number) VALUES (2847, 378, 'Finish score house', 155, 175, 2);
INSERT INTO song (song_id, album_id, name, duration_seconds, bpm, track_number) VALUES (2848, 378, 'Where general', 437, 171, 3);
INSERT INTO song (song_id, album_id, name, duration_seconds, bpm, track_number) VALUES (2849, 378, 'Reveal room page', 393, 103, 4);
INSERT INTO song (song_id, album_id, name, duration_seconds, bpm, track_number) VALUES (2850, 378, 'Increase', 405, 131, 5);
INSERT INTO song (song_id, album_id, name, duration_seconds, bpm, track_number) VALUES (2851, 378, 'Process recently', 243, 154, 6);
INSERT INTO song (song_id, album_id, name, duration_seconds, bpm, track_number) VALUES (2852, 378, 'Course assume community', 419, 168, 7);
INSERT INTO song (song_id, album_id, name, duration_seconds, bpm, track_number) VALUES (2853, 378, 'Skin free current money', 469, 118, 8);
INSERT INTO song (song_id, album_id, name, duration_seconds, bpm, track_number) VALUES (2854, 378, 'Mission', 124, 73, 9);
INSERT INTO album (album_id, artist_id, title, release_year, created_at) VALUES (379, 198, 'Horizontal tangible interface', 1975, NOW());
INSERT INTO song (song_id, album_id, name, duration_seconds, bpm, track_number) VALUES (2855, 379, 'Sound', 206, 81, 1);
INSERT INTO song (song_id, album_id, name, duration_seconds, bpm, track_number) VALUES (2856, 379, 'Lead perhaps teach too', 187, 78, 2);
INSERT INTO song (song_id, album_id, name, duration_seconds, bpm, track_number) VALUES (2857, 379, 'Level life', 438, 120, 3);
INSERT INTO song (song_id, album_id, name, duration_seconds, bpm, track_number) VALUES (2858, 379, 'Them eight like', 306, 111, 4);
INSERT INTO song (song_id, album_id, name, duration_seconds, bpm, track_number) VALUES (2859, 379, 'Item door', 406, 174, 5);
INSERT INTO song (song_id, album_id, name, duration_seconds, bpm, track_number) VALUES (2860, 379, 'Serve', 198, 86, 6);
INSERT INTO song (song_id, album_id, name, duration_seconds, bpm, track_number) VALUES (2861, 379, 'Consider nice cause after data', 281, 61, 7);
INSERT INTO song (song_id, album_id, name, duration_seconds, bpm, track_number) VALUES (2862, 379, 'Newspaper field', 407, 111, 8);
INSERT INTO song (song_id, album_id, name, duration_seconds, bpm, track_number) VALUES (2863, 379, 'Face', 406, 170, 9);
INSERT INTO album (album_id, artist_id, title, release_year, created_at) VALUES (380, 199, 'Streamlined 3rdgeneration Graphic Interface', 1987, NOW());
INSERT INTO song (song_id, album_id, name, duration_seconds, bpm, track_number) VALUES (2864, 380, 'Store', 379, 66, 1);
INSERT INTO song (song_id, album_id, name, duration_seconds, bpm, track_number) VALUES (2865, 380, 'Fund task', 344, 106, 2);
INSERT INTO song (song_id, album_id, name, duration_seconds, bpm, track_number) VALUES (2866, 380, 'Model city food', 272, 81, 3);
INSERT INTO song (song_id, album_id, name, duration_seconds, bpm, track_number) VALUES (2867, 380, 'Herself', 263, 130, 4);
INSERT INTO song (song_id, album_id, name, duration_seconds, bpm, track_number) VALUES (2868, 380, 'Book bank', 179, 130, 5);
INSERT INTO song (song_id, album_id, name, duration_seconds, bpm, track_number) VALUES (2869, 380, 'Management', 152, 167, 6);
INSERT INTO song (song_id, album_id, name, duration_seconds, bpm, track_number) VALUES (2870, 380, 'Year', 434, 180, 7);
INSERT INTO song (song_id, album_id, name, duration_seconds, bpm, track_number) VALUES (2871, 380, 'Always never', 159, 60, 8);
INSERT INTO song (song_id, album_id, name, duration_seconds, bpm, track_number) VALUES (2872, 380, 'But', 129, 69, 9);
INSERT INTO album (album_id, artist_id, title, release_year, created_at) VALUES (381, 200, 'Up-sized reciprocal product', 1993, NOW());
INSERT INTO song (song_id, album_id, name, duration_seconds, bpm, track_number) VALUES (2873, 381, 'Image', 265, 176, 1);
INSERT INTO song (song_id, album_id, name, duration_seconds, bpm, track_number) VALUES (2874, 381, 'Paper', 480, 179, 2);
INSERT INTO song (song_id, album_id, name, duration_seconds, bpm, track_number) VALUES (2875, 381, 'You alone answer drop', 358, 98, 3);
INSERT INTO song (song_id, album_id, name, duration_seconds, bpm, track_number) VALUES (2876, 381, 'Prove write its third include', 204, 160, 4);
INSERT INTO song (song_id, album_id, name, duration_seconds, bpm, track_number) VALUES (2877, 381, 'Hear', 430, 119, 5);
INSERT INTO song (song_id, album_id, name, duration_seconds, bpm, track_number) VALUES (2878, 381, 'Authority', 283, 90, 6);
INSERT INTO song (song_id, album_id, name, duration_seconds, bpm, track_number) VALUES (2879, 381, 'Memory', 436, 166, 7);
INSERT INTO album (album_id, artist_id, title, release_year, created_at) VALUES (382, 200, 'Expanded high-level migration', 2011, NOW());
INSERT INTO song (song_id, album_id, name, duration_seconds, bpm, track_number) VALUES (2880, 382, 'Identify tonight', 290, 153, 1);
INSERT INTO song (song_id, album_id, name, duration_seconds, bpm, track_number) VALUES (2881, 382, 'Left state', 437, 122, 2);
INSERT INTO song (song_id, album_id, name, duration_seconds, bpm, track_number) VALUES (2882, 382, 'Money', 467, 98, 3);
INSERT INTO song (song_id, album_id, name, duration_seconds, bpm, track_number) VALUES (2883, 382, 'Machine east significant benefit century', 305, 84, 4);
INSERT INTO song (song_id, album_id, name, duration_seconds, bpm, track_number) VALUES (2884, 382, 'Television herself different', 315, 63, 5);
INSERT INTO song (song_id, album_id, name, duration_seconds, bpm, track_number) VALUES (2885, 382, 'High', 406, 62, 6);
INSERT INTO song (song_id, album_id, name, duration_seconds, bpm, track_number) VALUES (2886, 382, 'Environmental trade', 415, 104, 7);
INSERT INTO song (song_id, album_id, name, duration_seconds, bpm, track_number) VALUES (2887, 382, 'Example around', 270, 69, 8);
INSERT INTO song (song_id, album_id, name, duration_seconds, bpm, track_number) VALUES (2888, 382, 'Allow result although instead', 378, 139, 9);
INSERT INTO song (song_id, album_id, name, duration_seconds, bpm, track_number) VALUES (2889, 382, 'Television', 212, 86, 10);
INSERT INTO album (album_id, artist_id, title, release_year, created_at) VALUES (383, 201, 'Virtual transitional instruction set', 2012, NOW());
INSERT INTO song (song_id, album_id, name, duration_seconds, bpm, track_number) VALUES (2890, 383, 'Protect right', 121, 180, 1);
INSERT INTO song (song_id, album_id, name, duration_seconds, bpm, track_number) VALUES (2891, 383, 'Rest', 219, 150, 2);
INSERT INTO song (song_id, album_id, name, duration_seconds, bpm, track_number) VALUES (2892, 383, 'Again end', 308, 149, 3);
INSERT INTO song (song_id, album_id, name, duration_seconds, bpm, track_number) VALUES (2893, 383, 'Specific involve head environment', 253, 69, 4);
INSERT INTO song (song_id, album_id, name, duration_seconds, bpm, track_number) VALUES (2894, 383, 'Little off', 367, 94, 5);
INSERT INTO song (song_id, album_id, name, duration_seconds, bpm, track_number) VALUES (2895, 383, 'Over spend', 121, 177, 6);
INSERT INTO song (song_id, album_id, name, duration_seconds, bpm, track_number) VALUES (2896, 383, 'Tend fly', 442, 127, 7);
INSERT INTO song (song_id, album_id, name, duration_seconds, bpm, track_number) VALUES (2897, 383, 'Help easy', 131, 152, 8);
INSERT INTO song (song_id, album_id, name, duration_seconds, bpm, track_number) VALUES (2898, 383, 'Keep', 283, 142, 9);
INSERT INTO album (album_id, artist_id, title, release_year, created_at) VALUES (384, 201, 'Universal grid-enabled access', 1995, NOW());
INSERT INTO song (song_id, album_id, name, duration_seconds, bpm, track_number) VALUES (2899, 384, 'He popular coach change kitchen', 171, 139, 1);
INSERT INTO song (song_id, album_id, name, duration_seconds, bpm, track_number) VALUES (2900, 384, 'Radio', 441, 149, 2);
INSERT INTO song (song_id, album_id, name, duration_seconds, bpm, track_number) VALUES (2901, 384, 'Forget everyone', 366, 91, 3);
INSERT INTO song (song_id, album_id, name, duration_seconds, bpm, track_number) VALUES (2902, 384, 'Lose', 287, 82, 4);
INSERT INTO song (song_id, album_id, name, duration_seconds, bpm, track_number) VALUES (2903, 384, 'Table', 189, 135, 5);
INSERT INTO album (album_id, artist_id, title, release_year, created_at) VALUES (385, 202, 'Monitored motivating capability', 1973, NOW());
INSERT INTO song (song_id, album_id, name, duration_seconds, bpm, track_number) VALUES (2904, 385, 'Tax approach career talk', 445, 79, 1);
INSERT INTO song (song_id, album_id, name, duration_seconds, bpm, track_number) VALUES (2905, 385, 'Plant establish', 423, 111, 2);
INSERT INTO song (song_id, album_id, name, duration_seconds, bpm, track_number) VALUES (2906, 385, 'Look', 208, 133, 3);
INSERT INTO song (song_id, album_id, name, duration_seconds, bpm, track_number) VALUES (2907, 385, 'President radio public build', 208, 111, 4);
INSERT INTO song (song_id, album_id, name, duration_seconds, bpm, track_number) VALUES (2908, 385, 'Wife hundred you seem film', 473, 123, 5);
INSERT INTO song (song_id, album_id, name, duration_seconds, bpm, track_number) VALUES (2909, 385, 'Able eye technology', 242, 88, 6);
INSERT INTO song (song_id, album_id, name, duration_seconds, bpm, track_number) VALUES (2910, 385, 'Security trip night', 295, 101, 7);
INSERT INTO album (album_id, artist_id, title, release_year, created_at) VALUES (386, 202, 'Organic bi-directional structure', 1980, NOW());
INSERT INTO song (song_id, album_id, name, duration_seconds, bpm, track_number) VALUES (2911, 386, 'Pm TV sign', 214, 133, 1);
INSERT INTO song (song_id, album_id, name, duration_seconds, bpm, track_number) VALUES (2912, 386, 'Hair', 389, 129, 2);
INSERT INTO song (song_id, album_id, name, duration_seconds, bpm, track_number) VALUES (2913, 386, 'Hand', 396, 165, 3);
INSERT INTO song (song_id, album_id, name, duration_seconds, bpm, track_number) VALUES (2914, 386, 'Into face', 389, 175, 4);
INSERT INTO song (song_id, album_id, name, duration_seconds, bpm, track_number) VALUES (2915, 386, 'Effect lose type', 396, 71, 5);
INSERT INTO song (song_id, album_id, name, duration_seconds, bpm, track_number) VALUES (2916, 386, 'State', 278, 125, 6);
INSERT INTO song (song_id, album_id, name, duration_seconds, bpm, track_number) VALUES (2917, 386, 'Design value why quickly', 468, 174, 7);
INSERT INTO album (album_id, artist_id, title, release_year, created_at) VALUES (387, 202, 'Re-engineered holistic circuit', 2012, NOW());
INSERT INTO song (song_id, album_id, name, duration_seconds, bpm, track_number) VALUES (2918, 387, 'Story', 396, 133, 1);
INSERT INTO song (song_id, album_id, name, duration_seconds, bpm, track_number) VALUES (2919, 387, 'Work the', 398, 168, 2);
INSERT INTO song (song_id, album_id, name, duration_seconds, bpm, track_number) VALUES (2920, 387, 'Arrive tend', 206, 75, 3);
INSERT INTO song (song_id, album_id, name, duration_seconds, bpm, track_number) VALUES (2921, 387, 'Character', 409, 145, 4);
INSERT INTO song (song_id, album_id, name, duration_seconds, bpm, track_number) VALUES (2922, 387, 'President', 354, 112, 5);
INSERT INTO song (song_id, album_id, name, duration_seconds, bpm, track_number) VALUES (2923, 387, 'Challenge statement', 395, 140, 6);
INSERT INTO song (song_id, album_id, name, duration_seconds, bpm, track_number) VALUES (2924, 387, 'Lay', 396, 159, 7);
INSERT INTO song (song_id, album_id, name, duration_seconds, bpm, track_number) VALUES (2925, 387, 'Large', 457, 108, 8);
INSERT INTO song (song_id, album_id, name, duration_seconds, bpm, track_number) VALUES (2926, 387, 'Recently', 238, 128, 9);
INSERT INTO song (song_id, album_id, name, duration_seconds, bpm, track_number) VALUES (2927, 387, 'Middle set dream', 309, 74, 10);
INSERT INTO album (album_id, artist_id, title, release_year, created_at) VALUES (388, 203, 'Open-source dynamic utilization', 1974, NOW());
INSERT INTO song (song_id, album_id, name, duration_seconds, bpm, track_number) VALUES (2928, 388, 'Scientist such later situation', 192, 143, 1);
INSERT INTO song (song_id, album_id, name, duration_seconds, bpm, track_number) VALUES (2929, 388, 'May', 450, 60, 2);
INSERT INTO song (song_id, album_id, name, duration_seconds, bpm, track_number) VALUES (2930, 388, 'Family', 434, 123, 3);
INSERT INTO song (song_id, album_id, name, duration_seconds, bpm, track_number) VALUES (2931, 388, 'Hour yet', 233, 143, 4);
INSERT INTO song (song_id, album_id, name, duration_seconds, bpm, track_number) VALUES (2932, 388, 'Direction modern effort late', 420, 137, 5);
INSERT INTO song (song_id, album_id, name, duration_seconds, bpm, track_number) VALUES (2933, 388, 'Mr hold war', 287, 91, 6);
INSERT INTO song (song_id, album_id, name, duration_seconds, bpm, track_number) VALUES (2934, 388, 'They', 272, 148, 7);
INSERT INTO song (song_id, album_id, name, duration_seconds, bpm, track_number) VALUES (2935, 388, 'Leave', 346, 71, 8);
INSERT INTO song (song_id, album_id, name, duration_seconds, bpm, track_number) VALUES (2936, 388, 'Thought production sound', 187, 144, 9);
INSERT INTO song (song_id, album_id, name, duration_seconds, bpm, track_number) VALUES (2937, 388, 'Tonight score save college', 356, 90, 10);
INSERT INTO album (album_id, artist_id, title, release_year, created_at) VALUES (389, 204, 'Assimilated tertiary Graphic Interface', 2012, NOW());
INSERT INTO song (song_id, album_id, name, duration_seconds, bpm, track_number) VALUES (2938, 389, 'Play same', 403, 72, 1);
INSERT INTO song (song_id, album_id, name, duration_seconds, bpm, track_number) VALUES (2939, 389, 'Focus', 444, 64, 2);
INSERT INTO song (song_id, album_id, name, duration_seconds, bpm, track_number) VALUES (2940, 389, 'Appear huge doctor', 441, 170, 3);
INSERT INTO song (song_id, album_id, name, duration_seconds, bpm, track_number) VALUES (2941, 389, 'Include such', 366, 166, 4);
INSERT INTO song (song_id, album_id, name, duration_seconds, bpm, track_number) VALUES (2942, 389, 'Point', 395, 102, 5);
INSERT INTO song (song_id, album_id, name, duration_seconds, bpm, track_number) VALUES (2943, 389, 'Indicate fill day', 193, 162, 6);
INSERT INTO album (album_id, artist_id, title, release_year, created_at) VALUES (390, 205, 'Decentralized user-facing capacity', 2011, NOW());
INSERT INTO song (song_id, album_id, name, duration_seconds, bpm, track_number) VALUES (2944, 390, 'Religious guess improve', 455, 165, 1);
INSERT INTO song (song_id, album_id, name, duration_seconds, bpm, track_number) VALUES (2945, 390, 'Line want test east', 124, 164, 2);
INSERT INTO song (song_id, album_id, name, duration_seconds, bpm, track_number) VALUES (2946, 390, 'Certainly night financial', 156, 159, 3);
INSERT INTO song (song_id, album_id, name, duration_seconds, bpm, track_number) VALUES (2947, 390, 'Western suffer', 473, 175, 4);
INSERT INTO song (song_id, album_id, name, duration_seconds, bpm, track_number) VALUES (2948, 390, 'Cost test structure step', 358, 114, 5);
INSERT INTO song (song_id, album_id, name, duration_seconds, bpm, track_number) VALUES (2949, 390, 'Article easy lawyer television', 345, 71, 6);
INSERT INTO song (song_id, album_id, name, duration_seconds, bpm, track_number) VALUES (2950, 390, 'Country', 287, 72, 7);
INSERT INTO song (song_id, album_id, name, duration_seconds, bpm, track_number) VALUES (2951, 390, 'The', 252, 70, 8);
INSERT INTO song (song_id, album_id, name, duration_seconds, bpm, track_number) VALUES (2952, 390, 'Section without recognize loss picture', 404, 104, 9);
INSERT INTO song (song_id, album_id, name, duration_seconds, bpm, track_number) VALUES (2953, 390, 'Enough shake', 466, 115, 10);
INSERT INTO album (album_id, artist_id, title, release_year, created_at) VALUES (391, 206, 'Digitized background Internet solution', 2008, NOW());
INSERT INTO song (song_id, album_id, name, duration_seconds, bpm, track_number) VALUES (2954, 391, 'Toward', 282, 88, 1);
INSERT INTO song (song_id, album_id, name, duration_seconds, bpm, track_number) VALUES (2955, 391, 'Side skill', 183, 171, 2);
INSERT INTO song (song_id, album_id, name, duration_seconds, bpm, track_number) VALUES (2956, 391, 'White', 455, 133, 3);
INSERT INTO song (song_id, album_id, name, duration_seconds, bpm, track_number) VALUES (2957, 391, 'Skill black', 259, 169, 4);
INSERT INTO song (song_id, album_id, name, duration_seconds, bpm, track_number) VALUES (2958, 391, 'Study', 132, 107, 5);
INSERT INTO album (album_id, artist_id, title, release_year, created_at) VALUES (392, 206, 'Cloned bi-directional infrastructure', 1973, NOW());
INSERT INTO song (song_id, album_id, name, duration_seconds, bpm, track_number) VALUES (2959, 392, 'Assume', 405, 177, 1);
INSERT INTO song (song_id, album_id, name, duration_seconds, bpm, track_number) VALUES (2960, 392, 'Year organization environment all', 251, 171, 2);
INSERT INTO song (song_id, album_id, name, duration_seconds, bpm, track_number) VALUES (2961, 392, 'Sit Mr interview', 410, 177, 3);
INSERT INTO song (song_id, album_id, name, duration_seconds, bpm, track_number) VALUES (2962, 392, 'Move feel', 143, 83, 4);
INSERT INTO song (song_id, album_id, name, duration_seconds, bpm, track_number) VALUES (2963, 392, 'Picture', 280, 159, 5);
INSERT INTO song (song_id, album_id, name, duration_seconds, bpm, track_number) VALUES (2964, 392, 'Recently opportunity east', 353, 175, 6);
INSERT INTO album (album_id, artist_id, title, release_year, created_at) VALUES (393, 207, 'Re-engineered modular Local Area Network', 1982, NOW());
INSERT INTO song (song_id, album_id, name, duration_seconds, bpm, track_number) VALUES (2965, 393, 'Body', 459, 153, 1);
INSERT INTO song (song_id, album_id, name, duration_seconds, bpm, track_number) VALUES (2966, 393, 'Wear capital suggest', 479, 129, 2);
INSERT INTO song (song_id, album_id, name, duration_seconds, bpm, track_number) VALUES (2967, 393, 'Response whom', 220, 72, 3);
INSERT INTO song (song_id, album_id, name, duration_seconds, bpm, track_number) VALUES (2968, 393, 'Down for network', 405, 69, 4);
INSERT INTO song (song_id, album_id, name, duration_seconds, bpm, track_number) VALUES (2969, 393, 'Western', 148, 134, 5);
INSERT INTO album (album_id, artist_id, title, release_year, created_at) VALUES (394, 208, 'Multi-channeled leadingedge installation', 1986, NOW());
INSERT INTO song (song_id, album_id, name, duration_seconds, bpm, track_number) VALUES (2970, 394, 'Mean star', 442, 106, 1);
INSERT INTO song (song_id, album_id, name, duration_seconds, bpm, track_number) VALUES (2971, 394, 'Near', 371, 122, 2);
INSERT INTO song (song_id, album_id, name, duration_seconds, bpm, track_number) VALUES (2972, 394, 'Their claim campaign analysis', 271, 170, 3);
INSERT INTO song (song_id, album_id, name, duration_seconds, bpm, track_number) VALUES (2973, 394, 'Clear hotel five', 142, 175, 4);
INSERT INTO song (song_id, album_id, name, duration_seconds, bpm, track_number) VALUES (2974, 394, 'Boy party bed', 465, 111, 5);
INSERT INTO album (album_id, artist_id, title, release_year, created_at) VALUES (395, 208, 'Function-based dedicated info-mediaries', 2025, NOW());
INSERT INTO song (song_id, album_id, name, duration_seconds, bpm, track_number) VALUES (2975, 395, 'Involve', 227, 139, 1);
INSERT INTO song (song_id, album_id, name, duration_seconds, bpm, track_number) VALUES (2976, 395, 'Continue because question but ready', 416, 80, 2);
INSERT INTO song (song_id, album_id, name, duration_seconds, bpm, track_number) VALUES (2977, 395, 'Church', 430, 79, 3);
INSERT INTO song (song_id, album_id, name, duration_seconds, bpm, track_number) VALUES (2978, 395, 'Experience support later father nation', 157, 117, 4);
INSERT INTO song (song_id, album_id, name, duration_seconds, bpm, track_number) VALUES (2979, 395, 'Relate skill', 445, 159, 5);
INSERT INTO song (song_id, album_id, name, duration_seconds, bpm, track_number) VALUES (2980, 395, 'I', 208, 61, 6);
INSERT INTO song (song_id, album_id, name, duration_seconds, bpm, track_number) VALUES (2981, 395, 'Throw', 440, 72, 7);
INSERT INTO song (song_id, album_id, name, duration_seconds, bpm, track_number) VALUES (2982, 395, 'Quite contain', 331, 89, 8);
INSERT INTO song (song_id, album_id, name, duration_seconds, bpm, track_number) VALUES (2983, 395, 'Hard', 348, 150, 9);
INSERT INTO album (album_id, artist_id, title, release_year, created_at) VALUES (396, 208, 'Diverse 6thgeneration flexibility', 2007, NOW());
INSERT INTO song (song_id, album_id, name, duration_seconds, bpm, track_number) VALUES (2984, 396, 'Decide', 208, 92, 1);
INSERT INTO song (song_id, album_id, name, duration_seconds, bpm, track_number) VALUES (2985, 396, 'Recently', 143, 109, 2);
INSERT INTO song (song_id, album_id, name, duration_seconds, bpm, track_number) VALUES (2986, 396, 'Stock', 239, 112, 3);
INSERT INTO song (song_id, album_id, name, duration_seconds, bpm, track_number) VALUES (2987, 396, 'Either owner', 369, 134, 4);
INSERT INTO song (song_id, album_id, name, duration_seconds, bpm, track_number) VALUES (2988, 396, 'Plan', 152, 89, 5);
INSERT INTO song (song_id, album_id, name, duration_seconds, bpm, track_number) VALUES (2989, 396, 'Soldier', 327, 149, 6);
INSERT INTO song (song_id, album_id, name, duration_seconds, bpm, track_number) VALUES (2990, 396, 'According audience', 431, 83, 7);
INSERT INTO song (song_id, album_id, name, duration_seconds, bpm, track_number) VALUES (2991, 396, 'Himself study prepare', 395, 169, 8);
INSERT INTO song (song_id, album_id, name, duration_seconds, bpm, track_number) VALUES (2992, 396, 'Than', 148, 126, 9);
INSERT INTO song (song_id, album_id, name, duration_seconds, bpm, track_number) VALUES (2993, 396, 'Hear remain military', 312, 66, 10);
INSERT INTO album (album_id, artist_id, title, release_year, created_at) VALUES (397, 209, 'Polarized grid-enabled benchmark', 2008, NOW());
INSERT INTO song (song_id, album_id, name, duration_seconds, bpm, track_number) VALUES (2994, 397, 'Against', 253, 147, 1);
INSERT INTO song (song_id, album_id, name, duration_seconds, bpm, track_number) VALUES (2995, 397, 'Place', 214, 84, 2);
INSERT INTO song (song_id, album_id, name, duration_seconds, bpm, track_number) VALUES (2996, 397, 'Model season', 170, 141, 3);
INSERT INTO song (song_id, album_id, name, duration_seconds, bpm, track_number) VALUES (2997, 397, 'Bar common data expect', 389, 81, 4);
INSERT INTO song (song_id, album_id, name, duration_seconds, bpm, track_number) VALUES (2998, 397, 'Consumer say affect', 226, 70, 5);
INSERT INTO song (song_id, album_id, name, duration_seconds, bpm, track_number) VALUES (2999, 397, 'Give win', 128, 95, 6);
INSERT INTO album (album_id, artist_id, title, release_year, created_at) VALUES (398, 210, 'Managed dedicated array', 2026, NOW());
INSERT INTO song (song_id, album_id, name, duration_seconds, bpm, track_number) VALUES (3000, 398, 'These', 461, 62, 1);
INSERT INTO song (song_id, album_id, name, duration_seconds, bpm, track_number) VALUES (3001, 398, 'Eye produce', 416, 84, 2);
INSERT INTO song (song_id, album_id, name, duration_seconds, bpm, track_number) VALUES (3002, 398, 'Course', 213, 123, 3);
INSERT INTO song (song_id, album_id, name, duration_seconds, bpm, track_number) VALUES (3003, 398, 'Individual activity talk', 341, 76, 4);
INSERT INTO song (song_id, album_id, name, duration_seconds, bpm, track_number) VALUES (3004, 398, 'Organization', 128, 115, 5);
INSERT INTO album (album_id, artist_id, title, release_year, created_at) VALUES (399, 210, 'Optional logistical pricing structure', 2002, NOW());
INSERT INTO song (song_id, album_id, name, duration_seconds, bpm, track_number) VALUES (3005, 399, 'Somebody', 375, 131, 1);
INSERT INTO song (song_id, album_id, name, duration_seconds, bpm, track_number) VALUES (3006, 399, 'Sound group throw party their', 410, 158, 2);
INSERT INTO song (song_id, album_id, name, duration_seconds, bpm, track_number) VALUES (3007, 399, 'There', 388, 179, 3);
INSERT INTO song (song_id, album_id, name, duration_seconds, bpm, track_number) VALUES (3008, 399, 'Organization', 178, 110, 4);
INSERT INTO song (song_id, album_id, name, duration_seconds, bpm, track_number) VALUES (3009, 399, 'Work usually', 218, 139, 5);
INSERT INTO song (song_id, album_id, name, duration_seconds, bpm, track_number) VALUES (3010, 399, 'Suddenly', 181, 85, 6);
INSERT INTO song (song_id, album_id, name, duration_seconds, bpm, track_number) VALUES (3011, 399, 'Attorney television', 369, 95, 7);
INSERT INTO song (song_id, album_id, name, duration_seconds, bpm, track_number) VALUES (3012, 399, 'Read', 130, 95, 8);
INSERT INTO song (song_id, album_id, name, duration_seconds, bpm, track_number) VALUES (3013, 399, 'Major fire product green relationship', 299, 93, 9);
INSERT INTO album (album_id, artist_id, title, release_year, created_at) VALUES (400, 210, 'Expanded mission-critical solution', 2004, NOW());
INSERT INTO song (song_id, album_id, name, duration_seconds, bpm, track_number) VALUES (3014, 400, 'Education', 448, 150, 1);
INSERT INTO song (song_id, album_id, name, duration_seconds, bpm, track_number) VALUES (3015, 400, 'Study', 374, 151, 2);
INSERT INTO song (song_id, album_id, name, duration_seconds, bpm, track_number) VALUES (3016, 400, 'Open box take', 205, 155, 3);
INSERT INTO song (song_id, album_id, name, duration_seconds, bpm, track_number) VALUES (3017, 400, 'Near', 268, 79, 4);
INSERT INTO song (song_id, album_id, name, duration_seconds, bpm, track_number) VALUES (3018, 400, 'Choice one', 276, 140, 5);
INSERT INTO song (song_id, album_id, name, duration_seconds, bpm, track_number) VALUES (3019, 400, 'Energy enjoy production expect', 411, 60, 6);
INSERT INTO song (song_id, album_id, name, duration_seconds, bpm, track_number) VALUES (3020, 400, 'Project watch', 383, 112, 7);
INSERT INTO song (song_id, album_id, name, duration_seconds, bpm, track_number) VALUES (3021, 400, 'Character protect role particular large', 315, 72, 8);
INSERT INTO song (song_id, album_id, name, duration_seconds, bpm, track_number) VALUES (3022, 400, 'Beyond arm', 203, 134, 9);
INSERT INTO album (album_id, artist_id, title, release_year, created_at) VALUES (401, 211, 'Diverse holistic task-force', 1993, NOW());
INSERT INTO song (song_id, album_id, name, duration_seconds, bpm, track_number) VALUES (3023, 401, 'Yeah from protect admit', 433, 160, 1);
INSERT INTO song (song_id, album_id, name, duration_seconds, bpm, track_number) VALUES (3024, 401, 'Kid', 324, 64, 2);
INSERT INTO song (song_id, album_id, name, duration_seconds, bpm, track_number) VALUES (3025, 401, 'Style much', 447, 144, 3);
INSERT INTO song (song_id, album_id, name, duration_seconds, bpm, track_number) VALUES (3026, 401, 'Year run think understand', 245, 60, 4);
INSERT INTO song (song_id, album_id, name, duration_seconds, bpm, track_number) VALUES (3027, 401, 'Pick building', 307, 151, 5);
INSERT INTO song (song_id, album_id, name, duration_seconds, bpm, track_number) VALUES (3028, 401, 'Music keep fire because prove', 122, 177, 6);
INSERT INTO song (song_id, album_id, name, duration_seconds, bpm, track_number) VALUES (3029, 401, 'Character everybody be', 317, 97, 7);
INSERT INTO song (song_id, album_id, name, duration_seconds, bpm, track_number) VALUES (3030, 401, 'Word could', 322, 171, 8);
INSERT INTO song (song_id, album_id, name, duration_seconds, bpm, track_number) VALUES (3031, 401, 'Once face', 388, 161, 9);
INSERT INTO album (album_id, artist_id, title, release_year, created_at) VALUES (402, 211, 'Reactive bifurcated superstructure', 1972, NOW());
INSERT INTO song (song_id, album_id, name, duration_seconds, bpm, track_number) VALUES (3032, 402, 'Such road economy star', 129, 96, 1);
INSERT INTO song (song_id, album_id, name, duration_seconds, bpm, track_number) VALUES (3033, 402, 'Explain trial lead know teacher', 247, 128, 2);
INSERT INTO song (song_id, album_id, name, duration_seconds, bpm, track_number) VALUES (3034, 402, 'Concern then relationship', 273, 102, 3);
INSERT INTO song (song_id, album_id, name, duration_seconds, bpm, track_number) VALUES (3035, 402, 'Likely current', 363, 140, 4);
INSERT INTO song (song_id, album_id, name, duration_seconds, bpm, track_number) VALUES (3036, 402, 'Card card', 140, 68, 5);
INSERT INTO song (song_id, album_id, name, duration_seconds, bpm, track_number) VALUES (3037, 402, 'Radio newspaper', 329, 168, 6);
INSERT INTO album (album_id, artist_id, title, release_year, created_at) VALUES (403, 212, 'Organized dynamic service-desk', 1981, NOW());
INSERT INTO song (song_id, album_id, name, duration_seconds, bpm, track_number) VALUES (3038, 403, 'Follow kid beat shoulder', 136, 75, 1);
INSERT INTO song (song_id, album_id, name, duration_seconds, bpm, track_number) VALUES (3039, 403, 'Choose score morning blue', 149, 146, 2);
INSERT INTO song (song_id, album_id, name, duration_seconds, bpm, track_number) VALUES (3040, 403, 'Skin according magazine', 381, 64, 3);
INSERT INTO song (song_id, album_id, name, duration_seconds, bpm, track_number) VALUES (3041, 403, 'Forward', 343, 84, 4);
INSERT INTO song (song_id, album_id, name, duration_seconds, bpm, track_number) VALUES (3042, 403, 'Evening present all later', 217, 164, 5);
INSERT INTO song (song_id, album_id, name, duration_seconds, bpm, track_number) VALUES (3043, 403, 'One activity box science', 463, 148, 6);
INSERT INTO song (song_id, album_id, name, duration_seconds, bpm, track_number) VALUES (3044, 403, 'Support many letter soon', 140, 142, 7);
INSERT INTO song (song_id, album_id, name, duration_seconds, bpm, track_number) VALUES (3045, 403, 'Thousand serious', 208, 108, 8);
INSERT INTO song (song_id, album_id, name, duration_seconds, bpm, track_number) VALUES (3046, 403, 'Between determine', 403, 107, 9);
INSERT INTO song (song_id, album_id, name, duration_seconds, bpm, track_number) VALUES (3047, 403, 'Mouth', 335, 148, 10);
INSERT INTO album (album_id, artist_id, title, release_year, created_at) VALUES (404, 212, 'Profound needs-based throughput', 2011, NOW());
INSERT INTO song (song_id, album_id, name, duration_seconds, bpm, track_number) VALUES (3048, 404, 'Respond', 412, 100, 1);
INSERT INTO song (song_id, album_id, name, duration_seconds, bpm, track_number) VALUES (3049, 404, 'Nation', 339, 79, 2);
INSERT INTO song (song_id, album_id, name, duration_seconds, bpm, track_number) VALUES (3050, 404, 'Song', 193, 102, 3);
INSERT INTO song (song_id, album_id, name, duration_seconds, bpm, track_number) VALUES (3051, 404, 'Region kind foot', 222, 90, 4);
INSERT INTO song (song_id, album_id, name, duration_seconds, bpm, track_number) VALUES (3052, 404, 'Individual white', 144, 61, 5);
INSERT INTO album (album_id, artist_id, title, release_year, created_at) VALUES (405, 212, 'Multi-layered attitude-oriented policy', 2021, NOW());
INSERT INTO song (song_id, album_id, name, duration_seconds, bpm, track_number) VALUES (3053, 405, 'None', 280, 106, 1);
INSERT INTO song (song_id, album_id, name, duration_seconds, bpm, track_number) VALUES (3054, 405, 'Carry war', 425, 137, 2);
INSERT INTO song (song_id, album_id, name, duration_seconds, bpm, track_number) VALUES (3055, 405, 'About bank tonight course thank', 247, 104, 3);
INSERT INTO song (song_id, album_id, name, duration_seconds, bpm, track_number) VALUES (3056, 405, 'Someone arrive check', 220, 86, 4);
INSERT INTO song (song_id, album_id, name, duration_seconds, bpm, track_number) VALUES (3057, 405, 'Draw hard play', 338, 89, 5);
INSERT INTO song (song_id, album_id, name, duration_seconds, bpm, track_number) VALUES (3058, 405, 'Professor determine', 374, 141, 6);
INSERT INTO song (song_id, album_id, name, duration_seconds, bpm, track_number) VALUES (3059, 405, 'Year', 447, 155, 7);
INSERT INTO song (song_id, album_id, name, duration_seconds, bpm, track_number) VALUES (3060, 405, 'Bag responsibility', 318, 113, 8);
INSERT INTO song (song_id, album_id, name, duration_seconds, bpm, track_number) VALUES (3061, 405, 'Age', 334, 126, 9);
INSERT INTO song (song_id, album_id, name, duration_seconds, bpm, track_number) VALUES (3062, 405, 'Play conference authority past case', 159, 117, 10);
INSERT INTO album (album_id, artist_id, title, release_year, created_at) VALUES (406, 213, 'Organized uniform hub', 1986, NOW());
INSERT INTO song (song_id, album_id, name, duration_seconds, bpm, track_number) VALUES (3063, 406, 'Reality', 397, 70, 1);
INSERT INTO song (song_id, album_id, name, duration_seconds, bpm, track_number) VALUES (3064, 406, 'Rock', 238, 103, 2);
INSERT INTO song (song_id, album_id, name, duration_seconds, bpm, track_number) VALUES (3065, 406, 'Beat product above', 315, 90, 3);
INSERT INTO song (song_id, album_id, name, duration_seconds, bpm, track_number) VALUES (3066, 406, 'Daughter new', 309, 109, 4);
INSERT INTO song (song_id, album_id, name, duration_seconds, bpm, track_number) VALUES (3067, 406, 'Defense carry', 168, 127, 5);
INSERT INTO song (song_id, album_id, name, duration_seconds, bpm, track_number) VALUES (3068, 406, 'Man', 296, 80, 6);
INSERT INTO song (song_id, album_id, name, duration_seconds, bpm, track_number) VALUES (3069, 406, 'Store', 440, 119, 7);
INSERT INTO song (song_id, album_id, name, duration_seconds, bpm, track_number) VALUES (3070, 406, 'Indeed similar scene', 462, 79, 8);
INSERT INTO album (album_id, artist_id, title, release_year, created_at) VALUES (407, 213, 'Grass-roots encompassing contingency', 1984, NOW());
INSERT INTO song (song_id, album_id, name, duration_seconds, bpm, track_number) VALUES (3071, 407, 'Whatever', 439, 75, 1);
INSERT INTO song (song_id, album_id, name, duration_seconds, bpm, track_number) VALUES (3072, 407, 'Lay challenge appear', 308, 136, 2);
INSERT INTO song (song_id, album_id, name, duration_seconds, bpm, track_number) VALUES (3073, 407, 'Little sell', 454, 94, 3);
INSERT INTO song (song_id, album_id, name, duration_seconds, bpm, track_number) VALUES (3074, 407, 'Practice traditional city eight', 296, 162, 4);
INSERT INTO song (song_id, album_id, name, duration_seconds, bpm, track_number) VALUES (3075, 407, 'Public', 146, 135, 5);
INSERT INTO song (song_id, album_id, name, duration_seconds, bpm, track_number) VALUES (3076, 407, 'Generation color movie others', 273, 76, 6);
INSERT INTO song (song_id, album_id, name, duration_seconds, bpm, track_number) VALUES (3077, 407, 'Especially middle', 225, 162, 7);
INSERT INTO song (song_id, album_id, name, duration_seconds, bpm, track_number) VALUES (3078, 407, 'Tell', 170, 98, 8);
INSERT INTO song (song_id, album_id, name, duration_seconds, bpm, track_number) VALUES (3079, 407, 'High your', 129, 142, 9);
INSERT INTO song (song_id, album_id, name, duration_seconds, bpm, track_number) VALUES (3080, 407, 'See', 448, 102, 10);
INSERT INTO album (album_id, artist_id, title, release_year, created_at) VALUES (408, 214, 'Diverse next generation attitude', 1996, NOW());
INSERT INTO song (song_id, album_id, name, duration_seconds, bpm, track_number) VALUES (3081, 408, 'Yard', 366, 173, 1);
INSERT INTO song (song_id, album_id, name, duration_seconds, bpm, track_number) VALUES (3082, 408, 'Find', 385, 138, 2);
INSERT INTO song (song_id, album_id, name, duration_seconds, bpm, track_number) VALUES (3083, 408, 'Culture vote chance old soldier', 446, 86, 3);
INSERT INTO song (song_id, album_id, name, duration_seconds, bpm, track_number) VALUES (3084, 408, 'Share draw machine few media', 413, 106, 4);
INSERT INTO song (song_id, album_id, name, duration_seconds, bpm, track_number) VALUES (3085, 408, 'Skin', 463, 135, 5);
INSERT INTO song (song_id, album_id, name, duration_seconds, bpm, track_number) VALUES (3086, 408, 'Speak', 185, 114, 6);
INSERT INTO song (song_id, album_id, name, duration_seconds, bpm, track_number) VALUES (3087, 408, 'Against', 290, 150, 7);
INSERT INTO song (song_id, album_id, name, duration_seconds, bpm, track_number) VALUES (3088, 408, 'Interview feel', 314, 161, 8);
INSERT INTO song (song_id, album_id, name, duration_seconds, bpm, track_number) VALUES (3089, 408, 'Whose', 456, 146, 9);
INSERT INTO album (album_id, artist_id, title, release_year, created_at) VALUES (409, 214, 'Balanced contextually-based paradigm', 1982, NOW());
INSERT INTO song (song_id, album_id, name, duration_seconds, bpm, track_number) VALUES (3090, 409, 'Same should picture wonder', 476, 151, 1);
INSERT INTO song (song_id, album_id, name, duration_seconds, bpm, track_number) VALUES (3091, 409, 'Into there anything world', 363, 178, 2);
INSERT INTO song (song_id, album_id, name, duration_seconds, bpm, track_number) VALUES (3092, 409, 'And', 245, 67, 3);
INSERT INTO song (song_id, album_id, name, duration_seconds, bpm, track_number) VALUES (3093, 409, 'Throughout entire', 308, 92, 4);
INSERT INTO song (song_id, album_id, name, duration_seconds, bpm, track_number) VALUES (3094, 409, 'Will will friend', 450, 151, 5);
INSERT INTO song (song_id, album_id, name, duration_seconds, bpm, track_number) VALUES (3095, 409, 'War save goal month', 154, 78, 6);
INSERT INTO song (song_id, album_id, name, duration_seconds, bpm, track_number) VALUES (3096, 409, 'Attention happy', 268, 123, 7);
INSERT INTO song (song_id, album_id, name, duration_seconds, bpm, track_number) VALUES (3097, 409, 'Statement care health human', 381, 112, 8);
INSERT INTO song (song_id, album_id, name, duration_seconds, bpm, track_number) VALUES (3098, 409, 'Suggest', 205, 73, 9);
INSERT INTO album (album_id, artist_id, title, release_year, created_at) VALUES (410, 214, 'Synchronized well-modulated data-warehouse', 2008, NOW());
INSERT INTO song (song_id, album_id, name, duration_seconds, bpm, track_number) VALUES (3099, 410, 'Question', 191, 144, 1);
INSERT INTO song (song_id, album_id, name, duration_seconds, bpm, track_number) VALUES (3100, 410, 'Crime federal view', 376, 122, 2);
INSERT INTO song (song_id, album_id, name, duration_seconds, bpm, track_number) VALUES (3101, 410, 'Wait ten pick low', 392, 150, 3);
INSERT INTO song (song_id, album_id, name, duration_seconds, bpm, track_number) VALUES (3102, 410, 'Be on', 240, 90, 4);
INSERT INTO song (song_id, album_id, name, duration_seconds, bpm, track_number) VALUES (3103, 410, 'Land develop majority already TV', 215, 66, 5);
INSERT INTO album (album_id, artist_id, title, release_year, created_at) VALUES (411, 215, 'Extended object-oriented concept', 1981, NOW());
INSERT INTO song (song_id, album_id, name, duration_seconds, bpm, track_number) VALUES (3104, 411, 'Inside ask edge actually', 219, 123, 1);
INSERT INTO song (song_id, album_id, name, duration_seconds, bpm, track_number) VALUES (3105, 411, 'Whether', 277, 129, 2);
INSERT INTO song (song_id, album_id, name, duration_seconds, bpm, track_number) VALUES (3106, 411, 'Especially', 157, 144, 3);
INSERT INTO song (song_id, album_id, name, duration_seconds, bpm, track_number) VALUES (3107, 411, 'Source', 262, 122, 4);
INSERT INTO song (song_id, album_id, name, duration_seconds, bpm, track_number) VALUES (3108, 411, 'Season bar party', 191, 77, 5);
INSERT INTO song (song_id, album_id, name, duration_seconds, bpm, track_number) VALUES (3109, 411, 'Program', 137, 163, 6);
INSERT INTO song (song_id, album_id, name, duration_seconds, bpm, track_number) VALUES (3110, 411, 'Time both boy', 153, 126, 7);
INSERT INTO song (song_id, album_id, name, duration_seconds, bpm, track_number) VALUES (3111, 411, 'Set finally whom', 406, 112, 8);
INSERT INTO song (song_id, album_id, name, duration_seconds, bpm, track_number) VALUES (3112, 411, 'Indicate camera', 182, 71, 9);
INSERT INTO album (album_id, artist_id, title, release_year, created_at) VALUES (412, 216, 'Multi-layered fault-tolerant budgetary management', 1999, NOW());
INSERT INTO song (song_id, album_id, name, duration_seconds, bpm, track_number) VALUES (3113, 412, 'Tax pretty college', 301, 133, 1);
INSERT INTO song (song_id, album_id, name, duration_seconds, bpm, track_number) VALUES (3114, 412, 'Think scientist party', 450, 103, 2);
INSERT INTO song (song_id, album_id, name, duration_seconds, bpm, track_number) VALUES (3115, 412, 'Condition', 324, 143, 3);
INSERT INTO song (song_id, album_id, name, duration_seconds, bpm, track_number) VALUES (3116, 412, 'School third yet', 377, 84, 4);
INSERT INTO song (song_id, album_id, name, duration_seconds, bpm, track_number) VALUES (3117, 412, 'Wish', 456, 173, 5);
INSERT INTO song (song_id, album_id, name, duration_seconds, bpm, track_number) VALUES (3118, 412, 'Language', 446, 74, 6);
INSERT INTO song (song_id, album_id, name, duration_seconds, bpm, track_number) VALUES (3119, 412, 'Pm beyond', 384, 169, 7);
INSERT INTO album (album_id, artist_id, title, release_year, created_at) VALUES (413, 216, 'Sharable tangible architecture', 2004, NOW());
INSERT INTO song (song_id, album_id, name, duration_seconds, bpm, track_number) VALUES (3120, 413, 'Hair consumer forward', 247, 92, 1);
INSERT INTO song (song_id, album_id, name, duration_seconds, bpm, track_number) VALUES (3121, 413, 'Grow watch', 435, 131, 2);
INSERT INTO song (song_id, album_id, name, duration_seconds, bpm, track_number) VALUES (3122, 413, 'Community', 128, 72, 3);
INSERT INTO song (song_id, album_id, name, duration_seconds, bpm, track_number) VALUES (3123, 413, 'Gas participant important history', 156, 76, 4);
INSERT INTO song (song_id, album_id, name, duration_seconds, bpm, track_number) VALUES (3124, 413, 'Human catch', 430, 61, 5);
INSERT INTO song (song_id, album_id, name, duration_seconds, bpm, track_number) VALUES (3125, 413, 'Teach', 143, 78, 6);
INSERT INTO song (song_id, album_id, name, duration_seconds, bpm, track_number) VALUES (3126, 413, 'Help work', 433, 136, 7);
INSERT INTO song (song_id, album_id, name, duration_seconds, bpm, track_number) VALUES (3127, 413, 'Model take action individual', 337, 119, 8);
INSERT INTO album (album_id, artist_id, title, release_year, created_at) VALUES (414, 217, 'Fully-configurable non-volatile process improvement', 1984, NOW());
INSERT INTO song (song_id, album_id, name, duration_seconds, bpm, track_number) VALUES (3128, 414, 'Industry voice', 465, 173, 1);
INSERT INTO song (song_id, album_id, name, duration_seconds, bpm, track_number) VALUES (3129, 414, 'Explain show behind', 241, 80, 2);
INSERT INTO song (song_id, album_id, name, duration_seconds, bpm, track_number) VALUES (3130, 414, 'Check place', 255, 73, 3);
INSERT INTO song (song_id, album_id, name, duration_seconds, bpm, track_number) VALUES (3131, 414, 'Student arrive drug', 132, 112, 4);
INSERT INTO song (song_id, album_id, name, duration_seconds, bpm, track_number) VALUES (3132, 414, 'Size without', 298, 98, 5);
INSERT INTO album (album_id, artist_id, title, release_year, created_at) VALUES (415, 218, 'Innovative actuating model', 1976, NOW());
INSERT INTO song (song_id, album_id, name, duration_seconds, bpm, track_number) VALUES (3133, 415, 'Sister hair decision', 356, 71, 1);
INSERT INTO song (song_id, album_id, name, duration_seconds, bpm, track_number) VALUES (3134, 415, 'Organization', 341, 153, 2);
INSERT INTO song (song_id, album_id, name, duration_seconds, bpm, track_number) VALUES (3135, 415, 'Need', 382, 98, 3);
INSERT INTO song (song_id, album_id, name, duration_seconds, bpm, track_number) VALUES (3136, 415, 'Me do', 182, 179, 4);
INSERT INTO song (song_id, album_id, name, duration_seconds, bpm, track_number) VALUES (3137, 415, 'Them expert American everybody', 245, 83, 5);
INSERT INTO album (album_id, artist_id, title, release_year, created_at) VALUES (416, 219, 'Cross-platform system-worthy parallelism', 1970, NOW());
INSERT INTO song (song_id, album_id, name, duration_seconds, bpm, track_number) VALUES (3138, 416, 'Usually tell', 467, 141, 1);
INSERT INTO song (song_id, album_id, name, duration_seconds, bpm, track_number) VALUES (3139, 416, 'Short', 278, 116, 2);
INSERT INTO song (song_id, album_id, name, duration_seconds, bpm, track_number) VALUES (3140, 416, 'Benefit senior voice mention change', 334, 88, 3);
INSERT INTO song (song_id, album_id, name, duration_seconds, bpm, track_number) VALUES (3141, 416, 'Compare', 324, 92, 4);
INSERT INTO song (song_id, album_id, name, duration_seconds, bpm, track_number) VALUES (3142, 416, 'Light', 170, 162, 5);
INSERT INTO song (song_id, album_id, name, duration_seconds, bpm, track_number) VALUES (3143, 416, 'Least', 422, 135, 6);
INSERT INTO song (song_id, album_id, name, duration_seconds, bpm, track_number) VALUES (3144, 416, 'Possible', 452, 177, 7);
INSERT INTO song (song_id, album_id, name, duration_seconds, bpm, track_number) VALUES (3145, 416, 'Major', 195, 175, 8);
INSERT INTO album (album_id, artist_id, title, release_year, created_at) VALUES (417, 219, 'Streamlined coherent adapter', 2013, NOW());
INSERT INTO song (song_id, album_id, name, duration_seconds, bpm, track_number) VALUES (3146, 417, 'Man relate', 447, 133, 1);
INSERT INTO song (song_id, album_id, name, duration_seconds, bpm, track_number) VALUES (3147, 417, 'Car general', 420, 160, 2);
INSERT INTO song (song_id, album_id, name, duration_seconds, bpm, track_number) VALUES (3148, 417, 'Parent', 174, 146, 3);
INSERT INTO song (song_id, album_id, name, duration_seconds, bpm, track_number) VALUES (3149, 417, 'Stage but', 299, 142, 4);
INSERT INTO song (song_id, album_id, name, duration_seconds, bpm, track_number) VALUES (3150, 417, 'Man', 227, 173, 5);
INSERT INTO album (album_id, artist_id, title, release_year, created_at) VALUES (418, 219, 'Cross-group exuding benchmark', 1989, NOW());
INSERT INTO song (song_id, album_id, name, duration_seconds, bpm, track_number) VALUES (3151, 418, 'Particular', 355, 101, 1);
INSERT INTO song (song_id, album_id, name, duration_seconds, bpm, track_number) VALUES (3152, 418, 'Order', 461, 179, 2);
INSERT INTO song (song_id, album_id, name, duration_seconds, bpm, track_number) VALUES (3153, 418, 'Friend tend', 473, 148, 3);
INSERT INTO song (song_id, album_id, name, duration_seconds, bpm, track_number) VALUES (3154, 418, 'Make style', 286, 73, 4);
INSERT INTO song (song_id, album_id, name, duration_seconds, bpm, track_number) VALUES (3155, 418, 'Box church us', 247, 105, 5);
INSERT INTO song (song_id, album_id, name, duration_seconds, bpm, track_number) VALUES (3156, 418, 'Past song skin', 472, 117, 6);
INSERT INTO song (song_id, album_id, name, duration_seconds, bpm, track_number) VALUES (3157, 418, 'Project', 369, 151, 7);
INSERT INTO song (song_id, album_id, name, duration_seconds, bpm, track_number) VALUES (3158, 418, 'Upon', 212, 71, 8);
INSERT INTO album (album_id, artist_id, title, release_year, created_at) VALUES (419, 220, 'Operative motivating methodology', 1997, NOW());
INSERT INTO song (song_id, album_id, name, duration_seconds, bpm, track_number) VALUES (3159, 419, 'Position', 413, 132, 1);
INSERT INTO song (song_id, album_id, name, duration_seconds, bpm, track_number) VALUES (3160, 419, 'Keep', 328, 151, 2);
INSERT INTO song (song_id, album_id, name, duration_seconds, bpm, track_number) VALUES (3161, 419, 'Foot', 220, 110, 3);
INSERT INTO song (song_id, album_id, name, duration_seconds, bpm, track_number) VALUES (3162, 419, 'Consider song', 232, 112, 4);
INSERT INTO song (song_id, album_id, name, duration_seconds, bpm, track_number) VALUES (3163, 419, 'Sort', 219, 170, 5);
INSERT INTO song (song_id, album_id, name, duration_seconds, bpm, track_number) VALUES (3164, 419, 'Manager town', 343, 93, 6);
INSERT INTO album (album_id, artist_id, title, release_year, created_at) VALUES (420, 221, 'Innovative solution-oriented policy', 1994, NOW());
INSERT INTO song (song_id, album_id, name, duration_seconds, bpm, track_number) VALUES (3165, 420, 'Republican', 397, 80, 1);
INSERT INTO song (song_id, album_id, name, duration_seconds, bpm, track_number) VALUES (3166, 420, 'Message since which today', 140, 93, 2);
INSERT INTO song (song_id, album_id, name, duration_seconds, bpm, track_number) VALUES (3167, 420, 'Spend', 253, 180, 3);
INSERT INTO song (song_id, album_id, name, duration_seconds, bpm, track_number) VALUES (3168, 420, 'Perhaps', 299, 80, 4);
INSERT INTO song (song_id, album_id, name, duration_seconds, bpm, track_number) VALUES (3169, 420, 'Company individual protect', 396, 154, 5);
INSERT INTO song (song_id, album_id, name, duration_seconds, bpm, track_number) VALUES (3170, 420, 'Add case', 302, 126, 6);
INSERT INTO song (song_id, album_id, name, duration_seconds, bpm, track_number) VALUES (3171, 420, 'Machine treatment institution', 265, 112, 7);
INSERT INTO album (album_id, artist_id, title, release_year, created_at) VALUES (421, 221, 'Re-contextualized even-keeled migration', 2025, NOW());
INSERT INTO song (song_id, album_id, name, duration_seconds, bpm, track_number) VALUES (3172, 421, 'Person', 329, 119, 1);
INSERT INTO song (song_id, album_id, name, duration_seconds, bpm, track_number) VALUES (3173, 421, 'Past car south wear', 419, 118, 2);
INSERT INTO song (song_id, album_id, name, duration_seconds, bpm, track_number) VALUES (3174, 421, 'Political child', 415, 129, 3);
INSERT INTO song (song_id, album_id, name, duration_seconds, bpm, track_number) VALUES (3175, 421, 'Accept nothing', 196, 164, 4);
INSERT INTO song (song_id, album_id, name, duration_seconds, bpm, track_number) VALUES (3176, 421, 'Reach', 243, 86, 5);
INSERT INTO song (song_id, album_id, name, duration_seconds, bpm, track_number) VALUES (3177, 421, 'Book recent', 170, 141, 6);
INSERT INTO song (song_id, album_id, name, duration_seconds, bpm, track_number) VALUES (3178, 421, 'Help', 256, 160, 7);
INSERT INTO song (song_id, album_id, name, duration_seconds, bpm, track_number) VALUES (3179, 421, 'Else return', 389, 121, 8);
INSERT INTO album (album_id, artist_id, title, release_year, created_at) VALUES (422, 221, 'Face-to-face content-based Internet solution', 1987, NOW());
INSERT INTO song (song_id, album_id, name, duration_seconds, bpm, track_number) VALUES (3180, 422, 'Case pressure likely teacher majority', 130, 160, 1);
INSERT INTO song (song_id, album_id, name, duration_seconds, bpm, track_number) VALUES (3181, 422, 'Again wind weight', 229, 139, 2);
INSERT INTO song (song_id, album_id, name, duration_seconds, bpm, track_number) VALUES (3182, 422, 'Direction', 143, 168, 3);
INSERT INTO song (song_id, album_id, name, duration_seconds, bpm, track_number) VALUES (3183, 422, 'Arrive', 331, 133, 4);
INSERT INTO song (song_id, album_id, name, duration_seconds, bpm, track_number) VALUES (3184, 422, 'Attorney', 173, 66, 5);
INSERT INTO song (song_id, album_id, name, duration_seconds, bpm, track_number) VALUES (3185, 422, 'American', 260, 89, 6);
INSERT INTO song (song_id, album_id, name, duration_seconds, bpm, track_number) VALUES (3186, 422, 'Office statement', 225, 74, 7);
INSERT INTO song (song_id, album_id, name, duration_seconds, bpm, track_number) VALUES (3187, 422, 'Mission stand', 255, 92, 8);
INSERT INTO album (album_id, artist_id, title, release_year, created_at) VALUES (423, 222, 'Persistent methodical instruction set', 2014, NOW());
INSERT INTO song (song_id, album_id, name, duration_seconds, bpm, track_number) VALUES (3188, 423, 'Customer then', 297, 133, 1);
INSERT INTO song (song_id, album_id, name, duration_seconds, bpm, track_number) VALUES (3189, 423, 'His', 204, 102, 2);
INSERT INTO song (song_id, album_id, name, duration_seconds, bpm, track_number) VALUES (3190, 423, 'Realize person song add', 422, 152, 3);
INSERT INTO song (song_id, album_id, name, duration_seconds, bpm, track_number) VALUES (3191, 423, 'Agree notice', 202, 131, 4);
INSERT INTO song (song_id, album_id, name, duration_seconds, bpm, track_number) VALUES (3192, 423, 'Us decade perhaps', 165, 135, 5);
INSERT INTO song (song_id, album_id, name, duration_seconds, bpm, track_number) VALUES (3193, 423, 'Again wear pretty require', 398, 130, 6);
INSERT INTO album (album_id, artist_id, title, release_year, created_at) VALUES (424, 223, 'Reduced grid-enabled archive', 1981, NOW());
INSERT INTO song (song_id, album_id, name, duration_seconds, bpm, track_number) VALUES (3194, 424, 'His part which', 157, 87, 1);
INSERT INTO song (song_id, album_id, name, duration_seconds, bpm, track_number) VALUES (3195, 424, 'History country', 156, 62, 2);
INSERT INTO song (song_id, album_id, name, duration_seconds, bpm, track_number) VALUES (3196, 424, 'Ball eye', 174, 164, 3);
INSERT INTO song (song_id, album_id, name, duration_seconds, bpm, track_number) VALUES (3197, 424, 'Above', 319, 178, 4);
INSERT INTO song (song_id, album_id, name, duration_seconds, bpm, track_number) VALUES (3198, 424, 'Stage provide', 364, 70, 5);
INSERT INTO song (song_id, album_id, name, duration_seconds, bpm, track_number) VALUES (3199, 424, 'Market', 435, 82, 6);
INSERT INTO song (song_id, album_id, name, duration_seconds, bpm, track_number) VALUES (3200, 424, 'Raise', 232, 87, 7);
INSERT INTO song (song_id, album_id, name, duration_seconds, bpm, track_number) VALUES (3201, 424, 'For', 323, 132, 8);
INSERT INTO song (song_id, album_id, name, duration_seconds, bpm, track_number) VALUES (3202, 424, 'Treat', 372, 74, 9);
INSERT INTO album (album_id, artist_id, title, release_year, created_at) VALUES (425, 223, 'Adaptive contextually-based support', 1972, NOW());
INSERT INTO song (song_id, album_id, name, duration_seconds, bpm, track_number) VALUES (3203, 425, 'Evidence', 377, 66, 1);
INSERT INTO song (song_id, album_id, name, duration_seconds, bpm, track_number) VALUES (3204, 425, 'Business through ago', 211, 97, 2);
INSERT INTO song (song_id, album_id, name, duration_seconds, bpm, track_number) VALUES (3205, 425, 'Interest', 456, 116, 3);
INSERT INTO song (song_id, album_id, name, duration_seconds, bpm, track_number) VALUES (3206, 425, 'Nice information', 161, 116, 4);
INSERT INTO song (song_id, album_id, name, duration_seconds, bpm, track_number) VALUES (3207, 425, 'Reflect', 198, 107, 5);
INSERT INTO song (song_id, album_id, name, duration_seconds, bpm, track_number) VALUES (3208, 425, 'Because listen up go', 455, 123, 6);
INSERT INTO song (song_id, album_id, name, duration_seconds, bpm, track_number) VALUES (3209, 425, 'Time', 315, 78, 7);
INSERT INTO song (song_id, album_id, name, duration_seconds, bpm, track_number) VALUES (3210, 425, 'Base', 198, 112, 8);
INSERT INTO song (song_id, album_id, name, duration_seconds, bpm, track_number) VALUES (3211, 425, 'Region', 275, 143, 9);
INSERT INTO song (song_id, album_id, name, duration_seconds, bpm, track_number) VALUES (3212, 425, 'Game entire', 378, 79, 10);
INSERT INTO album (album_id, artist_id, title, release_year, created_at) VALUES (426, 224, 'Up-sized user-facing Internet solution', 2006, NOW());
INSERT INTO song (song_id, album_id, name, duration_seconds, bpm, track_number) VALUES (3213, 426, 'Seat support art', 201, 117, 1);
INSERT INTO song (song_id, album_id, name, duration_seconds, bpm, track_number) VALUES (3214, 426, 'Amount edge difference attack', 153, 175, 2);
INSERT INTO song (song_id, album_id, name, duration_seconds, bpm, track_number) VALUES (3215, 426, 'Talk', 428, 93, 3);
INSERT INTO song (song_id, album_id, name, duration_seconds, bpm, track_number) VALUES (3216, 426, 'Camera', 377, 69, 4);
INSERT INTO song (song_id, album_id, name, duration_seconds, bpm, track_number) VALUES (3217, 426, 'Bill near', 125, 115, 5);
INSERT INTO song (song_id, album_id, name, duration_seconds, bpm, track_number) VALUES (3218, 426, 'Market', 142, 172, 6);
INSERT INTO song (song_id, album_id, name, duration_seconds, bpm, track_number) VALUES (3219, 426, 'Record type', 289, 126, 7);
INSERT INTO song (song_id, album_id, name, duration_seconds, bpm, track_number) VALUES (3220, 426, 'Rock we', 408, 149, 8);
INSERT INTO album (album_id, artist_id, title, release_year, created_at) VALUES (427, 225, 'Fundamental secondary flexibility', 2020, NOW());
INSERT INTO song (song_id, album_id, name, duration_seconds, bpm, track_number) VALUES (3221, 427, 'Benefit', 134, 157, 1);
INSERT INTO song (song_id, album_id, name, duration_seconds, bpm, track_number) VALUES (3222, 427, 'Determine each fast', 259, 118, 2);
INSERT INTO song (song_id, album_id, name, duration_seconds, bpm, track_number) VALUES (3223, 427, 'Event', 368, 129, 3);
INSERT INTO song (song_id, album_id, name, duration_seconds, bpm, track_number) VALUES (3224, 427, 'Language blood sign officer', 334, 85, 4);
INSERT INTO song (song_id, album_id, name, duration_seconds, bpm, track_number) VALUES (3225, 427, 'Seem third view', 322, 98, 5);
INSERT INTO album (album_id, artist_id, title, release_year, created_at) VALUES (428, 225, 'Fully-configurable holistic focus group', 2005, NOW());
INSERT INTO song (song_id, album_id, name, duration_seconds, bpm, track_number) VALUES (3226, 428, 'Each', 355, 126, 1);
INSERT INTO song (song_id, album_id, name, duration_seconds, bpm, track_number) VALUES (3227, 428, 'Kid', 161, 109, 2);
INSERT INTO song (song_id, album_id, name, duration_seconds, bpm, track_number) VALUES (3228, 428, 'Director field', 414, 175, 3);
INSERT INTO song (song_id, album_id, name, duration_seconds, bpm, track_number) VALUES (3229, 428, 'Operation', 441, 114, 4);
INSERT INTO song (song_id, album_id, name, duration_seconds, bpm, track_number) VALUES (3230, 428, 'Brother argue', 472, 134, 5);
INSERT INTO song (song_id, album_id, name, duration_seconds, bpm, track_number) VALUES (3231, 428, 'Arrive', 238, 173, 6);
INSERT INTO song (song_id, album_id, name, duration_seconds, bpm, track_number) VALUES (3232, 428, 'Admit', 350, 61, 7);
INSERT INTO album (album_id, artist_id, title, release_year, created_at) VALUES (429, 225, 'Polarized systematic extranet', 1998, NOW());
INSERT INTO song (song_id, album_id, name, duration_seconds, bpm, track_number) VALUES (3233, 429, 'Term power', 264, 115, 1);
INSERT INTO song (song_id, album_id, name, duration_seconds, bpm, track_number) VALUES (3234, 429, 'Thought really', 411, 67, 2);
INSERT INTO song (song_id, album_id, name, duration_seconds, bpm, track_number) VALUES (3235, 429, 'Share serve', 285, 63, 3);
INSERT INTO song (song_id, album_id, name, duration_seconds, bpm, track_number) VALUES (3236, 429, 'Mouth hand', 175, 149, 4);
INSERT INTO song (song_id, album_id, name, duration_seconds, bpm, track_number) VALUES (3237, 429, 'Enjoy', 369, 74, 5);
INSERT INTO song (song_id, album_id, name, duration_seconds, bpm, track_number) VALUES (3238, 429, 'Whole citizen', 318, 83, 6);
INSERT INTO song (song_id, album_id, name, duration_seconds, bpm, track_number) VALUES (3239, 429, 'Conference', 333, 81, 7);
INSERT INTO song (song_id, album_id, name, duration_seconds, bpm, track_number) VALUES (3240, 429, 'Case age plan', 212, 127, 8);
INSERT INTO song (song_id, album_id, name, duration_seconds, bpm, track_number) VALUES (3241, 429, 'Trade school decade institution collection', 390, 157, 9);
INSERT INTO song (song_id, album_id, name, duration_seconds, bpm, track_number) VALUES (3242, 429, 'Responsibility network', 247, 97, 10);
INSERT INTO album (album_id, artist_id, title, release_year, created_at) VALUES (430, 226, 'Synergistic 5thgeneration budgetary management', 1973, NOW());
INSERT INTO song (song_id, album_id, name, duration_seconds, bpm, track_number) VALUES (3243, 430, 'Area who', 414, 154, 1);
INSERT INTO song (song_id, album_id, name, duration_seconds, bpm, track_number) VALUES (3244, 430, 'To', 379, 176, 2);
INSERT INTO song (song_id, album_id, name, duration_seconds, bpm, track_number) VALUES (3245, 430, 'While', 410, 62, 3);
INSERT INTO song (song_id, album_id, name, duration_seconds, bpm, track_number) VALUES (3246, 430, 'Pass', 153, 91, 4);
INSERT INTO song (song_id, album_id, name, duration_seconds, bpm, track_number) VALUES (3247, 430, 'Common', 271, 142, 5);
INSERT INTO song (song_id, album_id, name, duration_seconds, bpm, track_number) VALUES (3248, 430, 'Level', 125, 123, 6);
INSERT INTO song (song_id, album_id, name, duration_seconds, bpm, track_number) VALUES (3249, 430, 'Painting', 288, 98, 7);
INSERT INTO song (song_id, album_id, name, duration_seconds, bpm, track_number) VALUES (3250, 430, 'Day few', 143, 171, 8);
INSERT INTO album (album_id, artist_id, title, release_year, created_at) VALUES (431, 226, 'Optimized web-enabled forecast', 2018, NOW());
INSERT INTO song (song_id, album_id, name, duration_seconds, bpm, track_number) VALUES (3251, 431, 'Board he', 278, 89, 1);
INSERT INTO song (song_id, album_id, name, duration_seconds, bpm, track_number) VALUES (3252, 431, 'Heart policy sing', 348, 106, 2);
INSERT INTO song (song_id, album_id, name, duration_seconds, bpm, track_number) VALUES (3253, 431, 'Him', 153, 125, 3);
INSERT INTO song (song_id, album_id, name, duration_seconds, bpm, track_number) VALUES (3254, 431, 'Decide second down', 134, 103, 4);
INSERT INTO song (song_id, album_id, name, duration_seconds, bpm, track_number) VALUES (3255, 431, 'Have seem miss', 345, 117, 5);
INSERT INTO song (song_id, album_id, name, duration_seconds, bpm, track_number) VALUES (3256, 431, 'Leader', 175, 106, 6);
INSERT INTO song (song_id, album_id, name, duration_seconds, bpm, track_number) VALUES (3257, 431, 'Drop', 261, 115, 7);
INSERT INTO song (song_id, album_id, name, duration_seconds, bpm, track_number) VALUES (3258, 431, 'Our book', 261, 107, 8);
INSERT INTO song (song_id, album_id, name, duration_seconds, bpm, track_number) VALUES (3259, 431, 'Foot hope', 386, 143, 9);
INSERT INTO song (song_id, album_id, name, duration_seconds, bpm, track_number) VALUES (3260, 431, 'Everyone win operation', 233, 90, 10);
INSERT INTO album (album_id, artist_id, title, release_year, created_at) VALUES (432, 226, 'Optimized directional adapter', 2021, NOW());
INSERT INTO song (song_id, album_id, name, duration_seconds, bpm, track_number) VALUES (3261, 432, 'Wear every', 317, 133, 1);
INSERT INTO song (song_id, album_id, name, duration_seconds, bpm, track_number) VALUES (3262, 432, 'Nation subject', 289, 112, 2);
INSERT INTO song (song_id, album_id, name, duration_seconds, bpm, track_number) VALUES (3263, 432, 'Because', 342, 124, 3);
INSERT INTO song (song_id, album_id, name, duration_seconds, bpm, track_number) VALUES (3264, 432, 'Girl card', 187, 69, 4);
INSERT INTO song (song_id, album_id, name, duration_seconds, bpm, track_number) VALUES (3265, 432, 'Someone', 314, 62, 5);
INSERT INTO song (song_id, album_id, name, duration_seconds, bpm, track_number) VALUES (3266, 432, 'Away', 195, 156, 6);
INSERT INTO album (album_id, artist_id, title, release_year, created_at) VALUES (433, 227, 'Grass-roots disintermediate forecast', 1997, NOW());
INSERT INTO song (song_id, album_id, name, duration_seconds, bpm, track_number) VALUES (3267, 433, 'Player study lose hope', 290, 165, 1);
INSERT INTO song (song_id, album_id, name, duration_seconds, bpm, track_number) VALUES (3268, 433, 'Wrong', 475, 64, 2);
INSERT INTO song (song_id, album_id, name, duration_seconds, bpm, track_number) VALUES (3269, 433, 'Raise authority', 424, 129, 3);
INSERT INTO song (song_id, album_id, name, duration_seconds, bpm, track_number) VALUES (3270, 433, 'May indeed', 456, 157, 4);
INSERT INTO song (song_id, album_id, name, duration_seconds, bpm, track_number) VALUES (3271, 433, 'Already hope', 363, 180, 5);
INSERT INTO song (song_id, album_id, name, duration_seconds, bpm, track_number) VALUES (3272, 433, 'Last', 412, 85, 6);
INSERT INTO album (album_id, artist_id, title, release_year, created_at) VALUES (434, 227, 'Phased fault-tolerant frame', 1976, NOW());
INSERT INTO song (song_id, album_id, name, duration_seconds, bpm, track_number) VALUES (3273, 434, 'Should', 132, 84, 1);
INSERT INTO song (song_id, album_id, name, duration_seconds, bpm, track_number) VALUES (3274, 434, 'Include', 154, 92, 2);
INSERT INTO song (song_id, album_id, name, duration_seconds, bpm, track_number) VALUES (3275, 434, 'Fine best', 161, 77, 3);
INSERT INTO song (song_id, album_id, name, duration_seconds, bpm, track_number) VALUES (3276, 434, 'Project', 156, 159, 4);
INSERT INTO song (song_id, album_id, name, duration_seconds, bpm, track_number) VALUES (3277, 434, 'Forget', 374, 79, 5);
INSERT INTO song (song_id, album_id, name, duration_seconds, bpm, track_number) VALUES (3278, 434, 'Name', 351, 134, 6);
INSERT INTO album (album_id, artist_id, title, release_year, created_at) VALUES (435, 227, 'Object-based heuristic encryption', 2010, NOW());
INSERT INTO song (song_id, album_id, name, duration_seconds, bpm, track_number) VALUES (3279, 435, 'Interest stop form act', 124, 112, 1);
INSERT INTO song (song_id, album_id, name, duration_seconds, bpm, track_number) VALUES (3280, 435, 'Growth truth', 151, 106, 2);
INSERT INTO song (song_id, album_id, name, duration_seconds, bpm, track_number) VALUES (3281, 435, 'Wrong', 299, 99, 3);
INSERT INTO song (song_id, album_id, name, duration_seconds, bpm, track_number) VALUES (3282, 435, 'Hit', 239, 149, 4);
INSERT INTO song (song_id, album_id, name, duration_seconds, bpm, track_number) VALUES (3283, 435, 'Prevent though property', 272, 151, 5);
INSERT INTO song (song_id, album_id, name, duration_seconds, bpm, track_number) VALUES (3284, 435, 'Front', 403, 154, 6);
INSERT INTO song (song_id, album_id, name, duration_seconds, bpm, track_number) VALUES (3285, 435, 'Bill', 449, 124, 7);
INSERT INTO song (song_id, album_id, name, duration_seconds, bpm, track_number) VALUES (3286, 435, 'Set his technology question', 432, 131, 8);
INSERT INTO album (album_id, artist_id, title, release_year, created_at) VALUES (436, 228, 'Triple-buffered fault-tolerant attitude', 1975, NOW());
INSERT INTO song (song_id, album_id, name, duration_seconds, bpm, track_number) VALUES (3287, 436, 'Head', 195, 95, 1);
INSERT INTO song (song_id, album_id, name, duration_seconds, bpm, track_number) VALUES (3288, 436, 'Rest offer career', 176, 140, 2);
INSERT INTO song (song_id, album_id, name, duration_seconds, bpm, track_number) VALUES (3289, 436, 'Scientist', 205, 146, 3);
INSERT INTO song (song_id, album_id, name, duration_seconds, bpm, track_number) VALUES (3290, 436, 'Year protect', 415, 97, 4);
INSERT INTO song (song_id, album_id, name, duration_seconds, bpm, track_number) VALUES (3291, 436, 'Industry', 129, 178, 5);
INSERT INTO song (song_id, album_id, name, duration_seconds, bpm, track_number) VALUES (3292, 436, 'Deep best', 202, 60, 6);
INSERT INTO song (song_id, album_id, name, duration_seconds, bpm, track_number) VALUES (3293, 436, 'Feeling fish concern job', 310, 96, 7);
INSERT INTO song (song_id, album_id, name, duration_seconds, bpm, track_number) VALUES (3294, 436, 'Rich', 260, 131, 8);
INSERT INTO album (album_id, artist_id, title, release_year, created_at) VALUES (437, 228, 'Face-to-face human-resource definition', 1992, NOW());
INSERT INTO song (song_id, album_id, name, duration_seconds, bpm, track_number) VALUES (3295, 437, 'Budget build', 275, 140, 1);
INSERT INTO song (song_id, album_id, name, duration_seconds, bpm, track_number) VALUES (3296, 437, 'Amount', 126, 157, 2);
INSERT INTO song (song_id, album_id, name, duration_seconds, bpm, track_number) VALUES (3297, 437, 'Check free while', 246, 108, 3);
INSERT INTO song (song_id, album_id, name, duration_seconds, bpm, track_number) VALUES (3298, 437, 'Radio', 226, 106, 4);
INSERT INTO song (song_id, album_id, name, duration_seconds, bpm, track_number) VALUES (3299, 437, 'Citizen', 472, 84, 5);
INSERT INTO song (song_id, album_id, name, duration_seconds, bpm, track_number) VALUES (3300, 437, 'Administration understand under individual', 134, 171, 6);
INSERT INTO song (song_id, album_id, name, duration_seconds, bpm, track_number) VALUES (3301, 437, 'Human', 287, 64, 7);
INSERT INTO song (song_id, album_id, name, duration_seconds, bpm, track_number) VALUES (3302, 437, 'Audience green send', 237, 65, 8);
INSERT INTO song (song_id, album_id, name, duration_seconds, bpm, track_number) VALUES (3303, 437, 'And something plant model', 324, 176, 9);
INSERT INTO song (song_id, album_id, name, duration_seconds, bpm, track_number) VALUES (3304, 437, 'Price daughter see', 355, 176, 10);
INSERT INTO album (album_id, artist_id, title, release_year, created_at) VALUES (438, 229, 'Mandatory leadingedge firmware', 1998, NOW());
INSERT INTO song (song_id, album_id, name, duration_seconds, bpm, track_number) VALUES (3305, 438, 'Theory add', 200, 127, 1);
INSERT INTO song (song_id, album_id, name, duration_seconds, bpm, track_number) VALUES (3306, 438, 'Military along', 262, 132, 2);
INSERT INTO song (song_id, album_id, name, duration_seconds, bpm, track_number) VALUES (3307, 438, 'Light hotel', 374, 84, 3);
INSERT INTO song (song_id, album_id, name, duration_seconds, bpm, track_number) VALUES (3308, 438, 'Effort task', 136, 105, 4);
INSERT INTO song (song_id, album_id, name, duration_seconds, bpm, track_number) VALUES (3309, 438, 'Unit change effort defense', 242, 143, 5);
INSERT INTO song (song_id, album_id, name, duration_seconds, bpm, track_number) VALUES (3310, 438, 'Past', 289, 76, 6);
INSERT INTO song (song_id, album_id, name, duration_seconds, bpm, track_number) VALUES (3311, 438, 'By', 298, 109, 7);
INSERT INTO song (song_id, album_id, name, duration_seconds, bpm, track_number) VALUES (3312, 438, 'Year character', 349, 159, 8);
INSERT INTO song (song_id, album_id, name, duration_seconds, bpm, track_number) VALUES (3313, 438, 'Majority name', 438, 107, 9);
INSERT INTO album (album_id, artist_id, title, release_year, created_at) VALUES (439, 230, 'Compatible mobile access', 2024, NOW());
INSERT INTO song (song_id, album_id, name, duration_seconds, bpm, track_number) VALUES (3314, 439, 'Company', 322, 75, 1);
INSERT INTO song (song_id, album_id, name, duration_seconds, bpm, track_number) VALUES (3315, 439, 'Property talk recent ago', 438, 76, 2);
INSERT INTO song (song_id, album_id, name, duration_seconds, bpm, track_number) VALUES (3316, 439, 'Professional', 370, 125, 3);
INSERT INTO song (song_id, album_id, name, duration_seconds, bpm, track_number) VALUES (3317, 439, 'Bad turn', 133, 107, 4);
INSERT INTO song (song_id, album_id, name, duration_seconds, bpm, track_number) VALUES (3318, 439, 'Agreement', 397, 75, 5);
INSERT INTO song (song_id, album_id, name, duration_seconds, bpm, track_number) VALUES (3319, 439, 'Office success', 276, 75, 6);
INSERT INTO song (song_id, album_id, name, duration_seconds, bpm, track_number) VALUES (3320, 439, 'Call financial give', 239, 154, 7);
INSERT INTO song (song_id, album_id, name, duration_seconds, bpm, track_number) VALUES (3321, 439, 'Cause', 305, 64, 8);
INSERT INTO song (song_id, album_id, name, duration_seconds, bpm, track_number) VALUES (3322, 439, 'Whom', 400, 145, 9);
INSERT INTO song (song_id, album_id, name, duration_seconds, bpm, track_number) VALUES (3323, 439, 'Turn glass wonder', 324, 160, 10);
INSERT INTO album (album_id, artist_id, title, release_year, created_at) VALUES (440, 230, 'Innovative multi-state monitoring', 1985, NOW());
INSERT INTO song (song_id, album_id, name, duration_seconds, bpm, track_number) VALUES (3324, 440, 'Season', 185, 84, 1);
INSERT INTO song (song_id, album_id, name, duration_seconds, bpm, track_number) VALUES (3325, 440, 'Back process', 256, 69, 2);
INSERT INTO song (song_id, album_id, name, duration_seconds, bpm, track_number) VALUES (3326, 440, 'Above assume next', 241, 88, 3);
INSERT INTO song (song_id, album_id, name, duration_seconds, bpm, track_number) VALUES (3327, 440, 'Situation yard', 244, 60, 4);
INSERT INTO song (song_id, album_id, name, duration_seconds, bpm, track_number) VALUES (3328, 440, 'Wide though', 202, 110, 5);
INSERT INTO song (song_id, album_id, name, duration_seconds, bpm, track_number) VALUES (3329, 440, 'School', 381, 124, 6);
INSERT INTO song (song_id, album_id, name, duration_seconds, bpm, track_number) VALUES (3330, 440, 'Level four', 135, 102, 7);
INSERT INTO album (album_id, artist_id, title, release_year, created_at) VALUES (441, 231, 'Vision-oriented 4thgeneration projection', 2002, NOW());
INSERT INTO song (song_id, album_id, name, duration_seconds, bpm, track_number) VALUES (3331, 441, 'Writer', 338, 85, 1);
INSERT INTO song (song_id, album_id, name, duration_seconds, bpm, track_number) VALUES (3332, 441, 'Customer someone', 339, 132, 2);
INSERT INTO song (song_id, album_id, name, duration_seconds, bpm, track_number) VALUES (3333, 441, 'Bed', 467, 99, 3);
INSERT INTO song (song_id, album_id, name, duration_seconds, bpm, track_number) VALUES (3334, 441, 'Bed', 405, 154, 4);
INSERT INTO song (song_id, album_id, name, duration_seconds, bpm, track_number) VALUES (3335, 441, 'Business true', 432, 67, 5);
INSERT INTO song (song_id, album_id, name, duration_seconds, bpm, track_number) VALUES (3336, 441, 'Ok', 244, 86, 6);
INSERT INTO song (song_id, album_id, name, duration_seconds, bpm, track_number) VALUES (3337, 441, 'Appear', 321, 79, 7);
INSERT INTO song (song_id, album_id, name, duration_seconds, bpm, track_number) VALUES (3338, 441, 'Five', 362, 178, 8);
INSERT INTO album (album_id, artist_id, title, release_year, created_at) VALUES (442, 231, 'Down-sized high-level architecture', 2021, NOW());
INSERT INTO song (song_id, album_id, name, duration_seconds, bpm, track_number) VALUES (3339, 442, 'Newspaper begin edge', 394, 160, 1);
INSERT INTO song (song_id, album_id, name, duration_seconds, bpm, track_number) VALUES (3340, 442, 'Send', 121, 167, 2);
INSERT INTO song (song_id, album_id, name, duration_seconds, bpm, track_number) VALUES (3341, 442, 'Indicate', 120, 170, 3);
INSERT INTO song (song_id, album_id, name, duration_seconds, bpm, track_number) VALUES (3342, 442, 'Money hit card', 429, 173, 4);
INSERT INTO song (song_id, album_id, name, duration_seconds, bpm, track_number) VALUES (3343, 442, 'Light look', 402, 147, 5);
INSERT INTO song (song_id, album_id, name, duration_seconds, bpm, track_number) VALUES (3344, 442, 'Green develop consider', 458, 78, 6);
INSERT INTO album (album_id, artist_id, title, release_year, created_at) VALUES (443, 231, 'Self-enabling modular contingency', 1973, NOW());
INSERT INTO song (song_id, album_id, name, duration_seconds, bpm, track_number) VALUES (3345, 443, 'Itself could', 244, 175, 1);
INSERT INTO song (song_id, album_id, name, duration_seconds, bpm, track_number) VALUES (3346, 443, 'Art', 366, 142, 2);
INSERT INTO song (song_id, album_id, name, duration_seconds, bpm, track_number) VALUES (3347, 443, 'Carry race', 444, 161, 3);
INSERT INTO song (song_id, album_id, name, duration_seconds, bpm, track_number) VALUES (3348, 443, 'Mind', 292, 96, 4);
INSERT INTO song (song_id, album_id, name, duration_seconds, bpm, track_number) VALUES (3349, 443, 'Young manage', 215, 148, 5);
INSERT INTO song (song_id, album_id, name, duration_seconds, bpm, track_number) VALUES (3350, 443, 'Form long meeting', 148, 112, 6);
INSERT INTO song (song_id, album_id, name, duration_seconds, bpm, track_number) VALUES (3351, 443, 'Red could from east information', 249, 128, 7);
INSERT INTO album (album_id, artist_id, title, release_year, created_at) VALUES (444, 232, 'Stand-alone dynamic matrix', 1988, NOW());
INSERT INTO song (song_id, album_id, name, duration_seconds, bpm, track_number) VALUES (3352, 444, 'Election', 359, 109, 1);
INSERT INTO song (song_id, album_id, name, duration_seconds, bpm, track_number) VALUES (3353, 444, 'Off', 247, 110, 2);
INSERT INTO song (song_id, album_id, name, duration_seconds, bpm, track_number) VALUES (3354, 444, 'Individual policy', 446, 158, 3);
INSERT INTO song (song_id, album_id, name, duration_seconds, bpm, track_number) VALUES (3355, 444, 'Best', 393, 141, 4);
INSERT INTO song (song_id, album_id, name, duration_seconds, bpm, track_number) VALUES (3356, 444, 'With total become', 459, 106, 5);
INSERT INTO song (song_id, album_id, name, duration_seconds, bpm, track_number) VALUES (3357, 444, 'Buy', 210, 116, 6);
INSERT INTO album (album_id, artist_id, title, release_year, created_at) VALUES (445, 232, 'Profound regional product', 1976, NOW());
INSERT INTO song (song_id, album_id, name, duration_seconds, bpm, track_number) VALUES (3358, 445, 'Language', 179, 100, 1);
INSERT INTO song (song_id, album_id, name, duration_seconds, bpm, track_number) VALUES (3359, 445, 'Situation', 195, 116, 2);
INSERT INTO song (song_id, album_id, name, duration_seconds, bpm, track_number) VALUES (3360, 445, 'Follow common', 464, 123, 3);
INSERT INTO song (song_id, album_id, name, duration_seconds, bpm, track_number) VALUES (3361, 445, 'Appear', 415, 101, 4);
INSERT INTO song (song_id, album_id, name, duration_seconds, bpm, track_number) VALUES (3362, 445, 'Crime', 195, 63, 5);
INSERT INTO song (song_id, album_id, name, duration_seconds, bpm, track_number) VALUES (3363, 445, 'No', 233, 96, 6);
INSERT INTO song (song_id, album_id, name, duration_seconds, bpm, track_number) VALUES (3364, 445, 'Blood take election those', 276, 140, 7);
INSERT INTO song (song_id, album_id, name, duration_seconds, bpm, track_number) VALUES (3365, 445, 'Base role sing for', 211, 83, 8);
INSERT INTO song (song_id, album_id, name, duration_seconds, bpm, track_number) VALUES (3366, 445, 'Ok', 229, 170, 9);
INSERT INTO album (album_id, artist_id, title, release_year, created_at) VALUES (446, 232, 'Ameliorated neutral adapter', 2010, NOW());
INSERT INTO song (song_id, album_id, name, duration_seconds, bpm, track_number) VALUES (3367, 446, 'Box', 261, 128, 1);
INSERT INTO song (song_id, album_id, name, duration_seconds, bpm, track_number) VALUES (3368, 446, 'Character modern almost', 461, 178, 2);
INSERT INTO song (song_id, album_id, name, duration_seconds, bpm, track_number) VALUES (3369, 446, 'Common talk because tough baby', 378, 125, 3);
INSERT INTO song (song_id, album_id, name, duration_seconds, bpm, track_number) VALUES (3370, 446, 'Road', 477, 104, 4);
INSERT INTO song (song_id, album_id, name, duration_seconds, bpm, track_number) VALUES (3371, 446, 'Sometimes body audience', 449, 174, 5);
INSERT INTO song (song_id, album_id, name, duration_seconds, bpm, track_number) VALUES (3372, 446, 'Today', 141, 126, 6);
INSERT INTO album (album_id, artist_id, title, release_year, created_at) VALUES (447, 233, 'Self-enabling 24/7 open system', 1979, NOW());
INSERT INTO song (song_id, album_id, name, duration_seconds, bpm, track_number) VALUES (3373, 447, 'Unit you future music generation', 435, 86, 1);
INSERT INTO song (song_id, album_id, name, duration_seconds, bpm, track_number) VALUES (3374, 447, 'Begin finish', 341, 87, 2);
INSERT INTO song (song_id, album_id, name, duration_seconds, bpm, track_number) VALUES (3375, 447, 'Wall large', 123, 64, 3);
INSERT INTO song (song_id, album_id, name, duration_seconds, bpm, track_number) VALUES (3376, 447, 'Half', 226, 90, 4);
INSERT INTO song (song_id, album_id, name, duration_seconds, bpm, track_number) VALUES (3377, 447, 'Left', 280, 146, 5);
INSERT INTO song (song_id, album_id, name, duration_seconds, bpm, track_number) VALUES (3378, 447, 'Center unit', 363, 83, 6);
INSERT INTO song (song_id, album_id, name, duration_seconds, bpm, track_number) VALUES (3379, 447, 'Door', 298, 130, 7);
INSERT INTO song (song_id, album_id, name, duration_seconds, bpm, track_number) VALUES (3380, 447, 'Head wind answer water', 450, 180, 8);
INSERT INTO song (song_id, album_id, name, duration_seconds, bpm, track_number) VALUES (3381, 447, 'One stay', 240, 100, 9);
INSERT INTO album (album_id, artist_id, title, release_year, created_at) VALUES (448, 234, 'Open-architected coherent focus group', 2022, NOW());
INSERT INTO song (song_id, album_id, name, duration_seconds, bpm, track_number) VALUES (3382, 448, 'Add situation senior', 442, 65, 1);
INSERT INTO song (song_id, album_id, name, duration_seconds, bpm, track_number) VALUES (3383, 448, 'Head effort money', 288, 108, 2);
INSERT INTO song (song_id, album_id, name, duration_seconds, bpm, track_number) VALUES (3384, 448, 'Story', 245, 91, 3);
INSERT INTO song (song_id, album_id, name, duration_seconds, bpm, track_number) VALUES (3385, 448, 'Daughter', 370, 75, 4);
INSERT INTO song (song_id, album_id, name, duration_seconds, bpm, track_number) VALUES (3386, 448, 'Fire', 206, 159, 5);
INSERT INTO song (song_id, album_id, name, duration_seconds, bpm, track_number) VALUES (3387, 448, 'Congress', 207, 69, 6);
INSERT INTO song (song_id, album_id, name, duration_seconds, bpm, track_number) VALUES (3388, 448, 'Sense keep foot', 449, 66, 7);
INSERT INTO song (song_id, album_id, name, duration_seconds, bpm, track_number) VALUES (3389, 448, 'Consider series', 454, 89, 8);
INSERT INTO album (album_id, artist_id, title, release_year, created_at) VALUES (449, 234, 'Pre-emptive contextually-based info-mediaries', 1987, NOW());
INSERT INTO song (song_id, album_id, name, duration_seconds, bpm, track_number) VALUES (3390, 449, 'Professional', 402, 171, 1);
INSERT INTO song (song_id, album_id, name, duration_seconds, bpm, track_number) VALUES (3391, 449, 'Note reduce television', 357, 101, 2);
INSERT INTO song (song_id, album_id, name, duration_seconds, bpm, track_number) VALUES (3392, 449, 'Himself beyond', 450, 149, 3);
INSERT INTO song (song_id, album_id, name, duration_seconds, bpm, track_number) VALUES (3393, 449, 'Tough new wonder computer', 440, 110, 4);
INSERT INTO song (song_id, album_id, name, duration_seconds, bpm, track_number) VALUES (3394, 449, 'Four town who both', 265, 60, 5);
INSERT INTO album (album_id, artist_id, title, release_year, created_at) VALUES (450, 234, 'Multi-tiered 3rdgeneration functionalities', 1984, NOW());
INSERT INTO song (song_id, album_id, name, duration_seconds, bpm, track_number) VALUES (3395, 450, 'However girl artist', 206, 83, 1);
INSERT INTO song (song_id, album_id, name, duration_seconds, bpm, track_number) VALUES (3396, 450, 'Memory news need', 145, 147, 2);
INSERT INTO song (song_id, album_id, name, duration_seconds, bpm, track_number) VALUES (3397, 450, 'Pass summer option', 416, 164, 3);
INSERT INTO song (song_id, album_id, name, duration_seconds, bpm, track_number) VALUES (3398, 450, 'Eye many', 212, 112, 4);
INSERT INTO song (song_id, album_id, name, duration_seconds, bpm, track_number) VALUES (3399, 450, 'Price', 392, 130, 5);
INSERT INTO song (song_id, album_id, name, duration_seconds, bpm, track_number) VALUES (3400, 450, 'Improve now chair', 248, 164, 6);
INSERT INTO song (song_id, album_id, name, duration_seconds, bpm, track_number) VALUES (3401, 450, 'Well', 420, 166, 7);
INSERT INTO song (song_id, album_id, name, duration_seconds, bpm, track_number) VALUES (3402, 450, 'Investment', 413, 97, 8);
INSERT INTO song (song_id, album_id, name, duration_seconds, bpm, track_number) VALUES (3403, 450, 'Behind', 288, 169, 9);
INSERT INTO album (album_id, artist_id, title, release_year, created_at) VALUES (451, 235, 'Fully-configurable solution-oriented intranet', 2023, NOW());
INSERT INTO song (song_id, album_id, name, duration_seconds, bpm, track_number) VALUES (3404, 451, 'Now', 157, 94, 1);
INSERT INTO song (song_id, album_id, name, duration_seconds, bpm, track_number) VALUES (3405, 451, 'Lead where', 140, 150, 2);
INSERT INTO song (song_id, album_id, name, duration_seconds, bpm, track_number) VALUES (3406, 451, 'Mention', 340, 118, 3);
INSERT INTO song (song_id, album_id, name, duration_seconds, bpm, track_number) VALUES (3407, 451, 'Station', 384, 172, 4);
INSERT INTO song (song_id, album_id, name, duration_seconds, bpm, track_number) VALUES (3408, 451, 'Individual physical', 257, 111, 5);
INSERT INTO song (song_id, album_id, name, duration_seconds, bpm, track_number) VALUES (3409, 451, 'Determine', 480, 108, 6);
INSERT INTO song (song_id, album_id, name, duration_seconds, bpm, track_number) VALUES (3410, 451, 'Treat save', 417, 108, 7);
INSERT INTO album (album_id, artist_id, title, release_year, created_at) VALUES (452, 236, 'Mandatory client-server projection', 1997, NOW());
INSERT INTO song (song_id, album_id, name, duration_seconds, bpm, track_number) VALUES (3411, 452, 'Plan into audience', 324, 94, 1);
INSERT INTO song (song_id, album_id, name, duration_seconds, bpm, track_number) VALUES (3412, 452, 'Begin', 297, 174, 2);
INSERT INTO song (song_id, album_id, name, duration_seconds, bpm, track_number) VALUES (3413, 452, 'Loss', 459, 155, 3);
INSERT INTO song (song_id, album_id, name, duration_seconds, bpm, track_number) VALUES (3414, 452, 'Sing', 131, 141, 4);
INSERT INTO song (song_id, album_id, name, duration_seconds, bpm, track_number) VALUES (3415, 452, 'Still', 246, 94, 5);
INSERT INTO song (song_id, album_id, name, duration_seconds, bpm, track_number) VALUES (3416, 452, 'Probably soldier', 413, 71, 6);
INSERT INTO song (song_id, album_id, name, duration_seconds, bpm, track_number) VALUES (3417, 452, 'Eight', 386, 156, 7);
INSERT INTO song (song_id, album_id, name, duration_seconds, bpm, track_number) VALUES (3418, 452, 'Approach age', 214, 132, 8);
INSERT INTO song (song_id, album_id, name, duration_seconds, bpm, track_number) VALUES (3419, 452, 'Reach', 258, 136, 9);
INSERT INTO song (song_id, album_id, name, duration_seconds, bpm, track_number) VALUES (3420, 452, 'Ever teach', 421, 124, 10);
INSERT INTO album (album_id, artist_id, title, release_year, created_at) VALUES (453, 236, 'Vision-oriented solution-oriented implementation', 2001, NOW());
INSERT INTO song (song_id, album_id, name, duration_seconds, bpm, track_number) VALUES (3421, 453, 'Likely matter', 270, 122, 1);
INSERT INTO song (song_id, album_id, name, duration_seconds, bpm, track_number) VALUES (3422, 453, 'Appear daughter', 157, 180, 2);
INSERT INTO song (song_id, album_id, name, duration_seconds, bpm, track_number) VALUES (3423, 453, 'Language', 128, 114, 3);
INSERT INTO song (song_id, album_id, name, duration_seconds, bpm, track_number) VALUES (3424, 453, 'Maintain', 480, 144, 4);
INSERT INTO song (song_id, album_id, name, duration_seconds, bpm, track_number) VALUES (3425, 453, 'Especially', 347, 164, 5);
INSERT INTO song (song_id, album_id, name, duration_seconds, bpm, track_number) VALUES (3426, 453, 'Tv style four shake', 444, 126, 6);
INSERT INTO album (album_id, artist_id, title, release_year, created_at) VALUES (454, 236, 'Up-sized executive methodology', 2016, NOW());
INSERT INTO song (song_id, album_id, name, duration_seconds, bpm, track_number) VALUES (3427, 454, 'Local along none', 199, 81, 1);
INSERT INTO song (song_id, album_id, name, duration_seconds, bpm, track_number) VALUES (3428, 454, 'Series cup', 182, 151, 2);
INSERT INTO song (song_id, album_id, name, duration_seconds, bpm, track_number) VALUES (3429, 454, 'Figure live', 319, 158, 3);
INSERT INTO song (song_id, album_id, name, duration_seconds, bpm, track_number) VALUES (3430, 454, 'Approach memory', 459, 124, 4);
INSERT INTO song (song_id, album_id, name, duration_seconds, bpm, track_number) VALUES (3431, 454, 'Live leg', 137, 177, 5);
INSERT INTO song (song_id, album_id, name, duration_seconds, bpm, track_number) VALUES (3432, 454, 'Rise', 306, 86, 6);
INSERT INTO song (song_id, album_id, name, duration_seconds, bpm, track_number) VALUES (3433, 454, 'Week police', 322, 91, 7);
INSERT INTO song (song_id, album_id, name, duration_seconds, bpm, track_number) VALUES (3434, 454, 'Fight single', 277, 104, 8);
INSERT INTO song (song_id, album_id, name, duration_seconds, bpm, track_number) VALUES (3435, 454, 'Employee want', 261, 63, 9);
INSERT INTO album (album_id, artist_id, title, release_year, created_at) VALUES (455, 237, 'Proactive modular customer loyalty', 1978, NOW());
INSERT INTO song (song_id, album_id, name, duration_seconds, bpm, track_number) VALUES (3436, 455, 'Hope son film whose business', 444, 67, 1);
INSERT INTO song (song_id, album_id, name, duration_seconds, bpm, track_number) VALUES (3437, 455, 'Ahead yard job front', 382, 161, 2);
INSERT INTO song (song_id, album_id, name, duration_seconds, bpm, track_number) VALUES (3438, 455, 'Lead few', 448, 133, 3);
INSERT INTO song (song_id, album_id, name, duration_seconds, bpm, track_number) VALUES (3439, 455, 'Agree', 176, 60, 4);
INSERT INTO song (song_id, album_id, name, duration_seconds, bpm, track_number) VALUES (3440, 455, 'Poor yet', 127, 111, 5);
INSERT INTO album (album_id, artist_id, title, release_year, created_at) VALUES (456, 237, 'Re-contextualized background strategy', 1974, NOW());
INSERT INTO song (song_id, album_id, name, duration_seconds, bpm, track_number) VALUES (3441, 456, 'Mr', 164, 71, 1);
INSERT INTO song (song_id, album_id, name, duration_seconds, bpm, track_number) VALUES (3442, 456, 'Meet', 246, 73, 2);
INSERT INTO song (song_id, album_id, name, duration_seconds, bpm, track_number) VALUES (3443, 456, 'Reach', 278, 156, 3);
INSERT INTO song (song_id, album_id, name, duration_seconds, bpm, track_number) VALUES (3444, 456, 'Only end know stop', 139, 125, 4);
INSERT INTO song (song_id, album_id, name, duration_seconds, bpm, track_number) VALUES (3445, 456, 'Bed activity ground', 225, 107, 5);
INSERT INTO song (song_id, album_id, name, duration_seconds, bpm, track_number) VALUES (3446, 456, 'Society purpose address', 403, 155, 6);
INSERT INTO song (song_id, album_id, name, duration_seconds, bpm, track_number) VALUES (3447, 456, 'Food pay my', 215, 158, 7);
INSERT INTO song (song_id, album_id, name, duration_seconds, bpm, track_number) VALUES (3448, 456, 'White', 388, 132, 8);
INSERT INTO song (song_id, album_id, name, duration_seconds, bpm, track_number) VALUES (3449, 456, 'Represent across current', 146, 69, 9);
INSERT INTO song (song_id, album_id, name, duration_seconds, bpm, track_number) VALUES (3450, 456, 'Site', 462, 145, 10);
INSERT INTO album (album_id, artist_id, title, release_year, created_at) VALUES (457, 238, 'Organized composite concept', 1976, NOW());
INSERT INTO song (song_id, album_id, name, duration_seconds, bpm, track_number) VALUES (3451, 457, 'Her', 305, 159, 1);
INSERT INTO song (song_id, album_id, name, duration_seconds, bpm, track_number) VALUES (3452, 457, 'Memory fact message', 239, 160, 2);
INSERT INTO song (song_id, album_id, name, duration_seconds, bpm, track_number) VALUES (3453, 457, 'Way much front thought', 355, 158, 3);
INSERT INTO song (song_id, album_id, name, duration_seconds, bpm, track_number) VALUES (3454, 457, 'Focus compare all', 247, 159, 4);
INSERT INTO song (song_id, album_id, name, duration_seconds, bpm, track_number) VALUES (3455, 457, 'Fight hand', 457, 161, 5);
INSERT INTO song (song_id, album_id, name, duration_seconds, bpm, track_number) VALUES (3456, 457, 'While try cell media', 340, 94, 6);
INSERT INTO song (song_id, album_id, name, duration_seconds, bpm, track_number) VALUES (3457, 457, 'Relate every explain support court', 423, 163, 7);
INSERT INTO song (song_id, album_id, name, duration_seconds, bpm, track_number) VALUES (3458, 457, 'Stay', 280, 106, 8);
INSERT INTO song (song_id, album_id, name, duration_seconds, bpm, track_number) VALUES (3459, 457, 'Million', 431, 77, 9);
INSERT INTO album (album_id, artist_id, title, release_year, created_at) VALUES (458, 238, 'Profound user-facing Internet solution', 2015, NOW());
INSERT INTO song (song_id, album_id, name, duration_seconds, bpm, track_number) VALUES (3460, 458, 'How', 477, 102, 1);
INSERT INTO song (song_id, album_id, name, duration_seconds, bpm, track_number) VALUES (3461, 458, 'Prevent who', 428, 130, 2);
INSERT INTO song (song_id, album_id, name, duration_seconds, bpm, track_number) VALUES (3462, 458, 'Really', 471, 74, 3);
INSERT INTO song (song_id, album_id, name, duration_seconds, bpm, track_number) VALUES (3463, 458, 'City', 311, 135, 4);
INSERT INTO song (song_id, album_id, name, duration_seconds, bpm, track_number) VALUES (3464, 458, 'Office', 437, 161, 5);
INSERT INTO song (song_id, album_id, name, duration_seconds, bpm, track_number) VALUES (3465, 458, 'Town', 310, 111, 6);
INSERT INTO song (song_id, album_id, name, duration_seconds, bpm, track_number) VALUES (3466, 458, 'Next', 134, 145, 7);
INSERT INTO song (song_id, album_id, name, duration_seconds, bpm, track_number) VALUES (3467, 458, 'Throw should', 147, 116, 8);
INSERT INTO album (album_id, artist_id, title, release_year, created_at) VALUES (459, 238, 'Team-oriented scalable hub', 2012, NOW());
INSERT INTO song (song_id, album_id, name, duration_seconds, bpm, track_number) VALUES (3468, 459, 'Doctor yet', 203, 156, 1);
INSERT INTO song (song_id, album_id, name, duration_seconds, bpm, track_number) VALUES (3469, 459, 'Floor authority another', 124, 104, 2);
INSERT INTO song (song_id, album_id, name, duration_seconds, bpm, track_number) VALUES (3470, 459, 'Although include', 171, 174, 3);
INSERT INTO song (song_id, album_id, name, duration_seconds, bpm, track_number) VALUES (3471, 459, 'Size learn oil everybody', 343, 88, 4);
INSERT INTO song (song_id, album_id, name, duration_seconds, bpm, track_number) VALUES (3472, 459, 'Main effort', 336, 158, 5);
INSERT INTO song (song_id, album_id, name, duration_seconds, bpm, track_number) VALUES (3473, 459, 'Design', 294, 169, 6);
INSERT INTO song (song_id, album_id, name, duration_seconds, bpm, track_number) VALUES (3474, 459, 'Possible', 189, 104, 7);
INSERT INTO song (song_id, album_id, name, duration_seconds, bpm, track_number) VALUES (3475, 459, 'Offer control', 322, 160, 8);
INSERT INTO song (song_id, album_id, name, duration_seconds, bpm, track_number) VALUES (3476, 459, 'Economy fine', 382, 75, 9);
INSERT INTO song (song_id, album_id, name, duration_seconds, bpm, track_number) VALUES (3477, 459, 'Play three', 319, 176, 10);
INSERT INTO album (album_id, artist_id, title, release_year, created_at) VALUES (460, 239, 'Innovative zero-defect groupware', 1991, NOW());
INSERT INTO song (song_id, album_id, name, duration_seconds, bpm, track_number) VALUES (3478, 460, 'Morning', 453, 95, 1);
INSERT INTO song (song_id, album_id, name, duration_seconds, bpm, track_number) VALUES (3479, 460, 'Many body production', 475, 92, 2);
INSERT INTO song (song_id, album_id, name, duration_seconds, bpm, track_number) VALUES (3480, 460, 'Specific should', 479, 178, 3);
INSERT INTO song (song_id, album_id, name, duration_seconds, bpm, track_number) VALUES (3481, 460, 'Kid town', 148, 111, 4);
INSERT INTO song (song_id, album_id, name, duration_seconds, bpm, track_number) VALUES (3482, 460, 'Free shake yeah wind', 127, 62, 5);
INSERT INTO song (song_id, album_id, name, duration_seconds, bpm, track_number) VALUES (3483, 460, 'Education surface later', 323, 177, 6);
INSERT INTO song (song_id, album_id, name, duration_seconds, bpm, track_number) VALUES (3484, 460, 'Way seat', 175, 154, 7);
INSERT INTO song (song_id, album_id, name, duration_seconds, bpm, track_number) VALUES (3485, 460, 'Professor manager', 352, 106, 8);
INSERT INTO album (album_id, artist_id, title, release_year, created_at) VALUES (461, 240, 'Mandatory impactful framework', 1997, NOW());
INSERT INTO song (song_id, album_id, name, duration_seconds, bpm, track_number) VALUES (3486, 461, 'Person play science', 252, 132, 1);
INSERT INTO song (song_id, album_id, name, duration_seconds, bpm, track_number) VALUES (3487, 461, 'Then', 349, 179, 2);
INSERT INTO song (song_id, album_id, name, duration_seconds, bpm, track_number) VALUES (3488, 461, 'Blue', 146, 178, 3);
INSERT INTO song (song_id, album_id, name, duration_seconds, bpm, track_number) VALUES (3489, 461, 'Decide need guy such management', 404, 160, 4);
INSERT INTO song (song_id, album_id, name, duration_seconds, bpm, track_number) VALUES (3490, 461, 'Pull contain economic social tell', 251, 169, 5);
INSERT INTO album (album_id, artist_id, title, release_year, created_at) VALUES (462, 240, 'Stand-alone 24/7 Graphical User Interface', 2010, NOW());
INSERT INTO song (song_id, album_id, name, duration_seconds, bpm, track_number) VALUES (3491, 462, 'Commercial energy', 133, 171, 1);
INSERT INTO song (song_id, album_id, name, duration_seconds, bpm, track_number) VALUES (3492, 462, 'Lead', 222, 127, 2);
INSERT INTO song (song_id, album_id, name, duration_seconds, bpm, track_number) VALUES (3493, 462, 'Fall window', 156, 172, 3);
INSERT INTO song (song_id, album_id, name, duration_seconds, bpm, track_number) VALUES (3494, 462, 'Source feel send', 387, 92, 4);
INSERT INTO song (song_id, album_id, name, duration_seconds, bpm, track_number) VALUES (3495, 462, 'Action the nature understand', 151, 84, 5);
INSERT INTO song (song_id, album_id, name, duration_seconds, bpm, track_number) VALUES (3496, 462, 'Discuss', 234, 159, 6);
INSERT INTO song (song_id, album_id, name, duration_seconds, bpm, track_number) VALUES (3497, 462, 'Possible', 252, 146, 7);
INSERT INTO song (song_id, album_id, name, duration_seconds, bpm, track_number) VALUES (3498, 462, 'Top seven media', 296, 140, 8);
INSERT INTO song (song_id, album_id, name, duration_seconds, bpm, track_number) VALUES (3499, 462, 'Coach tough', 271, 91, 9);
INSERT INTO song (song_id, album_id, name, duration_seconds, bpm, track_number) VALUES (3500, 462, 'Film race wind one that', 359, 166, 10);
INSERT INTO album (album_id, artist_id, title, release_year, created_at) VALUES (463, 240, 'Horizontal bottom-line initiative', 2004, NOW());
INSERT INTO song (song_id, album_id, name, duration_seconds, bpm, track_number) VALUES (3501, 463, 'Camera idea', 296, 167, 1);
INSERT INTO song (song_id, album_id, name, duration_seconds, bpm, track_number) VALUES (3502, 463, 'Friend', 122, 157, 2);
INSERT INTO song (song_id, album_id, name, duration_seconds, bpm, track_number) VALUES (3503, 463, 'Course instead set can catch', 196, 177, 3);
INSERT INTO song (song_id, album_id, name, duration_seconds, bpm, track_number) VALUES (3504, 463, 'Store between', 393, 122, 4);
INSERT INTO song (song_id, album_id, name, duration_seconds, bpm, track_number) VALUES (3505, 463, 'Measure force feel', 228, 124, 5);
INSERT INTO song (song_id, album_id, name, duration_seconds, bpm, track_number) VALUES (3506, 463, 'Head', 432, 91, 6);
INSERT INTO song (song_id, album_id, name, duration_seconds, bpm, track_number) VALUES (3507, 463, 'Nearly', 331, 179, 7);
INSERT INTO album (album_id, artist_id, title, release_year, created_at) VALUES (464, 241, 'Seamless incremental toolset', 1981, NOW());
INSERT INTO song (song_id, album_id, name, duration_seconds, bpm, track_number) VALUES (3508, 464, 'Sport thought dark', 251, 70, 1);
INSERT INTO song (song_id, album_id, name, duration_seconds, bpm, track_number) VALUES (3509, 464, 'She', 140, 154, 2);
INSERT INTO song (song_id, album_id, name, duration_seconds, bpm, track_number) VALUES (3510, 464, 'Support', 270, 151, 3);
INSERT INTO song (song_id, album_id, name, duration_seconds, bpm, track_number) VALUES (3511, 464, 'Animal fly station', 192, 83, 4);
INSERT INTO song (song_id, album_id, name, duration_seconds, bpm, track_number) VALUES (3512, 464, 'Class important such discussion', 442, 119, 5);
INSERT INTO song (song_id, album_id, name, duration_seconds, bpm, track_number) VALUES (3513, 464, 'Young', 410, 115, 6);
INSERT INTO song (song_id, album_id, name, duration_seconds, bpm, track_number) VALUES (3514, 464, 'Environment manager catch', 354, 105, 7);
INSERT INTO song (song_id, album_id, name, duration_seconds, bpm, track_number) VALUES (3515, 464, 'The', 466, 66, 8);
INSERT INTO album (album_id, artist_id, title, release_year, created_at) VALUES (465, 242, 'Programmable responsive encryption', 2023, NOW());
INSERT INTO song (song_id, album_id, name, duration_seconds, bpm, track_number) VALUES (3516, 465, 'Property beyond budget', 391, 89, 1);
INSERT INTO song (song_id, album_id, name, duration_seconds, bpm, track_number) VALUES (3517, 465, 'Follow rise', 271, 75, 2);
INSERT INTO song (song_id, album_id, name, duration_seconds, bpm, track_number) VALUES (3518, 465, 'Especially despite shoulder', 121, 140, 3);
INSERT INTO song (song_id, album_id, name, duration_seconds, bpm, track_number) VALUES (3519, 465, 'Writer', 461, 141, 4);
INSERT INTO song (song_id, album_id, name, duration_seconds, bpm, track_number) VALUES (3520, 465, 'Plan', 476, 174, 5);
INSERT INTO song (song_id, album_id, name, duration_seconds, bpm, track_number) VALUES (3521, 465, 'Should', 247, 103, 6);
INSERT INTO song (song_id, album_id, name, duration_seconds, bpm, track_number) VALUES (3522, 465, 'Baby', 128, 82, 7);
INSERT INTO song (song_id, album_id, name, duration_seconds, bpm, track_number) VALUES (3523, 465, 'Nearly effect guess', 233, 120, 8);
INSERT INTO song (song_id, album_id, name, duration_seconds, bpm, track_number) VALUES (3524, 465, 'Environment film', 364, 116, 9);
INSERT INTO song (song_id, album_id, name, duration_seconds, bpm, track_number) VALUES (3525, 465, 'Radio far defense', 298, 139, 10);
INSERT INTO album (album_id, artist_id, title, release_year, created_at) VALUES (466, 242, 'User-centric neutral policy', 2012, NOW());
INSERT INTO song (song_id, album_id, name, duration_seconds, bpm, track_number) VALUES (3526, 466, 'Allow news effort girl', 344, 172, 1);
INSERT INTO song (song_id, album_id, name, duration_seconds, bpm, track_number) VALUES (3527, 466, 'Machine', 335, 113, 2);
INSERT INTO song (song_id, album_id, name, duration_seconds, bpm, track_number) VALUES (3528, 466, 'On boy form performance begin', 186, 69, 3);
INSERT INTO song (song_id, album_id, name, duration_seconds, bpm, track_number) VALUES (3529, 466, 'Despite', 242, 180, 4);
INSERT INTO song (song_id, album_id, name, duration_seconds, bpm, track_number) VALUES (3530, 466, 'Close fast', 442, 70, 5);
INSERT INTO song (song_id, album_id, name, duration_seconds, bpm, track_number) VALUES (3531, 466, 'Respond computer', 127, 90, 6);
INSERT INTO song (song_id, album_id, name, duration_seconds, bpm, track_number) VALUES (3532, 466, 'Position', 244, 94, 7);
INSERT INTO song (song_id, album_id, name, duration_seconds, bpm, track_number) VALUES (3533, 466, 'Mrs', 344, 75, 8);
INSERT INTO song (song_id, album_id, name, duration_seconds, bpm, track_number) VALUES (3534, 466, 'Push', 223, 171, 9);
INSERT INTO album (album_id, artist_id, title, release_year, created_at) VALUES (467, 242, 'Proactive executive framework', 1995, NOW());
INSERT INTO song (song_id, album_id, name, duration_seconds, bpm, track_number) VALUES (3535, 467, 'More popular record', 428, 131, 1);
INSERT INTO song (song_id, album_id, name, duration_seconds, bpm, track_number) VALUES (3536, 467, 'Citizen business', 313, 145, 2);
INSERT INTO song (song_id, album_id, name, duration_seconds, bpm, track_number) VALUES (3537, 467, 'True', 470, 127, 3);
INSERT INTO song (song_id, album_id, name, duration_seconds, bpm, track_number) VALUES (3538, 467, 'Tv', 391, 122, 4);
INSERT INTO song (song_id, album_id, name, duration_seconds, bpm, track_number) VALUES (3539, 467, 'Woman democratic ten because maintain', 133, 126, 5);
INSERT INTO song (song_id, album_id, name, duration_seconds, bpm, track_number) VALUES (3540, 467, 'Office right', 219, 178, 6);
INSERT INTO album (album_id, artist_id, title, release_year, created_at) VALUES (468, 243, 'Centralized web-enabled interface', 1979, NOW());
INSERT INTO song (song_id, album_id, name, duration_seconds, bpm, track_number) VALUES (3541, 468, 'Front him brother any thousand', 466, 163, 1);
INSERT INTO song (song_id, album_id, name, duration_seconds, bpm, track_number) VALUES (3542, 468, 'Under', 270, 72, 2);
INSERT INTO song (song_id, album_id, name, duration_seconds, bpm, track_number) VALUES (3543, 468, 'National', 302, 60, 3);
INSERT INTO song (song_id, album_id, name, duration_seconds, bpm, track_number) VALUES (3544, 468, 'Morning again', 282, 180, 4);
INSERT INTO song (song_id, album_id, name, duration_seconds, bpm, track_number) VALUES (3545, 468, 'Yourself every hour cold character', 235, 98, 5);
INSERT INTO song (song_id, album_id, name, duration_seconds, bpm, track_number) VALUES (3546, 468, 'Left detail lawyer identify', 294, 179, 6);
INSERT INTO song (song_id, album_id, name, duration_seconds, bpm, track_number) VALUES (3547, 468, 'Minute', 473, 105, 7);
INSERT INTO song (song_id, album_id, name, duration_seconds, bpm, track_number) VALUES (3548, 468, 'This he', 238, 100, 8);
INSERT INTO song (song_id, album_id, name, duration_seconds, bpm, track_number) VALUES (3549, 468, 'Generation major', 133, 141, 9);
INSERT INTO song (song_id, album_id, name, duration_seconds, bpm, track_number) VALUES (3550, 468, 'Animal', 367, 85, 10);
INSERT INTO album (album_id, artist_id, title, release_year, created_at) VALUES (469, 244, 'Ergonomic uniform implementation', 2005, NOW());
INSERT INTO song (song_id, album_id, name, duration_seconds, bpm, track_number) VALUES (3551, 469, 'House at', 272, 158, 1);
INSERT INTO song (song_id, album_id, name, duration_seconds, bpm, track_number) VALUES (3552, 469, 'Set', 410, 177, 2);
INSERT INTO song (song_id, album_id, name, duration_seconds, bpm, track_number) VALUES (3553, 469, 'Town', 182, 126, 3);
INSERT INTO song (song_id, album_id, name, duration_seconds, bpm, track_number) VALUES (3554, 469, 'Like either same my', 217, 94, 4);
INSERT INTO song (song_id, album_id, name, duration_seconds, bpm, track_number) VALUES (3555, 469, 'Decide', 401, 84, 5);
INSERT INTO song (song_id, album_id, name, duration_seconds, bpm, track_number) VALUES (3556, 469, 'Evening', 176, 84, 6);
INSERT INTO album (album_id, artist_id, title, release_year, created_at) VALUES (470, 245, 'Realigned content-based attitude', 2012, NOW());
INSERT INTO song (song_id, album_id, name, duration_seconds, bpm, track_number) VALUES (3557, 470, 'Trip economy', 307, 132, 1);
INSERT INTO song (song_id, album_id, name, duration_seconds, bpm, track_number) VALUES (3558, 470, 'Dream mouth service', 256, 139, 2);
INSERT INTO song (song_id, album_id, name, duration_seconds, bpm, track_number) VALUES (3559, 470, 'Space energy three everything', 259, 86, 3);
INSERT INTO song (song_id, album_id, name, duration_seconds, bpm, track_number) VALUES (3560, 470, 'Animal', 273, 129, 4);
INSERT INTO song (song_id, album_id, name, duration_seconds, bpm, track_number) VALUES (3561, 470, 'Blue research', 326, 120, 5);
INSERT INTO song (song_id, album_id, name, duration_seconds, bpm, track_number) VALUES (3562, 470, 'Owner', 346, 87, 6);
INSERT INTO song (song_id, album_id, name, duration_seconds, bpm, track_number) VALUES (3563, 470, 'Structure', 304, 62, 7);
INSERT INTO song (song_id, album_id, name, duration_seconds, bpm, track_number) VALUES (3564, 470, 'Into live', 469, 90, 8);
INSERT INTO song (song_id, album_id, name, duration_seconds, bpm, track_number) VALUES (3565, 470, 'Million different', 388, 140, 9);
INSERT INTO song (song_id, album_id, name, duration_seconds, bpm, track_number) VALUES (3566, 470, 'Result maybe large', 238, 144, 10);
INSERT INTO album (album_id, artist_id, title, release_year, created_at) VALUES (471, 246, 'User-friendly reciprocal hardware', 2010, NOW());
INSERT INTO song (song_id, album_id, name, duration_seconds, bpm, track_number) VALUES (3567, 471, 'Different', 123, 63, 1);
INSERT INTO song (song_id, album_id, name, duration_seconds, bpm, track_number) VALUES (3568, 471, 'So everyone', 383, 147, 2);
INSERT INTO song (song_id, album_id, name, duration_seconds, bpm, track_number) VALUES (3569, 471, 'Director hour walk', 296, 72, 3);
INSERT INTO song (song_id, album_id, name, duration_seconds, bpm, track_number) VALUES (3570, 471, 'Government', 281, 82, 4);
INSERT INTO song (song_id, album_id, name, duration_seconds, bpm, track_number) VALUES (3571, 471, 'Energy too', 131, 128, 5);
INSERT INTO album (album_id, artist_id, title, release_year, created_at) VALUES (472, 246, 'Innovative human-resource forecast', 1971, NOW());
INSERT INTO song (song_id, album_id, name, duration_seconds, bpm, track_number) VALUES (3572, 472, 'Car me', 317, 102, 1);
INSERT INTO song (song_id, album_id, name, duration_seconds, bpm, track_number) VALUES (3573, 472, 'Leader north', 146, 130, 2);
INSERT INTO song (song_id, album_id, name, duration_seconds, bpm, track_number) VALUES (3574, 472, 'Teacher', 226, 135, 3);
INSERT INTO song (song_id, album_id, name, duration_seconds, bpm, track_number) VALUES (3575, 472, 'Better American under here', 332, 107, 4);
INSERT INTO song (song_id, album_id, name, duration_seconds, bpm, track_number) VALUES (3576, 472, 'Describe foreign everybody', 445, 69, 5);
INSERT INTO song (song_id, album_id, name, duration_seconds, bpm, track_number) VALUES (3577, 472, 'Mind', 250, 142, 6);
INSERT INTO song (song_id, album_id, name, duration_seconds, bpm, track_number) VALUES (3578, 472, 'Shoulder', 152, 136, 7);
INSERT INTO album (album_id, artist_id, title, release_year, created_at) VALUES (473, 247, 'Fundamental 6thgeneration hardware', 2022, NOW());
INSERT INTO song (song_id, album_id, name, duration_seconds, bpm, track_number) VALUES (3579, 473, 'Study', 298, 80, 1);
INSERT INTO song (song_id, album_id, name, duration_seconds, bpm, track_number) VALUES (3580, 473, 'Scene', 285, 110, 2);
INSERT INTO song (song_id, album_id, name, duration_seconds, bpm, track_number) VALUES (3581, 473, 'Sound activity than include property', 186, 112, 3);
INSERT INTO song (song_id, album_id, name, duration_seconds, bpm, track_number) VALUES (3582, 473, 'Both', 475, 132, 4);
INSERT INTO song (song_id, album_id, name, duration_seconds, bpm, track_number) VALUES (3583, 473, 'Former', 394, 160, 5);
INSERT INTO song (song_id, album_id, name, duration_seconds, bpm, track_number) VALUES (3584, 473, 'Ok again chance', 238, 114, 6);
INSERT INTO song (song_id, album_id, name, duration_seconds, bpm, track_number) VALUES (3585, 473, 'Source', 285, 102, 7);
INSERT INTO song (song_id, album_id, name, duration_seconds, bpm, track_number) VALUES (3586, 473, 'Sing', 373, 130, 8);
INSERT INTO album (album_id, artist_id, title, release_year, created_at) VALUES (474, 247, 'Public-key holistic alliance', 1993, NOW());
INSERT INTO song (song_id, album_id, name, duration_seconds, bpm, track_number) VALUES (3587, 474, 'Bring', 387, 95, 1);
INSERT INTO song (song_id, album_id, name, duration_seconds, bpm, track_number) VALUES (3588, 474, 'Evening say require this', 249, 98, 2);
INSERT INTO song (song_id, album_id, name, duration_seconds, bpm, track_number) VALUES (3589, 474, 'Herself', 370, 155, 3);
INSERT INTO song (song_id, album_id, name, duration_seconds, bpm, track_number) VALUES (3590, 474, 'Term relationship', 153, 156, 4);
INSERT INTO song (song_id, album_id, name, duration_seconds, bpm, track_number) VALUES (3591, 474, 'City situation cup song', 363, 140, 5);
INSERT INTO song (song_id, album_id, name, duration_seconds, bpm, track_number) VALUES (3592, 474, 'Treatment simple range', 370, 136, 6);
INSERT INTO album (album_id, artist_id, title, release_year, created_at) VALUES (475, 248, 'Intuitive object-oriented approach', 1974, NOW());
INSERT INTO song (song_id, album_id, name, duration_seconds, bpm, track_number) VALUES (3593, 475, 'Meeting five assume attorney significant', 415, 84, 1);
INSERT INTO song (song_id, album_id, name, duration_seconds, bpm, track_number) VALUES (3594, 475, 'Other house', 265, 75, 2);
INSERT INTO song (song_id, album_id, name, duration_seconds, bpm, track_number) VALUES (3595, 475, 'Worry reveal', 262, 168, 3);
INSERT INTO song (song_id, album_id, name, duration_seconds, bpm, track_number) VALUES (3596, 475, 'Good', 364, 114, 4);
INSERT INTO song (song_id, album_id, name, duration_seconds, bpm, track_number) VALUES (3597, 475, 'Offer level create', 150, 96, 5);
INSERT INTO song (song_id, album_id, name, duration_seconds, bpm, track_number) VALUES (3598, 475, 'Finally behavior increase safe', 234, 143, 6);
INSERT INTO song (song_id, album_id, name, duration_seconds, bpm, track_number) VALUES (3599, 475, 'Coach result sell', 255, 67, 7);
INSERT INTO song (song_id, album_id, name, duration_seconds, bpm, track_number) VALUES (3600, 475, 'Open', 437, 144, 8);
INSERT INTO song (song_id, album_id, name, duration_seconds, bpm, track_number) VALUES (3601, 475, 'Take', 245, 150, 9);
INSERT INTO album (album_id, artist_id, title, release_year, created_at) VALUES (476, 249, 'Programmable empowering definition', 2012, NOW());
INSERT INTO song (song_id, album_id, name, duration_seconds, bpm, track_number) VALUES (3602, 476, 'Result', 419, 149, 1);
INSERT INTO song (song_id, album_id, name, duration_seconds, bpm, track_number) VALUES (3603, 476, 'Baby', 369, 66, 2);
INSERT INTO song (song_id, album_id, name, duration_seconds, bpm, track_number) VALUES (3604, 476, 'Author society chair', 349, 66, 3);
INSERT INTO song (song_id, album_id, name, duration_seconds, bpm, track_number) VALUES (3605, 476, 'Million', 199, 143, 4);
INSERT INTO song (song_id, album_id, name, duration_seconds, bpm, track_number) VALUES (3606, 476, 'Address', 136, 70, 5);
INSERT INTO album (album_id, artist_id, title, release_year, created_at) VALUES (477, 249, 'Adaptive interactive framework', 1974, NOW());
INSERT INTO song (song_id, album_id, name, duration_seconds, bpm, track_number) VALUES (3607, 477, 'Attorney expert research interview', 225, 101, 1);
INSERT INTO song (song_id, album_id, name, duration_seconds, bpm, track_number) VALUES (3608, 477, 'Million eye', 264, 122, 2);
INSERT INTO song (song_id, album_id, name, duration_seconds, bpm, track_number) VALUES (3609, 477, 'Manage I win', 152, 164, 3);
INSERT INTO song (song_id, album_id, name, duration_seconds, bpm, track_number) VALUES (3610, 477, 'Treat', 263, 149, 4);
INSERT INTO song (song_id, album_id, name, duration_seconds, bpm, track_number) VALUES (3611, 477, 'Manage face', 265, 162, 5);
INSERT INTO song (song_id, album_id, name, duration_seconds, bpm, track_number) VALUES (3612, 477, 'By one', 399, 139, 6);
INSERT INTO song (song_id, album_id, name, duration_seconds, bpm, track_number) VALUES (3613, 477, 'Bed', 236, 71, 7);
INSERT INTO album (album_id, artist_id, title, release_year, created_at) VALUES (478, 250, 'Ergonomic grid-enabled functionalities', 2025, NOW());
INSERT INTO song (song_id, album_id, name, duration_seconds, bpm, track_number) VALUES (3614, 478, 'Avoid', 329, 133, 1);
INSERT INTO song (song_id, album_id, name, duration_seconds, bpm, track_number) VALUES (3615, 478, 'Dark chance', 287, 90, 2);
INSERT INTO song (song_id, album_id, name, duration_seconds, bpm, track_number) VALUES (3616, 478, 'Finally', 465, 130, 3);
INSERT INTO song (song_id, album_id, name, duration_seconds, bpm, track_number) VALUES (3617, 478, 'Great job', 353, 166, 4);
INSERT INTO song (song_id, album_id, name, duration_seconds, bpm, track_number) VALUES (3618, 478, 'Issue', 372, 67, 5);
INSERT INTO song (song_id, album_id, name, duration_seconds, bpm, track_number) VALUES (3619, 478, 'Expect course real', 339, 112, 6);
INSERT INTO song (song_id, album_id, name, duration_seconds, bpm, track_number) VALUES (3620, 478, 'Raise remain', 456, 152, 7);
INSERT INTO song (song_id, album_id, name, duration_seconds, bpm, track_number) VALUES (3621, 478, 'Human', 158, 127, 8);
INSERT INTO song (song_id, album_id, name, duration_seconds, bpm, track_number) VALUES (3622, 478, 'Treat', 176, 123, 9);
INSERT INTO album (album_id, artist_id, title, release_year, created_at) VALUES (479, 251, 'Realigned clear-thinking approach', 2003, NOW());
INSERT INTO song (song_id, album_id, name, duration_seconds, bpm, track_number) VALUES (3623, 479, 'Class report', 361, 76, 1);
INSERT INTO song (song_id, album_id, name, duration_seconds, bpm, track_number) VALUES (3624, 479, 'Attention then itself', 232, 119, 2);
INSERT INTO song (song_id, album_id, name, duration_seconds, bpm, track_number) VALUES (3625, 479, 'Return thank', 288, 96, 3);
INSERT INTO song (song_id, album_id, name, duration_seconds, bpm, track_number) VALUES (3626, 479, 'Strong', 325, 116, 4);
INSERT INTO song (song_id, album_id, name, duration_seconds, bpm, track_number) VALUES (3627, 479, 'Seek also', 310, 173, 5);
INSERT INTO album (album_id, artist_id, title, release_year, created_at) VALUES (480, 252, 'Digitized impactful budgetary management', 1971, NOW());
INSERT INTO song (song_id, album_id, name, duration_seconds, bpm, track_number) VALUES (3628, 480, 'Relationship seat quality bag wall', 138, 156, 1);
INSERT INTO song (song_id, album_id, name, duration_seconds, bpm, track_number) VALUES (3629, 480, 'Teacher claim', 456, 135, 2);
INSERT INTO song (song_id, album_id, name, duration_seconds, bpm, track_number) VALUES (3630, 480, 'Science', 393, 77, 3);
INSERT INTO song (song_id, album_id, name, duration_seconds, bpm, track_number) VALUES (3631, 480, 'Local age', 472, 86, 4);
INSERT INTO song (song_id, album_id, name, duration_seconds, bpm, track_number) VALUES (3632, 480, 'Usually', 451, 130, 5);
INSERT INTO song (song_id, album_id, name, duration_seconds, bpm, track_number) VALUES (3633, 480, 'Factor', 158, 171, 6);
INSERT INTO song (song_id, album_id, name, duration_seconds, bpm, track_number) VALUES (3634, 480, 'Discuss hope buy', 235, 175, 7);
INSERT INTO song (song_id, album_id, name, duration_seconds, bpm, track_number) VALUES (3635, 480, 'Play choose', 463, 68, 8);
INSERT INTO song (song_id, album_id, name, duration_seconds, bpm, track_number) VALUES (3636, 480, 'Player fight', 158, 137, 9);
INSERT INTO album (album_id, artist_id, title, release_year, created_at) VALUES (481, 252, 'User-centric dynamic model', 1970, NOW());
INSERT INTO song (song_id, album_id, name, duration_seconds, bpm, track_number) VALUES (3637, 481, 'Speak', 411, 158, 1);
INSERT INTO song (song_id, album_id, name, duration_seconds, bpm, track_number) VALUES (3638, 481, 'You', 188, 145, 2);
INSERT INTO song (song_id, album_id, name, duration_seconds, bpm, track_number) VALUES (3639, 481, 'Federal', 155, 128, 3);
INSERT INTO song (song_id, album_id, name, duration_seconds, bpm, track_number) VALUES (3640, 481, 'Leg old', 255, 128, 4);
INSERT INTO song (song_id, album_id, name, duration_seconds, bpm, track_number) VALUES (3641, 481, 'Cost level', 221, 95, 5);
INSERT INTO song (song_id, album_id, name, duration_seconds, bpm, track_number) VALUES (3642, 481, 'Number already', 221, 82, 6);
INSERT INTO song (song_id, album_id, name, duration_seconds, bpm, track_number) VALUES (3643, 481, 'Easy everything', 273, 140, 7);
INSERT INTO song (song_id, album_id, name, duration_seconds, bpm, track_number) VALUES (3644, 481, 'Study cause', 237, 126, 8);
INSERT INTO album (album_id, artist_id, title, release_year, created_at) VALUES (482, 253, 'Business-focused executive process improvement', 1992, NOW());
INSERT INTO song (song_id, album_id, name, duration_seconds, bpm, track_number) VALUES (3645, 482, 'Hospital', 325, 150, 1);
INSERT INTO song (song_id, album_id, name, duration_seconds, bpm, track_number) VALUES (3646, 482, 'Than effect shoulder one feel', 449, 119, 2);
INSERT INTO song (song_id, album_id, name, duration_seconds, bpm, track_number) VALUES (3647, 482, 'Executive', 463, 106, 3);
INSERT INTO song (song_id, album_id, name, duration_seconds, bpm, track_number) VALUES (3648, 482, 'Itself guy', 134, 138, 4);
INSERT INTO song (song_id, album_id, name, duration_seconds, bpm, track_number) VALUES (3649, 482, 'Mr their ahead', 280, 139, 5);
INSERT INTO song (song_id, album_id, name, duration_seconds, bpm, track_number) VALUES (3650, 482, 'Entire trial', 415, 81, 6);
INSERT INTO song (song_id, album_id, name, duration_seconds, bpm, track_number) VALUES (3651, 482, 'Test', 359, 169, 7);
INSERT INTO song (song_id, album_id, name, duration_seconds, bpm, track_number) VALUES (3652, 482, 'Catch use meet', 326, 61, 8);
INSERT INTO album (album_id, artist_id, title, release_year, created_at) VALUES (483, 254, 'Robust executive frame', 2001, NOW());
INSERT INTO song (song_id, album_id, name, duration_seconds, bpm, track_number) VALUES (3653, 483, 'Woman', 468, 166, 1);
INSERT INTO song (song_id, album_id, name, duration_seconds, bpm, track_number) VALUES (3654, 483, 'Such agreement', 258, 75, 2);
INSERT INTO song (song_id, album_id, name, duration_seconds, bpm, track_number) VALUES (3655, 483, 'Gun', 474, 60, 3);
INSERT INTO song (song_id, album_id, name, duration_seconds, bpm, track_number) VALUES (3656, 483, 'Place south young position', 335, 119, 4);
INSERT INTO song (song_id, album_id, name, duration_seconds, bpm, track_number) VALUES (3657, 483, 'Some employee order practice', 262, 148, 5);
INSERT INTO album (album_id, artist_id, title, release_year, created_at) VALUES (484, 255, 'Digitized mission-critical pricing structure', 1987, NOW());
INSERT INTO song (song_id, album_id, name, duration_seconds, bpm, track_number) VALUES (3658, 484, 'Memory', 330, 88, 1);
INSERT INTO song (song_id, album_id, name, duration_seconds, bpm, track_number) VALUES (3659, 484, 'Across another near', 152, 172, 2);
INSERT INTO song (song_id, album_id, name, duration_seconds, bpm, track_number) VALUES (3660, 484, 'Movement house watch', 358, 81, 3);
INSERT INTO song (song_id, album_id, name, duration_seconds, bpm, track_number) VALUES (3661, 484, 'Build tree drop early', 184, 115, 4);
INSERT INTO song (song_id, album_id, name, duration_seconds, bpm, track_number) VALUES (3662, 484, 'Area because between', 422, 174, 5);
INSERT INTO song (song_id, album_id, name, duration_seconds, bpm, track_number) VALUES (3663, 484, 'Wide avoid', 288, 97, 6);
INSERT INTO song (song_id, album_id, name, duration_seconds, bpm, track_number) VALUES (3664, 484, 'Great lose', 437, 103, 7);
INSERT INTO song (song_id, album_id, name, duration_seconds, bpm, track_number) VALUES (3665, 484, 'Memory', 448, 71, 8);
INSERT INTO song (song_id, album_id, name, duration_seconds, bpm, track_number) VALUES (3666, 484, 'Yeah', 361, 164, 9);
INSERT INTO album (album_id, artist_id, title, release_year, created_at) VALUES (485, 256, 'Reduced bi-directional moratorium', 2018, NOW());
INSERT INTO song (song_id, album_id, name, duration_seconds, bpm, track_number) VALUES (3667, 485, 'Condition', 350, 109, 1);
INSERT INTO song (song_id, album_id, name, duration_seconds, bpm, track_number) VALUES (3668, 485, 'Like', 279, 74, 2);
INSERT INTO song (song_id, album_id, name, duration_seconds, bpm, track_number) VALUES (3669, 485, 'South', 361, 123, 3);
INSERT INTO song (song_id, album_id, name, duration_seconds, bpm, track_number) VALUES (3670, 485, 'Institution catch', 380, 157, 4);
INSERT INTO song (song_id, album_id, name, duration_seconds, bpm, track_number) VALUES (3671, 485, 'Follow police', 437, 73, 5);
INSERT INTO song (song_id, album_id, name, duration_seconds, bpm, track_number) VALUES (3672, 485, 'Pick', 349, 72, 6);
INSERT INTO album (album_id, artist_id, title, release_year, created_at) VALUES (486, 257, 'Synergized fault-tolerant installation', 2002, NOW());
INSERT INTO song (song_id, album_id, name, duration_seconds, bpm, track_number) VALUES (3673, 486, 'Side feeling', 350, 120, 1);
INSERT INTO song (song_id, album_id, name, duration_seconds, bpm, track_number) VALUES (3674, 486, 'Story because military', 418, 119, 2);
INSERT INTO song (song_id, album_id, name, duration_seconds, bpm, track_number) VALUES (3675, 486, 'Yeah', 347, 77, 3);
INSERT INTO song (song_id, album_id, name, duration_seconds, bpm, track_number) VALUES (3676, 486, 'Beat newspaper prove', 431, 106, 4);
INSERT INTO song (song_id, album_id, name, duration_seconds, bpm, track_number) VALUES (3677, 486, 'Too', 423, 152, 5);
INSERT INTO song (song_id, album_id, name, duration_seconds, bpm, track_number) VALUES (3678, 486, 'Go', 379, 71, 6);
INSERT INTO song (song_id, album_id, name, duration_seconds, bpm, track_number) VALUES (3679, 486, 'Across environmental tonight particularly collection', 169, 167, 7);
INSERT INTO album (album_id, artist_id, title, release_year, created_at) VALUES (487, 257, 'Team-oriented empowering instruction set', 2014, NOW());
INSERT INTO song (song_id, album_id, name, duration_seconds, bpm, track_number) VALUES (3680, 487, 'Decide', 386, 111, 1);
INSERT INTO song (song_id, album_id, name, duration_seconds, bpm, track_number) VALUES (3681, 487, 'Yes south', 377, 177, 2);
INSERT INTO song (song_id, album_id, name, duration_seconds, bpm, track_number) VALUES (3682, 487, 'Space', 371, 174, 3);
INSERT INTO song (song_id, album_id, name, duration_seconds, bpm, track_number) VALUES (3683, 487, 'Administration whether second', 227, 122, 4);
INSERT INTO song (song_id, album_id, name, duration_seconds, bpm, track_number) VALUES (3684, 487, 'Loss', 410, 109, 5);
INSERT INTO song (song_id, album_id, name, duration_seconds, bpm, track_number) VALUES (3685, 487, 'Sure', 222, 143, 6);
INSERT INTO song (song_id, album_id, name, duration_seconds, bpm, track_number) VALUES (3686, 487, 'Walk wait agree', 191, 82, 7);
INSERT INTO song (song_id, album_id, name, duration_seconds, bpm, track_number) VALUES (3687, 487, 'Beautiful', 280, 179, 8);
INSERT INTO album (album_id, artist_id, title, release_year, created_at) VALUES (488, 257, 'Proactive zero administration archive', 1975, NOW());
INSERT INTO song (song_id, album_id, name, duration_seconds, bpm, track_number) VALUES (3688, 488, 'Wish camera', 394, 175, 1);
INSERT INTO song (song_id, album_id, name, duration_seconds, bpm, track_number) VALUES (3689, 488, 'Economic', 215, 179, 2);
INSERT INTO song (song_id, album_id, name, duration_seconds, bpm, track_number) VALUES (3690, 488, 'Course', 347, 151, 3);
INSERT INTO song (song_id, album_id, name, duration_seconds, bpm, track_number) VALUES (3691, 488, 'Such treat threat', 310, 95, 4);
INSERT INTO song (song_id, album_id, name, duration_seconds, bpm, track_number) VALUES (3692, 488, 'Study free', 236, 86, 5);
INSERT INTO song (song_id, album_id, name, duration_seconds, bpm, track_number) VALUES (3693, 488, 'Week approach', 463, 107, 6);
INSERT INTO song (song_id, album_id, name, duration_seconds, bpm, track_number) VALUES (3694, 488, 'Themselves character factor standard', 197, 137, 7);
INSERT INTO song (song_id, album_id, name, duration_seconds, bpm, track_number) VALUES (3695, 488, 'Way cut beyond coach', 372, 99, 8);
INSERT INTO song (song_id, album_id, name, duration_seconds, bpm, track_number) VALUES (3696, 488, 'Detail', 213, 67, 9);
INSERT INTO album (album_id, artist_id, title, release_year, created_at) VALUES (489, 258, 'Quality-focused systemic complexity', 2012, NOW());
INSERT INTO song (song_id, album_id, name, duration_seconds, bpm, track_number) VALUES (3697, 489, 'Surface agreement goal research single', 259, 61, 1);
INSERT INTO song (song_id, album_id, name, duration_seconds, bpm, track_number) VALUES (3698, 489, 'Value', 152, 166, 2);
INSERT INTO song (song_id, album_id, name, duration_seconds, bpm, track_number) VALUES (3699, 489, 'Have good give surface', 317, 103, 3);
INSERT INTO song (song_id, album_id, name, duration_seconds, bpm, track_number) VALUES (3700, 489, 'Ahead impact people itself', 349, 162, 4);
INSERT INTO song (song_id, album_id, name, duration_seconds, bpm, track_number) VALUES (3701, 489, 'Purpose create', 354, 85, 5);
INSERT INTO song (song_id, album_id, name, duration_seconds, bpm, track_number) VALUES (3702, 489, 'Cause', 431, 150, 6);
INSERT INTO song (song_id, album_id, name, duration_seconds, bpm, track_number) VALUES (3703, 489, 'Security career', 322, 99, 7);
INSERT INTO song (song_id, album_id, name, duration_seconds, bpm, track_number) VALUES (3704, 489, 'Form around', 175, 111, 8);
INSERT INTO song (song_id, album_id, name, duration_seconds, bpm, track_number) VALUES (3705, 489, 'Who professional since quite account', 181, 157, 9);
INSERT INTO song (song_id, album_id, name, duration_seconds, bpm, track_number) VALUES (3706, 489, 'Either trip look', 322, 84, 10);
INSERT INTO album (album_id, artist_id, title, release_year, created_at) VALUES (490, 259, 'Persistent uniform customer loyalty', 1978, NOW());
INSERT INTO song (song_id, album_id, name, duration_seconds, bpm, track_number) VALUES (3707, 490, 'Nothing return look', 227, 86, 1);
INSERT INTO song (song_id, album_id, name, duration_seconds, bpm, track_number) VALUES (3708, 490, 'Yet', 278, 78, 2);
INSERT INTO song (song_id, album_id, name, duration_seconds, bpm, track_number) VALUES (3709, 490, 'Group', 282, 125, 3);
INSERT INTO song (song_id, album_id, name, duration_seconds, bpm, track_number) VALUES (3710, 490, 'Campaign yet', 350, 64, 4);
INSERT INTO song (song_id, album_id, name, duration_seconds, bpm, track_number) VALUES (3711, 490, 'Through college', 318, 69, 5);
INSERT INTO song (song_id, album_id, name, duration_seconds, bpm, track_number) VALUES (3712, 490, 'Office middle account finally', 421, 76, 6);
INSERT INTO song (song_id, album_id, name, duration_seconds, bpm, track_number) VALUES (3713, 490, 'Yet truth race air', 254, 85, 7);
INSERT INTO song (song_id, album_id, name, duration_seconds, bpm, track_number) VALUES (3714, 490, 'Early star', 222, 66, 8);
INSERT INTO song (song_id, album_id, name, duration_seconds, bpm, track_number) VALUES (3715, 490, 'Sure', 348, 150, 9);
INSERT INTO album (album_id, artist_id, title, release_year, created_at) VALUES (491, 259, 'Synchronized needs-based pricing structure', 1977, NOW());
INSERT INTO song (song_id, album_id, name, duration_seconds, bpm, track_number) VALUES (3716, 491, 'Store trouble citizen realize', 385, 94, 1);
INSERT INTO song (song_id, album_id, name, duration_seconds, bpm, track_number) VALUES (3717, 491, 'Range', 250, 158, 2);
INSERT INTO song (song_id, album_id, name, duration_seconds, bpm, track_number) VALUES (3718, 491, 'Seek white', 197, 76, 3);
INSERT INTO song (song_id, album_id, name, duration_seconds, bpm, track_number) VALUES (3719, 491, 'Dream role', 469, 94, 4);
INSERT INTO song (song_id, album_id, name, duration_seconds, bpm, track_number) VALUES (3720, 491, 'Happen', 144, 132, 5);
INSERT INTO album (album_id, artist_id, title, release_year, created_at) VALUES (492, 260, 'Cloned global product', 2004, NOW());
INSERT INTO song (song_id, album_id, name, duration_seconds, bpm, track_number) VALUES (3721, 492, 'Art', 147, 123, 1);
INSERT INTO song (song_id, album_id, name, duration_seconds, bpm, track_number) VALUES (3722, 492, 'Adult', 396, 124, 2);
INSERT INTO song (song_id, album_id, name, duration_seconds, bpm, track_number) VALUES (3723, 492, 'Chair such end', 333, 91, 3);
INSERT INTO song (song_id, album_id, name, duration_seconds, bpm, track_number) VALUES (3724, 492, 'Artist still Republican across land', 432, 86, 4);
INSERT INTO song (song_id, album_id, name, duration_seconds, bpm, track_number) VALUES (3725, 492, 'Land each arm', 242, 117, 5);
INSERT INTO album (album_id, artist_id, title, release_year, created_at) VALUES (493, 261, 'Reduced national intranet', 1980, NOW());
INSERT INTO song (song_id, album_id, name, duration_seconds, bpm, track_number) VALUES (3726, 493, 'During four defense', 277, 147, 1);
INSERT INTO song (song_id, album_id, name, duration_seconds, bpm, track_number) VALUES (3727, 493, 'Condition material', 177, 146, 2);
INSERT INTO song (song_id, album_id, name, duration_seconds, bpm, track_number) VALUES (3728, 493, 'Get much', 199, 95, 3);
INSERT INTO song (song_id, album_id, name, duration_seconds, bpm, track_number) VALUES (3729, 493, 'Ahead', 349, 140, 4);
INSERT INTO song (song_id, album_id, name, duration_seconds, bpm, track_number) VALUES (3730, 493, 'Reveal century', 243, 159, 5);
INSERT INTO song (song_id, album_id, name, duration_seconds, bpm, track_number) VALUES (3731, 493, 'Natural box material', 121, 134, 6);
INSERT INTO song (song_id, album_id, name, duration_seconds, bpm, track_number) VALUES (3732, 493, 'Maybe heavy society', 343, 98, 7);
INSERT INTO song (song_id, album_id, name, duration_seconds, bpm, track_number) VALUES (3733, 493, 'Stuff', 463, 107, 8);
INSERT INTO song (song_id, album_id, name, duration_seconds, bpm, track_number) VALUES (3734, 493, 'Office', 156, 103, 9);
INSERT INTO song (song_id, album_id, name, duration_seconds, bpm, track_number) VALUES (3735, 493, 'Sound', 190, 106, 10);
INSERT INTO album (album_id, artist_id, title, release_year, created_at) VALUES (494, 262, 'Open-architected fault-tolerant Graphic Interface', 2021, NOW());
INSERT INTO song (song_id, album_id, name, duration_seconds, bpm, track_number) VALUES (3736, 494, 'Politics process firm', 215, 65, 1);
INSERT INTO song (song_id, album_id, name, duration_seconds, bpm, track_number) VALUES (3737, 494, 'World among', 142, 63, 2);
INSERT INTO song (song_id, album_id, name, duration_seconds, bpm, track_number) VALUES (3738, 494, 'Whatever', 387, 171, 3);
INSERT INTO song (song_id, album_id, name, duration_seconds, bpm, track_number) VALUES (3739, 494, 'Rest hand', 353, 93, 4);
INSERT INTO song (song_id, album_id, name, duration_seconds, bpm, track_number) VALUES (3740, 494, 'Peace', 141, 65, 5);
INSERT INTO song (song_id, album_id, name, duration_seconds, bpm, track_number) VALUES (3741, 494, 'Message well', 312, 159, 6);
INSERT INTO song (song_id, album_id, name, duration_seconds, bpm, track_number) VALUES (3742, 494, 'Guy prevent once', 131, 159, 7);
INSERT INTO song (song_id, album_id, name, duration_seconds, bpm, track_number) VALUES (3743, 494, 'Prove story', 380, 92, 8);
INSERT INTO song (song_id, album_id, name, duration_seconds, bpm, track_number) VALUES (3744, 494, 'Start', 244, 168, 9);
INSERT INTO album (album_id, artist_id, title, release_year, created_at) VALUES (495, 262, 'Configurable zero tolerance groupware', 2022, NOW());
INSERT INTO song (song_id, album_id, name, duration_seconds, bpm, track_number) VALUES (3745, 495, 'Activity', 368, 65, 1);
INSERT INTO song (song_id, album_id, name, duration_seconds, bpm, track_number) VALUES (3746, 495, 'Doctor down', 147, 114, 2);
INSERT INTO song (song_id, album_id, name, duration_seconds, bpm, track_number) VALUES (3747, 495, 'Sound', 143, 70, 3);
INSERT INTO song (song_id, album_id, name, duration_seconds, bpm, track_number) VALUES (3748, 495, 'Expert itself', 453, 82, 4);
INSERT INTO song (song_id, album_id, name, duration_seconds, bpm, track_number) VALUES (3749, 495, 'Firm', 314, 180, 5);
INSERT INTO song (song_id, album_id, name, duration_seconds, bpm, track_number) VALUES (3750, 495, 'Three morning yeah different', 420, 106, 6);
INSERT INTO song (song_id, album_id, name, duration_seconds, bpm, track_number) VALUES (3751, 495, 'Meet world certain', 226, 112, 7);
INSERT INTO song (song_id, album_id, name, duration_seconds, bpm, track_number) VALUES (3752, 495, 'Now', 452, 154, 8);
INSERT INTO song (song_id, album_id, name, duration_seconds, bpm, track_number) VALUES (3753, 495, 'Young decide them', 194, 158, 9);
INSERT INTO song (song_id, album_id, name, duration_seconds, bpm, track_number) VALUES (3754, 495, 'Wish', 351, 110, 10);
INSERT INTO album (album_id, artist_id, title, release_year, created_at) VALUES (496, 263, 'Cross-platform dedicated structure', 2026, NOW());
INSERT INTO song (song_id, album_id, name, duration_seconds, bpm, track_number) VALUES (3755, 496, 'Speech', 213, 70, 1);
INSERT INTO song (song_id, album_id, name, duration_seconds, bpm, track_number) VALUES (3756, 496, 'Artist', 231, 97, 2);
INSERT INTO song (song_id, album_id, name, duration_seconds, bpm, track_number) VALUES (3757, 496, 'Million business hand ok', 248, 167, 3);
INSERT INTO song (song_id, album_id, name, duration_seconds, bpm, track_number) VALUES (3758, 496, 'White', 136, 172, 4);
INSERT INTO song (song_id, album_id, name, duration_seconds, bpm, track_number) VALUES (3759, 496, 'Material indeed special', 138, 132, 5);
INSERT INTO song (song_id, album_id, name, duration_seconds, bpm, track_number) VALUES (3760, 496, 'Assume', 286, 159, 6);
INSERT INTO album (album_id, artist_id, title, release_year, created_at) VALUES (497, 263, 'Realigned stable archive', 2010, NOW());
INSERT INTO song (song_id, album_id, name, duration_seconds, bpm, track_number) VALUES (3761, 497, 'Television', 333, 117, 1);
INSERT INTO song (song_id, album_id, name, duration_seconds, bpm, track_number) VALUES (3762, 497, 'Media', 330, 178, 2);
INSERT INTO song (song_id, album_id, name, duration_seconds, bpm, track_number) VALUES (3763, 497, 'Product', 312, 163, 3);
INSERT INTO song (song_id, album_id, name, duration_seconds, bpm, track_number) VALUES (3764, 497, 'City', 464, 84, 4);
INSERT INTO song (song_id, album_id, name, duration_seconds, bpm, track_number) VALUES (3765, 497, 'Body drug new hear gas', 361, 113, 5);
INSERT INTO song (song_id, album_id, name, duration_seconds, bpm, track_number) VALUES (3766, 497, 'Produce star rise', 269, 123, 6);
INSERT INTO song (song_id, album_id, name, duration_seconds, bpm, track_number) VALUES (3767, 497, 'Business', 130, 162, 7);
INSERT INTO song (song_id, album_id, name, duration_seconds, bpm, track_number) VALUES (3768, 497, 'Politics positive resource seven', 315, 108, 8);
INSERT INTO song (song_id, album_id, name, duration_seconds, bpm, track_number) VALUES (3769, 497, 'Help several possible best', 177, 108, 9);
INSERT INTO album (album_id, artist_id, title, release_year, created_at) VALUES (498, 264, 'Cross-platform 3rdgeneration forecast', 1997, NOW());
INSERT INTO song (song_id, album_id, name, duration_seconds, bpm, track_number) VALUES (3770, 498, 'Politics', 179, 153, 1);
INSERT INTO song (song_id, album_id, name, duration_seconds, bpm, track_number) VALUES (3771, 498, 'Trade action accept attack use', 163, 69, 2);
INSERT INTO song (song_id, album_id, name, duration_seconds, bpm, track_number) VALUES (3772, 498, 'What still', 218, 61, 3);
INSERT INTO song (song_id, album_id, name, duration_seconds, bpm, track_number) VALUES (3773, 498, 'Maybe interest', 443, 117, 4);
INSERT INTO song (song_id, album_id, name, duration_seconds, bpm, track_number) VALUES (3774, 498, 'Sign just friend structure', 120, 68, 5);
INSERT INTO song (song_id, album_id, name, duration_seconds, bpm, track_number) VALUES (3775, 498, 'Take change', 339, 60, 6);
INSERT INTO song (song_id, album_id, name, duration_seconds, bpm, track_number) VALUES (3776, 498, 'Near', 469, 163, 7);
INSERT INTO album (album_id, artist_id, title, release_year, created_at) VALUES (499, 264, 'Multi-tiered impactful initiative', 1981, NOW());
INSERT INTO song (song_id, album_id, name, duration_seconds, bpm, track_number) VALUES (3777, 499, 'Wide', 245, 111, 1);
INSERT INTO song (song_id, album_id, name, duration_seconds, bpm, track_number) VALUES (3778, 499, 'Want quite her black three', 416, 146, 2);
INSERT INTO song (song_id, album_id, name, duration_seconds, bpm, track_number) VALUES (3779, 499, 'Build section enter', 328, 142, 3);
INSERT INTO song (song_id, album_id, name, duration_seconds, bpm, track_number) VALUES (3780, 499, 'Condition', 253, 150, 4);
INSERT INTO song (song_id, album_id, name, duration_seconds, bpm, track_number) VALUES (3781, 499, 'For change common per', 445, 95, 5);
INSERT INTO song (song_id, album_id, name, duration_seconds, bpm, track_number) VALUES (3782, 499, 'Machine late', 144, 138, 6);
INSERT INTO song (song_id, album_id, name, duration_seconds, bpm, track_number) VALUES (3783, 499, 'Themselves', 279, 156, 7);
INSERT INTO song (song_id, album_id, name, duration_seconds, bpm, track_number) VALUES (3784, 499, 'Let', 431, 65, 8);
INSERT INTO album (album_id, artist_id, title, release_year, created_at) VALUES (500, 265, 'Customizable static time-frame', 2020, NOW());
INSERT INTO song (song_id, album_id, name, duration_seconds, bpm, track_number) VALUES (3785, 500, 'However decision term', 209, 161, 1);
INSERT INTO song (song_id, album_id, name, duration_seconds, bpm, track_number) VALUES (3786, 500, 'Game point administration that', 198, 114, 2);
INSERT INTO song (song_id, album_id, name, duration_seconds, bpm, track_number) VALUES (3787, 500, 'Federal voice perhaps can', 154, 146, 3);
INSERT INTO song (song_id, album_id, name, duration_seconds, bpm, track_number) VALUES (3788, 500, 'Billion', 294, 149, 4);
INSERT INTO song (song_id, album_id, name, duration_seconds, bpm, track_number) VALUES (3789, 500, 'Language', 395, 159, 5);
INSERT INTO album (album_id, artist_id, title, release_year, created_at) VALUES (501, 266, 'Down-sized non-volatile instruction set', 2021, NOW());
INSERT INTO song (song_id, album_id, name, duration_seconds, bpm, track_number) VALUES (3790, 501, 'Explain threat', 130, 162, 1);
INSERT INTO song (song_id, album_id, name, duration_seconds, bpm, track_number) VALUES (3791, 501, 'Important citizen about his', 141, 135, 2);
INSERT INTO song (song_id, album_id, name, duration_seconds, bpm, track_number) VALUES (3792, 501, 'Security day new', 139, 72, 3);
INSERT INTO song (song_id, album_id, name, duration_seconds, bpm, track_number) VALUES (3793, 501, 'Near early represent', 359, 64, 4);
INSERT INTO song (song_id, album_id, name, duration_seconds, bpm, track_number) VALUES (3794, 501, 'Season', 226, 71, 5);
INSERT INTO song (song_id, album_id, name, duration_seconds, bpm, track_number) VALUES (3795, 501, 'Treat', 455, 82, 6);
INSERT INTO song (song_id, album_id, name, duration_seconds, bpm, track_number) VALUES (3796, 501, 'Run', 298, 103, 7);
INSERT INTO song (song_id, album_id, name, duration_seconds, bpm, track_number) VALUES (3797, 501, 'Debate measure morning cut someone', 403, 133, 8);
INSERT INTO album (album_id, artist_id, title, release_year, created_at) VALUES (502, 266, 'Streamlined demand-driven service-desk', 2026, NOW());
INSERT INTO song (song_id, album_id, name, duration_seconds, bpm, track_number) VALUES (3798, 502, 'Walk mission work', 318, 115, 1);
INSERT INTO song (song_id, album_id, name, duration_seconds, bpm, track_number) VALUES (3799, 502, 'Bed', 181, 154, 2);
INSERT INTO song (song_id, album_id, name, duration_seconds, bpm, track_number) VALUES (3800, 502, 'Author meet street south add', 447, 97, 3);
INSERT INTO song (song_id, album_id, name, duration_seconds, bpm, track_number) VALUES (3801, 502, 'During', 330, 96, 4);
INSERT INTO song (song_id, album_id, name, duration_seconds, bpm, track_number) VALUES (3802, 502, 'Environment', 192, 150, 5);
INSERT INTO song (song_id, album_id, name, duration_seconds, bpm, track_number) VALUES (3803, 502, 'Purpose', 412, 104, 6);
INSERT INTO album (album_id, artist_id, title, release_year, created_at) VALUES (503, 267, 'Future-proofed 6thgeneration productivity', 2021, NOW());
INSERT INTO song (song_id, album_id, name, duration_seconds, bpm, track_number) VALUES (3804, 503, 'House building detail', 304, 131, 1);
INSERT INTO song (song_id, album_id, name, duration_seconds, bpm, track_number) VALUES (3805, 503, 'Somebody', 343, 179, 2);
INSERT INTO song (song_id, album_id, name, duration_seconds, bpm, track_number) VALUES (3806, 503, 'Song just high worker', 438, 105, 3);
INSERT INTO song (song_id, album_id, name, duration_seconds, bpm, track_number) VALUES (3807, 503, 'Notice', 189, 111, 4);
INSERT INTO song (song_id, album_id, name, duration_seconds, bpm, track_number) VALUES (3808, 503, 'Soldier', 272, 108, 5);
INSERT INTO song (song_id, album_id, name, duration_seconds, bpm, track_number) VALUES (3809, 503, 'Seem bed audience', 277, 102, 6);
INSERT INTO song (song_id, album_id, name, duration_seconds, bpm, track_number) VALUES (3810, 503, 'Against', 201, 98, 7);
INSERT INTO song (song_id, album_id, name, duration_seconds, bpm, track_number) VALUES (3811, 503, 'Program artist not stay third', 439, 124, 8);
INSERT INTO song (song_id, album_id, name, duration_seconds, bpm, track_number) VALUES (3812, 503, 'Wait what suffer fact candidate', 238, 155, 9);
INSERT INTO song (song_id, album_id, name, duration_seconds, bpm, track_number) VALUES (3813, 503, 'Relate high necessary player rule', 247, 108, 10);
INSERT INTO album (album_id, artist_id, title, release_year, created_at) VALUES (504, 268, 'Vision-oriented uniform info-mediaries', 2026, NOW());
INSERT INTO song (song_id, album_id, name, duration_seconds, bpm, track_number) VALUES (3814, 504, 'Minute white book', 380, 87, 1);
INSERT INTO song (song_id, album_id, name, duration_seconds, bpm, track_number) VALUES (3815, 504, 'Hotel care', 473, 91, 2);
INSERT INTO song (song_id, album_id, name, duration_seconds, bpm, track_number) VALUES (3816, 504, 'Ok three impact pay', 169, 120, 3);
INSERT INTO song (song_id, album_id, name, duration_seconds, bpm, track_number) VALUES (3817, 504, 'Kitchen we line', 156, 125, 4);
INSERT INTO song (song_id, album_id, name, duration_seconds, bpm, track_number) VALUES (3818, 504, 'Choose maybe stuff', 299, 73, 5);
INSERT INTO album (album_id, artist_id, title, release_year, created_at) VALUES (505, 268, 'Fully-configurable scalable forecast', 1975, NOW());
INSERT INTO song (song_id, album_id, name, duration_seconds, bpm, track_number) VALUES (3819, 505, 'Collection drop international it', 121, 87, 1);
INSERT INTO song (song_id, album_id, name, duration_seconds, bpm, track_number) VALUES (3820, 505, 'Often team body', 266, 113, 2);
INSERT INTO song (song_id, album_id, name, duration_seconds, bpm, track_number) VALUES (3821, 505, 'Support popular', 421, 78, 3);
INSERT INTO song (song_id, album_id, name, duration_seconds, bpm, track_number) VALUES (3822, 505, 'Seven', 199, 132, 4);
INSERT INTO song (song_id, album_id, name, duration_seconds, bpm, track_number) VALUES (3823, 505, 'Approach chair may', 271, 87, 5);
INSERT INTO album (album_id, artist_id, title, release_year, created_at) VALUES (506, 268, 'Integrated dynamic interface', 2018, NOW());
INSERT INTO song (song_id, album_id, name, duration_seconds, bpm, track_number) VALUES (3824, 506, 'Who ok', 182, 120, 1);
INSERT INTO song (song_id, album_id, name, duration_seconds, bpm, track_number) VALUES (3825, 506, 'Hard sense believe', 318, 69, 2);
INSERT INTO song (song_id, album_id, name, duration_seconds, bpm, track_number) VALUES (3826, 506, 'Worry', 441, 132, 3);
INSERT INTO song (song_id, album_id, name, duration_seconds, bpm, track_number) VALUES (3827, 506, 'Start institution', 282, 105, 4);
INSERT INTO song (song_id, album_id, name, duration_seconds, bpm, track_number) VALUES (3828, 506, 'Work', 474, 170, 5);
INSERT INTO song (song_id, album_id, name, duration_seconds, bpm, track_number) VALUES (3829, 506, 'Without foot election doctor draw', 190, 141, 6);
INSERT INTO song (song_id, album_id, name, duration_seconds, bpm, track_number) VALUES (3830, 506, 'Authority TV', 373, 97, 7);
INSERT INTO album (album_id, artist_id, title, release_year, created_at) VALUES (507, 269, 'Triple-buffered disintermediate orchestration', 2024, NOW());
INSERT INTO song (song_id, album_id, name, duration_seconds, bpm, track_number) VALUES (3831, 507, 'Save', 417, 89, 1);
INSERT INTO song (song_id, album_id, name, duration_seconds, bpm, track_number) VALUES (3832, 507, 'Break population', 347, 170, 2);
INSERT INTO song (song_id, album_id, name, duration_seconds, bpm, track_number) VALUES (3833, 507, 'Sound', 353, 94, 3);
INSERT INTO song (song_id, album_id, name, duration_seconds, bpm, track_number) VALUES (3834, 507, 'Mean against', 126, 176, 4);
INSERT INTO song (song_id, album_id, name, duration_seconds, bpm, track_number) VALUES (3835, 507, 'Nice', 164, 112, 5);
INSERT INTO album (album_id, artist_id, title, release_year, created_at) VALUES (508, 269, 'Up-sized 5thgeneration circuit', 1982, NOW());
INSERT INTO song (song_id, album_id, name, duration_seconds, bpm, track_number) VALUES (3836, 508, 'Science remain serious set election', 435, 154, 1);
INSERT INTO song (song_id, album_id, name, duration_seconds, bpm, track_number) VALUES (3837, 508, 'Each', 394, 156, 2);
INSERT INTO song (song_id, album_id, name, duration_seconds, bpm, track_number) VALUES (3838, 508, 'Month', 213, 60, 3);
INSERT INTO song (song_id, album_id, name, duration_seconds, bpm, track_number) VALUES (3839, 508, 'Indeed', 238, 162, 4);
INSERT INTO song (song_id, album_id, name, duration_seconds, bpm, track_number) VALUES (3840, 508, 'Western', 411, 134, 5);
INSERT INTO album (album_id, artist_id, title, release_year, created_at) VALUES (509, 269, 'Customizable value-added interface', 2013, NOW());
INSERT INTO song (song_id, album_id, name, duration_seconds, bpm, track_number) VALUES (3841, 509, 'Mouth difference teacher', 404, 71, 1);
INSERT INTO song (song_id, album_id, name, duration_seconds, bpm, track_number) VALUES (3842, 509, 'Our education consider', 275, 138, 2);
INSERT INTO song (song_id, album_id, name, duration_seconds, bpm, track_number) VALUES (3843, 509, 'Painting', 296, 174, 3);
INSERT INTO song (song_id, album_id, name, duration_seconds, bpm, track_number) VALUES (3844, 509, 'Book college', 294, 152, 4);
INSERT INTO song (song_id, album_id, name, duration_seconds, bpm, track_number) VALUES (3845, 509, 'Others', 427, 127, 5);
INSERT INTO song (song_id, album_id, name, duration_seconds, bpm, track_number) VALUES (3846, 509, 'This campaign', 390, 98, 6);
INSERT INTO song (song_id, album_id, name, duration_seconds, bpm, track_number) VALUES (3847, 509, 'Economic report firm that', 451, 91, 7);
INSERT INTO song (song_id, album_id, name, duration_seconds, bpm, track_number) VALUES (3848, 509, 'Ball center', 357, 78, 8);
INSERT INTO song (song_id, album_id, name, duration_seconds, bpm, track_number) VALUES (3849, 509, 'Tax response', 416, 160, 9);
INSERT INTO song (song_id, album_id, name, duration_seconds, bpm, track_number) VALUES (3850, 509, 'Surface body', 177, 79, 10);
INSERT INTO album (album_id, artist_id, title, release_year, created_at) VALUES (510, 270, 'Pre-emptive didactic flexibility', 1976, NOW());
INSERT INTO song (song_id, album_id, name, duration_seconds, bpm, track_number) VALUES (3851, 510, 'Pm', 318, 149, 1);
INSERT INTO song (song_id, album_id, name, duration_seconds, bpm, track_number) VALUES (3852, 510, 'Research', 291, 66, 2);
INSERT INTO song (song_id, album_id, name, duration_seconds, bpm, track_number) VALUES (3853, 510, 'Should', 368, 152, 3);
INSERT INTO song (song_id, album_id, name, duration_seconds, bpm, track_number) VALUES (3854, 510, 'Protect as democratic', 290, 128, 4);
INSERT INTO song (song_id, album_id, name, duration_seconds, bpm, track_number) VALUES (3855, 510, 'Include', 448, 171, 5);
INSERT INTO song (song_id, album_id, name, duration_seconds, bpm, track_number) VALUES (3856, 510, 'Marriage', 375, 63, 6);
INSERT INTO song (song_id, album_id, name, duration_seconds, bpm, track_number) VALUES (3857, 510, 'Professor father personal', 389, 151, 7);
INSERT INTO album (album_id, artist_id, title, release_year, created_at) VALUES (511, 270, 'Programmable content-based implementation', 2020, NOW());
INSERT INTO song (song_id, album_id, name, duration_seconds, bpm, track_number) VALUES (3858, 511, 'Myself', 271, 78, 1);
INSERT INTO song (song_id, album_id, name, duration_seconds, bpm, track_number) VALUES (3859, 511, 'Investment yard clearly actually', 299, 68, 2);
INSERT INTO song (song_id, album_id, name, duration_seconds, bpm, track_number) VALUES (3860, 511, 'Knowledge war', 365, 74, 3);
INSERT INTO song (song_id, album_id, name, duration_seconds, bpm, track_number) VALUES (3861, 511, 'Pretty age challenge', 220, 136, 4);
INSERT INTO song (song_id, album_id, name, duration_seconds, bpm, track_number) VALUES (3862, 511, 'Medical', 173, 136, 5);
INSERT INTO song (song_id, album_id, name, duration_seconds, bpm, track_number) VALUES (3863, 511, 'Investment person', 479, 113, 6);
INSERT INTO song (song_id, album_id, name, duration_seconds, bpm, track_number) VALUES (3864, 511, 'Artist paper and', 286, 90, 7);
INSERT INTO song (song_id, album_id, name, duration_seconds, bpm, track_number) VALUES (3865, 511, 'Main budget', 267, 99, 8);
INSERT INTO song (song_id, album_id, name, duration_seconds, bpm, track_number) VALUES (3866, 511, 'Democratic film compare', 372, 139, 9);
INSERT INTO song (song_id, album_id, name, duration_seconds, bpm, track_number) VALUES (3867, 511, 'Skin meet mean', 145, 81, 10);
INSERT INTO album (album_id, artist_id, title, release_year, created_at) VALUES (512, 271, 'Multi-tiered human-resource algorithm', 1985, NOW());
INSERT INTO song (song_id, album_id, name, duration_seconds, bpm, track_number) VALUES (3868, 512, 'No instead challenge effort', 150, 161, 1);
INSERT INTO song (song_id, album_id, name, duration_seconds, bpm, track_number) VALUES (3869, 512, 'Machine under style', 340, 127, 2);
INSERT INTO song (song_id, album_id, name, duration_seconds, bpm, track_number) VALUES (3870, 512, 'See quite road', 349, 159, 3);
INSERT INTO song (song_id, album_id, name, duration_seconds, bpm, track_number) VALUES (3871, 512, 'Than', 297, 132, 4);
INSERT INTO song (song_id, album_id, name, duration_seconds, bpm, track_number) VALUES (3872, 512, 'Improve player', 144, 111, 5);
INSERT INTO song (song_id, album_id, name, duration_seconds, bpm, track_number) VALUES (3873, 512, 'Thank everyone television baby', 433, 178, 6);
INSERT INTO song (song_id, album_id, name, duration_seconds, bpm, track_number) VALUES (3874, 512, 'Available', 395, 174, 7);
INSERT INTO album (album_id, artist_id, title, release_year, created_at) VALUES (513, 271, 'De-engineered local project', 1998, NOW());
INSERT INTO song (song_id, album_id, name, duration_seconds, bpm, track_number) VALUES (3875, 513, 'Sense', 267, 150, 1);
INSERT INTO song (song_id, album_id, name, duration_seconds, bpm, track_number) VALUES (3876, 513, 'Move until girl', 147, 120, 2);
INSERT INTO song (song_id, album_id, name, duration_seconds, bpm, track_number) VALUES (3877, 513, 'Memory', 276, 68, 3);
INSERT INTO song (song_id, album_id, name, duration_seconds, bpm, track_number) VALUES (3878, 513, 'Talk', 316, 84, 4);
INSERT INTO song (song_id, album_id, name, duration_seconds, bpm, track_number) VALUES (3879, 513, 'Evidence north', 214, 78, 5);
INSERT INTO song (song_id, album_id, name, duration_seconds, bpm, track_number) VALUES (3880, 513, 'Blood', 286, 144, 6);
INSERT INTO album (album_id, artist_id, title, release_year, created_at) VALUES (514, 272, 'Decentralized clear-thinking forecast', 1978, NOW());
INSERT INTO song (song_id, album_id, name, duration_seconds, bpm, track_number) VALUES (3881, 514, 'Politics', 301, 174, 1);
INSERT INTO song (song_id, album_id, name, duration_seconds, bpm, track_number) VALUES (3882, 514, 'Form', 209, 119, 2);
INSERT INTO song (song_id, album_id, name, duration_seconds, bpm, track_number) VALUES (3883, 514, 'Between least', 241, 151, 3);
INSERT INTO song (song_id, album_id, name, duration_seconds, bpm, track_number) VALUES (3884, 514, 'Very such', 194, 170, 4);
INSERT INTO song (song_id, album_id, name, duration_seconds, bpm, track_number) VALUES (3885, 514, 'Nation turn travel no', 246, 152, 5);
INSERT INTO song (song_id, album_id, name, duration_seconds, bpm, track_number) VALUES (3886, 514, 'Control government fall', 390, 97, 6);
INSERT INTO album (album_id, artist_id, title, release_year, created_at) VALUES (515, 273, 'Horizontal radical implementation', 2017, NOW());
INSERT INTO song (song_id, album_id, name, duration_seconds, bpm, track_number) VALUES (3887, 515, 'Road mean', 198, 61, 1);
INSERT INTO song (song_id, album_id, name, duration_seconds, bpm, track_number) VALUES (3888, 515, 'Mr change present', 140, 161, 2);
INSERT INTO song (song_id, album_id, name, duration_seconds, bpm, track_number) VALUES (3889, 515, 'Career', 305, 79, 3);
INSERT INTO song (song_id, album_id, name, duration_seconds, bpm, track_number) VALUES (3890, 515, 'Source issue', 352, 97, 4);
INSERT INTO song (song_id, album_id, name, duration_seconds, bpm, track_number) VALUES (3891, 515, 'Field', 407, 173, 5);
INSERT INTO album (album_id, artist_id, title, release_year, created_at) VALUES (516, 274, 'Switchable analyzing open system', 2009, NOW());
INSERT INTO song (song_id, album_id, name, duration_seconds, bpm, track_number) VALUES (3892, 516, 'Out', 225, 109, 1);
INSERT INTO song (song_id, album_id, name, duration_seconds, bpm, track_number) VALUES (3893, 516, 'All', 466, 61, 2);
INSERT INTO song (song_id, album_id, name, duration_seconds, bpm, track_number) VALUES (3894, 516, 'Marriage institution he year', 344, 105, 3);
INSERT INTO song (song_id, album_id, name, duration_seconds, bpm, track_number) VALUES (3895, 516, 'Measure whole', 222, 168, 4);
INSERT INTO song (song_id, album_id, name, duration_seconds, bpm, track_number) VALUES (3896, 516, 'Often expect its', 137, 120, 5);
INSERT INTO song (song_id, album_id, name, duration_seconds, bpm, track_number) VALUES (3897, 516, 'Pay wind maintain sign', 203, 82, 6);
INSERT INTO album (album_id, artist_id, title, release_year, created_at) VALUES (517, 274, 'Open-architected modular circuit', 1994, NOW());
INSERT INTO song (song_id, album_id, name, duration_seconds, bpm, track_number) VALUES (3898, 517, 'Center', 285, 99, 1);
INSERT INTO song (song_id, album_id, name, duration_seconds, bpm, track_number) VALUES (3899, 517, 'Health stand', 168, 68, 2);
INSERT INTO song (song_id, album_id, name, duration_seconds, bpm, track_number) VALUES (3900, 517, 'Option pattern then', 323, 82, 3);
INSERT INTO song (song_id, album_id, name, duration_seconds, bpm, track_number) VALUES (3901, 517, 'Enjoy', 412, 61, 4);
INSERT INTO song (song_id, album_id, name, duration_seconds, bpm, track_number) VALUES (3902, 517, 'Everybody', 241, 148, 5);
INSERT INTO song (song_id, album_id, name, duration_seconds, bpm, track_number) VALUES (3903, 517, 'Hear experience mind nearly measure', 172, 64, 6);
INSERT INTO song (song_id, album_id, name, duration_seconds, bpm, track_number) VALUES (3904, 517, 'West onto sell', 243, 111, 7);
INSERT INTO album (album_id, artist_id, title, release_year, created_at) VALUES (518, 275, 'Pre-emptive background capability', 1984, NOW());
INSERT INTO song (song_id, album_id, name, duration_seconds, bpm, track_number) VALUES (3905, 518, 'Cold with them', 414, 133, 1);
INSERT INTO song (song_id, album_id, name, duration_seconds, bpm, track_number) VALUES (3906, 518, 'City bad painting since', 362, 86, 2);
INSERT INTO song (song_id, album_id, name, duration_seconds, bpm, track_number) VALUES (3907, 518, 'Nor', 260, 121, 3);
INSERT INTO song (song_id, album_id, name, duration_seconds, bpm, track_number) VALUES (3908, 518, 'Address', 130, 63, 4);
INSERT INTO song (song_id, album_id, name, duration_seconds, bpm, track_number) VALUES (3909, 518, 'Student certainly serious such', 166, 172, 5);
INSERT INTO song (song_id, album_id, name, duration_seconds, bpm, track_number) VALUES (3910, 518, 'Compare visit', 252, 109, 6);
INSERT INTO song (song_id, album_id, name, duration_seconds, bpm, track_number) VALUES (3911, 518, 'Step', 323, 84, 7);
INSERT INTO album (album_id, artist_id, title, release_year, created_at) VALUES (519, 275, 'Diverse regional Graphic Interface', 1978, NOW());
INSERT INTO song (song_id, album_id, name, duration_seconds, bpm, track_number) VALUES (3912, 519, 'Mission treat', 426, 119, 1);
INSERT INTO song (song_id, album_id, name, duration_seconds, bpm, track_number) VALUES (3913, 519, 'Success study serious store', 351, 115, 2);
INSERT INTO song (song_id, album_id, name, duration_seconds, bpm, track_number) VALUES (3914, 519, 'Several thing', 353, 173, 3);
INSERT INTO song (song_id, album_id, name, duration_seconds, bpm, track_number) VALUES (3915, 519, 'Economic understand sometimes agency suggest', 425, 110, 4);
INSERT INTO song (song_id, album_id, name, duration_seconds, bpm, track_number) VALUES (3916, 519, 'Meeting with', 270, 106, 5);
INSERT INTO song (song_id, album_id, name, duration_seconds, bpm, track_number) VALUES (3917, 519, 'Tough call', 336, 179, 6);
INSERT INTO song (song_id, album_id, name, duration_seconds, bpm, track_number) VALUES (3918, 519, 'Set within check', 259, 153, 7);
INSERT INTO album (album_id, artist_id, title, release_year, created_at) VALUES (520, 275, 'Operative incremental hub', 2024, NOW());
INSERT INTO song (song_id, album_id, name, duration_seconds, bpm, track_number) VALUES (3919, 520, 'Commercial', 254, 88, 1);
INSERT INTO song (song_id, album_id, name, duration_seconds, bpm, track_number) VALUES (3920, 520, 'Think', 379, 136, 2);
INSERT INTO song (song_id, album_id, name, duration_seconds, bpm, track_number) VALUES (3921, 520, 'Activity', 292, 99, 3);
INSERT INTO song (song_id, album_id, name, duration_seconds, bpm, track_number) VALUES (3922, 520, 'History themselves these', 283, 86, 4);
INSERT INTO song (song_id, album_id, name, duration_seconds, bpm, track_number) VALUES (3923, 520, 'President cold sometimes', 441, 161, 5);
INSERT INTO song (song_id, album_id, name, duration_seconds, bpm, track_number) VALUES (3924, 520, 'Weight', 240, 177, 6);
INSERT INTO album (album_id, artist_id, title, release_year, created_at) VALUES (521, 276, 'Pre-emptive zero-defect Graphic Interface', 1995, NOW());
INSERT INTO song (song_id, album_id, name, duration_seconds, bpm, track_number) VALUES (3925, 521, 'Technology', 213, 123, 1);
INSERT INTO song (song_id, album_id, name, duration_seconds, bpm, track_number) VALUES (3926, 521, 'Avoid while from listen', 146, 129, 2);
INSERT INTO song (song_id, album_id, name, duration_seconds, bpm, track_number) VALUES (3927, 521, 'Hundred return', 165, 175, 3);
INSERT INTO song (song_id, album_id, name, duration_seconds, bpm, track_number) VALUES (3928, 521, 'Beyond most man', 332, 94, 4);
INSERT INTO song (song_id, album_id, name, duration_seconds, bpm, track_number) VALUES (3929, 521, 'Detail drop', 219, 174, 5);
INSERT INTO song (song_id, album_id, name, duration_seconds, bpm, track_number) VALUES (3930, 521, 'Close collection', 371, 146, 6);
INSERT INTO song (song_id, album_id, name, duration_seconds, bpm, track_number) VALUES (3931, 521, 'Ground', 389, 100, 7);
INSERT INTO album (album_id, artist_id, title, release_year, created_at) VALUES (522, 276, 'Function-based transitional intranet', 1994, NOW());
INSERT INTO song (song_id, album_id, name, duration_seconds, bpm, track_number) VALUES (3932, 522, 'Cut consumer', 306, 123, 1);
INSERT INTO song (song_id, album_id, name, duration_seconds, bpm, track_number) VALUES (3933, 522, 'Level start war air', 319, 145, 2);
INSERT INTO song (song_id, album_id, name, duration_seconds, bpm, track_number) VALUES (3934, 522, 'East federal', 204, 107, 3);
INSERT INTO song (song_id, album_id, name, duration_seconds, bpm, track_number) VALUES (3935, 522, 'Top finish', 475, 114, 4);
INSERT INTO song (song_id, album_id, name, duration_seconds, bpm, track_number) VALUES (3936, 522, 'Different', 454, 126, 5);
INSERT INTO album (album_id, artist_id, title, release_year, created_at) VALUES (523, 277, 'Multi-layered global capability', 2016, NOW());
INSERT INTO song (song_id, album_id, name, duration_seconds, bpm, track_number) VALUES (3937, 523, 'Leave', 446, 63, 1);
INSERT INTO song (song_id, album_id, name, duration_seconds, bpm, track_number) VALUES (3938, 523, 'Last', 310, 141, 2);
INSERT INTO song (song_id, album_id, name, duration_seconds, bpm, track_number) VALUES (3939, 523, 'Attorney say pick', 220, 123, 3);
INSERT INTO song (song_id, album_id, name, duration_seconds, bpm, track_number) VALUES (3940, 523, 'Community throw surface animal', 376, 168, 4);
INSERT INTO song (song_id, album_id, name, duration_seconds, bpm, track_number) VALUES (3941, 523, 'Recently cut finally them also', 272, 153, 5);
INSERT INTO album (album_id, artist_id, title, release_year, created_at) VALUES (524, 278, 'Function-based interactive Local Area Network', 1988, NOW());
INSERT INTO song (song_id, album_id, name, duration_seconds, bpm, track_number) VALUES (3942, 524, 'Pull', 431, 92, 1);
INSERT INTO song (song_id, album_id, name, duration_seconds, bpm, track_number) VALUES (3943, 524, 'Moment', 145, 86, 2);
INSERT INTO song (song_id, album_id, name, duration_seconds, bpm, track_number) VALUES (3944, 524, 'Campaign government out road', 275, 168, 3);
INSERT INTO song (song_id, album_id, name, duration_seconds, bpm, track_number) VALUES (3945, 524, 'Reduce book', 150, 160, 4);
INSERT INTO song (song_id, album_id, name, duration_seconds, bpm, track_number) VALUES (3946, 524, 'Issue', 167, 171, 5);
INSERT INTO song (song_id, album_id, name, duration_seconds, bpm, track_number) VALUES (3947, 524, 'Tend focus different', 259, 69, 6);
INSERT INTO song (song_id, album_id, name, duration_seconds, bpm, track_number) VALUES (3948, 524, 'Continue', 231, 137, 7);
INSERT INTO song (song_id, album_id, name, duration_seconds, bpm, track_number) VALUES (3949, 524, 'Technology generation', 275, 163, 8);
INSERT INTO album (album_id, artist_id, title, release_year, created_at) VALUES (525, 279, 'Devolved local attitude', 2000, NOW());
INSERT INTO song (song_id, album_id, name, duration_seconds, bpm, track_number) VALUES (3950, 525, 'Bit', 314, 94, 1);
INSERT INTO song (song_id, album_id, name, duration_seconds, bpm, track_number) VALUES (3951, 525, 'Watch', 182, 134, 2);
INSERT INTO song (song_id, album_id, name, duration_seconds, bpm, track_number) VALUES (3952, 525, 'Radio range around', 377, 161, 3);
INSERT INTO song (song_id, album_id, name, duration_seconds, bpm, track_number) VALUES (3953, 525, 'Instead hope', 379, 179, 4);
INSERT INTO song (song_id, album_id, name, duration_seconds, bpm, track_number) VALUES (3954, 525, 'Right', 290, 173, 5);
INSERT INTO album (album_id, artist_id, title, release_year, created_at) VALUES (526, 279, 'Multi-layered multi-state project', 1970, NOW());
INSERT INTO song (song_id, album_id, name, duration_seconds, bpm, track_number) VALUES (3955, 526, 'Including evening', 466, 81, 1);
INSERT INTO song (song_id, album_id, name, duration_seconds, bpm, track_number) VALUES (3956, 526, 'Report', 338, 153, 2);
INSERT INTO song (song_id, album_id, name, duration_seconds, bpm, track_number) VALUES (3957, 526, 'Serve effort six movement thought', 137, 71, 3);
INSERT INTO song (song_id, album_id, name, duration_seconds, bpm, track_number) VALUES (3958, 526, 'Vote', 269, 88, 4);
INSERT INTO song (song_id, album_id, name, duration_seconds, bpm, track_number) VALUES (3959, 526, 'Chair watch', 252, 139, 5);
INSERT INTO song (song_id, album_id, name, duration_seconds, bpm, track_number) VALUES (3960, 526, 'Write PM', 324, 83, 6);
INSERT INTO song (song_id, album_id, name, duration_seconds, bpm, track_number) VALUES (3961, 526, 'Together factor military draw', 271, 121, 7);
INSERT INTO song (song_id, album_id, name, duration_seconds, bpm, track_number) VALUES (3962, 526, 'In cell', 405, 73, 8);
INSERT INTO song (song_id, album_id, name, duration_seconds, bpm, track_number) VALUES (3963, 526, 'Probably believe', 367, 78, 9);
INSERT INTO song (song_id, album_id, name, duration_seconds, bpm, track_number) VALUES (3964, 526, 'Positive', 387, 126, 10);
INSERT INTO album (album_id, artist_id, title, release_year, created_at) VALUES (527, 279, 'Inverse demand-driven collaboration', 2026, NOW());
INSERT INTO song (song_id, album_id, name, duration_seconds, bpm, track_number) VALUES (3965, 527, 'Specific which close', 183, 69, 1);
INSERT INTO song (song_id, album_id, name, duration_seconds, bpm, track_number) VALUES (3966, 527, 'Series there my travel', 392, 62, 2);
INSERT INTO song (song_id, album_id, name, duration_seconds, bpm, track_number) VALUES (3967, 527, 'Care six office factor', 374, 158, 3);
INSERT INTO song (song_id, album_id, name, duration_seconds, bpm, track_number) VALUES (3968, 527, 'Speech', 460, 146, 4);
INSERT INTO song (song_id, album_id, name, duration_seconds, bpm, track_number) VALUES (3969, 527, 'Investment commercial', 424, 152, 5);
INSERT INTO song (song_id, album_id, name, duration_seconds, bpm, track_number) VALUES (3970, 527, 'Eye', 447, 147, 6);
INSERT INTO album (album_id, artist_id, title, release_year, created_at) VALUES (528, 280, 'Customer-focused interactive customer loyalty', 1972, NOW());
INSERT INTO song (song_id, album_id, name, duration_seconds, bpm, track_number) VALUES (3971, 528, 'Still structure act fill fire', 339, 78, 1);
INSERT INTO song (song_id, album_id, name, duration_seconds, bpm, track_number) VALUES (3972, 528, 'War leader', 141, 156, 2);
INSERT INTO song (song_id, album_id, name, duration_seconds, bpm, track_number) VALUES (3973, 528, 'Police', 325, 171, 3);
INSERT INTO song (song_id, album_id, name, duration_seconds, bpm, track_number) VALUES (3974, 528, 'Blood', 323, 96, 4);
INSERT INTO song (song_id, album_id, name, duration_seconds, bpm, track_number) VALUES (3975, 528, 'Themselves', 269, 127, 5);
INSERT INTO song (song_id, album_id, name, duration_seconds, bpm, track_number) VALUES (3976, 528, 'Can', 473, 76, 6);
INSERT INTO song (song_id, album_id, name, duration_seconds, bpm, track_number) VALUES (3977, 528, 'Rule forget level', 402, 177, 7);
INSERT INTO album (album_id, artist_id, title, release_year, created_at) VALUES (529, 281, 'Upgradable high-level algorithm', 2016, NOW());
INSERT INTO song (song_id, album_id, name, duration_seconds, bpm, track_number) VALUES (3978, 529, 'Feeling education', 173, 123, 1);
INSERT INTO song (song_id, album_id, name, duration_seconds, bpm, track_number) VALUES (3979, 529, 'Possible industry', 318, 99, 2);
INSERT INTO song (song_id, album_id, name, duration_seconds, bpm, track_number) VALUES (3980, 529, 'Speech', 317, 171, 3);
INSERT INTO song (song_id, album_id, name, duration_seconds, bpm, track_number) VALUES (3981, 529, 'Safe stay', 345, 116, 4);
INSERT INTO song (song_id, album_id, name, duration_seconds, bpm, track_number) VALUES (3982, 529, 'Nature well', 273, 135, 5);
INSERT INTO song (song_id, album_id, name, duration_seconds, bpm, track_number) VALUES (3983, 529, 'Whose discussion myself', 359, 141, 6);
INSERT INTO song (song_id, album_id, name, duration_seconds, bpm, track_number) VALUES (3984, 529, 'If high', 423, 132, 7);
INSERT INTO song (song_id, album_id, name, duration_seconds, bpm, track_number) VALUES (3985, 529, 'Treatment their today', 337, 91, 8);
INSERT INTO song (song_id, album_id, name, duration_seconds, bpm, track_number) VALUES (3986, 529, 'Task', 466, 171, 9);
INSERT INTO song (song_id, album_id, name, duration_seconds, bpm, track_number) VALUES (3987, 529, 'Seat morning father professor', 168, 150, 10);
INSERT INTO album (album_id, artist_id, title, release_year, created_at) VALUES (530, 281, 'Upgradable asynchronous capability', 1981, NOW());
INSERT INTO song (song_id, album_id, name, duration_seconds, bpm, track_number) VALUES (3988, 530, 'Success', 409, 65, 1);
INSERT INTO song (song_id, album_id, name, duration_seconds, bpm, track_number) VALUES (3989, 530, 'House', 384, 122, 2);
INSERT INTO song (song_id, album_id, name, duration_seconds, bpm, track_number) VALUES (3990, 530, 'Join language', 215, 178, 3);
INSERT INTO song (song_id, album_id, name, duration_seconds, bpm, track_number) VALUES (3991, 530, 'Over behind because sell', 378, 160, 4);
INSERT INTO song (song_id, album_id, name, duration_seconds, bpm, track_number) VALUES (3992, 530, 'Huge', 408, 76, 5);
INSERT INTO song (song_id, album_id, name, duration_seconds, bpm, track_number) VALUES (3993, 530, 'I miss wide', 376, 166, 6);
INSERT INTO song (song_id, album_id, name, duration_seconds, bpm, track_number) VALUES (3994, 530, 'Ok professor black', 154, 73, 7);
INSERT INTO song (song_id, album_id, name, duration_seconds, bpm, track_number) VALUES (3995, 530, 'Around', 184, 140, 8);
INSERT INTO song (song_id, album_id, name, duration_seconds, bpm, track_number) VALUES (3996, 530, 'Bed', 392, 133, 9);
INSERT INTO song (song_id, album_id, name, duration_seconds, bpm, track_number) VALUES (3997, 530, 'Close tell occur', 233, 99, 10);
INSERT INTO album (album_id, artist_id, title, release_year, created_at) VALUES (531, 281, 'Customer-focused grid-enabled product', 1970, NOW());
INSERT INTO song (song_id, album_id, name, duration_seconds, bpm, track_number) VALUES (3998, 531, 'Material thought could', 334, 96, 1);
INSERT INTO song (song_id, album_id, name, duration_seconds, bpm, track_number) VALUES (3999, 531, 'May', 290, 115, 2);
INSERT INTO song (song_id, album_id, name, duration_seconds, bpm, track_number) VALUES (4000, 531, 'To another value', 390, 176, 3);
INSERT INTO song (song_id, album_id, name, duration_seconds, bpm, track_number) VALUES (4001, 531, 'Try current', 272, 89, 4);
INSERT INTO song (song_id, album_id, name, duration_seconds, bpm, track_number) VALUES (4002, 531, 'Fine thank pick human agree', 188, 117, 5);
INSERT INTO song (song_id, album_id, name, duration_seconds, bpm, track_number) VALUES (4003, 531, 'Form', 136, 109, 6);
INSERT INTO album (album_id, artist_id, title, release_year, created_at) VALUES (532, 282, 'Object-based local knowledge user', 1976, NOW());
INSERT INTO song (song_id, album_id, name, duration_seconds, bpm, track_number) VALUES (4004, 532, 'Better', 141, 113, 1);
INSERT INTO song (song_id, album_id, name, duration_seconds, bpm, track_number) VALUES (4005, 532, 'Pull', 468, 102, 2);
INSERT INTO song (song_id, album_id, name, duration_seconds, bpm, track_number) VALUES (4006, 532, 'Religious Mr like', 477, 156, 3);
INSERT INTO song (song_id, album_id, name, duration_seconds, bpm, track_number) VALUES (4007, 532, 'Sea', 450, 66, 4);
INSERT INTO song (song_id, album_id, name, duration_seconds, bpm, track_number) VALUES (4008, 532, 'Safe', 321, 66, 5);
INSERT INTO song (song_id, album_id, name, duration_seconds, bpm, track_number) VALUES (4009, 532, 'Language cut fight', 252, 65, 6);
INSERT INTO song (song_id, album_id, name, duration_seconds, bpm, track_number) VALUES (4010, 532, 'Its staff', 120, 119, 7);
INSERT INTO song (song_id, album_id, name, duration_seconds, bpm, track_number) VALUES (4011, 532, 'Apply crime', 187, 165, 8);
INSERT INTO album (album_id, artist_id, title, release_year, created_at) VALUES (533, 283, 'Business-focused secondary algorithm', 2010, NOW());
INSERT INTO song (song_id, album_id, name, duration_seconds, bpm, track_number) VALUES (4012, 533, 'Owner enough', 358, 153, 1);
INSERT INTO song (song_id, album_id, name, duration_seconds, bpm, track_number) VALUES (4013, 533, 'Technology democratic just', 461, 119, 2);
INSERT INTO song (song_id, album_id, name, duration_seconds, bpm, track_number) VALUES (4014, 533, 'Plant eight', 452, 133, 3);
INSERT INTO song (song_id, album_id, name, duration_seconds, bpm, track_number) VALUES (4015, 533, 'World young sing above skin', 450, 84, 4);
INSERT INTO song (song_id, album_id, name, duration_seconds, bpm, track_number) VALUES (4016, 533, 'Actually do', 304, 174, 5);
INSERT INTO song (song_id, album_id, name, duration_seconds, bpm, track_number) VALUES (4017, 533, 'Remain service according', 298, 133, 6);
INSERT INTO song (song_id, album_id, name, duration_seconds, bpm, track_number) VALUES (4018, 533, 'Exist', 433, 151, 7);
INSERT INTO song (song_id, album_id, name, duration_seconds, bpm, track_number) VALUES (4019, 533, 'Social may', 231, 127, 8);
INSERT INTO album (album_id, artist_id, title, release_year, created_at) VALUES (534, 283, 'Automated composite Local Area Network', 2007, NOW());
INSERT INTO song (song_id, album_id, name, duration_seconds, bpm, track_number) VALUES (4020, 534, 'Chair', 338, 143, 1);
INSERT INTO song (song_id, album_id, name, duration_seconds, bpm, track_number) VALUES (4021, 534, 'Cultural', 379, 71, 2);
INSERT INTO song (song_id, album_id, name, duration_seconds, bpm, track_number) VALUES (4022, 534, 'Middle nature', 232, 177, 3);
INSERT INTO song (song_id, album_id, name, duration_seconds, bpm, track_number) VALUES (4023, 534, 'American', 384, 86, 4);
INSERT INTO song (song_id, album_id, name, duration_seconds, bpm, track_number) VALUES (4024, 534, 'Peace', 380, 156, 5);
INSERT INTO song (song_id, album_id, name, duration_seconds, bpm, track_number) VALUES (4025, 534, 'Memory population style will', 429, 120, 6);
INSERT INTO song (song_id, album_id, name, duration_seconds, bpm, track_number) VALUES (4026, 534, 'If', 335, 126, 7);
INSERT INTO album (album_id, artist_id, title, release_year, created_at) VALUES (535, 283, 'Realigned static leverage', 2009, NOW());
INSERT INTO song (song_id, album_id, name, duration_seconds, bpm, track_number) VALUES (4027, 535, 'Day', 156, 102, 1);
INSERT INTO song (song_id, album_id, name, duration_seconds, bpm, track_number) VALUES (4028, 535, 'By form mission her entire', 218, 91, 2);
INSERT INTO song (song_id, album_id, name, duration_seconds, bpm, track_number) VALUES (4029, 535, 'These fly class town sit', 468, 95, 3);
INSERT INTO song (song_id, album_id, name, duration_seconds, bpm, track_number) VALUES (4030, 535, 'Group send', 322, 118, 4);
INSERT INTO song (song_id, album_id, name, duration_seconds, bpm, track_number) VALUES (4031, 535, 'Mention', 242, 118, 5);
INSERT INTO song (song_id, album_id, name, duration_seconds, bpm, track_number) VALUES (4032, 535, 'Charge long note he happy', 190, 81, 6);
INSERT INTO song (song_id, album_id, name, duration_seconds, bpm, track_number) VALUES (4033, 535, 'Dinner learn whom almost north', 177, 71, 7);
INSERT INTO album (album_id, artist_id, title, release_year, created_at) VALUES (536, 284, 'Decentralized asymmetric infrastructure', 2010, NOW());
INSERT INTO song (song_id, album_id, name, duration_seconds, bpm, track_number) VALUES (4034, 536, 'Show science', 270, 87, 1);
INSERT INTO song (song_id, album_id, name, duration_seconds, bpm, track_number) VALUES (4035, 536, 'Myself well bag', 252, 154, 2);
INSERT INTO song (song_id, album_id, name, duration_seconds, bpm, track_number) VALUES (4036, 536, 'Billion', 184, 72, 3);
INSERT INTO song (song_id, album_id, name, duration_seconds, bpm, track_number) VALUES (4037, 536, 'Course', 348, 169, 4);
INSERT INTO song (song_id, album_id, name, duration_seconds, bpm, track_number) VALUES (4038, 536, 'Visit try others', 276, 78, 5);
INSERT INTO song (song_id, album_id, name, duration_seconds, bpm, track_number) VALUES (4039, 536, 'Career', 431, 176, 6);
INSERT INTO song (song_id, album_id, name, duration_seconds, bpm, track_number) VALUES (4040, 536, 'Hair', 151, 80, 7);
INSERT INTO song (song_id, album_id, name, duration_seconds, bpm, track_number) VALUES (4041, 536, 'Property next', 452, 177, 8);
INSERT INTO song (song_id, album_id, name, duration_seconds, bpm, track_number) VALUES (4042, 536, 'Bad computer high', 342, 177, 9);
INSERT INTO song (song_id, album_id, name, duration_seconds, bpm, track_number) VALUES (4043, 536, 'Create general article technology establish', 298, 177, 10);
INSERT INTO album (album_id, artist_id, title, release_year, created_at) VALUES (537, 284, 'Programmable eco-centric task-force', 1987, NOW());
INSERT INTO song (song_id, album_id, name, duration_seconds, bpm, track_number) VALUES (4044, 537, 'Information theory tree suffer', 461, 86, 1);
INSERT INTO song (song_id, album_id, name, duration_seconds, bpm, track_number) VALUES (4045, 537, 'Clearly', 133, 144, 2);
INSERT INTO song (song_id, album_id, name, duration_seconds, bpm, track_number) VALUES (4046, 537, 'Worry wide', 132, 123, 3);
INSERT INTO song (song_id, album_id, name, duration_seconds, bpm, track_number) VALUES (4047, 537, 'More since thus', 327, 175, 4);
INSERT INTO song (song_id, album_id, name, duration_seconds, bpm, track_number) VALUES (4048, 537, 'Someone office another', 240, 176, 5);
INSERT INTO song (song_id, album_id, name, duration_seconds, bpm, track_number) VALUES (4049, 537, 'Eight white employee', 259, 179, 6);
INSERT INTO song (song_id, album_id, name, duration_seconds, bpm, track_number) VALUES (4050, 537, 'None pressure', 138, 83, 7);
INSERT INTO song (song_id, album_id, name, duration_seconds, bpm, track_number) VALUES (4051, 537, 'In health thank', 220, 173, 8);
INSERT INTO album (album_id, artist_id, title, release_year, created_at) VALUES (538, 285, 'Business-focused high-level pricing structure', 1976, NOW());
INSERT INTO song (song_id, album_id, name, duration_seconds, bpm, track_number) VALUES (4052, 538, 'Process or opportunity direction', 448, 64, 1);
INSERT INTO song (song_id, album_id, name, duration_seconds, bpm, track_number) VALUES (4053, 538, 'Size customer perhaps', 416, 63, 2);
INSERT INTO song (song_id, album_id, name, duration_seconds, bpm, track_number) VALUES (4054, 538, 'Magazine deep foreign', 422, 86, 3);
INSERT INTO song (song_id, album_id, name, duration_seconds, bpm, track_number) VALUES (4055, 538, 'Nearly understand', 228, 148, 4);
INSERT INTO song (song_id, album_id, name, duration_seconds, bpm, track_number) VALUES (4056, 538, 'Outside', 220, 157, 5);
INSERT INTO song (song_id, album_id, name, duration_seconds, bpm, track_number) VALUES (4057, 538, 'Season', 311, 134, 6);
INSERT INTO song (song_id, album_id, name, duration_seconds, bpm, track_number) VALUES (4058, 538, 'Break', 144, 93, 7);
INSERT INTO song (song_id, album_id, name, duration_seconds, bpm, track_number) VALUES (4059, 538, 'Training', 453, 62, 8);
INSERT INTO song (song_id, album_id, name, duration_seconds, bpm, track_number) VALUES (4060, 538, 'Ground', 377, 113, 9);
INSERT INTO song (song_id, album_id, name, duration_seconds, bpm, track_number) VALUES (4061, 538, 'Especially', 304, 85, 10);
INSERT INTO album (album_id, artist_id, title, release_year, created_at) VALUES (539, 286, 'Ameliorated 5thgeneration functionalities', 1984, NOW());
INSERT INTO song (song_id, album_id, name, duration_seconds, bpm, track_number) VALUES (4062, 539, 'Lawyer whose threat everyone town', 457, 159, 1);
INSERT INTO song (song_id, album_id, name, duration_seconds, bpm, track_number) VALUES (4063, 539, 'Voice relationship strong', 343, 108, 2);
INSERT INTO song (song_id, album_id, name, duration_seconds, bpm, track_number) VALUES (4064, 539, 'Catch still', 336, 104, 3);
INSERT INTO song (song_id, album_id, name, duration_seconds, bpm, track_number) VALUES (4065, 539, 'Money', 325, 86, 4);
INSERT INTO song (song_id, album_id, name, duration_seconds, bpm, track_number) VALUES (4066, 539, 'Address social eight soldier', 431, 180, 5);
INSERT INTO song (song_id, album_id, name, duration_seconds, bpm, track_number) VALUES (4067, 539, 'Third', 376, 83, 6);
INSERT INTO song (song_id, album_id, name, duration_seconds, bpm, track_number) VALUES (4068, 539, 'Far director', 265, 98, 7);
INSERT INTO song (song_id, album_id, name, duration_seconds, bpm, track_number) VALUES (4069, 539, 'If', 408, 136, 8);
INSERT INTO song (song_id, album_id, name, duration_seconds, bpm, track_number) VALUES (4070, 539, 'Series', 150, 154, 9);
INSERT INTO album (album_id, artist_id, title, release_year, created_at) VALUES (540, 287, 'Horizontal tertiary conglomeration', 1989, NOW());
INSERT INTO song (song_id, album_id, name, duration_seconds, bpm, track_number) VALUES (4071, 540, 'Somebody seat', 357, 168, 1);
INSERT INTO song (song_id, album_id, name, duration_seconds, bpm, track_number) VALUES (4072, 540, 'Race between', 245, 114, 2);
INSERT INTO song (song_id, album_id, name, duration_seconds, bpm, track_number) VALUES (4073, 540, 'Not or', 365, 114, 3);
INSERT INTO song (song_id, album_id, name, duration_seconds, bpm, track_number) VALUES (4074, 540, 'Dark summer personal represent', 278, 94, 4);
INSERT INTO song (song_id, album_id, name, duration_seconds, bpm, track_number) VALUES (4075, 540, 'Put bed wind', 137, 167, 5);
INSERT INTO album (album_id, artist_id, title, release_year, created_at) VALUES (541, 288, 'Total didactic protocol', 2001, NOW());
INSERT INTO song (song_id, album_id, name, duration_seconds, bpm, track_number) VALUES (4076, 541, 'Same', 132, 126, 1);
INSERT INTO song (song_id, album_id, name, duration_seconds, bpm, track_number) VALUES (4077, 541, 'Whose', 210, 109, 2);
INSERT INTO song (song_id, album_id, name, duration_seconds, bpm, track_number) VALUES (4078, 541, 'Live fall scientist', 282, 127, 3);
INSERT INTO song (song_id, album_id, name, duration_seconds, bpm, track_number) VALUES (4079, 541, 'City', 203, 72, 4);
INSERT INTO song (song_id, album_id, name, duration_seconds, bpm, track_number) VALUES (4080, 541, 'Account require throw', 356, 173, 5);
INSERT INTO song (song_id, album_id, name, duration_seconds, bpm, track_number) VALUES (4081, 541, 'Success better', 306, 125, 6);
INSERT INTO album (album_id, artist_id, title, release_year, created_at) VALUES (542, 288, 'Down-sized system-worthy functionalities', 1977, NOW());
INSERT INTO song (song_id, album_id, name, duration_seconds, bpm, track_number) VALUES (4082, 542, 'Enter', 178, 160, 1);
INSERT INTO song (song_id, album_id, name, duration_seconds, bpm, track_number) VALUES (4083, 542, 'Fire social', 411, 179, 2);
INSERT INTO song (song_id, album_id, name, duration_seconds, bpm, track_number) VALUES (4084, 542, 'Point individual', 263, 104, 3);
INSERT INTO song (song_id, album_id, name, duration_seconds, bpm, track_number) VALUES (4085, 542, 'Free under through', 417, 68, 4);
INSERT INTO song (song_id, album_id, name, duration_seconds, bpm, track_number) VALUES (4086, 542, 'Structure benefit', 195, 137, 5);
INSERT INTO song (song_id, album_id, name, duration_seconds, bpm, track_number) VALUES (4087, 542, 'Factor relationship activity face', 272, 74, 6);
INSERT INTO song (song_id, album_id, name, duration_seconds, bpm, track_number) VALUES (4088, 542, 'Receive book', 241, 112, 7);
INSERT INTO song (song_id, album_id, name, duration_seconds, bpm, track_number) VALUES (4089, 542, 'Real significant', 400, 163, 8);
INSERT INTO song (song_id, album_id, name, duration_seconds, bpm, track_number) VALUES (4090, 542, 'By born', 333, 138, 9);
INSERT INTO album (album_id, artist_id, title, release_year, created_at) VALUES (543, 288, 'Innovative dedicated interface', 1975, NOW());
INSERT INTO song (song_id, album_id, name, duration_seconds, bpm, track_number) VALUES (4091, 543, 'Hit', 187, 162, 1);
INSERT INTO song (song_id, album_id, name, duration_seconds, bpm, track_number) VALUES (4092, 543, 'Know hold', 174, 100, 2);
INSERT INTO song (song_id, album_id, name, duration_seconds, bpm, track_number) VALUES (4093, 543, 'Republican food', 152, 105, 3);
INSERT INTO song (song_id, album_id, name, duration_seconds, bpm, track_number) VALUES (4094, 543, 'International test', 232, 160, 4);
INSERT INTO song (song_id, album_id, name, duration_seconds, bpm, track_number) VALUES (4095, 543, 'Store include', 432, 141, 5);
INSERT INTO song (song_id, album_id, name, duration_seconds, bpm, track_number) VALUES (4096, 543, 'Industry resource', 335, 133, 6);
INSERT INTO song (song_id, album_id, name, duration_seconds, bpm, track_number) VALUES (4097, 543, 'Close', 311, 80, 7);
INSERT INTO song (song_id, album_id, name, duration_seconds, bpm, track_number) VALUES (4098, 543, 'Rather', 257, 130, 8);
INSERT INTO album (album_id, artist_id, title, release_year, created_at) VALUES (544, 289, 'Ameliorated optimal process improvement', 2004, NOW());
INSERT INTO song (song_id, album_id, name, duration_seconds, bpm, track_number) VALUES (4099, 544, 'Now', 436, 72, 1);
INSERT INTO song (song_id, album_id, name, duration_seconds, bpm, track_number) VALUES (4100, 544, 'Meeting', 413, 146, 2);
INSERT INTO song (song_id, album_id, name, duration_seconds, bpm, track_number) VALUES (4101, 544, 'There', 451, 132, 3);
INSERT INTO song (song_id, album_id, name, duration_seconds, bpm, track_number) VALUES (4102, 544, 'Difficult area house interest safe', 332, 119, 4);
INSERT INTO song (song_id, album_id, name, duration_seconds, bpm, track_number) VALUES (4103, 544, 'Require', 154, 119, 5);
INSERT INTO song (song_id, album_id, name, duration_seconds, bpm, track_number) VALUES (4104, 544, 'Event team', 305, 137, 6);
INSERT INTO song (song_id, album_id, name, duration_seconds, bpm, track_number) VALUES (4105, 544, 'Network', 237, 112, 7);
INSERT INTO album (album_id, artist_id, title, release_year, created_at) VALUES (545, 289, 'Upgradable multimedia open architecture', 2013, NOW());
INSERT INTO song (song_id, album_id, name, duration_seconds, bpm, track_number) VALUES (4106, 545, 'Feeling reduce', 165, 136, 1);
INSERT INTO song (song_id, album_id, name, duration_seconds, bpm, track_number) VALUES (4107, 545, 'Fall', 184, 172, 2);
INSERT INTO song (song_id, album_id, name, duration_seconds, bpm, track_number) VALUES (4108, 545, 'Stuff item government', 123, 152, 3);
INSERT INTO song (song_id, album_id, name, duration_seconds, bpm, track_number) VALUES (4109, 545, 'Yourself service need', 136, 128, 4);
INSERT INTO song (song_id, album_id, name, duration_seconds, bpm, track_number) VALUES (4110, 545, 'Traditional health whether', 299, 170, 5);
INSERT INTO song (song_id, album_id, name, duration_seconds, bpm, track_number) VALUES (4111, 545, 'Set', 374, 150, 6);
INSERT INTO song (song_id, album_id, name, duration_seconds, bpm, track_number) VALUES (4112, 545, 'Camera professor', 362, 93, 7);
INSERT INTO song (song_id, album_id, name, duration_seconds, bpm, track_number) VALUES (4113, 545, 'Food several ahead hair spend', 338, 100, 8);
INSERT INTO song (song_id, album_id, name, duration_seconds, bpm, track_number) VALUES (4114, 545, 'Doctor', 463, 119, 9);
INSERT INTO song (song_id, album_id, name, duration_seconds, bpm, track_number) VALUES (4115, 545, 'Type', 344, 159, 10);
INSERT INTO album (album_id, artist_id, title, release_year, created_at) VALUES (546, 289, 'Triple-buffered dynamic Graphic Interface', 1975, NOW());
INSERT INTO song (song_id, album_id, name, duration_seconds, bpm, track_number) VALUES (4116, 546, 'True appear son', 339, 86, 1);
INSERT INTO song (song_id, album_id, name, duration_seconds, bpm, track_number) VALUES (4117, 546, 'List discuss', 141, 146, 2);
INSERT INTO song (song_id, album_id, name, duration_seconds, bpm, track_number) VALUES (4118, 546, 'Six chair', 310, 102, 3);
INSERT INTO song (song_id, album_id, name, duration_seconds, bpm, track_number) VALUES (4119, 546, 'Economic few', 464, 73, 4);
INSERT INTO song (song_id, album_id, name, duration_seconds, bpm, track_number) VALUES (4120, 546, 'Material', 221, 153, 5);
INSERT INTO song (song_id, album_id, name, duration_seconds, bpm, track_number) VALUES (4121, 546, 'Expect', 351, 120, 6);
INSERT INTO song (song_id, album_id, name, duration_seconds, bpm, track_number) VALUES (4122, 546, 'Go interview', 320, 159, 7);
INSERT INTO song (song_id, album_id, name, duration_seconds, bpm, track_number) VALUES (4123, 546, 'Ability', 233, 80, 8);
INSERT INTO album (album_id, artist_id, title, release_year, created_at) VALUES (547, 290, 'Programmable responsive artificial intelligence', 2001, NOW());
INSERT INTO song (song_id, album_id, name, duration_seconds, bpm, track_number) VALUES (4124, 547, 'Control research', 237, 180, 1);
INSERT INTO song (song_id, album_id, name, duration_seconds, bpm, track_number) VALUES (4125, 547, 'Specific board', 401, 146, 2);
INSERT INTO song (song_id, album_id, name, duration_seconds, bpm, track_number) VALUES (4126, 547, 'Class', 347, 63, 3);
INSERT INTO song (song_id, album_id, name, duration_seconds, bpm, track_number) VALUES (4127, 547, 'Enjoy', 244, 147, 4);
INSERT INTO song (song_id, album_id, name, duration_seconds, bpm, track_number) VALUES (4128, 547, 'Company site', 282, 159, 5);
INSERT INTO album (album_id, artist_id, title, release_year, created_at) VALUES (548, 291, 'Exclusive directional synergy', 1988, NOW());
INSERT INTO song (song_id, album_id, name, duration_seconds, bpm, track_number) VALUES (4129, 548, 'Entire government seven', 168, 93, 1);
INSERT INTO song (song_id, album_id, name, duration_seconds, bpm, track_number) VALUES (4130, 548, 'Tough', 285, 114, 2);
INSERT INTO song (song_id, album_id, name, duration_seconds, bpm, track_number) VALUES (4131, 548, 'Her enjoy point season', 171, 77, 3);
INSERT INTO song (song_id, album_id, name, duration_seconds, bpm, track_number) VALUES (4132, 548, 'Son wrong budget', 435, 76, 4);
INSERT INTO song (song_id, album_id, name, duration_seconds, bpm, track_number) VALUES (4133, 548, 'Box officer', 427, 139, 5);
INSERT INTO song (song_id, album_id, name, duration_seconds, bpm, track_number) VALUES (4134, 548, 'Pattern feeling fund general', 459, 98, 6);
INSERT INTO song (song_id, album_id, name, duration_seconds, bpm, track_number) VALUES (4135, 548, 'Week agreement each police there', 422, 174, 7);
INSERT INTO album (album_id, artist_id, title, release_year, created_at) VALUES (549, 292, 'Multi-tiered uniform throughput', 2020, NOW());
INSERT INTO song (song_id, album_id, name, duration_seconds, bpm, track_number) VALUES (4136, 549, 'Risk', 415, 88, 1);
INSERT INTO song (song_id, album_id, name, duration_seconds, bpm, track_number) VALUES (4137, 549, 'Expect huge need shoulder', 217, 84, 2);
INSERT INTO song (song_id, album_id, name, duration_seconds, bpm, track_number) VALUES (4138, 549, 'Gun', 200, 151, 3);
INSERT INTO song (song_id, album_id, name, duration_seconds, bpm, track_number) VALUES (4139, 549, 'Statement miss', 246, 154, 4);
INSERT INTO song (song_id, album_id, name, duration_seconds, bpm, track_number) VALUES (4140, 549, 'If authority food', 448, 73, 5);
INSERT INTO song (song_id, album_id, name, duration_seconds, bpm, track_number) VALUES (4141, 549, 'Happen foot wish', 471, 101, 6);
INSERT INTO song (song_id, album_id, name, duration_seconds, bpm, track_number) VALUES (4142, 549, 'Night event', 452, 77, 7);
INSERT INTO album (album_id, artist_id, title, release_year, created_at) VALUES (550, 292, 'Polarized uniform data-warehouse', 1977, NOW());
INSERT INTO song (song_id, album_id, name, duration_seconds, bpm, track_number) VALUES (4143, 550, 'System', 145, 87, 1);
INSERT INTO song (song_id, album_id, name, duration_seconds, bpm, track_number) VALUES (4144, 550, 'Court PM song decision', 294, 81, 2);
INSERT INTO song (song_id, album_id, name, duration_seconds, bpm, track_number) VALUES (4145, 550, 'Four', 163, 165, 3);
INSERT INTO song (song_id, album_id, name, duration_seconds, bpm, track_number) VALUES (4146, 550, 'Mother if law owner', 479, 165, 4);
INSERT INTO song (song_id, album_id, name, duration_seconds, bpm, track_number) VALUES (4147, 550, 'News', 465, 177, 5);
INSERT INTO album (album_id, artist_id, title, release_year, created_at) VALUES (551, 292, 'Programmable directional concept', 1981, NOW());
INSERT INTO song (song_id, album_id, name, duration_seconds, bpm, track_number) VALUES (4148, 551, 'Store benefit', 211, 67, 1);
INSERT INTO song (song_id, album_id, name, duration_seconds, bpm, track_number) VALUES (4149, 551, 'Traditional save yourself no analysis', 352, 109, 2);
INSERT INTO song (song_id, album_id, name, duration_seconds, bpm, track_number) VALUES (4150, 551, 'Mission low two', 371, 168, 3);
INSERT INTO song (song_id, album_id, name, duration_seconds, bpm, track_number) VALUES (4151, 551, 'Beautiful', 376, 97, 4);
INSERT INTO song (song_id, album_id, name, duration_seconds, bpm, track_number) VALUES (4152, 551, 'Front design soldier arrive standard', 449, 174, 5);
INSERT INTO song (song_id, album_id, name, duration_seconds, bpm, track_number) VALUES (4153, 551, 'Note could party around few', 315, 88, 6);
INSERT INTO album (album_id, artist_id, title, release_year, created_at) VALUES (552, 293, 'Enhanced analyzing flexibility', 1996, NOW());
INSERT INTO song (song_id, album_id, name, duration_seconds, bpm, track_number) VALUES (4154, 552, 'Have bring manage night', 369, 175, 1);
INSERT INTO song (song_id, album_id, name, duration_seconds, bpm, track_number) VALUES (4155, 552, 'Support fill', 395, 125, 2);
INSERT INTO song (song_id, album_id, name, duration_seconds, bpm, track_number) VALUES (4156, 552, 'Continue bag network', 181, 120, 3);
INSERT INTO song (song_id, album_id, name, duration_seconds, bpm, track_number) VALUES (4157, 552, 'None', 168, 61, 4);
INSERT INTO song (song_id, album_id, name, duration_seconds, bpm, track_number) VALUES (4158, 552, 'Interest', 160, 60, 5);
INSERT INTO song (song_id, album_id, name, duration_seconds, bpm, track_number) VALUES (4159, 552, 'Gun our enough together', 159, 165, 6);
INSERT INTO song (song_id, album_id, name, duration_seconds, bpm, track_number) VALUES (4160, 552, 'Know take fear ask', 131, 88, 7);
INSERT INTO song (song_id, album_id, name, duration_seconds, bpm, track_number) VALUES (4161, 552, 'Second two', 254, 69, 8);
INSERT INTO album (album_id, artist_id, title, release_year, created_at) VALUES (553, 293, 'Integrated 6thgeneration throughput', 1995, NOW());
INSERT INTO song (song_id, album_id, name, duration_seconds, bpm, track_number) VALUES (4162, 553, 'Maybe', 181, 134, 1);
INSERT INTO song (song_id, album_id, name, duration_seconds, bpm, track_number) VALUES (4163, 553, 'Television computer across', 385, 145, 2);
INSERT INTO song (song_id, album_id, name, duration_seconds, bpm, track_number) VALUES (4164, 553, 'Table', 155, 89, 3);
INSERT INTO song (song_id, album_id, name, duration_seconds, bpm, track_number) VALUES (4165, 553, 'Give these wonder', 321, 99, 4);
INSERT INTO song (song_id, album_id, name, duration_seconds, bpm, track_number) VALUES (4166, 553, 'Listen make', 450, 101, 5);
INSERT INTO song (song_id, album_id, name, duration_seconds, bpm, track_number) VALUES (4167, 553, 'Camera along become', 414, 142, 6);
INSERT INTO song (song_id, album_id, name, duration_seconds, bpm, track_number) VALUES (4168, 553, 'Carry', 231, 143, 7);
INSERT INTO song (song_id, album_id, name, duration_seconds, bpm, track_number) VALUES (4169, 553, 'Mother determine part', 317, 158, 8);
INSERT INTO song (song_id, album_id, name, duration_seconds, bpm, track_number) VALUES (4170, 553, 'Special maybe', 144, 86, 9);
INSERT INTO song (song_id, album_id, name, duration_seconds, bpm, track_number) VALUES (4171, 553, 'Guess family culture', 279, 130, 10);
INSERT INTO album (album_id, artist_id, title, release_year, created_at) VALUES (554, 293, 'Face-to-face holistic moderator', 2020, NOW());
INSERT INTO song (song_id, album_id, name, duration_seconds, bpm, track_number) VALUES (4172, 554, 'Remain theory exist treatment develop', 446, 144, 1);
INSERT INTO song (song_id, album_id, name, duration_seconds, bpm, track_number) VALUES (4173, 554, 'Throughout less', 189, 157, 2);
INSERT INTO song (song_id, album_id, name, duration_seconds, bpm, track_number) VALUES (4174, 554, 'Attention', 395, 135, 3);
INSERT INTO song (song_id, album_id, name, duration_seconds, bpm, track_number) VALUES (4175, 554, 'Manager enter during I evidence', 234, 102, 4);
INSERT INTO song (song_id, album_id, name, duration_seconds, bpm, track_number) VALUES (4176, 554, 'View movie', 410, 177, 5);
INSERT INTO album (album_id, artist_id, title, release_year, created_at) VALUES (555, 294, 'Secured user-facing budgetary management', 1996, NOW());
INSERT INTO song (song_id, album_id, name, duration_seconds, bpm, track_number) VALUES (4177, 555, 'Study true', 450, 70, 1);
INSERT INTO song (song_id, album_id, name, duration_seconds, bpm, track_number) VALUES (4178, 555, 'Identify necessary half crime', 275, 131, 2);
INSERT INTO song (song_id, album_id, name, duration_seconds, bpm, track_number) VALUES (4179, 555, 'World throw fish', 279, 171, 3);
INSERT INTO song (song_id, album_id, name, duration_seconds, bpm, track_number) VALUES (4180, 555, 'Job', 183, 178, 4);
INSERT INTO song (song_id, album_id, name, duration_seconds, bpm, track_number) VALUES (4181, 555, 'Risk', 424, 96, 5);
INSERT INTO song (song_id, album_id, name, duration_seconds, bpm, track_number) VALUES (4182, 555, 'Consumer floor', 154, 109, 6);
INSERT INTO song (song_id, album_id, name, duration_seconds, bpm, track_number) VALUES (4183, 555, 'Recently democratic', 315, 80, 7);
INSERT INTO song (song_id, album_id, name, duration_seconds, bpm, track_number) VALUES (4184, 555, 'Spring', 343, 157, 8);
INSERT INTO song (song_id, album_id, name, duration_seconds, bpm, track_number) VALUES (4185, 555, 'Member popular vote message', 403, 94, 9);
INSERT INTO song (song_id, album_id, name, duration_seconds, bpm, track_number) VALUES (4186, 555, 'Between', 132, 103, 10);
INSERT INTO album (album_id, artist_id, title, release_year, created_at) VALUES (556, 295, 'Polarized mobile structure', 1995, NOW());
INSERT INTO song (song_id, album_id, name, duration_seconds, bpm, track_number) VALUES (4187, 556, 'Design people', 413, 100, 1);
INSERT INTO song (song_id, album_id, name, duration_seconds, bpm, track_number) VALUES (4188, 556, 'Scene', 373, 116, 2);
INSERT INTO song (song_id, album_id, name, duration_seconds, bpm, track_number) VALUES (4189, 556, 'Remain as', 146, 137, 3);
INSERT INTO song (song_id, album_id, name, duration_seconds, bpm, track_number) VALUES (4190, 556, 'Poor woman', 139, 140, 4);
INSERT INTO song (song_id, album_id, name, duration_seconds, bpm, track_number) VALUES (4191, 556, 'Adult', 142, 137, 5);
INSERT INTO song (song_id, album_id, name, duration_seconds, bpm, track_number) VALUES (4192, 556, 'Treat hotel special performance million', 249, 127, 6);
INSERT INTO song (song_id, album_id, name, duration_seconds, bpm, track_number) VALUES (4193, 556, 'Such marriage', 154, 95, 7);
INSERT INTO song (song_id, album_id, name, duration_seconds, bpm, track_number) VALUES (4194, 556, 'Choose', 125, 141, 8);
INSERT INTO album (album_id, artist_id, title, release_year, created_at) VALUES (557, 295, 'Balanced demand-driven hierarchy', 1972, NOW());
INSERT INTO song (song_id, album_id, name, duration_seconds, bpm, track_number) VALUES (4195, 557, 'Try evidence memory clear', 374, 103, 1);
INSERT INTO song (song_id, album_id, name, duration_seconds, bpm, track_number) VALUES (4196, 557, 'Thousand', 475, 78, 2);
INSERT INTO song (song_id, album_id, name, duration_seconds, bpm, track_number) VALUES (4197, 557, 'Few', 311, 153, 3);
INSERT INTO song (song_id, album_id, name, duration_seconds, bpm, track_number) VALUES (4198, 557, 'We', 274, 175, 4);
INSERT INTO song (song_id, album_id, name, duration_seconds, bpm, track_number) VALUES (4199, 557, 'Camera not necessary plan toward', 165, 151, 5);
INSERT INTO song (song_id, album_id, name, duration_seconds, bpm, track_number) VALUES (4200, 557, 'Role hundred', 219, 91, 6);
INSERT INTO song (song_id, album_id, name, duration_seconds, bpm, track_number) VALUES (4201, 557, 'Back recently feeling', 128, 177, 7);
INSERT INTO song (song_id, album_id, name, duration_seconds, bpm, track_number) VALUES (4202, 557, 'Animal around appear current', 130, 75, 8);
INSERT INTO album (album_id, artist_id, title, release_year, created_at) VALUES (558, 296, 'Reverse-engineered uniform firmware', 1995, NOW());
INSERT INTO song (song_id, album_id, name, duration_seconds, bpm, track_number) VALUES (4203, 558, 'Game sister', 387, 70, 1);
INSERT INTO song (song_id, album_id, name, duration_seconds, bpm, track_number) VALUES (4204, 558, 'Theory article order', 266, 64, 2);
INSERT INTO song (song_id, album_id, name, duration_seconds, bpm, track_number) VALUES (4205, 558, 'Thank act', 384, 166, 3);
INSERT INTO song (song_id, album_id, name, duration_seconds, bpm, track_number) VALUES (4206, 558, 'Gun law', 466, 178, 4);
INSERT INTO song (song_id, album_id, name, duration_seconds, bpm, track_number) VALUES (4207, 558, 'Light', 138, 108, 5);
INSERT INTO album (album_id, artist_id, title, release_year, created_at) VALUES (559, 296, 'Proactive context-sensitive extranet', 2011, NOW());
INSERT INTO song (song_id, album_id, name, duration_seconds, bpm, track_number) VALUES (4208, 559, 'Political simple ago seat every', 229, 84, 1);
INSERT INTO song (song_id, album_id, name, duration_seconds, bpm, track_number) VALUES (4209, 559, 'Discover', 247, 140, 2);
INSERT INTO song (song_id, album_id, name, duration_seconds, bpm, track_number) VALUES (4210, 559, 'Any', 452, 112, 3);
INSERT INTO song (song_id, album_id, name, duration_seconds, bpm, track_number) VALUES (4211, 559, 'Believe government', 376, 177, 4);
INSERT INTO song (song_id, album_id, name, duration_seconds, bpm, track_number) VALUES (4212, 559, 'View sense hour', 235, 163, 5);
INSERT INTO song (song_id, album_id, name, duration_seconds, bpm, track_number) VALUES (4213, 559, 'Real', 251, 130, 6);
INSERT INTO song (song_id, album_id, name, duration_seconds, bpm, track_number) VALUES (4214, 559, 'Rise', 427, 121, 7);
INSERT INTO song (song_id, album_id, name, duration_seconds, bpm, track_number) VALUES (4215, 559, 'Push range', 202, 163, 8);
INSERT INTO song (song_id, album_id, name, duration_seconds, bpm, track_number) VALUES (4216, 559, 'Trade green school present', 337, 108, 9);
INSERT INTO song (song_id, album_id, name, duration_seconds, bpm, track_number) VALUES (4217, 559, 'Apply', 327, 157, 10);
INSERT INTO album (album_id, artist_id, title, release_year, created_at) VALUES (560, 296, 'Focused tertiary function', 2018, NOW());
INSERT INTO song (song_id, album_id, name, duration_seconds, bpm, track_number) VALUES (4218, 560, 'Back', 330, 168, 1);
INSERT INTO song (song_id, album_id, name, duration_seconds, bpm, track_number) VALUES (4219, 560, 'Hear', 121, 79, 2);
INSERT INTO song (song_id, album_id, name, duration_seconds, bpm, track_number) VALUES (4220, 560, 'Yeah consider', 393, 133, 3);
INSERT INTO song (song_id, album_id, name, duration_seconds, bpm, track_number) VALUES (4221, 560, 'Should down', 212, 178, 4);
INSERT INTO song (song_id, album_id, name, duration_seconds, bpm, track_number) VALUES (4222, 560, 'Receive decide break prevent affect', 471, 163, 5);
INSERT INTO song (song_id, album_id, name, duration_seconds, bpm, track_number) VALUES (4223, 560, 'Another beautiful respond democratic recognize', 248, 91, 6);
INSERT INTO song (song_id, album_id, name, duration_seconds, bpm, track_number) VALUES (4224, 560, 'Pass', 399, 178, 7);
INSERT INTO album (album_id, artist_id, title, release_year, created_at) VALUES (561, 297, 'Configurable methodical Internet solution', 1986, NOW());
INSERT INTO song (song_id, album_id, name, duration_seconds, bpm, track_number) VALUES (4225, 561, 'Red', 288, 65, 1);
INSERT INTO song (song_id, album_id, name, duration_seconds, bpm, track_number) VALUES (4226, 561, 'Sister feeling bed', 305, 131, 2);
INSERT INTO song (song_id, album_id, name, duration_seconds, bpm, track_number) VALUES (4227, 561, 'West prevent change', 383, 125, 3);
INSERT INTO song (song_id, album_id, name, duration_seconds, bpm, track_number) VALUES (4228, 561, 'Memory', 293, 149, 4);
INSERT INTO song (song_id, album_id, name, duration_seconds, bpm, track_number) VALUES (4229, 561, 'Up less', 341, 63, 5);
INSERT INTO song (song_id, album_id, name, duration_seconds, bpm, track_number) VALUES (4230, 561, 'Positive building door', 448, 134, 6);
INSERT INTO song (song_id, album_id, name, duration_seconds, bpm, track_number) VALUES (4231, 561, 'Across pretty great measure', 400, 69, 7);
INSERT INTO song (song_id, album_id, name, duration_seconds, bpm, track_number) VALUES (4232, 561, 'Heavy offer', 465, 161, 8);
INSERT INTO album (album_id, artist_id, title, release_year, created_at) VALUES (562, 298, 'Pre-emptive grid-enabled archive', 1976, NOW());
INSERT INTO song (song_id, album_id, name, duration_seconds, bpm, track_number) VALUES (4233, 562, 'Poor', 124, 129, 1);
INSERT INTO song (song_id, album_id, name, duration_seconds, bpm, track_number) VALUES (4234, 562, 'Ask long', 143, 180, 2);
INSERT INTO song (song_id, album_id, name, duration_seconds, bpm, track_number) VALUES (4235, 562, 'Throughout', 277, 164, 3);
INSERT INTO song (song_id, album_id, name, duration_seconds, bpm, track_number) VALUES (4236, 562, 'Still', 265, 119, 4);
INSERT INTO song (song_id, album_id, name, duration_seconds, bpm, track_number) VALUES (4237, 562, 'Cut', 344, 174, 5);
INSERT INTO album (album_id, artist_id, title, release_year, created_at) VALUES (563, 298, 'Advanced multi-state pricing structure', 1970, NOW());
INSERT INTO song (song_id, album_id, name, duration_seconds, bpm, track_number) VALUES (4238, 563, 'Successful', 341, 174, 1);
INSERT INTO song (song_id, album_id, name, duration_seconds, bpm, track_number) VALUES (4239, 563, 'Class', 259, 169, 2);
INSERT INTO song (song_id, album_id, name, duration_seconds, bpm, track_number) VALUES (4240, 563, 'Maintain', 412, 80, 3);
INSERT INTO song (song_id, album_id, name, duration_seconds, bpm, track_number) VALUES (4241, 563, 'Wife', 352, 137, 4);
INSERT INTO song (song_id, album_id, name, duration_seconds, bpm, track_number) VALUES (4242, 563, 'Determine', 450, 125, 5);
INSERT INTO song (song_id, album_id, name, duration_seconds, bpm, track_number) VALUES (4243, 563, 'Style hold', 174, 141, 6);
INSERT INTO album (album_id, artist_id, title, release_year, created_at) VALUES (564, 299, 'Organized discrete product', 1984, NOW());
INSERT INTO song (song_id, album_id, name, duration_seconds, bpm, track_number) VALUES (4244, 564, 'Conference always', 308, 69, 1);
INSERT INTO song (song_id, album_id, name, duration_seconds, bpm, track_number) VALUES (4245, 564, 'Protect situation', 134, 166, 2);
INSERT INTO song (song_id, album_id, name, duration_seconds, bpm, track_number) VALUES (4246, 564, 'Speech', 272, 124, 3);
INSERT INTO song (song_id, album_id, name, duration_seconds, bpm, track_number) VALUES (4247, 564, 'Term easy', 234, 179, 4);
INSERT INTO song (song_id, album_id, name, duration_seconds, bpm, track_number) VALUES (4248, 564, 'Parent you per', 153, 94, 5);
INSERT INTO song (song_id, album_id, name, duration_seconds, bpm, track_number) VALUES (4249, 564, 'Cell second night possible win', 297, 145, 6);
INSERT INTO song (song_id, album_id, name, duration_seconds, bpm, track_number) VALUES (4250, 564, 'Hit', 285, 113, 7);
INSERT INTO song (song_id, album_id, name, duration_seconds, bpm, track_number) VALUES (4251, 564, 'Main visit north structure', 165, 122, 8);
INSERT INTO song (song_id, album_id, name, duration_seconds, bpm, track_number) VALUES (4252, 564, 'Successful', 332, 146, 9);
INSERT INTO album (album_id, artist_id, title, release_year, created_at) VALUES (565, 300, 'Customer-focused uniform attitude', 2009, NOW());
INSERT INTO song (song_id, album_id, name, duration_seconds, bpm, track_number) VALUES (4253, 565, 'While pressure Mr', 446, 155, 1);
INSERT INTO song (song_id, album_id, name, duration_seconds, bpm, track_number) VALUES (4254, 565, 'Sense conference', 378, 112, 2);
INSERT INTO song (song_id, album_id, name, duration_seconds, bpm, track_number) VALUES (4255, 565, 'Popular', 295, 136, 3);
INSERT INTO song (song_id, album_id, name, duration_seconds, bpm, track_number) VALUES (4256, 565, 'Sort raise ready statement', 449, 82, 4);
INSERT INTO song (song_id, album_id, name, duration_seconds, bpm, track_number) VALUES (4257, 565, 'Bed', 213, 99, 5);
INSERT INTO song (song_id, album_id, name, duration_seconds, bpm, track_number) VALUES (4258, 565, 'Couple rather difficult common', 300, 86, 6);
INSERT INTO song (song_id, album_id, name, duration_seconds, bpm, track_number) VALUES (4259, 565, 'Parent without', 123, 170, 7);
INSERT INTO song (song_id, album_id, name, duration_seconds, bpm, track_number) VALUES (4260, 565, 'Color', 384, 131, 8);
INSERT INTO song (song_id, album_id, name, duration_seconds, bpm, track_number) VALUES (4261, 565, 'Involve tree soldier skill religious', 450, 149, 9);
INSERT INTO album (album_id, artist_id, title, release_year, created_at) VALUES (566, 301, 'Fundamental contextually-based contingency', 1997, NOW());
INSERT INTO song (song_id, album_id, name, duration_seconds, bpm, track_number) VALUES (4262, 566, 'Over remember', 180, 106, 1);
INSERT INTO song (song_id, album_id, name, duration_seconds, bpm, track_number) VALUES (4263, 566, 'Mean miss', 188, 96, 2);
INSERT INTO song (song_id, album_id, name, duration_seconds, bpm, track_number) VALUES (4264, 566, 'Decide religious half', 223, 62, 3);
INSERT INTO song (song_id, album_id, name, duration_seconds, bpm, track_number) VALUES (4265, 566, 'Exactly market another', 144, 170, 4);
INSERT INTO song (song_id, album_id, name, duration_seconds, bpm, track_number) VALUES (4266, 566, 'Course', 347, 103, 5);
INSERT INTO song (song_id, album_id, name, duration_seconds, bpm, track_number) VALUES (4267, 566, 'Argue often line husband', 227, 174, 6);
INSERT INTO song (song_id, album_id, name, duration_seconds, bpm, track_number) VALUES (4268, 566, 'Generation discover level', 423, 150, 7);
INSERT INTO song (song_id, album_id, name, duration_seconds, bpm, track_number) VALUES (4269, 566, 'Among', 150, 159, 8);
INSERT INTO album (album_id, artist_id, title, release_year, created_at) VALUES (567, 302, 'Customer-focused secondary adapter', 1980, NOW());
INSERT INTO song (song_id, album_id, name, duration_seconds, bpm, track_number) VALUES (4270, 567, 'Big interest', 411, 96, 1);
INSERT INTO song (song_id, album_id, name, duration_seconds, bpm, track_number) VALUES (4271, 567, 'Never evidence', 361, 78, 2);
INSERT INTO song (song_id, album_id, name, duration_seconds, bpm, track_number) VALUES (4272, 567, 'Off worry product', 315, 122, 3);
INSERT INTO song (song_id, album_id, name, duration_seconds, bpm, track_number) VALUES (4273, 567, 'Community', 264, 166, 4);
INSERT INTO song (song_id, album_id, name, duration_seconds, bpm, track_number) VALUES (4274, 567, 'Food', 243, 145, 5);
INSERT INTO song (song_id, album_id, name, duration_seconds, bpm, track_number) VALUES (4275, 567, 'Turn something worker down', 151, 180, 6);
INSERT INTO song (song_id, album_id, name, duration_seconds, bpm, track_number) VALUES (4276, 567, 'Tonight', 437, 107, 7);
INSERT INTO song (song_id, album_id, name, duration_seconds, bpm, track_number) VALUES (4277, 567, 'Style role front', 431, 167, 8);
INSERT INTO song (song_id, album_id, name, duration_seconds, bpm, track_number) VALUES (4278, 567, 'Yeah value', 155, 136, 9);
INSERT INTO album (album_id, artist_id, title, release_year, created_at) VALUES (568, 303, 'Progressive exuding superstructure', 2019, NOW());
INSERT INTO song (song_id, album_id, name, duration_seconds, bpm, track_number) VALUES (4279, 568, 'Answer my', 238, 141, 1);
INSERT INTO song (song_id, album_id, name, duration_seconds, bpm, track_number) VALUES (4280, 568, 'Attention through partner', 194, 172, 2);
INSERT INTO song (song_id, album_id, name, duration_seconds, bpm, track_number) VALUES (4281, 568, 'Ago specific next', 305, 142, 3);
INSERT INTO song (song_id, album_id, name, duration_seconds, bpm, track_number) VALUES (4282, 568, 'Then heart question', 331, 174, 4);
INSERT INTO song (song_id, album_id, name, duration_seconds, bpm, track_number) VALUES (4283, 568, 'Result', 310, 174, 5);
INSERT INTO song (song_id, album_id, name, duration_seconds, bpm, track_number) VALUES (4284, 568, 'Music challenge agent less', 298, 78, 6);
INSERT INTO album (album_id, artist_id, title, release_year, created_at) VALUES (569, 304, 'Inverse value-added website', 2021, NOW());
INSERT INTO song (song_id, album_id, name, duration_seconds, bpm, track_number) VALUES (4285, 569, 'Through later', 438, 147, 1);
INSERT INTO song (song_id, album_id, name, duration_seconds, bpm, track_number) VALUES (4286, 569, 'Church', 412, 143, 2);
INSERT INTO song (song_id, album_id, name, duration_seconds, bpm, track_number) VALUES (4287, 569, 'Break', 330, 66, 3);
INSERT INTO song (song_id, album_id, name, duration_seconds, bpm, track_number) VALUES (4288, 569, 'Image computer', 461, 66, 4);
INSERT INTO song (song_id, album_id, name, duration_seconds, bpm, track_number) VALUES (4289, 569, 'Probably argue media', 404, 177, 5);
INSERT INTO song (song_id, album_id, name, duration_seconds, bpm, track_number) VALUES (4290, 569, 'Either professional while sing', 181, 157, 6);
INSERT INTO song (song_id, album_id, name, duration_seconds, bpm, track_number) VALUES (4291, 569, 'Drive', 198, 156, 7);
INSERT INTO song (song_id, album_id, name, duration_seconds, bpm, track_number) VALUES (4292, 569, 'Action office drug', 416, 79, 8);
INSERT INTO album (album_id, artist_id, title, release_year, created_at) VALUES (570, 305, 'Multi-tiered well-modulated access', 2012, NOW());
INSERT INTO song (song_id, album_id, name, duration_seconds, bpm, track_number) VALUES (4293, 570, 'Activity', 466, 146, 1);
INSERT INTO song (song_id, album_id, name, duration_seconds, bpm, track_number) VALUES (4294, 570, 'Economic', 194, 67, 2);
INSERT INTO song (song_id, album_id, name, duration_seconds, bpm, track_number) VALUES (4295, 570, 'Interview', 145, 138, 3);
INSERT INTO song (song_id, album_id, name, duration_seconds, bpm, track_number) VALUES (4296, 570, 'Safe court', 383, 157, 4);
INSERT INTO song (song_id, album_id, name, duration_seconds, bpm, track_number) VALUES (4297, 570, 'Finish', 334, 146, 5);
INSERT INTO song (song_id, album_id, name, duration_seconds, bpm, track_number) VALUES (4298, 570, 'Purpose back', 293, 159, 6);
INSERT INTO album (album_id, artist_id, title, release_year, created_at) VALUES (571, 305, 'Multi-layered needs-based open architecture', 2004, NOW());
INSERT INTO song (song_id, album_id, name, duration_seconds, bpm, track_number) VALUES (4299, 571, 'Yourself upon', 335, 67, 1);
INSERT INTO song (song_id, album_id, name, duration_seconds, bpm, track_number) VALUES (4300, 571, 'Speech hear', 168, 102, 2);
INSERT INTO song (song_id, album_id, name, duration_seconds, bpm, track_number) VALUES (4301, 571, 'Often course', 139, 162, 3);
INSERT INTO song (song_id, album_id, name, duration_seconds, bpm, track_number) VALUES (4302, 571, 'It six', 438, 157, 4);
INSERT INTO song (song_id, album_id, name, duration_seconds, bpm, track_number) VALUES (4303, 571, 'Than', 423, 151, 5);
INSERT INTO song (song_id, album_id, name, duration_seconds, bpm, track_number) VALUES (4304, 571, 'Ever at', 301, 77, 6);
INSERT INTO album (album_id, artist_id, title, release_year, created_at) VALUES (572, 305, 'Pre-emptive neutral paradigm', 1998, NOW());
INSERT INTO song (song_id, album_id, name, duration_seconds, bpm, track_number) VALUES (4305, 572, 'Arm manager and still', 279, 77, 1);
INSERT INTO song (song_id, album_id, name, duration_seconds, bpm, track_number) VALUES (4306, 572, 'Black sell', 128, 164, 2);
INSERT INTO song (song_id, album_id, name, duration_seconds, bpm, track_number) VALUES (4307, 572, 'Instead fact kid claim', 164, 80, 3);
INSERT INTO song (song_id, album_id, name, duration_seconds, bpm, track_number) VALUES (4308, 572, 'Sure keep', 349, 66, 4);
INSERT INTO song (song_id, album_id, name, duration_seconds, bpm, track_number) VALUES (4309, 572, 'Will reach', 358, 165, 5);
INSERT INTO song (song_id, album_id, name, duration_seconds, bpm, track_number) VALUES (4310, 572, 'Movement discuss inside four', 312, 180, 6);
INSERT INTO song (song_id, album_id, name, duration_seconds, bpm, track_number) VALUES (4311, 572, 'Begin', 255, 69, 7);
INSERT INTO album (album_id, artist_id, title, release_year, created_at) VALUES (573, 306, 'User-friendly system-worthy instruction set', 1983, NOW());
INSERT INTO song (song_id, album_id, name, duration_seconds, bpm, track_number) VALUES (4312, 573, 'Ground', 399, 166, 1);
INSERT INTO song (song_id, album_id, name, duration_seconds, bpm, track_number) VALUES (4313, 573, 'Minute year support', 237, 173, 2);
INSERT INTO song (song_id, album_id, name, duration_seconds, bpm, track_number) VALUES (4314, 573, 'Party suddenly', 270, 96, 3);
INSERT INTO song (song_id, album_id, name, duration_seconds, bpm, track_number) VALUES (4315, 573, 'Event position', 346, 75, 4);
INSERT INTO song (song_id, album_id, name, duration_seconds, bpm, track_number) VALUES (4316, 573, 'Return', 343, 75, 5);
INSERT INTO song (song_id, album_id, name, duration_seconds, bpm, track_number) VALUES (4317, 573, 'Say great case never', 262, 96, 6);
INSERT INTO song (song_id, album_id, name, duration_seconds, bpm, track_number) VALUES (4318, 573, 'Customer actually', 128, 68, 7);
INSERT INTO song (song_id, album_id, name, duration_seconds, bpm, track_number) VALUES (4319, 573, 'Real specific', 368, 154, 8);
INSERT INTO song (song_id, album_id, name, duration_seconds, bpm, track_number) VALUES (4320, 573, 'Material and', 449, 146, 9);
INSERT INTO album (album_id, artist_id, title, release_year, created_at) VALUES (574, 306, 'Enhanced next generation core', 1974, NOW());
INSERT INTO song (song_id, album_id, name, duration_seconds, bpm, track_number) VALUES (4321, 574, 'Amount', 306, 80, 1);
INSERT INTO song (song_id, album_id, name, duration_seconds, bpm, track_number) VALUES (4322, 574, 'Determine', 237, 91, 2);
INSERT INTO song (song_id, album_id, name, duration_seconds, bpm, track_number) VALUES (4323, 574, 'Sister military', 129, 169, 3);
INSERT INTO song (song_id, album_id, name, duration_seconds, bpm, track_number) VALUES (4324, 574, 'Especially', 205, 133, 4);
INSERT INTO song (song_id, album_id, name, duration_seconds, bpm, track_number) VALUES (4325, 574, 'Life many indeed paper police', 186, 95, 5);
INSERT INTO song (song_id, album_id, name, duration_seconds, bpm, track_number) VALUES (4326, 574, 'Including author', 444, 92, 6);
INSERT INTO song (song_id, album_id, name, duration_seconds, bpm, track_number) VALUES (4327, 574, 'Audience', 456, 112, 7);
INSERT INTO song (song_id, album_id, name, duration_seconds, bpm, track_number) VALUES (4328, 574, 'Out education', 241, 168, 8);
INSERT INTO song (song_id, album_id, name, duration_seconds, bpm, track_number) VALUES (4329, 574, 'Film tax thus your', 126, 80, 9);
INSERT INTO album (album_id, artist_id, title, release_year, created_at) VALUES (575, 307, 'Inverse mobile moderator', 1995, NOW());
INSERT INTO song (song_id, album_id, name, duration_seconds, bpm, track_number) VALUES (4330, 575, 'There', 416, 171, 1);
INSERT INTO song (song_id, album_id, name, duration_seconds, bpm, track_number) VALUES (4331, 575, 'Song often against avoid', 443, 65, 2);
INSERT INTO song (song_id, album_id, name, duration_seconds, bpm, track_number) VALUES (4332, 575, 'Practice hospital son week', 306, 166, 3);
INSERT INTO song (song_id, album_id, name, duration_seconds, bpm, track_number) VALUES (4333, 575, 'Election', 130, 108, 4);
INSERT INTO song (song_id, album_id, name, duration_seconds, bpm, track_number) VALUES (4334, 575, 'Call gun', 475, 122, 5);
INSERT INTO song (song_id, album_id, name, duration_seconds, bpm, track_number) VALUES (4335, 575, 'Place', 331, 180, 6);
INSERT INTO album (album_id, artist_id, title, release_year, created_at) VALUES (576, 307, 'Managed high-level migration', 1992, NOW());
INSERT INTO song (song_id, album_id, name, duration_seconds, bpm, track_number) VALUES (4336, 576, 'Southern', 418, 127, 1);
INSERT INTO song (song_id, album_id, name, duration_seconds, bpm, track_number) VALUES (4337, 576, 'Artist white', 201, 166, 2);
INSERT INTO song (song_id, album_id, name, duration_seconds, bpm, track_number) VALUES (4338, 576, 'Specific develop', 200, 152, 3);
INSERT INTO song (song_id, album_id, name, duration_seconds, bpm, track_number) VALUES (4339, 576, 'Republican always', 191, 159, 4);
INSERT INTO song (song_id, album_id, name, duration_seconds, bpm, track_number) VALUES (4340, 576, 'Condition something now behavior sister', 351, 79, 5);
INSERT INTO song (song_id, album_id, name, duration_seconds, bpm, track_number) VALUES (4341, 576, 'Home yet tend establish instead', 356, 165, 6);
INSERT INTO song (song_id, album_id, name, duration_seconds, bpm, track_number) VALUES (4342, 576, 'Statement factor break action', 220, 149, 7);
INSERT INTO song (song_id, album_id, name, duration_seconds, bpm, track_number) VALUES (4343, 576, 'Great agent should', 472, 150, 8);
INSERT INTO song (song_id, album_id, name, duration_seconds, bpm, track_number) VALUES (4344, 576, 'Poor', 219, 179, 9);
INSERT INTO song (song_id, album_id, name, duration_seconds, bpm, track_number) VALUES (4345, 576, 'Type', 216, 139, 10);
INSERT INTO album (album_id, artist_id, title, release_year, created_at) VALUES (577, 308, 'Programmable client-driven analyzer', 2005, NOW());
INSERT INTO song (song_id, album_id, name, duration_seconds, bpm, track_number) VALUES (4346, 577, 'Data itself', 366, 79, 1);
INSERT INTO song (song_id, album_id, name, duration_seconds, bpm, track_number) VALUES (4347, 577, 'Six lot', 435, 98, 2);
INSERT INTO song (song_id, album_id, name, duration_seconds, bpm, track_number) VALUES (4348, 577, 'Commercial', 269, 135, 3);
INSERT INTO song (song_id, album_id, name, duration_seconds, bpm, track_number) VALUES (4349, 577, 'Fund consumer', 371, 102, 4);
INSERT INTO song (song_id, album_id, name, duration_seconds, bpm, track_number) VALUES (4350, 577, 'Piece military', 175, 99, 5);
INSERT INTO album (album_id, artist_id, title, release_year, created_at) VALUES (578, 308, 'Right-sized 24/7 moderator', 1988, NOW());
INSERT INTO song (song_id, album_id, name, duration_seconds, bpm, track_number) VALUES (4351, 578, 'Film dinner', 476, 160, 1);
INSERT INTO song (song_id, album_id, name, duration_seconds, bpm, track_number) VALUES (4352, 578, 'In', 186, 139, 2);
INSERT INTO song (song_id, album_id, name, duration_seconds, bpm, track_number) VALUES (4353, 578, 'Poor decide federal', 432, 115, 3);
INSERT INTO song (song_id, album_id, name, duration_seconds, bpm, track_number) VALUES (4354, 578, 'Let', 143, 72, 4);
INSERT INTO song (song_id, album_id, name, duration_seconds, bpm, track_number) VALUES (4355, 578, 'Wind', 165, 122, 5);
INSERT INTO song (song_id, album_id, name, duration_seconds, bpm, track_number) VALUES (4356, 578, 'Property media', 393, 79, 6);
INSERT INTO song (song_id, album_id, name, duration_seconds, bpm, track_number) VALUES (4357, 578, 'Letter seat', 443, 103, 7);
INSERT INTO song (song_id, album_id, name, duration_seconds, bpm, track_number) VALUES (4358, 578, 'Lawyer message true whom', 173, 106, 8);
INSERT INTO song (song_id, album_id, name, duration_seconds, bpm, track_number) VALUES (4359, 578, 'Popular', 274, 151, 9);
INSERT INTO song (song_id, album_id, name, duration_seconds, bpm, track_number) VALUES (4360, 578, 'Rock himself executive thank', 300, 73, 10);
INSERT INTO album (album_id, artist_id, title, release_year, created_at) VALUES (579, 309, 'Diverse national toolset', 1999, NOW());
INSERT INTO song (song_id, album_id, name, duration_seconds, bpm, track_number) VALUES (4361, 579, 'Happy', 399, 76, 1);
INSERT INTO song (song_id, album_id, name, duration_seconds, bpm, track_number) VALUES (4362, 579, 'Beyond anything', 377, 125, 2);
INSERT INTO song (song_id, album_id, name, duration_seconds, bpm, track_number) VALUES (4363, 579, 'Price', 434, 127, 3);
INSERT INTO song (song_id, album_id, name, duration_seconds, bpm, track_number) VALUES (4364, 579, 'As here town', 342, 82, 4);
INSERT INTO song (song_id, album_id, name, duration_seconds, bpm, track_number) VALUES (4365, 579, 'Glass involve you subject', 393, 105, 5);
INSERT INTO song (song_id, album_id, name, duration_seconds, bpm, track_number) VALUES (4366, 579, 'Listen ever own catch', 285, 174, 6);
INSERT INTO song (song_id, album_id, name, duration_seconds, bpm, track_number) VALUES (4367, 579, 'Oil', 230, 66, 7);
INSERT INTO song (song_id, album_id, name, duration_seconds, bpm, track_number) VALUES (4368, 579, 'Need him station magazine', 335, 95, 8);
INSERT INTO song (song_id, album_id, name, duration_seconds, bpm, track_number) VALUES (4369, 579, 'Positive', 448, 177, 9);
INSERT INTO song (song_id, album_id, name, duration_seconds, bpm, track_number) VALUES (4370, 579, 'Director', 348, 91, 10);
INSERT INTO album (album_id, artist_id, title, release_year, created_at) VALUES (580, 309, 'Balanced disintermediate synergy', 1989, NOW());
INSERT INTO song (song_id, album_id, name, duration_seconds, bpm, track_number) VALUES (4371, 580, 'Agreement light politics poor information', 471, 112, 1);
INSERT INTO song (song_id, album_id, name, duration_seconds, bpm, track_number) VALUES (4372, 580, 'Matter', 418, 99, 2);
INSERT INTO song (song_id, album_id, name, duration_seconds, bpm, track_number) VALUES (4373, 580, 'Oil book', 194, 90, 3);
INSERT INTO song (song_id, album_id, name, duration_seconds, bpm, track_number) VALUES (4374, 580, 'Couple great within risk why', 355, 132, 4);
INSERT INTO song (song_id, album_id, name, duration_seconds, bpm, track_number) VALUES (4375, 580, 'Move smile so', 294, 88, 5);
INSERT INTO song (song_id, album_id, name, duration_seconds, bpm, track_number) VALUES (4376, 580, 'Without', 478, 91, 6);
INSERT INTO album (album_id, artist_id, title, release_year, created_at) VALUES (581, 309, 'De-engineered multi-state structure', 2020, NOW());
INSERT INTO song (song_id, album_id, name, duration_seconds, bpm, track_number) VALUES (4377, 581, 'Build', 304, 135, 1);
INSERT INTO song (song_id, album_id, name, duration_seconds, bpm, track_number) VALUES (4378, 581, 'Organization', 228, 60, 2);
INSERT INTO song (song_id, album_id, name, duration_seconds, bpm, track_number) VALUES (4379, 581, 'Eat entire', 283, 173, 3);
INSERT INTO song (song_id, album_id, name, duration_seconds, bpm, track_number) VALUES (4380, 581, 'Everybody team', 322, 140, 4);
INSERT INTO song (song_id, album_id, name, duration_seconds, bpm, track_number) VALUES (4381, 581, 'From risk', 428, 96, 5);
INSERT INTO song (song_id, album_id, name, duration_seconds, bpm, track_number) VALUES (4382, 581, 'Might subject plan those', 459, 94, 6);
INSERT INTO song (song_id, album_id, name, duration_seconds, bpm, track_number) VALUES (4383, 581, 'Put', 176, 163, 7);
INSERT INTO song (song_id, album_id, name, duration_seconds, bpm, track_number) VALUES (4384, 581, 'Claim imagine', 281, 153, 8);
INSERT INTO album (album_id, artist_id, title, release_year, created_at) VALUES (582, 310, 'Robust interactive access', 2020, NOW());
INSERT INTO song (song_id, album_id, name, duration_seconds, bpm, track_number) VALUES (4385, 582, 'Life', 446, 136, 1);
INSERT INTO song (song_id, album_id, name, duration_seconds, bpm, track_number) VALUES (4386, 582, 'Eight leave', 149, 106, 2);
INSERT INTO song (song_id, album_id, name, duration_seconds, bpm, track_number) VALUES (4387, 582, 'Performance space mother loss', 241, 88, 3);
INSERT INTO song (song_id, album_id, name, duration_seconds, bpm, track_number) VALUES (4388, 582, 'Project', 286, 96, 4);
INSERT INTO song (song_id, album_id, name, duration_seconds, bpm, track_number) VALUES (4389, 582, 'Develop activity measure', 450, 178, 5);
INSERT INTO song (song_id, album_id, name, duration_seconds, bpm, track_number) VALUES (4390, 582, 'Draw only compare', 458, 114, 6);
INSERT INTO song (song_id, album_id, name, duration_seconds, bpm, track_number) VALUES (4391, 582, 'Modern', 449, 119, 7);
INSERT INTO song (song_id, album_id, name, duration_seconds, bpm, track_number) VALUES (4392, 582, 'Building already despite', 353, 131, 8);
INSERT INTO song (song_id, album_id, name, duration_seconds, bpm, track_number) VALUES (4393, 582, 'Out', 473, 78, 9);
INSERT INTO album (album_id, artist_id, title, release_year, created_at) VALUES (583, 310, 'Grass-roots stable data-warehouse', 1982, NOW());
INSERT INTO song (song_id, album_id, name, duration_seconds, bpm, track_number) VALUES (4394, 583, 'Billion front none', 365, 85, 1);
INSERT INTO song (song_id, album_id, name, duration_seconds, bpm, track_number) VALUES (4395, 583, 'Executive beautiful conference decide', 443, 136, 2);
INSERT INTO song (song_id, album_id, name, duration_seconds, bpm, track_number) VALUES (4396, 583, 'Agency simple which', 273, 163, 3);
INSERT INTO song (song_id, album_id, name, duration_seconds, bpm, track_number) VALUES (4397, 583, 'Drive', 259, 173, 4);
INSERT INTO song (song_id, album_id, name, duration_seconds, bpm, track_number) VALUES (4398, 583, 'Among', 182, 79, 5);
INSERT INTO album (album_id, artist_id, title, release_year, created_at) VALUES (584, 311, 'User-centric background matrices', 1973, NOW());
INSERT INTO song (song_id, album_id, name, duration_seconds, bpm, track_number) VALUES (4399, 584, 'Learn', 278, 68, 1);
INSERT INTO song (song_id, album_id, name, duration_seconds, bpm, track_number) VALUES (4400, 584, 'Present economic', 122, 148, 2);
INSERT INTO song (song_id, album_id, name, duration_seconds, bpm, track_number) VALUES (4401, 584, 'Man wait', 430, 171, 3);
INSERT INTO song (song_id, album_id, name, duration_seconds, bpm, track_number) VALUES (4402, 584, 'Political ever have exist', 159, 102, 4);
INSERT INTO song (song_id, album_id, name, duration_seconds, bpm, track_number) VALUES (4403, 584, 'Because officer reason specific', 253, 126, 5);
INSERT INTO song (song_id, album_id, name, duration_seconds, bpm, track_number) VALUES (4404, 584, 'Check animal', 330, 92, 6);
INSERT INTO song (song_id, album_id, name, duration_seconds, bpm, track_number) VALUES (4405, 584, 'Small', 203, 162, 7);
INSERT INTO album (album_id, artist_id, title, release_year, created_at) VALUES (585, 312, 'Customer-focused systemic algorithm', 1988, NOW());
INSERT INTO song (song_id, album_id, name, duration_seconds, bpm, track_number) VALUES (4406, 585, 'Girl', 141, 173, 1);
INSERT INTO song (song_id, album_id, name, duration_seconds, bpm, track_number) VALUES (4407, 585, 'Laugh fast own full western', 466, 111, 2);
INSERT INTO song (song_id, album_id, name, duration_seconds, bpm, track_number) VALUES (4408, 585, 'Wonder', 206, 61, 3);
INSERT INTO song (song_id, album_id, name, duration_seconds, bpm, track_number) VALUES (4409, 585, 'Son act way', 159, 138, 4);
INSERT INTO song (song_id, album_id, name, duration_seconds, bpm, track_number) VALUES (4410, 585, 'Success bring voice seven', 455, 134, 5);
INSERT INTO song (song_id, album_id, name, duration_seconds, bpm, track_number) VALUES (4411, 585, 'Fire big radio', 238, 77, 6);
INSERT INTO song (song_id, album_id, name, duration_seconds, bpm, track_number) VALUES (4412, 585, 'Level region', 448, 72, 7);
INSERT INTO album (album_id, artist_id, title, release_year, created_at) VALUES (586, 312, 'Cloned homogeneous collaboration', 1979, NOW());
INSERT INTO song (song_id, album_id, name, duration_seconds, bpm, track_number) VALUES (4413, 586, 'Story special generation', 166, 155, 1);
INSERT INTO song (song_id, album_id, name, duration_seconds, bpm, track_number) VALUES (4414, 586, 'Discover quickly just collection', 177, 110, 2);
INSERT INTO song (song_id, album_id, name, duration_seconds, bpm, track_number) VALUES (4415, 586, 'Sign summer', 445, 97, 3);
INSERT INTO song (song_id, album_id, name, duration_seconds, bpm, track_number) VALUES (4416, 586, 'Process bill image', 265, 132, 4);
INSERT INTO song (song_id, album_id, name, duration_seconds, bpm, track_number) VALUES (4417, 586, 'Degree civil only', 466, 142, 5);
INSERT INTO song (song_id, album_id, name, duration_seconds, bpm, track_number) VALUES (4418, 586, 'Card', 307, 76, 6);
INSERT INTO song (song_id, album_id, name, duration_seconds, bpm, track_number) VALUES (4419, 586, 'Authority sing short', 277, 150, 7);
INSERT INTO song (song_id, album_id, name, duration_seconds, bpm, track_number) VALUES (4420, 586, 'Remember', 429, 154, 8);
INSERT INTO song (song_id, album_id, name, duration_seconds, bpm, track_number) VALUES (4421, 586, 'Class', 454, 137, 9);
INSERT INTO song (song_id, album_id, name, duration_seconds, bpm, track_number) VALUES (4422, 586, 'Republican moment scene', 393, 71, 10);
INSERT INTO album (album_id, artist_id, title, release_year, created_at) VALUES (587, 313, 'Public-key context-sensitive pricing structure', 1997, NOW());
INSERT INTO song (song_id, album_id, name, duration_seconds, bpm, track_number) VALUES (4423, 587, 'This', 351, 133, 1);
INSERT INTO song (song_id, album_id, name, duration_seconds, bpm, track_number) VALUES (4424, 587, 'Care should outside them should', 354, 169, 2);
INSERT INTO song (song_id, album_id, name, duration_seconds, bpm, track_number) VALUES (4425, 587, 'Before', 238, 91, 3);
INSERT INTO song (song_id, album_id, name, duration_seconds, bpm, track_number) VALUES (4426, 587, 'Executive true', 420, 152, 4);
INSERT INTO song (song_id, album_id, name, duration_seconds, bpm, track_number) VALUES (4427, 587, 'Former population those data Mr', 327, 162, 5);
INSERT INTO album (album_id, artist_id, title, release_year, created_at) VALUES (588, 313, 'Ameliorated fresh-thinking standardization', 2014, NOW());
INSERT INTO song (song_id, album_id, name, duration_seconds, bpm, track_number) VALUES (4428, 588, 'Everything around', 424, 104, 1);
INSERT INTO song (song_id, album_id, name, duration_seconds, bpm, track_number) VALUES (4429, 588, 'Major', 319, 66, 2);
INSERT INTO song (song_id, album_id, name, duration_seconds, bpm, track_number) VALUES (4430, 588, 'High', 186, 73, 3);
INSERT INTO song (song_id, album_id, name, duration_seconds, bpm, track_number) VALUES (4431, 588, 'Over true', 373, 88, 4);
INSERT INTO song (song_id, album_id, name, duration_seconds, bpm, track_number) VALUES (4432, 588, 'Short much party', 196, 91, 5);
INSERT INTO album (album_id, artist_id, title, release_year, created_at) VALUES (589, 314, 'Automated coherent policy', 1996, NOW());
INSERT INTO song (song_id, album_id, name, duration_seconds, bpm, track_number) VALUES (4433, 589, 'Write', 307, 117, 1);
INSERT INTO song (song_id, album_id, name, duration_seconds, bpm, track_number) VALUES (4434, 589, 'Style model none spring administration', 222, 136, 2);
INSERT INTO song (song_id, album_id, name, duration_seconds, bpm, track_number) VALUES (4435, 589, 'Situation', 349, 91, 3);
INSERT INTO song (song_id, album_id, name, duration_seconds, bpm, track_number) VALUES (4436, 589, 'Health job', 389, 71, 4);
INSERT INTO song (song_id, album_id, name, duration_seconds, bpm, track_number) VALUES (4437, 589, 'Project', 405, 60, 5);
INSERT INTO song (song_id, album_id, name, duration_seconds, bpm, track_number) VALUES (4438, 589, 'Set song', 196, 140, 6);
INSERT INTO song (song_id, album_id, name, duration_seconds, bpm, track_number) VALUES (4439, 589, 'Stock our good', 308, 126, 7);
INSERT INTO song (song_id, album_id, name, duration_seconds, bpm, track_number) VALUES (4440, 589, 'War', 471, 167, 8);
INSERT INTO song (song_id, album_id, name, duration_seconds, bpm, track_number) VALUES (4441, 589, 'Entire', 199, 172, 9);
INSERT INTO album (album_id, artist_id, title, release_year, created_at) VALUES (590, 315, 'Progressive static architecture', 2022, NOW());
INSERT INTO song (song_id, album_id, name, duration_seconds, bpm, track_number) VALUES (4442, 590, 'Song consider foot', 466, 104, 1);
INSERT INTO song (song_id, album_id, name, duration_seconds, bpm, track_number) VALUES (4443, 590, 'Range', 386, 172, 2);
INSERT INTO song (song_id, album_id, name, duration_seconds, bpm, track_number) VALUES (4444, 590, 'Traditional', 154, 108, 3);
INSERT INTO song (song_id, album_id, name, duration_seconds, bpm, track_number) VALUES (4445, 590, 'Thousand', 194, 121, 4);
INSERT INTO song (song_id, album_id, name, duration_seconds, bpm, track_number) VALUES (4446, 590, 'Card different', 232, 122, 5);
INSERT INTO song (song_id, album_id, name, duration_seconds, bpm, track_number) VALUES (4447, 590, 'Recent', 181, 134, 6);
INSERT INTO song (song_id, album_id, name, duration_seconds, bpm, track_number) VALUES (4448, 590, 'Certain from', 226, 132, 7);
INSERT INTO song (song_id, album_id, name, duration_seconds, bpm, track_number) VALUES (4449, 590, 'Reduce dog', 428, 177, 8);
INSERT INTO song (song_id, album_id, name, duration_seconds, bpm, track_number) VALUES (4450, 590, 'Level employee', 254, 95, 9);
INSERT INTO song (song_id, album_id, name, duration_seconds, bpm, track_number) VALUES (4451, 590, 'Keep experience message', 162, 156, 10);
INSERT INTO album (album_id, artist_id, title, release_year, created_at) VALUES (591, 315, 'Decentralized exuding knowledge user', 2019, NOW());
INSERT INTO song (song_id, album_id, name, duration_seconds, bpm, track_number) VALUES (4452, 591, 'Bad leave', 410, 68, 1);
INSERT INTO song (song_id, album_id, name, duration_seconds, bpm, track_number) VALUES (4453, 591, 'Attorney public they', 350, 132, 2);
INSERT INTO song (song_id, album_id, name, duration_seconds, bpm, track_number) VALUES (4454, 591, 'Nearly investment article', 163, 131, 3);
INSERT INTO song (song_id, album_id, name, duration_seconds, bpm, track_number) VALUES (4455, 591, 'Onto thus hard message night', 291, 142, 4);
INSERT INTO song (song_id, album_id, name, duration_seconds, bpm, track_number) VALUES (4456, 591, 'Walk foreign', 309, 107, 5);
INSERT INTO song (song_id, album_id, name, duration_seconds, bpm, track_number) VALUES (4457, 591, 'We turn', 345, 91, 6);
INSERT INTO song (song_id, album_id, name, duration_seconds, bpm, track_number) VALUES (4458, 591, 'Nearly', 293, 144, 7);
INSERT INTO song (song_id, album_id, name, duration_seconds, bpm, track_number) VALUES (4459, 591, 'Race', 349, 77, 8);
INSERT INTO album (album_id, artist_id, title, release_year, created_at) VALUES (592, 316, 'Persevering mobile installation', 2011, NOW());
INSERT INTO song (song_id, album_id, name, duration_seconds, bpm, track_number) VALUES (4460, 592, 'Often', 277, 88, 1);
INSERT INTO song (song_id, album_id, name, duration_seconds, bpm, track_number) VALUES (4461, 592, 'Face', 476, 84, 2);
INSERT INTO song (song_id, album_id, name, duration_seconds, bpm, track_number) VALUES (4462, 592, 'Specific', 122, 62, 3);
INSERT INTO song (song_id, album_id, name, duration_seconds, bpm, track_number) VALUES (4463, 592, 'Woman also', 167, 114, 4);
INSERT INTO song (song_id, album_id, name, duration_seconds, bpm, track_number) VALUES (4464, 592, 'Site front', 428, 170, 5);
INSERT INTO song (song_id, album_id, name, duration_seconds, bpm, track_number) VALUES (4465, 592, 'Law contain wish', 136, 142, 6);
INSERT INTO song (song_id, album_id, name, duration_seconds, bpm, track_number) VALUES (4466, 592, 'Old', 210, 124, 7);
INSERT INTO album (album_id, artist_id, title, release_year, created_at) VALUES (593, 316, 'Down-sized executive initiative', 1988, NOW());
INSERT INTO song (song_id, album_id, name, duration_seconds, bpm, track_number) VALUES (4467, 593, 'There', 178, 67, 1);
INSERT INTO song (song_id, album_id, name, duration_seconds, bpm, track_number) VALUES (4468, 593, 'Computer visit', 443, 98, 2);
INSERT INTO song (song_id, album_id, name, duration_seconds, bpm, track_number) VALUES (4469, 593, 'East', 314, 145, 3);
INSERT INTO song (song_id, album_id, name, duration_seconds, bpm, track_number) VALUES (4470, 593, 'Drive herself', 141, 81, 4);
INSERT INTO song (song_id, album_id, name, duration_seconds, bpm, track_number) VALUES (4471, 593, 'Against', 317, 160, 5);
INSERT INTO song (song_id, album_id, name, duration_seconds, bpm, track_number) VALUES (4472, 593, 'Must wide', 315, 139, 6);
INSERT INTO song (song_id, album_id, name, duration_seconds, bpm, track_number) VALUES (4473, 593, 'Eight far', 134, 86, 7);
INSERT INTO song (song_id, album_id, name, duration_seconds, bpm, track_number) VALUES (4474, 593, 'Worker five can', 408, 144, 8);
INSERT INTO album (album_id, artist_id, title, release_year, created_at) VALUES (594, 316, 'Multi-channeled motivating strategy', 1987, NOW());
INSERT INTO song (song_id, album_id, name, duration_seconds, bpm, track_number) VALUES (4475, 594, 'Fund', 211, 139, 1);
INSERT INTO song (song_id, album_id, name, duration_seconds, bpm, track_number) VALUES (4476, 594, 'Community matter whatever', 468, 69, 2);
INSERT INTO song (song_id, album_id, name, duration_seconds, bpm, track_number) VALUES (4477, 594, 'Serve rich', 379, 70, 3);
INSERT INTO song (song_id, album_id, name, duration_seconds, bpm, track_number) VALUES (4478, 594, 'Avoid at', 254, 175, 4);
INSERT INTO song (song_id, album_id, name, duration_seconds, bpm, track_number) VALUES (4479, 594, 'Tax', 143, 130, 5);
INSERT INTO song (song_id, album_id, name, duration_seconds, bpm, track_number) VALUES (4480, 594, 'Room practice per', 379, 126, 6);
INSERT INTO song (song_id, album_id, name, duration_seconds, bpm, track_number) VALUES (4481, 594, 'Score military', 465, 82, 7);
INSERT INTO album (album_id, artist_id, title, release_year, created_at) VALUES (595, 317, 'Re-engineered intangible flexibility', 2007, NOW());
INSERT INTO song (song_id, album_id, name, duration_seconds, bpm, track_number) VALUES (4482, 595, 'Bring', 301, 131, 1);
INSERT INTO song (song_id, album_id, name, duration_seconds, bpm, track_number) VALUES (4483, 595, 'Continue reduce land', 238, 82, 2);
INSERT INTO song (song_id, album_id, name, duration_seconds, bpm, track_number) VALUES (4484, 595, 'Across over act road three', 283, 125, 3);
INSERT INTO song (song_id, album_id, name, duration_seconds, bpm, track_number) VALUES (4485, 595, 'Common year above', 148, 103, 4);
INSERT INTO song (song_id, album_id, name, duration_seconds, bpm, track_number) VALUES (4486, 595, 'Particular', 459, 120, 5);
INSERT INTO album (album_id, artist_id, title, release_year, created_at) VALUES (596, 317, 'Customer-focused leadingedge installation', 2001, NOW());
INSERT INTO song (song_id, album_id, name, duration_seconds, bpm, track_number) VALUES (4487, 596, 'Attention four respond effect girl', 403, 97, 1);
INSERT INTO song (song_id, album_id, name, duration_seconds, bpm, track_number) VALUES (4488, 596, 'Positive', 388, 151, 2);
INSERT INTO song (song_id, album_id, name, duration_seconds, bpm, track_number) VALUES (4489, 596, 'Energy', 258, 125, 3);
INSERT INTO song (song_id, album_id, name, duration_seconds, bpm, track_number) VALUES (4490, 596, 'Economy', 185, 132, 4);
INSERT INTO song (song_id, album_id, name, duration_seconds, bpm, track_number) VALUES (4491, 596, 'Cup produce week carry worker', 403, 148, 5);
INSERT INTO song (song_id, album_id, name, duration_seconds, bpm, track_number) VALUES (4492, 596, 'Particular cover', 148, 120, 6);
INSERT INTO song (song_id, album_id, name, duration_seconds, bpm, track_number) VALUES (4493, 596, 'Together street', 459, 135, 7);
INSERT INTO song (song_id, album_id, name, duration_seconds, bpm, track_number) VALUES (4494, 596, 'Day', 258, 70, 8);
INSERT INTO song (song_id, album_id, name, duration_seconds, bpm, track_number) VALUES (4495, 596, 'Around even', 270, 147, 9);
INSERT INTO song (song_id, album_id, name, duration_seconds, bpm, track_number) VALUES (4496, 596, 'Focus', 214, 81, 10);
INSERT INTO album (album_id, artist_id, title, release_year, created_at) VALUES (597, 318, 'Business-focused systemic interface', 1992, NOW());
INSERT INTO song (song_id, album_id, name, duration_seconds, bpm, track_number) VALUES (4497, 597, 'Least', 391, 105, 1);
INSERT INTO song (song_id, album_id, name, duration_seconds, bpm, track_number) VALUES (4498, 597, 'Create', 314, 131, 2);
INSERT INTO song (song_id, album_id, name, duration_seconds, bpm, track_number) VALUES (4499, 597, 'Say pay green', 263, 73, 3);
INSERT INTO song (song_id, album_id, name, duration_seconds, bpm, track_number) VALUES (4500, 597, 'Election risk through', 188, 90, 4);
INSERT INTO song (song_id, album_id, name, duration_seconds, bpm, track_number) VALUES (4501, 597, 'Room sort', 478, 167, 5);
INSERT INTO song (song_id, album_id, name, duration_seconds, bpm, track_number) VALUES (4502, 597, 'Book', 432, 75, 6);
INSERT INTO song (song_id, album_id, name, duration_seconds, bpm, track_number) VALUES (4503, 597, 'Week', 133, 129, 7);
INSERT INTO song (song_id, album_id, name, duration_seconds, bpm, track_number) VALUES (4504, 597, 'Wide', 184, 109, 8);
INSERT INTO song (song_id, album_id, name, duration_seconds, bpm, track_number) VALUES (4505, 597, 'Conference firm down', 440, 109, 9);
INSERT INTO song (song_id, album_id, name, duration_seconds, bpm, track_number) VALUES (4506, 597, 'Professor', 353, 78, 10);
INSERT INTO album (album_id, artist_id, title, release_year, created_at) VALUES (598, 319, 'Optimized attitude-oriented approach', 1995, NOW());
INSERT INTO song (song_id, album_id, name, duration_seconds, bpm, track_number) VALUES (4507, 598, 'Pass', 354, 174, 1);
INSERT INTO song (song_id, album_id, name, duration_seconds, bpm, track_number) VALUES (4508, 598, 'Decide information religious help bit', 163, 99, 2);
INSERT INTO song (song_id, album_id, name, duration_seconds, bpm, track_number) VALUES (4509, 598, 'Investment see far', 125, 87, 3);
INSERT INTO song (song_id, album_id, name, duration_seconds, bpm, track_number) VALUES (4510, 598, 'Direction down every drive with', 325, 116, 4);
INSERT INTO song (song_id, album_id, name, duration_seconds, bpm, track_number) VALUES (4511, 598, 'Event sometimes', 462, 152, 5);
INSERT INTO song (song_id, album_id, name, duration_seconds, bpm, track_number) VALUES (4512, 598, 'Little', 365, 126, 6);
INSERT INTO album (album_id, artist_id, title, release_year, created_at) VALUES (599, 319, 'Organized secondary parallelism', 1988, NOW());
INSERT INTO song (song_id, album_id, name, duration_seconds, bpm, track_number) VALUES (4513, 599, 'People', 325, 100, 1);
INSERT INTO song (song_id, album_id, name, duration_seconds, bpm, track_number) VALUES (4514, 599, 'Themselves', 323, 172, 2);
INSERT INTO song (song_id, album_id, name, duration_seconds, bpm, track_number) VALUES (4515, 599, 'Explain', 426, 155, 3);
INSERT INTO song (song_id, album_id, name, duration_seconds, bpm, track_number) VALUES (4516, 599, 'Space', 393, 153, 4);
INSERT INTO song (song_id, album_id, name, duration_seconds, bpm, track_number) VALUES (4517, 599, 'Loss good', 136, 129, 5);
INSERT INTO song (song_id, album_id, name, duration_seconds, bpm, track_number) VALUES (4518, 599, 'One', 312, 143, 6);
INSERT INTO song (song_id, album_id, name, duration_seconds, bpm, track_number) VALUES (4519, 599, 'Where great hotel', 168, 115, 7);
INSERT INTO album (album_id, artist_id, title, release_year, created_at) VALUES (600, 320, 'Implemented human-resource approach', 2004, NOW());
INSERT INTO song (song_id, album_id, name, duration_seconds, bpm, track_number) VALUES (4520, 600, 'Group here drop', 414, 176, 1);
INSERT INTO song (song_id, album_id, name, duration_seconds, bpm, track_number) VALUES (4521, 600, 'Realize', 132, 114, 2);
INSERT INTO song (song_id, album_id, name, duration_seconds, bpm, track_number) VALUES (4522, 600, 'Bring', 208, 155, 3);
INSERT INTO song (song_id, album_id, name, duration_seconds, bpm, track_number) VALUES (4523, 600, 'Wait', 152, 82, 4);
INSERT INTO song (song_id, album_id, name, duration_seconds, bpm, track_number) VALUES (4524, 600, 'Example you', 188, 131, 5);
INSERT INTO song (song_id, album_id, name, duration_seconds, bpm, track_number) VALUES (4525, 600, 'Protect', 150, 148, 6);
INSERT INTO song (song_id, album_id, name, duration_seconds, bpm, track_number) VALUES (4526, 600, 'Involve', 203, 116, 7);
INSERT INTO song (song_id, album_id, name, duration_seconds, bpm, track_number) VALUES (4527, 600, 'Quite', 363, 155, 8);
INSERT INTO album (album_id, artist_id, title, release_year, created_at) VALUES (601, 320, 'Multi-layered systematic collaboration', 1994, NOW());
INSERT INTO song (song_id, album_id, name, duration_seconds, bpm, track_number) VALUES (4528, 601, 'Scientist', 432, 70, 1);
INSERT INTO song (song_id, album_id, name, duration_seconds, bpm, track_number) VALUES (4529, 601, 'On religious', 205, 117, 2);
INSERT INTO song (song_id, album_id, name, duration_seconds, bpm, track_number) VALUES (4530, 601, 'Probably should', 455, 77, 3);
INSERT INTO song (song_id, album_id, name, duration_seconds, bpm, track_number) VALUES (4531, 601, 'Race', 254, 150, 4);
INSERT INTO song (song_id, album_id, name, duration_seconds, bpm, track_number) VALUES (4532, 601, 'Heavy especially boy century action', 252, 129, 5);
INSERT INTO song (song_id, album_id, name, duration_seconds, bpm, track_number) VALUES (4533, 601, 'Choose especially major chair', 446, 73, 6);
INSERT INTO song (song_id, album_id, name, duration_seconds, bpm, track_number) VALUES (4534, 601, 'Material each', 120, 148, 7);
INSERT INTO song (song_id, album_id, name, duration_seconds, bpm, track_number) VALUES (4535, 601, 'Speak Democrat', 162, 149, 8);
INSERT INTO album (album_id, artist_id, title, release_year, created_at) VALUES (602, 320, 'Synchronized optimal middleware', 2003, NOW());
INSERT INTO song (song_id, album_id, name, duration_seconds, bpm, track_number) VALUES (4536, 602, 'Where between', 427, 142, 1);
INSERT INTO song (song_id, album_id, name, duration_seconds, bpm, track_number) VALUES (4537, 602, 'While', 130, 152, 2);
INSERT INTO song (song_id, album_id, name, duration_seconds, bpm, track_number) VALUES (4538, 602, 'Our tough', 438, 72, 3);
INSERT INTO song (song_id, album_id, name, duration_seconds, bpm, track_number) VALUES (4539, 602, 'Figure assume', 210, 177, 4);
INSERT INTO song (song_id, album_id, name, duration_seconds, bpm, track_number) VALUES (4540, 602, 'Show', 120, 77, 5);
INSERT INTO song (song_id, album_id, name, duration_seconds, bpm, track_number) VALUES (4541, 602, 'Cause which suddenly yourself offer', 331, 124, 6);
INSERT INTO song (song_id, album_id, name, duration_seconds, bpm, track_number) VALUES (4542, 602, 'By vote about', 292, 155, 7);
INSERT INTO song (song_id, album_id, name, duration_seconds, bpm, track_number) VALUES (4543, 602, 'Perhaps attention represent', 464, 80, 8);
INSERT INTO song (song_id, album_id, name, duration_seconds, bpm, track_number) VALUES (4544, 602, 'Mouth total trade', 314, 158, 9);
INSERT INTO album (album_id, artist_id, title, release_year, created_at) VALUES (603, 321, 'Compatible radical function', 1984, NOW());
INSERT INTO song (song_id, album_id, name, duration_seconds, bpm, track_number) VALUES (4545, 603, 'Trouble various', 287, 98, 1);
INSERT INTO song (song_id, album_id, name, duration_seconds, bpm, track_number) VALUES (4546, 603, 'Live coach argue feel', 371, 179, 2);
INSERT INTO song (song_id, album_id, name, duration_seconds, bpm, track_number) VALUES (4547, 603, 'Employee history trade', 179, 127, 3);
INSERT INTO song (song_id, album_id, name, duration_seconds, bpm, track_number) VALUES (4548, 603, 'Thank require idea board', 202, 118, 4);
INSERT INTO song (song_id, album_id, name, duration_seconds, bpm, track_number) VALUES (4549, 603, 'Father but between space', 397, 155, 5);
INSERT INTO song (song_id, album_id, name, duration_seconds, bpm, track_number) VALUES (4550, 603, 'Especially', 244, 132, 6);
INSERT INTO song (song_id, album_id, name, duration_seconds, bpm, track_number) VALUES (4551, 603, 'Pm lot agent husband clearly', 139, 101, 7);
INSERT INTO song (song_id, album_id, name, duration_seconds, bpm, track_number) VALUES (4552, 603, 'Bag her family simply inside', 159, 135, 8);
INSERT INTO song (song_id, album_id, name, duration_seconds, bpm, track_number) VALUES (4553, 603, 'Live husband sense term good', 422, 178, 9);
INSERT INTO album (album_id, artist_id, title, release_year, created_at) VALUES (604, 322, 'Realigned heuristic hub', 1984, NOW());
INSERT INTO song (song_id, album_id, name, duration_seconds, bpm, track_number) VALUES (4554, 604, 'Eye', 290, 143, 1);
INSERT INTO song (song_id, album_id, name, duration_seconds, bpm, track_number) VALUES (4555, 604, 'Commercial', 172, 74, 2);
INSERT INTO song (song_id, album_id, name, duration_seconds, bpm, track_number) VALUES (4556, 604, 'Control', 186, 99, 3);
INSERT INTO song (song_id, album_id, name, duration_seconds, bpm, track_number) VALUES (4557, 604, 'Road', 374, 69, 4);
INSERT INTO song (song_id, album_id, name, duration_seconds, bpm, track_number) VALUES (4558, 604, 'Paper building', 417, 88, 5);
INSERT INTO song (song_id, album_id, name, duration_seconds, bpm, track_number) VALUES (4559, 604, 'Director send development suffer', 271, 149, 6);
INSERT INTO song (song_id, album_id, name, duration_seconds, bpm, track_number) VALUES (4560, 604, 'Too almost', 402, 83, 7);
INSERT INTO song (song_id, album_id, name, duration_seconds, bpm, track_number) VALUES (4561, 604, 'Bank', 285, 67, 8);
INSERT INTO song (song_id, album_id, name, duration_seconds, bpm, track_number) VALUES (4562, 604, 'Total watch spend fine especially', 166, 69, 9);
INSERT INTO song (song_id, album_id, name, duration_seconds, bpm, track_number) VALUES (4563, 604, 'Democrat technology analysis', 461, 95, 10);
INSERT INTO album (album_id, artist_id, title, release_year, created_at) VALUES (605, 323, 'Focused multi-state structure', 2023, NOW());
INSERT INTO song (song_id, album_id, name, duration_seconds, bpm, track_number) VALUES (4564, 605, 'Else industry', 249, 159, 1);
INSERT INTO song (song_id, album_id, name, duration_seconds, bpm, track_number) VALUES (4565, 605, 'See growth', 294, 156, 2);
INSERT INTO song (song_id, album_id, name, duration_seconds, bpm, track_number) VALUES (4566, 605, 'Kind', 409, 94, 3);
INSERT INTO song (song_id, album_id, name, duration_seconds, bpm, track_number) VALUES (4567, 605, 'Campaign throw', 437, 62, 4);
INSERT INTO song (song_id, album_id, name, duration_seconds, bpm, track_number) VALUES (4568, 605, 'Carry positive represent why', 173, 117, 5);
INSERT INTO song (song_id, album_id, name, duration_seconds, bpm, track_number) VALUES (4569, 605, 'Teach', 359, 77, 6);
INSERT INTO song (song_id, album_id, name, duration_seconds, bpm, track_number) VALUES (4570, 605, 'Able', 399, 81, 7);
INSERT INTO album (album_id, artist_id, title, release_year, created_at) VALUES (606, 323, 'Fully-configurable maximized infrastructure', 2005, NOW());
INSERT INTO song (song_id, album_id, name, duration_seconds, bpm, track_number) VALUES (4571, 606, 'Memory individual list others night', 170, 61, 1);
INSERT INTO song (song_id, album_id, name, duration_seconds, bpm, track_number) VALUES (4572, 606, 'Lawyer music', 312, 137, 2);
INSERT INTO song (song_id, album_id, name, duration_seconds, bpm, track_number) VALUES (4573, 606, 'Space stock', 149, 66, 3);
INSERT INTO song (song_id, album_id, name, duration_seconds, bpm, track_number) VALUES (4574, 606, 'Occur simply', 182, 82, 4);
INSERT INTO song (song_id, album_id, name, duration_seconds, bpm, track_number) VALUES (4575, 606, 'Yeah', 315, 99, 5);
INSERT INTO song (song_id, album_id, name, duration_seconds, bpm, track_number) VALUES (4576, 606, 'Role stage cut politics', 306, 114, 6);
INSERT INTO song (song_id, album_id, name, duration_seconds, bpm, track_number) VALUES (4577, 606, 'Price', 424, 138, 7);
INSERT INTO song (song_id, album_id, name, duration_seconds, bpm, track_number) VALUES (4578, 606, 'Commercial', 253, 90, 8);
INSERT INTO song (song_id, album_id, name, duration_seconds, bpm, track_number) VALUES (4579, 606, 'Term theory page', 249, 105, 9);
INSERT INTO song (song_id, album_id, name, duration_seconds, bpm, track_number) VALUES (4580, 606, 'Certain deep color', 311, 111, 10);
INSERT INTO album (album_id, artist_id, title, release_year, created_at) VALUES (607, 324, 'Down-sized reciprocal encoding', 2025, NOW());
INSERT INTO song (song_id, album_id, name, duration_seconds, bpm, track_number) VALUES (4581, 607, 'Stop hold', 403, 177, 1);
INSERT INTO song (song_id, album_id, name, duration_seconds, bpm, track_number) VALUES (4582, 607, 'Her', 432, 158, 2);
INSERT INTO song (song_id, album_id, name, duration_seconds, bpm, track_number) VALUES (4583, 607, 'Glass', 210, 172, 3);
INSERT INTO song (song_id, album_id, name, duration_seconds, bpm, track_number) VALUES (4584, 607, 'Democrat project recently very', 322, 177, 4);
INSERT INTO song (song_id, album_id, name, duration_seconds, bpm, track_number) VALUES (4585, 607, 'Another wonder', 219, 97, 5);
INSERT INTO song (song_id, album_id, name, duration_seconds, bpm, track_number) VALUES (4586, 607, 'Simple', 246, 61, 6);
INSERT INTO song (song_id, album_id, name, duration_seconds, bpm, track_number) VALUES (4587, 607, 'Sort maybe raise', 370, 138, 7);
INSERT INTO song (song_id, album_id, name, duration_seconds, bpm, track_number) VALUES (4588, 607, 'Large', 184, 62, 8);
INSERT INTO album (album_id, artist_id, title, release_year, created_at) VALUES (608, 324, 'Persevering value-added intranet', 1984, NOW());
INSERT INTO song (song_id, album_id, name, duration_seconds, bpm, track_number) VALUES (4589, 608, 'Mind move fire', 154, 92, 1);
INSERT INTO song (song_id, album_id, name, duration_seconds, bpm, track_number) VALUES (4590, 608, 'Class particularly', 390, 121, 2);
INSERT INTO song (song_id, album_id, name, duration_seconds, bpm, track_number) VALUES (4591, 608, 'Key', 216, 162, 3);
INSERT INTO song (song_id, album_id, name, duration_seconds, bpm, track_number) VALUES (4592, 608, 'So', 151, 147, 4);
INSERT INTO song (song_id, album_id, name, duration_seconds, bpm, track_number) VALUES (4593, 608, 'Threat course we', 226, 69, 5);
INSERT INTO song (song_id, album_id, name, duration_seconds, bpm, track_number) VALUES (4594, 608, 'Big because', 459, 134, 6);
INSERT INTO song (song_id, album_id, name, duration_seconds, bpm, track_number) VALUES (4595, 608, 'Activity', 221, 100, 7);
INSERT INTO song (song_id, album_id, name, duration_seconds, bpm, track_number) VALUES (4596, 608, 'Outside on', 264, 118, 8);
INSERT INTO album (album_id, artist_id, title, release_year, created_at) VALUES (609, 324, 'Innovative value-added policy', 1973, NOW());
INSERT INTO song (song_id, album_id, name, duration_seconds, bpm, track_number) VALUES (4597, 609, 'Likely around assume visit most', 375, 160, 1);
INSERT INTO song (song_id, album_id, name, duration_seconds, bpm, track_number) VALUES (4598, 609, 'Price', 209, 75, 2);
INSERT INTO song (song_id, album_id, name, duration_seconds, bpm, track_number) VALUES (4599, 609, 'Side score', 372, 162, 3);
INSERT INTO song (song_id, album_id, name, duration_seconds, bpm, track_number) VALUES (4600, 609, 'About', 225, 164, 4);
INSERT INTO song (song_id, album_id, name, duration_seconds, bpm, track_number) VALUES (4601, 609, 'Catch under', 325, 95, 5);
INSERT INTO song (song_id, album_id, name, duration_seconds, bpm, track_number) VALUES (4602, 609, 'Baby protect director', 403, 105, 6);
INSERT INTO song (song_id, album_id, name, duration_seconds, bpm, track_number) VALUES (4603, 609, 'Wish ever describe', 202, 105, 7);
INSERT INTO song (song_id, album_id, name, duration_seconds, bpm, track_number) VALUES (4604, 609, 'Whether', 320, 60, 8);
INSERT INTO album (album_id, artist_id, title, release_year, created_at) VALUES (610, 325, 'Optional asymmetric methodology', 2016, NOW());
INSERT INTO song (song_id, album_id, name, duration_seconds, bpm, track_number) VALUES (4605, 610, 'Challenge', 381, 102, 1);
INSERT INTO song (song_id, album_id, name, duration_seconds, bpm, track_number) VALUES (4606, 610, 'Reflect become', 478, 151, 2);
INSERT INTO song (song_id, album_id, name, duration_seconds, bpm, track_number) VALUES (4607, 610, 'Bad action', 270, 62, 3);
INSERT INTO song (song_id, album_id, name, duration_seconds, bpm, track_number) VALUES (4608, 610, 'Away majority', 365, 166, 4);
INSERT INTO song (song_id, album_id, name, duration_seconds, bpm, track_number) VALUES (4609, 610, 'Development', 287, 103, 5);
INSERT INTO song (song_id, album_id, name, duration_seconds, bpm, track_number) VALUES (4610, 610, 'Pass amount practice', 255, 166, 6);
INSERT INTO song (song_id, album_id, name, duration_seconds, bpm, track_number) VALUES (4611, 610, 'Public wife song', 379, 156, 7);
INSERT INTO song (song_id, album_id, name, duration_seconds, bpm, track_number) VALUES (4612, 610, 'Over not', 279, 142, 8);
INSERT INTO song (song_id, album_id, name, duration_seconds, bpm, track_number) VALUES (4613, 610, 'Air', 314, 69, 9);
INSERT INTO album (album_id, artist_id, title, release_year, created_at) VALUES (611, 326, 'Visionary web-enabled budgetary management', 1992, NOW());
INSERT INTO song (song_id, album_id, name, duration_seconds, bpm, track_number) VALUES (4614, 611, 'Some', 255, 85, 1);
INSERT INTO song (song_id, album_id, name, duration_seconds, bpm, track_number) VALUES (4615, 611, 'Relationship', 167, 172, 2);
INSERT INTO song (song_id, album_id, name, duration_seconds, bpm, track_number) VALUES (4616, 611, 'Gas suffer', 277, 168, 3);
INSERT INTO song (song_id, album_id, name, duration_seconds, bpm, track_number) VALUES (4617, 611, 'Part drive paper', 289, 119, 4);
INSERT INTO song (song_id, album_id, name, duration_seconds, bpm, track_number) VALUES (4618, 611, 'Also wrong similar maybe fear', 472, 165, 5);
INSERT INTO song (song_id, album_id, name, duration_seconds, bpm, track_number) VALUES (4619, 611, 'Bed music', 179, 72, 6);
INSERT INTO song (song_id, album_id, name, duration_seconds, bpm, track_number) VALUES (4620, 611, 'Share', 400, 124, 7);
INSERT INTO album (album_id, artist_id, title, release_year, created_at) VALUES (612, 326, 'Advanced multi-tasking budgetary management', 2006, NOW());
INSERT INTO song (song_id, album_id, name, duration_seconds, bpm, track_number) VALUES (4621, 612, 'Feel important hair yes speech', 280, 68, 1);
INSERT INTO song (song_id, album_id, name, duration_seconds, bpm, track_number) VALUES (4622, 612, 'News', 438, 109, 2);
INSERT INTO song (song_id, album_id, name, duration_seconds, bpm, track_number) VALUES (4623, 612, 'Eye teacher fund', 239, 72, 3);
INSERT INTO song (song_id, album_id, name, duration_seconds, bpm, track_number) VALUES (4624, 612, 'Clearly', 181, 179, 4);
INSERT INTO song (song_id, album_id, name, duration_seconds, bpm, track_number) VALUES (4625, 612, 'Continue old several despite', 363, 111, 5);
INSERT INTO song (song_id, album_id, name, duration_seconds, bpm, track_number) VALUES (4626, 612, 'Image', 196, 162, 6);
INSERT INTO song (song_id, album_id, name, duration_seconds, bpm, track_number) VALUES (4627, 612, 'Military option', 287, 159, 7);
INSERT INTO song (song_id, album_id, name, duration_seconds, bpm, track_number) VALUES (4628, 612, 'Protect share', 448, 79, 8);
INSERT INTO song (song_id, album_id, name, duration_seconds, bpm, track_number) VALUES (4629, 612, 'Sometimes rich pass Mrs', 199, 142, 9);
INSERT INTO song (song_id, album_id, name, duration_seconds, bpm, track_number) VALUES (4630, 612, 'Growth evidence', 321, 134, 10);
INSERT INTO album (album_id, artist_id, title, release_year, created_at) VALUES (613, 326, 'Realigned holistic Graphical User Interface', 1973, NOW());
INSERT INTO song (song_id, album_id, name, duration_seconds, bpm, track_number) VALUES (4631, 613, 'Black sea', 426, 69, 1);
INSERT INTO song (song_id, album_id, name, duration_seconds, bpm, track_number) VALUES (4632, 613, 'Whatever authority', 286, 119, 2);
INSERT INTO song (song_id, album_id, name, duration_seconds, bpm, track_number) VALUES (4633, 613, 'Mention head', 348, 92, 3);
INSERT INTO song (song_id, album_id, name, duration_seconds, bpm, track_number) VALUES (4634, 613, 'Garden support fire', 389, 138, 4);
INSERT INTO song (song_id, album_id, name, duration_seconds, bpm, track_number) VALUES (4635, 613, 'Tv five', 359, 180, 5);
INSERT INTO song (song_id, album_id, name, duration_seconds, bpm, track_number) VALUES (4636, 613, 'Free', 374, 92, 6);
INSERT INTO song (song_id, album_id, name, duration_seconds, bpm, track_number) VALUES (4637, 613, 'Receive', 449, 100, 7);
INSERT INTO song (song_id, album_id, name, duration_seconds, bpm, track_number) VALUES (4638, 613, 'Camera', 170, 93, 8);
INSERT INTO album (album_id, artist_id, title, release_year, created_at) VALUES (614, 327, 'Extended full-range attitude', 1973, NOW());
INSERT INTO song (song_id, album_id, name, duration_seconds, bpm, track_number) VALUES (4639, 614, 'Although art', 270, 66, 1);
INSERT INTO song (song_id, album_id, name, duration_seconds, bpm, track_number) VALUES (4640, 614, 'Rock despite', 151, 99, 2);
INSERT INTO song (song_id, album_id, name, duration_seconds, bpm, track_number) VALUES (4641, 614, 'Final mouth late unit', 469, 127, 3);
INSERT INTO song (song_id, album_id, name, duration_seconds, bpm, track_number) VALUES (4642, 614, 'Six particularly', 287, 126, 4);
INSERT INTO song (song_id, album_id, name, duration_seconds, bpm, track_number) VALUES (4643, 614, 'Stop professor account another', 461, 95, 5);
INSERT INTO song (song_id, album_id, name, duration_seconds, bpm, track_number) VALUES (4644, 614, 'Author one box', 292, 115, 6);
INSERT INTO song (song_id, album_id, name, duration_seconds, bpm, track_number) VALUES (4645, 614, 'Agent make very', 305, 123, 7);
INSERT INTO song (song_id, album_id, name, duration_seconds, bpm, track_number) VALUES (4646, 614, 'Church sign opportunity civil lay', 444, 111, 8);
INSERT INTO song (song_id, album_id, name, duration_seconds, bpm, track_number) VALUES (4647, 614, 'Wide be', 373, 168, 9);
INSERT INTO song (song_id, album_id, name, duration_seconds, bpm, track_number) VALUES (4648, 614, 'Nor by', 234, 125, 10);
INSERT INTO album (album_id, artist_id, title, release_year, created_at) VALUES (615, 327, 'Distributed client-driven structure', 2018, NOW());
INSERT INTO song (song_id, album_id, name, duration_seconds, bpm, track_number) VALUES (4649, 615, 'Heavy west much', 425, 121, 1);
INSERT INTO song (song_id, album_id, name, duration_seconds, bpm, track_number) VALUES (4650, 615, 'Dinner soldier', 480, 78, 2);
INSERT INTO song (song_id, album_id, name, duration_seconds, bpm, track_number) VALUES (4651, 615, 'Director movie', 305, 111, 3);
INSERT INTO song (song_id, album_id, name, duration_seconds, bpm, track_number) VALUES (4652, 615, 'Treatment', 152, 175, 4);
INSERT INTO song (song_id, album_id, name, duration_seconds, bpm, track_number) VALUES (4653, 615, 'Let those', 402, 84, 5);
INSERT INTO album (album_id, artist_id, title, release_year, created_at) VALUES (616, 328, 'Grass-roots national utilization', 1985, NOW());
INSERT INTO song (song_id, album_id, name, duration_seconds, bpm, track_number) VALUES (4654, 616, 'Message', 406, 65, 1);
INSERT INTO song (song_id, album_id, name, duration_seconds, bpm, track_number) VALUES (4655, 616, 'Kid win', 204, 154, 2);
INSERT INTO song (song_id, album_id, name, duration_seconds, bpm, track_number) VALUES (4656, 616, 'Out light', 221, 82, 3);
INSERT INTO song (song_id, album_id, name, duration_seconds, bpm, track_number) VALUES (4657, 616, 'View', 455, 114, 4);
INSERT INTO song (song_id, album_id, name, duration_seconds, bpm, track_number) VALUES (4658, 616, 'Red', 470, 94, 5);
INSERT INTO song (song_id, album_id, name, duration_seconds, bpm, track_number) VALUES (4659, 616, 'Size', 131, 141, 6);
INSERT INTO song (song_id, album_id, name, duration_seconds, bpm, track_number) VALUES (4660, 616, 'One history', 202, 171, 7);
INSERT INTO song (song_id, album_id, name, duration_seconds, bpm, track_number) VALUES (4661, 616, 'Quality realize choice cut commercial', 188, 102, 8);
INSERT INTO song (song_id, album_id, name, duration_seconds, bpm, track_number) VALUES (4662, 616, 'Us', 462, 100, 9);
INSERT INTO album (album_id, artist_id, title, release_year, created_at) VALUES (617, 329, 'Phased exuding system engine', 2010, NOW());
INSERT INTO song (song_id, album_id, name, duration_seconds, bpm, track_number) VALUES (4663, 617, 'Drug', 261, 111, 1);
INSERT INTO song (song_id, album_id, name, duration_seconds, bpm, track_number) VALUES (4664, 617, 'Onto himself', 386, 62, 2);
INSERT INTO song (song_id, album_id, name, duration_seconds, bpm, track_number) VALUES (4665, 617, 'Group simple day affect', 420, 119, 3);
INSERT INTO song (song_id, album_id, name, duration_seconds, bpm, track_number) VALUES (4666, 617, 'Everybody collection drug', 158, 131, 4);
INSERT INTO song (song_id, album_id, name, duration_seconds, bpm, track_number) VALUES (4667, 617, 'His', 265, 164, 5);
INSERT INTO song (song_id, album_id, name, duration_seconds, bpm, track_number) VALUES (4668, 617, 'See', 322, 136, 6);
INSERT INTO song (song_id, album_id, name, duration_seconds, bpm, track_number) VALUES (4669, 617, 'Model', 297, 103, 7);
INSERT INTO song (song_id, album_id, name, duration_seconds, bpm, track_number) VALUES (4670, 617, 'Provide bad', 343, 88, 8);
INSERT INTO song (song_id, album_id, name, duration_seconds, bpm, track_number) VALUES (4671, 617, 'Campaign window later', 178, 175, 9);
INSERT INTO album (album_id, artist_id, title, release_year, created_at) VALUES (618, 330, 'Profound needs-based adapter', 1987, NOW());
INSERT INTO song (song_id, album_id, name, duration_seconds, bpm, track_number) VALUES (4672, 618, 'True', 283, 152, 1);
INSERT INTO song (song_id, album_id, name, duration_seconds, bpm, track_number) VALUES (4673, 618, 'Dark population follow rather', 172, 113, 2);
INSERT INTO song (song_id, album_id, name, duration_seconds, bpm, track_number) VALUES (4674, 618, 'Around shoulder per', 163, 116, 3);
INSERT INTO song (song_id, album_id, name, duration_seconds, bpm, track_number) VALUES (4675, 618, 'Why nor', 444, 107, 4);
INSERT INTO song (song_id, album_id, name, duration_seconds, bpm, track_number) VALUES (4676, 618, 'Interesting', 389, 142, 5);
INSERT INTO song (song_id, album_id, name, duration_seconds, bpm, track_number) VALUES (4677, 618, 'Look ahead', 376, 164, 6);
INSERT INTO song (song_id, album_id, name, duration_seconds, bpm, track_number) VALUES (4678, 618, 'The', 231, 111, 7);
INSERT INTO album (album_id, artist_id, title, release_year, created_at) VALUES (619, 331, 'Optimized executive open system', 2017, NOW());
INSERT INTO song (song_id, album_id, name, duration_seconds, bpm, track_number) VALUES (4679, 619, 'General when', 313, 141, 1);
INSERT INTO song (song_id, album_id, name, duration_seconds, bpm, track_number) VALUES (4680, 619, 'Wrong', 352, 91, 2);
INSERT INTO song (song_id, album_id, name, duration_seconds, bpm, track_number) VALUES (4681, 619, 'Just', 419, 144, 3);
INSERT INTO song (song_id, album_id, name, duration_seconds, bpm, track_number) VALUES (4682, 619, 'Like particular', 367, 133, 4);
INSERT INTO song (song_id, album_id, name, duration_seconds, bpm, track_number) VALUES (4683, 619, 'Range amount center', 187, 163, 5);
INSERT INTO song (song_id, album_id, name, duration_seconds, bpm, track_number) VALUES (4684, 619, 'Range worry hospital', 319, 76, 6);
INSERT INTO album (album_id, artist_id, title, release_year, created_at) VALUES (620, 331, 'Enterprise-wide systematic info-mediaries', 1985, NOW());
INSERT INTO song (song_id, album_id, name, duration_seconds, bpm, track_number) VALUES (4685, 620, 'Measure maintain everything', 128, 62, 1);
INSERT INTO song (song_id, album_id, name, duration_seconds, bpm, track_number) VALUES (4686, 620, 'Official', 464, 72, 2);
INSERT INTO song (song_id, album_id, name, duration_seconds, bpm, track_number) VALUES (4687, 620, 'Close', 271, 170, 3);
INSERT INTO song (song_id, album_id, name, duration_seconds, bpm, track_number) VALUES (4688, 620, 'Economic shake generation debate', 469, 77, 4);
INSERT INTO song (song_id, album_id, name, duration_seconds, bpm, track_number) VALUES (4689, 620, 'Food help', 345, 61, 5);
INSERT INTO song (song_id, album_id, name, duration_seconds, bpm, track_number) VALUES (4690, 620, 'Everything', 176, 103, 6);
INSERT INTO song (song_id, album_id, name, duration_seconds, bpm, track_number) VALUES (4691, 620, 'Significant choice', 137, 176, 7);
INSERT INTO song (song_id, album_id, name, duration_seconds, bpm, track_number) VALUES (4692, 620, 'Better', 441, 179, 8);
INSERT INTO song (song_id, album_id, name, duration_seconds, bpm, track_number) VALUES (4693, 620, 'Dinner degree act', 345, 114, 9);
INSERT INTO album (album_id, artist_id, title, release_year, created_at) VALUES (621, 331, 'Polarized 6thgeneration project', 1974, NOW());
INSERT INTO song (song_id, album_id, name, duration_seconds, bpm, track_number) VALUES (4694, 621, 'Kid', 199, 162, 1);
INSERT INTO song (song_id, album_id, name, duration_seconds, bpm, track_number) VALUES (4695, 621, 'Race', 269, 108, 2);
INSERT INTO song (song_id, album_id, name, duration_seconds, bpm, track_number) VALUES (4696, 621, 'Member may join', 208, 75, 3);
INSERT INTO song (song_id, album_id, name, duration_seconds, bpm, track_number) VALUES (4697, 621, 'Candidate their', 322, 156, 4);
INSERT INTO song (song_id, album_id, name, duration_seconds, bpm, track_number) VALUES (4698, 621, 'Exist sea actually', 200, 132, 5);
INSERT INTO song (song_id, album_id, name, duration_seconds, bpm, track_number) VALUES (4699, 621, 'Child', 348, 148, 6);
INSERT INTO song (song_id, album_id, name, duration_seconds, bpm, track_number) VALUES (4700, 621, 'Represent', 450, 99, 7);
INSERT INTO song (song_id, album_id, name, duration_seconds, bpm, track_number) VALUES (4701, 621, 'Opportunity', 360, 145, 8);
INSERT INTO song (song_id, album_id, name, duration_seconds, bpm, track_number) VALUES (4702, 621, 'Front', 321, 164, 9);
INSERT INTO song (song_id, album_id, name, duration_seconds, bpm, track_number) VALUES (4703, 621, 'Between story energy unit', 322, 112, 10);
INSERT INTO album (album_id, artist_id, title, release_year, created_at) VALUES (622, 332, 'Persistent radical task-force', 2009, NOW());
INSERT INTO song (song_id, album_id, name, duration_seconds, bpm, track_number) VALUES (4704, 622, 'Product task stay', 362, 173, 1);
INSERT INTO song (song_id, album_id, name, duration_seconds, bpm, track_number) VALUES (4705, 622, 'Do open wife system', 287, 109, 2);
INSERT INTO song (song_id, album_id, name, duration_seconds, bpm, track_number) VALUES (4706, 622, 'Anything say Mr', 238, 116, 3);
INSERT INTO song (song_id, album_id, name, duration_seconds, bpm, track_number) VALUES (4707, 622, 'And', 152, 62, 4);
INSERT INTO song (song_id, album_id, name, duration_seconds, bpm, track_number) VALUES (4708, 622, 'Anything group', 390, 127, 5);
INSERT INTO song (song_id, album_id, name, duration_seconds, bpm, track_number) VALUES (4709, 622, 'Drop kid raise', 351, 172, 6);
INSERT INTO song (song_id, album_id, name, duration_seconds, bpm, track_number) VALUES (4710, 622, 'Keep thus ask chair', 126, 113, 7);
INSERT INTO song (song_id, album_id, name, duration_seconds, bpm, track_number) VALUES (4711, 622, 'Action community while', 347, 150, 8);
INSERT INTO song (song_id, album_id, name, duration_seconds, bpm, track_number) VALUES (4712, 622, 'Also fight', 386, 104, 9);
INSERT INTO song (song_id, album_id, name, duration_seconds, bpm, track_number) VALUES (4713, 622, 'May', 466, 175, 10);
INSERT INTO album (album_id, artist_id, title, release_year, created_at) VALUES (623, 332, 'Fully-configurable 6thgeneration groupware', 2010, NOW());
INSERT INTO song (song_id, album_id, name, duration_seconds, bpm, track_number) VALUES (4714, 623, 'Compare', 317, 139, 1);
INSERT INTO song (song_id, album_id, name, duration_seconds, bpm, track_number) VALUES (4715, 623, 'Offer', 363, 63, 2);
INSERT INTO song (song_id, album_id, name, duration_seconds, bpm, track_number) VALUES (4716, 623, 'Take', 437, 163, 3);
INSERT INTO song (song_id, album_id, name, duration_seconds, bpm, track_number) VALUES (4717, 623, 'Congress', 245, 100, 4);
INSERT INTO song (song_id, album_id, name, duration_seconds, bpm, track_number) VALUES (4718, 623, 'Clearly though moment think seem', 295, 146, 5);
INSERT INTO song (song_id, album_id, name, duration_seconds, bpm, track_number) VALUES (4719, 623, 'Carry', 413, 113, 6);
INSERT INTO song (song_id, album_id, name, duration_seconds, bpm, track_number) VALUES (4720, 623, 'Form ago', 467, 94, 7);
INSERT INTO song (song_id, album_id, name, duration_seconds, bpm, track_number) VALUES (4721, 623, 'Interview notice himself', 170, 110, 8);
INSERT INTO song (song_id, album_id, name, duration_seconds, bpm, track_number) VALUES (4722, 623, 'Box that letter', 456, 107, 9);
INSERT INTO album (album_id, artist_id, title, release_year, created_at) VALUES (624, 333, 'Upgradable disintermediate time-frame', 1976, NOW());
INSERT INTO song (song_id, album_id, name, duration_seconds, bpm, track_number) VALUES (4723, 624, 'Shoulder', 391, 91, 1);
INSERT INTO song (song_id, album_id, name, duration_seconds, bpm, track_number) VALUES (4724, 624, 'Court', 358, 135, 2);
INSERT INTO song (song_id, album_id, name, duration_seconds, bpm, track_number) VALUES (4725, 624, 'Thus condition fast', 164, 165, 3);
INSERT INTO song (song_id, album_id, name, duration_seconds, bpm, track_number) VALUES (4726, 624, 'Generation', 282, 137, 4);
INSERT INTO song (song_id, album_id, name, duration_seconds, bpm, track_number) VALUES (4727, 624, 'Current', 379, 133, 5);
INSERT INTO album (album_id, artist_id, title, release_year, created_at) VALUES (625, 334, 'Persistent tangible matrix', 1989, NOW());
INSERT INTO song (song_id, album_id, name, duration_seconds, bpm, track_number) VALUES (4728, 625, 'Source get', 214, 170, 1);
INSERT INTO song (song_id, album_id, name, duration_seconds, bpm, track_number) VALUES (4729, 625, 'Among', 316, 65, 2);
INSERT INTO song (song_id, album_id, name, duration_seconds, bpm, track_number) VALUES (4730, 625, 'Commercial she town', 372, 166, 3);
INSERT INTO song (song_id, album_id, name, duration_seconds, bpm, track_number) VALUES (4731, 625, 'Maybe method before', 154, 134, 4);
INSERT INTO song (song_id, album_id, name, duration_seconds, bpm, track_number) VALUES (4732, 625, 'Team simply', 199, 133, 5);
INSERT INTO song (song_id, album_id, name, duration_seconds, bpm, track_number) VALUES (4733, 625, 'Imagine itself fund', 450, 120, 6);
INSERT INTO song (song_id, album_id, name, duration_seconds, bpm, track_number) VALUES (4734, 625, 'Hair likely notice democratic', 213, 70, 7);
INSERT INTO album (album_id, artist_id, title, release_year, created_at) VALUES (626, 334, 'Devolved optimal encryption', 1982, NOW());
INSERT INTO song (song_id, album_id, name, duration_seconds, bpm, track_number) VALUES (4735, 626, 'Sound all tough', 430, 62, 1);
INSERT INTO song (song_id, album_id, name, duration_seconds, bpm, track_number) VALUES (4736, 626, 'Floor', 409, 163, 2);
INSERT INTO song (song_id, album_id, name, duration_seconds, bpm, track_number) VALUES (4737, 626, 'Edge', 333, 132, 3);
INSERT INTO song (song_id, album_id, name, duration_seconds, bpm, track_number) VALUES (4738, 626, 'Field performance ability offer dream', 256, 65, 4);
INSERT INTO song (song_id, album_id, name, duration_seconds, bpm, track_number) VALUES (4739, 626, 'Including relate this', 207, 175, 5);
INSERT INTO song (song_id, album_id, name, duration_seconds, bpm, track_number) VALUES (4740, 626, 'Of recent', 417, 101, 6);
INSERT INTO song (song_id, album_id, name, duration_seconds, bpm, track_number) VALUES (4741, 626, 'Certain person', 379, 178, 7);
INSERT INTO album (album_id, artist_id, title, release_year, created_at) VALUES (627, 335, 'Organized transitional migration', 1987, NOW());
INSERT INTO song (song_id, album_id, name, duration_seconds, bpm, track_number) VALUES (4742, 627, 'Century he', 235, 88, 1);
INSERT INTO song (song_id, album_id, name, duration_seconds, bpm, track_number) VALUES (4743, 627, 'Wind', 266, 123, 2);
INSERT INTO song (song_id, album_id, name, duration_seconds, bpm, track_number) VALUES (4744, 627, 'Despite', 427, 170, 3);
INSERT INTO song (song_id, album_id, name, duration_seconds, bpm, track_number) VALUES (4745, 627, 'Today common candidate', 205, 167, 4);
INSERT INTO song (song_id, album_id, name, duration_seconds, bpm, track_number) VALUES (4746, 627, 'Marriage she', 416, 162, 5);
INSERT INTO song (song_id, album_id, name, duration_seconds, bpm, track_number) VALUES (4747, 627, 'Yard', 150, 60, 6);
INSERT INTO song (song_id, album_id, name, duration_seconds, bpm, track_number) VALUES (4748, 627, 'Name', 451, 169, 7);
INSERT INTO song (song_id, album_id, name, duration_seconds, bpm, track_number) VALUES (4749, 627, 'Structure', 245, 80, 8);
INSERT INTO album (album_id, artist_id, title, release_year, created_at) VALUES (628, 335, 'Organized secondary neural-net', 1978, NOW());
INSERT INTO song (song_id, album_id, name, duration_seconds, bpm, track_number) VALUES (4750, 628, 'But audience', 471, 82, 1);
INSERT INTO song (song_id, album_id, name, duration_seconds, bpm, track_number) VALUES (4751, 628, 'Husband', 270, 114, 2);
INSERT INTO song (song_id, album_id, name, duration_seconds, bpm, track_number) VALUES (4752, 628, 'Onto play', 195, 108, 3);
INSERT INTO song (song_id, album_id, name, duration_seconds, bpm, track_number) VALUES (4753, 628, 'None', 443, 145, 4);
INSERT INTO song (song_id, album_id, name, duration_seconds, bpm, track_number) VALUES (4754, 628, 'Might chance represent spend', 295, 73, 5);
INSERT INTO song (song_id, album_id, name, duration_seconds, bpm, track_number) VALUES (4755, 628, 'Win strong', 316, 161, 6);
INSERT INTO song (song_id, album_id, name, duration_seconds, bpm, track_number) VALUES (4756, 628, 'Their along', 480, 167, 7);
INSERT INTO song (song_id, album_id, name, duration_seconds, bpm, track_number) VALUES (4757, 628, 'Wide kitchen', 173, 157, 8);
INSERT INTO song (song_id, album_id, name, duration_seconds, bpm, track_number) VALUES (4758, 628, 'Ask', 131, 117, 9);
INSERT INTO album (album_id, artist_id, title, release_year, created_at) VALUES (629, 335, 'Team-oriented 24/7 complexity', 1988, NOW());
INSERT INTO song (song_id, album_id, name, duration_seconds, bpm, track_number) VALUES (4759, 629, 'View mouth source', 140, 103, 1);
INSERT INTO song (song_id, album_id, name, duration_seconds, bpm, track_number) VALUES (4760, 629, 'History hotel', 261, 178, 2);
INSERT INTO song (song_id, album_id, name, duration_seconds, bpm, track_number) VALUES (4761, 629, 'Others', 198, 96, 3);
INSERT INTO song (song_id, album_id, name, duration_seconds, bpm, track_number) VALUES (4762, 629, 'Something', 347, 136, 4);
INSERT INTO song (song_id, album_id, name, duration_seconds, bpm, track_number) VALUES (4763, 629, 'Cold air', 215, 159, 5);
INSERT INTO song (song_id, album_id, name, duration_seconds, bpm, track_number) VALUES (4764, 629, 'College year often', 367, 176, 6);
INSERT INTO song (song_id, album_id, name, duration_seconds, bpm, track_number) VALUES (4765, 629, 'Recently', 478, 148, 7);
INSERT INTO song (song_id, album_id, name, duration_seconds, bpm, track_number) VALUES (4766, 629, 'Consumer use how idea could', 415, 178, 8);
INSERT INTO song (song_id, album_id, name, duration_seconds, bpm, track_number) VALUES (4767, 629, 'House college', 188, 141, 9);
INSERT INTO song (song_id, album_id, name, duration_seconds, bpm, track_number) VALUES (4768, 629, 'Somebody', 309, 71, 10);
INSERT INTO album (album_id, artist_id, title, release_year, created_at) VALUES (630, 336, 'Synergistic background projection', 2025, NOW());
INSERT INTO song (song_id, album_id, name, duration_seconds, bpm, track_number) VALUES (4769, 630, 'Summer culture myself player build', 394, 172, 1);
INSERT INTO song (song_id, album_id, name, duration_seconds, bpm, track_number) VALUES (4770, 630, 'Notice risk', 412, 140, 2);
INSERT INTO song (song_id, album_id, name, duration_seconds, bpm, track_number) VALUES (4771, 630, 'Public might yes', 432, 114, 3);
INSERT INTO song (song_id, album_id, name, duration_seconds, bpm, track_number) VALUES (4772, 630, 'Throw', 405, 119, 4);
INSERT INTO song (song_id, album_id, name, duration_seconds, bpm, track_number) VALUES (4773, 630, 'Of', 404, 111, 5);
INSERT INTO song (song_id, album_id, name, duration_seconds, bpm, track_number) VALUES (4774, 630, 'Agree be', 343, 101, 6);
INSERT INTO song (song_id, album_id, name, duration_seconds, bpm, track_number) VALUES (4775, 630, 'Sing contain reach their', 282, 134, 7);
INSERT INTO song (song_id, album_id, name, duration_seconds, bpm, track_number) VALUES (4776, 630, 'Believe today', 410, 78, 8);
INSERT INTO song (song_id, album_id, name, duration_seconds, bpm, track_number) VALUES (4777, 630, 'Capital particularly serious meeting', 284, 90, 9);
INSERT INTO song (song_id, album_id, name, duration_seconds, bpm, track_number) VALUES (4778, 630, 'Than', 460, 139, 10);
INSERT INTO album (album_id, artist_id, title, release_year, created_at) VALUES (631, 336, 'Grass-roots radical leverage', 2003, NOW());
INSERT INTO song (song_id, album_id, name, duration_seconds, bpm, track_number) VALUES (4779, 631, 'Include off interview', 471, 63, 1);
INSERT INTO song (song_id, album_id, name, duration_seconds, bpm, track_number) VALUES (4780, 631, 'Of national', 473, 92, 2);
INSERT INTO song (song_id, album_id, name, duration_seconds, bpm, track_number) VALUES (4781, 631, 'Dog', 442, 152, 3);
INSERT INTO song (song_id, album_id, name, duration_seconds, bpm, track_number) VALUES (4782, 631, 'Person', 331, 115, 4);
INSERT INTO song (song_id, album_id, name, duration_seconds, bpm, track_number) VALUES (4783, 631, 'Think effect realize popular', 158, 96, 5);
INSERT INTO song (song_id, album_id, name, duration_seconds, bpm, track_number) VALUES (4784, 631, 'Type', 292, 70, 6);
INSERT INTO album (album_id, artist_id, title, release_year, created_at) VALUES (632, 337, 'Cross-platform leadingedge analyzer', 1971, NOW());
INSERT INTO song (song_id, album_id, name, duration_seconds, bpm, track_number) VALUES (4785, 632, 'Many suggest box must', 318, 139, 1);
INSERT INTO song (song_id, album_id, name, duration_seconds, bpm, track_number) VALUES (4786, 632, 'Price', 157, 168, 2);
INSERT INTO song (song_id, album_id, name, duration_seconds, bpm, track_number) VALUES (4787, 632, 'On game', 343, 113, 3);
INSERT INTO song (song_id, album_id, name, duration_seconds, bpm, track_number) VALUES (4788, 632, 'Ten boy', 229, 60, 4);
INSERT INTO song (song_id, album_id, name, duration_seconds, bpm, track_number) VALUES (4789, 632, 'Minute', 241, 167, 5);
INSERT INTO song (song_id, album_id, name, duration_seconds, bpm, track_number) VALUES (4790, 632, 'Perform necessary class', 308, 121, 6);
INSERT INTO song (song_id, album_id, name, duration_seconds, bpm, track_number) VALUES (4791, 632, 'Run direction', 434, 176, 7);
INSERT INTO song (song_id, album_id, name, duration_seconds, bpm, track_number) VALUES (4792, 632, 'Social', 320, 72, 8);
INSERT INTO song (song_id, album_id, name, duration_seconds, bpm, track_number) VALUES (4793, 632, 'Character', 322, 175, 9);
INSERT INTO album (album_id, artist_id, title, release_year, created_at) VALUES (633, 337, 'Upgradable zero-defect policy', 2011, NOW());
INSERT INTO song (song_id, album_id, name, duration_seconds, bpm, track_number) VALUES (4794, 633, 'Moment', 458, 180, 1);
INSERT INTO song (song_id, album_id, name, duration_seconds, bpm, track_number) VALUES (4795, 633, 'Provide century', 366, 171, 2);
INSERT INTO song (song_id, album_id, name, duration_seconds, bpm, track_number) VALUES (4796, 633, 'Report', 384, 79, 3);
INSERT INTO song (song_id, album_id, name, duration_seconds, bpm, track_number) VALUES (4797, 633, 'Medical become', 413, 172, 4);
INSERT INTO song (song_id, album_id, name, duration_seconds, bpm, track_number) VALUES (4798, 633, 'Raise', 457, 112, 5);
INSERT INTO song (song_id, album_id, name, duration_seconds, bpm, track_number) VALUES (4799, 633, 'Southern require store', 203, 115, 6);
INSERT INTO song (song_id, album_id, name, duration_seconds, bpm, track_number) VALUES (4800, 633, 'Price half above', 437, 151, 7);
INSERT INTO song (song_id, album_id, name, duration_seconds, bpm, track_number) VALUES (4801, 633, 'Special understand reality process', 332, 141, 8);
INSERT INTO song (song_id, album_id, name, duration_seconds, bpm, track_number) VALUES (4802, 633, 'Agency onto medical various sure', 384, 132, 9);
INSERT INTO album (album_id, artist_id, title, release_year, created_at) VALUES (634, 337, 'Synergistic modular software', 1977, NOW());
INSERT INTO song (song_id, album_id, name, duration_seconds, bpm, track_number) VALUES (4803, 634, 'Three', 347, 162, 1);
INSERT INTO song (song_id, album_id, name, duration_seconds, bpm, track_number) VALUES (4804, 634, 'Thank', 131, 136, 2);
INSERT INTO song (song_id, album_id, name, duration_seconds, bpm, track_number) VALUES (4805, 634, 'Several book', 385, 112, 3);
INSERT INTO song (song_id, album_id, name, duration_seconds, bpm, track_number) VALUES (4806, 634, 'Simply society', 370, 164, 4);
INSERT INTO song (song_id, album_id, name, duration_seconds, bpm, track_number) VALUES (4807, 634, 'Husband begin', 391, 113, 5);
INSERT INTO song (song_id, album_id, name, duration_seconds, bpm, track_number) VALUES (4808, 634, 'Thousand myself', 267, 149, 6);
INSERT INTO song (song_id, album_id, name, duration_seconds, bpm, track_number) VALUES (4809, 634, 'Six', 474, 160, 7);
INSERT INTO song (song_id, album_id, name, duration_seconds, bpm, track_number) VALUES (4810, 634, 'Finish institution', 340, 175, 8);
INSERT INTO album (album_id, artist_id, title, release_year, created_at) VALUES (635, 338, 'Pre-emptive impactful time-frame', 2021, NOW());
INSERT INTO song (song_id, album_id, name, duration_seconds, bpm, track_number) VALUES (4811, 635, 'Music', 277, 73, 1);
INSERT INTO song (song_id, album_id, name, duration_seconds, bpm, track_number) VALUES (4812, 635, 'Page', 165, 174, 2);
INSERT INTO song (song_id, album_id, name, duration_seconds, bpm, track_number) VALUES (4813, 635, 'Yet', 352, 84, 3);
INSERT INTO song (song_id, album_id, name, duration_seconds, bpm, track_number) VALUES (4814, 635, 'Song win inside', 421, 136, 4);
INSERT INTO song (song_id, album_id, name, duration_seconds, bpm, track_number) VALUES (4815, 635, 'New east guy alone structure', 272, 123, 5);
INSERT INTO song (song_id, album_id, name, duration_seconds, bpm, track_number) VALUES (4816, 635, 'Stand hand', 128, 147, 6);
INSERT INTO song (song_id, album_id, name, duration_seconds, bpm, track_number) VALUES (4817, 635, 'Hotel magazine', 191, 130, 7);
INSERT INTO song (song_id, album_id, name, duration_seconds, bpm, track_number) VALUES (4818, 635, 'Car moment', 191, 74, 8);
INSERT INTO song (song_id, album_id, name, duration_seconds, bpm, track_number) VALUES (4819, 635, 'In', 429, 143, 9);
INSERT INTO album (album_id, artist_id, title, release_year, created_at) VALUES (636, 339, 'Virtual transitional concept', 1971, NOW());
INSERT INTO song (song_id, album_id, name, duration_seconds, bpm, track_number) VALUES (4820, 636, 'All', 230, 129, 1);
INSERT INTO song (song_id, album_id, name, duration_seconds, bpm, track_number) VALUES (4821, 636, 'Mind us', 327, 103, 2);
INSERT INTO song (song_id, album_id, name, duration_seconds, bpm, track_number) VALUES (4822, 636, 'Wide', 460, 68, 3);
INSERT INTO song (song_id, album_id, name, duration_seconds, bpm, track_number) VALUES (4823, 636, 'Its', 189, 67, 4);
INSERT INTO song (song_id, album_id, name, duration_seconds, bpm, track_number) VALUES (4824, 636, 'Star', 228, 79, 5);
INSERT INTO song (song_id, album_id, name, duration_seconds, bpm, track_number) VALUES (4825, 636, 'Subject', 420, 115, 6);
INSERT INTO song (song_id, album_id, name, duration_seconds, bpm, track_number) VALUES (4826, 636, 'Show hold', 182, 71, 7);
INSERT INTO album (album_id, artist_id, title, release_year, created_at) VALUES (637, 339, 'Open-architected exuding parallelism', 1988, NOW());
INSERT INTO song (song_id, album_id, name, duration_seconds, bpm, track_number) VALUES (4827, 637, 'Its special environmental', 417, 163, 1);
INSERT INTO song (song_id, album_id, name, duration_seconds, bpm, track_number) VALUES (4828, 637, 'Get measure best', 120, 100, 2);
INSERT INTO song (song_id, album_id, name, duration_seconds, bpm, track_number) VALUES (4829, 637, 'Total population soon', 472, 149, 3);
INSERT INTO song (song_id, album_id, name, duration_seconds, bpm, track_number) VALUES (4830, 637, 'Happy administration court', 135, 168, 4);
INSERT INTO song (song_id, album_id, name, duration_seconds, bpm, track_number) VALUES (4831, 637, 'Thing force', 157, 156, 5);
INSERT INTO song (song_id, album_id, name, duration_seconds, bpm, track_number) VALUES (4832, 637, 'Especially deal', 294, 113, 6);
INSERT INTO song (song_id, album_id, name, duration_seconds, bpm, track_number) VALUES (4833, 637, 'Answer whether trouble', 172, 127, 7);
INSERT INTO song (song_id, album_id, name, duration_seconds, bpm, track_number) VALUES (4834, 637, 'Despite decade usually politics', 237, 82, 8);
INSERT INTO song (song_id, album_id, name, duration_seconds, bpm, track_number) VALUES (4835, 637, 'Worker', 140, 166, 9);
INSERT INTO album (album_id, artist_id, title, release_year, created_at) VALUES (638, 339, 'Inverse real-time groupware', 2023, NOW());
INSERT INTO song (song_id, album_id, name, duration_seconds, bpm, track_number) VALUES (4836, 638, 'House you', 164, 90, 1);
INSERT INTO song (song_id, album_id, name, duration_seconds, bpm, track_number) VALUES (4837, 638, 'Tell current', 377, 97, 2);
INSERT INTO song (song_id, album_id, name, duration_seconds, bpm, track_number) VALUES (4838, 638, 'Next', 343, 158, 3);
INSERT INTO song (song_id, album_id, name, duration_seconds, bpm, track_number) VALUES (4839, 638, 'Food', 146, 116, 4);
INSERT INTO song (song_id, album_id, name, duration_seconds, bpm, track_number) VALUES (4840, 638, 'American', 142, 139, 5);
INSERT INTO song (song_id, album_id, name, duration_seconds, bpm, track_number) VALUES (4841, 638, 'Memory former', 458, 173, 6);
INSERT INTO song (song_id, album_id, name, duration_seconds, bpm, track_number) VALUES (4842, 638, 'Its pattern significant', 375, 137, 7);
INSERT INTO song (song_id, album_id, name, duration_seconds, bpm, track_number) VALUES (4843, 638, 'Cost', 322, 100, 8);
INSERT INTO song (song_id, album_id, name, duration_seconds, bpm, track_number) VALUES (4844, 638, 'Cost foreign', 363, 61, 9);
INSERT INTO album (album_id, artist_id, title, release_year, created_at) VALUES (639, 340, 'Visionary actuating matrix', 1974, NOW());
INSERT INTO song (song_id, album_id, name, duration_seconds, bpm, track_number) VALUES (4845, 639, 'Radio', 132, 116, 1);
INSERT INTO song (song_id, album_id, name, duration_seconds, bpm, track_number) VALUES (4846, 639, 'Full indicate', 211, 115, 2);
INSERT INTO song (song_id, album_id, name, duration_seconds, bpm, track_number) VALUES (4847, 639, 'Whatever live remain have tell', 222, 64, 3);
INSERT INTO song (song_id, album_id, name, duration_seconds, bpm, track_number) VALUES (4848, 639, 'Measure', 333, 73, 4);
INSERT INTO song (song_id, album_id, name, duration_seconds, bpm, track_number) VALUES (4849, 639, 'Natural', 171, 158, 5);
INSERT INTO song (song_id, album_id, name, duration_seconds, bpm, track_number) VALUES (4850, 639, 'Only art', 333, 134, 6);
INSERT INTO song (song_id, album_id, name, duration_seconds, bpm, track_number) VALUES (4851, 639, 'Million', 348, 88, 7);
INSERT INTO song (song_id, album_id, name, duration_seconds, bpm, track_number) VALUES (4852, 639, 'Sign', 390, 88, 8);
INSERT INTO song (song_id, album_id, name, duration_seconds, bpm, track_number) VALUES (4853, 639, 'Attack', 428, 135, 9);
INSERT INTO album (album_id, artist_id, title, release_year, created_at) VALUES (640, 340, 'Re-engineered even-keeled middleware', 1980, NOW());
INSERT INTO song (song_id, album_id, name, duration_seconds, bpm, track_number) VALUES (4854, 640, 'Wish price', 170, 118, 1);
INSERT INTO song (song_id, album_id, name, duration_seconds, bpm, track_number) VALUES (4855, 640, 'Fall get first', 328, 143, 2);
INSERT INTO song (song_id, album_id, name, duration_seconds, bpm, track_number) VALUES (4856, 640, 'Audience fight final', 443, 125, 3);
INSERT INTO song (song_id, album_id, name, duration_seconds, bpm, track_number) VALUES (4857, 640, 'Pay city', 304, 173, 4);
INSERT INTO song (song_id, album_id, name, duration_seconds, bpm, track_number) VALUES (4858, 640, 'Speech', 251, 61, 5);
INSERT INTO song (song_id, album_id, name, duration_seconds, bpm, track_number) VALUES (4859, 640, 'Really free receive', 296, 117, 6);
INSERT INTO album (album_id, artist_id, title, release_year, created_at) VALUES (641, 341, 'Optional 5thgeneration pricing structure', 1990, NOW());
INSERT INTO song (song_id, album_id, name, duration_seconds, bpm, track_number) VALUES (4860, 641, 'She', 201, 101, 1);
INSERT INTO song (song_id, album_id, name, duration_seconds, bpm, track_number) VALUES (4861, 641, 'Guess', 427, 115, 2);
INSERT INTO song (song_id, album_id, name, duration_seconds, bpm, track_number) VALUES (4862, 641, 'Cover return', 438, 143, 3);
INSERT INTO song (song_id, album_id, name, duration_seconds, bpm, track_number) VALUES (4863, 641, 'One study may respond', 463, 94, 4);
INSERT INTO song (song_id, album_id, name, duration_seconds, bpm, track_number) VALUES (4864, 641, 'Stop', 452, 85, 5);
INSERT INTO song (song_id, album_id, name, duration_seconds, bpm, track_number) VALUES (4865, 641, 'Deep join official store', 391, 139, 6);
INSERT INTO song (song_id, album_id, name, duration_seconds, bpm, track_number) VALUES (4866, 641, 'Left', 443, 115, 7);
INSERT INTO album (album_id, artist_id, title, release_year, created_at) VALUES (642, 342, 'Team-oriented local focus group', 1979, NOW());
INSERT INTO song (song_id, album_id, name, duration_seconds, bpm, track_number) VALUES (4867, 642, 'Apply benefit yet throw', 420, 109, 1);
INSERT INTO song (song_id, album_id, name, duration_seconds, bpm, track_number) VALUES (4868, 642, 'Often help', 201, 118, 2);
INSERT INTO song (song_id, album_id, name, duration_seconds, bpm, track_number) VALUES (4869, 642, 'Trial', 294, 72, 3);
INSERT INTO song (song_id, album_id, name, duration_seconds, bpm, track_number) VALUES (4870, 642, 'Move way', 368, 112, 4);
INSERT INTO song (song_id, album_id, name, duration_seconds, bpm, track_number) VALUES (4871, 642, 'Idea', 319, 174, 5);
INSERT INTO song (song_id, album_id, name, duration_seconds, bpm, track_number) VALUES (4872, 642, 'Deep', 324, 168, 6);
INSERT INTO song (song_id, album_id, name, duration_seconds, bpm, track_number) VALUES (4873, 642, 'News than', 419, 147, 7);
INSERT INTO album (album_id, artist_id, title, release_year, created_at) VALUES (643, 342, 'Customizable eco-centric algorithm', 2007, NOW());
INSERT INTO song (song_id, album_id, name, duration_seconds, bpm, track_number) VALUES (4874, 643, 'Far', 239, 169, 1);
INSERT INTO song (song_id, album_id, name, duration_seconds, bpm, track_number) VALUES (4875, 643, 'Result', 249, 109, 2);
INSERT INTO song (song_id, album_id, name, duration_seconds, bpm, track_number) VALUES (4876, 643, 'Understand send win spend crime', 256, 150, 3);
INSERT INTO song (song_id, album_id, name, duration_seconds, bpm, track_number) VALUES (4877, 643, 'Computer believe democratic show', 249, 157, 4);
INSERT INTO song (song_id, album_id, name, duration_seconds, bpm, track_number) VALUES (4878, 643, 'Pick window base something', 178, 70, 5);
INSERT INTO album (album_id, artist_id, title, release_year, created_at) VALUES (644, 343, 'Face-to-face next generation software', 1982, NOW());
INSERT INTO song (song_id, album_id, name, duration_seconds, bpm, track_number) VALUES (4879, 644, 'Write', 265, 164, 1);
INSERT INTO song (song_id, album_id, name, duration_seconds, bpm, track_number) VALUES (4880, 644, 'Fast force', 304, 85, 2);
INSERT INTO song (song_id, album_id, name, duration_seconds, bpm, track_number) VALUES (4881, 644, 'Court floor weight five', 261, 108, 3);
INSERT INTO song (song_id, album_id, name, duration_seconds, bpm, track_number) VALUES (4882, 644, 'During morning', 204, 91, 4);
INSERT INTO song (song_id, album_id, name, duration_seconds, bpm, track_number) VALUES (4883, 644, 'Find', 441, 74, 5);
INSERT INTO song (song_id, album_id, name, duration_seconds, bpm, track_number) VALUES (4884, 644, 'Mouth', 388, 90, 6);
INSERT INTO song (song_id, album_id, name, duration_seconds, bpm, track_number) VALUES (4885, 644, 'Total believe can', 267, 138, 7);
INSERT INTO song (song_id, album_id, name, duration_seconds, bpm, track_number) VALUES (4886, 644, 'Matter', 295, 73, 8);
INSERT INTO song (song_id, album_id, name, duration_seconds, bpm, track_number) VALUES (4887, 644, 'Lot show happen send', 307, 171, 9);
INSERT INTO song (song_id, album_id, name, duration_seconds, bpm, track_number) VALUES (4888, 644, 'Clearly', 249, 111, 10);
INSERT INTO album (album_id, artist_id, title, release_year, created_at) VALUES (645, 344, 'Ameliorated zero administration flexibility', 1970, NOW());
INSERT INTO song (song_id, album_id, name, duration_seconds, bpm, track_number) VALUES (4889, 645, 'More culture', 134, 112, 1);
INSERT INTO song (song_id, album_id, name, duration_seconds, bpm, track_number) VALUES (4890, 645, 'Education', 479, 81, 2);
INSERT INTO song (song_id, album_id, name, duration_seconds, bpm, track_number) VALUES (4891, 645, 'In discussion yes from', 219, 77, 3);
INSERT INTO song (song_id, album_id, name, duration_seconds, bpm, track_number) VALUES (4892, 645, 'Decade nice', 399, 123, 4);
INSERT INTO song (song_id, album_id, name, duration_seconds, bpm, track_number) VALUES (4893, 645, 'Lay', 254, 131, 5);
INSERT INTO song (song_id, album_id, name, duration_seconds, bpm, track_number) VALUES (4894, 645, 'Where', 383, 180, 6);
INSERT INTO song (song_id, album_id, name, duration_seconds, bpm, track_number) VALUES (4895, 645, 'Week', 372, 177, 7);
INSERT INTO song (song_id, album_id, name, duration_seconds, bpm, track_number) VALUES (4896, 645, 'Probably', 468, 158, 8);
INSERT INTO song (song_id, album_id, name, duration_seconds, bpm, track_number) VALUES (4897, 645, 'Around peace', 151, 103, 9);
INSERT INTO album (album_id, artist_id, title, release_year, created_at) VALUES (646, 345, 'Multi-lateral impactful leverage', 2004, NOW());
INSERT INTO song (song_id, album_id, name, duration_seconds, bpm, track_number) VALUES (4898, 646, 'Standard very age', 189, 81, 1);
INSERT INTO song (song_id, album_id, name, duration_seconds, bpm, track_number) VALUES (4899, 646, 'Account music', 297, 60, 2);
INSERT INTO song (song_id, album_id, name, duration_seconds, bpm, track_number) VALUES (4900, 646, 'Success account', 231, 81, 3);
INSERT INTO song (song_id, album_id, name, duration_seconds, bpm, track_number) VALUES (4901, 646, 'Dog become baby important', 410, 105, 4);
INSERT INTO song (song_id, album_id, name, duration_seconds, bpm, track_number) VALUES (4902, 646, 'Relate', 262, 80, 5);
INSERT INTO album (album_id, artist_id, title, release_year, created_at) VALUES (647, 346, 'Organized well-modulated data-warehouse', 1992, NOW());
INSERT INTO song (song_id, album_id, name, duration_seconds, bpm, track_number) VALUES (4903, 647, 'Agency', 233, 170, 1);
INSERT INTO song (song_id, album_id, name, duration_seconds, bpm, track_number) VALUES (4904, 647, 'Anything', 423, 172, 2);
INSERT INTO song (song_id, album_id, name, duration_seconds, bpm, track_number) VALUES (4905, 647, 'Four receive present', 176, 90, 3);
INSERT INTO song (song_id, album_id, name, duration_seconds, bpm, track_number) VALUES (4906, 647, 'Gas then', 157, 77, 4);
INSERT INTO song (song_id, album_id, name, duration_seconds, bpm, track_number) VALUES (4907, 647, 'Item', 401, 84, 5);
INSERT INTO song (song_id, album_id, name, duration_seconds, bpm, track_number) VALUES (4908, 647, 'It increase example protect', 221, 125, 6);
INSERT INTO song (song_id, album_id, name, duration_seconds, bpm, track_number) VALUES (4909, 647, 'Yourself notice', 423, 124, 7);
INSERT INTO song (song_id, album_id, name, duration_seconds, bpm, track_number) VALUES (4910, 647, 'Green', 205, 171, 8);
INSERT INTO album (album_id, artist_id, title, release_year, created_at) VALUES (648, 347, 'Seamless scalable superstructure', 1979, NOW());
INSERT INTO song (song_id, album_id, name, duration_seconds, bpm, track_number) VALUES (4911, 648, 'Open wonder', 474, 85, 1);
INSERT INTO song (song_id, album_id, name, duration_seconds, bpm, track_number) VALUES (4912, 648, 'Never shoulder teach', 319, 158, 2);
INSERT INTO song (song_id, album_id, name, duration_seconds, bpm, track_number) VALUES (4913, 648, 'Tonight while', 370, 125, 3);
INSERT INTO song (song_id, album_id, name, duration_seconds, bpm, track_number) VALUES (4914, 648, 'Finally', 262, 150, 4);
INSERT INTO song (song_id, album_id, name, duration_seconds, bpm, track_number) VALUES (4915, 648, 'Power', 194, 84, 5);
INSERT INTO song (song_id, album_id, name, duration_seconds, bpm, track_number) VALUES (4916, 648, 'Between issue research government', 377, 163, 6);
INSERT INTO song (song_id, album_id, name, duration_seconds, bpm, track_number) VALUES (4917, 648, 'Congress return', 364, 75, 7);
INSERT INTO song (song_id, album_id, name, duration_seconds, bpm, track_number) VALUES (4918, 648, 'Focus', 425, 136, 8);
INSERT INTO album (album_id, artist_id, title, release_year, created_at) VALUES (649, 347, 'Automated contextually-based middleware', 1979, NOW());
INSERT INTO song (song_id, album_id, name, duration_seconds, bpm, track_number) VALUES (4919, 649, 'Stage put', 286, 76, 1);
INSERT INTO song (song_id, album_id, name, duration_seconds, bpm, track_number) VALUES (4920, 649, 'Low probably', 271, 75, 2);
INSERT INTO song (song_id, album_id, name, duration_seconds, bpm, track_number) VALUES (4921, 649, 'Child pay', 268, 152, 3);
INSERT INTO song (song_id, album_id, name, duration_seconds, bpm, track_number) VALUES (4922, 649, 'Father head', 183, 144, 4);
INSERT INTO song (song_id, album_id, name, duration_seconds, bpm, track_number) VALUES (4923, 649, 'Keep range way ever', 323, 133, 5);
INSERT INTO song (song_id, album_id, name, duration_seconds, bpm, track_number) VALUES (4924, 649, 'Enjoy serve side cell', 371, 130, 6);
INSERT INTO song (song_id, album_id, name, duration_seconds, bpm, track_number) VALUES (4925, 649, 'Three', 133, 148, 7);
INSERT INTO song (song_id, album_id, name, duration_seconds, bpm, track_number) VALUES (4926, 649, 'Threat', 136, 65, 8);
INSERT INTO song (song_id, album_id, name, duration_seconds, bpm, track_number) VALUES (4927, 649, 'Crime way', 162, 163, 9);
INSERT INTO song (song_id, album_id, name, duration_seconds, bpm, track_number) VALUES (4928, 649, 'For', 184, 115, 10);
INSERT INTO album (album_id, artist_id, title, release_year, created_at) VALUES (650, 347, 'Profit-focused disintermediate moratorium', 2016, NOW());
INSERT INTO song (song_id, album_id, name, duration_seconds, bpm, track_number) VALUES (4929, 650, 'Company year something clearly', 220, 123, 1);
INSERT INTO song (song_id, album_id, name, duration_seconds, bpm, track_number) VALUES (4930, 650, 'Off history weight', 469, 115, 2);
INSERT INTO song (song_id, album_id, name, duration_seconds, bpm, track_number) VALUES (4931, 650, 'Must', 379, 111, 3);
INSERT INTO song (song_id, album_id, name, duration_seconds, bpm, track_number) VALUES (4932, 650, 'Tv', 246, 82, 4);
INSERT INTO song (song_id, album_id, name, duration_seconds, bpm, track_number) VALUES (4933, 650, 'Campaign interest house visit surface', 154, 69, 5);
INSERT INTO song (song_id, album_id, name, duration_seconds, bpm, track_number) VALUES (4934, 650, 'Adult', 133, 107, 6);
INSERT INTO song (song_id, album_id, name, duration_seconds, bpm, track_number) VALUES (4935, 650, 'Phone', 167, 74, 7);
INSERT INTO song (song_id, album_id, name, duration_seconds, bpm, track_number) VALUES (4936, 650, 'Role', 277, 159, 8);
INSERT INTO album (album_id, artist_id, title, release_year, created_at) VALUES (651, 348, 'Persevering radical knowledge user', 1992, NOW());
INSERT INTO song (song_id, album_id, name, duration_seconds, bpm, track_number) VALUES (4937, 651, 'Less sell student', 273, 105, 1);
INSERT INTO song (song_id, album_id, name, duration_seconds, bpm, track_number) VALUES (4938, 651, 'Character argue reveal available network', 380, 176, 2);
INSERT INTO song (song_id, album_id, name, duration_seconds, bpm, track_number) VALUES (4939, 651, 'Music', 161, 105, 3);
INSERT INTO song (song_id, album_id, name, duration_seconds, bpm, track_number) VALUES (4940, 651, 'Military bit', 275, 176, 4);
INSERT INTO song (song_id, album_id, name, duration_seconds, bpm, track_number) VALUES (4941, 651, 'Example you', 323, 61, 5);
INSERT INTO song (song_id, album_id, name, duration_seconds, bpm, track_number) VALUES (4942, 651, 'Write', 301, 89, 6);
INSERT INTO song (song_id, album_id, name, duration_seconds, bpm, track_number) VALUES (4943, 651, 'Loss', 478, 155, 7);
INSERT INTO song (song_id, album_id, name, duration_seconds, bpm, track_number) VALUES (4944, 651, 'How write check thought', 157, 71, 8);
INSERT INTO song (song_id, album_id, name, duration_seconds, bpm, track_number) VALUES (4945, 651, 'Letter', 411, 89, 9);
INSERT INTO song (song_id, album_id, name, duration_seconds, bpm, track_number) VALUES (4946, 651, 'Total just', 329, 118, 10);
INSERT INTO album (album_id, artist_id, title, release_year, created_at) VALUES (652, 348, 'User-centric tangible approach', 1973, NOW());
INSERT INTO song (song_id, album_id, name, duration_seconds, bpm, track_number) VALUES (4947, 652, 'Together', 338, 162, 1);
INSERT INTO song (song_id, album_id, name, duration_seconds, bpm, track_number) VALUES (4948, 652, 'Answer themselves', 126, 61, 2);
INSERT INTO song (song_id, album_id, name, duration_seconds, bpm, track_number) VALUES (4949, 652, 'Enjoy', 335, 150, 3);
INSERT INTO song (song_id, album_id, name, duration_seconds, bpm, track_number) VALUES (4950, 652, 'Research view', 184, 159, 4);
INSERT INTO song (song_id, album_id, name, duration_seconds, bpm, track_number) VALUES (4951, 652, 'Job', 281, 121, 5);
INSERT INTO song (song_id, album_id, name, duration_seconds, bpm, track_number) VALUES (4952, 652, 'Read', 478, 94, 6);
INSERT INTO song (song_id, album_id, name, duration_seconds, bpm, track_number) VALUES (4953, 652, 'Those', 252, 177, 7);
INSERT INTO song (song_id, album_id, name, duration_seconds, bpm, track_number) VALUES (4954, 652, 'Court', 147, 87, 8);
INSERT INTO song (song_id, album_id, name, duration_seconds, bpm, track_number) VALUES (4955, 652, 'Actually fall', 126, 73, 9);
INSERT INTO album (album_id, artist_id, title, release_year, created_at) VALUES (653, 348, 'De-engineered reciprocal strategy', 1971, NOW());
INSERT INTO song (song_id, album_id, name, duration_seconds, bpm, track_number) VALUES (4956, 653, 'Significant particular good', 287, 107, 1);
INSERT INTO song (song_id, album_id, name, duration_seconds, bpm, track_number) VALUES (4957, 653, 'Song', 411, 163, 2);
INSERT INTO song (song_id, album_id, name, duration_seconds, bpm, track_number) VALUES (4958, 653, 'Whose', 120, 90, 3);
INSERT INTO song (song_id, album_id, name, duration_seconds, bpm, track_number) VALUES (4959, 653, 'Race', 373, 151, 4);
INSERT INTO song (song_id, album_id, name, duration_seconds, bpm, track_number) VALUES (4960, 653, 'Officer suddenly', 466, 122, 5);
INSERT INTO song (song_id, album_id, name, duration_seconds, bpm, track_number) VALUES (4961, 653, 'By water impact', 176, 135, 6);
INSERT INTO song (song_id, album_id, name, duration_seconds, bpm, track_number) VALUES (4962, 653, 'Again democratic need late', 287, 88, 7);
INSERT INTO song (song_id, album_id, name, duration_seconds, bpm, track_number) VALUES (4963, 653, 'Four college', 198, 164, 8);
INSERT INTO album (album_id, artist_id, title, release_year, created_at) VALUES (654, 349, 'Public-key solution-oriented productivity', 2023, NOW());
INSERT INTO song (song_id, album_id, name, duration_seconds, bpm, track_number) VALUES (4964, 654, 'Sister oil effect run', 321, 139, 1);
INSERT INTO song (song_id, album_id, name, duration_seconds, bpm, track_number) VALUES (4965, 654, 'Congress task believe', 353, 68, 2);
INSERT INTO song (song_id, album_id, name, duration_seconds, bpm, track_number) VALUES (4966, 654, 'Short health state participant', 393, 76, 3);
INSERT INTO song (song_id, album_id, name, duration_seconds, bpm, track_number) VALUES (4967, 654, 'Size morning value miss', 244, 95, 4);
INSERT INTO song (song_id, album_id, name, duration_seconds, bpm, track_number) VALUES (4968, 654, 'Teacher but condition', 305, 74, 5);
INSERT INTO song (song_id, album_id, name, duration_seconds, bpm, track_number) VALUES (4969, 654, 'Conference laugh author', 340, 62, 6);
INSERT INTO song (song_id, album_id, name, duration_seconds, bpm, track_number) VALUES (4970, 654, 'Industry edge which', 230, 152, 7);
INSERT INTO song (song_id, album_id, name, duration_seconds, bpm, track_number) VALUES (4971, 654, 'Each', 448, 93, 8);
INSERT INTO song (song_id, album_id, name, duration_seconds, bpm, track_number) VALUES (4972, 654, 'Year', 364, 146, 9);
INSERT INTO song (song_id, album_id, name, duration_seconds, bpm, track_number) VALUES (4973, 654, 'Deep', 301, 143, 10);
INSERT INTO album (album_id, artist_id, title, release_year, created_at) VALUES (655, 349, 'Configurable actuating extranet', 2002, NOW());
INSERT INTO song (song_id, album_id, name, duration_seconds, bpm, track_number) VALUES (4974, 655, 'Minute', 184, 91, 1);
INSERT INTO song (song_id, album_id, name, duration_seconds, bpm, track_number) VALUES (4975, 655, 'But bag', 256, 141, 2);
INSERT INTO song (song_id, album_id, name, duration_seconds, bpm, track_number) VALUES (4976, 655, 'Group shake sister address receive', 308, 152, 3);
INSERT INTO song (song_id, album_id, name, duration_seconds, bpm, track_number) VALUES (4977, 655, 'Past', 427, 78, 4);
INSERT INTO song (song_id, album_id, name, duration_seconds, bpm, track_number) VALUES (4978, 655, 'Billion ground', 478, 177, 5);
INSERT INTO song (song_id, album_id, name, duration_seconds, bpm, track_number) VALUES (4979, 655, 'Five while decision measure', 377, 154, 6);
INSERT INTO album (album_id, artist_id, title, release_year, created_at) VALUES (656, 349, 'Networked coherent info-mediaries', 2021, NOW());
INSERT INTO song (song_id, album_id, name, duration_seconds, bpm, track_number) VALUES (4980, 656, 'Kind', 361, 144, 1);
INSERT INTO song (song_id, album_id, name, duration_seconds, bpm, track_number) VALUES (4981, 656, 'Back morning increase certainly', 475, 162, 2);
INSERT INTO song (song_id, album_id, name, duration_seconds, bpm, track_number) VALUES (4982, 656, 'Small', 150, 89, 3);
INSERT INTO song (song_id, album_id, name, duration_seconds, bpm, track_number) VALUES (4983, 656, 'Newspaper', 138, 144, 4);
INSERT INTO song (song_id, album_id, name, duration_seconds, bpm, track_number) VALUES (4984, 656, 'Design fly from them plan', 459, 89, 5);
INSERT INTO song (song_id, album_id, name, duration_seconds, bpm, track_number) VALUES (4985, 656, 'Name', 147, 130, 6);
INSERT INTO song (song_id, album_id, name, duration_seconds, bpm, track_number) VALUES (4986, 656, 'Lose what visit', 363, 76, 7);
INSERT INTO song (song_id, album_id, name, duration_seconds, bpm, track_number) VALUES (4987, 656, 'Wear ahead history example detail', 316, 174, 8);
INSERT INTO song (song_id, album_id, name, duration_seconds, bpm, track_number) VALUES (4988, 656, 'Mrs financial', 417, 89, 9);
INSERT INTO album (album_id, artist_id, title, release_year, created_at) VALUES (657, 350, 'Future-proofed systematic pricing structure', 2017, NOW());
INSERT INTO song (song_id, album_id, name, duration_seconds, bpm, track_number) VALUES (4989, 657, 'Serve', 441, 140, 1);
INSERT INTO song (song_id, album_id, name, duration_seconds, bpm, track_number) VALUES (4990, 657, 'Station', 480, 157, 2);
INSERT INTO song (song_id, album_id, name, duration_seconds, bpm, track_number) VALUES (4991, 657, 'Else', 241, 170, 3);
INSERT INTO song (song_id, album_id, name, duration_seconds, bpm, track_number) VALUES (4992, 657, 'Process story like listen could', 286, 162, 4);
INSERT INTO song (song_id, album_id, name, duration_seconds, bpm, track_number) VALUES (4993, 657, 'Behavior thousand', 204, 147, 5);
INSERT INTO song (song_id, album_id, name, duration_seconds, bpm, track_number) VALUES (4994, 657, 'Woman', 156, 180, 6);
INSERT INTO song (song_id, album_id, name, duration_seconds, bpm, track_number) VALUES (4995, 657, 'Fast forget', 339, 133, 7);
INSERT INTO song (song_id, album_id, name, duration_seconds, bpm, track_number) VALUES (4996, 657, 'Provide', 400, 165, 8);
INSERT INTO song (song_id, album_id, name, duration_seconds, bpm, track_number) VALUES (4997, 657, 'Various', 145, 126, 9);
INSERT INTO song (song_id, album_id, name, duration_seconds, bpm, track_number) VALUES (4998, 657, 'Sit energy', 141, 166, 10);
INSERT INTO album (album_id, artist_id, title, release_year, created_at) VALUES (658, 350, 'Customizable optimal migration', 1984, NOW());
INSERT INTO song (song_id, album_id, name, duration_seconds, bpm, track_number) VALUES (4999, 658, 'Theory', 480, 178, 1);
INSERT INTO song (song_id, album_id, name, duration_seconds, bpm, track_number) VALUES (5000, 658, 'Community', 204, 77, 2);
INSERT INTO song (song_id, album_id, name, duration_seconds, bpm, track_number) VALUES (5001, 658, 'Son year', 278, 156, 3);
INSERT INTO song (song_id, album_id, name, duration_seconds, bpm, track_number) VALUES (5002, 658, 'Mr instead off true night', 272, 92, 4);
INSERT INTO song (song_id, album_id, name, duration_seconds, bpm, track_number) VALUES (5003, 658, 'Hot western physical southern', 463, 171, 5);
INSERT INTO album (album_id, artist_id, title, release_year, created_at) VALUES (659, 351, 'Vision-oriented zero administration forecast', 2019, NOW());
INSERT INTO song (song_id, album_id, name, duration_seconds, bpm, track_number) VALUES (5004, 659, 'With film figure', 440, 94, 1);
INSERT INTO song (song_id, album_id, name, duration_seconds, bpm, track_number) VALUES (5005, 659, 'Create', 365, 94, 2);
INSERT INTO song (song_id, album_id, name, duration_seconds, bpm, track_number) VALUES (5006, 659, 'On', 382, 142, 3);
INSERT INTO song (song_id, album_id, name, duration_seconds, bpm, track_number) VALUES (5007, 659, 'Strategy', 360, 123, 4);
INSERT INTO song (song_id, album_id, name, duration_seconds, bpm, track_number) VALUES (5008, 659, 'State', 436, 66, 5);
INSERT INTO song (song_id, album_id, name, duration_seconds, bpm, track_number) VALUES (5009, 659, 'Leave', 175, 74, 6);
INSERT INTO song (song_id, album_id, name, duration_seconds, bpm, track_number) VALUES (5010, 659, 'No', 449, 131, 7);
INSERT INTO song (song_id, album_id, name, duration_seconds, bpm, track_number) VALUES (5011, 659, 'Alone media artist', 179, 175, 8);
INSERT INTO song (song_id, album_id, name, duration_seconds, bpm, track_number) VALUES (5012, 659, 'State according', 279, 152, 9);
INSERT INTO album (album_id, artist_id, title, release_year, created_at) VALUES (660, 351, 'Object-based radical superstructure', 2000, NOW());
INSERT INTO song (song_id, album_id, name, duration_seconds, bpm, track_number) VALUES (5013, 660, 'Exist true while present cut', 294, 140, 1);
INSERT INTO song (song_id, album_id, name, duration_seconds, bpm, track_number) VALUES (5014, 660, 'Rate for very', 315, 88, 2);
INSERT INTO song (song_id, album_id, name, duration_seconds, bpm, track_number) VALUES (5015, 660, 'Always', 468, 152, 3);
INSERT INTO song (song_id, album_id, name, duration_seconds, bpm, track_number) VALUES (5016, 660, 'Crime where', 284, 165, 4);
INSERT INTO song (song_id, album_id, name, duration_seconds, bpm, track_number) VALUES (5017, 660, 'Big determine money add', 382, 124, 5);
INSERT INTO song (song_id, album_id, name, duration_seconds, bpm, track_number) VALUES (5018, 660, 'As', 425, 94, 6);
INSERT INTO song (song_id, album_id, name, duration_seconds, bpm, track_number) VALUES (5019, 660, 'Window', 404, 100, 7);
INSERT INTO album (album_id, artist_id, title, release_year, created_at) VALUES (661, 352, 'Diverse dynamic protocol', 1979, NOW());
INSERT INTO song (song_id, album_id, name, duration_seconds, bpm, track_number) VALUES (5020, 661, 'Either yourself', 337, 126, 1);
INSERT INTO song (song_id, album_id, name, duration_seconds, bpm, track_number) VALUES (5021, 661, 'Difficult process son', 369, 85, 2);
INSERT INTO song (song_id, album_id, name, duration_seconds, bpm, track_number) VALUES (5022, 661, 'Individual himself', 295, 61, 3);
INSERT INTO song (song_id, album_id, name, duration_seconds, bpm, track_number) VALUES (5023, 661, 'Sea want capital', 270, 72, 4);
INSERT INTO song (song_id, album_id, name, duration_seconds, bpm, track_number) VALUES (5024, 661, 'Time Republican', 143, 175, 5);
INSERT INTO song (song_id, album_id, name, duration_seconds, bpm, track_number) VALUES (5025, 661, 'Arm music place', 122, 170, 6);
INSERT INTO song (song_id, album_id, name, duration_seconds, bpm, track_number) VALUES (5026, 661, 'Economy', 362, 76, 7);
INSERT INTO song (song_id, album_id, name, duration_seconds, bpm, track_number) VALUES (5027, 661, 'Quickly two', 383, 110, 8);
INSERT INTO album (album_id, artist_id, title, release_year, created_at) VALUES (662, 353, 'Cloned tertiary protocol', 1987, NOW());
INSERT INTO song (song_id, album_id, name, duration_seconds, bpm, track_number) VALUES (5028, 662, 'Company career most song sea', 128, 131, 1);
INSERT INTO song (song_id, album_id, name, duration_seconds, bpm, track_number) VALUES (5029, 662, 'A door', 183, 157, 2);
INSERT INTO song (song_id, album_id, name, duration_seconds, bpm, track_number) VALUES (5030, 662, 'Full major', 415, 118, 3);
INSERT INTO song (song_id, album_id, name, duration_seconds, bpm, track_number) VALUES (5031, 662, 'Within politics', 206, 153, 4);
INSERT INTO song (song_id, album_id, name, duration_seconds, bpm, track_number) VALUES (5032, 662, 'Arrive', 316, 160, 5);
INSERT INTO song (song_id, album_id, name, duration_seconds, bpm, track_number) VALUES (5033, 662, 'Improve provide', 180, 61, 6);
INSERT INTO song (song_id, album_id, name, duration_seconds, bpm, track_number) VALUES (5034, 662, 'For ok station', 426, 87, 7);
INSERT INTO song (song_id, album_id, name, duration_seconds, bpm, track_number) VALUES (5035, 662, 'Catch', 443, 144, 8);
INSERT INTO song (song_id, album_id, name, duration_seconds, bpm, track_number) VALUES (5036, 662, 'Senior gun from', 244, 82, 9);
INSERT INTO album (album_id, artist_id, title, release_year, created_at) VALUES (663, 353, 'Front-line user-facing projection', 2022, NOW());
INSERT INTO song (song_id, album_id, name, duration_seconds, bpm, track_number) VALUES (5037, 663, 'Sport simply approach dinner traditional', 223, 140, 1);
INSERT INTO song (song_id, album_id, name, duration_seconds, bpm, track_number) VALUES (5038, 663, 'Five argue', 430, 133, 2);
INSERT INTO song (song_id, album_id, name, duration_seconds, bpm, track_number) VALUES (5039, 663, 'Work improve various above total', 278, 154, 3);
INSERT INTO song (song_id, album_id, name, duration_seconds, bpm, track_number) VALUES (5040, 663, 'Letter', 466, 117, 4);
INSERT INTO song (song_id, album_id, name, duration_seconds, bpm, track_number) VALUES (5041, 663, 'Something response', 426, 140, 5);
INSERT INTO song (song_id, album_id, name, duration_seconds, bpm, track_number) VALUES (5042, 663, 'Reduce', 164, 136, 6);
INSERT INTO song (song_id, album_id, name, duration_seconds, bpm, track_number) VALUES (5043, 663, 'Maybe machine management benefit avoid', 150, 66, 7);
INSERT INTO song (song_id, album_id, name, duration_seconds, bpm, track_number) VALUES (5044, 663, 'Argue range child', 379, 96, 8);
INSERT INTO album (album_id, artist_id, title, release_year, created_at) VALUES (664, 354, 'Cross-platform intangible migration', 1995, NOW());
INSERT INTO song (song_id, album_id, name, duration_seconds, bpm, track_number) VALUES (5045, 664, 'Remain news', 162, 157, 1);
INSERT INTO song (song_id, album_id, name, duration_seconds, bpm, track_number) VALUES (5046, 664, 'Beautiful weight heavy owner', 375, 62, 2);
INSERT INTO song (song_id, album_id, name, duration_seconds, bpm, track_number) VALUES (5047, 664, 'Effort question', 222, 165, 3);
INSERT INTO song (song_id, album_id, name, duration_seconds, bpm, track_number) VALUES (5048, 664, 'Man play', 223, 172, 4);
INSERT INTO song (song_id, album_id, name, duration_seconds, bpm, track_number) VALUES (5049, 664, 'Break thank', 423, 67, 5);
INSERT INTO song (song_id, album_id, name, duration_seconds, bpm, track_number) VALUES (5050, 664, 'Evening', 138, 132, 6);
INSERT INTO song (song_id, album_id, name, duration_seconds, bpm, track_number) VALUES (5051, 664, 'Position center', 232, 175, 7);
INSERT INTO song (song_id, album_id, name, duration_seconds, bpm, track_number) VALUES (5052, 664, 'There', 390, 170, 8);
INSERT INTO album (album_id, artist_id, title, release_year, created_at) VALUES (665, 354, 'Exclusive context-sensitive budgetary management', 1974, NOW());
INSERT INTO song (song_id, album_id, name, duration_seconds, bpm, track_number) VALUES (5053, 665, 'Reveal eight office Mr painting', 450, 115, 1);
INSERT INTO song (song_id, album_id, name, duration_seconds, bpm, track_number) VALUES (5054, 665, 'Near', 183, 90, 2);
INSERT INTO song (song_id, album_id, name, duration_seconds, bpm, track_number) VALUES (5055, 665, 'Over', 208, 113, 3);
INSERT INTO song (song_id, album_id, name, duration_seconds, bpm, track_number) VALUES (5056, 665, 'Special', 463, 139, 4);
INSERT INTO song (song_id, album_id, name, duration_seconds, bpm, track_number) VALUES (5057, 665, 'College drop', 431, 154, 5);
INSERT INTO album (album_id, artist_id, title, release_year, created_at) VALUES (666, 354, 'Proactive high-level toolset', 1996, NOW());
INSERT INTO song (song_id, album_id, name, duration_seconds, bpm, track_number) VALUES (5058, 666, 'Foreign', 237, 107, 1);
INSERT INTO song (song_id, album_id, name, duration_seconds, bpm, track_number) VALUES (5059, 666, 'By tax', 233, 117, 2);
INSERT INTO song (song_id, album_id, name, duration_seconds, bpm, track_number) VALUES (5060, 666, 'Week true voice letter', 133, 177, 3);
INSERT INTO song (song_id, album_id, name, duration_seconds, bpm, track_number) VALUES (5061, 666, 'Find', 463, 73, 4);
INSERT INTO song (song_id, album_id, name, duration_seconds, bpm, track_number) VALUES (5062, 666, 'Training', 165, 104, 5);
INSERT INTO song (song_id, album_id, name, duration_seconds, bpm, track_number) VALUES (5063, 666, 'Whatever for', 447, 99, 6);
INSERT INTO song (song_id, album_id, name, duration_seconds, bpm, track_number) VALUES (5064, 666, 'Knowledge', 374, 153, 7);
INSERT INTO album (album_id, artist_id, title, release_year, created_at) VALUES (667, 355, 'Cross-group incremental support', 1999, NOW());
INSERT INTO song (song_id, album_id, name, duration_seconds, bpm, track_number) VALUES (5065, 667, 'More', 385, 157, 1);
INSERT INTO song (song_id, album_id, name, duration_seconds, bpm, track_number) VALUES (5066, 667, 'Really see', 339, 109, 2);
INSERT INTO song (song_id, album_id, name, duration_seconds, bpm, track_number) VALUES (5067, 667, 'According weight', 412, 157, 3);
INSERT INTO song (song_id, album_id, name, duration_seconds, bpm, track_number) VALUES (5068, 667, 'Event', 259, 60, 4);
INSERT INTO song (song_id, album_id, name, duration_seconds, bpm, track_number) VALUES (5069, 667, 'Tree beat', 227, 174, 5);
INSERT INTO song (song_id, album_id, name, duration_seconds, bpm, track_number) VALUES (5070, 667, 'Bill', 295, 127, 6);
INSERT INTO song (song_id, album_id, name, duration_seconds, bpm, track_number) VALUES (5071, 667, 'Politics statement say', 468, 68, 7);
INSERT INTO song (song_id, album_id, name, duration_seconds, bpm, track_number) VALUES (5072, 667, 'Between group PM serious someone', 330, 138, 8);
INSERT INTO album (album_id, artist_id, title, release_year, created_at) VALUES (668, 356, 'Diverse foreground benchmark', 1970, NOW());
INSERT INTO song (song_id, album_id, name, duration_seconds, bpm, track_number) VALUES (5073, 668, 'Pressure', 241, 86, 1);
INSERT INTO song (song_id, album_id, name, duration_seconds, bpm, track_number) VALUES (5074, 668, 'Study may pass leader', 442, 127, 2);
INSERT INTO song (song_id, album_id, name, duration_seconds, bpm, track_number) VALUES (5075, 668, 'Mouth laugh hospital practice', 357, 70, 3);
INSERT INTO song (song_id, album_id, name, duration_seconds, bpm, track_number) VALUES (5076, 668, 'Behind', 275, 96, 4);
INSERT INTO song (song_id, album_id, name, duration_seconds, bpm, track_number) VALUES (5077, 668, 'Air', 317, 101, 5);
INSERT INTO song (song_id, album_id, name, duration_seconds, bpm, track_number) VALUES (5078, 668, 'Forget consider', 346, 117, 6);
INSERT INTO song (song_id, album_id, name, duration_seconds, bpm, track_number) VALUES (5079, 668, 'Prevent', 140, 121, 7);
INSERT INTO song (song_id, album_id, name, duration_seconds, bpm, track_number) VALUES (5080, 668, 'Old', 310, 142, 8);
INSERT INTO song (song_id, album_id, name, duration_seconds, bpm, track_number) VALUES (5081, 668, 'Both', 376, 103, 9);
INSERT INTO song (song_id, album_id, name, duration_seconds, bpm, track_number) VALUES (5082, 668, 'Southern American human', 191, 129, 10);
INSERT INTO album (album_id, artist_id, title, release_year, created_at) VALUES (669, 356, 'Operative leadingedge process improvement', 2011, NOW());
INSERT INTO song (song_id, album_id, name, duration_seconds, bpm, track_number) VALUES (5083, 669, 'Security', 328, 152, 1);
INSERT INTO song (song_id, album_id, name, duration_seconds, bpm, track_number) VALUES (5084, 669, 'Bring', 329, 62, 2);
INSERT INTO song (song_id, album_id, name, duration_seconds, bpm, track_number) VALUES (5085, 669, 'His church back', 443, 140, 3);
INSERT INTO song (song_id, album_id, name, duration_seconds, bpm, track_number) VALUES (5086, 669, 'Hear', 156, 178, 4);
INSERT INTO song (song_id, album_id, name, duration_seconds, bpm, track_number) VALUES (5087, 669, 'Time inside', 428, 126, 5);
INSERT INTO song (song_id, album_id, name, duration_seconds, bpm, track_number) VALUES (5088, 669, 'Choose election', 138, 139, 6);
INSERT INTO song (song_id, album_id, name, duration_seconds, bpm, track_number) VALUES (5089, 669, 'Growth', 219, 83, 7);
INSERT INTO song (song_id, album_id, name, duration_seconds, bpm, track_number) VALUES (5090, 669, 'Local', 455, 94, 8);
INSERT INTO album (album_id, artist_id, title, release_year, created_at) VALUES (670, 357, 'Right-sized static moratorium', 1992, NOW());
INSERT INTO song (song_id, album_id, name, duration_seconds, bpm, track_number) VALUES (5091, 670, 'Think performance', 461, 134, 1);
INSERT INTO song (song_id, album_id, name, duration_seconds, bpm, track_number) VALUES (5092, 670, 'Number common', 274, 60, 2);
INSERT INTO song (song_id, album_id, name, duration_seconds, bpm, track_number) VALUES (5093, 670, 'Debate', 287, 172, 3);
INSERT INTO song (song_id, album_id, name, duration_seconds, bpm, track_number) VALUES (5094, 670, 'Old', 387, 88, 4);
INSERT INTO song (song_id, album_id, name, duration_seconds, bpm, track_number) VALUES (5095, 670, 'Any', 386, 106, 5);
INSERT INTO song (song_id, album_id, name, duration_seconds, bpm, track_number) VALUES (5096, 670, 'Figure', 316, 153, 6);
INSERT INTO album (album_id, artist_id, title, release_year, created_at) VALUES (671, 357, 'Re-engineered leadingedge extranet', 2017, NOW());
INSERT INTO song (song_id, album_id, name, duration_seconds, bpm, track_number) VALUES (5097, 671, 'Training miss today design', 427, 74, 1);
INSERT INTO song (song_id, album_id, name, duration_seconds, bpm, track_number) VALUES (5098, 671, 'Stop', 184, 98, 2);
INSERT INTO song (song_id, album_id, name, duration_seconds, bpm, track_number) VALUES (5099, 671, 'Despite available', 299, 100, 3);
INSERT INTO song (song_id, album_id, name, duration_seconds, bpm, track_number) VALUES (5100, 671, 'Huge', 375, 83, 4);
INSERT INTO song (song_id, album_id, name, duration_seconds, bpm, track_number) VALUES (5101, 671, 'Such art environmental', 445, 119, 5);
INSERT INTO song (song_id, album_id, name, duration_seconds, bpm, track_number) VALUES (5102, 671, 'Employee', 321, 91, 6);
INSERT INTO song (song_id, album_id, name, duration_seconds, bpm, track_number) VALUES (5103, 671, 'Record', 216, 164, 7);
INSERT INTO song (song_id, album_id, name, duration_seconds, bpm, track_number) VALUES (5104, 671, 'Likely', 247, 66, 8);
INSERT INTO song (song_id, album_id, name, duration_seconds, bpm, track_number) VALUES (5105, 671, 'Religious miss know', 454, 171, 9);
INSERT INTO album (album_id, artist_id, title, release_year, created_at) VALUES (672, 358, 'Multi-tiered 3rdgeneration website', 1981, NOW());
INSERT INTO song (song_id, album_id, name, duration_seconds, bpm, track_number) VALUES (5106, 672, 'Whose television', 413, 141, 1);
INSERT INTO song (song_id, album_id, name, duration_seconds, bpm, track_number) VALUES (5107, 672, 'She save', 217, 134, 2);
INSERT INTO song (song_id, album_id, name, duration_seconds, bpm, track_number) VALUES (5108, 672, 'Either spring', 226, 118, 3);
INSERT INTO song (song_id, album_id, name, duration_seconds, bpm, track_number) VALUES (5109, 672, 'Notice street', 360, 154, 4);
INSERT INTO song (song_id, album_id, name, duration_seconds, bpm, track_number) VALUES (5110, 672, 'South', 452, 97, 5);
INSERT INTO song (song_id, album_id, name, duration_seconds, bpm, track_number) VALUES (5111, 672, 'Road', 157, 89, 6);
INSERT INTO album (album_id, artist_id, title, release_year, created_at) VALUES (673, 359, 'Reduced executive conglomeration', 2016, NOW());
INSERT INTO song (song_id, album_id, name, duration_seconds, bpm, track_number) VALUES (5112, 673, 'Whole upon imagine', 145, 143, 1);
INSERT INTO song (song_id, album_id, name, duration_seconds, bpm, track_number) VALUES (5113, 673, 'Decision pattern agent', 341, 163, 2);
INSERT INTO song (song_id, album_id, name, duration_seconds, bpm, track_number) VALUES (5114, 673, 'Fall on nothing try', 247, 126, 3);
INSERT INTO song (song_id, album_id, name, duration_seconds, bpm, track_number) VALUES (5115, 673, 'Effect', 390, 134, 4);
INSERT INTO song (song_id, album_id, name, duration_seconds, bpm, track_number) VALUES (5116, 673, 'Science serve floor simple', 134, 129, 5);
INSERT INTO song (song_id, album_id, name, duration_seconds, bpm, track_number) VALUES (5117, 673, 'Apply', 431, 167, 6);
INSERT INTO song (song_id, album_id, name, duration_seconds, bpm, track_number) VALUES (5118, 673, 'Child case conference store', 256, 91, 7);
INSERT INTO song (song_id, album_id, name, duration_seconds, bpm, track_number) VALUES (5119, 673, 'Produce', 247, 100, 8);
INSERT INTO song (song_id, album_id, name, duration_seconds, bpm, track_number) VALUES (5120, 673, 'Easy', 363, 112, 9);
INSERT INTO song (song_id, album_id, name, duration_seconds, bpm, track_number) VALUES (5121, 673, 'President', 220, 89, 10);
INSERT INTO album (album_id, artist_id, title, release_year, created_at) VALUES (674, 360, 'Automated discrete flexibility', 1997, NOW());
INSERT INTO song (song_id, album_id, name, duration_seconds, bpm, track_number) VALUES (5122, 674, 'Respond last really', 351, 159, 1);
INSERT INTO song (song_id, album_id, name, duration_seconds, bpm, track_number) VALUES (5123, 674, 'Style make receive', 480, 150, 2);
INSERT INTO song (song_id, album_id, name, duration_seconds, bpm, track_number) VALUES (5124, 674, 'Key rate', 408, 116, 3);
INSERT INTO song (song_id, album_id, name, duration_seconds, bpm, track_number) VALUES (5125, 674, 'South', 281, 93, 4);
INSERT INTO song (song_id, album_id, name, duration_seconds, bpm, track_number) VALUES (5126, 674, 'Painting action', 213, 104, 5);
INSERT INTO song (song_id, album_id, name, duration_seconds, bpm, track_number) VALUES (5127, 674, 'Again', 408, 172, 6);
INSERT INTO song (song_id, album_id, name, duration_seconds, bpm, track_number) VALUES (5128, 674, 'Lay region', 163, 94, 7);
INSERT INTO song (song_id, album_id, name, duration_seconds, bpm, track_number) VALUES (5129, 674, 'Blood language out', 161, 113, 8);
INSERT INTO song (song_id, album_id, name, duration_seconds, bpm, track_number) VALUES (5130, 674, 'Computer finish participant', 231, 169, 9);
INSERT INTO album (album_id, artist_id, title, release_year, created_at) VALUES (675, 360, 'Operative 6thgeneration toolset', 2010, NOW());
INSERT INTO song (song_id, album_id, name, duration_seconds, bpm, track_number) VALUES (5131, 675, 'Pass military', 276, 164, 1);
INSERT INTO song (song_id, album_id, name, duration_seconds, bpm, track_number) VALUES (5132, 675, 'Very account political', 298, 124, 2);
INSERT INTO song (song_id, album_id, name, duration_seconds, bpm, track_number) VALUES (5133, 675, 'Agent there pull', 182, 153, 3);
INSERT INTO song (song_id, album_id, name, duration_seconds, bpm, track_number) VALUES (5134, 675, 'Trade', 360, 83, 4);
INSERT INTO song (song_id, album_id, name, duration_seconds, bpm, track_number) VALUES (5135, 675, 'Contain despite long', 408, 120, 5);
INSERT INTO song (song_id, album_id, name, duration_seconds, bpm, track_number) VALUES (5136, 675, 'Someone will', 264, 61, 6);
INSERT INTO album (album_id, artist_id, title, release_year, created_at) VALUES (676, 360, 'Secured demand-driven paradigm', 2006, NOW());
INSERT INTO song (song_id, album_id, name, duration_seconds, bpm, track_number) VALUES (5137, 676, 'Open positive', 174, 102, 1);
INSERT INTO song (song_id, album_id, name, duration_seconds, bpm, track_number) VALUES (5138, 676, 'Suggest individual try', 212, 175, 2);
INSERT INTO song (song_id, album_id, name, duration_seconds, bpm, track_number) VALUES (5139, 676, 'Difference agree', 166, 125, 3);
INSERT INTO song (song_id, album_id, name, duration_seconds, bpm, track_number) VALUES (5140, 676, 'Work', 145, 116, 4);
INSERT INTO song (song_id, album_id, name, duration_seconds, bpm, track_number) VALUES (5141, 676, 'Lose employee', 215, 141, 5);
INSERT INTO song (song_id, album_id, name, duration_seconds, bpm, track_number) VALUES (5142, 676, 'Another professional benefit', 369, 70, 6);
INSERT INTO song (song_id, album_id, name, duration_seconds, bpm, track_number) VALUES (5143, 676, 'Leader until fish reach', 423, 168, 7);
INSERT INTO song (song_id, album_id, name, duration_seconds, bpm, track_number) VALUES (5144, 676, 'Middle', 278, 95, 8);
INSERT INTO song (song_id, album_id, name, duration_seconds, bpm, track_number) VALUES (5145, 676, 'Subject', 277, 177, 9);
INSERT INTO song (song_id, album_id, name, duration_seconds, bpm, track_number) VALUES (5146, 676, 'Mouth', 452, 95, 10);
INSERT INTO album (album_id, artist_id, title, release_year, created_at) VALUES (677, 361, 'Switchable 24hour pricing structure', 2003, NOW());
INSERT INTO song (song_id, album_id, name, duration_seconds, bpm, track_number) VALUES (5147, 677, 'Suggest author', 340, 74, 1);
INSERT INTO song (song_id, album_id, name, duration_seconds, bpm, track_number) VALUES (5148, 677, 'Picture capital', 228, 96, 2);
INSERT INTO song (song_id, album_id, name, duration_seconds, bpm, track_number) VALUES (5149, 677, 'Risk', 266, 124, 3);
INSERT INTO song (song_id, album_id, name, duration_seconds, bpm, track_number) VALUES (5150, 677, 'Others wear', 458, 175, 4);
INSERT INTO song (song_id, album_id, name, duration_seconds, bpm, track_number) VALUES (5151, 677, 'Soon big win because', 366, 178, 5);
INSERT INTO song (song_id, album_id, name, duration_seconds, bpm, track_number) VALUES (5152, 677, 'Move', 194, 146, 6);
INSERT INTO album (album_id, artist_id, title, release_year, created_at) VALUES (678, 361, 'Centralized tertiary Local Area Network', 1977, NOW());
INSERT INTO song (song_id, album_id, name, duration_seconds, bpm, track_number) VALUES (5153, 678, 'Training', 335, 169, 1);
INSERT INTO song (song_id, album_id, name, duration_seconds, bpm, track_number) VALUES (5154, 678, 'Happy relate front', 295, 120, 2);
INSERT INTO song (song_id, album_id, name, duration_seconds, bpm, track_number) VALUES (5155, 678, 'Year just', 259, 109, 3);
INSERT INTO song (song_id, album_id, name, duration_seconds, bpm, track_number) VALUES (5156, 678, 'Staff', 266, 106, 4);
INSERT INTO song (song_id, album_id, name, duration_seconds, bpm, track_number) VALUES (5157, 678, 'Lot investment', 347, 91, 5);
INSERT INTO song (song_id, album_id, name, duration_seconds, bpm, track_number) VALUES (5158, 678, 'Probably', 435, 75, 6);
INSERT INTO song (song_id, album_id, name, duration_seconds, bpm, track_number) VALUES (5159, 678, 'Offer win strategy', 403, 68, 7);
INSERT INTO album (album_id, artist_id, title, release_year, created_at) VALUES (679, 362, 'Virtual bandwidth-monitored collaboration', 1998, NOW());
INSERT INTO song (song_id, album_id, name, duration_seconds, bpm, track_number) VALUES (5160, 679, 'Glass health', 406, 176, 1);
INSERT INTO song (song_id, album_id, name, duration_seconds, bpm, track_number) VALUES (5161, 679, 'Firm pattern while', 160, 86, 2);
INSERT INTO song (song_id, album_id, name, duration_seconds, bpm, track_number) VALUES (5162, 679, 'Church general game sense', 448, 119, 3);
INSERT INTO song (song_id, album_id, name, duration_seconds, bpm, track_number) VALUES (5163, 679, 'Billion', 250, 83, 4);
INSERT INTO song (song_id, album_id, name, duration_seconds, bpm, track_number) VALUES (5164, 679, 'Rule', 398, 97, 5);
INSERT INTO song (song_id, album_id, name, duration_seconds, bpm, track_number) VALUES (5165, 679, 'Again prove', 278, 109, 6);
INSERT INTO song (song_id, album_id, name, duration_seconds, bpm, track_number) VALUES (5166, 679, 'Source', 327, 161, 7);
INSERT INTO album (album_id, artist_id, title, release_year, created_at) VALUES (680, 362, 'Synchronized eco-centric ability', 1971, NOW());
INSERT INTO song (song_id, album_id, name, duration_seconds, bpm, track_number) VALUES (5167, 680, 'Past court commercial director', 158, 108, 1);
INSERT INTO song (song_id, album_id, name, duration_seconds, bpm, track_number) VALUES (5168, 680, 'Staff', 480, 110, 2);
INSERT INTO song (song_id, album_id, name, duration_seconds, bpm, track_number) VALUES (5169, 680, 'Behavior scene term', 466, 119, 3);
INSERT INTO song (song_id, album_id, name, duration_seconds, bpm, track_number) VALUES (5170, 680, 'East learn conference', 374, 107, 4);
INSERT INTO song (song_id, album_id, name, duration_seconds, bpm, track_number) VALUES (5171, 680, 'Agency project', 189, 83, 5);
INSERT INTO song (song_id, album_id, name, duration_seconds, bpm, track_number) VALUES (5172, 680, 'Force', 186, 104, 6);
INSERT INTO album (album_id, artist_id, title, release_year, created_at) VALUES (681, 362, 'Self-enabling heuristic approach', 1975, NOW());
INSERT INTO song (song_id, album_id, name, duration_seconds, bpm, track_number) VALUES (5173, 681, 'Professor theory plan edge his', 453, 168, 1);
INSERT INTO song (song_id, album_id, name, duration_seconds, bpm, track_number) VALUES (5174, 681, 'Serious until', 465, 62, 2);
INSERT INTO song (song_id, album_id, name, duration_seconds, bpm, track_number) VALUES (5175, 681, 'Great', 292, 154, 3);
INSERT INTO song (song_id, album_id, name, duration_seconds, bpm, track_number) VALUES (5176, 681, 'Happen trip', 425, 79, 4);
INSERT INTO song (song_id, album_id, name, duration_seconds, bpm, track_number) VALUES (5177, 681, 'Day change white', 260, 69, 5);
INSERT INTO song (song_id, album_id, name, duration_seconds, bpm, track_number) VALUES (5178, 681, 'Military understand marriage', 222, 83, 6);
INSERT INTO song (song_id, album_id, name, duration_seconds, bpm, track_number) VALUES (5179, 681, 'Structure film', 149, 114, 7);
INSERT INTO song (song_id, album_id, name, duration_seconds, bpm, track_number) VALUES (5180, 681, 'From', 204, 180, 8);
INSERT INTO album (album_id, artist_id, title, release_year, created_at) VALUES (682, 363, 'Organic reciprocal matrix', 1973, NOW());
INSERT INTO song (song_id, album_id, name, duration_seconds, bpm, track_number) VALUES (5181, 682, 'Discussion', 394, 143, 1);
INSERT INTO song (song_id, album_id, name, duration_seconds, bpm, track_number) VALUES (5182, 682, 'Where great', 289, 103, 2);
INSERT INTO song (song_id, album_id, name, duration_seconds, bpm, track_number) VALUES (5183, 682, 'Far', 304, 101, 3);
INSERT INTO song (song_id, album_id, name, duration_seconds, bpm, track_number) VALUES (5184, 682, 'Past agree serve', 130, 130, 4);
INSERT INTO song (song_id, album_id, name, duration_seconds, bpm, track_number) VALUES (5185, 682, 'Get smile pick', 229, 128, 5);
INSERT INTO song (song_id, album_id, name, duration_seconds, bpm, track_number) VALUES (5186, 682, 'Wait personal serve', 366, 151, 6);
INSERT INTO song (song_id, album_id, name, duration_seconds, bpm, track_number) VALUES (5187, 682, 'Hour fill school pass', 365, 121, 7);
INSERT INTO song (song_id, album_id, name, duration_seconds, bpm, track_number) VALUES (5188, 682, 'During increase tend', 354, 169, 8);
INSERT INTO song (song_id, album_id, name, duration_seconds, bpm, track_number) VALUES (5189, 682, 'Discuss project develop', 121, 83, 9);
INSERT INTO song (song_id, album_id, name, duration_seconds, bpm, track_number) VALUES (5190, 682, 'Democrat yard', 363, 147, 10);
INSERT INTO album (album_id, artist_id, title, release_year, created_at) VALUES (683, 363, 'Right-sized leadingedge model', 1990, NOW());
INSERT INTO song (song_id, album_id, name, duration_seconds, bpm, track_number) VALUES (5191, 683, 'Administration', 180, 78, 1);
INSERT INTO song (song_id, album_id, name, duration_seconds, bpm, track_number) VALUES (5192, 683, 'While left certain', 143, 84, 2);
INSERT INTO song (song_id, album_id, name, duration_seconds, bpm, track_number) VALUES (5193, 683, 'Top', 458, 65, 3);
INSERT INTO song (song_id, album_id, name, duration_seconds, bpm, track_number) VALUES (5194, 683, 'Capital', 381, 111, 4);
INSERT INTO song (song_id, album_id, name, duration_seconds, bpm, track_number) VALUES (5195, 683, 'Feel', 401, 168, 5);
INSERT INTO song (song_id, album_id, name, duration_seconds, bpm, track_number) VALUES (5196, 683, 'Challenge last sport major', 451, 112, 6);
INSERT INTO album (album_id, artist_id, title, release_year, created_at) VALUES (684, 364, 'Horizontal full-range service-desk', 1977, NOW());
INSERT INTO song (song_id, album_id, name, duration_seconds, bpm, track_number) VALUES (5197, 684, 'Course card adult rise radio', 364, 122, 1);
INSERT INTO song (song_id, album_id, name, duration_seconds, bpm, track_number) VALUES (5198, 684, 'Common', 163, 171, 2);
INSERT INTO song (song_id, album_id, name, duration_seconds, bpm, track_number) VALUES (5199, 684, 'Pattern cell despite', 289, 104, 3);
INSERT INTO song (song_id, album_id, name, duration_seconds, bpm, track_number) VALUES (5200, 684, 'Cost watch election', 207, 126, 4);
INSERT INTO song (song_id, album_id, name, duration_seconds, bpm, track_number) VALUES (5201, 684, 'Determine or', 443, 79, 5);
INSERT INTO song (song_id, album_id, name, duration_seconds, bpm, track_number) VALUES (5202, 684, 'Consider', 436, 134, 6);
INSERT INTO song (song_id, album_id, name, duration_seconds, bpm, track_number) VALUES (5203, 684, 'Then much', 366, 122, 7);
INSERT INTO album (album_id, artist_id, title, release_year, created_at) VALUES (685, 365, 'Open-source demand-driven focus group', 2024, NOW());
INSERT INTO song (song_id, album_id, name, duration_seconds, bpm, track_number) VALUES (5204, 685, 'Federal', 335, 124, 1);
INSERT INTO song (song_id, album_id, name, duration_seconds, bpm, track_number) VALUES (5205, 685, 'Indeed recently take store', 266, 170, 2);
INSERT INTO song (song_id, album_id, name, duration_seconds, bpm, track_number) VALUES (5206, 685, 'Him', 257, 96, 3);
INSERT INTO song (song_id, album_id, name, duration_seconds, bpm, track_number) VALUES (5207, 685, 'Less', 212, 67, 4);
INSERT INTO song (song_id, album_id, name, duration_seconds, bpm, track_number) VALUES (5208, 685, 'Doctor style', 373, 132, 5);
INSERT INTO song (song_id, album_id, name, duration_seconds, bpm, track_number) VALUES (5209, 685, 'Place section', 424, 139, 6);
INSERT INTO song (song_id, album_id, name, duration_seconds, bpm, track_number) VALUES (5210, 685, 'Within bad democratic', 164, 114, 7);
INSERT INTO song (song_id, album_id, name, duration_seconds, bpm, track_number) VALUES (5211, 685, 'Structure career government', 369, 64, 8);
INSERT INTO song (song_id, album_id, name, duration_seconds, bpm, track_number) VALUES (5212, 685, 'Herself', 333, 155, 9);
INSERT INTO song (song_id, album_id, name, duration_seconds, bpm, track_number) VALUES (5213, 685, 'Paper', 363, 123, 10);
INSERT INTO album (album_id, artist_id, title, release_year, created_at) VALUES (686, 365, 'Exclusive exuding adapter', 2026, NOW());
INSERT INTO song (song_id, album_id, name, duration_seconds, bpm, track_number) VALUES (5214, 686, 'Participant bank miss', 375, 110, 1);
INSERT INTO song (song_id, album_id, name, duration_seconds, bpm, track_number) VALUES (5215, 686, 'Role make', 263, 94, 2);
INSERT INTO song (song_id, album_id, name, duration_seconds, bpm, track_number) VALUES (5216, 686, 'Religious', 247, 82, 3);
INSERT INTO song (song_id, album_id, name, duration_seconds, bpm, track_number) VALUES (5217, 686, 'Media', 407, 87, 4);
INSERT INTO song (song_id, album_id, name, duration_seconds, bpm, track_number) VALUES (5218, 686, 'Strategy', 174, 129, 5);
INSERT INTO song (song_id, album_id, name, duration_seconds, bpm, track_number) VALUES (5219, 686, 'Happy democratic', 290, 71, 6);
INSERT INTO song (song_id, album_id, name, duration_seconds, bpm, track_number) VALUES (5220, 686, 'Government sea', 136, 72, 7);
INSERT INTO album (album_id, artist_id, title, release_year, created_at) VALUES (687, 366, 'Business-focused global application', 2005, NOW());
INSERT INTO song (song_id, album_id, name, duration_seconds, bpm, track_number) VALUES (5221, 687, 'Later ready', 349, 155, 1);
INSERT INTO song (song_id, album_id, name, duration_seconds, bpm, track_number) VALUES (5222, 687, 'Special', 266, 143, 2);
INSERT INTO song (song_id, album_id, name, duration_seconds, bpm, track_number) VALUES (5223, 687, 'Peace', 283, 167, 3);
INSERT INTO song (song_id, album_id, name, duration_seconds, bpm, track_number) VALUES (5224, 687, 'Box', 192, 110, 4);
INSERT INTO song (song_id, album_id, name, duration_seconds, bpm, track_number) VALUES (5225, 687, 'Measure glass', 193, 100, 5);
INSERT INTO song (song_id, album_id, name, duration_seconds, bpm, track_number) VALUES (5226, 687, 'Thought', 350, 173, 6);
INSERT INTO album (album_id, artist_id, title, release_year, created_at) VALUES (688, 367, 'Intuitive empowering focus group', 2017, NOW());
INSERT INTO song (song_id, album_id, name, duration_seconds, bpm, track_number) VALUES (5227, 688, 'Such her late fight', 468, 177, 1);
INSERT INTO song (song_id, album_id, name, duration_seconds, bpm, track_number) VALUES (5228, 688, 'Nearly', 383, 111, 2);
INSERT INTO song (song_id, album_id, name, duration_seconds, bpm, track_number) VALUES (5229, 688, 'Call', 260, 79, 3);
INSERT INTO song (song_id, album_id, name, duration_seconds, bpm, track_number) VALUES (5230, 688, 'Listen', 230, 86, 4);
INSERT INTO song (song_id, album_id, name, duration_seconds, bpm, track_number) VALUES (5231, 688, 'Officer however', 216, 72, 5);
INSERT INTO song (song_id, album_id, name, duration_seconds, bpm, track_number) VALUES (5232, 688, 'Information about', 268, 112, 6);
INSERT INTO song (song_id, album_id, name, duration_seconds, bpm, track_number) VALUES (5233, 688, 'Out simply', 428, 133, 7);
INSERT INTO song (song_id, album_id, name, duration_seconds, bpm, track_number) VALUES (5234, 688, 'Mother', 315, 92, 8);
INSERT INTO song (song_id, album_id, name, duration_seconds, bpm, track_number) VALUES (5235, 688, 'You', 430, 99, 9);
INSERT INTO song (song_id, album_id, name, duration_seconds, bpm, track_number) VALUES (5236, 688, 'Simply', 475, 150, 10);
INSERT INTO album (album_id, artist_id, title, release_year, created_at) VALUES (689, 367, 'Automated bi-directional customer loyalty', 1997, NOW());
INSERT INTO song (song_id, album_id, name, duration_seconds, bpm, track_number) VALUES (5237, 689, 'Trade mention think them', 195, 114, 1);
INSERT INTO song (song_id, album_id, name, duration_seconds, bpm, track_number) VALUES (5238, 689, 'Single research', 388, 76, 2);
INSERT INTO song (song_id, album_id, name, duration_seconds, bpm, track_number) VALUES (5239, 689, 'Glass during', 181, 91, 3);
INSERT INTO song (song_id, album_id, name, duration_seconds, bpm, track_number) VALUES (5240, 689, 'Some imagine', 457, 159, 4);
INSERT INTO song (song_id, album_id, name, duration_seconds, bpm, track_number) VALUES (5241, 689, 'Yet skill', 239, 132, 5);
INSERT INTO song (song_id, album_id, name, duration_seconds, bpm, track_number) VALUES (5242, 689, 'Foreign husband win', 458, 113, 6);
INSERT INTO song (song_id, album_id, name, duration_seconds, bpm, track_number) VALUES (5243, 689, 'Win defense', 400, 63, 7);
INSERT INTO song (song_id, album_id, name, duration_seconds, bpm, track_number) VALUES (5244, 689, 'Face', 140, 101, 8);
INSERT INTO song (song_id, album_id, name, duration_seconds, bpm, track_number) VALUES (5245, 689, 'Past', 206, 61, 9);
INSERT INTO album (album_id, artist_id, title, release_year, created_at) VALUES (690, 368, 'Synchronized object-oriented model', 2018, NOW());
INSERT INTO song (song_id, album_id, name, duration_seconds, bpm, track_number) VALUES (5246, 690, 'Present want fine', 321, 164, 1);
INSERT INTO song (song_id, album_id, name, duration_seconds, bpm, track_number) VALUES (5247, 690, 'Chance which pass south', 365, 137, 2);
INSERT INTO song (song_id, album_id, name, duration_seconds, bpm, track_number) VALUES (5248, 690, 'Down head', 425, 87, 3);
INSERT INTO song (song_id, album_id, name, duration_seconds, bpm, track_number) VALUES (5249, 690, 'Small trouble', 370, 109, 4);
INSERT INTO song (song_id, album_id, name, duration_seconds, bpm, track_number) VALUES (5250, 690, 'Organization whole adult world', 377, 76, 5);
INSERT INTO album (album_id, artist_id, title, release_year, created_at) VALUES (691, 369, 'Reduced needs-based pricing structure', 2019, NOW());
INSERT INTO song (song_id, album_id, name, duration_seconds, bpm, track_number) VALUES (5251, 691, 'Hundred simple race type', 251, 178, 1);
INSERT INTO song (song_id, album_id, name, duration_seconds, bpm, track_number) VALUES (5252, 691, 'Determine hard often', 479, 67, 2);
INSERT INTO song (song_id, album_id, name, duration_seconds, bpm, track_number) VALUES (5253, 691, 'So base turn', 408, 167, 3);
INSERT INTO song (song_id, album_id, name, duration_seconds, bpm, track_number) VALUES (5254, 691, 'Great', 157, 67, 4);
INSERT INTO song (song_id, album_id, name, duration_seconds, bpm, track_number) VALUES (5255, 691, 'Manager', 257, 142, 5);
INSERT INTO song (song_id, album_id, name, duration_seconds, bpm, track_number) VALUES (5256, 691, 'Act', 458, 173, 6);
INSERT INTO song (song_id, album_id, name, duration_seconds, bpm, track_number) VALUES (5257, 691, 'Military radio seven', 293, 124, 7);
INSERT INTO song (song_id, album_id, name, duration_seconds, bpm, track_number) VALUES (5258, 691, 'Side dog music', 162, 78, 8);
INSERT INTO album (album_id, artist_id, title, release_year, created_at) VALUES (692, 370, 'Down-sized reciprocal Local Area Network', 2020, NOW());
INSERT INTO song (song_id, album_id, name, duration_seconds, bpm, track_number) VALUES (5259, 692, 'Back throughout', 312, 62, 1);
INSERT INTO song (song_id, album_id, name, duration_seconds, bpm, track_number) VALUES (5260, 692, 'Idea', 348, 89, 2);
INSERT INTO song (song_id, album_id, name, duration_seconds, bpm, track_number) VALUES (5261, 692, 'Night collection', 446, 84, 3);
INSERT INTO song (song_id, album_id, name, duration_seconds, bpm, track_number) VALUES (5262, 692, 'Assume north fall', 426, 76, 4);
INSERT INTO song (song_id, album_id, name, duration_seconds, bpm, track_number) VALUES (5263, 692, 'Act', 127, 73, 5);
INSERT INTO song (song_id, album_id, name, duration_seconds, bpm, track_number) VALUES (5264, 692, 'Foot outside American feeling', 409, 129, 6);
INSERT INTO song (song_id, album_id, name, duration_seconds, bpm, track_number) VALUES (5265, 692, 'School Mr', 135, 127, 7);
INSERT INTO song (song_id, album_id, name, duration_seconds, bpm, track_number) VALUES (5266, 692, 'Current', 200, 156, 8);
INSERT INTO song (song_id, album_id, name, duration_seconds, bpm, track_number) VALUES (5267, 692, 'Note', 313, 146, 9);
INSERT INTO song (song_id, album_id, name, duration_seconds, bpm, track_number) VALUES (5268, 692, 'Coach will', 194, 114, 10);
INSERT INTO album (album_id, artist_id, title, release_year, created_at) VALUES (693, 370, 'Ameliorated executive architecture', 2010, NOW());
INSERT INTO song (song_id, album_id, name, duration_seconds, bpm, track_number) VALUES (5269, 693, 'News', 419, 102, 1);
INSERT INTO song (song_id, album_id, name, duration_seconds, bpm, track_number) VALUES (5270, 693, 'Center suffer', 376, 75, 2);
INSERT INTO song (song_id, album_id, name, duration_seconds, bpm, track_number) VALUES (5271, 693, 'Fish look', 376, 176, 3);
INSERT INTO song (song_id, album_id, name, duration_seconds, bpm, track_number) VALUES (5272, 693, 'Enough example', 217, 128, 4);
INSERT INTO song (song_id, album_id, name, duration_seconds, bpm, track_number) VALUES (5273, 693, 'Page', 137, 125, 5);
INSERT INTO song (song_id, album_id, name, duration_seconds, bpm, track_number) VALUES (5274, 693, 'Central various particular', 161, 98, 6);
INSERT INTO album (album_id, artist_id, title, release_year, created_at) VALUES (694, 370, 'Sharable human-resource array', 2024, NOW());
INSERT INTO song (song_id, album_id, name, duration_seconds, bpm, track_number) VALUES (5275, 694, 'Part', 165, 102, 1);
INSERT INTO song (song_id, album_id, name, duration_seconds, bpm, track_number) VALUES (5276, 694, 'Field cell', 243, 177, 2);
INSERT INTO song (song_id, album_id, name, duration_seconds, bpm, track_number) VALUES (5277, 694, 'First best race', 377, 70, 3);
INSERT INTO song (song_id, album_id, name, duration_seconds, bpm, track_number) VALUES (5278, 694, 'Star', 407, 71, 4);
INSERT INTO song (song_id, album_id, name, duration_seconds, bpm, track_number) VALUES (5279, 694, 'Idea', 467, 177, 5);
INSERT INTO song (song_id, album_id, name, duration_seconds, bpm, track_number) VALUES (5280, 694, 'Thus', 413, 96, 6);
INSERT INTO song (song_id, album_id, name, duration_seconds, bpm, track_number) VALUES (5281, 694, 'He prevent', 127, 112, 7);
INSERT INTO album (album_id, artist_id, title, release_year, created_at) VALUES (695, 371, 'Configurable incremental implementation', 1980, NOW());
INSERT INTO song (song_id, album_id, name, duration_seconds, bpm, track_number) VALUES (5282, 695, 'Spend hold look', 214, 180, 1);
INSERT INTO song (song_id, album_id, name, duration_seconds, bpm, track_number) VALUES (5283, 695, 'Be', 255, 171, 2);
INSERT INTO song (song_id, album_id, name, duration_seconds, bpm, track_number) VALUES (5284, 695, 'Agreement surface', 446, 99, 3);
INSERT INTO song (song_id, album_id, name, duration_seconds, bpm, track_number) VALUES (5285, 695, 'Interesting', 438, 99, 4);
INSERT INTO song (song_id, album_id, name, duration_seconds, bpm, track_number) VALUES (5286, 695, 'One', 222, 175, 5);
INSERT INTO song (song_id, album_id, name, duration_seconds, bpm, track_number) VALUES (5287, 695, 'Other thought', 358, 86, 6);
INSERT INTO song (song_id, album_id, name, duration_seconds, bpm, track_number) VALUES (5288, 695, 'Probably', 169, 76, 7);
INSERT INTO song (song_id, album_id, name, duration_seconds, bpm, track_number) VALUES (5289, 695, 'Him know', 299, 173, 8);
INSERT INTO album (album_id, artist_id, title, release_year, created_at) VALUES (696, 371, 'Total object-oriented encoding', 2003, NOW());
INSERT INTO song (song_id, album_id, name, duration_seconds, bpm, track_number) VALUES (5290, 696, 'Leg officer', 364, 167, 1);
INSERT INTO song (song_id, album_id, name, duration_seconds, bpm, track_number) VALUES (5291, 696, 'Bill standard', 410, 69, 2);
INSERT INTO song (song_id, album_id, name, duration_seconds, bpm, track_number) VALUES (5292, 696, 'Side', 455, 144, 3);
INSERT INTO song (song_id, album_id, name, duration_seconds, bpm, track_number) VALUES (5293, 696, 'Simple such', 467, 154, 4);
INSERT INTO song (song_id, album_id, name, duration_seconds, bpm, track_number) VALUES (5294, 696, 'Air create never', 291, 139, 5);
INSERT INTO song (song_id, album_id, name, duration_seconds, bpm, track_number) VALUES (5295, 696, 'Long', 334, 65, 6);
INSERT INTO song (song_id, album_id, name, duration_seconds, bpm, track_number) VALUES (5296, 696, 'Audience', 288, 102, 7);
INSERT INTO song (song_id, album_id, name, duration_seconds, bpm, track_number) VALUES (5297, 696, 'Admit stay', 243, 95, 8);
INSERT INTO song (song_id, album_id, name, duration_seconds, bpm, track_number) VALUES (5298, 696, 'Mind', 266, 87, 9);
INSERT INTO album (album_id, artist_id, title, release_year, created_at) VALUES (697, 372, 'Customizable transitional paradigm', 1988, NOW());
INSERT INTO song (song_id, album_id, name, duration_seconds, bpm, track_number) VALUES (5299, 697, 'Whose tax people', 228, 122, 1);
INSERT INTO song (song_id, album_id, name, duration_seconds, bpm, track_number) VALUES (5300, 697, 'Officer shoulder politics', 268, 167, 2);
INSERT INTO song (song_id, album_id, name, duration_seconds, bpm, track_number) VALUES (5301, 697, 'Score ready page', 446, 173, 3);
INSERT INTO song (song_id, album_id, name, duration_seconds, bpm, track_number) VALUES (5302, 697, 'Traditional mind ball', 438, 75, 4);
INSERT INTO song (song_id, album_id, name, duration_seconds, bpm, track_number) VALUES (5303, 697, 'Animal pass across north', 360, 146, 5);
INSERT INTO album (album_id, artist_id, title, release_year, created_at) VALUES (698, 372, 'Cloned hybrid standardization', 2026, NOW());
INSERT INTO song (song_id, album_id, name, duration_seconds, bpm, track_number) VALUES (5304, 698, 'Into', 150, 143, 1);
INSERT INTO song (song_id, album_id, name, duration_seconds, bpm, track_number) VALUES (5305, 698, 'Amount can article', 329, 62, 2);
INSERT INTO song (song_id, album_id, name, duration_seconds, bpm, track_number) VALUES (5306, 698, 'Audience', 193, 124, 3);
INSERT INTO song (song_id, album_id, name, duration_seconds, bpm, track_number) VALUES (5307, 698, 'Tonight', 261, 148, 4);
INSERT INTO song (song_id, album_id, name, duration_seconds, bpm, track_number) VALUES (5308, 698, 'Spend think', 421, 137, 5);
INSERT INTO song (song_id, album_id, name, duration_seconds, bpm, track_number) VALUES (5309, 698, 'Describe quality', 123, 117, 6);
INSERT INTO song (song_id, album_id, name, duration_seconds, bpm, track_number) VALUES (5310, 698, 'Increase', 132, 77, 7);
INSERT INTO song (song_id, album_id, name, duration_seconds, bpm, track_number) VALUES (5311, 698, 'Share', 204, 69, 8);
INSERT INTO song (song_id, album_id, name, duration_seconds, bpm, track_number) VALUES (5312, 698, 'Country ability per follow', 455, 87, 9);
INSERT INTO album (album_id, artist_id, title, release_year, created_at) VALUES (699, 372, 'Synchronized hybrid alliance', 2025, NOW());
INSERT INTO song (song_id, album_id, name, duration_seconds, bpm, track_number) VALUES (5313, 699, 'Time', 449, 77, 1);
INSERT INTO song (song_id, album_id, name, duration_seconds, bpm, track_number) VALUES (5314, 699, 'Car', 229, 133, 2);
INSERT INTO song (song_id, album_id, name, duration_seconds, bpm, track_number) VALUES (5315, 699, 'Pull evidence know painting remain', 366, 103, 3);
INSERT INTO song (song_id, album_id, name, duration_seconds, bpm, track_number) VALUES (5316, 699, 'Language policy message', 125, 72, 4);
INSERT INTO song (song_id, album_id, name, duration_seconds, bpm, track_number) VALUES (5317, 699, 'Lead laugh whose', 127, 71, 5);
INSERT INTO song (song_id, album_id, name, duration_seconds, bpm, track_number) VALUES (5318, 699, 'Interesting marriage', 150, 118, 6);
INSERT INTO song (song_id, album_id, name, duration_seconds, bpm, track_number) VALUES (5319, 699, 'Production', 158, 123, 7);
INSERT INTO song (song_id, album_id, name, duration_seconds, bpm, track_number) VALUES (5320, 699, 'Near since', 311, 127, 8);
INSERT INTO song (song_id, album_id, name, duration_seconds, bpm, track_number) VALUES (5321, 699, 'Mother quite information', 120, 146, 9);
INSERT INTO album (album_id, artist_id, title, release_year, created_at) VALUES (700, 373, 'Optional transitional contingency', 2020, NOW());
INSERT INTO song (song_id, album_id, name, duration_seconds, bpm, track_number) VALUES (5322, 700, 'Exist start', 419, 135, 1);
INSERT INTO song (song_id, album_id, name, duration_seconds, bpm, track_number) VALUES (5323, 700, 'During', 333, 178, 2);
INSERT INTO song (song_id, album_id, name, duration_seconds, bpm, track_number) VALUES (5324, 700, 'Or beyond require save again', 264, 78, 3);
INSERT INTO song (song_id, album_id, name, duration_seconds, bpm, track_number) VALUES (5325, 700, 'Mr themselves', 309, 99, 4);
INSERT INTO song (song_id, album_id, name, duration_seconds, bpm, track_number) VALUES (5326, 700, 'Between', 179, 129, 5);
INSERT INTO song (song_id, album_id, name, duration_seconds, bpm, track_number) VALUES (5327, 700, 'Around score', 237, 170, 6);
INSERT INTO song (song_id, album_id, name, duration_seconds, bpm, track_number) VALUES (5328, 700, 'Get', 439, 73, 7);
INSERT INTO song (song_id, album_id, name, duration_seconds, bpm, track_number) VALUES (5329, 700, 'For', 155, 74, 8);
INSERT INTO song (song_id, album_id, name, duration_seconds, bpm, track_number) VALUES (5330, 700, 'Team', 155, 86, 9);
INSERT INTO album (album_id, artist_id, title, release_year, created_at) VALUES (701, 373, 'Stand-alone contextually-based architecture', 2002, NOW());
INSERT INTO song (song_id, album_id, name, duration_seconds, bpm, track_number) VALUES (5331, 701, 'Activity', 181, 105, 1);
INSERT INTO song (song_id, album_id, name, duration_seconds, bpm, track_number) VALUES (5332, 701, 'Represent time drop', 442, 128, 2);
INSERT INTO song (song_id, album_id, name, duration_seconds, bpm, track_number) VALUES (5333, 701, 'New blue sea', 429, 71, 3);
INSERT INTO song (song_id, album_id, name, duration_seconds, bpm, track_number) VALUES (5334, 701, 'This', 243, 139, 4);
INSERT INTO song (song_id, album_id, name, duration_seconds, bpm, track_number) VALUES (5335, 701, 'Sure them section', 284, 61, 5);
INSERT INTO song (song_id, album_id, name, duration_seconds, bpm, track_number) VALUES (5336, 701, 'Black help stand', 273, 167, 6);
INSERT INTO song (song_id, album_id, name, duration_seconds, bpm, track_number) VALUES (5337, 701, 'Price', 417, 103, 7);
INSERT INTO song (song_id, album_id, name, duration_seconds, bpm, track_number) VALUES (5338, 701, 'Color', 374, 141, 8);
INSERT INTO song (song_id, album_id, name, duration_seconds, bpm, track_number) VALUES (5339, 701, 'Head', 376, 134, 9);
INSERT INTO album (album_id, artist_id, title, release_year, created_at) VALUES (702, 373, 'Innovative grid-enabled conglomeration', 2012, NOW());
INSERT INTO song (song_id, album_id, name, duration_seconds, bpm, track_number) VALUES (5340, 702, 'Certainly', 427, 129, 1);
INSERT INTO song (song_id, album_id, name, duration_seconds, bpm, track_number) VALUES (5341, 702, 'Buy', 209, 164, 2);
INSERT INTO song (song_id, album_id, name, duration_seconds, bpm, track_number) VALUES (5342, 702, 'Probably figure account', 382, 89, 3);
INSERT INTO song (song_id, album_id, name, duration_seconds, bpm, track_number) VALUES (5343, 702, 'Take administration born three', 444, 163, 4);
INSERT INTO song (song_id, album_id, name, duration_seconds, bpm, track_number) VALUES (5344, 702, 'Technology', 243, 162, 5);
INSERT INTO song (song_id, album_id, name, duration_seconds, bpm, track_number) VALUES (5345, 702, 'Public big daughter practice', 479, 143, 6);
INSERT INTO album (album_id, artist_id, title, release_year, created_at) VALUES (703, 374, 'Enterprise-wide impactful portal', 2003, NOW());
INSERT INTO song (song_id, album_id, name, duration_seconds, bpm, track_number) VALUES (5346, 703, 'Air', 276, 176, 1);
INSERT INTO song (song_id, album_id, name, duration_seconds, bpm, track_number) VALUES (5347, 703, 'Year learn leg outside', 357, 144, 2);
INSERT INTO song (song_id, album_id, name, duration_seconds, bpm, track_number) VALUES (5348, 703, 'Suffer oil job eat', 182, 76, 3);
INSERT INTO song (song_id, album_id, name, duration_seconds, bpm, track_number) VALUES (5349, 703, 'Possible make wrong', 154, 169, 4);
INSERT INTO song (song_id, album_id, name, duration_seconds, bpm, track_number) VALUES (5350, 703, 'Reflect', 195, 86, 5);
INSERT INTO song (song_id, album_id, name, duration_seconds, bpm, track_number) VALUES (5351, 703, 'Site know fact', 382, 172, 6);
INSERT INTO song (song_id, album_id, name, duration_seconds, bpm, track_number) VALUES (5352, 703, 'Capital already future', 144, 146, 7);
INSERT INTO album (album_id, artist_id, title, release_year, created_at) VALUES (704, 375, 'Distributed disintermediate installation', 1988, NOW());
INSERT INTO song (song_id, album_id, name, duration_seconds, bpm, track_number) VALUES (5353, 704, 'Choose', 247, 135, 1);
INSERT INTO song (song_id, album_id, name, duration_seconds, bpm, track_number) VALUES (5354, 704, 'Out writer create', 265, 103, 2);
INSERT INTO song (song_id, album_id, name, duration_seconds, bpm, track_number) VALUES (5355, 704, 'Door system', 457, 174, 3);
INSERT INTO song (song_id, album_id, name, duration_seconds, bpm, track_number) VALUES (5356, 704, 'Need affect give', 200, 140, 4);
INSERT INTO song (song_id, album_id, name, duration_seconds, bpm, track_number) VALUES (5357, 704, 'Economy', 131, 136, 5);
INSERT INTO song (song_id, album_id, name, duration_seconds, bpm, track_number) VALUES (5358, 704, 'Main', 452, 108, 6);
INSERT INTO song (song_id, album_id, name, duration_seconds, bpm, track_number) VALUES (5359, 704, 'Collection building relate born', 379, 131, 7);
INSERT INTO song (song_id, album_id, name, duration_seconds, bpm, track_number) VALUES (5360, 704, 'Control in', 338, 155, 8);
INSERT INTO album (album_id, artist_id, title, release_year, created_at) VALUES (705, 375, 'Digitized scalable system engine', 1999, NOW());
INSERT INTO song (song_id, album_id, name, duration_seconds, bpm, track_number) VALUES (5361, 705, 'Arm effect', 213, 172, 1);
INSERT INTO song (song_id, album_id, name, duration_seconds, bpm, track_number) VALUES (5362, 705, 'Enter', 306, 163, 2);
INSERT INTO song (song_id, album_id, name, duration_seconds, bpm, track_number) VALUES (5363, 705, 'Something tree', 306, 178, 3);
INSERT INTO song (song_id, album_id, name, duration_seconds, bpm, track_number) VALUES (5364, 705, 'Hit condition stock', 129, 66, 4);
INSERT INTO song (song_id, album_id, name, duration_seconds, bpm, track_number) VALUES (5365, 705, 'Success set teacher', 349, 67, 5);
INSERT INTO album (album_id, artist_id, title, release_year, created_at) VALUES (706, 376, 'Assimilated asymmetric analyzer', 2012, NOW());
INSERT INTO song (song_id, album_id, name, duration_seconds, bpm, track_number) VALUES (5366, 706, 'Because', 426, 159, 1);
INSERT INTO song (song_id, album_id, name, duration_seconds, bpm, track_number) VALUES (5367, 706, 'Network', 398, 164, 2);
INSERT INTO song (song_id, album_id, name, duration_seconds, bpm, track_number) VALUES (5368, 706, 'Nothing agree sure majority', 205, 71, 3);
INSERT INTO song (song_id, album_id, name, duration_seconds, bpm, track_number) VALUES (5369, 706, 'Tv worry anyone', 351, 97, 4);
INSERT INTO song (song_id, album_id, name, duration_seconds, bpm, track_number) VALUES (5370, 706, 'Too', 125, 107, 5);
INSERT INTO song (song_id, album_id, name, duration_seconds, bpm, track_number) VALUES (5371, 706, 'Huge determine education quality', 456, 179, 6);
INSERT INTO song (song_id, album_id, name, duration_seconds, bpm, track_number) VALUES (5372, 706, 'Summer will', 471, 85, 7);
INSERT INTO song (song_id, album_id, name, duration_seconds, bpm, track_number) VALUES (5373, 706, 'Item education answer month', 430, 90, 8);
INSERT INTO song (song_id, album_id, name, duration_seconds, bpm, track_number) VALUES (5374, 706, 'Carry particular country', 366, 137, 9);
INSERT INTO song (song_id, album_id, name, duration_seconds, bpm, track_number) VALUES (5375, 706, 'Need', 218, 124, 10);
INSERT INTO album (album_id, artist_id, title, release_year, created_at) VALUES (707, 376, 'Public-key foreground model', 1992, NOW());
INSERT INTO song (song_id, album_id, name, duration_seconds, bpm, track_number) VALUES (5376, 707, 'Young', 257, 164, 1);
INSERT INTO song (song_id, album_id, name, duration_seconds, bpm, track_number) VALUES (5377, 707, 'Life', 457, 67, 2);
INSERT INTO song (song_id, album_id, name, duration_seconds, bpm, track_number) VALUES (5378, 707, 'Radio', 196, 132, 3);
INSERT INTO song (song_id, album_id, name, duration_seconds, bpm, track_number) VALUES (5379, 707, 'Experience continue wear us north', 334, 174, 4);
INSERT INTO song (song_id, album_id, name, duration_seconds, bpm, track_number) VALUES (5380, 707, 'Behind image', 303, 77, 5);
INSERT INTO song (song_id, album_id, name, duration_seconds, bpm, track_number) VALUES (5381, 707, 'Believe Mr operation degree trip', 439, 96, 6);
INSERT INTO album (album_id, artist_id, title, release_year, created_at) VALUES (708, 377, 'Cross-platform hybrid core', 2023, NOW());
INSERT INTO song (song_id, album_id, name, duration_seconds, bpm, track_number) VALUES (5382, 708, 'Argue collection', 400, 121, 1);
INSERT INTO song (song_id, album_id, name, duration_seconds, bpm, track_number) VALUES (5383, 708, 'Way drug mention black matter', 200, 141, 2);
INSERT INTO song (song_id, album_id, name, duration_seconds, bpm, track_number) VALUES (5384, 708, 'Want word', 150, 139, 3);
INSERT INTO song (song_id, album_id, name, duration_seconds, bpm, track_number) VALUES (5385, 708, 'Discover become', 469, 70, 4);
INSERT INTO song (song_id, album_id, name, duration_seconds, bpm, track_number) VALUES (5386, 708, 'Then my', 390, 81, 5);
INSERT INTO song (song_id, album_id, name, duration_seconds, bpm, track_number) VALUES (5387, 708, 'Plan worry', 168, 99, 6);
INSERT INTO song (song_id, album_id, name, duration_seconds, bpm, track_number) VALUES (5388, 708, 'Even', 284, 69, 7);
INSERT INTO song (song_id, album_id, name, duration_seconds, bpm, track_number) VALUES (5389, 708, 'Loss little tell', 275, 79, 8);
INSERT INTO album (album_id, artist_id, title, release_year, created_at) VALUES (709, 378, 'Persistent content-based installation', 1976, NOW());
INSERT INTO song (song_id, album_id, name, duration_seconds, bpm, track_number) VALUES (5390, 709, 'Base reality religious throughout', 422, 114, 1);
INSERT INTO song (song_id, album_id, name, duration_seconds, bpm, track_number) VALUES (5391, 709, 'Century everybody mean', 411, 125, 2);
INSERT INTO song (song_id, album_id, name, duration_seconds, bpm, track_number) VALUES (5392, 709, 'Share several', 380, 132, 3);
INSERT INTO song (song_id, album_id, name, duration_seconds, bpm, track_number) VALUES (5393, 709, 'Here', 186, 61, 4);
INSERT INTO song (song_id, album_id, name, duration_seconds, bpm, track_number) VALUES (5394, 709, 'Pull', 342, 118, 5);
INSERT INTO song (song_id, album_id, name, duration_seconds, bpm, track_number) VALUES (5395, 709, 'Difference by bring trade', 161, 115, 6);
INSERT INTO album (album_id, artist_id, title, release_year, created_at) VALUES (710, 378, 'Robust bifurcated archive', 1991, NOW());
INSERT INTO song (song_id, album_id, name, duration_seconds, bpm, track_number) VALUES (5396, 710, 'Small case', 213, 157, 1);
INSERT INTO song (song_id, album_id, name, duration_seconds, bpm, track_number) VALUES (5397, 710, 'Natural', 348, 102, 2);
INSERT INTO song (song_id, album_id, name, duration_seconds, bpm, track_number) VALUES (5398, 710, 'Audience', 144, 61, 3);
INSERT INTO song (song_id, album_id, name, duration_seconds, bpm, track_number) VALUES (5399, 710, 'Generation', 385, 115, 4);
INSERT INTO song (song_id, album_id, name, duration_seconds, bpm, track_number) VALUES (5400, 710, 'Common western science', 171, 104, 5);
INSERT INTO song (song_id, album_id, name, duration_seconds, bpm, track_number) VALUES (5401, 710, 'Tax', 316, 146, 6);
INSERT INTO song (song_id, album_id, name, duration_seconds, bpm, track_number) VALUES (5402, 710, 'President especially executive why herself', 247, 65, 7);
INSERT INTO song (song_id, album_id, name, duration_seconds, bpm, track_number) VALUES (5403, 710, 'Write smile role vote', 342, 72, 8);
INSERT INTO album (album_id, artist_id, title, release_year, created_at) VALUES (711, 379, 'User-centric well-modulated moratorium', 2017, NOW());
INSERT INTO song (song_id, album_id, name, duration_seconds, bpm, track_number) VALUES (5404, 711, 'Water job decade mouth scientist', 264, 77, 1);
INSERT INTO song (song_id, album_id, name, duration_seconds, bpm, track_number) VALUES (5405, 711, 'Available', 122, 106, 2);
INSERT INTO song (song_id, album_id, name, duration_seconds, bpm, track_number) VALUES (5406, 711, 'Purpose', 292, 115, 3);
INSERT INTO song (song_id, album_id, name, duration_seconds, bpm, track_number) VALUES (5407, 711, 'Director also born sure', 371, 66, 4);
INSERT INTO song (song_id, album_id, name, duration_seconds, bpm, track_number) VALUES (5408, 711, 'Pull nearly', 432, 114, 5);
INSERT INTO song (song_id, album_id, name, duration_seconds, bpm, track_number) VALUES (5409, 711, 'Technology', 234, 104, 6);
INSERT INTO song (song_id, album_id, name, duration_seconds, bpm, track_number) VALUES (5410, 711, 'Land movie', 259, 173, 7);
INSERT INTO song (song_id, album_id, name, duration_seconds, bpm, track_number) VALUES (5411, 711, 'Hundred least', 261, 96, 8);
INSERT INTO song (song_id, album_id, name, duration_seconds, bpm, track_number) VALUES (5412, 711, 'Commercial on notice visit', 465, 138, 9);
INSERT INTO album (album_id, artist_id, title, release_year, created_at) VALUES (712, 379, 'Adaptive user-facing contingency', 2020, NOW());
INSERT INTO song (song_id, album_id, name, duration_seconds, bpm, track_number) VALUES (5413, 712, 'Red write', 239, 94, 1);
INSERT INTO song (song_id, album_id, name, duration_seconds, bpm, track_number) VALUES (5414, 712, 'Choose black', 263, 99, 2);
INSERT INTO song (song_id, album_id, name, duration_seconds, bpm, track_number) VALUES (5415, 712, 'Knowledge', 320, 141, 3);
INSERT INTO song (song_id, album_id, name, duration_seconds, bpm, track_number) VALUES (5416, 712, 'Against', 405, 173, 4);
INSERT INTO song (song_id, album_id, name, duration_seconds, bpm, track_number) VALUES (5417, 712, 'Without', 126, 169, 5);
INSERT INTO album (album_id, artist_id, title, release_year, created_at) VALUES (713, 380, 'Triple-buffered bifurcated workforce', 2006, NOW());
INSERT INTO song (song_id, album_id, name, duration_seconds, bpm, track_number) VALUES (5418, 713, 'Prove', 475, 164, 1);
INSERT INTO song (song_id, album_id, name, duration_seconds, bpm, track_number) VALUES (5419, 713, 'Stay', 269, 104, 2);
INSERT INTO song (song_id, album_id, name, duration_seconds, bpm, track_number) VALUES (5420, 713, 'Positive', 443, 98, 3);
INSERT INTO song (song_id, album_id, name, duration_seconds, bpm, track_number) VALUES (5421, 713, 'According how then', 259, 111, 4);
INSERT INTO song (song_id, album_id, name, duration_seconds, bpm, track_number) VALUES (5422, 713, 'Sense', 125, 76, 5);
INSERT INTO song (song_id, album_id, name, duration_seconds, bpm, track_number) VALUES (5423, 713, 'Product production', 322, 172, 6);
INSERT INTO album (album_id, artist_id, title, release_year, created_at) VALUES (714, 381, 'Synergistic upward-trending installation', 2010, NOW());
INSERT INTO song (song_id, album_id, name, duration_seconds, bpm, track_number) VALUES (5424, 714, 'Rate each yes avoid every', 257, 87, 1);
INSERT INTO song (song_id, album_id, name, duration_seconds, bpm, track_number) VALUES (5425, 714, 'Player', 148, 109, 2);
INSERT INTO song (song_id, album_id, name, duration_seconds, bpm, track_number) VALUES (5426, 714, 'Herself', 452, 85, 3);
INSERT INTO song (song_id, album_id, name, duration_seconds, bpm, track_number) VALUES (5427, 714, 'Wife', 279, 129, 4);
INSERT INTO song (song_id, album_id, name, duration_seconds, bpm, track_number) VALUES (5428, 714, 'Property factor would', 191, 109, 5);
INSERT INTO song (song_id, album_id, name, duration_seconds, bpm, track_number) VALUES (5429, 714, 'Prove', 190, 91, 6);
INSERT INTO song (song_id, album_id, name, duration_seconds, bpm, track_number) VALUES (5430, 714, 'Most capital almost difficult', 442, 115, 7);
INSERT INTO song (song_id, album_id, name, duration_seconds, bpm, track_number) VALUES (5431, 714, 'All', 435, 111, 8);
INSERT INTO song (song_id, album_id, name, duration_seconds, bpm, track_number) VALUES (5432, 714, 'Score off such evening', 210, 117, 9);
INSERT INTO album (album_id, artist_id, title, release_year, created_at) VALUES (715, 382, 'Compatible analyzing approach', 1982, NOW());
INSERT INTO song (song_id, album_id, name, duration_seconds, bpm, track_number) VALUES (5433, 715, 'Which majority', 391, 74, 1);
INSERT INTO song (song_id, album_id, name, duration_seconds, bpm, track_number) VALUES (5434, 715, 'Him read', 143, 72, 2);
INSERT INTO song (song_id, album_id, name, duration_seconds, bpm, track_number) VALUES (5435, 715, 'Skin', 209, 178, 3);
INSERT INTO song (song_id, album_id, name, duration_seconds, bpm, track_number) VALUES (5436, 715, 'South', 460, 99, 4);
INSERT INTO song (song_id, album_id, name, duration_seconds, bpm, track_number) VALUES (5437, 715, 'Care young', 207, 177, 5);
INSERT INTO song (song_id, album_id, name, duration_seconds, bpm, track_number) VALUES (5438, 715, 'West form', 196, 120, 6);
INSERT INTO song (song_id, album_id, name, duration_seconds, bpm, track_number) VALUES (5439, 715, 'Growth', 458, 60, 7);
INSERT INTO song (song_id, album_id, name, duration_seconds, bpm, track_number) VALUES (5440, 715, 'Consumer', 195, 122, 8);
INSERT INTO album (album_id, artist_id, title, release_year, created_at) VALUES (716, 383, 'Phased coherent extranet', 2003, NOW());
INSERT INTO song (song_id, album_id, name, duration_seconds, bpm, track_number) VALUES (5441, 716, 'Table', 353, 155, 1);
INSERT INTO song (song_id, album_id, name, duration_seconds, bpm, track_number) VALUES (5442, 716, 'Form success', 354, 72, 2);
INSERT INTO song (song_id, album_id, name, duration_seconds, bpm, track_number) VALUES (5443, 716, 'Culture guy shoulder', 468, 146, 3);
INSERT INTO song (song_id, album_id, name, duration_seconds, bpm, track_number) VALUES (5444, 716, 'Particular loss ahead', 250, 160, 4);
INSERT INTO song (song_id, album_id, name, duration_seconds, bpm, track_number) VALUES (5445, 716, 'All religious', 375, 152, 5);
INSERT INTO song (song_id, album_id, name, duration_seconds, bpm, track_number) VALUES (5446, 716, 'Group', 141, 64, 6);
INSERT INTO song (song_id, album_id, name, duration_seconds, bpm, track_number) VALUES (5447, 716, 'Individual', 389, 83, 7);
INSERT INTO song (song_id, album_id, name, duration_seconds, bpm, track_number) VALUES (5448, 716, 'Notice', 194, 127, 8);
INSERT INTO song (song_id, album_id, name, duration_seconds, bpm, track_number) VALUES (5449, 716, 'We', 463, 101, 9);
INSERT INTO song (song_id, album_id, name, duration_seconds, bpm, track_number) VALUES (5450, 716, 'Choose market', 346, 116, 10);
INSERT INTO album (album_id, artist_id, title, release_year, created_at) VALUES (717, 383, 'Robust static support', 2007, NOW());
INSERT INTO song (song_id, album_id, name, duration_seconds, bpm, track_number) VALUES (5451, 717, 'Message', 225, 73, 1);
INSERT INTO song (song_id, album_id, name, duration_seconds, bpm, track_number) VALUES (5452, 717, 'Responsibility sound recognize', 370, 155, 2);
INSERT INTO song (song_id, album_id, name, duration_seconds, bpm, track_number) VALUES (5453, 717, 'Approach', 283, 73, 3);
INSERT INTO song (song_id, album_id, name, duration_seconds, bpm, track_number) VALUES (5454, 717, 'Increase value', 295, 100, 4);
INSERT INTO song (song_id, album_id, name, duration_seconds, bpm, track_number) VALUES (5455, 717, 'President call', 257, 117, 5);
INSERT INTO song (song_id, album_id, name, duration_seconds, bpm, track_number) VALUES (5456, 717, 'Study', 348, 148, 6);
INSERT INTO album (album_id, artist_id, title, release_year, created_at) VALUES (718, 384, 'Open-architected systematic emulation', 2010, NOW());
INSERT INTO song (song_id, album_id, name, duration_seconds, bpm, track_number) VALUES (5457, 718, 'Cold', 203, 63, 1);
INSERT INTO song (song_id, album_id, name, duration_seconds, bpm, track_number) VALUES (5458, 718, 'Citizen travel', 460, 67, 2);
INSERT INTO song (song_id, album_id, name, duration_seconds, bpm, track_number) VALUES (5459, 718, 'Picture', 225, 123, 3);
INSERT INTO song (song_id, album_id, name, duration_seconds, bpm, track_number) VALUES (5460, 718, 'From like', 291, 180, 4);
INSERT INTO song (song_id, album_id, name, duration_seconds, bpm, track_number) VALUES (5461, 718, 'Hard', 381, 60, 5);
INSERT INTO song (song_id, album_id, name, duration_seconds, bpm, track_number) VALUES (5462, 718, 'Our', 290, 146, 6);
INSERT INTO song (song_id, album_id, name, duration_seconds, bpm, track_number) VALUES (5463, 718, 'Lay', 122, 173, 7);
INSERT INTO song (song_id, album_id, name, duration_seconds, bpm, track_number) VALUES (5464, 718, 'Half', 434, 60, 8);
INSERT INTO song (song_id, album_id, name, duration_seconds, bpm, track_number) VALUES (5465, 718, 'Ability', 463, 61, 9);
INSERT INTO song (song_id, album_id, name, duration_seconds, bpm, track_number) VALUES (5466, 718, 'Last', 308, 146, 10);
INSERT INTO album (album_id, artist_id, title, release_year, created_at) VALUES (719, 384, 'Cloned maximized budgetary management', 1993, NOW());
INSERT INTO song (song_id, album_id, name, duration_seconds, bpm, track_number) VALUES (5467, 719, 'Local traditional door threat', 470, 121, 1);
INSERT INTO song (song_id, album_id, name, duration_seconds, bpm, track_number) VALUES (5468, 719, 'Hundred cover middle later', 354, 138, 2);
INSERT INTO song (song_id, album_id, name, duration_seconds, bpm, track_number) VALUES (5469, 719, 'Reveal', 260, 68, 3);
INSERT INTO song (song_id, album_id, name, duration_seconds, bpm, track_number) VALUES (5470, 719, 'Toward', 399, 122, 4);
INSERT INTO song (song_id, album_id, name, duration_seconds, bpm, track_number) VALUES (5471, 719, 'Issue another', 263, 171, 5);
INSERT INTO song (song_id, album_id, name, duration_seconds, bpm, track_number) VALUES (5472, 719, 'Enough', 194, 175, 6);
INSERT INTO song (song_id, album_id, name, duration_seconds, bpm, track_number) VALUES (5473, 719, 'Stay professor trouble', 245, 171, 7);
INSERT INTO song (song_id, album_id, name, duration_seconds, bpm, track_number) VALUES (5474, 719, 'Single', 264, 171, 8);
INSERT INTO song (song_id, album_id, name, duration_seconds, bpm, track_number) VALUES (5475, 719, 'Anyone', 355, 78, 9);
INSERT INTO song (song_id, album_id, name, duration_seconds, bpm, track_number) VALUES (5476, 719, 'Weight miss', 239, 154, 10);
INSERT INTO album (album_id, artist_id, title, release_year, created_at) VALUES (720, 385, 'Monitored exuding concept', 1985, NOW());
INSERT INTO song (song_id, album_id, name, duration_seconds, bpm, track_number) VALUES (5477, 720, 'Son just start', 342, 63, 1);
INSERT INTO song (song_id, album_id, name, duration_seconds, bpm, track_number) VALUES (5478, 720, 'Everyone', 369, 91, 2);
INSERT INTO song (song_id, album_id, name, duration_seconds, bpm, track_number) VALUES (5479, 720, 'What free fear', 200, 146, 3);
INSERT INTO song (song_id, album_id, name, duration_seconds, bpm, track_number) VALUES (5480, 720, 'Operation stock', 377, 65, 4);
INSERT INTO song (song_id, album_id, name, duration_seconds, bpm, track_number) VALUES (5481, 720, 'How just', 294, 124, 5);
INSERT INTO song (song_id, album_id, name, duration_seconds, bpm, track_number) VALUES (5482, 720, 'Assume', 130, 67, 6);
INSERT INTO song (song_id, album_id, name, duration_seconds, bpm, track_number) VALUES (5483, 720, 'Size six', 472, 180, 7);
INSERT INTO album (album_id, artist_id, title, release_year, created_at) VALUES (721, 386, 'Organic even-keeled knowledge user', 2014, NOW());
INSERT INTO song (song_id, album_id, name, duration_seconds, bpm, track_number) VALUES (5484, 721, 'Institution', 277, 164, 1);
INSERT INTO song (song_id, album_id, name, duration_seconds, bpm, track_number) VALUES (5485, 721, 'Type', 459, 151, 2);
INSERT INTO song (song_id, album_id, name, duration_seconds, bpm, track_number) VALUES (5486, 721, 'Majority', 323, 171, 3);
INSERT INTO song (song_id, album_id, name, duration_seconds, bpm, track_number) VALUES (5487, 721, 'Economy anyone human allow', 229, 128, 4);
INSERT INTO song (song_id, album_id, name, duration_seconds, bpm, track_number) VALUES (5488, 721, 'Sound tonight say', 328, 78, 5);
INSERT INTO song (song_id, album_id, name, duration_seconds, bpm, track_number) VALUES (5489, 721, 'Part', 366, 180, 6);
INSERT INTO song (song_id, album_id, name, duration_seconds, bpm, track_number) VALUES (5490, 721, 'Audience', 168, 72, 7);
INSERT INTO song (song_id, album_id, name, duration_seconds, bpm, track_number) VALUES (5491, 721, 'Save', 417, 106, 8);
INSERT INTO song (song_id, album_id, name, duration_seconds, bpm, track_number) VALUES (5492, 721, 'Early far', 467, 141, 9);
INSERT INTO song (song_id, album_id, name, duration_seconds, bpm, track_number) VALUES (5493, 721, 'Fill I voice Mrs scene', 279, 94, 10);
INSERT INTO album (album_id, artist_id, title, release_year, created_at) VALUES (722, 386, 'Synchronized mission-critical structure', 1977, NOW());
INSERT INTO song (song_id, album_id, name, duration_seconds, bpm, track_number) VALUES (5494, 722, 'Small material group there another', 418, 65, 1);
INSERT INTO song (song_id, album_id, name, duration_seconds, bpm, track_number) VALUES (5495, 722, 'When whatever', 308, 147, 2);
INSERT INTO song (song_id, album_id, name, duration_seconds, bpm, track_number) VALUES (5496, 722, 'Save trial', 175, 110, 3);
INSERT INTO song (song_id, album_id, name, duration_seconds, bpm, track_number) VALUES (5497, 722, 'Instead since somebody even', 339, 123, 4);
INSERT INTO song (song_id, album_id, name, duration_seconds, bpm, track_number) VALUES (5498, 722, 'Read find lawyer', 335, 174, 5);
INSERT INTO song (song_id, album_id, name, duration_seconds, bpm, track_number) VALUES (5499, 722, 'Recently themselves name', 424, 117, 6);
INSERT INTO song (song_id, album_id, name, duration_seconds, bpm, track_number) VALUES (5500, 722, 'Specific home', 362, 170, 7);
INSERT INTO song (song_id, album_id, name, duration_seconds, bpm, track_number) VALUES (5501, 722, 'When meeting', 202, 109, 8);
INSERT INTO album (album_id, artist_id, title, release_year, created_at) VALUES (723, 386, 'Future-proofed encompassing migration', 2013, NOW());
INSERT INTO song (song_id, album_id, name, duration_seconds, bpm, track_number) VALUES (5502, 723, 'Subject computer', 472, 82, 1);
INSERT INTO song (song_id, album_id, name, duration_seconds, bpm, track_number) VALUES (5503, 723, 'Fall experience', 394, 142, 2);
INSERT INTO song (song_id, album_id, name, duration_seconds, bpm, track_number) VALUES (5504, 723, 'Account owner including right', 293, 163, 3);
INSERT INTO song (song_id, album_id, name, duration_seconds, bpm, track_number) VALUES (5505, 723, 'Professional', 311, 75, 4);
INSERT INTO song (song_id, album_id, name, duration_seconds, bpm, track_number) VALUES (5506, 723, 'Expert middle sit', 327, 91, 5);
INSERT INTO song (song_id, album_id, name, duration_seconds, bpm, track_number) VALUES (5507, 723, 'Purpose', 210, 62, 6);
INSERT INTO song (song_id, album_id, name, duration_seconds, bpm, track_number) VALUES (5508, 723, 'Similar player', 461, 131, 7);
INSERT INTO album (album_id, artist_id, title, release_year, created_at) VALUES (724, 387, 'Optimized bandwidth-monitored core', 1985, NOW());
INSERT INTO song (song_id, album_id, name, duration_seconds, bpm, track_number) VALUES (5509, 724, 'Movie one', 412, 159, 1);
INSERT INTO song (song_id, album_id, name, duration_seconds, bpm, track_number) VALUES (5510, 724, 'Whether part', 221, 99, 2);
INSERT INTO song (song_id, album_id, name, duration_seconds, bpm, track_number) VALUES (5511, 724, 'Perhaps society', 237, 112, 3);
INSERT INTO song (song_id, album_id, name, duration_seconds, bpm, track_number) VALUES (5512, 724, 'Forget', 274, 130, 4);
INSERT INTO song (song_id, album_id, name, duration_seconds, bpm, track_number) VALUES (5513, 724, 'Middle', 248, 130, 5);
INSERT INTO song (song_id, album_id, name, duration_seconds, bpm, track_number) VALUES (5514, 724, 'Up pull', 293, 78, 6);
INSERT INTO album (album_id, artist_id, title, release_year, created_at) VALUES (725, 387, 'Centralized 6thgeneration approach', 2023, NOW());
INSERT INTO song (song_id, album_id, name, duration_seconds, bpm, track_number) VALUES (5515, 725, 'Oil', 151, 91, 1);
INSERT INTO song (song_id, album_id, name, duration_seconds, bpm, track_number) VALUES (5516, 725, 'Kitchen party base', 232, 115, 2);
INSERT INTO song (song_id, album_id, name, duration_seconds, bpm, track_number) VALUES (5517, 725, 'Public campaign', 150, 167, 3);
INSERT INTO song (song_id, album_id, name, duration_seconds, bpm, track_number) VALUES (5518, 725, 'Have should that', 140, 134, 4);
INSERT INTO song (song_id, album_id, name, duration_seconds, bpm, track_number) VALUES (5519, 725, 'Set', 162, 65, 5);
INSERT INTO song (song_id, album_id, name, duration_seconds, bpm, track_number) VALUES (5520, 725, 'Huge conference', 143, 140, 6);
INSERT INTO song (song_id, album_id, name, duration_seconds, bpm, track_number) VALUES (5521, 725, 'Fast music low', 289, 99, 7);
INSERT INTO song (song_id, album_id, name, duration_seconds, bpm, track_number) VALUES (5522, 725, 'Together protect class', 232, 133, 8);
INSERT INTO album (album_id, artist_id, title, release_year, created_at) VALUES (726, 388, 'Focused stable projection', 2003, NOW());
INSERT INTO song (song_id, album_id, name, duration_seconds, bpm, track_number) VALUES (5523, 726, 'Man training Republican', 448, 93, 1);
INSERT INTO song (song_id, album_id, name, duration_seconds, bpm, track_number) VALUES (5524, 726, 'Analysis', 134, 133, 2);
INSERT INTO song (song_id, album_id, name, duration_seconds, bpm, track_number) VALUES (5525, 726, 'And Congress edge', 457, 145, 3);
INSERT INTO song (song_id, album_id, name, duration_seconds, bpm, track_number) VALUES (5526, 726, 'Strong audience know happen drive', 392, 155, 4);
INSERT INTO song (song_id, album_id, name, duration_seconds, bpm, track_number) VALUES (5527, 726, 'Case', 303, 75, 5);
INSERT INTO song (song_id, album_id, name, duration_seconds, bpm, track_number) VALUES (5528, 726, 'Those', 183, 73, 6);
INSERT INTO song (song_id, album_id, name, duration_seconds, bpm, track_number) VALUES (5529, 726, 'Leader model lawyer', 243, 141, 7);
INSERT INTO song (song_id, album_id, name, duration_seconds, bpm, track_number) VALUES (5530, 726, 'Agency be', 144, 173, 8);
INSERT INTO album (album_id, artist_id, title, release_year, created_at) VALUES (727, 389, 'Ergonomic secondary knowledgebase', 2005, NOW());
INSERT INTO song (song_id, album_id, name, duration_seconds, bpm, track_number) VALUES (5531, 727, 'Magazine money', 235, 122, 1);
INSERT INTO song (song_id, album_id, name, duration_seconds, bpm, track_number) VALUES (5532, 727, 'Talk consumer', 120, 140, 2);
INSERT INTO song (song_id, album_id, name, duration_seconds, bpm, track_number) VALUES (5533, 727, 'Reality read', 403, 118, 3);
INSERT INTO song (song_id, album_id, name, duration_seconds, bpm, track_number) VALUES (5534, 727, 'Nothing police back property', 429, 61, 4);
INSERT INTO song (song_id, album_id, name, duration_seconds, bpm, track_number) VALUES (5535, 727, 'Deal', 332, 163, 5);
INSERT INTO song (song_id, album_id, name, duration_seconds, bpm, track_number) VALUES (5536, 727, 'Amount whom', 135, 134, 6);
INSERT INTO album (album_id, artist_id, title, release_year, created_at) VALUES (728, 390, 'Streamlined background infrastructure', 2013, NOW());
INSERT INTO song (song_id, album_id, name, duration_seconds, bpm, track_number) VALUES (5537, 728, 'Room series firm each about', 164, 180, 1);
INSERT INTO song (song_id, album_id, name, duration_seconds, bpm, track_number) VALUES (5538, 728, 'Again really fall', 297, 121, 2);
INSERT INTO song (song_id, album_id, name, duration_seconds, bpm, track_number) VALUES (5539, 728, 'Everybody', 132, 128, 3);
INSERT INTO song (song_id, album_id, name, duration_seconds, bpm, track_number) VALUES (5540, 728, 'Road discover sell', 201, 147, 4);
INSERT INTO song (song_id, album_id, name, duration_seconds, bpm, track_number) VALUES (5541, 728, 'Century night size hotel', 132, 69, 5);
INSERT INTO song (song_id, album_id, name, duration_seconds, bpm, track_number) VALUES (5542, 728, 'Whom', 396, 173, 6);
INSERT INTO album (album_id, artist_id, title, release_year, created_at) VALUES (729, 390, 'Pre-emptive systemic data-warehouse', 1994, NOW());
INSERT INTO song (song_id, album_id, name, duration_seconds, bpm, track_number) VALUES (5543, 729, 'Evening color can', 241, 137, 1);
INSERT INTO song (song_id, album_id, name, duration_seconds, bpm, track_number) VALUES (5544, 729, 'Face', 313, 71, 2);
INSERT INTO song (song_id, album_id, name, duration_seconds, bpm, track_number) VALUES (5545, 729, 'Well will well', 438, 167, 3);
INSERT INTO song (song_id, album_id, name, duration_seconds, bpm, track_number) VALUES (5546, 729, 'Speech stop on', 223, 126, 4);
INSERT INTO song (song_id, album_id, name, duration_seconds, bpm, track_number) VALUES (5547, 729, 'Data miss other fire', 468, 99, 5);
INSERT INTO song (song_id, album_id, name, duration_seconds, bpm, track_number) VALUES (5548, 729, 'Analysis this', 410, 71, 6);
INSERT INTO song (song_id, album_id, name, duration_seconds, bpm, track_number) VALUES (5549, 729, 'Record heavy southern kitchen', 123, 91, 7);
INSERT INTO album (album_id, artist_id, title, release_year, created_at) VALUES (730, 391, 'Horizontal neutral framework', 1976, NOW());
INSERT INTO song (song_id, album_id, name, duration_seconds, bpm, track_number) VALUES (5550, 730, 'Character like itself', 304, 169, 1);
INSERT INTO song (song_id, album_id, name, duration_seconds, bpm, track_number) VALUES (5551, 730, 'Design fight from', 428, 88, 2);
INSERT INTO song (song_id, album_id, name, duration_seconds, bpm, track_number) VALUES (5552, 730, 'Analysis', 188, 173, 3);
INSERT INTO song (song_id, album_id, name, duration_seconds, bpm, track_number) VALUES (5553, 730, 'Material', 453, 121, 4);
INSERT INTO song (song_id, album_id, name, duration_seconds, bpm, track_number) VALUES (5554, 730, 'Impact', 448, 125, 5);
INSERT INTO song (song_id, album_id, name, duration_seconds, bpm, track_number) VALUES (5555, 730, 'Back guy', 465, 95, 6);
INSERT INTO song (song_id, album_id, name, duration_seconds, bpm, track_number) VALUES (5556, 730, 'Do watch', 376, 164, 7);
INSERT INTO song (song_id, album_id, name, duration_seconds, bpm, track_number) VALUES (5557, 730, 'According', 169, 94, 8);
INSERT INTO song (song_id, album_id, name, duration_seconds, bpm, track_number) VALUES (5558, 730, 'Sit if score', 202, 86, 9);
INSERT INTO song (song_id, album_id, name, duration_seconds, bpm, track_number) VALUES (5559, 730, 'Computer', 466, 105, 10);
INSERT INTO album (album_id, artist_id, title, release_year, created_at) VALUES (731, 391, 'Multi-channeled attitude-oriented website', 1972, NOW());
INSERT INTO song (song_id, album_id, name, duration_seconds, bpm, track_number) VALUES (5560, 731, 'Story chair appear whether', 311, 164, 1);
INSERT INTO song (song_id, album_id, name, duration_seconds, bpm, track_number) VALUES (5561, 731, 'Per skill', 241, 169, 2);
INSERT INTO song (song_id, album_id, name, duration_seconds, bpm, track_number) VALUES (5562, 731, 'Military', 476, 102, 3);
INSERT INTO song (song_id, album_id, name, duration_seconds, bpm, track_number) VALUES (5563, 731, 'Top', 229, 161, 4);
INSERT INTO song (song_id, album_id, name, duration_seconds, bpm, track_number) VALUES (5564, 731, 'Any', 324, 125, 5);
INSERT INTO song (song_id, album_id, name, duration_seconds, bpm, track_number) VALUES (5565, 731, 'Better', 233, 75, 6);
INSERT INTO album (album_id, artist_id, title, release_year, created_at) VALUES (732, 392, 'Horizontal static archive', 2005, NOW());
INSERT INTO song (song_id, album_id, name, duration_seconds, bpm, track_number) VALUES (5566, 732, 'Phone', 297, 73, 1);
INSERT INTO song (song_id, album_id, name, duration_seconds, bpm, track_number) VALUES (5567, 732, 'Child anyone race occur', 247, 156, 2);
INSERT INTO song (song_id, album_id, name, duration_seconds, bpm, track_number) VALUES (5568, 732, 'Level how father', 237, 159, 3);
INSERT INTO song (song_id, album_id, name, duration_seconds, bpm, track_number) VALUES (5569, 732, 'At', 319, 63, 4);
INSERT INTO song (song_id, album_id, name, duration_seconds, bpm, track_number) VALUES (5570, 732, 'Of rich', 197, 170, 5);
INSERT INTO song (song_id, album_id, name, duration_seconds, bpm, track_number) VALUES (5571, 732, 'Again', 293, 124, 6);
INSERT INTO album (album_id, artist_id, title, release_year, created_at) VALUES (733, 392, 'Diverse leadingedge core', 2003, NOW());
INSERT INTO song (song_id, album_id, name, duration_seconds, bpm, track_number) VALUES (5572, 733, 'Paper financial vote', 343, 170, 1);
INSERT INTO song (song_id, album_id, name, duration_seconds, bpm, track_number) VALUES (5573, 733, 'Have', 441, 155, 2);
INSERT INTO song (song_id, album_id, name, duration_seconds, bpm, track_number) VALUES (5574, 733, 'Leave part seek', 429, 107, 3);
INSERT INTO song (song_id, album_id, name, duration_seconds, bpm, track_number) VALUES (5575, 733, 'Argue', 423, 89, 4);
INSERT INTO song (song_id, album_id, name, duration_seconds, bpm, track_number) VALUES (5576, 733, 'Class', 127, 68, 5);
INSERT INTO song (song_id, album_id, name, duration_seconds, bpm, track_number) VALUES (5577, 733, 'Base', 458, 116, 6);
INSERT INTO song (song_id, album_id, name, duration_seconds, bpm, track_number) VALUES (5578, 733, 'Government well animal', 175, 100, 7);
INSERT INTO album (album_id, artist_id, title, release_year, created_at) VALUES (734, 392, 'Customer-focused attitude-oriented Internet solution', 2025, NOW());
INSERT INTO song (song_id, album_id, name, duration_seconds, bpm, track_number) VALUES (5579, 734, 'Difference add', 329, 148, 1);
INSERT INTO song (song_id, album_id, name, duration_seconds, bpm, track_number) VALUES (5580, 734, 'Be production describe', 336, 177, 2);
INSERT INTO song (song_id, album_id, name, duration_seconds, bpm, track_number) VALUES (5581, 734, 'Short treatment drop central military', 448, 125, 3);
INSERT INTO song (song_id, album_id, name, duration_seconds, bpm, track_number) VALUES (5582, 734, 'Middle drop', 260, 81, 4);
INSERT INTO song (song_id, album_id, name, duration_seconds, bpm, track_number) VALUES (5583, 734, 'Call', 248, 80, 5);
INSERT INTO song (song_id, album_id, name, duration_seconds, bpm, track_number) VALUES (5584, 734, 'Development', 472, 161, 6);
INSERT INTO song (song_id, album_id, name, duration_seconds, bpm, track_number) VALUES (5585, 734, 'Heavy top', 280, 138, 7);
INSERT INTO song (song_id, album_id, name, duration_seconds, bpm, track_number) VALUES (5586, 734, 'Type', 423, 114, 8);
INSERT INTO album (album_id, artist_id, title, release_year, created_at) VALUES (735, 393, 'Grass-roots systematic open system', 2002, NOW());
INSERT INTO song (song_id, album_id, name, duration_seconds, bpm, track_number) VALUES (5587, 735, 'Technology', 473, 146, 1);
INSERT INTO song (song_id, album_id, name, duration_seconds, bpm, track_number) VALUES (5588, 735, 'Brother', 401, 66, 2);
INSERT INTO song (song_id, album_id, name, duration_seconds, bpm, track_number) VALUES (5589, 735, 'Lawyer', 302, 62, 3);
INSERT INTO song (song_id, album_id, name, duration_seconds, bpm, track_number) VALUES (5590, 735, 'Recognize them risk performance', 168, 173, 4);
INSERT INTO song (song_id, album_id, name, duration_seconds, bpm, track_number) VALUES (5591, 735, 'Economy coach member', 267, 114, 5);
INSERT INTO song (song_id, album_id, name, duration_seconds, bpm, track_number) VALUES (5592, 735, 'Indeed available', 231, 180, 6);
INSERT INTO song (song_id, album_id, name, duration_seconds, bpm, track_number) VALUES (5593, 735, 'Recognize wife', 264, 146, 7);
INSERT INTO song (song_id, album_id, name, duration_seconds, bpm, track_number) VALUES (5594, 735, 'Success yourself', 280, 81, 8);
INSERT INTO album (album_id, artist_id, title, release_year, created_at) VALUES (736, 393, 'Cross-platform responsive budgetary management', 1971, NOW());
INSERT INTO song (song_id, album_id, name, duration_seconds, bpm, track_number) VALUES (5595, 736, 'Beat PM effect', 340, 69, 1);
INSERT INTO song (song_id, album_id, name, duration_seconds, bpm, track_number) VALUES (5596, 736, 'Personal', 180, 130, 2);
INSERT INTO song (song_id, album_id, name, duration_seconds, bpm, track_number) VALUES (5597, 736, 'Within', 358, 102, 3);
INSERT INTO song (song_id, album_id, name, duration_seconds, bpm, track_number) VALUES (5598, 736, 'Action', 244, 160, 4);
INSERT INTO song (song_id, album_id, name, duration_seconds, bpm, track_number) VALUES (5599, 736, 'Alone increase', 359, 108, 5);
INSERT INTO song (song_id, album_id, name, duration_seconds, bpm, track_number) VALUES (5600, 736, 'Value return', 136, 110, 6);
INSERT INTO song (song_id, album_id, name, duration_seconds, bpm, track_number) VALUES (5601, 736, 'Man', 135, 92, 7);
INSERT INTO song (song_id, album_id, name, duration_seconds, bpm, track_number) VALUES (5602, 736, 'Born myself past each', 427, 128, 8);
INSERT INTO album (album_id, artist_id, title, release_year, created_at) VALUES (737, 393, 'Virtual systematic function', 1996, NOW());
INSERT INTO song (song_id, album_id, name, duration_seconds, bpm, track_number) VALUES (5603, 737, 'Arrive area', 425, 169, 1);
INSERT INTO song (song_id, album_id, name, duration_seconds, bpm, track_number) VALUES (5604, 737, 'Or', 152, 151, 2);
INSERT INTO song (song_id, album_id, name, duration_seconds, bpm, track_number) VALUES (5605, 737, 'Black', 376, 153, 3);
INSERT INTO song (song_id, album_id, name, duration_seconds, bpm, track_number) VALUES (5606, 737, 'Law get agency crime', 338, 98, 4);
INSERT INTO song (song_id, album_id, name, duration_seconds, bpm, track_number) VALUES (5607, 737, 'Sure natural star', 191, 145, 5);
INSERT INTO album (album_id, artist_id, title, release_year, created_at) VALUES (738, 394, 'Phased contextually-based projection', 1986, NOW());
INSERT INTO song (song_id, album_id, name, duration_seconds, bpm, track_number) VALUES (5608, 738, 'World need', 191, 86, 1);
INSERT INTO song (song_id, album_id, name, duration_seconds, bpm, track_number) VALUES (5609, 738, 'Audience receive', 434, 162, 2);
INSERT INTO song (song_id, album_id, name, duration_seconds, bpm, track_number) VALUES (5610, 738, 'Trial', 339, 158, 3);
INSERT INTO song (song_id, album_id, name, duration_seconds, bpm, track_number) VALUES (5611, 738, 'Include significant child', 438, 168, 4);
INSERT INTO song (song_id, album_id, name, duration_seconds, bpm, track_number) VALUES (5612, 738, 'Financial boy', 388, 69, 5);
INSERT INTO album (album_id, artist_id, title, release_year, created_at) VALUES (739, 394, 'Assimilated well-modulated approach', 1989, NOW());
INSERT INTO song (song_id, album_id, name, duration_seconds, bpm, track_number) VALUES (5613, 739, 'Choose price', 275, 113, 1);
INSERT INTO song (song_id, album_id, name, duration_seconds, bpm, track_number) VALUES (5614, 739, 'Threat area', 186, 152, 2);
INSERT INTO song (song_id, album_id, name, duration_seconds, bpm, track_number) VALUES (5615, 739, 'Water effort in', 310, 169, 3);
INSERT INTO song (song_id, album_id, name, duration_seconds, bpm, track_number) VALUES (5616, 739, 'Fear majority sometimes paper body', 394, 99, 4);
INSERT INTO song (song_id, album_id, name, duration_seconds, bpm, track_number) VALUES (5617, 739, 'Process cold', 465, 97, 5);
INSERT INTO song (song_id, album_id, name, duration_seconds, bpm, track_number) VALUES (5618, 739, 'Floor', 335, 113, 6);
INSERT INTO song (song_id, album_id, name, duration_seconds, bpm, track_number) VALUES (5619, 739, 'Executive table attention', 393, 70, 7);
INSERT INTO album (album_id, artist_id, title, release_year, created_at) VALUES (740, 394, 'Self-enabling secondary secured line', 2017, NOW());
INSERT INTO song (song_id, album_id, name, duration_seconds, bpm, track_number) VALUES (5620, 740, 'Apply wife deal', 345, 100, 1);
INSERT INTO song (song_id, album_id, name, duration_seconds, bpm, track_number) VALUES (5621, 740, 'Art', 280, 106, 2);
INSERT INTO song (song_id, album_id, name, duration_seconds, bpm, track_number) VALUES (5622, 740, 'Different', 180, 155, 3);
INSERT INTO song (song_id, album_id, name, duration_seconds, bpm, track_number) VALUES (5623, 740, 'Close', 327, 66, 4);
INSERT INTO song (song_id, album_id, name, duration_seconds, bpm, track_number) VALUES (5624, 740, 'Road deal', 120, 72, 5);
INSERT INTO song (song_id, album_id, name, duration_seconds, bpm, track_number) VALUES (5625, 740, 'Stand rich generation', 244, 69, 6);
INSERT INTO album (album_id, artist_id, title, release_year, created_at) VALUES (741, 395, 'Ameliorated incremental encoding', 1973, NOW());
INSERT INTO song (song_id, album_id, name, duration_seconds, bpm, track_number) VALUES (5626, 741, 'Enough condition participant', 455, 117, 1);
INSERT INTO song (song_id, album_id, name, duration_seconds, bpm, track_number) VALUES (5627, 741, 'Impact', 204, 126, 2);
INSERT INTO song (song_id, album_id, name, duration_seconds, bpm, track_number) VALUES (5628, 741, 'Individual training because', 280, 174, 3);
INSERT INTO song (song_id, album_id, name, duration_seconds, bpm, track_number) VALUES (5629, 741, 'Decision option discussion', 470, 121, 4);
INSERT INTO song (song_id, album_id, name, duration_seconds, bpm, track_number) VALUES (5630, 741, 'Fear him talk be why', 419, 74, 5);
INSERT INTO song (song_id, album_id, name, duration_seconds, bpm, track_number) VALUES (5631, 741, 'Knowledge', 264, 113, 6);
INSERT INTO song (song_id, album_id, name, duration_seconds, bpm, track_number) VALUES (5632, 741, 'Record far ago', 278, 158, 7);
INSERT INTO album (album_id, artist_id, title, release_year, created_at) VALUES (742, 395, 'Monitored human-resource definition', 2003, NOW());
INSERT INTO song (song_id, album_id, name, duration_seconds, bpm, track_number) VALUES (5633, 742, 'Service hair', 126, 163, 1);
INSERT INTO song (song_id, album_id, name, duration_seconds, bpm, track_number) VALUES (5634, 742, 'Together without', 441, 75, 2);
INSERT INTO song (song_id, album_id, name, duration_seconds, bpm, track_number) VALUES (5635, 742, 'Sense', 310, 95, 3);
INSERT INTO song (song_id, album_id, name, duration_seconds, bpm, track_number) VALUES (5636, 742, 'Something degree', 257, 137, 4);
INSERT INTO song (song_id, album_id, name, duration_seconds, bpm, track_number) VALUES (5637, 742, 'Show education', 323, 124, 5);
INSERT INTO album (album_id, artist_id, title, release_year, created_at) VALUES (743, 396, 'Polarized bi-directional hardware', 2015, NOW());
INSERT INTO song (song_id, album_id, name, duration_seconds, bpm, track_number) VALUES (5638, 743, 'Maintain reduce', 445, 90, 1);
INSERT INTO song (song_id, album_id, name, duration_seconds, bpm, track_number) VALUES (5639, 743, 'Near keep', 310, 91, 2);
INSERT INTO song (song_id, album_id, name, duration_seconds, bpm, track_number) VALUES (5640, 743, 'Every series', 179, 131, 3);
INSERT INTO song (song_id, album_id, name, duration_seconds, bpm, track_number) VALUES (5641, 743, 'Nation', 255, 93, 4);
INSERT INTO song (song_id, album_id, name, duration_seconds, bpm, track_number) VALUES (5642, 743, 'Help trial history involve', 402, 94, 5);
INSERT INTO album (album_id, artist_id, title, release_year, created_at) VALUES (744, 396, 'Optional analyzing hub', 2007, NOW());
INSERT INTO song (song_id, album_id, name, duration_seconds, bpm, track_number) VALUES (5643, 744, 'Billion minute rather today', 225, 102, 1);
INSERT INTO song (song_id, album_id, name, duration_seconds, bpm, track_number) VALUES (5644, 744, 'Simply room power', 382, 166, 2);
INSERT INTO song (song_id, album_id, name, duration_seconds, bpm, track_number) VALUES (5645, 744, 'Kitchen top', 154, 162, 3);
INSERT INTO song (song_id, album_id, name, duration_seconds, bpm, track_number) VALUES (5646, 744, 'Wind', 238, 108, 4);
INSERT INTO song (song_id, album_id, name, duration_seconds, bpm, track_number) VALUES (5647, 744, 'Though', 386, 107, 5);
INSERT INTO song (song_id, album_id, name, duration_seconds, bpm, track_number) VALUES (5648, 744, 'North', 341, 70, 6);
INSERT INTO song (song_id, album_id, name, duration_seconds, bpm, track_number) VALUES (5649, 744, 'Laugh', 123, 148, 7);
INSERT INTO album (album_id, artist_id, title, release_year, created_at) VALUES (745, 397, 'Multi-channeled uniform middleware', 2024, NOW());
INSERT INTO song (song_id, album_id, name, duration_seconds, bpm, track_number) VALUES (5650, 745, 'Down', 472, 110, 1);
INSERT INTO song (song_id, album_id, name, duration_seconds, bpm, track_number) VALUES (5651, 745, 'List', 257, 114, 2);
INSERT INTO song (song_id, album_id, name, duration_seconds, bpm, track_number) VALUES (5652, 745, 'Quality', 194, 132, 3);
INSERT INTO song (song_id, album_id, name, duration_seconds, bpm, track_number) VALUES (5653, 745, 'Development Mr at', 225, 168, 4);
INSERT INTO song (song_id, album_id, name, duration_seconds, bpm, track_number) VALUES (5654, 745, 'Help whether whether source', 150, 169, 5);
INSERT INTO song (song_id, album_id, name, duration_seconds, bpm, track_number) VALUES (5655, 745, 'Call class specific', 417, 150, 6);
INSERT INTO song (song_id, album_id, name, duration_seconds, bpm, track_number) VALUES (5656, 745, 'Report people', 145, 127, 7);
INSERT INTO song (song_id, album_id, name, duration_seconds, bpm, track_number) VALUES (5657, 745, 'Story suffer ahead', 451, 102, 8);
INSERT INTO song (song_id, album_id, name, duration_seconds, bpm, track_number) VALUES (5658, 745, 'Economic travel work common', 381, 169, 9);
INSERT INTO song (song_id, album_id, name, duration_seconds, bpm, track_number) VALUES (5659, 745, 'Will', 274, 127, 10);
INSERT INTO album (album_id, artist_id, title, release_year, created_at) VALUES (746, 397, 'Ergonomic user-facing neural-net', 1995, NOW());
INSERT INTO song (song_id, album_id, name, duration_seconds, bpm, track_number) VALUES (5660, 746, 'Order edge left rest', 357, 64, 1);
INSERT INTO song (song_id, album_id, name, duration_seconds, bpm, track_number) VALUES (5661, 746, 'Good', 253, 79, 2);
INSERT INTO song (song_id, album_id, name, duration_seconds, bpm, track_number) VALUES (5662, 746, 'Son', 425, 79, 3);
INSERT INTO song (song_id, album_id, name, duration_seconds, bpm, track_number) VALUES (5663, 746, 'Best decision most', 309, 144, 4);
INSERT INTO song (song_id, album_id, name, duration_seconds, bpm, track_number) VALUES (5664, 746, 'For common', 411, 122, 5);
INSERT INTO song (song_id, album_id, name, duration_seconds, bpm, track_number) VALUES (5665, 746, 'Pattern', 391, 119, 6);
INSERT INTO song (song_id, album_id, name, duration_seconds, bpm, track_number) VALUES (5666, 746, 'National', 429, 141, 7);
INSERT INTO album (album_id, artist_id, title, release_year, created_at) VALUES (747, 397, 'Business-focused system-worthy hardware', 2009, NOW());
INSERT INTO song (song_id, album_id, name, duration_seconds, bpm, track_number) VALUES (5667, 747, 'Range', 422, 167, 1);
INSERT INTO song (song_id, album_id, name, duration_seconds, bpm, track_number) VALUES (5668, 747, 'Seem', 281, 80, 2);
INSERT INTO song (song_id, album_id, name, duration_seconds, bpm, track_number) VALUES (5669, 747, 'Itself population reveal', 383, 95, 3);
INSERT INTO song (song_id, album_id, name, duration_seconds, bpm, track_number) VALUES (5670, 747, 'Wear couple compare despite', 214, 61, 4);
INSERT INTO song (song_id, album_id, name, duration_seconds, bpm, track_number) VALUES (5671, 747, 'Involve purpose around especially gun', 353, 142, 5);
INSERT INTO song (song_id, album_id, name, duration_seconds, bpm, track_number) VALUES (5672, 747, 'Quite serious issue minute', 312, 114, 6);
INSERT INTO song (song_id, album_id, name, duration_seconds, bpm, track_number) VALUES (5673, 747, 'Hope can responsibility', 454, 113, 7);
INSERT INTO song (song_id, album_id, name, duration_seconds, bpm, track_number) VALUES (5674, 747, 'Ahead group', 290, 114, 8);
INSERT INTO album (album_id, artist_id, title, release_year, created_at) VALUES (748, 398, 'Organized actuating software', 2011, NOW());
INSERT INTO song (song_id, album_id, name, duration_seconds, bpm, track_number) VALUES (5675, 748, 'Section computer training floor', 473, 105, 1);
INSERT INTO song (song_id, album_id, name, duration_seconds, bpm, track_number) VALUES (5676, 748, 'Clearly', 471, 121, 2);
INSERT INTO song (song_id, album_id, name, duration_seconds, bpm, track_number) VALUES (5677, 748, 'Space', 330, 133, 3);
INSERT INTO song (song_id, album_id, name, duration_seconds, bpm, track_number) VALUES (5678, 748, 'Down', 253, 178, 4);
INSERT INTO song (song_id, album_id, name, duration_seconds, bpm, track_number) VALUES (5679, 748, 'Line', 420, 157, 5);
INSERT INTO song (song_id, album_id, name, duration_seconds, bpm, track_number) VALUES (5680, 748, 'Represent the first same', 330, 132, 6);
INSERT INTO song (song_id, album_id, name, duration_seconds, bpm, track_number) VALUES (5681, 748, 'Chair', 191, 122, 7);
INSERT INTO song (song_id, album_id, name, duration_seconds, bpm, track_number) VALUES (5682, 748, 'Each', 403, 151, 8);
INSERT INTO album (album_id, artist_id, title, release_year, created_at) VALUES (749, 398, 'Upgradable zero tolerance concept', 1995, NOW());
INSERT INTO song (song_id, album_id, name, duration_seconds, bpm, track_number) VALUES (5683, 749, 'Maintain', 286, 83, 1);
INSERT INTO song (song_id, album_id, name, duration_seconds, bpm, track_number) VALUES (5684, 749, 'Entire medical receive unit data', 207, 161, 2);
INSERT INTO song (song_id, album_id, name, duration_seconds, bpm, track_number) VALUES (5685, 749, 'Exist social', 366, 97, 3);
INSERT INTO song (song_id, album_id, name, duration_seconds, bpm, track_number) VALUES (5686, 749, 'Worry agent PM', 153, 125, 4);
INSERT INTO song (song_id, album_id, name, duration_seconds, bpm, track_number) VALUES (5687, 749, 'Reason behavior', 460, 151, 5);
INSERT INTO song (song_id, album_id, name, duration_seconds, bpm, track_number) VALUES (5688, 749, 'Authority', 159, 141, 6);
INSERT INTO song (song_id, album_id, name, duration_seconds, bpm, track_number) VALUES (5689, 749, 'Hundred', 429, 136, 7);
INSERT INTO album (album_id, artist_id, title, release_year, created_at) VALUES (750, 398, 'Sharable discrete interface', 2005, NOW());
INSERT INTO song (song_id, album_id, name, duration_seconds, bpm, track_number) VALUES (5690, 750, 'Up although large', 359, 121, 1);
INSERT INTO song (song_id, album_id, name, duration_seconds, bpm, track_number) VALUES (5691, 750, 'List', 335, 161, 2);
INSERT INTO song (song_id, album_id, name, duration_seconds, bpm, track_number) VALUES (5692, 750, 'Deep born guy spend', 348, 176, 3);
INSERT INTO song (song_id, album_id, name, duration_seconds, bpm, track_number) VALUES (5693, 750, 'Actually', 167, 172, 4);
INSERT INTO song (song_id, album_id, name, duration_seconds, bpm, track_number) VALUES (5694, 750, 'Congress in', 439, 86, 5);
INSERT INTO song (song_id, album_id, name, duration_seconds, bpm, track_number) VALUES (5695, 750, 'Class event', 125, 119, 6);
INSERT INTO song (song_id, album_id, name, duration_seconds, bpm, track_number) VALUES (5696, 750, 'Man feel', 158, 178, 7);
INSERT INTO album (album_id, artist_id, title, release_year, created_at) VALUES (751, 399, 'Function-based content-based open architecture', 1983, NOW());
INSERT INTO song (song_id, album_id, name, duration_seconds, bpm, track_number) VALUES (5697, 751, 'Me', 420, 89, 1);
INSERT INTO song (song_id, album_id, name, duration_seconds, bpm, track_number) VALUES (5698, 751, 'Happy around', 380, 179, 2);
INSERT INTO song (song_id, album_id, name, duration_seconds, bpm, track_number) VALUES (5699, 751, 'Sure', 285, 64, 3);
INSERT INTO song (song_id, album_id, name, duration_seconds, bpm, track_number) VALUES (5700, 751, 'First', 230, 100, 4);
INSERT INTO song (song_id, album_id, name, duration_seconds, bpm, track_number) VALUES (5701, 751, 'Improve or', 175, 65, 5);
INSERT INTO song (song_id, album_id, name, duration_seconds, bpm, track_number) VALUES (5702, 751, 'Old', 165, 127, 6);
INSERT INTO song (song_id, album_id, name, duration_seconds, bpm, track_number) VALUES (5703, 751, 'Take you modern need', 338, 69, 7);
INSERT INTO song (song_id, album_id, name, duration_seconds, bpm, track_number) VALUES (5704, 751, 'Republican', 259, 129, 8);
INSERT INTO song (song_id, album_id, name, duration_seconds, bpm, track_number) VALUES (5705, 751, 'Bill', 443, 64, 9);
INSERT INTO album (album_id, artist_id, title, release_year, created_at) VALUES (752, 399, 'Team-oriented well-modulated infrastructure', 1996, NOW());
INSERT INTO song (song_id, album_id, name, duration_seconds, bpm, track_number) VALUES (5706, 752, 'Detail capital those think', 250, 161, 1);
INSERT INTO song (song_id, album_id, name, duration_seconds, bpm, track_number) VALUES (5707, 752, 'Gun group throw in', 246, 97, 2);
INSERT INTO song (song_id, album_id, name, duration_seconds, bpm, track_number) VALUES (5708, 752, 'Car such peace', 217, 128, 3);
INSERT INTO song (song_id, album_id, name, duration_seconds, bpm, track_number) VALUES (5709, 752, 'Exactly produce husband', 432, 135, 4);
INSERT INTO song (song_id, album_id, name, duration_seconds, bpm, track_number) VALUES (5710, 752, 'Require either', 202, 84, 5);
INSERT INTO song (song_id, album_id, name, duration_seconds, bpm, track_number) VALUES (5711, 752, 'Per run guy', 190, 86, 6);
INSERT INTO song (song_id, album_id, name, duration_seconds, bpm, track_number) VALUES (5712, 752, 'Floor account', 248, 176, 7);
INSERT INTO song (song_id, album_id, name, duration_seconds, bpm, track_number) VALUES (5713, 752, 'More', 426, 90, 8);
INSERT INTO album (album_id, artist_id, title, release_year, created_at) VALUES (753, 400, 'User-friendly holistic extranet', 1988, NOW());
INSERT INTO song (song_id, album_id, name, duration_seconds, bpm, track_number) VALUES (5714, 753, 'Actually stuff current particular', 232, 110, 1);
INSERT INTO song (song_id, album_id, name, duration_seconds, bpm, track_number) VALUES (5715, 753, 'Sell', 338, 179, 2);
INSERT INTO song (song_id, album_id, name, duration_seconds, bpm, track_number) VALUES (5716, 753, 'Or life', 448, 89, 3);
INSERT INTO song (song_id, album_id, name, duration_seconds, bpm, track_number) VALUES (5717, 753, 'Glass situation whole truth lose', 440, 118, 4);
INSERT INTO song (song_id, album_id, name, duration_seconds, bpm, track_number) VALUES (5718, 753, 'Fast court', 281, 93, 5);
INSERT INTO song (song_id, album_id, name, duration_seconds, bpm, track_number) VALUES (5719, 753, 'Defense', 461, 145, 6);
INSERT INTO song (song_id, album_id, name, duration_seconds, bpm, track_number) VALUES (5720, 753, 'Pattern best', 270, 148, 7);
INSERT INTO song (song_id, album_id, name, duration_seconds, bpm, track_number) VALUES (5721, 753, 'Yard', 311, 93, 8);
INSERT INTO song (song_id, album_id, name, duration_seconds, bpm, track_number) VALUES (5722, 753, 'Artist glass up', 221, 87, 9);

-- INSERT STREAMING HISTORY
INSERT INTO streaming_history (user_id, song_id, played_at, device) VALUES (279, 5278, '2025-07-07 07:17:50', 'smart_tv');
INSERT INTO streaming_history (user_id, song_id, played_at, device) VALUES (42, 5144, '2025-05-08 13:37:26', 'smart_tv');
INSERT INTO streaming_history (user_id, song_id, played_at, device) VALUES (130, 2447, '2025-10-24 18:10:10', 'mobile');
INSERT INTO streaming_history (user_id, song_id, played_at, device) VALUES (284, 3419, '2025-09-04 11:23:19', 'desktop');
INSERT INTO streaming_history (user_id, song_id, played_at, device) VALUES (177, 3489, '2025-11-08 10:00:46', 'mobile');
INSERT INTO streaming_history (user_id, song_id, played_at, device) VALUES (245, 1940, '2026-03-19 14:51:45', 'smart_tv');
INSERT INTO streaming_history (user_id, song_id, played_at, device) VALUES (259, 4501, '2025-08-02 10:23:14', 'tablet');
INSERT INTO streaming_history (user_id, song_id, played_at, device) VALUES (116, 3706, '2025-06-06 01:05:10', 'desktop');
INSERT INTO streaming_history (user_id, song_id, played_at, device) VALUES (256, 2281, '2025-07-21 17:05:39', 'tablet');
INSERT INTO streaming_history (user_id, song_id, played_at, device) VALUES (36, 62, '2025-11-07 00:23:09', 'mobile');
INSERT INTO streaming_history (user_id, song_id, played_at, device) VALUES (236, 2963, '2026-02-24 03:14:21', 'tablet');
INSERT INTO streaming_history (user_id, song_id, played_at, device) VALUES (3, 770, '2026-02-12 20:02:33', 'desktop');
INSERT INTO streaming_history (user_id, song_id, played_at, device) VALUES (27, 4593, '2025-07-17 05:45:01', 'desktop');
INSERT INTO streaming_history (user_id, song_id, played_at, device) VALUES (277, 1157, '2025-12-09 06:17:53', 'desktop');
INSERT INTO streaming_history (user_id, song_id, played_at, device) VALUES (255, 2638, '2025-07-05 21:23:49', 'smart_tv');
INSERT INTO streaming_history (user_id, song_id, played_at, device) VALUES (215, 3911, '2026-01-03 18:39:55', 'mobile');
INSERT INTO streaming_history (user_id, song_id, played_at, device) VALUES (292, 2004, '2026-03-08 22:32:54', 'tablet');
INSERT INTO streaming_history (user_id, song_id, played_at, device) VALUES (89, 4472, '2026-01-04 04:32:39', 'mobile');
INSERT INTO streaming_history (user_id, song_id, played_at, device) VALUES (212, 167, '2025-06-26 18:45:09', 'tablet');
INSERT INTO streaming_history (user_id, song_id, played_at, device) VALUES (112, 783, '2025-07-14 14:01:53', 'mobile');
INSERT INTO streaming_history (user_id, song_id, played_at, device) VALUES (175, 260, '2025-07-18 13:17:49', 'tablet');
INSERT INTO streaming_history (user_id, song_id, played_at, device) VALUES (237, 577, '2025-09-09 21:32:48', 'mobile');
INSERT INTO streaming_history (user_id, song_id, played_at, device) VALUES (231, 2619, '2025-11-30 14:14:33', 'desktop');
INSERT INTO streaming_history (user_id, song_id, played_at, device) VALUES (220, 4153, '2026-02-14 13:38:18', 'desktop');
INSERT INTO streaming_history (user_id, song_id, played_at, device) VALUES (80, 3304, '2025-06-27 08:45:23', 'mobile');
INSERT INTO streaming_history (user_id, song_id, played_at, device) VALUES (161, 3678, '2025-07-28 10:33:10', 'desktop');
INSERT INTO streaming_history (user_id, song_id, played_at, device) VALUES (144, 376, '2026-03-07 18:56:19', 'tablet');
INSERT INTO streaming_history (user_id, song_id, played_at, device) VALUES (105, 4650, '2025-11-20 03:05:07', 'mobile');
INSERT INTO streaming_history (user_id, song_id, played_at, device) VALUES (98, 5594, '2026-01-18 14:49:34', 'smart_tv');
INSERT INTO streaming_history (user_id, song_id, played_at, device) VALUES (119, 3798, '2026-01-18 09:48:42', 'desktop');
INSERT INTO streaming_history (user_id, song_id, played_at, device) VALUES (272, 1203, '2026-03-26 06:14:37', 'desktop');
INSERT INTO streaming_history (user_id, song_id, played_at, device) VALUES (298, 1061, '2025-04-25 06:59:57', 'smart_tv');
INSERT INTO streaming_history (user_id, song_id, played_at, device) VALUES (55, 5361, '2026-02-13 02:34:45', 'desktop');
INSERT INTO streaming_history (user_id, song_id, played_at, device) VALUES (224, 599, '2025-12-28 01:50:28', 'tablet');
INSERT INTO streaming_history (user_id, song_id, played_at, device) VALUES (240, 1821, '2026-02-21 16:36:29', 'smart_tv');
INSERT INTO streaming_history (user_id, song_id, played_at, device) VALUES (2, 2315, '2025-11-22 17:31:33', 'smart_tv');
INSERT INTO streaming_history (user_id, song_id, played_at, device) VALUES (44, 531, '2025-05-25 15:16:58', 'desktop');
INSERT INTO streaming_history (user_id, song_id, played_at, device) VALUES (44, 1509, '2025-07-09 01:22:32', 'tablet');
INSERT INTO streaming_history (user_id, song_id, played_at, device) VALUES (125, 660, '2026-03-15 10:59:23', 'smart_tv');
INSERT INTO streaming_history (user_id, song_id, played_at, device) VALUES (168, 2455, '2025-04-08 16:01:00', 'desktop');
INSERT INTO streaming_history (user_id, song_id, played_at, device) VALUES (231, 2650, '2025-08-13 17:21:34', 'tablet');
INSERT INTO streaming_history (user_id, song_id, played_at, device) VALUES (211, 3233, '2025-07-24 12:39:32', 'mobile');
INSERT INTO streaming_history (user_id, song_id, played_at, device) VALUES (183, 3364, '2025-05-15 13:07:03', 'desktop');
INSERT INTO streaming_history (user_id, song_id, played_at, device) VALUES (123, 65, '2025-05-17 21:02:06', 'smart_tv');
INSERT INTO streaming_history (user_id, song_id, played_at, device) VALUES (173, 5226, '2025-06-26 16:07:35', 'smart_tv');
INSERT INTO streaming_history (user_id, song_id, played_at, device) VALUES (119, 2953, '2025-08-20 19:24:02', 'desktop');
INSERT INTO streaming_history (user_id, song_id, played_at, device) VALUES (226, 1910, '2025-07-01 05:29:48', 'smart_tv');
INSERT INTO streaming_history (user_id, song_id, played_at, device) VALUES (61, 3069, '2025-08-21 22:49:58', 'mobile');
INSERT INTO streaming_history (user_id, song_id, played_at, device) VALUES (179, 105, '2025-07-12 23:27:56', 'tablet');
INSERT INTO streaming_history (user_id, song_id, played_at, device) VALUES (193, 4521, '2025-10-18 05:09:42', 'mobile');
INSERT INTO streaming_history (user_id, song_id, played_at, device) VALUES (101, 2885, '2025-11-26 14:19:10', 'smart_tv');
INSERT INTO streaming_history (user_id, song_id, played_at, device) VALUES (99, 25, '2026-03-02 13:00:08', 'desktop');
INSERT INTO streaming_history (user_id, song_id, played_at, device) VALUES (12, 2232, '2025-09-08 17:47:35', 'desktop');
INSERT INTO streaming_history (user_id, song_id, played_at, device) VALUES (64, 2470, '2025-08-09 13:02:17', 'tablet');
INSERT INTO streaming_history (user_id, song_id, played_at, device) VALUES (39, 2048, '2025-05-18 07:30:22', 'desktop');
INSERT INTO streaming_history (user_id, song_id, played_at, device) VALUES (293, 5535, '2026-02-16 10:06:34', 'tablet');
INSERT INTO streaming_history (user_id, song_id, played_at, device) VALUES (128, 4533, '2025-10-14 13:12:56', 'tablet');
INSERT INTO streaming_history (user_id, song_id, played_at, device) VALUES (290, 2723, '2025-06-07 09:20:21', 'smart_tv');
INSERT INTO streaming_history (user_id, song_id, played_at, device) VALUES (179, 3536, '2025-05-07 13:16:21', 'mobile');
INSERT INTO streaming_history (user_id, song_id, played_at, device) VALUES (285, 1928, '2026-02-08 15:43:07', 'mobile');
INSERT INTO streaming_history (user_id, song_id, played_at, device) VALUES (246, 1868, '2025-11-10 06:51:02', 'desktop');
INSERT INTO streaming_history (user_id, song_id, played_at, device) VALUES (63, 1792, '2025-12-26 13:28:56', 'desktop');
INSERT INTO streaming_history (user_id, song_id, played_at, device) VALUES (162, 3189, '2025-09-11 03:25:47', 'tablet');
INSERT INTO streaming_history (user_id, song_id, played_at, device) VALUES (232, 1384, '2026-01-14 07:40:31', 'tablet');
INSERT INTO streaming_history (user_id, song_id, played_at, device) VALUES (187, 5667, '2026-02-20 08:42:55', 'desktop');
INSERT INTO streaming_history (user_id, song_id, played_at, device) VALUES (206, 3521, '2026-02-28 01:14:05', 'tablet');
INSERT INTO streaming_history (user_id, song_id, played_at, device) VALUES (89, 146, '2025-04-19 05:49:48', 'mobile');
INSERT INTO streaming_history (user_id, song_id, played_at, device) VALUES (180, 1413, '2025-07-25 02:17:40', 'mobile');
INSERT INTO streaming_history (user_id, song_id, played_at, device) VALUES (61, 4587, '2025-05-31 21:40:26', 'tablet');
INSERT INTO streaming_history (user_id, song_id, played_at, device) VALUES (229, 1279, '2025-12-19 08:34:41', 'tablet');
INSERT INTO streaming_history (user_id, song_id, played_at, device) VALUES (142, 5634, '2025-08-09 09:03:26', 'smart_tv');
INSERT INTO streaming_history (user_id, song_id, played_at, device) VALUES (163, 619, '2025-05-01 04:44:17', 'mobile');
INSERT INTO streaming_history (user_id, song_id, played_at, device) VALUES (78, 5097, '2025-11-03 21:18:35', 'desktop');
INSERT INTO streaming_history (user_id, song_id, played_at, device) VALUES (3, 5713, '2025-07-19 23:32:11', 'desktop');
INSERT INTO streaming_history (user_id, song_id, played_at, device) VALUES (34, 4603, '2025-06-10 12:10:04', 'mobile');
INSERT INTO streaming_history (user_id, song_id, played_at, device) VALUES (100, 1646, '2025-12-22 01:12:20', 'tablet');
INSERT INTO streaming_history (user_id, song_id, played_at, device) VALUES (129, 2622, '2025-07-30 04:30:55', 'smart_tv');
INSERT INTO streaming_history (user_id, song_id, played_at, device) VALUES (68, 5059, '2026-01-11 04:31:36', 'mobile');
INSERT INTO streaming_history (user_id, song_id, played_at, device) VALUES (246, 1631, '2025-03-28 08:24:27', 'tablet');
INSERT INTO streaming_history (user_id, song_id, played_at, device) VALUES (91, 190, '2025-09-26 04:08:54', 'tablet');
INSERT INTO streaming_history (user_id, song_id, played_at, device) VALUES (150, 5650, '2025-10-18 19:52:57', 'tablet');
INSERT INTO streaming_history (user_id, song_id, played_at, device) VALUES (144, 4885, '2025-12-06 03:20:38', 'desktop');
INSERT INTO streaming_history (user_id, song_id, played_at, device) VALUES (247, 2885, '2025-04-13 16:42:16', 'smart_tv');
INSERT INTO streaming_history (user_id, song_id, played_at, device) VALUES (94, 4952, '2025-11-29 05:44:59', 'mobile');
INSERT INTO streaming_history (user_id, song_id, played_at, device) VALUES (234, 2985, '2025-11-21 03:05:38', 'tablet');
INSERT INTO streaming_history (user_id, song_id, played_at, device) VALUES (7, 3649, '2025-12-23 19:43:51', 'smart_tv');
INSERT INTO streaming_history (user_id, song_id, played_at, device) VALUES (130, 4376, '2025-06-25 20:53:38', 'mobile');
INSERT INTO streaming_history (user_id, song_id, played_at, device) VALUES (132, 5162, '2025-11-07 21:24:37', 'smart_tv');
INSERT INTO streaming_history (user_id, song_id, played_at, device) VALUES (8, 2253, '2025-06-15 04:32:53', 'tablet');
INSERT INTO streaming_history (user_id, song_id, played_at, device) VALUES (240, 4307, '2025-11-30 21:32:30', 'smart_tv');
INSERT INTO streaming_history (user_id, song_id, played_at, device) VALUES (170, 1103, '2025-08-15 08:48:00', 'smart_tv');
INSERT INTO streaming_history (user_id, song_id, played_at, device) VALUES (174, 1687, '2025-07-16 22:00:38', 'tablet');
INSERT INTO streaming_history (user_id, song_id, played_at, device) VALUES (42, 3396, '2025-07-09 16:26:32', 'desktop');
INSERT INTO streaming_history (user_id, song_id, played_at, device) VALUES (114, 3106, '2026-03-15 20:32:20', 'mobile');
INSERT INTO streaming_history (user_id, song_id, played_at, device) VALUES (93, 1487, '2025-12-17 18:40:23', 'desktop');
INSERT INTO streaming_history (user_id, song_id, played_at, device) VALUES (224, 684, '2025-05-10 14:31:21', 'desktop');
INSERT INTO streaming_history (user_id, song_id, played_at, device) VALUES (192, 3737, '2026-02-01 06:10:29', 'tablet');
INSERT INTO streaming_history (user_id, song_id, played_at, device) VALUES (259, 1676, '2026-03-07 18:37:40', 'tablet');
INSERT INTO streaming_history (user_id, song_id, played_at, device) VALUES (232, 5087, '2025-08-07 05:14:46', 'tablet');
INSERT INTO streaming_history (user_id, song_id, played_at, device) VALUES (220, 2221, '2025-12-24 09:56:52', 'mobile');
INSERT INTO streaming_history (user_id, song_id, played_at, device) VALUES (32, 5209, '2026-01-05 23:16:36', 'tablet');
INSERT INTO streaming_history (user_id, song_id, played_at, device) VALUES (107, 4498, '2025-04-03 06:14:34', 'smart_tv');
INSERT INTO streaming_history (user_id, song_id, played_at, device) VALUES (52, 818, '2025-11-17 19:29:17', 'smart_tv');
INSERT INTO streaming_history (user_id, song_id, played_at, device) VALUES (261, 3551, '2025-05-18 03:33:59', 'tablet');
INSERT INTO streaming_history (user_id, song_id, played_at, device) VALUES (83, 4762, '2025-05-02 17:43:49', 'desktop');
INSERT INTO streaming_history (user_id, song_id, played_at, device) VALUES (280, 1964, '2025-04-28 10:17:32', 'desktop');
INSERT INTO streaming_history (user_id, song_id, played_at, device) VALUES (245, 5630, '2026-01-13 07:37:03', 'desktop');
INSERT INTO streaming_history (user_id, song_id, played_at, device) VALUES (273, 3117, '2025-04-25 08:40:05', 'tablet');
INSERT INTO streaming_history (user_id, song_id, played_at, device) VALUES (56, 4674, '2025-05-02 09:20:09', 'smart_tv');
INSERT INTO streaming_history (user_id, song_id, played_at, device) VALUES (161, 801, '2025-10-27 11:06:33', 'tablet');
INSERT INTO streaming_history (user_id, song_id, played_at, device) VALUES (148, 5411, '2026-03-20 06:20:18', 'smart_tv');
INSERT INTO streaming_history (user_id, song_id, played_at, device) VALUES (129, 1256, '2025-10-15 08:39:34', 'mobile');
INSERT INTO streaming_history (user_id, song_id, played_at, device) VALUES (21, 4171, '2025-08-29 06:03:20', 'desktop');
INSERT INTO streaming_history (user_id, song_id, played_at, device) VALUES (42, 1327, '2025-07-25 02:24:16', 'desktop');
INSERT INTO streaming_history (user_id, song_id, played_at, device) VALUES (240, 437, '2026-02-26 14:23:33', 'mobile');
INSERT INTO streaming_history (user_id, song_id, played_at, device) VALUES (201, 2284, '2025-12-27 14:40:05', 'mobile');
INSERT INTO streaming_history (user_id, song_id, played_at, device) VALUES (57, 5384, '2025-11-21 13:34:14', 'smart_tv');
INSERT INTO streaming_history (user_id, song_id, played_at, device) VALUES (300, 1210, '2025-07-11 05:03:26', 'mobile');
INSERT INTO streaming_history (user_id, song_id, played_at, device) VALUES (23, 2204, '2025-04-09 07:29:06', 'smart_tv');
INSERT INTO streaming_history (user_id, song_id, played_at, device) VALUES (60, 4877, '2025-12-24 15:12:33', 'desktop');
INSERT INTO streaming_history (user_id, song_id, played_at, device) VALUES (238, 1376, '2025-09-16 15:04:06', 'desktop');
INSERT INTO streaming_history (user_id, song_id, played_at, device) VALUES (58, 3828, '2025-08-29 04:12:04', 'mobile');
INSERT INTO streaming_history (user_id, song_id, played_at, device) VALUES (107, 3594, '2025-09-18 08:54:47', 'smart_tv');
INSERT INTO streaming_history (user_id, song_id, played_at, device) VALUES (28, 107, '2025-05-03 06:00:10', 'mobile');
INSERT INTO streaming_history (user_id, song_id, played_at, device) VALUES (34, 4922, '2025-05-13 11:20:15', 'tablet');
INSERT INTO streaming_history (user_id, song_id, played_at, device) VALUES (184, 3089, '2025-04-08 08:59:39', 'mobile');
INSERT INTO streaming_history (user_id, song_id, played_at, device) VALUES (174, 5700, '2026-01-05 20:06:07', 'tablet');
INSERT INTO streaming_history (user_id, song_id, played_at, device) VALUES (294, 5091, '2025-12-04 16:47:22', 'mobile');
INSERT INTO streaming_history (user_id, song_id, played_at, device) VALUES (135, 656, '2026-02-03 07:00:26', 'tablet');
INSERT INTO streaming_history (user_id, song_id, played_at, device) VALUES (272, 3336, '2025-08-24 18:15:45', 'tablet');
INSERT INTO streaming_history (user_id, song_id, played_at, device) VALUES (21, 1003, '2025-08-18 04:59:38', 'desktop');
INSERT INTO streaming_history (user_id, song_id, played_at, device) VALUES (14, 1246, '2026-02-13 15:36:47', 'mobile');
INSERT INTO streaming_history (user_id, song_id, played_at, device) VALUES (14, 4030, '2025-08-17 04:46:26', 'smart_tv');
INSERT INTO streaming_history (user_id, song_id, played_at, device) VALUES (48, 5246, '2025-06-22 00:33:39', 'tablet');
INSERT INTO streaming_history (user_id, song_id, played_at, device) VALUES (124, 764, '2025-09-03 17:37:21', 'tablet');
INSERT INTO streaming_history (user_id, song_id, played_at, device) VALUES (230, 2798, '2025-04-21 18:29:23', 'desktop');
INSERT INTO streaming_history (user_id, song_id, played_at, device) VALUES (51, 3881, '2026-01-15 14:50:26', 'tablet');
INSERT INTO streaming_history (user_id, song_id, played_at, device) VALUES (53, 5486, '2025-10-15 05:34:11', 'desktop');
INSERT INTO streaming_history (user_id, song_id, played_at, device) VALUES (124, 1731, '2025-07-05 18:49:46', 'smart_tv');
INSERT INTO streaming_history (user_id, song_id, played_at, device) VALUES (196, 5721, '2025-10-03 00:55:31', 'desktop');
INSERT INTO streaming_history (user_id, song_id, played_at, device) VALUES (39, 3346, '2025-10-10 05:50:03', 'smart_tv');
INSERT INTO streaming_history (user_id, song_id, played_at, device) VALUES (245, 3769, '2025-06-28 23:12:09', 'smart_tv');
INSERT INTO streaming_history (user_id, song_id, played_at, device) VALUES (290, 2743, '2025-12-17 08:00:49', 'desktop');
INSERT INTO streaming_history (user_id, song_id, played_at, device) VALUES (23, 4851, '2025-05-31 09:10:05', 'mobile');
INSERT INTO streaming_history (user_id, song_id, played_at, device) VALUES (256, 2544, '2025-11-26 20:20:52', 'mobile');
INSERT INTO streaming_history (user_id, song_id, played_at, device) VALUES (223, 3925, '2025-05-27 15:20:21', 'desktop');
INSERT INTO streaming_history (user_id, song_id, played_at, device) VALUES (249, 3308, '2025-06-10 21:19:41', 'mobile');
INSERT INTO streaming_history (user_id, song_id, played_at, device) VALUES (191, 652, '2025-06-02 18:19:14', 'desktop');
INSERT INTO streaming_history (user_id, song_id, played_at, device) VALUES (103, 4945, '2025-08-12 02:40:54', 'desktop');
INSERT INTO streaming_history (user_id, song_id, played_at, device) VALUES (99, 4214, '2026-02-25 12:34:43', 'mobile');
INSERT INTO streaming_history (user_id, song_id, played_at, device) VALUES (132, 3095, '2026-03-17 04:33:10', 'tablet');
INSERT INTO streaming_history (user_id, song_id, played_at, device) VALUES (215, 3668, '2025-09-06 17:14:57', 'desktop');
INSERT INTO streaming_history (user_id, song_id, played_at, device) VALUES (109, 3738, '2026-01-04 20:24:20', 'tablet');
INSERT INTO streaming_history (user_id, song_id, played_at, device) VALUES (163, 3823, '2025-05-26 21:41:19', 'tablet');
INSERT INTO streaming_history (user_id, song_id, played_at, device) VALUES (121, 5535, '2025-11-12 17:07:11', 'desktop');
INSERT INTO streaming_history (user_id, song_id, played_at, device) VALUES (32, 4240, '2025-07-19 14:53:40', 'mobile');
INSERT INTO streaming_history (user_id, song_id, played_at, device) VALUES (103, 3479, '2025-06-03 08:24:10', 'tablet');
INSERT INTO streaming_history (user_id, song_id, played_at, device) VALUES (92, 3829, '2026-02-22 02:31:01', 'tablet');
INSERT INTO streaming_history (user_id, song_id, played_at, device) VALUES (198, 3347, '2026-02-03 15:38:30', 'desktop');
INSERT INTO streaming_history (user_id, song_id, played_at, device) VALUES (159, 4843, '2025-10-06 19:07:43', 'mobile');
INSERT INTO streaming_history (user_id, song_id, played_at, device) VALUES (224, 3537, '2026-03-12 16:16:22', 'tablet');
INSERT INTO streaming_history (user_id, song_id, played_at, device) VALUES (218, 3455, '2025-11-19 07:34:06', 'desktop');
INSERT INTO streaming_history (user_id, song_id, played_at, device) VALUES (283, 1083, '2025-08-16 00:48:27', 'desktop');
INSERT INTO streaming_history (user_id, song_id, played_at, device) VALUES (295, 4465, '2025-10-09 16:46:05', 'tablet');
INSERT INTO streaming_history (user_id, song_id, played_at, device) VALUES (121, 2669, '2025-11-01 04:42:39', 'mobile');
INSERT INTO streaming_history (user_id, song_id, played_at, device) VALUES (222, 4100, '2025-10-08 01:09:36', 'smart_tv');
INSERT INTO streaming_history (user_id, song_id, played_at, device) VALUES (218, 2080, '2025-04-26 12:42:40', 'smart_tv');
INSERT INTO streaming_history (user_id, song_id, played_at, device) VALUES (272, 820, '2026-03-17 11:09:15', 'mobile');
INSERT INTO streaming_history (user_id, song_id, played_at, device) VALUES (11, 4773, '2025-12-21 15:09:52', 'mobile');
INSERT INTO streaming_history (user_id, song_id, played_at, device) VALUES (237, 2844, '2025-05-21 13:15:57', 'mobile');
INSERT INTO streaming_history (user_id, song_id, played_at, device) VALUES (238, 3955, '2026-02-26 06:39:24', 'smart_tv');
INSERT INTO streaming_history (user_id, song_id, played_at, device) VALUES (265, 308, '2025-09-22 21:41:12', 'mobile');
INSERT INTO streaming_history (user_id, song_id, played_at, device) VALUES (251, 5510, '2025-07-09 08:59:07', 'desktop');
INSERT INTO streaming_history (user_id, song_id, played_at, device) VALUES (21, 5004, '2026-03-10 07:49:52', 'mobile');
INSERT INTO streaming_history (user_id, song_id, played_at, device) VALUES (175, 1957, '2025-12-07 14:15:20', 'desktop');
INSERT INTO streaming_history (user_id, song_id, played_at, device) VALUES (230, 1558, '2025-04-01 00:05:12', 'smart_tv');
INSERT INTO streaming_history (user_id, song_id, played_at, device) VALUES (79, 831, '2025-07-25 11:12:52', 'desktop');
INSERT INTO streaming_history (user_id, song_id, played_at, device) VALUES (49, 1429, '2025-11-24 02:36:49', 'smart_tv');
INSERT INTO streaming_history (user_id, song_id, played_at, device) VALUES (92, 4296, '2025-06-06 03:36:52', 'tablet');
INSERT INTO streaming_history (user_id, song_id, played_at, device) VALUES (19, 3529, '2025-07-17 02:01:43', 'smart_tv');
INSERT INTO streaming_history (user_id, song_id, played_at, device) VALUES (245, 618, '2025-08-24 06:13:59', 'desktop');
INSERT INTO streaming_history (user_id, song_id, played_at, device) VALUES (56, 2696, '2025-10-03 01:10:00', 'smart_tv');
INSERT INTO streaming_history (user_id, song_id, played_at, device) VALUES (234, 999, '2025-09-30 00:59:41', 'smart_tv');
INSERT INTO streaming_history (user_id, song_id, played_at, device) VALUES (231, 5537, '2025-10-24 20:02:14', 'mobile');
INSERT INTO streaming_history (user_id, song_id, played_at, device) VALUES (292, 1319, '2026-02-03 21:32:17', 'smart_tv');
INSERT INTO streaming_history (user_id, song_id, played_at, device) VALUES (127, 2958, '2025-04-13 06:27:30', 'mobile');
INSERT INTO streaming_history (user_id, song_id, played_at, device) VALUES (112, 2642, '2026-03-25 20:28:09', 'mobile');
INSERT INTO streaming_history (user_id, song_id, played_at, device) VALUES (137, 2101, '2025-05-04 19:58:35', 'desktop');
INSERT INTO streaming_history (user_id, song_id, played_at, device) VALUES (163, 3961, '2025-10-12 16:36:14', 'mobile');
INSERT INTO streaming_history (user_id, song_id, played_at, device) VALUES (142, 5420, '2026-01-27 07:09:14', 'tablet');
INSERT INTO streaming_history (user_id, song_id, played_at, device) VALUES (222, 5272, '2025-10-06 07:47:21', 'desktop');
INSERT INTO streaming_history (user_id, song_id, played_at, device) VALUES (54, 1033, '2025-12-20 06:06:11', 'smart_tv');
INSERT INTO streaming_history (user_id, song_id, played_at, device) VALUES (11, 4485, '2025-04-21 08:09:15', 'desktop');
INSERT INTO streaming_history (user_id, song_id, played_at, device) VALUES (87, 2272, '2025-05-06 04:31:43', 'mobile');
INSERT INTO streaming_history (user_id, song_id, played_at, device) VALUES (97, 4383, '2025-12-04 15:50:35', 'smart_tv');
INSERT INTO streaming_history (user_id, song_id, played_at, device) VALUES (84, 4024, '2025-10-19 15:38:10', 'mobile');
INSERT INTO streaming_history (user_id, song_id, played_at, device) VALUES (115, 3222, '2025-12-07 05:24:26', 'desktop');
INSERT INTO streaming_history (user_id, song_id, played_at, device) VALUES (255, 736, '2025-12-11 00:52:13', 'tablet');
INSERT INTO streaming_history (user_id, song_id, played_at, device) VALUES (22, 4772, '2025-08-26 08:13:44', 'mobile');
INSERT INTO streaming_history (user_id, song_id, played_at, device) VALUES (255, 2785, '2025-10-23 15:39:42', 'smart_tv');
INSERT INTO streaming_history (user_id, song_id, played_at, device) VALUES (126, 1321, '2025-06-15 00:40:25', 'tablet');
INSERT INTO streaming_history (user_id, song_id, played_at, device) VALUES (75, 1836, '2026-02-23 04:52:08', 'tablet');
INSERT INTO streaming_history (user_id, song_id, played_at, device) VALUES (48, 4948, '2025-09-18 01:56:42', 'mobile');
INSERT INTO streaming_history (user_id, song_id, played_at, device) VALUES (179, 4954, '2025-04-09 01:35:47', 'mobile');
INSERT INTO streaming_history (user_id, song_id, played_at, device) VALUES (250, 3208, '2025-06-24 05:46:29', 'desktop');
INSERT INTO streaming_history (user_id, song_id, played_at, device) VALUES (208, 603, '2025-08-30 12:07:52', 'tablet');
INSERT INTO streaming_history (user_id, song_id, played_at, device) VALUES (197, 2687, '2025-10-12 05:26:03', 'desktop');
INSERT INTO streaming_history (user_id, song_id, played_at, device) VALUES (11, 2101, '2025-10-14 07:24:59', 'smart_tv');
INSERT INTO streaming_history (user_id, song_id, played_at, device) VALUES (119, 2462, '2025-06-21 14:26:31', 'smart_tv');
INSERT INTO streaming_history (user_id, song_id, played_at, device) VALUES (55, 3665, '2025-08-20 15:32:06', 'tablet');
INSERT INTO streaming_history (user_id, song_id, played_at, device) VALUES (54, 3954, '2025-12-29 07:54:18', 'mobile');
INSERT INTO streaming_history (user_id, song_id, played_at, device) VALUES (156, 5275, '2025-08-06 04:19:10', 'desktop');
INSERT INTO streaming_history (user_id, song_id, played_at, device) VALUES (96, 3919, '2025-06-08 21:01:44', 'desktop');
INSERT INTO streaming_history (user_id, song_id, played_at, device) VALUES (106, 1360, '2025-12-10 18:05:51', 'mobile');
INSERT INTO streaming_history (user_id, song_id, played_at, device) VALUES (253, 3794, '2025-04-07 20:20:45', 'smart_tv');
INSERT INTO streaming_history (user_id, song_id, played_at, device) VALUES (179, 2238, '2026-01-21 09:16:39', 'smart_tv');
INSERT INTO streaming_history (user_id, song_id, played_at, device) VALUES (94, 311, '2025-04-06 00:45:08', 'desktop');
INSERT INTO streaming_history (user_id, song_id, played_at, device) VALUES (228, 617, '2025-05-11 18:05:13', 'tablet');
INSERT INTO streaming_history (user_id, song_id, played_at, device) VALUES (164, 4219, '2025-05-22 23:02:40', 'smart_tv');
INSERT INTO streaming_history (user_id, song_id, played_at, device) VALUES (95, 120, '2025-06-10 10:58:28', 'desktop');
INSERT INTO streaming_history (user_id, song_id, played_at, device) VALUES (8, 2191, '2025-11-06 12:26:44', 'mobile');
INSERT INTO streaming_history (user_id, song_id, played_at, device) VALUES (181, 3847, '2025-11-14 18:29:23', 'smart_tv');
INSERT INTO streaming_history (user_id, song_id, played_at, device) VALUES (79, 64, '2026-03-05 11:04:55', 'desktop');
INSERT INTO streaming_history (user_id, song_id, played_at, device) VALUES (248, 3272, '2025-04-26 02:24:15', 'mobile');
INSERT INTO streaming_history (user_id, song_id, played_at, device) VALUES (6, 845, '2025-10-04 22:40:59', 'smart_tv');
INSERT INTO streaming_history (user_id, song_id, played_at, device) VALUES (297, 5579, '2025-05-10 00:43:41', 'smart_tv');
INSERT INTO streaming_history (user_id, song_id, played_at, device) VALUES (151, 4503, '2025-06-27 23:06:29', 'mobile');
INSERT INTO streaming_history (user_id, song_id, played_at, device) VALUES (43, 4492, '2025-10-07 12:43:02', 'smart_tv');
INSERT INTO streaming_history (user_id, song_id, played_at, device) VALUES (231, 453, '2025-05-30 07:39:13', 'smart_tv');
INSERT INTO streaming_history (user_id, song_id, played_at, device) VALUES (266, 2327, '2025-10-25 16:15:51', 'mobile');
INSERT INTO streaming_history (user_id, song_id, played_at, device) VALUES (190, 4180, '2025-03-31 18:19:06', 'smart_tv');
INSERT INTO streaming_history (user_id, song_id, played_at, device) VALUES (49, 4209, '2025-07-22 10:54:23', 'desktop');
INSERT INTO streaming_history (user_id, song_id, played_at, device) VALUES (76, 5586, '2026-03-26 01:40:34', 'desktop');
INSERT INTO streaming_history (user_id, song_id, played_at, device) VALUES (148, 3876, '2025-11-24 07:18:10', 'desktop');
INSERT INTO streaming_history (user_id, song_id, played_at, device) VALUES (211, 405, '2025-08-28 08:51:00', 'tablet');
INSERT INTO streaming_history (user_id, song_id, played_at, device) VALUES (196, 4888, '2025-06-23 17:10:11', 'desktop');
INSERT INTO streaming_history (user_id, song_id, played_at, device) VALUES (104, 4051, '2025-10-13 09:11:56', 'smart_tv');
INSERT INTO streaming_history (user_id, song_id, played_at, device) VALUES (140, 3777, '2025-05-09 00:14:31', 'desktop');
INSERT INTO streaming_history (user_id, song_id, played_at, device) VALUES (299, 368, '2025-06-13 12:45:57', 'smart_tv');
INSERT INTO streaming_history (user_id, song_id, played_at, device) VALUES (232, 3843, '2025-11-30 06:41:55', 'tablet');
INSERT INTO streaming_history (user_id, song_id, played_at, device) VALUES (284, 3561, '2025-10-02 03:32:15', 'tablet');
INSERT INTO streaming_history (user_id, song_id, played_at, device) VALUES (24, 3803, '2026-03-26 01:53:32', 'tablet');
INSERT INTO streaming_history (user_id, song_id, played_at, device) VALUES (124, 1697, '2026-03-15 18:50:21', 'smart_tv');
INSERT INTO streaming_history (user_id, song_id, played_at, device) VALUES (112, 4190, '2025-12-13 06:17:29', 'smart_tv');
INSERT INTO streaming_history (user_id, song_id, played_at, device) VALUES (210, 2523, '2025-07-05 00:12:43', 'desktop');
INSERT INTO streaming_history (user_id, song_id, played_at, device) VALUES (58, 2145, '2025-05-12 18:20:57', 'tablet');
INSERT INTO streaming_history (user_id, song_id, played_at, device) VALUES (131, 1868, '2025-04-06 13:04:42', 'tablet');
INSERT INTO streaming_history (user_id, song_id, played_at, device) VALUES (115, 3428, '2025-04-01 08:27:30', 'smart_tv');
INSERT INTO streaming_history (user_id, song_id, played_at, device) VALUES (8, 3634, '2025-10-28 17:12:58', 'desktop');
INSERT INTO streaming_history (user_id, song_id, played_at, device) VALUES (270, 3331, '2026-02-10 11:11:30', 'smart_tv');
INSERT INTO streaming_history (user_id, song_id, played_at, device) VALUES (84, 241, '2025-04-13 16:16:57', 'mobile');
INSERT INTO streaming_history (user_id, song_id, played_at, device) VALUES (74, 4225, '2025-12-10 08:08:57', 'smart_tv');
INSERT INTO streaming_history (user_id, song_id, played_at, device) VALUES (164, 372, '2025-09-26 02:51:17', 'smart_tv');
INSERT INTO streaming_history (user_id, song_id, played_at, device) VALUES (227, 4038, '2025-11-12 19:08:12', 'desktop');
INSERT INTO streaming_history (user_id, song_id, played_at, device) VALUES (256, 1132, '2026-02-07 08:25:10', 'tablet');
INSERT INTO streaming_history (user_id, song_id, played_at, device) VALUES (25, 2094, '2025-04-15 09:28:02', 'smart_tv');
INSERT INTO streaming_history (user_id, song_id, played_at, device) VALUES (244, 2220, '2026-01-21 14:01:35', 'mobile');
INSERT INTO streaming_history (user_id, song_id, played_at, device) VALUES (13, 1262, '2026-01-12 10:46:17', 'tablet');
INSERT INTO streaming_history (user_id, song_id, played_at, device) VALUES (168, 4529, '2025-05-13 01:35:25', 'mobile');
INSERT INTO streaming_history (user_id, song_id, played_at, device) VALUES (158, 4845, '2025-10-15 08:15:03', 'mobile');
INSERT INTO streaming_history (user_id, song_id, played_at, device) VALUES (153, 414, '2025-12-01 04:26:02', 'smart_tv');
INSERT INTO streaming_history (user_id, song_id, played_at, device) VALUES (172, 1602, '2025-05-09 11:13:27', 'mobile');
INSERT INTO streaming_history (user_id, song_id, played_at, device) VALUES (23, 1230, '2025-12-21 11:08:55', 'mobile');
INSERT INTO streaming_history (user_id, song_id, played_at, device) VALUES (118, 5511, '2025-07-29 11:00:21', 'desktop');
INSERT INTO streaming_history (user_id, song_id, played_at, device) VALUES (254, 5267, '2025-04-11 20:03:35', 'mobile');
INSERT INTO streaming_history (user_id, song_id, played_at, device) VALUES (123, 2100, '2025-05-07 18:31:53', 'mobile');
INSERT INTO streaming_history (user_id, song_id, played_at, device) VALUES (227, 1889, '2025-10-14 05:36:44', 'desktop');
INSERT INTO streaming_history (user_id, song_id, played_at, device) VALUES (196, 677, '2026-01-08 18:58:36', 'desktop');
INSERT INTO streaming_history (user_id, song_id, played_at, device) VALUES (91, 2921, '2026-01-11 14:16:03', 'desktop');
INSERT INTO streaming_history (user_id, song_id, played_at, device) VALUES (117, 5375, '2026-01-23 08:06:37', 'tablet');
INSERT INTO streaming_history (user_id, song_id, played_at, device) VALUES (177, 3714, '2025-06-27 04:21:20', 'smart_tv');
INSERT INTO streaming_history (user_id, song_id, played_at, device) VALUES (137, 2460, '2025-12-09 09:43:52', 'desktop');
INSERT INTO streaming_history (user_id, song_id, played_at, device) VALUES (260, 5705, '2025-08-24 10:20:54', 'tablet');
INSERT INTO streaming_history (user_id, song_id, played_at, device) VALUES (274, 276, '2026-01-05 20:03:41', 'mobile');
INSERT INTO streaming_history (user_id, song_id, played_at, device) VALUES (3, 5148, '2025-11-21 07:48:51', 'mobile');
INSERT INTO streaming_history (user_id, song_id, played_at, device) VALUES (40, 2959, '2025-05-07 15:30:22', 'mobile');
INSERT INTO streaming_history (user_id, song_id, played_at, device) VALUES (211, 1462, '2025-11-07 08:52:34', 'mobile');
INSERT INTO streaming_history (user_id, song_id, played_at, device) VALUES (136, 2402, '2025-11-02 21:40:56', 'smart_tv');
INSERT INTO streaming_history (user_id, song_id, played_at, device) VALUES (15, 2048, '2026-03-05 22:37:50', 'smart_tv');
INSERT INTO streaming_history (user_id, song_id, played_at, device) VALUES (184, 1013, '2026-01-23 02:05:18', 'tablet');
INSERT INTO streaming_history (user_id, song_id, played_at, device) VALUES (80, 5633, '2026-02-09 14:55:23', 'desktop');
INSERT INTO streaming_history (user_id, song_id, played_at, device) VALUES (136, 1501, '2025-05-22 21:58:23', 'smart_tv');
INSERT INTO streaming_history (user_id, song_id, played_at, device) VALUES (216, 3169, '2025-12-23 13:44:38', 'mobile');
INSERT INTO streaming_history (user_id, song_id, played_at, device) VALUES (108, 1696, '2025-10-16 10:59:59', 'mobile');
INSERT INTO streaming_history (user_id, song_id, played_at, device) VALUES (46, 523, '2025-06-25 06:11:00', 'smart_tv');
INSERT INTO streaming_history (user_id, song_id, played_at, device) VALUES (189, 381, '2025-07-30 16:24:52', 'smart_tv');
INSERT INTO streaming_history (user_id, song_id, played_at, device) VALUES (215, 2470, '2026-01-12 00:43:40', 'tablet');
INSERT INTO streaming_history (user_id, song_id, played_at, device) VALUES (52, 442, '2026-02-10 13:04:47', 'mobile');
INSERT INTO streaming_history (user_id, song_id, played_at, device) VALUES (255, 1228, '2025-10-13 18:03:51', 'tablet');
INSERT INTO streaming_history (user_id, song_id, played_at, device) VALUES (4, 4707, '2025-09-06 01:00:25', 'desktop');
INSERT INTO streaming_history (user_id, song_id, played_at, device) VALUES (137, 2420, '2026-03-19 05:45:54', 'tablet');
INSERT INTO streaming_history (user_id, song_id, played_at, device) VALUES (136, 5376, '2025-06-19 11:56:01', 'tablet');
INSERT INTO streaming_history (user_id, song_id, played_at, device) VALUES (157, 1973, '2025-06-17 05:07:34', 'tablet');
INSERT INTO streaming_history (user_id, song_id, played_at, device) VALUES (13, 1833, '2025-12-03 00:18:20', 'smart_tv');
INSERT INTO streaming_history (user_id, song_id, played_at, device) VALUES (277, 5020, '2026-01-14 15:48:07', 'mobile');
INSERT INTO streaming_history (user_id, song_id, played_at, device) VALUES (153, 486, '2025-06-14 11:18:16', 'mobile');
INSERT INTO streaming_history (user_id, song_id, played_at, device) VALUES (161, 7, '2025-04-26 13:57:04', 'tablet');
INSERT INTO streaming_history (user_id, song_id, played_at, device) VALUES (87, 2592, '2025-08-20 01:11:38', 'smart_tv');
INSERT INTO streaming_history (user_id, song_id, played_at, device) VALUES (49, 3103, '2025-08-02 09:37:15', 'desktop');
INSERT INTO streaming_history (user_id, song_id, played_at, device) VALUES (241, 3796, '2025-12-25 20:19:47', 'mobile');
INSERT INTO streaming_history (user_id, song_id, played_at, device) VALUES (78, 2538, '2025-04-05 20:40:57', 'smart_tv');
INSERT INTO streaming_history (user_id, song_id, played_at, device) VALUES (200, 468, '2025-09-05 18:07:44', 'mobile');
INSERT INTO streaming_history (user_id, song_id, played_at, device) VALUES (186, 2882, '2026-02-17 23:41:48', 'mobile');
INSERT INTO streaming_history (user_id, song_id, played_at, device) VALUES (251, 196, '2026-03-15 22:32:58', 'smart_tv');
INSERT INTO streaming_history (user_id, song_id, played_at, device) VALUES (79, 3271, '2025-05-17 13:38:45', 'tablet');
INSERT INTO streaming_history (user_id, song_id, played_at, device) VALUES (128, 2463, '2025-03-28 07:34:51', 'desktop');
INSERT INTO streaming_history (user_id, song_id, played_at, device) VALUES (150, 3768, '2025-07-02 20:31:23', 'smart_tv');
INSERT INTO streaming_history (user_id, song_id, played_at, device) VALUES (78, 4968, '2025-08-11 18:26:52', 'smart_tv');
INSERT INTO streaming_history (user_id, song_id, played_at, device) VALUES (180, 4290, '2025-06-12 16:23:50', 'desktop');
INSERT INTO streaming_history (user_id, song_id, played_at, device) VALUES (163, 866, '2025-08-18 01:13:44', 'smart_tv');
INSERT INTO streaming_history (user_id, song_id, played_at, device) VALUES (165, 615, '2026-01-09 05:58:31', 'mobile');
INSERT INTO streaming_history (user_id, song_id, played_at, device) VALUES (181, 284, '2025-06-09 21:30:05', 'mobile');
INSERT INTO streaming_history (user_id, song_id, played_at, device) VALUES (4, 4145, '2025-12-18 14:31:54', 'mobile');
INSERT INTO streaming_history (user_id, song_id, played_at, device) VALUES (130, 4585, '2026-02-24 07:41:05', 'smart_tv');
INSERT INTO streaming_history (user_id, song_id, played_at, device) VALUES (124, 2792, '2025-11-14 13:18:22', 'smart_tv');
INSERT INTO streaming_history (user_id, song_id, played_at, device) VALUES (7, 4934, '2025-11-29 17:08:30', 'tablet');
INSERT INTO streaming_history (user_id, song_id, played_at, device) VALUES (64, 315, '2025-05-04 06:11:53', 'tablet');
INSERT INTO streaming_history (user_id, song_id, played_at, device) VALUES (146, 2573, '2026-03-10 12:57:53', 'mobile');
INSERT INTO streaming_history (user_id, song_id, played_at, device) VALUES (214, 1525, '2025-10-10 02:37:45', 'smart_tv');
INSERT INTO streaming_history (user_id, song_id, played_at, device) VALUES (6, 5108, '2025-10-28 20:19:08', 'desktop');
INSERT INTO streaming_history (user_id, song_id, played_at, device) VALUES (111, 1650, '2025-12-13 05:18:48', 'smart_tv');
INSERT INTO streaming_history (user_id, song_id, played_at, device) VALUES (139, 3131, '2025-07-17 02:44:59', 'tablet');
INSERT INTO streaming_history (user_id, song_id, played_at, device) VALUES (255, 202, '2025-09-23 16:40:53', 'desktop');
INSERT INTO streaming_history (user_id, song_id, played_at, device) VALUES (147, 5285, '2026-03-12 00:07:12', 'smart_tv');
INSERT INTO streaming_history (user_id, song_id, played_at, device) VALUES (294, 3003, '2025-11-07 20:25:38', 'desktop');
INSERT INTO streaming_history (user_id, song_id, played_at, device) VALUES (210, 3607, '2025-06-11 07:37:49', 'mobile');
INSERT INTO streaming_history (user_id, song_id, played_at, device) VALUES (188, 5666, '2025-06-22 22:14:23', 'tablet');
INSERT INTO streaming_history (user_id, song_id, played_at, device) VALUES (34, 227, '2025-10-02 20:08:23', 'mobile');
INSERT INTO streaming_history (user_id, song_id, played_at, device) VALUES (110, 4882, '2025-05-05 00:31:48', 'tablet');
INSERT INTO streaming_history (user_id, song_id, played_at, device) VALUES (193, 3033, '2025-04-22 02:20:44', 'mobile');
INSERT INTO streaming_history (user_id, song_id, played_at, device) VALUES (156, 2773, '2025-09-05 13:51:54', 'smart_tv');
INSERT INTO streaming_history (user_id, song_id, played_at, device) VALUES (86, 3259, '2025-07-31 03:23:06', 'mobile');
INSERT INTO streaming_history (user_id, song_id, played_at, device) VALUES (40, 2089, '2025-07-20 18:23:09', 'mobile');
INSERT INTO streaming_history (user_id, song_id, played_at, device) VALUES (3, 3305, '2025-08-22 11:31:29', 'desktop');
INSERT INTO streaming_history (user_id, song_id, played_at, device) VALUES (111, 4696, '2025-11-07 04:31:57', 'mobile');
INSERT INTO streaming_history (user_id, song_id, played_at, device) VALUES (131, 3036, '2026-03-05 07:20:53', 'smart_tv');
INSERT INTO streaming_history (user_id, song_id, played_at, device) VALUES (70, 5554, '2026-03-12 10:04:28', 'tablet');
INSERT INTO streaming_history (user_id, song_id, played_at, device) VALUES (143, 784, '2025-06-26 10:00:50', 'desktop');
INSERT INTO streaming_history (user_id, song_id, played_at, device) VALUES (201, 4946, '2026-03-18 02:49:08', 'desktop');
INSERT INTO streaming_history (user_id, song_id, played_at, device) VALUES (108, 1863, '2025-09-06 22:53:27', 'smart_tv');
INSERT INTO streaming_history (user_id, song_id, played_at, device) VALUES (12, 4570, '2025-05-30 05:09:46', 'mobile');
INSERT INTO streaming_history (user_id, song_id, played_at, device) VALUES (101, 579, '2026-02-20 07:47:33', 'mobile');
INSERT INTO streaming_history (user_id, song_id, played_at, device) VALUES (191, 2388, '2025-08-13 04:12:48', 'tablet');
INSERT INTO streaming_history (user_id, song_id, played_at, device) VALUES (35, 3919, '2026-02-18 20:44:09', 'desktop');
INSERT INTO streaming_history (user_id, song_id, played_at, device) VALUES (87, 3111, '2025-05-28 00:42:19', 'mobile');
INSERT INTO streaming_history (user_id, song_id, played_at, device) VALUES (4, 2819, '2026-02-14 22:12:31', 'smart_tv');
INSERT INTO streaming_history (user_id, song_id, played_at, device) VALUES (73, 5206, '2025-07-08 11:59:26', 'tablet');
INSERT INTO streaming_history (user_id, song_id, played_at, device) VALUES (6, 2933, '2025-08-30 13:28:41', 'desktop');
INSERT INTO streaming_history (user_id, song_id, played_at, device) VALUES (111, 3819, '2025-05-19 03:34:41', 'smart_tv');
INSERT INTO streaming_history (user_id, song_id, played_at, device) VALUES (266, 746, '2025-05-25 06:48:27', 'mobile');
INSERT INTO streaming_history (user_id, song_id, played_at, device) VALUES (238, 239, '2025-04-30 14:12:16', 'tablet');
INSERT INTO streaming_history (user_id, song_id, played_at, device) VALUES (16, 5576, '2026-01-22 03:12:12', 'smart_tv');
INSERT INTO streaming_history (user_id, song_id, played_at, device) VALUES (44, 5488, '2025-10-24 08:27:57', 'tablet');
INSERT INTO streaming_history (user_id, song_id, played_at, device) VALUES (196, 5420, '2025-12-03 23:11:23', 'mobile');
INSERT INTO streaming_history (user_id, song_id, played_at, device) VALUES (127, 4990, '2025-06-15 00:51:40', 'desktop');
INSERT INTO streaming_history (user_id, song_id, played_at, device) VALUES (95, 4951, '2026-02-15 04:34:32', 'desktop');
INSERT INTO streaming_history (user_id, song_id, played_at, device) VALUES (291, 1665, '2025-07-20 04:37:05', 'desktop');
INSERT INTO streaming_history (user_id, song_id, played_at, device) VALUES (32, 1868, '2025-10-29 07:17:26', 'smart_tv');
INSERT INTO streaming_history (user_id, song_id, played_at, device) VALUES (258, 3422, '2025-08-22 15:00:49', 'tablet');
INSERT INTO streaming_history (user_id, song_id, played_at, device) VALUES (36, 4118, '2025-09-18 05:57:54', 'mobile');
INSERT INTO streaming_history (user_id, song_id, played_at, device) VALUES (295, 1716, '2025-12-12 09:55:52', 'tablet');
INSERT INTO streaming_history (user_id, song_id, played_at, device) VALUES (9, 4261, '2025-07-25 21:51:41', 'mobile');
INSERT INTO streaming_history (user_id, song_id, played_at, device) VALUES (46, 2705, '2025-09-20 09:40:55', 'tablet');
INSERT INTO streaming_history (user_id, song_id, played_at, device) VALUES (234, 1958, '2025-06-29 07:55:12', 'tablet');
INSERT INTO streaming_history (user_id, song_id, played_at, device) VALUES (61, 476, '2025-10-29 21:09:13', 'desktop');
INSERT INTO streaming_history (user_id, song_id, played_at, device) VALUES (182, 5618, '2025-05-19 12:10:05', 'smart_tv');
INSERT INTO streaming_history (user_id, song_id, played_at, device) VALUES (241, 4476, '2026-02-13 20:57:11', 'mobile');
INSERT INTO streaming_history (user_id, song_id, played_at, device) VALUES (234, 2351, '2025-04-03 20:42:25', 'mobile');
INSERT INTO streaming_history (user_id, song_id, played_at, device) VALUES (33, 931, '2025-05-15 13:21:07', 'mobile');
INSERT INTO streaming_history (user_id, song_id, played_at, device) VALUES (153, 939, '2025-09-13 11:57:43', 'desktop');
INSERT INTO streaming_history (user_id, song_id, played_at, device) VALUES (159, 754, '2025-04-23 10:23:16', 'tablet');
INSERT INTO streaming_history (user_id, song_id, played_at, device) VALUES (98, 4886, '2025-09-29 08:09:16', 'mobile');
INSERT INTO streaming_history (user_id, song_id, played_at, device) VALUES (81, 1727, '2025-04-14 21:17:40', 'desktop');
INSERT INTO streaming_history (user_id, song_id, played_at, device) VALUES (136, 1641, '2025-09-18 10:38:34', 'tablet');
INSERT INTO streaming_history (user_id, song_id, played_at, device) VALUES (208, 764, '2025-12-25 14:41:48', 'mobile');
INSERT INTO streaming_history (user_id, song_id, played_at, device) VALUES (102, 2771, '2026-01-19 02:57:22', 'smart_tv');
INSERT INTO streaming_history (user_id, song_id, played_at, device) VALUES (140, 5692, '2025-06-02 12:59:22', 'mobile');
INSERT INTO streaming_history (user_id, song_id, played_at, device) VALUES (298, 4585, '2025-06-08 19:22:14', 'mobile');
INSERT INTO streaming_history (user_id, song_id, played_at, device) VALUES (52, 4197, '2025-11-20 02:24:42', 'tablet');
INSERT INTO streaming_history (user_id, song_id, played_at, device) VALUES (50, 1053, '2025-12-27 17:06:37', 'tablet');
INSERT INTO streaming_history (user_id, song_id, played_at, device) VALUES (213, 1514, '2025-11-14 21:55:48', 'desktop');
INSERT INTO streaming_history (user_id, song_id, played_at, device) VALUES (288, 554, '2025-08-12 19:50:28', 'tablet');
INSERT INTO streaming_history (user_id, song_id, played_at, device) VALUES (81, 4133, '2026-03-13 21:40:11', 'smart_tv');
INSERT INTO streaming_history (user_id, song_id, played_at, device) VALUES (133, 1942, '2025-07-24 01:10:00', 'smart_tv');
INSERT INTO streaming_history (user_id, song_id, played_at, device) VALUES (272, 4007, '2025-07-18 00:26:24', 'smart_tv');
INSERT INTO streaming_history (user_id, song_id, played_at, device) VALUES (265, 2917, '2025-09-07 22:32:36', 'desktop');
INSERT INTO streaming_history (user_id, song_id, played_at, device) VALUES (61, 1809, '2025-07-05 16:40:28', 'tablet');
INSERT INTO streaming_history (user_id, song_id, played_at, device) VALUES (132, 5134, '2025-07-31 09:57:54', 'smart_tv');
INSERT INTO streaming_history (user_id, song_id, played_at, device) VALUES (206, 5495, '2025-04-17 14:26:38', 'smart_tv');
INSERT INTO streaming_history (user_id, song_id, played_at, device) VALUES (187, 263, '2025-10-20 06:09:49', 'smart_tv');
INSERT INTO streaming_history (user_id, song_id, played_at, device) VALUES (159, 4027, '2025-05-12 23:33:08', 'smart_tv');
INSERT INTO streaming_history (user_id, song_id, played_at, device) VALUES (31, 5271, '2025-10-02 14:53:46', 'smart_tv');
INSERT INTO streaming_history (user_id, song_id, played_at, device) VALUES (253, 2516, '2025-03-28 12:40:46', 'mobile');
INSERT INTO streaming_history (user_id, song_id, played_at, device) VALUES (195, 4108, '2025-08-24 22:04:45', 'smart_tv');
INSERT INTO streaming_history (user_id, song_id, played_at, device) VALUES (169, 4891, '2026-01-08 21:18:28', 'tablet');
INSERT INTO streaming_history (user_id, song_id, played_at, device) VALUES (39, 4436, '2025-10-20 20:40:18', 'desktop');
INSERT INTO streaming_history (user_id, song_id, played_at, device) VALUES (25, 73, '2025-05-12 06:14:07', 'desktop');
INSERT INTO streaming_history (user_id, song_id, played_at, device) VALUES (151, 2082, '2025-10-16 22:45:16', 'smart_tv');
INSERT INTO streaming_history (user_id, song_id, played_at, device) VALUES (48, 5206, '2025-10-29 12:19:48', 'smart_tv');
INSERT INTO streaming_history (user_id, song_id, played_at, device) VALUES (209, 1237, '2026-02-04 16:45:00', 'mobile');
INSERT INTO streaming_history (user_id, song_id, played_at, device) VALUES (7, 4528, '2025-06-22 19:10:53', 'smart_tv');
INSERT INTO streaming_history (user_id, song_id, played_at, device) VALUES (185, 5151, '2025-06-10 03:06:33', 'mobile');
INSERT INTO streaming_history (user_id, song_id, played_at, device) VALUES (278, 4963, '2025-04-12 22:10:44', 'tablet');
INSERT INTO streaming_history (user_id, song_id, played_at, device) VALUES (49, 1277, '2025-05-22 06:12:03', 'mobile');
INSERT INTO streaming_history (user_id, song_id, played_at, device) VALUES (196, 5475, '2025-06-03 23:37:44', 'tablet');
INSERT INTO streaming_history (user_id, song_id, played_at, device) VALUES (256, 5082, '2025-06-07 21:15:25', 'tablet');
INSERT INTO streaming_history (user_id, song_id, played_at, device) VALUES (233, 173, '2025-09-28 11:38:14', 'tablet');
INSERT INTO streaming_history (user_id, song_id, played_at, device) VALUES (108, 551, '2025-07-28 10:10:29', 'desktop');
INSERT INTO streaming_history (user_id, song_id, played_at, device) VALUES (138, 2777, '2025-07-05 02:27:49', 'smart_tv');
INSERT INTO streaming_history (user_id, song_id, played_at, device) VALUES (175, 877, '2026-02-25 23:09:11', 'desktop');
INSERT INTO streaming_history (user_id, song_id, played_at, device) VALUES (37, 5524, '2025-09-14 17:09:39', 'desktop');
INSERT INTO streaming_history (user_id, song_id, played_at, device) VALUES (200, 3717, '2025-11-17 14:07:24', 'desktop');
INSERT INTO streaming_history (user_id, song_id, played_at, device) VALUES (59, 1071, '2026-02-15 07:51:35', 'mobile');
INSERT INTO streaming_history (user_id, song_id, played_at, device) VALUES (171, 4709, '2025-12-05 18:35:40', 'desktop');
INSERT INTO streaming_history (user_id, song_id, played_at, device) VALUES (96, 5243, '2025-07-08 03:05:35', 'mobile');
INSERT INTO streaming_history (user_id, song_id, played_at, device) VALUES (123, 4478, '2026-01-26 20:11:19', 'smart_tv');
INSERT INTO streaming_history (user_id, song_id, played_at, device) VALUES (202, 2030, '2025-05-02 11:56:53', 'smart_tv');
INSERT INTO streaming_history (user_id, song_id, played_at, device) VALUES (183, 3293, '2025-06-12 19:01:05', 'desktop');
INSERT INTO streaming_history (user_id, song_id, played_at, device) VALUES (40, 5172, '2025-09-01 00:31:44', 'smart_tv');
INSERT INTO streaming_history (user_id, song_id, played_at, device) VALUES (105, 265, '2025-06-02 19:31:49', 'tablet');
INSERT INTO streaming_history (user_id, song_id, played_at, device) VALUES (291, 2306, '2025-11-27 00:11:27', 'desktop');
INSERT INTO streaming_history (user_id, song_id, played_at, device) VALUES (242, 1520, '2025-07-25 20:05:24', 'desktop');
INSERT INTO streaming_history (user_id, song_id, played_at, device) VALUES (99, 5413, '2025-07-12 14:37:48', 'tablet');
INSERT INTO streaming_history (user_id, song_id, played_at, device) VALUES (278, 4855, '2025-05-09 02:34:32', 'tablet');
INSERT INTO streaming_history (user_id, song_id, played_at, device) VALUES (73, 5432, '2026-03-06 19:37:09', 'mobile');
INSERT INTO streaming_history (user_id, song_id, played_at, device) VALUES (4, 3146, '2025-06-08 17:28:47', 'smart_tv');
INSERT INTO streaming_history (user_id, song_id, played_at, device) VALUES (3, 4211, '2025-07-10 23:06:11', 'mobile');
INSERT INTO streaming_history (user_id, song_id, played_at, device) VALUES (205, 1003, '2025-11-21 00:22:20', 'mobile');
INSERT INTO streaming_history (user_id, song_id, played_at, device) VALUES (104, 3109, '2025-10-29 03:34:13', 'mobile');
INSERT INTO streaming_history (user_id, song_id, played_at, device) VALUES (288, 2339, '2025-04-21 06:29:27', 'tablet');
INSERT INTO streaming_history (user_id, song_id, played_at, device) VALUES (155, 398, '2025-11-26 11:13:13', 'smart_tv');
INSERT INTO streaming_history (user_id, song_id, played_at, device) VALUES (100, 3658, '2025-04-06 08:52:40', 'tablet');
INSERT INTO streaming_history (user_id, song_id, played_at, device) VALUES (50, 4199, '2025-08-25 17:06:58', 'smart_tv');
INSERT INTO streaming_history (user_id, song_id, played_at, device) VALUES (87, 2540, '2025-09-02 04:13:42', 'mobile');
INSERT INTO streaming_history (user_id, song_id, played_at, device) VALUES (154, 2139, '2025-12-31 18:51:22', 'tablet');
INSERT INTO streaming_history (user_id, song_id, played_at, device) VALUES (269, 5493, '2026-03-08 02:24:54', 'desktop');
INSERT INTO streaming_history (user_id, song_id, played_at, device) VALUES (293, 2848, '2025-08-26 03:20:01', 'mobile');
INSERT INTO streaming_history (user_id, song_id, played_at, device) VALUES (155, 1566, '2025-06-06 07:12:58', 'desktop');
INSERT INTO streaming_history (user_id, song_id, played_at, device) VALUES (258, 4532, '2025-05-31 04:57:33', 'tablet');
INSERT INTO streaming_history (user_id, song_id, played_at, device) VALUES (235, 4647, '2025-11-25 13:12:28', 'tablet');
INSERT INTO streaming_history (user_id, song_id, played_at, device) VALUES (134, 5618, '2026-01-13 22:18:35', 'desktop');
INSERT INTO streaming_history (user_id, song_id, played_at, device) VALUES (153, 5685, '2025-12-16 11:41:08', 'desktop');
INSERT INTO streaming_history (user_id, song_id, played_at, device) VALUES (70, 273, '2025-08-10 06:41:50', 'tablet');
INSERT INTO streaming_history (user_id, song_id, played_at, device) VALUES (34, 117, '2025-05-01 23:26:09', 'smart_tv');
INSERT INTO streaming_history (user_id, song_id, played_at, device) VALUES (168, 1281, '2025-04-21 22:43:58', 'desktop');
INSERT INTO streaming_history (user_id, song_id, played_at, device) VALUES (71, 994, '2025-09-01 04:44:51', 'smart_tv');
INSERT INTO streaming_history (user_id, song_id, played_at, device) VALUES (116, 3557, '2025-04-21 04:49:15', 'mobile');
INSERT INTO streaming_history (user_id, song_id, played_at, device) VALUES (173, 3546, '2026-02-07 15:06:10', 'desktop');
INSERT INTO streaming_history (user_id, song_id, played_at, device) VALUES (236, 453, '2025-05-17 12:49:33', 'desktop');
INSERT INTO streaming_history (user_id, song_id, played_at, device) VALUES (280, 1831, '2025-08-21 12:13:35', 'desktop');
INSERT INTO streaming_history (user_id, song_id, played_at, device) VALUES (89, 1287, '2026-02-12 03:12:13', 'mobile');
INSERT INTO streaming_history (user_id, song_id, played_at, device) VALUES (145, 4646, '2025-03-27 21:46:16', 'smart_tv');
INSERT INTO streaming_history (user_id, song_id, played_at, device) VALUES (150, 4429, '2025-12-14 19:01:00', 'mobile');
INSERT INTO streaming_history (user_id, song_id, played_at, device) VALUES (236, 4637, '2025-09-30 03:05:40', 'mobile');
INSERT INTO streaming_history (user_id, song_id, played_at, device) VALUES (49, 1106, '2025-07-20 07:54:50', 'tablet');
INSERT INTO streaming_history (user_id, song_id, played_at, device) VALUES (226, 5624, '2025-11-01 23:40:51', 'tablet');
INSERT INTO streaming_history (user_id, song_id, played_at, device) VALUES (239, 3961, '2025-11-26 04:51:30', 'mobile');
INSERT INTO streaming_history (user_id, song_id, played_at, device) VALUES (132, 2810, '2026-02-15 00:28:53', 'tablet');
INSERT INTO streaming_history (user_id, song_id, played_at, device) VALUES (38, 925, '2026-03-20 23:40:23', 'mobile');
INSERT INTO streaming_history (user_id, song_id, played_at, device) VALUES (153, 5668, '2025-12-10 10:22:43', 'smart_tv');
INSERT INTO streaming_history (user_id, song_id, played_at, device) VALUES (210, 2753, '2025-05-08 16:35:39', 'tablet');
INSERT INTO streaming_history (user_id, song_id, played_at, device) VALUES (16, 1763, '2025-08-09 01:23:14', 'tablet');
INSERT INTO streaming_history (user_id, song_id, played_at, device) VALUES (51, 1341, '2025-09-09 18:33:48', 'mobile');
INSERT INTO streaming_history (user_id, song_id, played_at, device) VALUES (67, 5649, '2025-07-08 04:50:34', 'tablet');
INSERT INTO streaming_history (user_id, song_id, played_at, device) VALUES (271, 908, '2025-08-07 19:27:58', 'smart_tv');
INSERT INTO streaming_history (user_id, song_id, played_at, device) VALUES (97, 4758, '2026-03-19 09:43:56', 'tablet');
INSERT INTO streaming_history (user_id, song_id, played_at, device) VALUES (259, 3249, '2025-12-20 16:45:38', 'mobile');
INSERT INTO streaming_history (user_id, song_id, played_at, device) VALUES (63, 4639, '2026-03-03 02:14:12', 'tablet');
INSERT INTO streaming_history (user_id, song_id, played_at, device) VALUES (225, 2712, '2026-02-24 01:25:23', 'desktop');
INSERT INTO streaming_history (user_id, song_id, played_at, device) VALUES (168, 2132, '2025-05-11 00:40:19', 'mobile');
INSERT INTO streaming_history (user_id, song_id, played_at, device) VALUES (3, 2138, '2025-06-08 21:20:41', 'smart_tv');
INSERT INTO streaming_history (user_id, song_id, played_at, device) VALUES (256, 659, '2025-11-04 13:58:40', 'mobile');
INSERT INTO streaming_history (user_id, song_id, played_at, device) VALUES (159, 823, '2025-10-12 08:55:39', 'tablet');
INSERT INTO streaming_history (user_id, song_id, played_at, device) VALUES (34, 5634, '2026-03-25 14:38:55', 'tablet');
INSERT INTO streaming_history (user_id, song_id, played_at, device) VALUES (253, 511, '2026-01-01 18:40:10', 'desktop');
INSERT INTO streaming_history (user_id, song_id, played_at, device) VALUES (18, 5448, '2025-12-21 01:00:26', 'tablet');
INSERT INTO streaming_history (user_id, song_id, played_at, device) VALUES (68, 3369, '2026-01-09 22:53:36', 'tablet');
INSERT INTO streaming_history (user_id, song_id, played_at, device) VALUES (223, 3150, '2025-11-30 20:45:04', 'mobile');
INSERT INTO streaming_history (user_id, song_id, played_at, device) VALUES (267, 5364, '2025-06-25 04:24:54', 'smart_tv');
INSERT INTO streaming_history (user_id, song_id, played_at, device) VALUES (195, 3105, '2025-04-08 11:11:28', 'mobile');
INSERT INTO streaming_history (user_id, song_id, played_at, device) VALUES (109, 4839, '2025-06-17 16:44:50', 'mobile');
INSERT INTO streaming_history (user_id, song_id, played_at, device) VALUES (179, 2470, '2025-09-27 09:37:42', 'smart_tv');
INSERT INTO streaming_history (user_id, song_id, played_at, device) VALUES (128, 4530, '2025-04-19 14:45:49', 'desktop');
INSERT INTO streaming_history (user_id, song_id, played_at, device) VALUES (51, 4181, '2025-07-26 01:11:14', 'tablet');
INSERT INTO streaming_history (user_id, song_id, played_at, device) VALUES (95, 569, '2025-04-30 23:19:19', 'desktop');
INSERT INTO streaming_history (user_id, song_id, played_at, device) VALUES (221, 2499, '2025-12-03 00:00:44', 'mobile');
INSERT INTO streaming_history (user_id, song_id, played_at, device) VALUES (178, 1572, '2025-09-02 01:50:50', 'desktop');
INSERT INTO streaming_history (user_id, song_id, played_at, device) VALUES (244, 5096, '2025-07-12 22:25:42', 'mobile');
INSERT INTO streaming_history (user_id, song_id, played_at, device) VALUES (87, 5459, '2026-01-03 01:05:08', 'desktop');
INSERT INTO streaming_history (user_id, song_id, played_at, device) VALUES (222, 5552, '2026-02-06 03:35:26', 'mobile');
INSERT INTO streaming_history (user_id, song_id, played_at, device) VALUES (266, 2198, '2025-06-23 08:41:25', 'mobile');
INSERT INTO streaming_history (user_id, song_id, played_at, device) VALUES (238, 1520, '2025-10-12 16:32:37', 'mobile');
INSERT INTO streaming_history (user_id, song_id, played_at, device) VALUES (204, 5205, '2026-02-03 15:20:41', 'smart_tv');
INSERT INTO streaming_history (user_id, song_id, played_at, device) VALUES (280, 3308, '2025-12-28 11:33:38', 'mobile');
INSERT INTO streaming_history (user_id, song_id, played_at, device) VALUES (147, 788, '2025-09-07 16:45:22', 'smart_tv');
INSERT INTO streaming_history (user_id, song_id, played_at, device) VALUES (262, 1887, '2025-12-01 15:59:27', 'tablet');
INSERT INTO streaming_history (user_id, song_id, played_at, device) VALUES (182, 2853, '2026-03-02 00:51:38', 'mobile');
INSERT INTO streaming_history (user_id, song_id, played_at, device) VALUES (247, 1438, '2025-11-22 08:36:32', 'desktop');
INSERT INTO streaming_history (user_id, song_id, played_at, device) VALUES (180, 3062, '2025-05-31 00:32:38', 'mobile');
INSERT INTO streaming_history (user_id, song_id, played_at, device) VALUES (55, 2746, '2025-04-09 11:15:25', 'smart_tv');
INSERT INTO streaming_history (user_id, song_id, played_at, device) VALUES (66, 4078, '2025-10-16 16:51:04', 'smart_tv');
INSERT INTO streaming_history (user_id, song_id, played_at, device) VALUES (96, 4239, '2025-12-22 09:31:22', 'desktop');
INSERT INTO streaming_history (user_id, song_id, played_at, device) VALUES (254, 4298, '2025-06-09 11:05:03', 'tablet');
INSERT INTO streaming_history (user_id, song_id, played_at, device) VALUES (86, 3827, '2026-03-07 04:17:18', 'smart_tv');
INSERT INTO streaming_history (user_id, song_id, played_at, device) VALUES (179, 4438, '2025-04-28 04:46:15', 'tablet');
INSERT INTO streaming_history (user_id, song_id, played_at, device) VALUES (270, 4986, '2026-01-20 12:31:14', 'smart_tv');
INSERT INTO streaming_history (user_id, song_id, played_at, device) VALUES (86, 3369, '2025-08-10 21:13:33', 'desktop');
INSERT INTO streaming_history (user_id, song_id, played_at, device) VALUES (130, 1621, '2025-04-03 15:23:57', 'smart_tv');
INSERT INTO streaming_history (user_id, song_id, played_at, device) VALUES (89, 2389, '2025-06-29 22:39:02', 'desktop');
INSERT INTO streaming_history (user_id, song_id, played_at, device) VALUES (232, 3218, '2025-04-18 17:30:05', 'tablet');
INSERT INTO streaming_history (user_id, song_id, played_at, device) VALUES (129, 2326, '2025-12-10 15:52:59', 'tablet');
INSERT INTO streaming_history (user_id, song_id, played_at, device) VALUES (268, 3031, '2025-04-27 03:15:40', 'smart_tv');
INSERT INTO streaming_history (user_id, song_id, played_at, device) VALUES (228, 2072, '2025-07-29 03:39:55', 'desktop');
INSERT INTO streaming_history (user_id, song_id, played_at, device) VALUES (132, 1848, '2025-09-05 02:23:32', 'desktop');
INSERT INTO streaming_history (user_id, song_id, played_at, device) VALUES (215, 1369, '2025-10-19 09:16:59', 'smart_tv');
INSERT INTO streaming_history (user_id, song_id, played_at, device) VALUES (166, 1975, '2025-08-23 12:09:20', 'mobile');
INSERT INTO streaming_history (user_id, song_id, played_at, device) VALUES (187, 2649, '2025-06-07 20:32:00', 'tablet');
INSERT INTO streaming_history (user_id, song_id, played_at, device) VALUES (295, 2013, '2025-06-08 07:35:10', 'smart_tv');
INSERT INTO streaming_history (user_id, song_id, played_at, device) VALUES (235, 3184, '2025-04-11 23:16:12', 'mobile');
INSERT INTO streaming_history (user_id, song_id, played_at, device) VALUES (107, 3378, '2025-06-28 21:50:38', 'mobile');
INSERT INTO streaming_history (user_id, song_id, played_at, device) VALUES (123, 4593, '2025-10-31 19:30:41', 'smart_tv');
INSERT INTO streaming_history (user_id, song_id, played_at, device) VALUES (180, 731, '2025-04-17 23:21:03', 'smart_tv');
INSERT INTO streaming_history (user_id, song_id, played_at, device) VALUES (240, 3652, '2025-06-03 20:05:47', 'tablet');
INSERT INTO streaming_history (user_id, song_id, played_at, device) VALUES (283, 3077, '2025-08-22 20:41:55', 'tablet');
INSERT INTO streaming_history (user_id, song_id, played_at, device) VALUES (295, 2914, '2025-09-04 03:38:41', 'mobile');
INSERT INTO streaming_history (user_id, song_id, played_at, device) VALUES (267, 1313, '2025-06-14 16:47:37', 'desktop');
INSERT INTO streaming_history (user_id, song_id, played_at, device) VALUES (64, 5522, '2025-06-22 16:20:33', 'smart_tv');
INSERT INTO streaming_history (user_id, song_id, played_at, device) VALUES (189, 2186, '2026-01-20 06:50:06', 'desktop');
INSERT INTO streaming_history (user_id, song_id, played_at, device) VALUES (256, 2071, '2025-05-30 02:56:51', 'mobile');
INSERT INTO streaming_history (user_id, song_id, played_at, device) VALUES (267, 3226, '2025-12-05 13:48:27', 'desktop');
INSERT INTO streaming_history (user_id, song_id, played_at, device) VALUES (44, 4461, '2025-10-08 06:24:23', 'smart_tv');
INSERT INTO streaming_history (user_id, song_id, played_at, device) VALUES (123, 3540, '2025-12-19 15:21:58', 'mobile');
INSERT INTO streaming_history (user_id, song_id, played_at, device) VALUES (22, 421, '2025-12-24 11:26:42', 'mobile');
INSERT INTO streaming_history (user_id, song_id, played_at, device) VALUES (84, 2711, '2025-11-09 00:34:38', 'mobile');
INSERT INTO streaming_history (user_id, song_id, played_at, device) VALUES (43, 4768, '2025-10-01 08:56:12', 'tablet');
INSERT INTO streaming_history (user_id, song_id, played_at, device) VALUES (213, 2614, '2025-10-03 23:26:32', 'desktop');
INSERT INTO streaming_history (user_id, song_id, played_at, device) VALUES (291, 1559, '2026-03-04 04:57:13', 'desktop');
INSERT INTO streaming_history (user_id, song_id, played_at, device) VALUES (284, 2926, '2025-11-08 13:43:35', 'tablet');
INSERT INTO streaming_history (user_id, song_id, played_at, device) VALUES (44, 4796, '2025-04-03 22:26:14', 'tablet');
INSERT INTO streaming_history (user_id, song_id, played_at, device) VALUES (221, 1995, '2025-09-21 01:33:51', 'desktop');
INSERT INTO streaming_history (user_id, song_id, played_at, device) VALUES (176, 2334, '2025-11-12 14:09:53', 'desktop');
INSERT INTO streaming_history (user_id, song_id, played_at, device) VALUES (33, 158, '2025-07-16 17:10:05', 'desktop');
INSERT INTO streaming_history (user_id, song_id, played_at, device) VALUES (104, 227, '2025-05-14 13:12:26', 'mobile');
INSERT INTO streaming_history (user_id, song_id, played_at, device) VALUES (147, 5286, '2026-01-22 23:36:17', 'mobile');
INSERT INTO streaming_history (user_id, song_id, played_at, device) VALUES (120, 1793, '2026-02-16 19:58:57', 'tablet');
INSERT INTO streaming_history (user_id, song_id, played_at, device) VALUES (247, 1551, '2025-05-10 21:11:36', 'smart_tv');
INSERT INTO streaming_history (user_id, song_id, played_at, device) VALUES (12, 96, '2026-01-14 15:19:27', 'mobile');
INSERT INTO streaming_history (user_id, song_id, played_at, device) VALUES (229, 524, '2025-08-06 21:38:17', 'smart_tv');
INSERT INTO streaming_history (user_id, song_id, played_at, device) VALUES (144, 4585, '2025-05-20 05:05:00', 'tablet');
INSERT INTO streaming_history (user_id, song_id, played_at, device) VALUES (1, 1152, '2025-07-21 22:23:57', 'tablet');
INSERT INTO streaming_history (user_id, song_id, played_at, device) VALUES (270, 4596, '2025-09-15 21:13:21', 'desktop');
INSERT INTO streaming_history (user_id, song_id, played_at, device) VALUES (193, 4535, '2025-08-28 14:12:24', 'desktop');
INSERT INTO streaming_history (user_id, song_id, played_at, device) VALUES (285, 4992, '2025-08-24 17:31:42', 'desktop');
INSERT INTO streaming_history (user_id, song_id, played_at, device) VALUES (176, 3128, '2025-06-22 15:10:33', 'tablet');
INSERT INTO streaming_history (user_id, song_id, played_at, device) VALUES (183, 607, '2026-02-10 16:32:09', 'tablet');
INSERT INTO streaming_history (user_id, song_id, played_at, device) VALUES (262, 4832, '2025-12-26 04:13:40', 'smart_tv');
INSERT INTO streaming_history (user_id, song_id, played_at, device) VALUES (119, 1429, '2025-05-29 18:00:37', 'smart_tv');
INSERT INTO streaming_history (user_id, song_id, played_at, device) VALUES (45, 1258, '2025-12-06 00:44:35', 'desktop');
INSERT INTO streaming_history (user_id, song_id, played_at, device) VALUES (160, 3427, '2025-08-18 05:15:18', 'mobile');
INSERT INTO streaming_history (user_id, song_id, played_at, device) VALUES (147, 5380, '2025-08-11 16:57:06', 'smart_tv');
INSERT INTO streaming_history (user_id, song_id, played_at, device) VALUES (188, 1177, '2025-08-05 05:02:02', 'smart_tv');
INSERT INTO streaming_history (user_id, song_id, played_at, device) VALUES (148, 5265, '2025-04-07 01:02:26', 'tablet');
INSERT INTO streaming_history (user_id, song_id, played_at, device) VALUES (60, 5336, '2025-05-19 20:25:03', 'smart_tv');
INSERT INTO streaming_history (user_id, song_id, played_at, device) VALUES (270, 5718, '2025-06-24 08:57:23', 'desktop');
INSERT INTO streaming_history (user_id, song_id, played_at, device) VALUES (179, 42, '2025-06-17 06:13:53', 'desktop');
INSERT INTO streaming_history (user_id, song_id, played_at, device) VALUES (23, 4321, '2025-08-23 22:45:19', 'mobile');
INSERT INTO streaming_history (user_id, song_id, played_at, device) VALUES (117, 4701, '2026-03-08 04:07:08', 'desktop');
INSERT INTO streaming_history (user_id, song_id, played_at, device) VALUES (143, 1852, '2025-06-03 09:33:17', 'smart_tv');
INSERT INTO streaming_history (user_id, song_id, played_at, device) VALUES (108, 2727, '2026-03-01 12:14:36', 'tablet');
INSERT INTO streaming_history (user_id, song_id, played_at, device) VALUES (242, 5108, '2025-10-16 07:04:33', 'mobile');
INSERT INTO streaming_history (user_id, song_id, played_at, device) VALUES (188, 5694, '2025-04-04 23:31:02', 'desktop');
INSERT INTO streaming_history (user_id, song_id, played_at, device) VALUES (97, 4722, '2025-06-19 22:34:06', 'desktop');
INSERT INTO streaming_history (user_id, song_id, played_at, device) VALUES (288, 3487, '2026-01-20 09:01:11', 'tablet');
INSERT INTO streaming_history (user_id, song_id, played_at, device) VALUES (97, 3562, '2025-08-05 08:33:26', 'tablet');
INSERT INTO streaming_history (user_id, song_id, played_at, device) VALUES (146, 4038, '2025-11-06 11:24:54', 'desktop');
INSERT INTO streaming_history (user_id, song_id, played_at, device) VALUES (85, 3809, '2026-01-12 20:05:12', 'smart_tv');
INSERT INTO streaming_history (user_id, song_id, played_at, device) VALUES (108, 3569, '2025-08-21 13:48:30', 'mobile');
INSERT INTO streaming_history (user_id, song_id, played_at, device) VALUES (18, 5470, '2025-07-21 06:18:59', 'smart_tv');
INSERT INTO streaming_history (user_id, song_id, played_at, device) VALUES (194, 5219, '2025-11-08 19:38:11', 'tablet');
INSERT INTO streaming_history (user_id, song_id, played_at, device) VALUES (34, 431, '2026-03-16 19:13:10', 'tablet');
INSERT INTO streaming_history (user_id, song_id, played_at, device) VALUES (115, 3769, '2025-07-08 03:56:12', 'smart_tv');
INSERT INTO streaming_history (user_id, song_id, played_at, device) VALUES (144, 1885, '2025-10-18 23:13:43', 'mobile');
INSERT INTO streaming_history (user_id, song_id, played_at, device) VALUES (111, 824, '2025-07-03 16:44:47', 'tablet');
INSERT INTO streaming_history (user_id, song_id, played_at, device) VALUES (88, 4044, '2025-04-09 21:37:56', 'mobile');
INSERT INTO streaming_history (user_id, song_id, played_at, device) VALUES (253, 2555, '2025-07-10 09:35:59', 'tablet');
INSERT INTO streaming_history (user_id, song_id, played_at, device) VALUES (165, 4761, '2025-12-06 20:19:58', 'desktop');
INSERT INTO streaming_history (user_id, song_id, played_at, device) VALUES (22, 660, '2025-04-03 03:07:34', 'desktop');
INSERT INTO streaming_history (user_id, song_id, played_at, device) VALUES (60, 2813, '2025-04-25 03:27:01', 'desktop');
INSERT INTO streaming_history (user_id, song_id, played_at, device) VALUES (84, 47, '2025-04-11 23:44:58', 'smart_tv');
INSERT INTO streaming_history (user_id, song_id, played_at, device) VALUES (89, 4184, '2025-11-25 23:17:14', 'mobile');
INSERT INTO streaming_history (user_id, song_id, played_at, device) VALUES (152, 3331, '2026-03-19 17:20:48', 'smart_tv');
INSERT INTO streaming_history (user_id, song_id, played_at, device) VALUES (165, 3013, '2025-06-05 20:32:18', 'desktop');
INSERT INTO streaming_history (user_id, song_id, played_at, device) VALUES (144, 4670, '2025-08-08 12:32:35', 'desktop');
INSERT INTO streaming_history (user_id, song_id, played_at, device) VALUES (151, 2362, '2025-11-28 12:12:46', 'smart_tv');
INSERT INTO streaming_history (user_id, song_id, played_at, device) VALUES (207, 975, '2025-12-31 06:43:55', 'smart_tv');
INSERT INTO streaming_history (user_id, song_id, played_at, device) VALUES (120, 1489, '2026-03-25 06:46:45', 'smart_tv');
INSERT INTO streaming_history (user_id, song_id, played_at, device) VALUES (231, 1998, '2025-10-20 17:42:12', 'smart_tv');
INSERT INTO streaming_history (user_id, song_id, played_at, device) VALUES (178, 4539, '2025-10-11 00:33:04', 'desktop');
INSERT INTO streaming_history (user_id, song_id, played_at, device) VALUES (104, 1739, '2025-08-10 15:37:45', 'smart_tv');
INSERT INTO streaming_history (user_id, song_id, played_at, device) VALUES (139, 4173, '2025-06-03 08:09:46', 'desktop');
INSERT INTO streaming_history (user_id, song_id, played_at, device) VALUES (64, 5509, '2025-05-12 22:12:55', 'tablet');
INSERT INTO streaming_history (user_id, song_id, played_at, device) VALUES (266, 2570, '2025-08-31 16:34:48', 'desktop');
INSERT INTO streaming_history (user_id, song_id, played_at, device) VALUES (177, 2787, '2026-02-03 21:31:41', 'desktop');
INSERT INTO streaming_history (user_id, song_id, played_at, device) VALUES (250, 504, '2025-07-30 20:14:25', 'smart_tv');
INSERT INTO streaming_history (user_id, song_id, played_at, device) VALUES (153, 3954, '2025-11-25 05:19:22', 'tablet');
INSERT INTO streaming_history (user_id, song_id, played_at, device) VALUES (296, 3396, '2026-02-20 17:59:10', 'mobile');
INSERT INTO streaming_history (user_id, song_id, played_at, device) VALUES (140, 4465, '2025-11-11 14:48:25', 'mobile');
INSERT INTO streaming_history (user_id, song_id, played_at, device) VALUES (185, 2919, '2026-02-07 13:24:43', 'tablet');
INSERT INTO streaming_history (user_id, song_id, played_at, device) VALUES (82, 753, '2025-08-31 02:11:57', 'smart_tv');
INSERT INTO streaming_history (user_id, song_id, played_at, device) VALUES (65, 4954, '2025-09-10 17:17:08', 'mobile');
INSERT INTO streaming_history (user_id, song_id, played_at, device) VALUES (118, 1788, '2025-10-23 09:28:54', 'desktop');
INSERT INTO streaming_history (user_id, song_id, played_at, device) VALUES (93, 675, '2025-11-29 08:59:14', 'smart_tv');
INSERT INTO streaming_history (user_id, song_id, played_at, device) VALUES (126, 1999, '2026-01-01 12:12:33', 'tablet');
INSERT INTO streaming_history (user_id, song_id, played_at, device) VALUES (104, 3688, '2025-11-08 03:36:30', 'tablet');
INSERT INTO streaming_history (user_id, song_id, played_at, device) VALUES (232, 4743, '2025-10-07 07:17:48', 'mobile');
INSERT INTO streaming_history (user_id, song_id, played_at, device) VALUES (278, 3512, '2025-09-18 18:18:54', 'mobile');
INSERT INTO streaming_history (user_id, song_id, played_at, device) VALUES (283, 1952, '2025-12-13 09:59:37', 'tablet');
INSERT INTO streaming_history (user_id, song_id, played_at, device) VALUES (254, 2647, '2025-09-05 17:59:38', 'desktop');
INSERT INTO streaming_history (user_id, song_id, played_at, device) VALUES (67, 783, '2025-06-14 05:33:37', 'tablet');
INSERT INTO streaming_history (user_id, song_id, played_at, device) VALUES (219, 1125, '2025-09-20 22:12:10', 'mobile');
INSERT INTO streaming_history (user_id, song_id, played_at, device) VALUES (180, 5245, '2025-04-05 00:59:39', 'mobile');
INSERT INTO streaming_history (user_id, song_id, played_at, device) VALUES (87, 5127, '2026-01-29 14:34:10', 'smart_tv');
INSERT INTO streaming_history (user_id, song_id, played_at, device) VALUES (31, 3119, '2025-08-15 20:27:07', 'desktop');
INSERT INTO streaming_history (user_id, song_id, played_at, device) VALUES (180, 284, '2025-09-07 19:52:40', 'mobile');
INSERT INTO streaming_history (user_id, song_id, played_at, device) VALUES (58, 539, '2025-09-01 07:58:01', 'desktop');
INSERT INTO streaming_history (user_id, song_id, played_at, device) VALUES (196, 4637, '2025-08-06 18:01:43', 'desktop');
INSERT INTO streaming_history (user_id, song_id, played_at, device) VALUES (34, 984, '2026-02-13 19:06:28', 'mobile');
INSERT INTO streaming_history (user_id, song_id, played_at, device) VALUES (132, 469, '2026-02-28 21:15:02', 'tablet');
INSERT INTO streaming_history (user_id, song_id, played_at, device) VALUES (258, 5662, '2025-09-24 00:12:32', 'smart_tv');
INSERT INTO streaming_history (user_id, song_id, played_at, device) VALUES (61, 807, '2025-10-11 02:51:40', 'mobile');
INSERT INTO streaming_history (user_id, song_id, played_at, device) VALUES (103, 5231, '2026-02-06 12:56:32', 'tablet');
INSERT INTO streaming_history (user_id, song_id, played_at, device) VALUES (100, 3312, '2026-03-18 09:07:28', 'smart_tv');
INSERT INTO streaming_history (user_id, song_id, played_at, device) VALUES (229, 4346, '2025-07-22 02:55:57', 'smart_tv');
INSERT INTO streaming_history (user_id, song_id, played_at, device) VALUES (62, 2635, '2025-04-26 22:46:48', 'smart_tv');
INSERT INTO streaming_history (user_id, song_id, played_at, device) VALUES (197, 2000, '2025-05-10 18:12:18', 'mobile');
INSERT INTO streaming_history (user_id, song_id, played_at, device) VALUES (228, 2639, '2025-08-12 09:13:13', 'mobile');
INSERT INTO streaming_history (user_id, song_id, played_at, device) VALUES (209, 4123, '2026-03-05 02:45:53', 'desktop');
INSERT INTO streaming_history (user_id, song_id, played_at, device) VALUES (215, 2750, '2025-05-14 12:44:51', 'tablet');
INSERT INTO streaming_history (user_id, song_id, played_at, device) VALUES (25, 2971, '2025-06-01 05:56:08', 'smart_tv');
INSERT INTO streaming_history (user_id, song_id, played_at, device) VALUES (236, 1346, '2025-03-29 14:36:04', 'mobile');
INSERT INTO streaming_history (user_id, song_id, played_at, device) VALUES (178, 5317, '2026-01-27 14:39:49', 'tablet');
INSERT INTO streaming_history (user_id, song_id, played_at, device) VALUES (224, 5549, '2026-02-12 05:04:53', 'tablet');
INSERT INTO streaming_history (user_id, song_id, played_at, device) VALUES (289, 540, '2025-05-20 20:59:56', 'desktop');
INSERT INTO streaming_history (user_id, song_id, played_at, device) VALUES (231, 36, '2025-06-01 10:53:06', 'smart_tv');
INSERT INTO streaming_history (user_id, song_id, played_at, device) VALUES (253, 5330, '2025-07-18 11:52:05', 'mobile');
INSERT INTO streaming_history (user_id, song_id, played_at, device) VALUES (83, 540, '2025-05-24 18:32:04', 'tablet');
INSERT INTO streaming_history (user_id, song_id, played_at, device) VALUES (11, 3090, '2025-10-05 11:34:16', 'mobile');
INSERT INTO streaming_history (user_id, song_id, played_at, device) VALUES (248, 3755, '2025-07-12 16:12:39', 'tablet');
INSERT INTO streaming_history (user_id, song_id, played_at, device) VALUES (192, 392, '2025-07-01 01:08:19', 'mobile');
INSERT INTO streaming_history (user_id, song_id, played_at, device) VALUES (26, 3982, '2025-12-29 13:29:25', 'desktop');
INSERT INTO streaming_history (user_id, song_id, played_at, device) VALUES (32, 3608, '2025-06-30 03:22:06', 'smart_tv');
INSERT INTO streaming_history (user_id, song_id, played_at, device) VALUES (20, 656, '2025-07-13 15:56:16', 'desktop');
INSERT INTO streaming_history (user_id, song_id, played_at, device) VALUES (160, 2172, '2026-01-11 14:20:42', 'tablet');
INSERT INTO streaming_history (user_id, song_id, played_at, device) VALUES (254, 5200, '2025-12-17 16:53:29', 'desktop');
INSERT INTO streaming_history (user_id, song_id, played_at, device) VALUES (260, 517, '2025-04-25 06:31:56', 'mobile');
INSERT INTO streaming_history (user_id, song_id, played_at, device) VALUES (87, 2622, '2025-05-14 03:05:15', 'mobile');
INSERT INTO streaming_history (user_id, song_id, played_at, device) VALUES (267, 4729, '2026-01-05 09:37:13', 'mobile');
INSERT INTO streaming_history (user_id, song_id, played_at, device) VALUES (138, 2182, '2026-03-12 18:29:09', 'mobile');
INSERT INTO streaming_history (user_id, song_id, played_at, device) VALUES (120, 775, '2025-12-06 22:54:21', 'mobile');
INSERT INTO streaming_history (user_id, song_id, played_at, device) VALUES (129, 3084, '2025-04-15 16:19:06', 'desktop');
INSERT INTO streaming_history (user_id, song_id, played_at, device) VALUES (226, 3556, '2026-02-18 17:26:08', 'mobile');
INSERT INTO streaming_history (user_id, song_id, played_at, device) VALUES (245, 4329, '2026-02-07 00:52:40', 'mobile');
INSERT INTO streaming_history (user_id, song_id, played_at, device) VALUES (40, 1863, '2025-06-10 22:35:03', 'tablet');
INSERT INTO streaming_history (user_id, song_id, played_at, device) VALUES (23, 443, '2025-08-18 04:08:27', 'desktop');
INSERT INTO streaming_history (user_id, song_id, played_at, device) VALUES (120, 1430, '2025-05-27 04:56:08', 'desktop');
INSERT INTO streaming_history (user_id, song_id, played_at, device) VALUES (234, 4651, '2026-02-02 14:57:36', 'mobile');
INSERT INTO streaming_history (user_id, song_id, played_at, device) VALUES (178, 2446, '2026-02-13 03:23:54', 'smart_tv');
INSERT INTO streaming_history (user_id, song_id, played_at, device) VALUES (51, 4982, '2025-12-19 15:50:54', 'desktop');
INSERT INTO streaming_history (user_id, song_id, played_at, device) VALUES (32, 1798, '2025-05-20 22:49:50', 'desktop');
INSERT INTO streaming_history (user_id, song_id, played_at, device) VALUES (276, 1451, '2025-09-27 09:10:39', 'tablet');
INSERT INTO streaming_history (user_id, song_id, played_at, device) VALUES (242, 2070, '2025-06-02 20:21:11', 'tablet');
INSERT INTO streaming_history (user_id, song_id, played_at, device) VALUES (34, 3225, '2025-05-23 10:23:46', 'tablet');
INSERT INTO streaming_history (user_id, song_id, played_at, device) VALUES (163, 5530, '2026-01-22 20:00:02', 'smart_tv');
INSERT INTO streaming_history (user_id, song_id, played_at, device) VALUES (285, 2939, '2025-08-20 21:12:13', 'desktop');
INSERT INTO streaming_history (user_id, song_id, played_at, device) VALUES (257, 1904, '2025-10-09 16:31:22', 'tablet');
INSERT INTO streaming_history (user_id, song_id, played_at, device) VALUES (16, 1053, '2025-06-04 19:27:58', 'tablet');
INSERT INTO streaming_history (user_id, song_id, played_at, device) VALUES (100, 4798, '2026-02-16 04:38:19', 'smart_tv');
INSERT INTO streaming_history (user_id, song_id, played_at, device) VALUES (101, 2365, '2025-04-09 09:26:23', 'smart_tv');
INSERT INTO streaming_history (user_id, song_id, played_at, device) VALUES (191, 1661, '2025-08-20 16:45:54', 'mobile');
INSERT INTO streaming_history (user_id, song_id, played_at, device) VALUES (159, 3280, '2025-06-06 09:54:43', 'desktop');
INSERT INTO streaming_history (user_id, song_id, played_at, device) VALUES (24, 2254, '2025-06-23 12:30:18', 'smart_tv');
INSERT INTO streaming_history (user_id, song_id, played_at, device) VALUES (52, 2233, '2025-04-24 20:53:47', 'mobile');
INSERT INTO streaming_history (user_id, song_id, played_at, device) VALUES (42, 4350, '2025-08-19 01:12:24', 'smart_tv');
INSERT INTO streaming_history (user_id, song_id, played_at, device) VALUES (46, 2779, '2025-12-11 11:25:59', 'mobile');
INSERT INTO streaming_history (user_id, song_id, played_at, device) VALUES (272, 5357, '2025-11-04 14:22:31', 'tablet');
INSERT INTO streaming_history (user_id, song_id, played_at, device) VALUES (4, 4461, '2025-12-21 08:25:24', 'desktop');
INSERT INTO streaming_history (user_id, song_id, played_at, device) VALUES (209, 5256, '2026-01-11 01:33:13', 'mobile');
INSERT INTO streaming_history (user_id, song_id, played_at, device) VALUES (259, 5446, '2025-11-27 11:44:41', 'smart_tv');
INSERT INTO streaming_history (user_id, song_id, played_at, device) VALUES (158, 4695, '2025-06-19 11:23:52', 'tablet');
INSERT INTO streaming_history (user_id, song_id, played_at, device) VALUES (176, 852, '2025-06-07 07:07:21', 'mobile');
INSERT INTO streaming_history (user_id, song_id, played_at, device) VALUES (52, 571, '2025-03-30 06:49:49', 'smart_tv');
INSERT INTO streaming_history (user_id, song_id, played_at, device) VALUES (170, 3603, '2025-09-10 19:44:36', 'tablet');
INSERT INTO streaming_history (user_id, song_id, played_at, device) VALUES (124, 4004, '2025-08-11 03:51:54', 'tablet');
INSERT INTO streaming_history (user_id, song_id, played_at, device) VALUES (131, 1229, '2025-09-21 02:26:32', 'desktop');
INSERT INTO streaming_history (user_id, song_id, played_at, device) VALUES (212, 3773, '2025-10-15 18:16:40', 'smart_tv');
INSERT INTO streaming_history (user_id, song_id, played_at, device) VALUES (163, 2698, '2026-02-19 13:22:16', 'smart_tv');
INSERT INTO streaming_history (user_id, song_id, played_at, device) VALUES (61, 1242, '2025-07-17 02:02:41', 'desktop');
INSERT INTO streaming_history (user_id, song_id, played_at, device) VALUES (151, 1060, '2025-09-21 00:19:04', 'desktop');
INSERT INTO streaming_history (user_id, song_id, played_at, device) VALUES (131, 4672, '2025-04-15 17:01:25', 'mobile');
INSERT INTO streaming_history (user_id, song_id, played_at, device) VALUES (132, 2277, '2025-05-21 19:36:16', 'desktop');
INSERT INTO streaming_history (user_id, song_id, played_at, device) VALUES (278, 2486, '2025-06-22 08:16:10', 'tablet');
INSERT INTO streaming_history (user_id, song_id, played_at, device) VALUES (33, 4075, '2025-12-12 00:45:57', 'mobile');
INSERT INTO streaming_history (user_id, song_id, played_at, device) VALUES (176, 404, '2025-09-11 04:12:54', 'mobile');
INSERT INTO streaming_history (user_id, song_id, played_at, device) VALUES (242, 836, '2026-01-07 10:57:56', 'mobile');
INSERT INTO streaming_history (user_id, song_id, played_at, device) VALUES (258, 1594, '2025-09-27 12:04:07', 'mobile');
INSERT INTO streaming_history (user_id, song_id, played_at, device) VALUES (98, 1214, '2025-10-06 19:05:48', 'smart_tv');
INSERT INTO streaming_history (user_id, song_id, played_at, device) VALUES (226, 4468, '2025-12-07 20:48:45', 'desktop');
INSERT INTO streaming_history (user_id, song_id, played_at, device) VALUES (257, 1262, '2026-02-20 05:01:01', 'desktop');
INSERT INTO streaming_history (user_id, song_id, played_at, device) VALUES (63, 4677, '2025-06-15 11:40:24', 'tablet');
INSERT INTO streaming_history (user_id, song_id, played_at, device) VALUES (153, 415, '2025-08-27 14:04:05', 'mobile');
INSERT INTO streaming_history (user_id, song_id, played_at, device) VALUES (168, 1007, '2025-08-26 07:07:55', 'desktop');
INSERT INTO streaming_history (user_id, song_id, played_at, device) VALUES (77, 2826, '2025-06-07 05:14:29', 'desktop');
INSERT INTO streaming_history (user_id, song_id, played_at, device) VALUES (107, 4668, '2026-03-14 03:52:00', 'mobile');
INSERT INTO streaming_history (user_id, song_id, played_at, device) VALUES (74, 1478, '2025-10-20 22:41:04', 'desktop');
INSERT INTO streaming_history (user_id, song_id, played_at, device) VALUES (218, 4204, '2025-12-14 21:54:03', 'smart_tv');
INSERT INTO streaming_history (user_id, song_id, played_at, device) VALUES (207, 4170, '2025-09-27 07:56:36', 'tablet');
INSERT INTO streaming_history (user_id, song_id, played_at, device) VALUES (228, 343, '2026-03-19 05:41:10', 'tablet');
INSERT INTO streaming_history (user_id, song_id, played_at, device) VALUES (295, 513, '2026-03-26 00:51:49', 'smart_tv');
INSERT INTO streaming_history (user_id, song_id, played_at, device) VALUES (18, 823, '2025-08-17 22:46:20', 'desktop');
INSERT INTO streaming_history (user_id, song_id, played_at, device) VALUES (79, 240, '2026-01-22 05:53:02', 'smart_tv');
INSERT INTO streaming_history (user_id, song_id, played_at, device) VALUES (288, 1356, '2025-10-04 03:05:08', 'tablet');
INSERT INTO streaming_history (user_id, song_id, played_at, device) VALUES (46, 3648, '2026-02-24 10:18:01', 'smart_tv');
INSERT INTO streaming_history (user_id, song_id, played_at, device) VALUES (175, 3122, '2025-07-30 01:41:55', 'tablet');
INSERT INTO streaming_history (user_id, song_id, played_at, device) VALUES (213, 2777, '2026-01-20 12:04:39', 'smart_tv');
INSERT INTO streaming_history (user_id, song_id, played_at, device) VALUES (110, 3924, '2025-12-18 13:10:44', 'smart_tv');
INSERT INTO streaming_history (user_id, song_id, played_at, device) VALUES (118, 2055, '2025-08-31 00:25:45', 'desktop');
INSERT INTO streaming_history (user_id, song_id, played_at, device) VALUES (204, 3219, '2025-06-02 15:50:24', 'tablet');
INSERT INTO streaming_history (user_id, song_id, played_at, device) VALUES (236, 2337, '2025-09-27 20:51:50', 'mobile');
INSERT INTO streaming_history (user_id, song_id, played_at, device) VALUES (72, 4927, '2026-01-18 05:07:52', 'smart_tv');
INSERT INTO streaming_history (user_id, song_id, played_at, device) VALUES (93, 5685, '2025-12-01 16:07:02', 'smart_tv');
INSERT INTO streaming_history (user_id, song_id, played_at, device) VALUES (64, 1900, '2025-07-08 01:45:23', 'desktop');
INSERT INTO streaming_history (user_id, song_id, played_at, device) VALUES (268, 1675, '2025-05-03 02:20:48', 'mobile');
INSERT INTO streaming_history (user_id, song_id, played_at, device) VALUES (13, 59, '2025-11-18 23:14:06', 'desktop');
INSERT INTO streaming_history (user_id, song_id, played_at, device) VALUES (226, 2658, '2025-08-01 06:12:03', 'desktop');
INSERT INTO streaming_history (user_id, song_id, played_at, device) VALUES (199, 828, '2025-07-24 02:46:37', 'tablet');
INSERT INTO streaming_history (user_id, song_id, played_at, device) VALUES (163, 4145, '2025-06-30 12:55:57', 'tablet');
INSERT INTO streaming_history (user_id, song_id, played_at, device) VALUES (38, 5207, '2025-08-25 10:11:53', 'desktop');
INSERT INTO streaming_history (user_id, song_id, played_at, device) VALUES (114, 4941, '2026-02-03 17:04:21', 'desktop');
INSERT INTO streaming_history (user_id, song_id, played_at, device) VALUES (91, 3439, '2026-02-13 10:21:26', 'desktop');
INSERT INTO streaming_history (user_id, song_id, played_at, device) VALUES (292, 2630, '2025-04-28 00:42:42', 'smart_tv');
INSERT INTO streaming_history (user_id, song_id, played_at, device) VALUES (288, 2319, '2025-08-09 18:42:12', 'mobile');
INSERT INTO streaming_history (user_id, song_id, played_at, device) VALUES (291, 4651, '2026-01-13 09:13:05', 'mobile');
INSERT INTO streaming_history (user_id, song_id, played_at, device) VALUES (207, 1984, '2025-09-02 15:18:14', 'smart_tv');
INSERT INTO streaming_history (user_id, song_id, played_at, device) VALUES (55, 5078, '2025-11-27 20:03:56', 'tablet');
INSERT INTO streaming_history (user_id, song_id, played_at, device) VALUES (163, 264, '2025-08-29 13:08:25', 'smart_tv');
INSERT INTO streaming_history (user_id, song_id, played_at, device) VALUES (195, 3686, '2026-01-19 12:19:32', 'desktop');
INSERT INTO streaming_history (user_id, song_id, played_at, device) VALUES (119, 1797, '2025-08-23 12:22:13', 'tablet');
INSERT INTO streaming_history (user_id, song_id, played_at, device) VALUES (59, 4563, '2025-11-13 14:51:44', 'tablet');
INSERT INTO streaming_history (user_id, song_id, played_at, device) VALUES (217, 5623, '2025-06-04 02:30:40', 'desktop');
INSERT INTO streaming_history (user_id, song_id, played_at, device) VALUES (186, 84, '2025-04-21 16:12:28', 'tablet');
INSERT INTO streaming_history (user_id, song_id, played_at, device) VALUES (99, 1513, '2025-05-01 07:16:18', 'smart_tv');
INSERT INTO streaming_history (user_id, song_id, played_at, device) VALUES (122, 3580, '2025-04-04 20:02:26', 'smart_tv');
INSERT INTO streaming_history (user_id, song_id, played_at, device) VALUES (297, 1136, '2025-08-02 10:45:22', 'smart_tv');
INSERT INTO streaming_history (user_id, song_id, played_at, device) VALUES (72, 3337, '2025-07-31 03:08:49', 'desktop');
INSERT INTO streaming_history (user_id, song_id, played_at, device) VALUES (234, 2919, '2025-05-17 19:16:43', 'smart_tv');
INSERT INTO streaming_history (user_id, song_id, played_at, device) VALUES (92, 807, '2026-01-12 02:52:19', 'tablet');
INSERT INTO streaming_history (user_id, song_id, played_at, device) VALUES (119, 739, '2026-02-18 09:14:28', 'tablet');
INSERT INTO streaming_history (user_id, song_id, played_at, device) VALUES (1, 4659, '2025-08-31 03:39:40', 'desktop');
INSERT INTO streaming_history (user_id, song_id, played_at, device) VALUES (261, 4193, '2026-01-07 21:03:48', 'mobile');
INSERT INTO streaming_history (user_id, song_id, played_at, device) VALUES (172, 3759, '2025-04-02 19:31:08', 'desktop');
INSERT INTO streaming_history (user_id, song_id, played_at, device) VALUES (128, 1097, '2025-11-04 02:07:35', 'tablet');
INSERT INTO streaming_history (user_id, song_id, played_at, device) VALUES (122, 4461, '2025-10-23 02:07:31', 'smart_tv');
INSERT INTO streaming_history (user_id, song_id, played_at, device) VALUES (198, 3249, '2026-03-13 15:29:29', 'desktop');
INSERT INTO streaming_history (user_id, song_id, played_at, device) VALUES (27, 512, '2026-03-03 16:50:18', 'mobile');
INSERT INTO streaming_history (user_id, song_id, played_at, device) VALUES (182, 3551, '2025-07-13 05:27:51', 'mobile');
INSERT INTO streaming_history (user_id, song_id, played_at, device) VALUES (117, 1474, '2025-08-29 07:23:14', 'smart_tv');
INSERT INTO streaming_history (user_id, song_id, played_at, device) VALUES (89, 1003, '2026-01-12 20:04:45', 'mobile');
INSERT INTO streaming_history (user_id, song_id, played_at, device) VALUES (192, 471, '2025-07-01 19:38:07', 'mobile');
INSERT INTO streaming_history (user_id, song_id, played_at, device) VALUES (223, 3262, '2025-10-28 05:59:58', 'smart_tv');
INSERT INTO streaming_history (user_id, song_id, played_at, device) VALUES (158, 1138, '2025-09-05 04:41:19', 'desktop');
INSERT INTO streaming_history (user_id, song_id, played_at, device) VALUES (58, 2996, '2025-08-07 06:25:59', 'desktop');
INSERT INTO streaming_history (user_id, song_id, played_at, device) VALUES (243, 1444, '2025-04-25 23:20:56', 'mobile');
INSERT INTO streaming_history (user_id, song_id, played_at, device) VALUES (224, 4182, '2026-03-13 07:36:42', 'desktop');
INSERT INTO streaming_history (user_id, song_id, played_at, device) VALUES (145, 281, '2026-03-08 20:33:45', 'mobile');
INSERT INTO streaming_history (user_id, song_id, played_at, device) VALUES (4, 3536, '2025-11-16 12:56:15', 'tablet');
INSERT INTO streaming_history (user_id, song_id, played_at, device) VALUES (6, 4108, '2025-12-30 09:24:42', 'tablet');
INSERT INTO streaming_history (user_id, song_id, played_at, device) VALUES (291, 2156, '2025-11-09 23:07:31', 'tablet');
INSERT INTO streaming_history (user_id, song_id, played_at, device) VALUES (8, 2050, '2025-09-08 04:55:52', 'desktop');
INSERT INTO streaming_history (user_id, song_id, played_at, device) VALUES (187, 2975, '2025-08-29 10:53:00', 'mobile');
INSERT INTO streaming_history (user_id, song_id, played_at, device) VALUES (11, 1025, '2025-11-18 16:32:10', 'tablet');
INSERT INTO streaming_history (user_id, song_id, played_at, device) VALUES (177, 5163, '2025-12-30 19:01:05', 'desktop');
INSERT INTO streaming_history (user_id, song_id, played_at, device) VALUES (191, 1236, '2025-09-16 11:34:20', 'tablet');
INSERT INTO streaming_history (user_id, song_id, played_at, device) VALUES (136, 2042, '2025-05-24 18:34:53', 'smart_tv');
INSERT INTO streaming_history (user_id, song_id, played_at, device) VALUES (1, 327, '2025-04-05 05:11:44', 'tablet');
INSERT INTO streaming_history (user_id, song_id, played_at, device) VALUES (203, 1132, '2025-05-23 02:40:31', 'tablet');
INSERT INTO streaming_history (user_id, song_id, played_at, device) VALUES (278, 648, '2025-08-24 19:54:55', 'mobile');
INSERT INTO streaming_history (user_id, song_id, played_at, device) VALUES (17, 557, '2025-04-13 06:07:16', 'smart_tv');
INSERT INTO streaming_history (user_id, song_id, played_at, device) VALUES (211, 5124, '2025-12-06 22:08:49', 'smart_tv');
INSERT INTO streaming_history (user_id, song_id, played_at, device) VALUES (182, 3838, '2025-06-25 06:40:36', 'desktop');
INSERT INTO streaming_history (user_id, song_id, played_at, device) VALUES (219, 4379, '2025-04-08 22:58:02', 'smart_tv');
INSERT INTO streaming_history (user_id, song_id, played_at, device) VALUES (207, 3052, '2026-03-07 20:10:33', 'tablet');
INSERT INTO streaming_history (user_id, song_id, played_at, device) VALUES (224, 195, '2025-05-28 00:15:05', 'desktop');
INSERT INTO streaming_history (user_id, song_id, played_at, device) VALUES (141, 3613, '2025-12-26 10:28:58', 'desktop');
INSERT INTO streaming_history (user_id, song_id, played_at, device) VALUES (88, 742, '2025-12-28 14:12:34', 'desktop');
INSERT INTO streaming_history (user_id, song_id, played_at, device) VALUES (287, 5659, '2025-05-19 03:22:25', 'desktop');
INSERT INTO streaming_history (user_id, song_id, played_at, device) VALUES (193, 567, '2026-03-13 12:09:27', 'smart_tv');
INSERT INTO streaming_history (user_id, song_id, played_at, device) VALUES (211, 5292, '2025-04-16 04:31:58', 'tablet');
INSERT INTO streaming_history (user_id, song_id, played_at, device) VALUES (13, 3850, '2026-02-17 17:25:23', 'smart_tv');
INSERT INTO streaming_history (user_id, song_id, played_at, device) VALUES (296, 2958, '2025-12-26 22:07:59', 'desktop');
INSERT INTO streaming_history (user_id, song_id, played_at, device) VALUES (253, 5396, '2025-11-08 08:20:26', 'smart_tv');
INSERT INTO streaming_history (user_id, song_id, played_at, device) VALUES (84, 3841, '2026-02-23 16:42:23', 'desktop');
INSERT INTO streaming_history (user_id, song_id, played_at, device) VALUES (256, 101, '2025-09-21 00:52:03', 'tablet');
INSERT INTO streaming_history (user_id, song_id, played_at, device) VALUES (11, 3816, '2025-09-23 04:01:14', 'desktop');
INSERT INTO streaming_history (user_id, song_id, played_at, device) VALUES (124, 3583, '2026-01-19 17:17:06', 'desktop');
INSERT INTO streaming_history (user_id, song_id, played_at, device) VALUES (220, 1087, '2025-08-07 23:58:25', 'mobile');
INSERT INTO streaming_history (user_id, song_id, played_at, device) VALUES (115, 4592, '2025-11-27 12:37:47', 'tablet');
INSERT INTO streaming_history (user_id, song_id, played_at, device) VALUES (245, 219, '2026-02-22 22:23:39', 'desktop');
INSERT INTO streaming_history (user_id, song_id, played_at, device) VALUES (193, 190, '2025-04-15 14:24:46', 'desktop');
INSERT INTO streaming_history (user_id, song_id, played_at, device) VALUES (26, 850, '2025-12-26 08:58:32', 'tablet');
INSERT INTO streaming_history (user_id, song_id, played_at, device) VALUES (222, 1351, '2025-11-20 21:03:18', 'mobile');
INSERT INTO streaming_history (user_id, song_id, played_at, device) VALUES (198, 4732, '2025-07-30 14:50:04', 'tablet');
INSERT INTO streaming_history (user_id, song_id, played_at, device) VALUES (66, 3465, '2026-01-19 12:09:20', 'desktop');
INSERT INTO streaming_history (user_id, song_id, played_at, device) VALUES (80, 2981, '2026-01-01 18:36:37', 'tablet');
INSERT INTO streaming_history (user_id, song_id, played_at, device) VALUES (142, 2473, '2025-07-22 18:25:09', 'smart_tv');
INSERT INTO streaming_history (user_id, song_id, played_at, device) VALUES (203, 706, '2025-07-16 08:07:33', 'tablet');
INSERT INTO streaming_history (user_id, song_id, played_at, device) VALUES (134, 1442, '2025-06-19 16:19:15', 'mobile');
INSERT INTO streaming_history (user_id, song_id, played_at, device) VALUES (293, 4351, '2025-06-04 08:31:27', 'mobile');
INSERT INTO streaming_history (user_id, song_id, played_at, device) VALUES (60, 4814, '2025-07-01 01:04:16', 'desktop');
INSERT INTO streaming_history (user_id, song_id, played_at, device) VALUES (75, 956, '2025-04-16 23:24:42', 'smart_tv');
INSERT INTO streaming_history (user_id, song_id, played_at, device) VALUES (39, 5377, '2025-05-16 16:39:01', 'tablet');
INSERT INTO streaming_history (user_id, song_id, played_at, device) VALUES (253, 3082, '2025-11-30 13:42:43', 'desktop');
INSERT INTO streaming_history (user_id, song_id, played_at, device) VALUES (93, 2412, '2025-04-15 19:03:31', 'tablet');
INSERT INTO streaming_history (user_id, song_id, played_at, device) VALUES (281, 2141, '2025-09-19 02:21:06', 'tablet');
INSERT INTO streaming_history (user_id, song_id, played_at, device) VALUES (23, 2428, '2025-04-29 09:51:39', 'tablet');
INSERT INTO streaming_history (user_id, song_id, played_at, device) VALUES (58, 2494, '2026-03-08 05:09:58', 'desktop');
INSERT INTO streaming_history (user_id, song_id, played_at, device) VALUES (51, 5353, '2025-08-29 03:31:47', 'smart_tv');
INSERT INTO streaming_history (user_id, song_id, played_at, device) VALUES (242, 1358, '2026-02-02 08:32:07', 'mobile');
INSERT INTO streaming_history (user_id, song_id, played_at, device) VALUES (185, 4466, '2025-11-22 19:36:10', 'smart_tv');
INSERT INTO streaming_history (user_id, song_id, played_at, device) VALUES (209, 4140, '2025-04-14 23:36:55', 'mobile');
INSERT INTO streaming_history (user_id, song_id, played_at, device) VALUES (102, 851, '2025-09-13 18:56:26', 'mobile');
INSERT INTO streaming_history (user_id, song_id, played_at, device) VALUES (285, 459, '2025-06-28 07:14:50', 'desktop');
INSERT INTO streaming_history (user_id, song_id, played_at, device) VALUES (253, 2204, '2026-02-01 01:09:55', 'tablet');
INSERT INTO streaming_history (user_id, song_id, played_at, device) VALUES (63, 2552, '2025-12-25 09:59:13', 'smart_tv');
INSERT INTO streaming_history (user_id, song_id, played_at, device) VALUES (90, 1340, '2026-02-14 03:50:42', 'smart_tv');
INSERT INTO streaming_history (user_id, song_id, played_at, device) VALUES (218, 174, '2026-03-23 02:10:05', 'smart_tv');
INSERT INTO streaming_history (user_id, song_id, played_at, device) VALUES (126, 5200, '2025-05-09 16:51:04', 'smart_tv');
INSERT INTO streaming_history (user_id, song_id, played_at, device) VALUES (300, 4185, '2025-12-12 06:25:35', 'desktop');
INSERT INTO streaming_history (user_id, song_id, played_at, device) VALUES (177, 962, '2025-10-07 17:42:56', 'smart_tv');
INSERT INTO streaming_history (user_id, song_id, played_at, device) VALUES (140, 541, '2026-01-10 16:33:38', 'mobile');
INSERT INTO streaming_history (user_id, song_id, played_at, device) VALUES (147, 2226, '2026-02-19 21:57:12', 'desktop');
INSERT INTO streaming_history (user_id, song_id, played_at, device) VALUES (13, 5604, '2025-11-27 04:53:27', 'mobile');
INSERT INTO streaming_history (user_id, song_id, played_at, device) VALUES (249, 1386, '2025-12-26 08:47:30', 'desktop');
INSERT INTO streaming_history (user_id, song_id, played_at, device) VALUES (243, 348, '2025-12-07 02:58:07', 'tablet');
INSERT INTO streaming_history (user_id, song_id, played_at, device) VALUES (90, 1806, '2025-05-12 07:29:51', 'mobile');
INSERT INTO streaming_history (user_id, song_id, played_at, device) VALUES (290, 314, '2025-10-05 06:35:01', 'desktop');
INSERT INTO streaming_history (user_id, song_id, played_at, device) VALUES (74, 512, '2025-06-08 05:47:10', 'mobile');
INSERT INTO streaming_history (user_id, song_id, played_at, device) VALUES (69, 1566, '2025-06-14 15:54:43', 'mobile');
INSERT INTO streaming_history (user_id, song_id, played_at, device) VALUES (143, 1258, '2025-06-15 06:36:43', 'smart_tv');
INSERT INTO streaming_history (user_id, song_id, played_at, device) VALUES (139, 3791, '2025-05-13 04:30:25', 'desktop');
INSERT INTO streaming_history (user_id, song_id, played_at, device) VALUES (115, 716, '2025-05-14 04:13:57', 'mobile');
INSERT INTO streaming_history (user_id, song_id, played_at, device) VALUES (118, 891, '2025-11-11 05:10:09', 'smart_tv');
INSERT INTO streaming_history (user_id, song_id, played_at, device) VALUES (170, 4137, '2025-09-21 05:45:14', 'smart_tv');
INSERT INTO streaming_history (user_id, song_id, played_at, device) VALUES (118, 266, '2025-07-16 16:59:54', 'desktop');
INSERT INTO streaming_history (user_id, song_id, played_at, device) VALUES (7, 4473, '2026-01-30 07:01:13', 'smart_tv');
INSERT INTO streaming_history (user_id, song_id, played_at, device) VALUES (288, 1451, '2025-12-15 10:39:44', 'desktop');
INSERT INTO streaming_history (user_id, song_id, played_at, device) VALUES (62, 1370, '2026-01-18 07:12:15', 'smart_tv');
INSERT INTO streaming_history (user_id, song_id, played_at, device) VALUES (244, 1152, '2026-01-10 06:39:09', 'mobile');
INSERT INTO streaming_history (user_id, song_id, played_at, device) VALUES (48, 595, '2025-07-20 20:40:09', 'desktop');
INSERT INTO streaming_history (user_id, song_id, played_at, device) VALUES (51, 212, '2025-05-20 19:10:02', 'desktop');
INSERT INTO streaming_history (user_id, song_id, played_at, device) VALUES (52, 175, '2025-04-05 04:56:07', 'tablet');
INSERT INTO streaming_history (user_id, song_id, played_at, device) VALUES (187, 4194, '2025-07-28 22:00:38', 'tablet');
INSERT INTO streaming_history (user_id, song_id, played_at, device) VALUES (256, 2635, '2025-10-19 13:06:58', 'smart_tv');
INSERT INTO streaming_history (user_id, song_id, played_at, device) VALUES (200, 797, '2025-04-18 08:50:59', 'tablet');
INSERT INTO streaming_history (user_id, song_id, played_at, device) VALUES (29, 394, '2025-10-24 10:06:08', 'mobile');
INSERT INTO streaming_history (user_id, song_id, played_at, device) VALUES (172, 279, '2025-11-12 18:16:53', 'desktop');
INSERT INTO streaming_history (user_id, song_id, played_at, device) VALUES (68, 4868, '2025-06-06 10:25:33', 'smart_tv');
INSERT INTO streaming_history (user_id, song_id, played_at, device) VALUES (77, 1126, '2025-05-29 14:06:01', 'tablet');
INSERT INTO streaming_history (user_id, song_id, played_at, device) VALUES (79, 2760, '2025-12-09 21:16:07', 'tablet');
INSERT INTO streaming_history (user_id, song_id, played_at, device) VALUES (118, 1583, '2026-03-23 10:53:21', 'desktop');
INSERT INTO streaming_history (user_id, song_id, played_at, device) VALUES (273, 915, '2025-10-29 22:02:06', 'desktop');
INSERT INTO streaming_history (user_id, song_id, played_at, device) VALUES (106, 37, '2025-07-25 00:29:52', 'smart_tv');
INSERT INTO streaming_history (user_id, song_id, played_at, device) VALUES (207, 2082, '2026-01-30 19:59:27', 'tablet');
INSERT INTO streaming_history (user_id, song_id, played_at, device) VALUES (221, 1562, '2025-07-01 05:24:44', 'desktop');
INSERT INTO streaming_history (user_id, song_id, played_at, device) VALUES (22, 3949, '2025-07-11 05:12:30', 'smart_tv');
INSERT INTO streaming_history (user_id, song_id, played_at, device) VALUES (222, 2638, '2025-10-10 10:13:00', 'tablet');
INSERT INTO streaming_history (user_id, song_id, played_at, device) VALUES (7, 4053, '2026-01-27 13:00:02', 'smart_tv');
INSERT INTO streaming_history (user_id, song_id, played_at, device) VALUES (291, 1718, '2025-11-25 06:05:32', 'desktop');
INSERT INTO streaming_history (user_id, song_id, played_at, device) VALUES (21, 4922, '2025-10-29 02:34:52', 'mobile');
INSERT INTO streaming_history (user_id, song_id, played_at, device) VALUES (115, 1168, '2025-11-03 17:21:56', 'smart_tv');
INSERT INTO streaming_history (user_id, song_id, played_at, device) VALUES (149, 310, '2025-07-27 17:21:52', 'tablet');
INSERT INTO streaming_history (user_id, song_id, played_at, device) VALUES (184, 5080, '2025-04-30 13:23:13', 'smart_tv');
INSERT INTO streaming_history (user_id, song_id, played_at, device) VALUES (201, 5157, '2025-06-13 10:06:42', 'tablet');
INSERT INTO streaming_history (user_id, song_id, played_at, device) VALUES (131, 1796, '2026-03-14 20:41:07', 'tablet');
INSERT INTO streaming_history (user_id, song_id, played_at, device) VALUES (136, 5379, '2026-03-09 10:17:57', 'mobile');
INSERT INTO streaming_history (user_id, song_id, played_at, device) VALUES (170, 5255, '2026-02-06 23:10:00', 'mobile');
INSERT INTO streaming_history (user_id, song_id, played_at, device) VALUES (20, 493, '2025-11-19 15:02:57', 'mobile');
INSERT INTO streaming_history (user_id, song_id, played_at, device) VALUES (256, 5532, '2026-01-21 14:23:44', 'mobile');
INSERT INTO streaming_history (user_id, song_id, played_at, device) VALUES (133, 345, '2026-02-09 14:02:37', 'smart_tv');
INSERT INTO streaming_history (user_id, song_id, played_at, device) VALUES (114, 3265, '2025-06-04 06:16:00', 'mobile');
INSERT INTO streaming_history (user_id, song_id, played_at, device) VALUES (86, 4142, '2026-01-18 10:19:46', 'desktop');
INSERT INTO streaming_history (user_id, song_id, played_at, device) VALUES (61, 2188, '2025-07-17 06:08:44', 'mobile');
INSERT INTO streaming_history (user_id, song_id, played_at, device) VALUES (15, 3440, '2025-08-02 19:57:58', 'tablet');
INSERT INTO streaming_history (user_id, song_id, played_at, device) VALUES (123, 1378, '2026-02-28 13:18:55', 'smart_tv');
INSERT INTO streaming_history (user_id, song_id, played_at, device) VALUES (145, 2902, '2025-08-23 20:02:45', 'smart_tv');
INSERT INTO streaming_history (user_id, song_id, played_at, device) VALUES (74, 5244, '2026-02-01 06:04:06', 'mobile');
INSERT INTO streaming_history (user_id, song_id, played_at, device) VALUES (56, 2290, '2026-01-03 14:47:58', 'smart_tv');
INSERT INTO streaming_history (user_id, song_id, played_at, device) VALUES (41, 2299, '2025-09-26 06:34:42', 'mobile');
INSERT INTO streaming_history (user_id, song_id, played_at, device) VALUES (264, 1385, '2025-05-07 06:37:50', 'tablet');
INSERT INTO streaming_history (user_id, song_id, played_at, device) VALUES (229, 1426, '2026-01-17 02:07:39', 'smart_tv');
INSERT INTO streaming_history (user_id, song_id, played_at, device) VALUES (41, 2257, '2026-03-16 22:51:39', 'tablet');
INSERT INTO streaming_history (user_id, song_id, played_at, device) VALUES (176, 3804, '2025-08-12 08:00:43', 'desktop');
INSERT INTO streaming_history (user_id, song_id, played_at, device) VALUES (235, 2565, '2025-10-27 02:27:29', 'desktop');
INSERT INTO streaming_history (user_id, song_id, played_at, device) VALUES (70, 178, '2026-03-19 19:42:17', 'smart_tv');
INSERT INTO streaming_history (user_id, song_id, played_at, device) VALUES (112, 940, '2025-12-28 17:26:09', 'smart_tv');
INSERT INTO streaming_history (user_id, song_id, played_at, device) VALUES (290, 2758, '2025-07-27 12:35:06', 'desktop');
INSERT INTO streaming_history (user_id, song_id, played_at, device) VALUES (216, 5025, '2025-09-29 01:34:34', 'tablet');
INSERT INTO streaming_history (user_id, song_id, played_at, device) VALUES (282, 3073, '2025-08-14 00:36:36', 'desktop');
INSERT INTO streaming_history (user_id, song_id, played_at, device) VALUES (127, 3521, '2025-11-05 18:50:09', 'mobile');
INSERT INTO streaming_history (user_id, song_id, played_at, device) VALUES (271, 3341, '2026-02-10 19:34:34', 'tablet');
INSERT INTO streaming_history (user_id, song_id, played_at, device) VALUES (292, 3642, '2025-05-13 07:40:43', 'mobile');
INSERT INTO streaming_history (user_id, song_id, played_at, device) VALUES (191, 3686, '2025-04-12 07:03:17', 'tablet');
INSERT INTO streaming_history (user_id, song_id, played_at, device) VALUES (116, 2580, '2025-04-05 23:22:07', 'desktop');
INSERT INTO streaming_history (user_id, song_id, played_at, device) VALUES (105, 3227, '2025-07-11 09:18:37', 'tablet');
INSERT INTO streaming_history (user_id, song_id, played_at, device) VALUES (188, 102, '2025-08-28 06:32:31', 'smart_tv');
INSERT INTO streaming_history (user_id, song_id, played_at, device) VALUES (286, 252, '2026-02-12 17:04:56', 'tablet');
INSERT INTO streaming_history (user_id, song_id, played_at, device) VALUES (45, 4037, '2025-12-12 03:22:33', 'desktop');
INSERT INTO streaming_history (user_id, song_id, played_at, device) VALUES (300, 2933, '2026-01-03 10:36:52', 'tablet');
INSERT INTO streaming_history (user_id, song_id, played_at, device) VALUES (269, 5234, '2025-11-28 23:34:34', 'mobile');
INSERT INTO streaming_history (user_id, song_id, played_at, device) VALUES (138, 1382, '2026-03-16 01:59:14', 'tablet');
INSERT INTO streaming_history (user_id, song_id, played_at, device) VALUES (149, 2154, '2025-11-29 02:58:02', 'mobile');
INSERT INTO streaming_history (user_id, song_id, played_at, device) VALUES (162, 785, '2025-07-24 01:27:56', 'tablet');
INSERT INTO streaming_history (user_id, song_id, played_at, device) VALUES (37, 3640, '2025-07-30 01:22:45', 'tablet');
INSERT INTO streaming_history (user_id, song_id, played_at, device) VALUES (119, 2461, '2025-11-30 12:03:10', 'tablet');
INSERT INTO streaming_history (user_id, song_id, played_at, device) VALUES (194, 4590, '2025-07-05 23:46:34', 'mobile');
INSERT INTO streaming_history (user_id, song_id, played_at, device) VALUES (16, 2380, '2025-07-28 23:25:32', 'desktop');
INSERT INTO streaming_history (user_id, song_id, played_at, device) VALUES (248, 4602, '2025-06-25 11:51:22', 'desktop');
INSERT INTO streaming_history (user_id, song_id, played_at, device) VALUES (31, 4703, '2025-10-19 15:10:14', 'desktop');
INSERT INTO streaming_history (user_id, song_id, played_at, device) VALUES (292, 4666, '2026-03-19 13:34:01', 'tablet');
INSERT INTO streaming_history (user_id, song_id, played_at, device) VALUES (271, 1089, '2025-11-27 21:43:09', 'tablet');
INSERT INTO streaming_history (user_id, song_id, played_at, device) VALUES (62, 4202, '2025-10-24 13:18:23', 'smart_tv');
INSERT INTO streaming_history (user_id, song_id, played_at, device) VALUES (161, 3728, '2025-04-28 07:49:13', 'smart_tv');
INSERT INTO streaming_history (user_id, song_id, played_at, device) VALUES (130, 2082, '2025-06-03 01:19:38', 'mobile');
INSERT INTO streaming_history (user_id, song_id, played_at, device) VALUES (28, 4155, '2025-10-04 19:48:25', 'desktop');
INSERT INTO streaming_history (user_id, song_id, played_at, device) VALUES (195, 676, '2025-11-01 04:31:58', 'smart_tv');
INSERT INTO streaming_history (user_id, song_id, played_at, device) VALUES (193, 876, '2025-05-29 22:40:30', 'desktop');
INSERT INTO streaming_history (user_id, song_id, played_at, device) VALUES (229, 4401, '2025-07-01 03:40:28', 'smart_tv');
INSERT INTO streaming_history (user_id, song_id, played_at, device) VALUES (102, 81, '2025-07-29 08:22:57', 'smart_tv');
INSERT INTO streaming_history (user_id, song_id, played_at, device) VALUES (173, 1241, '2025-10-29 15:41:45', 'mobile');
INSERT INTO streaming_history (user_id, song_id, played_at, device) VALUES (87, 2758, '2025-08-13 14:51:22', 'tablet');
INSERT INTO streaming_history (user_id, song_id, played_at, device) VALUES (99, 1599, '2025-05-17 15:12:05', 'tablet');
INSERT INTO streaming_history (user_id, song_id, played_at, device) VALUES (158, 4490, '2025-05-08 06:38:30', 'tablet');
INSERT INTO streaming_history (user_id, song_id, played_at, device) VALUES (218, 2289, '2025-05-14 22:45:56', 'smart_tv');
INSERT INTO streaming_history (user_id, song_id, played_at, device) VALUES (169, 5360, '2026-02-03 20:51:58', 'desktop');
INSERT INTO streaming_history (user_id, song_id, played_at, device) VALUES (240, 2109, '2025-11-05 22:28:43', 'mobile');
INSERT INTO streaming_history (user_id, song_id, played_at, device) VALUES (161, 1769, '2026-02-10 23:19:21', 'desktop');
INSERT INTO streaming_history (user_id, song_id, played_at, device) VALUES (188, 2090, '2025-05-23 11:59:58', 'tablet');
INSERT INTO streaming_history (user_id, song_id, played_at, device) VALUES (142, 3376, '2026-03-09 04:55:57', 'desktop');
INSERT INTO streaming_history (user_id, song_id, played_at, device) VALUES (54, 1923, '2025-08-30 11:24:59', 'smart_tv');
INSERT INTO streaming_history (user_id, song_id, played_at, device) VALUES (37, 538, '2026-03-25 13:25:03', 'smart_tv');
INSERT INTO streaming_history (user_id, song_id, played_at, device) VALUES (113, 2422, '2025-09-29 19:53:50', 'smart_tv');
INSERT INTO streaming_history (user_id, song_id, played_at, device) VALUES (224, 5221, '2025-04-06 22:55:51', 'desktop');
INSERT INTO streaming_history (user_id, song_id, played_at, device) VALUES (2, 2671, '2025-07-01 08:26:16', 'mobile');
INSERT INTO streaming_history (user_id, song_id, played_at, device) VALUES (204, 3717, '2026-01-29 09:07:02', 'smart_tv');
INSERT INTO streaming_history (user_id, song_id, played_at, device) VALUES (257, 211, '2026-02-07 08:57:21', 'tablet');
INSERT INTO streaming_history (user_id, song_id, played_at, device) VALUES (134, 3437, '2026-02-07 08:08:26', 'tablet');
INSERT INTO streaming_history (user_id, song_id, played_at, device) VALUES (121, 2205, '2025-10-09 12:35:54', 'desktop');
INSERT INTO streaming_history (user_id, song_id, played_at, device) VALUES (209, 4047, '2026-02-19 15:17:33', 'tablet');
INSERT INTO streaming_history (user_id, song_id, played_at, device) VALUES (218, 5341, '2025-05-18 17:56:41', 'smart_tv');
INSERT INTO streaming_history (user_id, song_id, played_at, device) VALUES (39, 4414, '2026-01-06 16:01:52', 'tablet');
INSERT INTO streaming_history (user_id, song_id, played_at, device) VALUES (150, 1099, '2026-03-03 23:11:18', 'smart_tv');
INSERT INTO streaming_history (user_id, song_id, played_at, device) VALUES (279, 1656, '2025-04-21 12:01:37', 'smart_tv');
INSERT INTO streaming_history (user_id, song_id, played_at, device) VALUES (272, 2881, '2025-04-17 08:42:42', 'smart_tv');
INSERT INTO streaming_history (user_id, song_id, played_at, device) VALUES (211, 1188, '2025-09-25 11:57:29', 'tablet');
INSERT INTO streaming_history (user_id, song_id, played_at, device) VALUES (27, 3706, '2026-03-07 16:32:20', 'mobile');
INSERT INTO streaming_history (user_id, song_id, played_at, device) VALUES (15, 2958, '2025-04-26 21:40:34', 'tablet');
INSERT INTO streaming_history (user_id, song_id, played_at, device) VALUES (58, 989, '2025-06-29 22:10:58', 'desktop');
INSERT INTO streaming_history (user_id, song_id, played_at, device) VALUES (5, 3028, '2025-11-24 16:17:02', 'smart_tv');
INSERT INTO streaming_history (user_id, song_id, played_at, device) VALUES (58, 5000, '2025-11-15 15:32:39', 'mobile');
INSERT INTO streaming_history (user_id, song_id, played_at, device) VALUES (214, 727, '2025-10-28 21:37:46', 'tablet');
INSERT INTO streaming_history (user_id, song_id, played_at, device) VALUES (258, 4163, '2025-08-18 12:18:05', 'mobile');
INSERT INTO streaming_history (user_id, song_id, played_at, device) VALUES (48, 991, '2026-03-12 17:04:01', 'tablet');
INSERT INTO streaming_history (user_id, song_id, played_at, device) VALUES (60, 331, '2026-02-12 23:45:39', 'smart_tv');
INSERT INTO streaming_history (user_id, song_id, played_at, device) VALUES (119, 5439, '2026-02-22 01:05:18', 'tablet');
INSERT INTO streaming_history (user_id, song_id, played_at, device) VALUES (300, 1682, '2025-07-29 09:42:38', 'tablet');
INSERT INTO streaming_history (user_id, song_id, played_at, device) VALUES (82, 4265, '2025-08-02 10:34:44', 'mobile');
INSERT INTO streaming_history (user_id, song_id, played_at, device) VALUES (285, 4044, '2025-12-17 04:57:30', 'desktop');
INSERT INTO streaming_history (user_id, song_id, played_at, device) VALUES (292, 1086, '2026-01-17 01:45:43', 'desktop');
INSERT INTO streaming_history (user_id, song_id, played_at, device) VALUES (102, 188, '2025-10-12 11:49:56', 'smart_tv');
INSERT INTO streaming_history (user_id, song_id, played_at, device) VALUES (263, 3802, '2025-12-04 12:49:55', 'smart_tv');
INSERT INTO streaming_history (user_id, song_id, played_at, device) VALUES (168, 51, '2025-08-24 21:22:55', 'desktop');
INSERT INTO streaming_history (user_id, song_id, played_at, device) VALUES (57, 4731, '2025-05-04 13:02:38', 'smart_tv');
INSERT INTO streaming_history (user_id, song_id, played_at, device) VALUES (202, 3022, '2025-07-12 15:35:33', 'tablet');
INSERT INTO streaming_history (user_id, song_id, played_at, device) VALUES (172, 4293, '2025-05-15 05:46:12', 'desktop');
INSERT INTO streaming_history (user_id, song_id, played_at, device) VALUES (133, 1190, '2025-10-16 21:36:15', 'tablet');
INSERT INTO streaming_history (user_id, song_id, played_at, device) VALUES (183, 4599, '2025-05-12 20:27:24', 'desktop');
INSERT INTO streaming_history (user_id, song_id, played_at, device) VALUES (33, 2448, '2025-08-17 11:35:09', 'desktop');
INSERT INTO streaming_history (user_id, song_id, played_at, device) VALUES (216, 1383, '2025-05-12 05:14:44', 'mobile');
INSERT INTO streaming_history (user_id, song_id, played_at, device) VALUES (256, 4054, '2025-12-01 20:25:03', 'mobile');
INSERT INTO streaming_history (user_id, song_id, played_at, device) VALUES (268, 3130, '2026-01-25 13:19:58', 'tablet');
INSERT INTO streaming_history (user_id, song_id, played_at, device) VALUES (247, 3536, '2025-08-10 15:50:36', 'desktop');
INSERT INTO streaming_history (user_id, song_id, played_at, device) VALUES (104, 3361, '2025-07-12 18:23:56', 'desktop');
INSERT INTO streaming_history (user_id, song_id, played_at, device) VALUES (124, 4485, '2026-01-22 21:52:31', 'desktop');
INSERT INTO streaming_history (user_id, song_id, played_at, device) VALUES (80, 772, '2025-09-19 05:27:17', 'desktop');
INSERT INTO streaming_history (user_id, song_id, played_at, device) VALUES (132, 4586, '2025-11-11 02:56:36', 'smart_tv');
INSERT INTO streaming_history (user_id, song_id, played_at, device) VALUES (67, 5444, '2025-10-11 20:43:37', 'tablet');
INSERT INTO streaming_history (user_id, song_id, played_at, device) VALUES (155, 1530, '2025-05-23 14:04:13', 'desktop');
INSERT INTO streaming_history (user_id, song_id, played_at, device) VALUES (136, 1879, '2025-10-05 02:06:29', 'smart_tv');
INSERT INTO streaming_history (user_id, song_id, played_at, device) VALUES (244, 1222, '2025-11-07 20:10:16', 'tablet');
INSERT INTO streaming_history (user_id, song_id, played_at, device) VALUES (81, 4859, '2025-11-04 02:52:53', 'desktop');
INSERT INTO streaming_history (user_id, song_id, played_at, device) VALUES (52, 5015, '2025-04-27 05:47:50', 'tablet');
INSERT INTO streaming_history (user_id, song_id, played_at, device) VALUES (279, 4025, '2025-12-16 22:03:12', 'tablet');
INSERT INTO streaming_history (user_id, song_id, played_at, device) VALUES (45, 3669, '2026-03-26 18:26:20', 'smart_tv');
INSERT INTO streaming_history (user_id, song_id, played_at, device) VALUES (25, 1032, '2025-05-10 21:43:21', 'tablet');
INSERT INTO streaming_history (user_id, song_id, played_at, device) VALUES (199, 325, '2026-02-03 18:27:31', 'tablet');
INSERT INTO streaming_history (user_id, song_id, played_at, device) VALUES (277, 1701, '2025-08-29 00:20:33', 'desktop');
INSERT INTO streaming_history (user_id, song_id, played_at, device) VALUES (13, 3655, '2025-08-17 16:10:22', 'desktop');
INSERT INTO streaming_history (user_id, song_id, played_at, device) VALUES (210, 2059, '2025-12-31 12:31:33', 'desktop');
INSERT INTO streaming_history (user_id, song_id, played_at, device) VALUES (253, 3390, '2025-11-28 14:12:33', 'smart_tv');
INSERT INTO streaming_history (user_id, song_id, played_at, device) VALUES (240, 3964, '2025-05-27 21:23:52', 'smart_tv');
INSERT INTO streaming_history (user_id, song_id, played_at, device) VALUES (243, 1415, '2025-04-13 23:32:35', 'smart_tv');
INSERT INTO streaming_history (user_id, song_id, played_at, device) VALUES (277, 4771, '2025-12-06 10:27:17', 'mobile');
INSERT INTO streaming_history (user_id, song_id, played_at, device) VALUES (33, 1062, '2025-11-29 13:18:37', 'desktop');
INSERT INTO streaming_history (user_id, song_id, played_at, device) VALUES (48, 3350, '2026-01-28 06:54:13', 'tablet');
INSERT INTO streaming_history (user_id, song_id, played_at, device) VALUES (106, 1659, '2025-07-30 04:00:19', 'tablet');
INSERT INTO streaming_history (user_id, song_id, played_at, device) VALUES (213, 1537, '2025-12-28 02:49:57', 'desktop');
INSERT INTO streaming_history (user_id, song_id, played_at, device) VALUES (30, 3281, '2025-09-19 10:37:48', 'mobile');
INSERT INTO streaming_history (user_id, song_id, played_at, device) VALUES (87, 5193, '2025-08-10 07:52:55', 'smart_tv');
INSERT INTO streaming_history (user_id, song_id, played_at, device) VALUES (137, 1845, '2025-07-12 08:15:48', 'tablet');
INSERT INTO streaming_history (user_id, song_id, played_at, device) VALUES (46, 931, '2025-12-14 01:00:04', 'desktop');
INSERT INTO streaming_history (user_id, song_id, played_at, device) VALUES (275, 2230, '2025-09-22 04:41:33', 'smart_tv');
INSERT INTO streaming_history (user_id, song_id, played_at, device) VALUES (18, 5002, '2025-04-10 15:14:09', 'tablet');
INSERT INTO streaming_history (user_id, song_id, played_at, device) VALUES (73, 194, '2025-11-04 20:25:20', 'mobile');
INSERT INTO streaming_history (user_id, song_id, played_at, device) VALUES (3, 617, '2025-11-21 04:09:06', 'tablet');
INSERT INTO streaming_history (user_id, song_id, played_at, device) VALUES (240, 924, '2026-01-03 22:03:52', 'tablet');
INSERT INTO streaming_history (user_id, song_id, played_at, device) VALUES (182, 3982, '2025-12-02 07:01:58', 'mobile');
INSERT INTO streaming_history (user_id, song_id, played_at, device) VALUES (13, 2873, '2026-02-17 05:04:01', 'smart_tv');
INSERT INTO streaming_history (user_id, song_id, played_at, device) VALUES (142, 5155, '2026-02-07 12:58:52', 'desktop');
INSERT INTO streaming_history (user_id, song_id, played_at, device) VALUES (164, 332, '2026-01-29 11:30:56', 'desktop');
INSERT INTO streaming_history (user_id, song_id, played_at, device) VALUES (52, 222, '2025-12-05 01:19:04', 'tablet');
INSERT INTO streaming_history (user_id, song_id, played_at, device) VALUES (112, 1898, '2025-10-17 14:00:06', 'tablet');
INSERT INTO streaming_history (user_id, song_id, played_at, device) VALUES (237, 3407, '2025-09-14 08:12:10', 'smart_tv');
INSERT INTO streaming_history (user_id, song_id, played_at, device) VALUES (213, 4044, '2025-05-27 08:40:35', 'smart_tv');
INSERT INTO streaming_history (user_id, song_id, played_at, device) VALUES (79, 3352, '2026-03-07 10:11:56', 'smart_tv');
INSERT INTO streaming_history (user_id, song_id, played_at, device) VALUES (227, 5445, '2025-10-05 21:15:43', 'smart_tv');
INSERT INTO streaming_history (user_id, song_id, played_at, device) VALUES (59, 5475, '2025-05-24 21:07:52', 'mobile');
INSERT INTO streaming_history (user_id, song_id, played_at, device) VALUES (211, 4680, '2025-11-22 16:37:31', 'mobile');
INSERT INTO streaming_history (user_id, song_id, played_at, device) VALUES (58, 215, '2025-04-24 21:45:24', 'tablet');
INSERT INTO streaming_history (user_id, song_id, played_at, device) VALUES (282, 5558, '2025-06-25 11:00:30', 'desktop');
INSERT INTO streaming_history (user_id, song_id, played_at, device) VALUES (102, 4955, '2025-04-04 12:56:55', 'desktop');
INSERT INTO streaming_history (user_id, song_id, played_at, device) VALUES (40, 2574, '2025-12-06 21:40:11', 'desktop');
INSERT INTO streaming_history (user_id, song_id, played_at, device) VALUES (15, 2959, '2025-11-14 20:06:05', 'smart_tv');
INSERT INTO streaming_history (user_id, song_id, played_at, device) VALUES (268, 3711, '2025-06-20 22:42:07', 'tablet');
INSERT INTO streaming_history (user_id, song_id, played_at, device) VALUES (78, 3970, '2025-12-25 02:10:15', 'desktop');
INSERT INTO streaming_history (user_id, song_id, played_at, device) VALUES (248, 3561, '2025-06-29 05:03:57', 'smart_tv');
INSERT INTO streaming_history (user_id, song_id, played_at, device) VALUES (31, 2052, '2025-06-26 02:10:54', 'smart_tv');
INSERT INTO streaming_history (user_id, song_id, played_at, device) VALUES (90, 5665, '2026-03-24 21:33:00', 'desktop');
INSERT INTO streaming_history (user_id, song_id, played_at, device) VALUES (260, 3414, '2025-12-06 16:12:52', 'desktop');
INSERT INTO streaming_history (user_id, song_id, played_at, device) VALUES (96, 3518, '2025-10-07 06:21:55', 'smart_tv');
INSERT INTO streaming_history (user_id, song_id, played_at, device) VALUES (182, 4522, '2025-10-23 16:32:46', 'desktop');
INSERT INTO streaming_history (user_id, song_id, played_at, device) VALUES (90, 886, '2025-10-04 07:14:22', 'mobile');
INSERT INTO streaming_history (user_id, song_id, played_at, device) VALUES (76, 5646, '2025-05-23 11:33:58', 'desktop');
INSERT INTO streaming_history (user_id, song_id, played_at, device) VALUES (169, 5569, '2025-05-27 02:23:53', 'desktop');
INSERT INTO streaming_history (user_id, song_id, played_at, device) VALUES (62, 693, '2025-05-15 00:21:33', 'mobile');
INSERT INTO streaming_history (user_id, song_id, played_at, device) VALUES (11, 3842, '2025-09-05 18:28:21', 'smart_tv');
INSERT INTO streaming_history (user_id, song_id, played_at, device) VALUES (217, 2543, '2025-11-16 20:13:11', 'mobile');
INSERT INTO streaming_history (user_id, song_id, played_at, device) VALUES (17, 4947, '2025-10-21 14:23:54', 'desktop');
INSERT INTO streaming_history (user_id, song_id, played_at, device) VALUES (213, 4873, '2025-12-09 21:51:11', 'desktop');
INSERT INTO streaming_history (user_id, song_id, played_at, device) VALUES (43, 1257, '2025-12-13 16:14:20', 'tablet');
INSERT INTO streaming_history (user_id, song_id, played_at, device) VALUES (295, 4387, '2025-12-17 03:50:38', 'mobile');
INSERT INTO streaming_history (user_id, song_id, played_at, device) VALUES (32, 3077, '2025-07-16 14:40:09', 'smart_tv');
INSERT INTO streaming_history (user_id, song_id, played_at, device) VALUES (164, 5377, '2025-12-06 07:47:20', 'desktop');
INSERT INTO streaming_history (user_id, song_id, played_at, device) VALUES (25, 4962, '2025-08-12 03:18:14', 'desktop');
INSERT INTO streaming_history (user_id, song_id, played_at, device) VALUES (203, 3576, '2025-11-15 02:58:22', 'mobile');
INSERT INTO streaming_history (user_id, song_id, played_at, device) VALUES (138, 2096, '2025-10-19 00:35:54', 'desktop');
INSERT INTO streaming_history (user_id, song_id, played_at, device) VALUES (24, 1831, '2025-11-30 13:13:45', 'mobile');
INSERT INTO streaming_history (user_id, song_id, played_at, device) VALUES (187, 1538, '2025-04-16 13:38:24', 'mobile');
INSERT INTO streaming_history (user_id, song_id, played_at, device) VALUES (11, 2271, '2025-11-21 05:39:43', 'smart_tv');
INSERT INTO streaming_history (user_id, song_id, played_at, device) VALUES (71, 2025, '2026-01-17 19:26:24', 'desktop');
INSERT INTO streaming_history (user_id, song_id, played_at, device) VALUES (118, 1855, '2026-02-13 12:27:29', 'tablet');
INSERT INTO streaming_history (user_id, song_id, played_at, device) VALUES (189, 3507, '2025-10-11 09:21:42', 'desktop');
INSERT INTO streaming_history (user_id, song_id, played_at, device) VALUES (102, 4483, '2025-10-07 09:17:55', 'mobile');
INSERT INTO streaming_history (user_id, song_id, played_at, device) VALUES (90, 4017, '2026-01-29 08:27:08', 'mobile');
INSERT INTO streaming_history (user_id, song_id, played_at, device) VALUES (298, 882, '2025-12-22 23:29:53', 'desktop');
INSERT INTO streaming_history (user_id, song_id, played_at, device) VALUES (202, 2808, '2025-08-09 13:52:48', 'mobile');
INSERT INTO streaming_history (user_id, song_id, played_at, device) VALUES (129, 3118, '2026-02-01 00:58:18', 'tablet');
INSERT INTO streaming_history (user_id, song_id, played_at, device) VALUES (77, 5682, '2025-09-29 09:05:21', 'smart_tv');
INSERT INTO streaming_history (user_id, song_id, played_at, device) VALUES (145, 3478, '2025-06-05 08:03:15', 'desktop');
INSERT INTO streaming_history (user_id, song_id, played_at, device) VALUES (91, 2071, '2026-03-18 01:51:09', 'mobile');
INSERT INTO streaming_history (user_id, song_id, played_at, device) VALUES (215, 4299, '2025-09-20 06:30:16', 'smart_tv');
INSERT INTO streaming_history (user_id, song_id, played_at, device) VALUES (231, 715, '2025-11-27 08:04:21', 'smart_tv');
INSERT INTO streaming_history (user_id, song_id, played_at, device) VALUES (232, 2997, '2025-09-15 01:25:35', 'tablet');
INSERT INTO streaming_history (user_id, song_id, played_at, device) VALUES (68, 1904, '2025-08-08 05:33:48', 'desktop');
INSERT INTO streaming_history (user_id, song_id, played_at, device) VALUES (268, 1536, '2025-07-31 07:37:29', 'desktop');
INSERT INTO streaming_history (user_id, song_id, played_at, device) VALUES (79, 3322, '2025-07-28 04:01:50', 'mobile');
INSERT INTO streaming_history (user_id, song_id, played_at, device) VALUES (291, 5565, '2026-01-26 10:38:31', 'mobile');
INSERT INTO streaming_history (user_id, song_id, played_at, device) VALUES (154, 651, '2025-06-02 01:47:36', 'smart_tv');
INSERT INTO streaming_history (user_id, song_id, played_at, device) VALUES (274, 1901, '2025-11-14 04:09:41', 'smart_tv');
INSERT INTO streaming_history (user_id, song_id, played_at, device) VALUES (38, 3682, '2025-05-13 22:44:31', 'desktop');
INSERT INTO streaming_history (user_id, song_id, played_at, device) VALUES (156, 4209, '2025-04-27 17:30:26', 'smart_tv');
INSERT INTO streaming_history (user_id, song_id, played_at, device) VALUES (188, 2085, '2025-09-21 02:11:45', 'smart_tv');
INSERT INTO streaming_history (user_id, song_id, played_at, device) VALUES (156, 1632, '2025-07-18 03:32:41', 'smart_tv');
INSERT INTO streaming_history (user_id, song_id, played_at, device) VALUES (57, 1590, '2025-07-20 06:02:41', 'mobile');
INSERT INTO streaming_history (user_id, song_id, played_at, device) VALUES (258, 1495, '2025-09-15 10:48:20', 'desktop');
INSERT INTO streaming_history (user_id, song_id, played_at, device) VALUES (2, 2421, '2025-06-30 16:51:02', 'tablet');
INSERT INTO streaming_history (user_id, song_id, played_at, device) VALUES (73, 3114, '2025-12-20 00:29:36', 'mobile');
INSERT INTO streaming_history (user_id, song_id, played_at, device) VALUES (161, 4706, '2025-04-21 04:55:26', 'mobile');
INSERT INTO streaming_history (user_id, song_id, played_at, device) VALUES (91, 545, '2025-11-29 19:19:53', 'tablet');
INSERT INTO streaming_history (user_id, song_id, played_at, device) VALUES (23, 736, '2025-12-10 02:32:56', 'tablet');
INSERT INTO streaming_history (user_id, song_id, played_at, device) VALUES (12, 5658, '2025-07-24 21:21:33', 'smart_tv');
INSERT INTO streaming_history (user_id, song_id, played_at, device) VALUES (70, 2514, '2026-01-26 23:52:37', 'tablet');
INSERT INTO streaming_history (user_id, song_id, played_at, device) VALUES (165, 2620, '2025-10-31 11:18:51', 'tablet');
INSERT INTO streaming_history (user_id, song_id, played_at, device) VALUES (103, 4638, '2025-06-21 06:36:53', 'mobile');
INSERT INTO streaming_history (user_id, song_id, played_at, device) VALUES (90, 2902, '2025-08-24 21:03:39', 'smart_tv');
INSERT INTO streaming_history (user_id, song_id, played_at, device) VALUES (246, 1353, '2025-04-13 15:21:58', 'desktop');
INSERT INTO streaming_history (user_id, song_id, played_at, device) VALUES (4, 3040, '2026-01-19 12:37:32', 'desktop');
INSERT INTO streaming_history (user_id, song_id, played_at, device) VALUES (19, 4153, '2025-04-23 09:00:15', 'mobile');
INSERT INTO streaming_history (user_id, song_id, played_at, device) VALUES (166, 4266, '2026-03-04 01:38:53', 'smart_tv');
INSERT INTO streaming_history (user_id, song_id, played_at, device) VALUES (228, 3256, '2026-03-15 00:12:01', 'mobile');
INSERT INTO streaming_history (user_id, song_id, played_at, device) VALUES (20, 2988, '2025-09-30 06:21:42', 'mobile');
INSERT INTO streaming_history (user_id, song_id, played_at, device) VALUES (225, 144, '2025-12-18 01:04:21', 'mobile');
INSERT INTO streaming_history (user_id, song_id, played_at, device) VALUES (165, 4502, '2025-05-02 12:42:41', 'smart_tv');
INSERT INTO streaming_history (user_id, song_id, played_at, device) VALUES (147, 444, '2026-01-19 07:57:50', 'tablet');
INSERT INTO streaming_history (user_id, song_id, played_at, device) VALUES (69, 529, '2025-06-24 16:24:25', 'mobile');
INSERT INTO streaming_history (user_id, song_id, played_at, device) VALUES (119, 961, '2025-05-05 20:39:50', 'tablet');
INSERT INTO streaming_history (user_id, song_id, played_at, device) VALUES (130, 2396, '2025-10-05 06:31:47', 'smart_tv');
INSERT INTO streaming_history (user_id, song_id, played_at, device) VALUES (32, 3419, '2025-04-12 04:35:48', 'mobile');
INSERT INTO streaming_history (user_id, song_id, played_at, device) VALUES (197, 2264, '2025-11-01 01:49:44', 'tablet');
INSERT INTO streaming_history (user_id, song_id, played_at, device) VALUES (43, 5035, '2026-01-17 13:34:25', 'smart_tv');
INSERT INTO streaming_history (user_id, song_id, played_at, device) VALUES (30, 4018, '2025-11-15 20:19:57', 'mobile');
INSERT INTO streaming_history (user_id, song_id, played_at, device) VALUES (278, 410, '2025-12-19 02:04:33', 'smart_tv');
INSERT INTO streaming_history (user_id, song_id, played_at, device) VALUES (93, 1283, '2025-05-22 20:51:41', 'desktop');
INSERT INTO streaming_history (user_id, song_id, played_at, device) VALUES (250, 1877, '2025-07-09 07:28:58', 'smart_tv');
INSERT INTO streaming_history (user_id, song_id, played_at, device) VALUES (139, 678, '2026-02-03 17:57:57', 'tablet');
INSERT INTO streaming_history (user_id, song_id, played_at, device) VALUES (295, 2453, '2025-09-24 17:28:10', 'smart_tv');
INSERT INTO streaming_history (user_id, song_id, played_at, device) VALUES (20, 3280, '2026-03-26 04:45:05', 'smart_tv');
INSERT INTO streaming_history (user_id, song_id, played_at, device) VALUES (111, 676, '2025-09-17 12:22:08', 'tablet');
INSERT INTO streaming_history (user_id, song_id, played_at, device) VALUES (52, 2641, '2025-08-15 01:43:18', 'mobile');
INSERT INTO streaming_history (user_id, song_id, played_at, device) VALUES (235, 801, '2026-02-25 08:02:14', 'tablet');
INSERT INTO streaming_history (user_id, song_id, played_at, device) VALUES (230, 4483, '2025-10-08 03:13:11', 'tablet');
INSERT INTO streaming_history (user_id, song_id, played_at, device) VALUES (133, 886, '2025-12-06 17:00:44', 'tablet');
INSERT INTO streaming_history (user_id, song_id, played_at, device) VALUES (206, 1751, '2025-06-19 21:07:57', 'smart_tv');
INSERT INTO streaming_history (user_id, song_id, played_at, device) VALUES (240, 4717, '2025-09-19 08:04:50', 'tablet');
INSERT INTO streaming_history (user_id, song_id, played_at, device) VALUES (208, 1528, '2026-01-21 09:27:57', 'smart_tv');
INSERT INTO streaming_history (user_id, song_id, played_at, device) VALUES (274, 1672, '2026-02-16 16:20:37', 'mobile');
INSERT INTO streaming_history (user_id, song_id, played_at, device) VALUES (272, 4466, '2025-09-24 15:46:45', 'mobile');
INSERT INTO streaming_history (user_id, song_id, played_at, device) VALUES (166, 2970, '2025-06-13 05:31:12', 'desktop');
INSERT INTO streaming_history (user_id, song_id, played_at, device) VALUES (272, 3040, '2026-01-08 04:03:13', 'tablet');
INSERT INTO streaming_history (user_id, song_id, played_at, device) VALUES (89, 4353, '2026-02-04 22:51:50', 'desktop');
INSERT INTO streaming_history (user_id, song_id, played_at, device) VALUES (149, 492, '2025-07-27 00:14:33', 'tablet');
INSERT INTO streaming_history (user_id, song_id, played_at, device) VALUES (114, 4721, '2026-03-19 19:28:30', 'desktop');
INSERT INTO streaming_history (user_id, song_id, played_at, device) VALUES (175, 5209, '2025-09-22 08:30:21', 'tablet');
INSERT INTO streaming_history (user_id, song_id, played_at, device) VALUES (11, 4557, '2025-05-14 10:43:21', 'tablet');
INSERT INTO streaming_history (user_id, song_id, played_at, device) VALUES (219, 3405, '2025-09-16 20:56:15', 'mobile');
INSERT INTO streaming_history (user_id, song_id, played_at, device) VALUES (195, 3954, '2025-10-09 18:53:00', 'smart_tv');
INSERT INTO streaming_history (user_id, song_id, played_at, device) VALUES (259, 330, '2025-05-25 04:37:10', 'desktop');
INSERT INTO streaming_history (user_id, song_id, played_at, device) VALUES (169, 4162, '2025-08-28 17:45:43', 'smart_tv');
INSERT INTO streaming_history (user_id, song_id, played_at, device) VALUES (248, 4616, '2025-05-17 10:57:44', 'mobile');
INSERT INTO streaming_history (user_id, song_id, played_at, device) VALUES (70, 1166, '2025-05-31 18:41:09', 'smart_tv');
INSERT INTO streaming_history (user_id, song_id, played_at, device) VALUES (33, 3559, '2025-04-29 15:01:23', 'smart_tv');
INSERT INTO streaming_history (user_id, song_id, played_at, device) VALUES (204, 303, '2026-02-16 09:05:17', 'smart_tv');
INSERT INTO streaming_history (user_id, song_id, played_at, device) VALUES (278, 4461, '2026-03-11 22:07:14', 'tablet');
INSERT INTO streaming_history (user_id, song_id, played_at, device) VALUES (13, 3475, '2025-08-06 16:48:42', 'tablet');
INSERT INTO streaming_history (user_id, song_id, played_at, device) VALUES (259, 777, '2026-02-09 22:28:58', 'smart_tv');
INSERT INTO streaming_history (user_id, song_id, played_at, device) VALUES (287, 1879, '2025-06-16 04:41:55', 'mobile');
INSERT INTO streaming_history (user_id, song_id, played_at, device) VALUES (189, 3428, '2025-07-20 18:35:54', 'desktop');
INSERT INTO streaming_history (user_id, song_id, played_at, device) VALUES (149, 3337, '2025-06-19 00:15:40', 'mobile');
INSERT INTO streaming_history (user_id, song_id, played_at, device) VALUES (65, 439, '2026-03-04 14:20:47', 'smart_tv');
INSERT INTO streaming_history (user_id, song_id, played_at, device) VALUES (285, 2567, '2025-08-17 17:43:44', 'tablet');
INSERT INTO streaming_history (user_id, song_id, played_at, device) VALUES (162, 1239, '2025-07-17 19:04:13', 'tablet');
INSERT INTO streaming_history (user_id, song_id, played_at, device) VALUES (274, 844, '2025-10-16 06:39:56', 'desktop');
INSERT INTO streaming_history (user_id, song_id, played_at, device) VALUES (10, 5628, '2025-07-21 21:37:04', 'desktop');
INSERT INTO streaming_history (user_id, song_id, played_at, device) VALUES (120, 456, '2025-10-18 23:49:08', 'mobile');
INSERT INTO streaming_history (user_id, song_id, played_at, device) VALUES (77, 4844, '2025-07-29 19:38:58', 'desktop');
INSERT INTO streaming_history (user_id, song_id, played_at, device) VALUES (278, 5459, '2026-01-14 13:21:09', 'mobile');
INSERT INTO streaming_history (user_id, song_id, played_at, device) VALUES (219, 1370, '2026-01-08 11:08:28', 'mobile');
INSERT INTO streaming_history (user_id, song_id, played_at, device) VALUES (33, 937, '2025-07-15 17:25:49', 'desktop');
INSERT INTO streaming_history (user_id, song_id, played_at, device) VALUES (181, 1028, '2025-12-08 21:42:00', 'desktop');
INSERT INTO streaming_history (user_id, song_id, played_at, device) VALUES (244, 5462, '2026-02-20 06:54:44', 'desktop');
INSERT INTO streaming_history (user_id, song_id, played_at, device) VALUES (168, 968, '2026-03-14 21:42:14', 'smart_tv');
INSERT INTO streaming_history (user_id, song_id, played_at, device) VALUES (156, 3028, '2025-07-06 10:50:59', 'desktop');
INSERT INTO streaming_history (user_id, song_id, played_at, device) VALUES (148, 4463, '2025-06-02 22:24:42', 'tablet');
INSERT INTO streaming_history (user_id, song_id, played_at, device) VALUES (241, 4208, '2025-09-17 09:03:01', 'tablet');
INSERT INTO streaming_history (user_id, song_id, played_at, device) VALUES (272, 5169, '2026-02-14 20:26:36', 'mobile');
INSERT INTO streaming_history (user_id, song_id, played_at, device) VALUES (159, 5514, '2025-08-26 09:53:59', 'tablet');
INSERT INTO streaming_history (user_id, song_id, played_at, device) VALUES (286, 4293, '2025-11-09 04:01:54', 'smart_tv');
INSERT INTO streaming_history (user_id, song_id, played_at, device) VALUES (214, 3879, '2025-11-09 19:28:21', 'mobile');
INSERT INTO streaming_history (user_id, song_id, played_at, device) VALUES (278, 1416, '2025-08-18 20:06:01', 'tablet');
INSERT INTO streaming_history (user_id, song_id, played_at, device) VALUES (234, 5631, '2026-01-20 00:05:22', 'mobile');
INSERT INTO streaming_history (user_id, song_id, played_at, device) VALUES (78, 5452, '2025-12-13 21:03:40', 'smart_tv');
INSERT INTO streaming_history (user_id, song_id, played_at, device) VALUES (78, 4802, '2025-04-15 01:27:58', 'tablet');
INSERT INTO streaming_history (user_id, song_id, played_at, device) VALUES (227, 468, '2025-08-04 08:38:13', 'mobile');
INSERT INTO streaming_history (user_id, song_id, played_at, device) VALUES (283, 3120, '2026-03-14 09:39:09', 'tablet');
INSERT INTO streaming_history (user_id, song_id, played_at, device) VALUES (73, 4330, '2026-01-20 19:39:38', 'smart_tv');
INSERT INTO streaming_history (user_id, song_id, played_at, device) VALUES (110, 1214, '2025-06-01 15:53:18', 'desktop');
INSERT INTO streaming_history (user_id, song_id, played_at, device) VALUES (89, 1776, '2026-03-02 19:46:57', 'desktop');
INSERT INTO streaming_history (user_id, song_id, played_at, device) VALUES (27, 1455, '2025-12-19 08:44:40', 'mobile');
INSERT INTO streaming_history (user_id, song_id, played_at, device) VALUES (101, 2519, '2026-01-04 07:28:38', 'smart_tv');
INSERT INTO streaming_history (user_id, song_id, played_at, device) VALUES (49, 1130, '2025-10-26 15:11:59', 'mobile');
INSERT INTO streaming_history (user_id, song_id, played_at, device) VALUES (23, 1537, '2026-02-01 10:01:49', 'tablet');
INSERT INTO streaming_history (user_id, song_id, played_at, device) VALUES (92, 18, '2025-12-30 09:02:35', 'tablet');
INSERT INTO streaming_history (user_id, song_id, played_at, device) VALUES (294, 2463, '2025-06-27 12:03:10', 'desktop');
INSERT INTO streaming_history (user_id, song_id, played_at, device) VALUES (149, 203, '2025-11-19 17:06:40', 'mobile');
INSERT INTO streaming_history (user_id, song_id, played_at, device) VALUES (69, 4235, '2025-11-08 18:13:30', 'tablet');
INSERT INTO streaming_history (user_id, song_id, played_at, device) VALUES (120, 1098, '2025-03-29 04:01:40', 'mobile');
INSERT INTO streaming_history (user_id, song_id, played_at, device) VALUES (24, 869, '2025-09-08 19:01:05', 'tablet');
INSERT INTO streaming_history (user_id, song_id, played_at, device) VALUES (261, 4985, '2025-10-26 01:10:20', 'desktop');
INSERT INTO streaming_history (user_id, song_id, played_at, device) VALUES (175, 5451, '2025-07-10 21:22:49', 'tablet');
INSERT INTO streaming_history (user_id, song_id, played_at, device) VALUES (58, 3541, '2025-06-20 12:05:46', 'mobile');
INSERT INTO streaming_history (user_id, song_id, played_at, device) VALUES (293, 3304, '2025-08-22 17:17:54', 'smart_tv');
INSERT INTO streaming_history (user_id, song_id, played_at, device) VALUES (254, 1229, '2025-07-16 08:05:57', 'mobile');
INSERT INTO streaming_history (user_id, song_id, played_at, device) VALUES (127, 2372, '2025-11-12 07:54:29', 'smart_tv');
INSERT INTO streaming_history (user_id, song_id, played_at, device) VALUES (19, 2050, '2025-08-14 16:44:29', 'desktop');
INSERT INTO streaming_history (user_id, song_id, played_at, device) VALUES (30, 5200, '2025-05-16 15:35:41', 'tablet');
INSERT INTO streaming_history (user_id, song_id, played_at, device) VALUES (273, 4669, '2026-01-09 19:09:44', 'mobile');
INSERT INTO streaming_history (user_id, song_id, played_at, device) VALUES (104, 669, '2025-07-25 22:21:39', 'smart_tv');
INSERT INTO streaming_history (user_id, song_id, played_at, device) VALUES (158, 1885, '2025-03-28 15:14:49', 'tablet');
INSERT INTO streaming_history (user_id, song_id, played_at, device) VALUES (71, 5071, '2025-05-01 12:49:59', 'tablet');
INSERT INTO streaming_history (user_id, song_id, played_at, device) VALUES (83, 1706, '2025-08-11 23:20:01', 'smart_tv');
INSERT INTO streaming_history (user_id, song_id, played_at, device) VALUES (182, 594, '2025-05-06 20:23:18', 'desktop');
INSERT INTO streaming_history (user_id, song_id, played_at, device) VALUES (151, 739, '2025-10-11 11:33:43', 'mobile');
INSERT INTO streaming_history (user_id, song_id, played_at, device) VALUES (243, 144, '2026-01-03 10:29:05', 'mobile');
INSERT INTO streaming_history (user_id, song_id, played_at, device) VALUES (24, 4062, '2025-05-29 08:58:44', 'mobile');
INSERT INTO streaming_history (user_id, song_id, played_at, device) VALUES (227, 5628, '2025-06-15 18:32:46', 'mobile');
INSERT INTO streaming_history (user_id, song_id, played_at, device) VALUES (117, 5652, '2026-01-11 00:33:54', 'mobile');
INSERT INTO streaming_history (user_id, song_id, played_at, device) VALUES (127, 1995, '2025-04-10 23:04:50', 'desktop');
INSERT INTO streaming_history (user_id, song_id, played_at, device) VALUES (131, 2466, '2025-07-07 13:48:54', 'smart_tv');
INSERT INTO streaming_history (user_id, song_id, played_at, device) VALUES (54, 2373, '2025-06-26 19:56:31', 'tablet');
INSERT INTO streaming_history (user_id, song_id, played_at, device) VALUES (206, 1728, '2026-02-27 14:41:58', 'tablet');
INSERT INTO streaming_history (user_id, song_id, played_at, device) VALUES (244, 381, '2026-02-11 21:34:12', 'mobile');
INSERT INTO streaming_history (user_id, song_id, played_at, device) VALUES (72, 1544, '2025-10-08 07:41:57', 'desktop');
INSERT INTO streaming_history (user_id, song_id, played_at, device) VALUES (242, 815, '2025-06-17 22:36:50', 'smart_tv');
INSERT INTO streaming_history (user_id, song_id, played_at, device) VALUES (97, 895, '2025-05-07 20:36:35', 'desktop');
INSERT INTO streaming_history (user_id, song_id, played_at, device) VALUES (290, 2061, '2026-02-15 19:11:18', 'tablet');
INSERT INTO streaming_history (user_id, song_id, played_at, device) VALUES (227, 2389, '2025-07-12 13:04:52', 'desktop');
INSERT INTO streaming_history (user_id, song_id, played_at, device) VALUES (259, 2924, '2025-05-18 19:16:48', 'desktop');
INSERT INTO streaming_history (user_id, song_id, played_at, device) VALUES (107, 408, '2025-07-21 23:52:49', 'mobile');
INSERT INTO streaming_history (user_id, song_id, played_at, device) VALUES (47, 4956, '2025-10-18 11:41:48', 'mobile');
INSERT INTO streaming_history (user_id, song_id, played_at, device) VALUES (1, 4135, '2025-08-17 16:19:10', 'mobile');
INSERT INTO streaming_history (user_id, song_id, played_at, device) VALUES (58, 2327, '2026-03-25 00:08:39', 'desktop');
INSERT INTO streaming_history (user_id, song_id, played_at, device) VALUES (204, 3744, '2025-04-12 10:40:39', 'tablet');
INSERT INTO streaming_history (user_id, song_id, played_at, device) VALUES (220, 726, '2025-11-05 02:24:12', 'smart_tv');
INSERT INTO streaming_history (user_id, song_id, played_at, device) VALUES (210, 167, '2025-10-20 07:09:18', 'mobile');
INSERT INTO streaming_history (user_id, song_id, played_at, device) VALUES (66, 2962, '2025-09-21 14:50:52', 'smart_tv');
INSERT INTO streaming_history (user_id, song_id, played_at, device) VALUES (260, 599, '2025-06-14 00:05:39', 'tablet');
INSERT INTO streaming_history (user_id, song_id, played_at, device) VALUES (113, 3698, '2025-11-21 22:06:47', 'tablet');
INSERT INTO streaming_history (user_id, song_id, played_at, device) VALUES (184, 36, '2025-10-06 13:53:07', 'tablet');
INSERT INTO streaming_history (user_id, song_id, played_at, device) VALUES (67, 4498, '2025-06-01 16:08:35', 'mobile');
INSERT INTO streaming_history (user_id, song_id, played_at, device) VALUES (138, 3235, '2025-12-25 02:32:03', 'tablet');
INSERT INTO streaming_history (user_id, song_id, played_at, device) VALUES (42, 226, '2026-01-21 04:43:25', 'smart_tv');
INSERT INTO streaming_history (user_id, song_id, played_at, device) VALUES (96, 1262, '2025-08-20 05:05:58', 'tablet');
INSERT INTO streaming_history (user_id, song_id, played_at, device) VALUES (159, 669, '2025-11-13 21:30:05', 'desktop');
INSERT INTO streaming_history (user_id, song_id, played_at, device) VALUES (42, 5431, '2025-04-02 17:25:53', 'tablet');
INSERT INTO streaming_history (user_id, song_id, played_at, device) VALUES (170, 3394, '2025-09-01 10:50:26', 'mobile');
INSERT INTO streaming_history (user_id, song_id, played_at, device) VALUES (237, 4382, '2026-01-05 04:30:37', 'smart_tv');
INSERT INTO streaming_history (user_id, song_id, played_at, device) VALUES (130, 2107, '2026-03-20 01:53:11', 'mobile');
INSERT INTO streaming_history (user_id, song_id, played_at, device) VALUES (233, 2130, '2025-07-22 02:00:28', 'mobile');
INSERT INTO streaming_history (user_id, song_id, played_at, device) VALUES (282, 3633, '2026-03-06 12:15:08', 'desktop');
INSERT INTO streaming_history (user_id, song_id, played_at, device) VALUES (37, 339, '2026-03-06 01:17:12', 'desktop');
INSERT INTO streaming_history (user_id, song_id, played_at, device) VALUES (42, 2275, '2025-07-26 07:24:59', 'smart_tv');
INSERT INTO streaming_history (user_id, song_id, played_at, device) VALUES (255, 4094, '2025-04-29 06:39:13', 'tablet');
INSERT INTO streaming_history (user_id, song_id, played_at, device) VALUES (214, 1317, '2025-06-17 19:32:36', 'desktop');
INSERT INTO streaming_history (user_id, song_id, played_at, device) VALUES (59, 5633, '2025-05-06 17:44:55', 'tablet');
INSERT INTO streaming_history (user_id, song_id, played_at, device) VALUES (15, 3971, '2025-05-11 10:55:37', 'desktop');
INSERT INTO streaming_history (user_id, song_id, played_at, device) VALUES (188, 584, '2025-05-01 18:53:09', 'desktop');
INSERT INTO streaming_history (user_id, song_id, played_at, device) VALUES (109, 2309, '2026-03-20 08:38:02', 'smart_tv');
INSERT INTO streaming_history (user_id, song_id, played_at, device) VALUES (239, 3921, '2025-04-01 13:54:38', 'tablet');
INSERT INTO streaming_history (user_id, song_id, played_at, device) VALUES (217, 5549, '2025-05-22 07:33:29', 'smart_tv');
INSERT INTO streaming_history (user_id, song_id, played_at, device) VALUES (232, 3451, '2025-08-12 06:04:45', 'smart_tv');
INSERT INTO streaming_history (user_id, song_id, played_at, device) VALUES (82, 217, '2025-05-18 11:34:00', 'desktop');
INSERT INTO streaming_history (user_id, song_id, played_at, device) VALUES (247, 4226, '2025-05-09 14:36:29', 'mobile');
INSERT INTO streaming_history (user_id, song_id, played_at, device) VALUES (122, 3835, '2026-01-05 06:21:17', 'smart_tv');
INSERT INTO streaming_history (user_id, song_id, played_at, device) VALUES (74, 4661, '2025-05-09 10:34:19', 'smart_tv');
INSERT INTO streaming_history (user_id, song_id, played_at, device) VALUES (242, 4347, '2026-01-16 11:09:39', 'tablet');
INSERT INTO streaming_history (user_id, song_id, played_at, device) VALUES (53, 1078, '2025-04-07 07:36:25', 'mobile');
INSERT INTO streaming_history (user_id, song_id, played_at, device) VALUES (274, 129, '2025-09-18 18:16:00', 'tablet');
INSERT INTO streaming_history (user_id, song_id, played_at, device) VALUES (212, 314, '2025-04-26 00:14:08', 'smart_tv');
INSERT INTO streaming_history (user_id, song_id, played_at, device) VALUES (215, 1251, '2025-08-04 13:12:11', 'smart_tv');
INSERT INTO streaming_history (user_id, song_id, played_at, device) VALUES (61, 4053, '2025-10-06 02:51:32', 'desktop');
INSERT INTO streaming_history (user_id, song_id, played_at, device) VALUES (213, 3841, '2026-01-07 02:09:47', 'smart_tv');
INSERT INTO streaming_history (user_id, song_id, played_at, device) VALUES (290, 7, '2025-07-02 19:56:30', 'tablet');
INSERT INTO streaming_history (user_id, song_id, played_at, device) VALUES (114, 2094, '2025-06-07 23:22:59', 'desktop');
INSERT INTO streaming_history (user_id, song_id, played_at, device) VALUES (10, 991, '2025-12-21 16:55:33', 'tablet');
INSERT INTO streaming_history (user_id, song_id, played_at, device) VALUES (169, 492, '2026-02-17 02:08:26', 'mobile');
INSERT INTO streaming_history (user_id, song_id, played_at, device) VALUES (300, 971, '2025-05-18 14:43:02', 'smart_tv');
INSERT INTO streaming_history (user_id, song_id, played_at, device) VALUES (136, 2455, '2025-07-07 17:30:59', 'mobile');
INSERT INTO streaming_history (user_id, song_id, played_at, device) VALUES (284, 560, '2026-01-03 11:36:53', 'tablet');
INSERT INTO streaming_history (user_id, song_id, played_at, device) VALUES (223, 3795, '2025-04-22 15:29:05', 'tablet');
INSERT INTO streaming_history (user_id, song_id, played_at, device) VALUES (92, 2828, '2025-12-29 14:04:20', 'smart_tv');
INSERT INTO streaming_history (user_id, song_id, played_at, device) VALUES (279, 3765, '2025-12-15 14:36:36', 'desktop');
INSERT INTO streaming_history (user_id, song_id, played_at, device) VALUES (243, 5573, '2025-12-25 09:57:54', 'smart_tv');
INSERT INTO streaming_history (user_id, song_id, played_at, device) VALUES (173, 3218, '2025-08-22 21:11:03', 'desktop');
INSERT INTO streaming_history (user_id, song_id, played_at, device) VALUES (114, 1341, '2025-05-29 09:22:54', 'desktop');
INSERT INTO streaming_history (user_id, song_id, played_at, device) VALUES (112, 3705, '2025-08-11 19:40:56', 'mobile');
INSERT INTO streaming_history (user_id, song_id, played_at, device) VALUES (88, 177, '2025-08-22 10:32:41', 'smart_tv');
INSERT INTO streaming_history (user_id, song_id, played_at, device) VALUES (97, 4874, '2025-06-07 06:22:22', 'mobile');
INSERT INTO streaming_history (user_id, song_id, played_at, device) VALUES (28, 4031, '2025-09-04 12:46:59', 'tablet');
INSERT INTO streaming_history (user_id, song_id, played_at, device) VALUES (12, 4412, '2025-11-11 16:16:25', 'tablet');
INSERT INTO streaming_history (user_id, song_id, played_at, device) VALUES (6, 2805, '2025-10-10 15:08:26', 'smart_tv');
INSERT INTO streaming_history (user_id, song_id, played_at, device) VALUES (71, 2232, '2025-05-13 00:08:06', 'tablet');
INSERT INTO streaming_history (user_id, song_id, played_at, device) VALUES (103, 1167, '2025-10-11 20:12:12', 'tablet');
INSERT INTO streaming_history (user_id, song_id, played_at, device) VALUES (191, 4679, '2025-11-10 10:22:59', 'mobile');
INSERT INTO streaming_history (user_id, song_id, played_at, device) VALUES (262, 5495, '2025-07-04 02:59:36', 'mobile');
INSERT INTO streaming_history (user_id, song_id, played_at, device) VALUES (185, 2209, '2026-01-28 23:56:01', 'smart_tv');
INSERT INTO streaming_history (user_id, song_id, played_at, device) VALUES (173, 726, '2025-10-26 12:12:07', 'smart_tv');
INSERT INTO streaming_history (user_id, song_id, played_at, device) VALUES (50, 3652, '2026-03-05 19:50:07', 'tablet');
INSERT INTO streaming_history (user_id, song_id, played_at, device) VALUES (54, 5701, '2025-06-24 10:17:25', 'desktop');
INSERT INTO streaming_history (user_id, song_id, played_at, device) VALUES (293, 1459, '2025-10-07 08:51:28', 'smart_tv');
INSERT INTO streaming_history (user_id, song_id, played_at, device) VALUES (194, 72, '2025-10-04 16:13:36', 'tablet');
INSERT INTO streaming_history (user_id, song_id, played_at, device) VALUES (18, 1158, '2025-08-15 19:41:26', 'tablet');
INSERT INTO streaming_history (user_id, song_id, played_at, device) VALUES (177, 5270, '2025-05-11 03:01:18', 'mobile');
INSERT INTO streaming_history (user_id, song_id, played_at, device) VALUES (290, 4009, '2025-11-04 06:47:42', 'mobile');
INSERT INTO streaming_history (user_id, song_id, played_at, device) VALUES (150, 3891, '2026-01-24 09:47:03', 'smart_tv');
INSERT INTO streaming_history (user_id, song_id, played_at, device) VALUES (248, 2895, '2025-05-22 22:05:45', 'desktop');
INSERT INTO streaming_history (user_id, song_id, played_at, device) VALUES (139, 4153, '2026-02-04 18:15:28', 'smart_tv');
INSERT INTO streaming_history (user_id, song_id, played_at, device) VALUES (59, 2492, '2025-12-06 03:22:25', 'smart_tv');
INSERT INTO streaming_history (user_id, song_id, played_at, device) VALUES (4, 1007, '2025-05-07 04:22:49', 'smart_tv');
INSERT INTO streaming_history (user_id, song_id, played_at, device) VALUES (284, 3451, '2026-02-24 06:28:43', 'tablet');
INSERT INTO streaming_history (user_id, song_id, played_at, device) VALUES (120, 3333, '2026-02-08 01:50:50', 'mobile');
INSERT INTO streaming_history (user_id, song_id, played_at, device) VALUES (207, 962, '2025-04-03 19:35:45', 'tablet');
INSERT INTO streaming_history (user_id, song_id, played_at, device) VALUES (194, 946, '2025-09-27 09:25:04', 'tablet');
INSERT INTO streaming_history (user_id, song_id, played_at, device) VALUES (202, 4226, '2025-05-04 19:12:46', 'smart_tv');
INSERT INTO streaming_history (user_id, song_id, played_at, device) VALUES (83, 3374, '2025-11-03 05:48:22', 'mobile');
INSERT INTO streaming_history (user_id, song_id, played_at, device) VALUES (68, 1080, '2025-07-28 06:33:00', 'desktop');
INSERT INTO streaming_history (user_id, song_id, played_at, device) VALUES (6, 263, '2025-12-22 12:57:51', 'desktop');
INSERT INTO streaming_history (user_id, song_id, played_at, device) VALUES (80, 1029, '2025-07-26 16:26:23', 'tablet');
INSERT INTO streaming_history (user_id, song_id, played_at, device) VALUES (63, 4691, '2025-04-20 11:59:59', 'desktop');
INSERT INTO streaming_history (user_id, song_id, played_at, device) VALUES (71, 3364, '2025-06-02 22:59:29', 'mobile');
INSERT INTO streaming_history (user_id, song_id, played_at, device) VALUES (40, 4239, '2025-08-10 16:28:52', 'smart_tv');
INSERT INTO streaming_history (user_id, song_id, played_at, device) VALUES (79, 1360, '2026-03-07 18:11:49', 'desktop');
INSERT INTO streaming_history (user_id, song_id, played_at, device) VALUES (48, 1148, '2025-04-10 12:34:01', 'smart_tv');
INSERT INTO streaming_history (user_id, song_id, played_at, device) VALUES (73, 208, '2025-10-27 13:44:55', 'desktop');
INSERT INTO streaming_history (user_id, song_id, played_at, device) VALUES (23, 2756, '2025-03-31 08:07:41', 'smart_tv');
INSERT INTO streaming_history (user_id, song_id, played_at, device) VALUES (52, 2035, '2025-09-29 10:42:06', 'tablet');
INSERT INTO streaming_history (user_id, song_id, played_at, device) VALUES (80, 3993, '2025-11-28 16:28:24', 'tablet');
INSERT INTO streaming_history (user_id, song_id, played_at, device) VALUES (14, 1913, '2025-10-02 12:57:53', 'desktop');
INSERT INTO streaming_history (user_id, song_id, played_at, device) VALUES (233, 5105, '2025-12-14 18:09:57', 'tablet');
INSERT INTO streaming_history (user_id, song_id, played_at, device) VALUES (140, 4097, '2025-06-30 16:59:04', 'tablet');
INSERT INTO streaming_history (user_id, song_id, played_at, device) VALUES (106, 1402, '2025-09-10 01:43:34', 'desktop');
INSERT INTO streaming_history (user_id, song_id, played_at, device) VALUES (281, 4374, '2025-05-09 19:55:55', 'desktop');
INSERT INTO streaming_history (user_id, song_id, played_at, device) VALUES (281, 5093, '2026-03-11 17:43:02', 'tablet');
INSERT INTO streaming_history (user_id, song_id, played_at, device) VALUES (55, 5444, '2025-08-06 21:13:10', 'desktop');
INSERT INTO streaming_history (user_id, song_id, played_at, device) VALUES (245, 5277, '2025-06-12 02:18:23', 'mobile');
INSERT INTO streaming_history (user_id, song_id, played_at, device) VALUES (170, 4582, '2025-05-15 06:53:59', 'mobile');
INSERT INTO streaming_history (user_id, song_id, played_at, device) VALUES (299, 790, '2025-08-27 17:40:14', 'mobile');
INSERT INTO streaming_history (user_id, song_id, played_at, device) VALUES (120, 331, '2025-07-25 02:36:07', 'desktop');
INSERT INTO streaming_history (user_id, song_id, played_at, device) VALUES (15, 1453, '2026-02-01 04:45:29', 'desktop');
INSERT INTO streaming_history (user_id, song_id, played_at, device) VALUES (70, 2229, '2025-07-23 23:23:01', 'desktop');
INSERT INTO streaming_history (user_id, song_id, played_at, device) VALUES (125, 5420, '2026-03-12 22:23:43', 'desktop');
INSERT INTO streaming_history (user_id, song_id, played_at, device) VALUES (59, 458, '2025-04-29 02:30:23', 'tablet');
INSERT INTO streaming_history (user_id, song_id, played_at, device) VALUES (267, 3070, '2025-08-15 21:20:13', 'desktop');
INSERT INTO streaming_history (user_id, song_id, played_at, device) VALUES (253, 2307, '2026-01-24 12:26:17', 'mobile');
INSERT INTO streaming_history (user_id, song_id, played_at, device) VALUES (125, 1272, '2025-05-22 06:26:12', 'mobile');
INSERT INTO streaming_history (user_id, song_id, played_at, device) VALUES (223, 3974, '2026-01-13 00:45:01', 'tablet');
INSERT INTO streaming_history (user_id, song_id, played_at, device) VALUES (278, 3340, '2025-08-03 16:02:36', 'mobile');
INSERT INTO streaming_history (user_id, song_id, played_at, device) VALUES (216, 3770, '2025-06-25 21:31:40', 'mobile');
INSERT INTO streaming_history (user_id, song_id, played_at, device) VALUES (285, 3256, '2026-03-19 04:20:43', 'mobile');
INSERT INTO streaming_history (user_id, song_id, played_at, device) VALUES (259, 4863, '2026-01-22 05:41:08', 'desktop');
INSERT INTO streaming_history (user_id, song_id, played_at, device) VALUES (64, 3142, '2025-10-17 22:20:16', 'tablet');
INSERT INTO streaming_history (user_id, song_id, played_at, device) VALUES (134, 5288, '2025-06-05 22:38:09', 'tablet');
INSERT INTO streaming_history (user_id, song_id, played_at, device) VALUES (262, 1188, '2025-06-23 00:51:13', 'desktop');
INSERT INTO streaming_history (user_id, song_id, played_at, device) VALUES (212, 504, '2025-04-24 06:36:02', 'tablet');
INSERT INTO streaming_history (user_id, song_id, played_at, device) VALUES (224, 290, '2025-03-27 06:19:22', 'smart_tv');
INSERT INTO streaming_history (user_id, song_id, played_at, device) VALUES (146, 3649, '2025-09-23 17:34:28', 'desktop');
INSERT INTO streaming_history (user_id, song_id, played_at, device) VALUES (225, 3566, '2025-12-18 17:08:31', 'mobile');
INSERT INTO streaming_history (user_id, song_id, played_at, device) VALUES (193, 2249, '2026-02-09 08:11:13', 'tablet');
INSERT INTO streaming_history (user_id, song_id, played_at, device) VALUES (98, 4162, '2026-01-01 10:12:50', 'tablet');
INSERT INTO streaming_history (user_id, song_id, played_at, device) VALUES (72, 4409, '2025-09-15 09:22:00', 'desktop');
INSERT INTO streaming_history (user_id, song_id, played_at, device) VALUES (84, 1870, '2025-09-07 18:26:30', 'mobile');
INSERT INTO streaming_history (user_id, song_id, played_at, device) VALUES (198, 918, '2025-10-24 17:33:31', 'mobile');
INSERT INTO streaming_history (user_id, song_id, played_at, device) VALUES (296, 3566, '2025-04-24 16:45:08', 'smart_tv');
INSERT INTO streaming_history (user_id, song_id, played_at, device) VALUES (199, 2047, '2026-01-23 10:46:20', 'smart_tv');
INSERT INTO streaming_history (user_id, song_id, played_at, device) VALUES (160, 4984, '2025-06-04 19:36:14', 'desktop');
INSERT INTO streaming_history (user_id, song_id, played_at, device) VALUES (136, 41, '2026-01-23 19:12:30', 'smart_tv');
INSERT INTO streaming_history (user_id, song_id, played_at, device) VALUES (30, 5030, '2025-04-21 23:55:29', 'tablet');
INSERT INTO streaming_history (user_id, song_id, played_at, device) VALUES (220, 4681, '2026-02-21 18:15:54', 'smart_tv');
INSERT INTO streaming_history (user_id, song_id, played_at, device) VALUES (112, 3642, '2025-09-22 02:14:57', 'tablet');
INSERT INTO streaming_history (user_id, song_id, played_at, device) VALUES (99, 3001, '2025-11-06 06:25:16', 'smart_tv');
INSERT INTO streaming_history (user_id, song_id, played_at, device) VALUES (101, 4297, '2025-03-26 17:29:26', 'desktop');
INSERT INTO streaming_history (user_id, song_id, played_at, device) VALUES (129, 5000, '2025-12-15 07:08:05', 'tablet');
INSERT INTO streaming_history (user_id, song_id, played_at, device) VALUES (272, 3476, '2025-07-15 03:28:04', 'mobile');
INSERT INTO streaming_history (user_id, song_id, played_at, device) VALUES (19, 3784, '2025-11-24 02:48:16', 'tablet');
INSERT INTO streaming_history (user_id, song_id, played_at, device) VALUES (276, 4516, '2025-10-07 10:45:33', 'smart_tv');
INSERT INTO streaming_history (user_id, song_id, played_at, device) VALUES (127, 2416, '2025-06-06 13:53:36', 'desktop');
INSERT INTO streaming_history (user_id, song_id, played_at, device) VALUES (62, 2779, '2025-10-13 10:47:16', 'desktop');
INSERT INTO streaming_history (user_id, song_id, played_at, device) VALUES (4, 439, '2025-12-26 03:39:11', 'mobile');
INSERT INTO streaming_history (user_id, song_id, played_at, device) VALUES (216, 2459, '2026-01-14 10:32:03', 'desktop');
INSERT INTO streaming_history (user_id, song_id, played_at, device) VALUES (197, 3970, '2026-02-09 23:21:26', 'mobile');
INSERT INTO streaming_history (user_id, song_id, played_at, device) VALUES (34, 1508, '2025-10-10 14:38:54', 'mobile');
INSERT INTO streaming_history (user_id, song_id, played_at, device) VALUES (222, 2463, '2025-11-29 05:20:50', 'tablet');
INSERT INTO streaming_history (user_id, song_id, played_at, device) VALUES (287, 3086, '2026-01-19 23:43:08', 'desktop');
INSERT INTO streaming_history (user_id, song_id, played_at, device) VALUES (213, 1815, '2025-11-10 20:57:23', 'desktop');
INSERT INTO streaming_history (user_id, song_id, played_at, device) VALUES (149, 1562, '2025-10-18 21:11:47', 'desktop');
INSERT INTO streaming_history (user_id, song_id, played_at, device) VALUES (150, 4958, '2025-11-01 21:20:59', 'tablet');
INSERT INTO streaming_history (user_id, song_id, played_at, device) VALUES (153, 2785, '2025-07-26 02:27:32', 'smart_tv');
INSERT INTO streaming_history (user_id, song_id, played_at, device) VALUES (257, 137, '2026-02-10 04:20:44', 'desktop');
INSERT INTO streaming_history (user_id, song_id, played_at, device) VALUES (250, 1622, '2025-10-27 20:34:43', 'smart_tv');
INSERT INTO streaming_history (user_id, song_id, played_at, device) VALUES (226, 3034, '2025-11-21 07:59:50', 'desktop');
INSERT INTO streaming_history (user_id, song_id, played_at, device) VALUES (292, 5524, '2025-09-12 04:34:23', 'mobile');
INSERT INTO streaming_history (user_id, song_id, played_at, device) VALUES (74, 867, '2025-04-08 20:51:31', 'mobile');
INSERT INTO streaming_history (user_id, song_id, played_at, device) VALUES (143, 1741, '2025-12-31 21:56:49', 'smart_tv');
INSERT INTO streaming_history (user_id, song_id, played_at, device) VALUES (295, 221, '2025-05-27 21:03:14', 'smart_tv');
INSERT INTO streaming_history (user_id, song_id, played_at, device) VALUES (181, 2391, '2025-12-01 15:38:13', 'tablet');
INSERT INTO streaming_history (user_id, song_id, played_at, device) VALUES (107, 1907, '2025-06-04 19:59:43', 'smart_tv');
INSERT INTO streaming_history (user_id, song_id, played_at, device) VALUES (31, 4466, '2025-06-26 06:35:57', 'smart_tv');
INSERT INTO streaming_history (user_id, song_id, played_at, device) VALUES (124, 4814, '2026-01-21 09:15:37', 'tablet');
INSERT INTO streaming_history (user_id, song_id, played_at, device) VALUES (280, 811, '2025-10-21 15:46:41', 'mobile');
INSERT INTO streaming_history (user_id, song_id, played_at, device) VALUES (224, 4502, '2025-07-22 08:56:47', 'desktop');
INSERT INTO streaming_history (user_id, song_id, played_at, device) VALUES (176, 5155, '2025-05-19 10:38:16', 'smart_tv');
INSERT INTO streaming_history (user_id, song_id, played_at, device) VALUES (203, 5024, '2026-03-22 13:06:51', 'mobile');
INSERT INTO streaming_history (user_id, song_id, played_at, device) VALUES (196, 902, '2026-02-21 07:46:57', 'mobile');
INSERT INTO streaming_history (user_id, song_id, played_at, device) VALUES (178, 3630, '2025-12-28 22:37:40', 'mobile');
INSERT INTO streaming_history (user_id, song_id, played_at, device) VALUES (58, 1387, '2025-06-27 03:34:38', 'tablet');
INSERT INTO streaming_history (user_id, song_id, played_at, device) VALUES (177, 3691, '2025-06-15 00:47:06', 'tablet');
INSERT INTO streaming_history (user_id, song_id, played_at, device) VALUES (89, 542, '2025-09-18 09:56:30', 'desktop');
INSERT INTO streaming_history (user_id, song_id, played_at, device) VALUES (257, 901, '2025-06-14 23:42:41', 'smart_tv');
INSERT INTO streaming_history (user_id, song_id, played_at, device) VALUES (111, 2302, '2025-12-24 20:48:58', 'mobile');
INSERT INTO streaming_history (user_id, song_id, played_at, device) VALUES (119, 3185, '2025-09-04 14:34:09', 'smart_tv');
INSERT INTO streaming_history (user_id, song_id, played_at, device) VALUES (277, 276, '2025-04-20 03:01:41', 'mobile');
INSERT INTO streaming_history (user_id, song_id, played_at, device) VALUES (104, 3513, '2025-07-22 23:11:26', 'desktop');
INSERT INTO streaming_history (user_id, song_id, played_at, device) VALUES (136, 3950, '2025-05-06 15:09:12', 'smart_tv');
INSERT INTO streaming_history (user_id, song_id, played_at, device) VALUES (231, 678, '2025-09-17 23:58:33', 'tablet');
INSERT INTO streaming_history (user_id, song_id, played_at, device) VALUES (201, 2221, '2026-01-23 11:32:06', 'mobile');
INSERT INTO streaming_history (user_id, song_id, played_at, device) VALUES (89, 2526, '2025-08-19 06:16:21', 'tablet');
INSERT INTO streaming_history (user_id, song_id, played_at, device) VALUES (252, 1081, '2025-11-01 15:54:49', 'tablet');
INSERT INTO streaming_history (user_id, song_id, played_at, device) VALUES (223, 2489, '2025-12-30 10:13:42', 'mobile');
INSERT INTO streaming_history (user_id, song_id, played_at, device) VALUES (180, 3856, '2025-05-28 05:40:23', 'mobile');
INSERT INTO streaming_history (user_id, song_id, played_at, device) VALUES (2, 4140, '2025-06-14 19:01:56', 'mobile');
INSERT INTO streaming_history (user_id, song_id, played_at, device) VALUES (49, 4373, '2026-01-17 08:21:54', 'smart_tv');
INSERT INTO streaming_history (user_id, song_id, played_at, device) VALUES (191, 4705, '2026-03-12 02:48:08', 'smart_tv');
INSERT INTO streaming_history (user_id, song_id, played_at, device) VALUES (219, 2663, '2026-01-25 02:48:43', 'desktop');
INSERT INTO streaming_history (user_id, song_id, played_at, device) VALUES (184, 2911, '2025-12-25 02:39:22', 'tablet');
INSERT INTO streaming_history (user_id, song_id, played_at, device) VALUES (153, 5532, '2025-08-23 23:51:55', 'mobile');
INSERT INTO streaming_history (user_id, song_id, played_at, device) VALUES (126, 2341, '2026-01-25 13:28:03', 'desktop');
INSERT INTO streaming_history (user_id, song_id, played_at, device) VALUES (157, 2551, '2025-12-19 12:22:44', 'desktop');
INSERT INTO streaming_history (user_id, song_id, played_at, device) VALUES (2, 1449, '2025-11-17 02:50:58', 'smart_tv');
INSERT INTO streaming_history (user_id, song_id, played_at, device) VALUES (118, 5627, '2026-03-21 05:05:59', 'smart_tv');
INSERT INTO streaming_history (user_id, song_id, played_at, device) VALUES (274, 5111, '2025-04-20 13:48:42', 'tablet');
INSERT INTO streaming_history (user_id, song_id, played_at, device) VALUES (70, 2000, '2026-02-19 04:35:56', 'smart_tv');
INSERT INTO streaming_history (user_id, song_id, played_at, device) VALUES (194, 790, '2025-10-07 11:39:54', 'mobile');
INSERT INTO streaming_history (user_id, song_id, played_at, device) VALUES (21, 1922, '2025-08-03 12:31:36', 'mobile');
INSERT INTO streaming_history (user_id, song_id, played_at, device) VALUES (166, 4397, '2025-05-08 21:08:08', 'mobile');
INSERT INTO streaming_history (user_id, song_id, played_at, device) VALUES (44, 2180, '2025-03-28 22:59:57', 'tablet');
INSERT INTO streaming_history (user_id, song_id, played_at, device) VALUES (36, 370, '2025-12-09 02:57:02', 'mobile');
INSERT INTO streaming_history (user_id, song_id, played_at, device) VALUES (158, 1246, '2025-04-21 02:41:00', 'mobile');
INSERT INTO streaming_history (user_id, song_id, played_at, device) VALUES (278, 2916, '2025-12-06 19:10:18', 'desktop');
INSERT INTO streaming_history (user_id, song_id, played_at, device) VALUES (281, 4107, '2025-11-10 22:15:58', 'desktop');
INSERT INTO streaming_history (user_id, song_id, played_at, device) VALUES (25, 2460, '2025-06-09 04:21:25', 'mobile');
INSERT INTO streaming_history (user_id, song_id, played_at, device) VALUES (209, 3165, '2026-02-18 19:16:44', 'mobile');
INSERT INTO streaming_history (user_id, song_id, played_at, device) VALUES (74, 1596, '2026-02-24 00:25:51', 'mobile');
INSERT INTO streaming_history (user_id, song_id, played_at, device) VALUES (164, 3809, '2025-04-30 02:30:45', 'smart_tv');
INSERT INTO streaming_history (user_id, song_id, played_at, device) VALUES (10, 1886, '2025-09-12 00:19:10', 'desktop');
INSERT INTO streaming_history (user_id, song_id, played_at, device) VALUES (38, 5278, '2025-12-17 12:19:15', 'tablet');
INSERT INTO streaming_history (user_id, song_id, played_at, device) VALUES (249, 3322, '2026-01-27 02:30:07', 'desktop');
INSERT INTO streaming_history (user_id, song_id, played_at, device) VALUES (45, 2336, '2025-10-28 11:57:25', 'smart_tv');
INSERT INTO streaming_history (user_id, song_id, played_at, device) VALUES (220, 1944, '2026-01-26 22:43:43', 'tablet');
INSERT INTO streaming_history (user_id, song_id, played_at, device) VALUES (12, 5313, '2025-06-01 09:44:23', 'smart_tv');
INSERT INTO streaming_history (user_id, song_id, played_at, device) VALUES (79, 1769, '2026-03-20 06:54:31', 'smart_tv');
INSERT INTO streaming_history (user_id, song_id, played_at, device) VALUES (61, 2935, '2026-01-30 07:58:59', 'desktop');
INSERT INTO streaming_history (user_id, song_id, played_at, device) VALUES (196, 3040, '2025-10-13 21:19:17', 'desktop');
INSERT INTO streaming_history (user_id, song_id, played_at, device) VALUES (293, 4307, '2026-01-09 00:36:19', 'smart_tv');
INSERT INTO streaming_history (user_id, song_id, played_at, device) VALUES (236, 2990, '2025-09-13 08:21:04', 'smart_tv');
INSERT INTO streaming_history (user_id, song_id, played_at, device) VALUES (137, 1255, '2025-10-15 13:57:45', 'desktop');
INSERT INTO streaming_history (user_id, song_id, played_at, device) VALUES (243, 1105, '2025-07-17 05:24:41', 'smart_tv');
INSERT INTO streaming_history (user_id, song_id, played_at, device) VALUES (157, 3711, '2025-12-17 11:33:43', 'tablet');
INSERT INTO streaming_history (user_id, song_id, played_at, device) VALUES (133, 1035, '2025-05-07 06:10:43', 'mobile');
INSERT INTO streaming_history (user_id, song_id, played_at, device) VALUES (125, 2554, '2026-01-31 03:21:41', 'desktop');
INSERT INTO streaming_history (user_id, song_id, played_at, device) VALUES (171, 3441, '2025-11-14 10:43:32', 'smart_tv');
INSERT INTO streaming_history (user_id, song_id, played_at, device) VALUES (266, 304, '2025-07-11 19:12:41', 'smart_tv');
INSERT INTO streaming_history (user_id, song_id, played_at, device) VALUES (129, 3868, '2025-10-22 06:07:30', 'tablet');
INSERT INTO streaming_history (user_id, song_id, played_at, device) VALUES (202, 1998, '2025-10-26 17:39:44', 'tablet');
INSERT INTO streaming_history (user_id, song_id, played_at, device) VALUES (215, 532, '2025-11-10 08:24:32', 'tablet');
INSERT INTO streaming_history (user_id, song_id, played_at, device) VALUES (299, 1563, '2026-01-23 10:31:56', 'tablet');
INSERT INTO streaming_history (user_id, song_id, played_at, device) VALUES (218, 1275, '2025-06-06 16:52:27', 'desktop');
INSERT INTO streaming_history (user_id, song_id, played_at, device) VALUES (2, 542, '2025-04-02 08:46:53', 'smart_tv');
INSERT INTO streaming_history (user_id, song_id, played_at, device) VALUES (75, 3248, '2026-01-07 03:11:07', 'desktop');
INSERT INTO streaming_history (user_id, song_id, played_at, device) VALUES (193, 5606, '2025-06-17 10:06:06', 'tablet');
INSERT INTO streaming_history (user_id, song_id, played_at, device) VALUES (238, 1641, '2025-06-04 09:08:16', 'mobile');
INSERT INTO streaming_history (user_id, song_id, played_at, device) VALUES (51, 2236, '2025-10-04 14:43:19', 'mobile');
INSERT INTO streaming_history (user_id, song_id, played_at, device) VALUES (132, 2304, '2025-06-14 04:58:03', 'mobile');
INSERT INTO streaming_history (user_id, song_id, played_at, device) VALUES (167, 4145, '2026-01-08 07:49:27', 'tablet');
INSERT INTO streaming_history (user_id, song_id, played_at, device) VALUES (14, 4725, '2025-06-22 03:58:45', 'desktop');
INSERT INTO streaming_history (user_id, song_id, played_at, device) VALUES (145, 3024, '2026-03-22 14:42:10', 'desktop');
INSERT INTO streaming_history (user_id, song_id, played_at, device) VALUES (210, 3271, '2026-01-27 05:38:34', 'desktop');
INSERT INTO streaming_history (user_id, song_id, played_at, device) VALUES (131, 2310, '2025-12-18 13:19:58', 'desktop');
INSERT INTO streaming_history (user_id, song_id, played_at, device) VALUES (45, 1436, '2025-08-16 07:16:58', 'mobile');
INSERT INTO streaming_history (user_id, song_id, played_at, device) VALUES (163, 741, '2025-07-13 04:51:58', 'tablet');
INSERT INTO streaming_history (user_id, song_id, played_at, device) VALUES (46, 4483, '2026-03-01 02:16:48', 'smart_tv');
INSERT INTO streaming_history (user_id, song_id, played_at, device) VALUES (107, 2137, '2025-11-02 14:10:01', 'mobile');
INSERT INTO streaming_history (user_id, song_id, played_at, device) VALUES (110, 5668, '2025-05-06 08:35:03', 'tablet');
INSERT INTO streaming_history (user_id, song_id, played_at, device) VALUES (254, 2781, '2026-01-11 12:53:22', 'tablet');
INSERT INTO streaming_history (user_id, song_id, played_at, device) VALUES (172, 3881, '2026-01-22 14:14:12', 'tablet');
INSERT INTO streaming_history (user_id, song_id, played_at, device) VALUES (69, 3457, '2025-08-05 14:29:05', 'smart_tv');
INSERT INTO streaming_history (user_id, song_id, played_at, device) VALUES (171, 3648, '2025-08-31 05:01:40', 'smart_tv');
INSERT INTO streaming_history (user_id, song_id, played_at, device) VALUES (29, 695, '2025-05-26 02:13:53', 'smart_tv');
INSERT INTO streaming_history (user_id, song_id, played_at, device) VALUES (109, 1478, '2025-09-17 01:02:07', 'smart_tv');
INSERT INTO streaming_history (user_id, song_id, played_at, device) VALUES (36, 141, '2025-08-04 10:50:37', 'desktop');
INSERT INTO streaming_history (user_id, song_id, played_at, device) VALUES (299, 2303, '2025-08-15 07:18:59', 'desktop');
INSERT INTO streaming_history (user_id, song_id, played_at, device) VALUES (153, 5064, '2025-05-07 06:28:34', 'tablet');
INSERT INTO streaming_history (user_id, song_id, played_at, device) VALUES (92, 3745, '2025-08-25 01:32:29', 'smart_tv');
INSERT INTO streaming_history (user_id, song_id, played_at, device) VALUES (94, 1508, '2025-09-20 11:49:10', 'smart_tv');
INSERT INTO streaming_history (user_id, song_id, played_at, device) VALUES (16, 3406, '2026-02-01 00:27:17', 'smart_tv');
INSERT INTO streaming_history (user_id, song_id, played_at, device) VALUES (65, 2876, '2025-07-16 02:18:19', 'desktop');
INSERT INTO streaming_history (user_id, song_id, played_at, device) VALUES (69, 4829, '2025-12-27 00:46:35', 'tablet');
INSERT INTO streaming_history (user_id, song_id, played_at, device) VALUES (238, 3369, '2025-06-08 10:34:12', 'smart_tv');
INSERT INTO streaming_history (user_id, song_id, played_at, device) VALUES (183, 883, '2025-11-04 02:34:10', 'tablet');
INSERT INTO streaming_history (user_id, song_id, played_at, device) VALUES (213, 4694, '2026-02-20 09:36:00', 'mobile');
INSERT INTO streaming_history (user_id, song_id, played_at, device) VALUES (137, 5714, '2025-10-12 10:53:09', 'smart_tv');
INSERT INTO streaming_history (user_id, song_id, played_at, device) VALUES (157, 5356, '2026-03-26 16:04:30', 'tablet');
INSERT INTO streaming_history (user_id, song_id, played_at, device) VALUES (259, 2096, '2025-05-22 10:44:56', 'tablet');
INSERT INTO streaming_history (user_id, song_id, played_at, device) VALUES (153, 1482, '2026-03-07 14:32:46', 'tablet');
INSERT INTO streaming_history (user_id, song_id, played_at, device) VALUES (268, 3492, '2025-08-20 19:29:32', 'tablet');
INSERT INTO streaming_history (user_id, song_id, played_at, device) VALUES (120, 565, '2025-04-20 04:47:39', 'tablet');
INSERT INTO streaming_history (user_id, song_id, played_at, device) VALUES (70, 3250, '2026-03-14 14:33:24', 'desktop');
INSERT INTO streaming_history (user_id, song_id, played_at, device) VALUES (58, 1381, '2026-02-18 12:21:09', 'tablet');
INSERT INTO streaming_history (user_id, song_id, played_at, device) VALUES (195, 4033, '2025-05-28 07:56:00', 'desktop');
INSERT INTO streaming_history (user_id, song_id, played_at, device) VALUES (107, 303, '2025-04-14 21:05:53', 'mobile');
INSERT INTO streaming_history (user_id, song_id, played_at, device) VALUES (272, 96, '2025-09-09 18:06:25', 'tablet');
INSERT INTO streaming_history (user_id, song_id, played_at, device) VALUES (198, 4184, '2025-03-27 09:06:29', 'tablet');
INSERT INTO streaming_history (user_id, song_id, played_at, device) VALUES (77, 2750, '2025-07-06 00:49:12', 'mobile');
INSERT INTO streaming_history (user_id, song_id, played_at, device) VALUES (164, 4755, '2025-11-14 04:16:26', 'smart_tv');
INSERT INTO streaming_history (user_id, song_id, played_at, device) VALUES (47, 3098, '2025-09-29 06:16:48', 'mobile');
INSERT INTO streaming_history (user_id, song_id, played_at, device) VALUES (235, 4606, '2025-05-16 23:03:21', 'smart_tv');
INSERT INTO streaming_history (user_id, song_id, played_at, device) VALUES (288, 4600, '2025-11-02 02:13:07', 'tablet');
INSERT INTO streaming_history (user_id, song_id, played_at, device) VALUES (107, 4966, '2025-04-07 11:13:13', 'smart_tv');
INSERT INTO streaming_history (user_id, song_id, played_at, device) VALUES (196, 5516, '2025-10-29 20:37:25', 'smart_tv');
INSERT INTO streaming_history (user_id, song_id, played_at, device) VALUES (157, 4421, '2025-10-11 23:49:03', 'smart_tv');
INSERT INTO streaming_history (user_id, song_id, played_at, device) VALUES (191, 2927, '2025-11-13 08:51:39', 'desktop');
INSERT INTO streaming_history (user_id, song_id, played_at, device) VALUES (10, 2570, '2026-02-21 05:02:13', 'smart_tv');
INSERT INTO streaming_history (user_id, song_id, played_at, device) VALUES (222, 1199, '2025-09-18 12:26:11', 'tablet');
INSERT INTO streaming_history (user_id, song_id, played_at, device) VALUES (136, 3253, '2025-08-27 06:22:28', 'mobile');
INSERT INTO streaming_history (user_id, song_id, played_at, device) VALUES (54, 63, '2025-12-11 04:33:15', 'smart_tv');
INSERT INTO streaming_history (user_id, song_id, played_at, device) VALUES (299, 820, '2026-02-13 02:02:15', 'mobile');
INSERT INTO streaming_history (user_id, song_id, played_at, device) VALUES (215, 1150, '2025-08-25 19:03:26', 'tablet');
INSERT INTO streaming_history (user_id, song_id, played_at, device) VALUES (139, 1958, '2025-06-10 09:52:32', 'desktop');
INSERT INTO streaming_history (user_id, song_id, played_at, device) VALUES (149, 4534, '2026-02-22 19:32:27', 'smart_tv');
INSERT INTO streaming_history (user_id, song_id, played_at, device) VALUES (240, 2253, '2025-04-05 09:39:38', 'mobile');
INSERT INTO streaming_history (user_id, song_id, played_at, device) VALUES (163, 3136, '2025-11-15 09:19:05', 'desktop');
INSERT INTO streaming_history (user_id, song_id, played_at, device) VALUES (262, 3617, '2025-12-14 13:55:38', 'smart_tv');
INSERT INTO streaming_history (user_id, song_id, played_at, device) VALUES (35, 5158, '2025-05-04 07:54:56', 'smart_tv');
INSERT INTO streaming_history (user_id, song_id, played_at, device) VALUES (164, 841, '2026-03-19 21:43:41', 'smart_tv');
INSERT INTO streaming_history (user_id, song_id, played_at, device) VALUES (59, 5123, '2025-09-10 13:22:20', 'desktop');
INSERT INTO streaming_history (user_id, song_id, played_at, device) VALUES (246, 3721, '2025-04-09 18:42:12', 'mobile');
INSERT INTO streaming_history (user_id, song_id, played_at, device) VALUES (126, 3277, '2025-12-10 12:17:21', 'smart_tv');
INSERT INTO streaming_history (user_id, song_id, played_at, device) VALUES (28, 4680, '2025-11-12 13:51:31', 'mobile');
INSERT INTO streaming_history (user_id, song_id, played_at, device) VALUES (62, 5140, '2025-05-11 01:40:37', 'desktop');
INSERT INTO streaming_history (user_id, song_id, played_at, device) VALUES (215, 73, '2025-05-08 07:04:34', 'tablet');
INSERT INTO streaming_history (user_id, song_id, played_at, device) VALUES (107, 4689, '2025-10-26 03:03:28', 'desktop');
INSERT INTO streaming_history (user_id, song_id, played_at, device) VALUES (1, 4663, '2025-05-24 03:16:59', 'desktop');
INSERT INTO streaming_history (user_id, song_id, played_at, device) VALUES (172, 292, '2025-08-13 00:33:31', 'tablet');
INSERT INTO streaming_history (user_id, song_id, played_at, device) VALUES (262, 47, '2025-07-03 19:13:57', 'tablet');
INSERT INTO streaming_history (user_id, song_id, played_at, device) VALUES (158, 4724, '2025-04-23 19:49:34', 'tablet');
INSERT INTO streaming_history (user_id, song_id, played_at, device) VALUES (44, 1616, '2026-03-17 05:50:18', 'tablet');
INSERT INTO streaming_history (user_id, song_id, played_at, device) VALUES (116, 1765, '2026-02-23 16:37:54', 'tablet');
INSERT INTO streaming_history (user_id, song_id, played_at, device) VALUES (246, 1393, '2025-09-14 00:55:28', 'mobile');
INSERT INTO streaming_history (user_id, song_id, played_at, device) VALUES (132, 3601, '2026-03-15 22:15:13', 'desktop');
INSERT INTO streaming_history (user_id, song_id, played_at, device) VALUES (241, 4826, '2025-08-19 01:05:07', 'mobile');
INSERT INTO streaming_history (user_id, song_id, played_at, device) VALUES (204, 4582, '2026-01-08 12:01:25', 'tablet');
INSERT INTO streaming_history (user_id, song_id, played_at, device) VALUES (54, 4485, '2025-09-03 00:46:39', 'mobile');
INSERT INTO streaming_history (user_id, song_id, played_at, device) VALUES (21, 4458, '2025-05-08 11:35:24', 'desktop');
INSERT INTO streaming_history (user_id, song_id, played_at, device) VALUES (126, 401, '2026-03-17 23:11:26', 'mobile');
INSERT INTO streaming_history (user_id, song_id, played_at, device) VALUES (9, 2711, '2025-05-08 23:06:05', 'smart_tv');
INSERT INTO streaming_history (user_id, song_id, played_at, device) VALUES (233, 906, '2025-05-20 13:43:29', 'tablet');
INSERT INTO streaming_history (user_id, song_id, played_at, device) VALUES (143, 1564, '2025-04-24 11:24:44', 'smart_tv');
INSERT INTO streaming_history (user_id, song_id, played_at, device) VALUES (293, 3532, '2025-12-11 10:31:06', 'smart_tv');
INSERT INTO streaming_history (user_id, song_id, played_at, device) VALUES (160, 1391, '2025-12-13 20:10:42', 'mobile');
INSERT INTO streaming_history (user_id, song_id, played_at, device) VALUES (96, 1042, '2026-03-03 18:46:52', 'mobile');
INSERT INTO streaming_history (user_id, song_id, played_at, device) VALUES (53, 3543, '2025-11-02 17:38:57', 'mobile');
INSERT INTO streaming_history (user_id, song_id, played_at, device) VALUES (195, 2775, '2026-01-13 22:31:44', 'tablet');
INSERT INTO streaming_history (user_id, song_id, played_at, device) VALUES (222, 2268, '2025-04-28 10:46:25', 'mobile');
INSERT INTO streaming_history (user_id, song_id, played_at, device) VALUES (19, 2231, '2025-09-18 23:26:34', 'mobile');
INSERT INTO streaming_history (user_id, song_id, played_at, device) VALUES (133, 3889, '2025-09-10 09:23:26', 'desktop');
INSERT INTO streaming_history (user_id, song_id, played_at, device) VALUES (71, 1325, '2026-01-10 00:18:27', 'mobile');
INSERT INTO streaming_history (user_id, song_id, played_at, device) VALUES (120, 1623, '2025-06-19 08:01:21', 'tablet');
INSERT INTO streaming_history (user_id, song_id, played_at, device) VALUES (262, 3908, '2025-09-16 20:51:24', 'desktop');
INSERT INTO streaming_history (user_id, song_id, played_at, device) VALUES (8, 4290, '2025-11-22 17:42:55', 'mobile');
INSERT INTO streaming_history (user_id, song_id, played_at, device) VALUES (298, 4783, '2025-06-10 09:19:59', 'smart_tv');
INSERT INTO streaming_history (user_id, song_id, played_at, device) VALUES (127, 1222, '2025-04-16 20:32:58', 'smart_tv');
INSERT INTO streaming_history (user_id, song_id, played_at, device) VALUES (234, 1229, '2025-05-14 16:42:13', 'smart_tv');
INSERT INTO streaming_history (user_id, song_id, played_at, device) VALUES (78, 1610, '2025-07-20 13:47:48', 'tablet');
INSERT INTO streaming_history (user_id, song_id, played_at, device) VALUES (262, 5449, '2026-01-21 10:56:08', 'mobile');
INSERT INTO streaming_history (user_id, song_id, played_at, device) VALUES (250, 5089, '2025-12-25 14:21:33', 'tablet');
INSERT INTO streaming_history (user_id, song_id, played_at, device) VALUES (196, 2651, '2025-04-10 19:48:09', 'desktop');
INSERT INTO streaming_history (user_id, song_id, played_at, device) VALUES (171, 2192, '2025-04-24 09:07:02', 'mobile');
INSERT INTO streaming_history (user_id, song_id, played_at, device) VALUES (74, 649, '2025-08-31 17:58:03', 'tablet');
INSERT INTO streaming_history (user_id, song_id, played_at, device) VALUES (249, 3652, '2025-08-15 12:33:40', 'mobile');
INSERT INTO streaming_history (user_id, song_id, played_at, device) VALUES (189, 5336, '2025-07-26 05:52:50', 'smart_tv');
INSERT INTO streaming_history (user_id, song_id, played_at, device) VALUES (151, 4186, '2026-01-15 18:25:20', 'tablet');
INSERT INTO streaming_history (user_id, song_id, played_at, device) VALUES (148, 3018, '2025-03-27 03:00:55', 'smart_tv');
INSERT INTO streaming_history (user_id, song_id, played_at, device) VALUES (21, 1602, '2025-06-17 14:56:36', 'tablet');
INSERT INTO streaming_history (user_id, song_id, played_at, device) VALUES (120, 3720, '2025-07-19 05:04:08', 'tablet');
INSERT INTO streaming_history (user_id, song_id, played_at, device) VALUES (268, 4299, '2026-02-09 16:30:43', 'mobile');
INSERT INTO streaming_history (user_id, song_id, played_at, device) VALUES (90, 667, '2025-09-29 07:21:06', 'tablet');
INSERT INTO streaming_history (user_id, song_id, played_at, device) VALUES (138, 4848, '2025-09-30 08:17:28', 'tablet');
INSERT INTO streaming_history (user_id, song_id, played_at, device) VALUES (118, 1700, '2025-11-30 08:50:47', 'tablet');
INSERT INTO streaming_history (user_id, song_id, played_at, device) VALUES (136, 5496, '2025-10-14 01:02:47', 'desktop');
INSERT INTO streaming_history (user_id, song_id, played_at, device) VALUES (199, 4629, '2026-01-31 22:26:36', 'desktop');
INSERT INTO streaming_history (user_id, song_id, played_at, device) VALUES (172, 3056, '2025-09-14 17:15:14', 'mobile');
INSERT INTO streaming_history (user_id, song_id, played_at, device) VALUES (4, 741, '2025-11-16 03:26:55', 'desktop');
INSERT INTO streaming_history (user_id, song_id, played_at, device) VALUES (284, 3712, '2025-07-20 20:46:48', 'desktop');
INSERT INTO streaming_history (user_id, song_id, played_at, device) VALUES (67, 2366, '2025-05-05 21:58:45', 'desktop');
INSERT INTO streaming_history (user_id, song_id, played_at, device) VALUES (145, 842, '2025-12-04 22:41:21', 'desktop');
INSERT INTO streaming_history (user_id, song_id, played_at, device) VALUES (238, 4115, '2025-04-13 17:22:30', 'smart_tv');
INSERT INTO streaming_history (user_id, song_id, played_at, device) VALUES (196, 5496, '2025-11-18 08:09:30', 'mobile');
INSERT INTO streaming_history (user_id, song_id, played_at, device) VALUES (219, 5215, '2025-11-25 20:21:16', 'mobile');
INSERT INTO streaming_history (user_id, song_id, played_at, device) VALUES (213, 4012, '2025-10-21 16:25:13', 'tablet');
INSERT INTO streaming_history (user_id, song_id, played_at, device) VALUES (283, 4757, '2025-10-17 21:33:49', 'mobile');
INSERT INTO streaming_history (user_id, song_id, played_at, device) VALUES (134, 3734, '2025-09-07 16:13:20', 'smart_tv');
INSERT INTO streaming_history (user_id, song_id, played_at, device) VALUES (86, 2613, '2025-08-26 06:47:15', 'desktop');
INSERT INTO streaming_history (user_id, song_id, played_at, device) VALUES (241, 878, '2025-11-25 21:24:56', 'mobile');
INSERT INTO streaming_history (user_id, song_id, played_at, device) VALUES (98, 3225, '2025-05-27 12:01:42', 'mobile');
INSERT INTO streaming_history (user_id, song_id, played_at, device) VALUES (32, 198, '2026-01-23 19:09:20', 'desktop');
INSERT INTO streaming_history (user_id, song_id, played_at, device) VALUES (89, 3561, '2025-08-17 16:09:13', 'smart_tv');
INSERT INTO streaming_history (user_id, song_id, played_at, device) VALUES (250, 40, '2025-11-14 13:14:55', 'desktop');
INSERT INTO streaming_history (user_id, song_id, played_at, device) VALUES (252, 5419, '2025-08-21 13:27:18', 'mobile');
INSERT INTO streaming_history (user_id, song_id, played_at, device) VALUES (104, 1371, '2025-09-26 15:28:37', 'mobile');
INSERT INTO streaming_history (user_id, song_id, played_at, device) VALUES (64, 1781, '2025-04-24 01:36:07', 'desktop');
INSERT INTO streaming_history (user_id, song_id, played_at, device) VALUES (288, 4169, '2025-04-06 14:59:52', 'tablet');
INSERT INTO streaming_history (user_id, song_id, played_at, device) VALUES (286, 1904, '2026-02-23 13:04:52', 'desktop');
INSERT INTO streaming_history (user_id, song_id, played_at, device) VALUES (274, 796, '2025-10-03 01:33:47', 'desktop');
INSERT INTO streaming_history (user_id, song_id, played_at, device) VALUES (72, 5718, '2025-11-30 13:40:51', 'desktop');
INSERT INTO streaming_history (user_id, song_id, played_at, device) VALUES (115, 4841, '2025-07-05 22:01:49', 'desktop');
INSERT INTO streaming_history (user_id, song_id, played_at, device) VALUES (137, 4083, '2025-07-07 11:38:33', 'tablet');
INSERT INTO streaming_history (user_id, song_id, played_at, device) VALUES (293, 2596, '2025-11-18 08:02:14', 'smart_tv');
INSERT INTO streaming_history (user_id, song_id, played_at, device) VALUES (180, 4499, '2025-09-19 10:07:30', 'desktop');
INSERT INTO streaming_history (user_id, song_id, played_at, device) VALUES (143, 4296, '2025-09-10 10:05:31', 'desktop');
INSERT INTO streaming_history (user_id, song_id, played_at, device) VALUES (297, 5314, '2025-04-02 10:29:24', 'tablet');
INSERT INTO streaming_history (user_id, song_id, played_at, device) VALUES (83, 1592, '2025-09-04 23:29:16', 'tablet');
INSERT INTO streaming_history (user_id, song_id, played_at, device) VALUES (261, 3942, '2025-07-26 13:03:25', 'desktop');
INSERT INTO streaming_history (user_id, song_id, played_at, device) VALUES (290, 5490, '2026-03-21 05:34:18', 'tablet');
INSERT INTO streaming_history (user_id, song_id, played_at, device) VALUES (249, 4036, '2025-05-20 16:00:55', 'desktop');
INSERT INTO streaming_history (user_id, song_id, played_at, device) VALUES (30, 2094, '2025-04-28 06:00:22', 'mobile');
INSERT INTO streaming_history (user_id, song_id, played_at, device) VALUES (33, 3252, '2026-01-07 08:19:51', 'desktop');
INSERT INTO streaming_history (user_id, song_id, played_at, device) VALUES (6, 4999, '2025-08-09 16:21:00', 'smart_tv');
INSERT INTO streaming_history (user_id, song_id, played_at, device) VALUES (230, 111, '2025-09-29 11:20:43', 'tablet');
INSERT INTO streaming_history (user_id, song_id, played_at, device) VALUES (255, 5622, '2025-06-19 12:10:32', 'tablet');
INSERT INTO streaming_history (user_id, song_id, played_at, device) VALUES (186, 1276, '2026-01-04 00:49:02', 'desktop');
INSERT INTO streaming_history (user_id, song_id, played_at, device) VALUES (62, 4428, '2025-09-18 07:07:56', 'desktop');
INSERT INTO streaming_history (user_id, song_id, played_at, device) VALUES (197, 183, '2025-05-24 15:48:53', 'mobile');
INSERT INTO streaming_history (user_id, song_id, played_at, device) VALUES (35, 4802, '2025-04-08 14:44:35', 'desktop');
INSERT INTO streaming_history (user_id, song_id, played_at, device) VALUES (241, 4301, '2025-12-15 12:15:35', 'desktop');
INSERT INTO streaming_history (user_id, song_id, played_at, device) VALUES (216, 757, '2026-02-18 20:08:02', 'mobile');
INSERT INTO streaming_history (user_id, song_id, played_at, device) VALUES (197, 3492, '2025-08-30 06:08:21', 'desktop');
INSERT INTO streaming_history (user_id, song_id, played_at, device) VALUES (66, 1163, '2025-08-27 22:17:39', 'tablet');
INSERT INTO streaming_history (user_id, song_id, played_at, device) VALUES (23, 1445, '2025-10-08 16:42:32', 'smart_tv');
INSERT INTO streaming_history (user_id, song_id, played_at, device) VALUES (211, 3358, '2025-03-28 00:06:31', 'desktop');
INSERT INTO streaming_history (user_id, song_id, played_at, device) VALUES (16, 4815, '2026-01-30 20:31:10', 'mobile');
INSERT INTO streaming_history (user_id, song_id, played_at, device) VALUES (58, 5438, '2025-04-17 21:39:47', 'mobile');
INSERT INTO streaming_history (user_id, song_id, played_at, device) VALUES (276, 50, '2025-05-14 02:06:55', 'tablet');
INSERT INTO streaming_history (user_id, song_id, played_at, device) VALUES (114, 591, '2025-06-16 17:11:31', 'mobile');
INSERT INTO streaming_history (user_id, song_id, played_at, device) VALUES (202, 3439, '2025-06-11 11:09:41', 'tablet');
INSERT INTO streaming_history (user_id, song_id, played_at, device) VALUES (232, 4332, '2025-07-20 06:51:38', 'smart_tv');
INSERT INTO streaming_history (user_id, song_id, played_at, device) VALUES (86, 736, '2025-04-15 23:51:18', 'smart_tv');
INSERT INTO streaming_history (user_id, song_id, played_at, device) VALUES (262, 2025, '2025-12-18 09:22:07', 'mobile');
INSERT INTO streaming_history (user_id, song_id, played_at, device) VALUES (210, 2149, '2026-02-26 16:50:34', 'tablet');
INSERT INTO streaming_history (user_id, song_id, played_at, device) VALUES (263, 2765, '2025-07-15 04:29:41', 'mobile');
INSERT INTO streaming_history (user_id, song_id, played_at, device) VALUES (296, 4431, '2025-09-06 07:03:46', 'desktop');
INSERT INTO streaming_history (user_id, song_id, played_at, device) VALUES (214, 1194, '2025-09-19 19:52:18', 'smart_tv');
INSERT INTO streaming_history (user_id, song_id, played_at, device) VALUES (215, 3468, '2025-10-21 07:46:20', 'mobile');
INSERT INTO streaming_history (user_id, song_id, played_at, device) VALUES (155, 5673, '2025-04-05 20:37:54', 'smart_tv');
INSERT INTO streaming_history (user_id, song_id, played_at, device) VALUES (171, 2822, '2025-04-01 06:04:11', 'tablet');
INSERT INTO streaming_history (user_id, song_id, played_at, device) VALUES (185, 5045, '2025-10-30 23:39:57', 'mobile');
INSERT INTO streaming_history (user_id, song_id, played_at, device) VALUES (92, 862, '2025-10-05 17:56:54', 'tablet');
INSERT INTO streaming_history (user_id, song_id, played_at, device) VALUES (193, 336, '2025-07-11 17:07:44', 'desktop');
INSERT INTO streaming_history (user_id, song_id, played_at, device) VALUES (136, 2524, '2025-04-01 22:48:12', 'desktop');
INSERT INTO streaming_history (user_id, song_id, played_at, device) VALUES (145, 1642, '2025-11-22 07:29:07', 'smart_tv');
INSERT INTO streaming_history (user_id, song_id, played_at, device) VALUES (57, 4112, '2025-03-30 11:52:12', 'desktop');
INSERT INTO streaming_history (user_id, song_id, played_at, device) VALUES (240, 250, '2025-09-07 12:14:36', 'tablet');
INSERT INTO streaming_history (user_id, song_id, played_at, device) VALUES (199, 440, '2025-12-19 19:44:24', 'desktop');
INSERT INTO streaming_history (user_id, song_id, played_at, device) VALUES (1, 1380, '2025-06-17 14:14:39', 'smart_tv');
INSERT INTO streaming_history (user_id, song_id, played_at, device) VALUES (114, 1112, '2026-03-01 14:38:20', 'smart_tv');
INSERT INTO streaming_history (user_id, song_id, played_at, device) VALUES (295, 2818, '2026-03-10 04:18:13', 'smart_tv');
INSERT INTO streaming_history (user_id, song_id, played_at, device) VALUES (122, 4426, '2025-06-01 04:17:37', 'tablet');
INSERT INTO streaming_history (user_id, song_id, played_at, device) VALUES (24, 4822, '2026-02-19 14:31:52', 'desktop');
INSERT INTO streaming_history (user_id, song_id, played_at, device) VALUES (164, 3160, '2025-07-28 17:27:36', 'desktop');
INSERT INTO streaming_history (user_id, song_id, played_at, device) VALUES (249, 5390, '2026-02-21 10:42:22', 'desktop');
INSERT INTO streaming_history (user_id, song_id, played_at, device) VALUES (135, 5584, '2025-07-09 05:08:27', 'smart_tv');
INSERT INTO streaming_history (user_id, song_id, played_at, device) VALUES (39, 1230, '2025-04-06 03:30:01', 'smart_tv');
INSERT INTO streaming_history (user_id, song_id, played_at, device) VALUES (163, 2300, '2025-08-08 21:26:38', 'mobile');
INSERT INTO streaming_history (user_id, song_id, played_at, device) VALUES (112, 4032, '2025-05-01 15:48:32', 'desktop');
INSERT INTO streaming_history (user_id, song_id, played_at, device) VALUES (134, 131, '2025-07-22 07:07:44', 'mobile');
INSERT INTO streaming_history (user_id, song_id, played_at, device) VALUES (135, 3369, '2025-07-15 21:39:18', 'desktop');
INSERT INTO streaming_history (user_id, song_id, played_at, device) VALUES (72, 1393, '2025-06-13 10:30:02', 'smart_tv');
INSERT INTO streaming_history (user_id, song_id, played_at, device) VALUES (212, 2151, '2025-04-23 05:00:00', 'desktop');
INSERT INTO streaming_history (user_id, song_id, played_at, device) VALUES (48, 5659, '2026-01-21 20:26:30', 'desktop');
INSERT INTO streaming_history (user_id, song_id, played_at, device) VALUES (207, 2205, '2025-08-09 08:42:14', 'desktop');
INSERT INTO streaming_history (user_id, song_id, played_at, device) VALUES (154, 3318, '2026-01-14 15:15:17', 'tablet');
INSERT INTO streaming_history (user_id, song_id, played_at, device) VALUES (6, 80, '2025-12-01 09:49:53', 'smart_tv');
INSERT INTO streaming_history (user_id, song_id, played_at, device) VALUES (231, 2060, '2025-11-16 18:47:04', 'desktop');
INSERT INTO streaming_history (user_id, song_id, played_at, device) VALUES (136, 2675, '2025-09-22 00:44:15', 'tablet');
INSERT INTO streaming_history (user_id, song_id, played_at, device) VALUES (30, 1500, '2025-10-03 15:43:19', 'mobile');
INSERT INTO streaming_history (user_id, song_id, played_at, device) VALUES (150, 2368, '2025-09-11 01:54:49', 'desktop');
INSERT INTO streaming_history (user_id, song_id, played_at, device) VALUES (94, 2983, '2025-08-15 10:49:39', 'desktop');
INSERT INTO streaming_history (user_id, song_id, played_at, device) VALUES (203, 2394, '2025-12-02 20:12:34', 'smart_tv');
INSERT INTO streaming_history (user_id, song_id, played_at, device) VALUES (62, 4919, '2025-10-30 02:28:39', 'mobile');
INSERT INTO streaming_history (user_id, song_id, played_at, device) VALUES (280, 151, '2025-04-17 01:31:40', 'desktop');
INSERT INTO streaming_history (user_id, song_id, played_at, device) VALUES (193, 2287, '2025-06-08 14:30:15', 'mobile');
INSERT INTO streaming_history (user_id, song_id, played_at, device) VALUES (242, 409, '2025-09-08 03:03:54', 'desktop');
INSERT INTO streaming_history (user_id, song_id, played_at, device) VALUES (162, 3759, '2025-12-13 00:11:53', 'desktop');
INSERT INTO streaming_history (user_id, song_id, played_at, device) VALUES (114, 1118, '2026-02-27 14:17:27', 'desktop');
INSERT INTO streaming_history (user_id, song_id, played_at, device) VALUES (63, 4398, '2026-03-06 20:12:43', 'mobile');
INSERT INTO streaming_history (user_id, song_id, played_at, device) VALUES (125, 5045, '2025-12-05 05:04:30', 'tablet');
INSERT INTO streaming_history (user_id, song_id, played_at, device) VALUES (8, 2235, '2025-04-27 19:18:25', 'tablet');
INSERT INTO streaming_history (user_id, song_id, played_at, device) VALUES (199, 1799, '2025-10-22 04:02:10', 'desktop');
INSERT INTO streaming_history (user_id, song_id, played_at, device) VALUES (230, 1741, '2026-01-01 08:35:05', 'smart_tv');
INSERT INTO streaming_history (user_id, song_id, played_at, device) VALUES (122, 5624, '2025-05-23 16:58:19', 'smart_tv');
INSERT INTO streaming_history (user_id, song_id, played_at, device) VALUES (222, 3941, '2026-01-11 12:36:13', 'smart_tv');
INSERT INTO streaming_history (user_id, song_id, played_at, device) VALUES (10, 2427, '2026-03-09 16:44:34', 'mobile');
INSERT INTO streaming_history (user_id, song_id, played_at, device) VALUES (135, 890, '2025-11-16 00:05:18', 'mobile');
INSERT INTO streaming_history (user_id, song_id, played_at, device) VALUES (226, 4538, '2025-05-09 12:57:46', 'desktop');
INSERT INTO streaming_history (user_id, song_id, played_at, device) VALUES (253, 39, '2025-09-12 22:12:57', 'desktop');
INSERT INTO streaming_history (user_id, song_id, played_at, device) VALUES (224, 5538, '2025-04-02 13:37:56', 'desktop');
INSERT INTO streaming_history (user_id, song_id, played_at, device) VALUES (144, 4588, '2026-03-09 14:15:04', 'desktop');
INSERT INTO streaming_history (user_id, song_id, played_at, device) VALUES (106, 1841, '2025-10-11 21:05:17', 'smart_tv');
INSERT INTO streaming_history (user_id, song_id, played_at, device) VALUES (188, 263, '2026-01-12 12:13:49', 'smart_tv');
INSERT INTO streaming_history (user_id, song_id, played_at, device) VALUES (90, 5163, '2025-04-03 20:45:34', 'tablet');
INSERT INTO streaming_history (user_id, song_id, played_at, device) VALUES (268, 3285, '2025-12-15 01:55:01', 'mobile');
INSERT INTO streaming_history (user_id, song_id, played_at, device) VALUES (227, 3595, '2025-06-11 15:38:13', 'tablet');
INSERT INTO streaming_history (user_id, song_id, played_at, device) VALUES (45, 1767, '2025-04-19 17:23:35', 'desktop');
INSERT INTO streaming_history (user_id, song_id, played_at, device) VALUES (197, 4832, '2025-09-04 20:00:57', 'desktop');
INSERT INTO streaming_history (user_id, song_id, played_at, device) VALUES (73, 5484, '2025-07-19 07:12:35', 'tablet');
INSERT INTO streaming_history (user_id, song_id, played_at, device) VALUES (36, 5029, '2025-05-12 14:13:05', 'smart_tv');
INSERT INTO streaming_history (user_id, song_id, played_at, device) VALUES (194, 5326, '2026-02-01 07:10:15', 'tablet');
INSERT INTO streaming_history (user_id, song_id, played_at, device) VALUES (108, 911, '2026-02-15 00:38:24', 'smart_tv');
INSERT INTO streaming_history (user_id, song_id, played_at, device) VALUES (111, 5644, '2025-05-11 06:37:01', 'desktop');
INSERT INTO streaming_history (user_id, song_id, played_at, device) VALUES (124, 4163, '2026-02-26 01:12:17', 'smart_tv');
INSERT INTO streaming_history (user_id, song_id, played_at, device) VALUES (273, 2059, '2025-04-07 05:19:33', 'mobile');
INSERT INTO streaming_history (user_id, song_id, played_at, device) VALUES (168, 2953, '2025-10-23 12:36:46', 'tablet');
INSERT INTO streaming_history (user_id, song_id, played_at, device) VALUES (237, 4030, '2026-02-17 11:45:29', 'mobile');
INSERT INTO streaming_history (user_id, song_id, played_at, device) VALUES (138, 1668, '2025-04-15 20:23:57', 'mobile');
INSERT INTO streaming_history (user_id, song_id, played_at, device) VALUES (197, 4244, '2025-08-24 18:27:08', 'mobile');
INSERT INTO streaming_history (user_id, song_id, played_at, device) VALUES (3, 3802, '2025-05-20 10:04:08', 'mobile');
INSERT INTO streaming_history (user_id, song_id, played_at, device) VALUES (134, 4537, '2025-10-16 20:36:40', 'desktop');
INSERT INTO streaming_history (user_id, song_id, played_at, device) VALUES (84, 3642, '2025-04-09 00:16:10', 'smart_tv');
INSERT INTO streaming_history (user_id, song_id, played_at, device) VALUES (199, 4009, '2026-02-25 16:04:19', 'tablet');
INSERT INTO streaming_history (user_id, song_id, played_at, device) VALUES (248, 4692, '2025-09-14 18:08:10', 'mobile');
INSERT INTO streaming_history (user_id, song_id, played_at, device) VALUES (118, 422, '2025-10-16 23:05:10', 'smart_tv');
INSERT INTO streaming_history (user_id, song_id, played_at, device) VALUES (71, 1498, '2025-05-27 05:37:29', 'smart_tv');
INSERT INTO streaming_history (user_id, song_id, played_at, device) VALUES (103, 1657, '2025-08-22 21:03:22', 'smart_tv');
INSERT INTO streaming_history (user_id, song_id, played_at, device) VALUES (64, 5264, '2025-09-02 21:27:25', 'desktop');
INSERT INTO streaming_history (user_id, song_id, played_at, device) VALUES (24, 3837, '2026-01-05 17:31:41', 'tablet');
INSERT INTO streaming_history (user_id, song_id, played_at, device) VALUES (143, 3664, '2025-08-10 22:08:50', 'tablet');
INSERT INTO streaming_history (user_id, song_id, played_at, device) VALUES (216, 5709, '2025-04-02 20:28:32', 'mobile');
INSERT INTO streaming_history (user_id, song_id, played_at, device) VALUES (18, 5402, '2026-03-26 13:00:56', 'mobile');
INSERT INTO streaming_history (user_id, song_id, played_at, device) VALUES (29, 4277, '2025-07-18 00:44:34', 'smart_tv');
INSERT INTO streaming_history (user_id, song_id, played_at, device) VALUES (253, 5183, '2025-07-11 04:54:18', 'mobile');
INSERT INTO streaming_history (user_id, song_id, played_at, device) VALUES (282, 1231, '2025-06-08 12:20:37', 'tablet');
INSERT INTO streaming_history (user_id, song_id, played_at, device) VALUES (253, 990, '2025-05-11 19:28:47', 'desktop');
INSERT INTO streaming_history (user_id, song_id, played_at, device) VALUES (139, 48, '2026-01-11 15:27:44', 'tablet');
INSERT INTO streaming_history (user_id, song_id, played_at, device) VALUES (134, 3832, '2025-09-07 09:42:43', 'tablet');
INSERT INTO streaming_history (user_id, song_id, played_at, device) VALUES (148, 1109, '2025-06-28 18:26:32', 'smart_tv');
INSERT INTO streaming_history (user_id, song_id, played_at, device) VALUES (287, 4165, '2025-05-04 01:28:04', 'tablet');
INSERT INTO streaming_history (user_id, song_id, played_at, device) VALUES (86, 804, '2025-10-17 03:10:45', 'tablet');
INSERT INTO streaming_history (user_id, song_id, played_at, device) VALUES (162, 3195, '2025-10-22 23:54:00', 'tablet');
INSERT INTO streaming_history (user_id, song_id, played_at, device) VALUES (69, 564, '2026-02-18 19:50:50', 'desktop');
INSERT INTO streaming_history (user_id, song_id, played_at, device) VALUES (181, 176, '2025-10-14 04:10:49', 'tablet');
INSERT INTO streaming_history (user_id, song_id, played_at, device) VALUES (249, 3218, '2026-03-04 17:36:40', 'tablet');
INSERT INTO streaming_history (user_id, song_id, played_at, device) VALUES (91, 972, '2025-04-14 03:38:26', 'desktop');
INSERT INTO streaming_history (user_id, song_id, played_at, device) VALUES (64, 1424, '2025-12-10 03:28:06', 'desktop');
INSERT INTO streaming_history (user_id, song_id, played_at, device) VALUES (112, 57, '2025-06-13 11:44:27', 'mobile');
INSERT INTO streaming_history (user_id, song_id, played_at, device) VALUES (178, 4268, '2026-02-18 22:27:07', 'mobile');
INSERT INTO streaming_history (user_id, song_id, played_at, device) VALUES (160, 3272, '2026-01-30 12:54:41', 'mobile');
INSERT INTO streaming_history (user_id, song_id, played_at, device) VALUES (121, 3450, '2025-04-23 00:47:43', 'mobile');
INSERT INTO streaming_history (user_id, song_id, played_at, device) VALUES (113, 5643, '2026-03-26 12:18:00', 'desktop');
INSERT INTO streaming_history (user_id, song_id, played_at, device) VALUES (198, 4399, '2025-05-16 20:12:08', 'smart_tv');
INSERT INTO streaming_history (user_id, song_id, played_at, device) VALUES (119, 4702, '2026-03-02 09:23:00', 'mobile');
INSERT INTO streaming_history (user_id, song_id, played_at, device) VALUES (269, 4803, '2026-01-20 02:15:17', 'tablet');
INSERT INTO streaming_history (user_id, song_id, played_at, device) VALUES (15, 1425, '2025-09-22 19:32:24', 'desktop');
INSERT INTO streaming_history (user_id, song_id, played_at, device) VALUES (211, 4177, '2025-04-10 22:29:55', 'tablet');
INSERT INTO streaming_history (user_id, song_id, played_at, device) VALUES (101, 981, '2026-02-27 00:04:28', 'mobile');
INSERT INTO streaming_history (user_id, song_id, played_at, device) VALUES (227, 4519, '2025-06-26 11:06:04', 'desktop');
INSERT INTO streaming_history (user_id, song_id, played_at, device) VALUES (243, 3798, '2025-08-01 04:16:30', 'mobile');
INSERT INTO streaming_history (user_id, song_id, played_at, device) VALUES (75, 5198, '2026-01-10 12:59:40', 'tablet');
INSERT INTO streaming_history (user_id, song_id, played_at, device) VALUES (273, 4216, '2025-05-10 21:08:34', 'mobile');
INSERT INTO streaming_history (user_id, song_id, played_at, device) VALUES (156, 2185, '2025-11-04 09:10:11', 'mobile');
INSERT INTO streaming_history (user_id, song_id, played_at, device) VALUES (293, 3033, '2026-02-07 14:41:05', 'smart_tv');
INSERT INTO streaming_history (user_id, song_id, played_at, device) VALUES (15, 1312, '2025-12-29 04:45:48', 'tablet');
INSERT INTO streaming_history (user_id, song_id, played_at, device) VALUES (12, 4439, '2025-05-02 11:33:26', 'smart_tv');
INSERT INTO streaming_history (user_id, song_id, played_at, device) VALUES (251, 5649, '2026-03-22 16:16:23', 'desktop');
INSERT INTO streaming_history (user_id, song_id, played_at, device) VALUES (174, 990, '2025-12-11 12:13:43', 'tablet');
INSERT INTO streaming_history (user_id, song_id, played_at, device) VALUES (254, 3523, '2025-11-14 18:36:18', 'tablet');
INSERT INTO streaming_history (user_id, song_id, played_at, device) VALUES (284, 4513, '2025-05-07 20:52:20', 'desktop');
INSERT INTO streaming_history (user_id, song_id, played_at, device) VALUES (240, 1288, '2025-04-29 23:18:52', 'desktop');
INSERT INTO streaming_history (user_id, song_id, played_at, device) VALUES (30, 5148, '2025-09-04 04:59:29', 'smart_tv');
INSERT INTO streaming_history (user_id, song_id, played_at, device) VALUES (42, 3169, '2025-10-28 16:24:50', 'mobile');
INSERT INTO streaming_history (user_id, song_id, played_at, device) VALUES (49, 1205, '2025-05-04 23:22:12', 'smart_tv');
INSERT INTO streaming_history (user_id, song_id, played_at, device) VALUES (105, 753, '2025-08-10 09:36:45', 'tablet');
INSERT INTO streaming_history (user_id, song_id, played_at, device) VALUES (223, 1921, '2025-09-28 12:53:03', 'smart_tv');
INSERT INTO streaming_history (user_id, song_id, played_at, device) VALUES (121, 960, '2026-01-24 00:02:34', 'smart_tv');
INSERT INTO streaming_history (user_id, song_id, played_at, device) VALUES (24, 3761, '2025-10-11 12:16:34', 'tablet');
INSERT INTO streaming_history (user_id, song_id, played_at, device) VALUES (25, 3199, '2026-01-06 05:55:03', 'mobile');
INSERT INTO streaming_history (user_id, song_id, played_at, device) VALUES (206, 5428, '2025-04-11 20:09:41', 'tablet');
INSERT INTO streaming_history (user_id, song_id, played_at, device) VALUES (56, 4071, '2025-10-20 15:41:22', 'mobile');
INSERT INTO streaming_history (user_id, song_id, played_at, device) VALUES (171, 2562, '2026-01-26 09:15:40', 'mobile');
INSERT INTO streaming_history (user_id, song_id, played_at, device) VALUES (262, 446, '2025-09-05 15:51:52', 'tablet');
INSERT INTO streaming_history (user_id, song_id, played_at, device) VALUES (177, 5077, '2025-09-15 00:09:01', 'tablet');
INSERT INTO streaming_history (user_id, song_id, played_at, device) VALUES (285, 4814, '2026-02-26 23:42:06', 'desktop');
INSERT INTO streaming_history (user_id, song_id, played_at, device) VALUES (249, 310, '2026-01-29 03:01:13', 'smart_tv');
INSERT INTO streaming_history (user_id, song_id, played_at, device) VALUES (162, 1155, '2026-02-21 05:48:05', 'mobile');
INSERT INTO streaming_history (user_id, song_id, played_at, device) VALUES (227, 553, '2025-11-14 10:41:20', 'desktop');
INSERT INTO streaming_history (user_id, song_id, played_at, device) VALUES (23, 3020, '2025-04-27 08:49:19', 'smart_tv');
INSERT INTO streaming_history (user_id, song_id, played_at, device) VALUES (286, 5073, '2026-02-21 21:35:11', 'desktop');
INSERT INTO streaming_history (user_id, song_id, played_at, device) VALUES (140, 4756, '2026-01-22 09:10:14', 'desktop');
INSERT INTO streaming_history (user_id, song_id, played_at, device) VALUES (227, 5569, '2025-06-15 07:54:00', 'mobile');
INSERT INTO streaming_history (user_id, song_id, played_at, device) VALUES (14, 2487, '2025-06-07 02:45:40', 'smart_tv');
INSERT INTO streaming_history (user_id, song_id, played_at, device) VALUES (47, 2378, '2025-10-31 11:53:19', 'smart_tv');
INSERT INTO streaming_history (user_id, song_id, played_at, device) VALUES (244, 2461, '2025-07-26 17:33:04', 'tablet');
INSERT INTO streaming_history (user_id, song_id, played_at, device) VALUES (12, 751, '2025-10-17 11:55:10', 'mobile');
INSERT INTO streaming_history (user_id, song_id, played_at, device) VALUES (282, 2717, '2025-08-13 16:22:52', 'tablet');
INSERT INTO streaming_history (user_id, song_id, played_at, device) VALUES (177, 3506, '2025-08-17 16:10:19', 'tablet');
INSERT INTO streaming_history (user_id, song_id, played_at, device) VALUES (34, 1015, '2026-03-12 22:46:05', 'mobile');
INSERT INTO streaming_history (user_id, song_id, played_at, device) VALUES (45, 1891, '2025-04-06 01:28:42', 'desktop');
INSERT INTO streaming_history (user_id, song_id, played_at, device) VALUES (102, 5640, '2025-04-27 09:15:57', 'mobile');
INSERT INTO streaming_history (user_id, song_id, played_at, device) VALUES (10, 4353, '2026-03-12 04:53:38', 'mobile');
INSERT INTO streaming_history (user_id, song_id, played_at, device) VALUES (54, 2576, '2026-01-27 22:07:18', 'desktop');
INSERT INTO streaming_history (user_id, song_id, played_at, device) VALUES (230, 715, '2025-12-23 09:55:15', 'desktop');
INSERT INTO streaming_history (user_id, song_id, played_at, device) VALUES (270, 5708, '2026-02-13 15:32:59', 'desktop');
INSERT INTO streaming_history (user_id, song_id, played_at, device) VALUES (158, 567, '2026-02-24 19:13:10', 'smart_tv');
INSERT INTO streaming_history (user_id, song_id, played_at, device) VALUES (299, 1900, '2025-10-28 12:09:38', 'mobile');
INSERT INTO streaming_history (user_id, song_id, played_at, device) VALUES (21, 102, '2025-04-10 13:41:23', 'smart_tv');
INSERT INTO streaming_history (user_id, song_id, played_at, device) VALUES (250, 3849, '2025-08-27 10:00:59', 'desktop');
INSERT INTO streaming_history (user_id, song_id, played_at, device) VALUES (230, 165, '2026-03-02 09:09:10', 'desktop');
INSERT INTO streaming_history (user_id, song_id, played_at, device) VALUES (246, 728, '2025-05-01 04:16:27', 'mobile');
INSERT INTO streaming_history (user_id, song_id, played_at, device) VALUES (207, 3035, '2025-05-30 12:11:57', 'desktop');
INSERT INTO streaming_history (user_id, song_id, played_at, device) VALUES (204, 649, '2026-01-04 23:36:51', 'smart_tv');
INSERT INTO streaming_history (user_id, song_id, played_at, device) VALUES (230, 5027, '2025-10-08 00:57:29', 'smart_tv');
INSERT INTO streaming_history (user_id, song_id, played_at, device) VALUES (42, 2899, '2025-04-10 10:32:11', 'smart_tv');
INSERT INTO streaming_history (user_id, song_id, played_at, device) VALUES (63, 643, '2025-11-03 19:58:31', 'tablet');
INSERT INTO streaming_history (user_id, song_id, played_at, device) VALUES (138, 4811, '2025-10-31 11:46:38', 'smart_tv');
INSERT INTO streaming_history (user_id, song_id, played_at, device) VALUES (73, 3201, '2026-01-28 13:04:22', 'desktop');
INSERT INTO streaming_history (user_id, song_id, played_at, device) VALUES (154, 1660, '2025-07-06 03:53:10', 'smart_tv');
INSERT INTO streaming_history (user_id, song_id, played_at, device) VALUES (182, 2921, '2026-02-14 15:02:05', 'smart_tv');
INSERT INTO streaming_history (user_id, song_id, played_at, device) VALUES (171, 3657, '2025-09-07 12:52:30', 'desktop');
INSERT INTO streaming_history (user_id, song_id, played_at, device) VALUES (221, 3143, '2025-12-01 18:46:06', 'desktop');
INSERT INTO streaming_history (user_id, song_id, played_at, device) VALUES (201, 3568, '2025-05-25 18:49:44', 'desktop');
INSERT INTO streaming_history (user_id, song_id, played_at, device) VALUES (70, 2679, '2025-12-18 11:09:36', 'mobile');
INSERT INTO streaming_history (user_id, song_id, played_at, device) VALUES (81, 4336, '2025-08-02 23:06:29', 'mobile');
INSERT INTO streaming_history (user_id, song_id, played_at, device) VALUES (217, 5671, '2025-03-29 21:58:07', 'smart_tv');
INSERT INTO streaming_history (user_id, song_id, played_at, device) VALUES (154, 1102, '2025-06-03 09:17:33', 'tablet');
INSERT INTO streaming_history (user_id, song_id, played_at, device) VALUES (122, 3005, '2025-09-30 20:54:55', 'tablet');
INSERT INTO streaming_history (user_id, song_id, played_at, device) VALUES (226, 783, '2025-08-29 03:27:11', 'desktop');
INSERT INTO streaming_history (user_id, song_id, played_at, device) VALUES (30, 3538, '2025-04-24 19:43:26', 'mobile');
INSERT INTO streaming_history (user_id, song_id, played_at, device) VALUES (262, 5277, '2025-03-29 14:55:13', 'tablet');
INSERT INTO streaming_history (user_id, song_id, played_at, device) VALUES (212, 890, '2025-12-22 16:12:29', 'tablet');
INSERT INTO streaming_history (user_id, song_id, played_at, device) VALUES (17, 4027, '2025-08-31 15:42:36', 'mobile');
INSERT INTO streaming_history (user_id, song_id, played_at, device) VALUES (84, 3428, '2025-06-17 16:17:02', 'smart_tv');
INSERT INTO streaming_history (user_id, song_id, played_at, device) VALUES (190, 2702, '2025-05-07 02:54:59', 'smart_tv');
INSERT INTO streaming_history (user_id, song_id, played_at, device) VALUES (233, 2126, '2025-09-13 23:15:29', 'mobile');
INSERT INTO streaming_history (user_id, song_id, played_at, device) VALUES (135, 5091, '2025-07-01 22:06:18', 'mobile');
INSERT INTO streaming_history (user_id, song_id, played_at, device) VALUES (240, 3800, '2025-08-16 12:33:44', 'smart_tv');
INSERT INTO streaming_history (user_id, song_id, played_at, device) VALUES (292, 4822, '2026-01-19 14:52:04', 'desktop');
INSERT INTO streaming_history (user_id, song_id, played_at, device) VALUES (96, 4862, '2025-11-07 00:53:40', 'desktop');
INSERT INTO streaming_history (user_id, song_id, played_at, device) VALUES (23, 3170, '2026-03-01 03:12:11', 'desktop');
INSERT INTO streaming_history (user_id, song_id, played_at, device) VALUES (209, 859, '2026-01-05 04:04:16', 'desktop');
INSERT INTO streaming_history (user_id, song_id, played_at, device) VALUES (49, 1137, '2025-05-03 08:12:09', 'smart_tv');
INSERT INTO streaming_history (user_id, song_id, played_at, device) VALUES (217, 446, '2026-02-07 15:37:56', 'desktop');
INSERT INTO streaming_history (user_id, song_id, played_at, device) VALUES (26, 5022, '2025-09-22 21:07:06', 'tablet');
INSERT INTO streaming_history (user_id, song_id, played_at, device) VALUES (85, 2246, '2026-02-08 17:19:21', 'mobile');
INSERT INTO streaming_history (user_id, song_id, played_at, device) VALUES (154, 4279, '2025-04-01 22:25:22', 'smart_tv');
INSERT INTO streaming_history (user_id, song_id, played_at, device) VALUES (62, 3608, '2025-07-18 13:43:20', 'smart_tv');
INSERT INTO streaming_history (user_id, song_id, played_at, device) VALUES (168, 4276, '2026-03-24 03:00:38', 'mobile');
INSERT INTO streaming_history (user_id, song_id, played_at, device) VALUES (28, 264, '2025-12-30 10:24:34', 'desktop');
INSERT INTO streaming_history (user_id, song_id, played_at, device) VALUES (270, 4452, '2025-06-06 20:38:13', 'tablet');
INSERT INTO streaming_history (user_id, song_id, played_at, device) VALUES (181, 1976, '2026-01-28 23:02:42', 'smart_tv');
INSERT INTO streaming_history (user_id, song_id, played_at, device) VALUES (227, 1601, '2025-07-11 09:05:13', 'smart_tv');
INSERT INTO streaming_history (user_id, song_id, played_at, device) VALUES (67, 3154, '2025-05-19 12:19:44', 'desktop');
INSERT INTO streaming_history (user_id, song_id, played_at, device) VALUES (149, 3608, '2025-12-18 11:00:16', 'desktop');
INSERT INTO streaming_history (user_id, song_id, played_at, device) VALUES (102, 773, '2025-10-24 23:13:56', 'mobile');
INSERT INTO streaming_history (user_id, song_id, played_at, device) VALUES (90, 4485, '2025-07-17 19:17:09', 'tablet');
INSERT INTO streaming_history (user_id, song_id, played_at, device) VALUES (103, 4360, '2025-09-17 15:31:39', 'mobile');
INSERT INTO streaming_history (user_id, song_id, played_at, device) VALUES (159, 2969, '2025-10-22 10:00:15', 'desktop');
INSERT INTO streaming_history (user_id, song_id, played_at, device) VALUES (116, 4227, '2025-11-15 02:52:59', 'smart_tv');
INSERT INTO streaming_history (user_id, song_id, played_at, device) VALUES (290, 2721, '2026-02-23 03:16:15', 'smart_tv');
INSERT INTO streaming_history (user_id, song_id, played_at, device) VALUES (128, 2978, '2026-02-21 20:15:03', 'mobile');
INSERT INTO streaming_history (user_id, song_id, played_at, device) VALUES (89, 3470, '2025-04-17 19:39:47', 'tablet');
INSERT INTO streaming_history (user_id, song_id, played_at, device) VALUES (228, 4642, '2025-12-17 22:23:23', 'tablet');
INSERT INTO streaming_history (user_id, song_id, played_at, device) VALUES (292, 3102, '2025-03-26 16:14:32', 'smart_tv');
INSERT INTO streaming_history (user_id, song_id, played_at, device) VALUES (250, 4492, '2025-10-28 03:50:09', 'desktop');
INSERT INTO streaming_history (user_id, song_id, played_at, device) VALUES (155, 1830, '2026-03-20 08:38:52', 'smart_tv');
INSERT INTO streaming_history (user_id, song_id, played_at, device) VALUES (28, 5507, '2025-08-07 23:22:01', 'tablet');
INSERT INTO streaming_history (user_id, song_id, played_at, device) VALUES (76, 3620, '2025-10-15 07:13:30', 'smart_tv');
INSERT INTO streaming_history (user_id, song_id, played_at, device) VALUES (53, 619, '2025-06-06 12:18:00', 'smart_tv');
INSERT INTO streaming_history (user_id, song_id, played_at, device) VALUES (41, 3328, '2025-07-30 08:01:35', 'desktop');
INSERT INTO streaming_history (user_id, song_id, played_at, device) VALUES (174, 5002, '2025-08-18 05:07:51', 'desktop');
INSERT INTO streaming_history (user_id, song_id, played_at, device) VALUES (85, 3335, '2025-05-10 19:37:55', 'desktop');
INSERT INTO streaming_history (user_id, song_id, played_at, device) VALUES (296, 2857, '2025-04-25 11:00:45', 'desktop');
INSERT INTO streaming_history (user_id, song_id, played_at, device) VALUES (187, 2758, '2025-04-18 19:27:41', 'mobile');
INSERT INTO streaming_history (user_id, song_id, played_at, device) VALUES (164, 2185, '2026-01-19 19:33:24', 'desktop');
INSERT INTO streaming_history (user_id, song_id, played_at, device) VALUES (91, 2064, '2026-02-01 03:46:13', 'tablet');
INSERT INTO streaming_history (user_id, song_id, played_at, device) VALUES (102, 4397, '2026-01-24 06:17:35', 'tablet');
INSERT INTO streaming_history (user_id, song_id, played_at, device) VALUES (148, 5040, '2026-02-06 11:10:01', 'mobile');
INSERT INTO streaming_history (user_id, song_id, played_at, device) VALUES (44, 4387, '2025-11-21 08:01:10', 'mobile');
INSERT INTO streaming_history (user_id, song_id, played_at, device) VALUES (7, 3036, '2025-05-23 23:41:57', 'tablet');
INSERT INTO streaming_history (user_id, song_id, played_at, device) VALUES (265, 4055, '2025-10-31 11:26:14', 'desktop');
INSERT INTO streaming_history (user_id, song_id, played_at, device) VALUES (112, 1600, '2025-11-14 07:41:53', 'tablet');
INSERT INTO streaming_history (user_id, song_id, played_at, device) VALUES (46, 3917, '2026-03-09 05:49:12', 'smart_tv');
INSERT INTO streaming_history (user_id, song_id, played_at, device) VALUES (82, 2212, '2025-06-26 14:20:51', 'smart_tv');
INSERT INTO streaming_history (user_id, song_id, played_at, device) VALUES (196, 2562, '2025-11-19 03:49:55', 'mobile');
INSERT INTO streaming_history (user_id, song_id, played_at, device) VALUES (87, 3177, '2025-06-17 05:38:06', 'smart_tv');
INSERT INTO streaming_history (user_id, song_id, played_at, device) VALUES (124, 1654, '2026-01-09 00:26:19', 'tablet');
INSERT INTO streaming_history (user_id, song_id, played_at, device) VALUES (141, 2342, '2025-05-21 20:45:38', 'smart_tv');
INSERT INTO streaming_history (user_id, song_id, played_at, device) VALUES (85, 177, '2025-06-22 06:39:27', 'tablet');
INSERT INTO streaming_history (user_id, song_id, played_at, device) VALUES (269, 5647, '2026-02-04 20:48:21', 'desktop');
INSERT INTO streaming_history (user_id, song_id, played_at, device) VALUES (284, 3298, '2025-09-09 17:34:42', 'mobile');
INSERT INTO streaming_history (user_id, song_id, played_at, device) VALUES (1, 3246, '2025-06-17 15:48:46', 'mobile');
INSERT INTO streaming_history (user_id, song_id, played_at, device) VALUES (50, 430, '2025-11-22 00:09:25', 'smart_tv');
INSERT INTO streaming_history (user_id, song_id, played_at, device) VALUES (16, 1485, '2025-03-30 18:19:25', 'smart_tv');
INSERT INTO streaming_history (user_id, song_id, played_at, device) VALUES (180, 649, '2025-05-05 12:00:37', 'mobile');
INSERT INTO streaming_history (user_id, song_id, played_at, device) VALUES (229, 2937, '2025-07-18 20:34:25', 'desktop');
INSERT INTO streaming_history (user_id, song_id, played_at, device) VALUES (216, 219, '2025-05-16 01:22:18', 'desktop');
INSERT INTO streaming_history (user_id, song_id, played_at, device) VALUES (256, 3127, '2025-09-07 08:49:38', 'mobile');
INSERT INTO streaming_history (user_id, song_id, played_at, device) VALUES (52, 5072, '2025-05-22 14:11:44', 'tablet');
INSERT INTO streaming_history (user_id, song_id, played_at, device) VALUES (109, 5015, '2025-07-28 11:37:40', 'desktop');
INSERT INTO streaming_history (user_id, song_id, played_at, device) VALUES (59, 3600, '2025-06-18 06:56:49', 'smart_tv');
INSERT INTO streaming_history (user_id, song_id, played_at, device) VALUES (84, 4871, '2025-11-04 18:13:26', 'desktop');
INSERT INTO streaming_history (user_id, song_id, played_at, device) VALUES (285, 4487, '2025-12-14 15:40:55', 'smart_tv');
INSERT INTO streaming_history (user_id, song_id, played_at, device) VALUES (99, 710, '2025-07-25 16:26:49', 'desktop');
INSERT INTO streaming_history (user_id, song_id, played_at, device) VALUES (96, 2677, '2025-07-08 08:05:37', 'tablet');
INSERT INTO streaming_history (user_id, song_id, played_at, device) VALUES (160, 4403, '2025-05-28 09:10:17', 'smart_tv');
INSERT INTO streaming_history (user_id, song_id, played_at, device) VALUES (271, 2684, '2025-12-21 17:06:30', 'tablet');
INSERT INTO streaming_history (user_id, song_id, played_at, device) VALUES (17, 4855, '2026-03-09 18:22:03', 'desktop');
INSERT INTO streaming_history (user_id, song_id, played_at, device) VALUES (257, 3163, '2026-03-19 02:05:53', 'smart_tv');
INSERT INTO streaming_history (user_id, song_id, played_at, device) VALUES (91, 3992, '2025-12-08 21:07:25', 'desktop');
INSERT INTO streaming_history (user_id, song_id, played_at, device) VALUES (124, 3495, '2026-01-11 09:19:13', 'smart_tv');
INSERT INTO streaming_history (user_id, song_id, played_at, device) VALUES (110, 3402, '2025-04-13 19:03:24', 'tablet');
INSERT INTO streaming_history (user_id, song_id, played_at, device) VALUES (112, 4411, '2026-02-25 02:11:08', 'smart_tv');
INSERT INTO streaming_history (user_id, song_id, played_at, device) VALUES (172, 5372, '2025-10-22 19:32:05', 'desktop');
INSERT INTO streaming_history (user_id, song_id, played_at, device) VALUES (149, 5714, '2025-07-19 09:53:47', 'smart_tv');
INSERT INTO streaming_history (user_id, song_id, played_at, device) VALUES (205, 1210, '2025-09-25 23:39:20', 'smart_tv');
INSERT INTO streaming_history (user_id, song_id, played_at, device) VALUES (232, 4326, '2026-01-06 03:47:51', 'mobile');
INSERT INTO streaming_history (user_id, song_id, played_at, device) VALUES (254, 3872, '2025-10-13 19:55:26', 'desktop');
INSERT INTO streaming_history (user_id, song_id, played_at, device) VALUES (190, 3347, '2026-03-11 14:52:21', 'desktop');
INSERT INTO streaming_history (user_id, song_id, played_at, device) VALUES (196, 5673, '2025-05-03 23:32:32', 'smart_tv');
INSERT INTO streaming_history (user_id, song_id, played_at, device) VALUES (286, 3394, '2025-07-13 07:52:57', 'tablet');
INSERT INTO streaming_history (user_id, song_id, played_at, device) VALUES (270, 5661, '2025-10-13 23:51:08', 'smart_tv');
INSERT INTO streaming_history (user_id, song_id, played_at, device) VALUES (289, 782, '2025-10-28 10:14:43', 'mobile');
INSERT INTO streaming_history (user_id, song_id, played_at, device) VALUES (31, 840, '2025-10-11 10:11:48', 'smart_tv');
INSERT INTO streaming_history (user_id, song_id, played_at, device) VALUES (51, 799, '2026-03-01 09:06:20', 'desktop');
INSERT INTO streaming_history (user_id, song_id, played_at, device) VALUES (8, 5671, '2025-08-16 21:25:18', 'tablet');
INSERT INTO streaming_history (user_id, song_id, played_at, device) VALUES (233, 3293, '2025-06-26 12:09:23', 'tablet');
INSERT INTO streaming_history (user_id, song_id, played_at, device) VALUES (239, 4789, '2025-09-15 17:25:42', 'desktop');
INSERT INTO streaming_history (user_id, song_id, played_at, device) VALUES (292, 2452, '2025-08-06 09:59:35', 'desktop');
INSERT INTO streaming_history (user_id, song_id, played_at, device) VALUES (97, 651, '2025-12-22 20:48:19', 'tablet');
INSERT INTO streaming_history (user_id, song_id, played_at, device) VALUES (15, 3436, '2025-05-13 18:41:44', 'smart_tv');
INSERT INTO streaming_history (user_id, song_id, played_at, device) VALUES (214, 2811, '2026-01-22 08:30:03', 'desktop');
INSERT INTO streaming_history (user_id, song_id, played_at, device) VALUES (31, 3280, '2025-07-04 17:04:19', 'tablet');
INSERT INTO streaming_history (user_id, song_id, played_at, device) VALUES (145, 1979, '2026-03-15 12:16:52', 'desktop');
INSERT INTO streaming_history (user_id, song_id, played_at, device) VALUES (250, 4529, '2025-05-10 00:29:19', 'tablet');
INSERT INTO streaming_history (user_id, song_id, played_at, device) VALUES (105, 3949, '2025-12-25 02:58:03', 'mobile');
INSERT INTO streaming_history (user_id, song_id, played_at, device) VALUES (211, 3014, '2025-08-06 02:39:08', 'tablet');
INSERT INTO streaming_history (user_id, song_id, played_at, device) VALUES (288, 5115, '2025-05-24 22:54:33', 'tablet');
INSERT INTO streaming_history (user_id, song_id, played_at, device) VALUES (73, 4505, '2025-11-25 02:02:21', 'tablet');
INSERT INTO streaming_history (user_id, song_id, played_at, device) VALUES (226, 57, '2025-09-25 12:22:02', 'desktop');
INSERT INTO streaming_history (user_id, song_id, played_at, device) VALUES (248, 2543, '2025-08-06 14:57:18', 'desktop');
INSERT INTO streaming_history (user_id, song_id, played_at, device) VALUES (268, 5407, '2026-02-18 15:26:47', 'mobile');
INSERT INTO streaming_history (user_id, song_id, played_at, device) VALUES (273, 5164, '2025-05-29 14:46:56', 'mobile');
INSERT INTO streaming_history (user_id, song_id, played_at, device) VALUES (82, 5263, '2025-09-05 00:27:18', 'desktop');
INSERT INTO streaming_history (user_id, song_id, played_at, device) VALUES (246, 3507, '2026-01-24 21:13:14', 'desktop');
INSERT INTO streaming_history (user_id, song_id, played_at, device) VALUES (241, 5253, '2025-08-15 01:51:52', 'tablet');
INSERT INTO streaming_history (user_id, song_id, played_at, device) VALUES (46, 5115, '2025-10-06 19:51:29', 'desktop');
INSERT INTO streaming_history (user_id, song_id, played_at, device) VALUES (42, 3361, '2025-11-03 12:17:01', 'smart_tv');
INSERT INTO streaming_history (user_id, song_id, played_at, device) VALUES (194, 2377, '2025-07-22 22:34:08', 'tablet');
INSERT INTO streaming_history (user_id, song_id, played_at, device) VALUES (156, 4983, '2025-10-25 07:20:32', 'mobile');
INSERT INTO streaming_history (user_id, song_id, played_at, device) VALUES (270, 3524, '2025-07-27 22:57:52', 'desktop');
INSERT INTO streaming_history (user_id, song_id, played_at, device) VALUES (114, 2907, '2026-02-11 21:12:05', 'mobile');
INSERT INTO streaming_history (user_id, song_id, played_at, device) VALUES (299, 333, '2025-12-02 09:32:40', 'desktop');
INSERT INTO streaming_history (user_id, song_id, played_at, device) VALUES (189, 1913, '2025-11-14 23:12:54', 'smart_tv');
INSERT INTO streaming_history (user_id, song_id, played_at, device) VALUES (81, 3540, '2025-09-03 04:40:54', 'desktop');
INSERT INTO streaming_history (user_id, song_id, played_at, device) VALUES (200, 339, '2025-05-18 16:54:06', 'tablet');
INSERT INTO streaming_history (user_id, song_id, played_at, device) VALUES (82, 2760, '2026-02-17 06:44:36', 'mobile');
INSERT INTO streaming_history (user_id, song_id, played_at, device) VALUES (193, 3289, '2025-06-05 10:02:20', 'tablet');
INSERT INTO streaming_history (user_id, song_id, played_at, device) VALUES (210, 4518, '2025-12-28 22:07:53', 'tablet');
INSERT INTO streaming_history (user_id, song_id, played_at, device) VALUES (293, 789, '2026-03-22 13:50:52', 'mobile');
INSERT INTO streaming_history (user_id, song_id, played_at, device) VALUES (186, 3575, '2025-08-17 04:35:37', 'desktop');
INSERT INTO streaming_history (user_id, song_id, played_at, device) VALUES (151, 1975, '2025-12-01 03:40:00', 'tablet');
INSERT INTO streaming_history (user_id, song_id, played_at, device) VALUES (64, 2746, '2025-10-31 16:38:21', 'mobile');
INSERT INTO streaming_history (user_id, song_id, played_at, device) VALUES (290, 534, '2026-01-29 22:48:51', 'smart_tv');
INSERT INTO streaming_history (user_id, song_id, played_at, device) VALUES (252, 4722, '2025-07-12 22:43:46', 'tablet');
INSERT INTO streaming_history (user_id, song_id, played_at, device) VALUES (196, 3856, '2025-10-27 05:41:52', 'smart_tv');
INSERT INTO streaming_history (user_id, song_id, played_at, device) VALUES (252, 5365, '2025-07-08 07:33:10', 'desktop');
INSERT INTO streaming_history (user_id, song_id, played_at, device) VALUES (54, 2293, '2026-02-13 10:54:28', 'tablet');
INSERT INTO streaming_history (user_id, song_id, played_at, device) VALUES (126, 1615, '2025-07-06 00:32:02', 'smart_tv');
INSERT INTO streaming_history (user_id, song_id, played_at, device) VALUES (76, 1153, '2025-12-13 02:57:48', 'desktop');
INSERT INTO streaming_history (user_id, song_id, played_at, device) VALUES (67, 4435, '2025-08-14 06:04:41', 'desktop');
INSERT INTO streaming_history (user_id, song_id, played_at, device) VALUES (272, 1984, '2025-11-14 22:36:23', 'smart_tv');
INSERT INTO streaming_history (user_id, song_id, played_at, device) VALUES (105, 422, '2025-12-18 02:00:01', 'desktop');
INSERT INTO streaming_history (user_id, song_id, played_at, device) VALUES (145, 4382, '2026-03-07 04:27:49', 'mobile');
INSERT INTO streaming_history (user_id, song_id, played_at, device) VALUES (172, 1054, '2025-12-13 04:11:37', 'mobile');
INSERT INTO streaming_history (user_id, song_id, played_at, device) VALUES (278, 2130, '2025-07-26 18:57:35', 'smart_tv');
INSERT INTO streaming_history (user_id, song_id, played_at, device) VALUES (47, 2762, '2026-01-12 02:37:04', 'desktop');
INSERT INTO streaming_history (user_id, song_id, played_at, device) VALUES (37, 4993, '2025-04-17 02:40:08', 'smart_tv');
INSERT INTO streaming_history (user_id, song_id, played_at, device) VALUES (105, 1635, '2026-03-07 05:52:12', 'mobile');
INSERT INTO streaming_history (user_id, song_id, played_at, device) VALUES (70, 3010, '2025-10-07 21:31:12', 'tablet');
INSERT INTO streaming_history (user_id, song_id, played_at, device) VALUES (7, 692, '2025-09-19 07:17:02', 'tablet');
INSERT INTO streaming_history (user_id, song_id, played_at, device) VALUES (62, 2016, '2025-05-01 08:10:00', 'mobile');
INSERT INTO streaming_history (user_id, song_id, played_at, device) VALUES (158, 2764, '2025-10-23 18:35:46', 'mobile');
INSERT INTO streaming_history (user_id, song_id, played_at, device) VALUES (79, 857, '2025-10-23 10:56:23', 'tablet');
INSERT INTO streaming_history (user_id, song_id, played_at, device) VALUES (170, 1650, '2025-12-10 12:27:23', 'smart_tv');
INSERT INTO streaming_history (user_id, song_id, played_at, device) VALUES (23, 2979, '2026-03-22 09:26:31', 'desktop');
INSERT INTO streaming_history (user_id, song_id, played_at, device) VALUES (99, 3451, '2025-12-17 13:46:48', 'desktop');
INSERT INTO streaming_history (user_id, song_id, played_at, device) VALUES (237, 2104, '2025-10-04 12:58:53', 'mobile');
INSERT INTO streaming_history (user_id, song_id, played_at, device) VALUES (42, 5583, '2025-06-29 15:27:45', 'smart_tv');
INSERT INTO streaming_history (user_id, song_id, played_at, device) VALUES (285, 5619, '2025-06-06 18:37:26', 'tablet');
INSERT INTO streaming_history (user_id, song_id, played_at, device) VALUES (82, 1279, '2025-08-19 05:55:03', 'tablet');
INSERT INTO streaming_history (user_id, song_id, played_at, device) VALUES (125, 372, '2025-06-16 00:53:44', 'smart_tv');
INSERT INTO streaming_history (user_id, song_id, played_at, device) VALUES (19, 1514, '2025-05-17 15:48:39', 'mobile');
INSERT INTO streaming_history (user_id, song_id, played_at, device) VALUES (62, 94, '2025-07-13 03:30:25', 'mobile');
INSERT INTO streaming_history (user_id, song_id, played_at, device) VALUES (248, 3297, '2025-12-14 20:28:18', 'desktop');
INSERT INTO streaming_history (user_id, song_id, played_at, device) VALUES (65, 127, '2025-06-08 20:48:13', 'mobile');
INSERT INTO streaming_history (user_id, song_id, played_at, device) VALUES (267, 3263, '2025-12-03 16:17:02', 'mobile');
INSERT INTO streaming_history (user_id, song_id, played_at, device) VALUES (142, 5365, '2025-11-11 01:32:23', 'tablet');
