-- Automated Data Generation for Music Schema
SET client_encoding = 'UTF8';

-- INSERT USERS
INSERT INTO users (user_id, name, email, plan, created_at) VALUES (1, 'Benjamin Rush', 'amberjames@example.org', 'premium', NOW());
INSERT INTO users (user_id, name, email, plan, created_at) VALUES (2, 'Jason Robertson', 'gordontracy@example.net', 'free', NOW());
INSERT INTO users (user_id, name, email, plan, created_at) VALUES (3, 'Brian Thornton', 'jacobjohnson@example.net', 'premium', NOW());
INSERT INTO users (user_id, name, email, plan, created_at) VALUES (4, 'Derrick Davila', 'hannahgallegos@example.org', 'premium', NOW());
INSERT INTO users (user_id, name, email, plan, created_at) VALUES (5, 'Meghan Holland', 'qhall@example.com', 'enterprise', NOW());
INSERT INTO users (user_id, name, email, plan, created_at) VALUES (6, 'Christina Fischer', 'michaelbryant@example.com', 'enterprise', NOW());
INSERT INTO users (user_id, name, email, plan, created_at) VALUES (7, 'Jennifer Whitehead', 'rcrawford@example.com', 'enterprise', NOW());
INSERT INTO users (user_id, name, email, plan, created_at) VALUES (8, 'Andrew Sanchez', 'nguyenshannon@example.org', 'enterprise', NOW());
INSERT INTO users (user_id, name, email, plan, created_at) VALUES (9, 'Dr. Katherine Eaton', 'johnny64@example.com', 'premium', NOW());
INSERT INTO users (user_id, name, email, plan, created_at) VALUES (10, 'Patricia Luna', 'ljensen@example.com', 'premium', NOW());
INSERT INTO users (user_id, name, email, plan, created_at) VALUES (11, 'Nicole Williams', 'cheyenneelliott@example.com', 'premium', NOW());
INSERT INTO users (user_id, name, email, plan, created_at) VALUES (12, 'Daniel Young', 'devin88@example.net', 'premium', NOW());
INSERT INTO users (user_id, name, email, plan, created_at) VALUES (13, 'Stephanie Cohen', 'livingstonjohn@example.com', 'free', NOW());
INSERT INTO users (user_id, name, email, plan, created_at) VALUES (14, 'Sherry Watson', 'townsendjacqueline@example.org', 'premium', NOW());
INSERT INTO users (user_id, name, email, plan, created_at) VALUES (15, 'Christine Velazquez', 'wesleystanley@example.org', 'premium', NOW());
INSERT INTO users (user_id, name, email, plan, created_at) VALUES (16, 'Lisa Patel', 'bryanevans@example.com', 'enterprise', NOW());
INSERT INTO users (user_id, name, email, plan, created_at) VALUES (17, 'Anna Williams', 'dayjames@example.org', 'enterprise', NOW());
INSERT INTO users (user_id, name, email, plan, created_at) VALUES (18, 'Patricia Burgess', 'bakersheena@example.com', 'enterprise', NOW());
INSERT INTO users (user_id, name, email, plan, created_at) VALUES (19, 'Daniel Vaughn', 'bellis@example.org', 'premium', NOW());
INSERT INTO users (user_id, name, email, plan, created_at) VALUES (20, 'Stephanie Jimenez', 'ftorres@example.net', 'enterprise', NOW());
INSERT INTO users (user_id, name, email, plan, created_at) VALUES (21, 'Kevin Barnes', 'schroederjohn@example.org', 'enterprise', NOW());
INSERT INTO users (user_id, name, email, plan, created_at) VALUES (22, 'Daniel Daniel', 'scox@example.org', 'premium', NOW());
INSERT INTO users (user_id, name, email, plan, created_at) VALUES (23, 'Clifford Johnson', 'william03@example.com', 'premium', NOW());
INSERT INTO users (user_id, name, email, plan, created_at) VALUES (24, 'Mrs. Wendy Delgado', 'justinmcmillan@example.org', 'enterprise', NOW());
INSERT INTO users (user_id, name, email, plan, created_at) VALUES (25, 'Yolanda Payne', 'mathewscynthia@example.net', 'premium', NOW());
INSERT INTO users (user_id, name, email, plan, created_at) VALUES (26, 'Laura Schmidt', 'barbaraodom@example.com', 'enterprise', NOW());
INSERT INTO users (user_id, name, email, plan, created_at) VALUES (27, 'Louis Simon', 'znguyen@example.com', 'premium', NOW());
INSERT INTO users (user_id, name, email, plan, created_at) VALUES (28, 'Kimberly Stevens', 'uaustin@example.com', 'enterprise', NOW());
INSERT INTO users (user_id, name, email, plan, created_at) VALUES (29, 'Mark Morrison', 'jeanettetorres@example.com', 'free', NOW());
INSERT INTO users (user_id, name, email, plan, created_at) VALUES (30, 'Scott White', 'brandon15@example.com', 'free', NOW());
INSERT INTO users (user_id, name, email, plan, created_at) VALUES (31, 'Brittany Hoover', 'bdavenport@example.com', 'premium', NOW());
INSERT INTO users (user_id, name, email, plan, created_at) VALUES (32, 'Dr. David James DVM', 'john86@example.net', 'free', NOW());
INSERT INTO users (user_id, name, email, plan, created_at) VALUES (33, 'Lindsay Escobar', 'speterson@example.org', 'premium', NOW());
INSERT INTO users (user_id, name, email, plan, created_at) VALUES (34, 'Todd Logan', 'sharonmiller@example.org', 'enterprise', NOW());
INSERT INTO users (user_id, name, email, plan, created_at) VALUES (35, 'Paul Weber', 'rachelwashington@example.net', 'enterprise', NOW());
INSERT INTO users (user_id, name, email, plan, created_at) VALUES (36, 'Clarence Morrow', 'william55@example.com', 'enterprise', NOW());
INSERT INTO users (user_id, name, email, plan, created_at) VALUES (37, 'Emily Potts', 'morrisonpamela@example.org', 'enterprise', NOW());
INSERT INTO users (user_id, name, email, plan, created_at) VALUES (38, 'Brandy Sanchez', 'melissa79@example.org', 'enterprise', NOW());
INSERT INTO users (user_id, name, email, plan, created_at) VALUES (39, 'Melissa Robinson', 'brandon11@example.net', 'enterprise', NOW());
INSERT INTO users (user_id, name, email, plan, created_at) VALUES (40, 'Elizabeth Bowers', 'rsantiago@example.org', 'free', NOW());
INSERT INTO users (user_id, name, email, plan, created_at) VALUES (41, 'Brenda Jenkins', 'mbender@example.com', 'premium', NOW());
INSERT INTO users (user_id, name, email, plan, created_at) VALUES (42, 'Jorge Wang', 'wilsonchristian@example.org', 'enterprise', NOW());
INSERT INTO users (user_id, name, email, plan, created_at) VALUES (43, 'Ashley Smith', 'dawnalvarado@example.org', 'free', NOW());
INSERT INTO users (user_id, name, email, plan, created_at) VALUES (44, 'Michael Harmon', 'aaron00@example.com', 'enterprise', NOW());
INSERT INTO users (user_id, name, email, plan, created_at) VALUES (45, 'Jacob Greene', 'justin62@example.com', 'premium', NOW());
INSERT INTO users (user_id, name, email, plan, created_at) VALUES (46, 'Lisa Richard', 'wardkatherine@example.com', 'free', NOW());
INSERT INTO users (user_id, name, email, plan, created_at) VALUES (47, 'Kenneth Reid', 'prestonkimberly@example.org', 'free', NOW());
INSERT INTO users (user_id, name, email, plan, created_at) VALUES (48, 'James Cole II', 'hhays@example.com', 'premium', NOW());
INSERT INTO users (user_id, name, email, plan, created_at) VALUES (49, 'Melissa Myers', 'fgray@example.com', 'free', NOW());
INSERT INTO users (user_id, name, email, plan, created_at) VALUES (50, 'Chase Hernandez', 'jroberts@example.com', 'enterprise', NOW());
INSERT INTO users (user_id, name, email, plan, created_at) VALUES (51, 'Charles Sanchez', 'aflores@example.org', 'free', NOW());
INSERT INTO users (user_id, name, email, plan, created_at) VALUES (52, 'Jacqueline Garner', 'adrianwashington@example.net', 'premium', NOW());
INSERT INTO users (user_id, name, email, plan, created_at) VALUES (53, 'Ashley Wilson', 'william29@example.net', 'enterprise', NOW());
INSERT INTO users (user_id, name, email, plan, created_at) VALUES (54, 'Tiffany Leach', 'ojohnson@example.com', 'premium', NOW());
INSERT INTO users (user_id, name, email, plan, created_at) VALUES (55, 'Patrick Hernandez', 'qtorres@example.net', 'free', NOW());
INSERT INTO users (user_id, name, email, plan, created_at) VALUES (56, 'Joseph Thompson', 'ballardsean@example.net', 'enterprise', NOW());
INSERT INTO users (user_id, name, email, plan, created_at) VALUES (57, 'Michael Goodwin', 'vcastro@example.net', 'premium', NOW());
INSERT INTO users (user_id, name, email, plan, created_at) VALUES (58, 'Hector Silva', 'nnorris@example.net', 'free', NOW());
INSERT INTO users (user_id, name, email, plan, created_at) VALUES (59, 'Patrick Andrews', 'trichardson@example.com', 'free', NOW());
INSERT INTO users (user_id, name, email, plan, created_at) VALUES (60, 'Alex Howard', 'daniel89@example.org', 'enterprise', NOW());
INSERT INTO users (user_id, name, email, plan, created_at) VALUES (61, 'Joseph White', 'joseph27@example.org', 'enterprise', NOW());
INSERT INTO users (user_id, name, email, plan, created_at) VALUES (62, 'Dr. Melissa Mclean', 'cjensen@example.com', 'enterprise', NOW());
INSERT INTO users (user_id, name, email, plan, created_at) VALUES (63, 'Alan Riley', 'dlawson@example.net', 'premium', NOW());
INSERT INTO users (user_id, name, email, plan, created_at) VALUES (64, 'Christopher Walker Jr.', 'lori96@example.com', 'enterprise', NOW());
INSERT INTO users (user_id, name, email, plan, created_at) VALUES (65, 'Tracy Clayton', 'chad33@example.org', 'free', NOW());
INSERT INTO users (user_id, name, email, plan, created_at) VALUES (66, 'Tanya Parrish', 'nicholssarah@example.org', 'premium', NOW());
INSERT INTO users (user_id, name, email, plan, created_at) VALUES (67, 'Billy Ball', 'ediaz@example.net', 'premium', NOW());
INSERT INTO users (user_id, name, email, plan, created_at) VALUES (68, 'Nicole Owens', 'kristin89@example.org', 'free', NOW());
INSERT INTO users (user_id, name, email, plan, created_at) VALUES (69, 'Jeffrey Moore', 'jenniferrivera@example.com', 'free', NOW());
INSERT INTO users (user_id, name, email, plan, created_at) VALUES (70, 'Daniel Collins', 'mary07@example.com', 'enterprise', NOW());
INSERT INTO users (user_id, name, email, plan, created_at) VALUES (71, 'Samantha Decker', 'jgoodwin@example.com', 'free', NOW());
INSERT INTO users (user_id, name, email, plan, created_at) VALUES (72, 'Angelica Barnes', 'coreyrice@example.com', 'free', NOW());
INSERT INTO users (user_id, name, email, plan, created_at) VALUES (73, 'Adam Adams', 'deansavage@example.org', 'free', NOW());
INSERT INTO users (user_id, name, email, plan, created_at) VALUES (74, 'Angela Vance', 'christophercarpenter@example.net', 'premium', NOW());
INSERT INTO users (user_id, name, email, plan, created_at) VALUES (75, 'Eric Jones', 'sethmccullough@example.net', 'premium', NOW());
INSERT INTO users (user_id, name, email, plan, created_at) VALUES (76, 'Bill White', 'michelle59@example.com', 'free', NOW());
INSERT INTO users (user_id, name, email, plan, created_at) VALUES (77, 'David Patton', 'codydelacruz@example.net', 'enterprise', NOW());
INSERT INTO users (user_id, name, email, plan, created_at) VALUES (78, 'Kevin Fowler', 'smithbruce@example.org', 'free', NOW());
INSERT INTO users (user_id, name, email, plan, created_at) VALUES (79, 'Tamara Miles', 'karen34@example.org', 'enterprise', NOW());
INSERT INTO users (user_id, name, email, plan, created_at) VALUES (80, 'Jessica Smith', 'paul98@example.org', 'free', NOW());
INSERT INTO users (user_id, name, email, plan, created_at) VALUES (81, 'Jordan Roberts', 'tyler95@example.com', 'free', NOW());
INSERT INTO users (user_id, name, email, plan, created_at) VALUES (82, 'Jamie Lee', 'tedwards@example.org', 'free', NOW());
INSERT INTO users (user_id, name, email, plan, created_at) VALUES (83, 'Sylvia Carey', 'nicole21@example.org', 'free', NOW());
INSERT INTO users (user_id, name, email, plan, created_at) VALUES (84, 'Joshua Heath', 'kochtrevor@example.com', 'premium', NOW());
INSERT INTO users (user_id, name, email, plan, created_at) VALUES (85, 'Aaron Hutchinson', 'colin27@example.com', 'free', NOW());
INSERT INTO users (user_id, name, email, plan, created_at) VALUES (86, 'Richard Scott', 'fowlerpaul@example.org', 'premium', NOW());
INSERT INTO users (user_id, name, email, plan, created_at) VALUES (87, 'Christina Gross', 'dwayne77@example.com', 'premium', NOW());
INSERT INTO users (user_id, name, email, plan, created_at) VALUES (88, 'Marcia Moore', 'vazquezangela@example.org', 'free', NOW());
INSERT INTO users (user_id, name, email, plan, created_at) VALUES (89, 'Tristan Johnson', 'rmcdaniel@example.com', 'enterprise', NOW());
INSERT INTO users (user_id, name, email, plan, created_at) VALUES (90, 'Katelyn Peck', 'deborahjohnson@example.net', 'enterprise', NOW());
INSERT INTO users (user_id, name, email, plan, created_at) VALUES (91, 'Rebecca Ferguson', 'michael81@example.net', 'free', NOW());
INSERT INTO users (user_id, name, email, plan, created_at) VALUES (92, 'Bryan Pittman', 'peckgary@example.org', 'free', NOW());
INSERT INTO users (user_id, name, email, plan, created_at) VALUES (93, 'Dustin Jones', 'obutler@example.com', 'enterprise', NOW());
INSERT INTO users (user_id, name, email, plan, created_at) VALUES (94, 'Peggy Kennedy', 'eramirez@example.org', 'premium', NOW());
INSERT INTO users (user_id, name, email, plan, created_at) VALUES (95, 'Chelsea Lee', 'lowen@example.com', 'premium', NOW());
INSERT INTO users (user_id, name, email, plan, created_at) VALUES (96, 'Laura Conner', 'william77@example.org', 'premium', NOW());
INSERT INTO users (user_id, name, email, plan, created_at) VALUES (97, 'Joyce Woods', 'jillskinner@example.org', 'premium', NOW());
INSERT INTO users (user_id, name, email, plan, created_at) VALUES (98, 'Scott Bean', 'silvaclifford@example.net', 'free', NOW());
INSERT INTO users (user_id, name, email, plan, created_at) VALUES (99, 'Angela Mitchell', 'michaelfranklin@example.net', 'enterprise', NOW());
INSERT INTO users (user_id, name, email, plan, created_at) VALUES (100, 'Justin Short', 'kelleyalexandra@example.com', 'free', NOW());
INSERT INTO users (user_id, name, email, plan, created_at) VALUES (101, 'Jennifer Joseph', 'barkerrobert@example.org', 'premium', NOW());
INSERT INTO users (user_id, name, email, plan, created_at) VALUES (102, 'David Swanson', 'mitchellwilliam@example.com', 'free', NOW());
INSERT INTO users (user_id, name, email, plan, created_at) VALUES (103, 'Michael Jackson', 'jonesjake@example.org', 'free', NOW());
INSERT INTO users (user_id, name, email, plan, created_at) VALUES (104, 'Melissa Maxwell', 'bsmith@example.net', 'enterprise', NOW());
INSERT INTO users (user_id, name, email, plan, created_at) VALUES (105, 'Jared Smith', 'kimberlycase@example.net', 'free', NOW());
INSERT INTO users (user_id, name, email, plan, created_at) VALUES (106, 'Valerie Ford', 'lsmith@example.net', 'premium', NOW());
INSERT INTO users (user_id, name, email, plan, created_at) VALUES (107, 'Amanda Mcfarland', 'donnalarsen@example.org', 'free', NOW());
INSERT INTO users (user_id, name, email, plan, created_at) VALUES (108, 'John Anderson', 'gregory14@example.net', 'premium', NOW());
INSERT INTO users (user_id, name, email, plan, created_at) VALUES (109, 'Isaac Jones', 'ubrown@example.org', 'free', NOW());
INSERT INTO users (user_id, name, email, plan, created_at) VALUES (110, 'David Miranda', 'nicolegonzalez@example.net', 'premium', NOW());
INSERT INTO users (user_id, name, email, plan, created_at) VALUES (111, 'Catherine Campbell', 'toddjessica@example.org', 'enterprise', NOW());
INSERT INTO users (user_id, name, email, plan, created_at) VALUES (112, 'Anthony Rodriguez', 'lwilliams@example.com', 'enterprise', NOW());
INSERT INTO users (user_id, name, email, plan, created_at) VALUES (113, 'Matthew Hill', 'wmiller@example.com', 'free', NOW());
INSERT INTO users (user_id, name, email, plan, created_at) VALUES (114, 'Thomas Morris', 'christophercastro@example.net', 'enterprise', NOW());
INSERT INTO users (user_id, name, email, plan, created_at) VALUES (115, 'Jenna Ray', 'nicolerivera@example.net', 'enterprise', NOW());
INSERT INTO users (user_id, name, email, plan, created_at) VALUES (116, 'William Woodard', 'kaitlin01@example.net', 'premium', NOW());
INSERT INTO users (user_id, name, email, plan, created_at) VALUES (117, 'Candace Wilson', 'angelasmith@example.org', 'free', NOW());
INSERT INTO users (user_id, name, email, plan, created_at) VALUES (118, 'Katherine Parrish', 'brent31@example.com', 'enterprise', NOW());
INSERT INTO users (user_id, name, email, plan, created_at) VALUES (119, 'Eddie Turner', 'ylewis@example.net', 'premium', NOW());
INSERT INTO users (user_id, name, email, plan, created_at) VALUES (120, 'Kevin Farmer', 'duncanangela@example.com', 'premium', NOW());
INSERT INTO users (user_id, name, email, plan, created_at) VALUES (121, 'Jennifer Kim', 'nbarton@example.com', 'enterprise', NOW());
INSERT INTO users (user_id, name, email, plan, created_at) VALUES (122, 'Calvin Green', 'jeanettesmith@example.net', 'enterprise', NOW());
INSERT INTO users (user_id, name, email, plan, created_at) VALUES (123, 'Alexander Gray', 'brandyyoder@example.com', 'premium', NOW());
INSERT INTO users (user_id, name, email, plan, created_at) VALUES (124, 'Katie Cummings', 'deannashelton@example.org', 'enterprise', NOW());
INSERT INTO users (user_id, name, email, plan, created_at) VALUES (125, 'Jeffrey Brown', 'tinawatson@example.org', 'premium', NOW());
INSERT INTO users (user_id, name, email, plan, created_at) VALUES (126, 'Lori Nicholson', 'hernandezkenneth@example.org', 'enterprise', NOW());
INSERT INTO users (user_id, name, email, plan, created_at) VALUES (127, 'Michelle Obrien', 'kelliemccann@example.com', 'free', NOW());
INSERT INTO users (user_id, name, email, plan, created_at) VALUES (128, 'Dawn Higgins', 'alexisdavies@example.com', 'free', NOW());
INSERT INTO users (user_id, name, email, plan, created_at) VALUES (129, 'Andrew Howard', 'benjamin35@example.org', 'free', NOW());
INSERT INTO users (user_id, name, email, plan, created_at) VALUES (130, 'Tiffany Wilson', 'briangarza@example.net', 'free', NOW());
INSERT INTO users (user_id, name, email, plan, created_at) VALUES (131, 'Arthur Fitzgerald', 'stucker@example.org', 'free', NOW());
INSERT INTO users (user_id, name, email, plan, created_at) VALUES (132, 'John Jones', 'shortjeffrey@example.net', 'enterprise', NOW());
INSERT INTO users (user_id, name, email, plan, created_at) VALUES (133, 'Garrett Bruce', 'melissasanchez@example.com', 'free', NOW());
INSERT INTO users (user_id, name, email, plan, created_at) VALUES (134, 'Ashley Owen', 'mwoodard@example.net', 'enterprise', NOW());
INSERT INTO users (user_id, name, email, plan, created_at) VALUES (135, 'Joshua Simpson', 'pcarter@example.net', 'enterprise', NOW());
INSERT INTO users (user_id, name, email, plan, created_at) VALUES (136, 'Cynthia Mullins', 'tporter@example.com', 'enterprise', NOW());
INSERT INTO users (user_id, name, email, plan, created_at) VALUES (137, 'Megan Harris', 'wsmith@example.net', 'premium', NOW());
INSERT INTO users (user_id, name, email, plan, created_at) VALUES (138, 'Tony Stevens', 'amy71@example.com', 'premium', NOW());
INSERT INTO users (user_id, name, email, plan, created_at) VALUES (139, 'Leslie White', 'natasha05@example.org', 'enterprise', NOW());
INSERT INTO users (user_id, name, email, plan, created_at) VALUES (140, 'Adam Adams', 'russellkyle@example.com', 'enterprise', NOW());
INSERT INTO users (user_id, name, email, plan, created_at) VALUES (141, 'Kristy Allen MD', 'lrodriguez@example.com', 'free', NOW());
INSERT INTO users (user_id, name, email, plan, created_at) VALUES (142, 'Christine Vasquez', 'silvashaun@example.org', 'premium', NOW());
INSERT INTO users (user_id, name, email, plan, created_at) VALUES (143, 'Darrell Roy', 'bakerjoseph@example.com', 'premium', NOW());
INSERT INTO users (user_id, name, email, plan, created_at) VALUES (144, 'Kendra Mason', 'michaelwarner@example.com', 'premium', NOW());
INSERT INTO users (user_id, name, email, plan, created_at) VALUES (145, 'Jennifer Taylor', 'udickson@example.org', 'free', NOW());
INSERT INTO users (user_id, name, email, plan, created_at) VALUES (146, 'Michael Lowe', 'hudsonanna@example.com', 'premium', NOW());
INSERT INTO users (user_id, name, email, plan, created_at) VALUES (147, 'April Morales', 'james46@example.com', 'enterprise', NOW());
INSERT INTO users (user_id, name, email, plan, created_at) VALUES (148, 'Jennifer Simmons', 'michelle81@example.com', 'enterprise', NOW());
INSERT INTO users (user_id, name, email, plan, created_at) VALUES (149, 'Daniel Bauer', 'lbryant@example.org', 'free', NOW());
INSERT INTO users (user_id, name, email, plan, created_at) VALUES (150, 'Thomas Foley', 'amberchung@example.org', 'enterprise', NOW());
INSERT INTO users (user_id, name, email, plan, created_at) VALUES (151, 'Phillip Costa', 'flee@example.org', 'premium', NOW());
INSERT INTO users (user_id, name, email, plan, created_at) VALUES (152, 'Noah Hawkins', 'mark02@example.com', 'premium', NOW());
INSERT INTO users (user_id, name, email, plan, created_at) VALUES (153, 'Richard Carpenter', 'joseweber@example.com', 'premium', NOW());
INSERT INTO users (user_id, name, email, plan, created_at) VALUES (154, 'Heather Hall', 'alfredcontreras@example.com', 'free', NOW());
INSERT INTO users (user_id, name, email, plan, created_at) VALUES (155, 'Julia Erickson', 'volsen@example.org', 'enterprise', NOW());
INSERT INTO users (user_id, name, email, plan, created_at) VALUES (156, 'Victoria Williams', 'emily69@example.com', 'enterprise', NOW());
INSERT INTO users (user_id, name, email, plan, created_at) VALUES (157, 'John Shepherd', 'rjimenez@example.net', 'premium', NOW());
INSERT INTO users (user_id, name, email, plan, created_at) VALUES (158, 'Brittany Jones', 'mcconnellashley@example.org', 'free', NOW());
INSERT INTO users (user_id, name, email, plan, created_at) VALUES (159, 'Bryan Garcia', 'xshelton@example.org', 'premium', NOW());
INSERT INTO users (user_id, name, email, plan, created_at) VALUES (160, 'Steven Gibson', 'ssantiago@example.com', 'premium', NOW());
INSERT INTO users (user_id, name, email, plan, created_at) VALUES (161, 'Kathy Santos', 'justin09@example.net', 'free', NOW());
INSERT INTO users (user_id, name, email, plan, created_at) VALUES (162, 'Crystal Rivera', 'kruegermelinda@example.org', 'free', NOW());
INSERT INTO users (user_id, name, email, plan, created_at) VALUES (163, 'Cory Moss', 'jason66@example.net', 'free', NOW());
INSERT INTO users (user_id, name, email, plan, created_at) VALUES (164, 'Molly Wilcox', 'christophererickson@example.com', 'premium', NOW());
INSERT INTO users (user_id, name, email, plan, created_at) VALUES (165, 'Carol Anderson', 'drandall@example.com', 'enterprise', NOW());
INSERT INTO users (user_id, name, email, plan, created_at) VALUES (166, 'Melissa Donovan', 'kevin55@example.net', 'premium', NOW());
INSERT INTO users (user_id, name, email, plan, created_at) VALUES (167, 'Claire Cook', 'kendra94@example.com', 'enterprise', NOW());
INSERT INTO users (user_id, name, email, plan, created_at) VALUES (168, 'Allison Smith', 'zgrant@example.net', 'enterprise', NOW());
INSERT INTO users (user_id, name, email, plan, created_at) VALUES (169, 'Samantha Nelson', 'johnsontammy@example.com', 'premium', NOW());
INSERT INTO users (user_id, name, email, plan, created_at) VALUES (170, 'Travis Allen', 'torreslauren@example.com', 'enterprise', NOW());
INSERT INTO users (user_id, name, email, plan, created_at) VALUES (171, 'Kenneth Johnson', 'ryankeith@example.com', 'free', NOW());
INSERT INTO users (user_id, name, email, plan, created_at) VALUES (172, 'Robert Mccoy', 'roger36@example.org', 'enterprise', NOW());
INSERT INTO users (user_id, name, email, plan, created_at) VALUES (173, 'Terry Smith', 'thomas11@example.com', 'enterprise', NOW());
INSERT INTO users (user_id, name, email, plan, created_at) VALUES (174, 'Jill Neal', 'alyssabryant@example.com', 'premium', NOW());
INSERT INTO users (user_id, name, email, plan, created_at) VALUES (175, 'Carolyn Kaiser', 'matthewcarter@example.net', 'premium', NOW());
INSERT INTO users (user_id, name, email, plan, created_at) VALUES (176, 'Diana Rose', 'alan59@example.com', 'enterprise', NOW());
INSERT INTO users (user_id, name, email, plan, created_at) VALUES (177, 'Michael Padilla', 'daniel53@example.com', 'enterprise', NOW());
INSERT INTO users (user_id, name, email, plan, created_at) VALUES (178, 'Colleen Green', 'gking@example.net', 'premium', NOW());
INSERT INTO users (user_id, name, email, plan, created_at) VALUES (179, 'Gavin Ortiz', 'thompsondanielle@example.net', 'enterprise', NOW());
INSERT INTO users (user_id, name, email, plan, created_at) VALUES (180, 'Jonathan Green', 'ramirezethan@example.net', 'enterprise', NOW());
INSERT INTO users (user_id, name, email, plan, created_at) VALUES (181, 'Misty Bryan', 'jacqueline80@example.com', 'premium', NOW());
INSERT INTO users (user_id, name, email, plan, created_at) VALUES (182, 'Alicia Jones', 'robert74@example.net', 'enterprise', NOW());
INSERT INTO users (user_id, name, email, plan, created_at) VALUES (183, 'James Bautista', 'jeff69@example.net', 'premium', NOW());
INSERT INTO users (user_id, name, email, plan, created_at) VALUES (184, 'Marie Rogers', 'christina87@example.org', 'enterprise', NOW());
INSERT INTO users (user_id, name, email, plan, created_at) VALUES (185, 'Glenn Mccarthy', 'jillalvarez@example.net', 'enterprise', NOW());
INSERT INTO users (user_id, name, email, plan, created_at) VALUES (186, 'Sheila Bishop', 'ramirezmichael@example.com', 'enterprise', NOW());
INSERT INTO users (user_id, name, email, plan, created_at) VALUES (187, 'Jorge Cruz', 'iwalter@example.org', 'enterprise', NOW());
INSERT INTO users (user_id, name, email, plan, created_at) VALUES (188, 'Timothy Zimmerman', 'brownphillip@example.org', 'enterprise', NOW());
INSERT INTO users (user_id, name, email, plan, created_at) VALUES (189, 'Mackenzie Hess', 'dawn15@example.net', 'enterprise', NOW());
INSERT INTO users (user_id, name, email, plan, created_at) VALUES (190, 'Betty Glover', 'gburns@example.org', 'enterprise', NOW());
INSERT INTO users (user_id, name, email, plan, created_at) VALUES (191, 'Amber Carson', 'eparks@example.org', 'free', NOW());
INSERT INTO users (user_id, name, email, plan, created_at) VALUES (192, 'Michael Evans', 'tammytaylor@example.net', 'premium', NOW());
INSERT INTO users (user_id, name, email, plan, created_at) VALUES (193, 'Stephanie Jacobs', 'mary36@example.org', 'free', NOW());
INSERT INTO users (user_id, name, email, plan, created_at) VALUES (194, 'Nicole Davis', 'averyjennifer@example.com', 'premium', NOW());
INSERT INTO users (user_id, name, email, plan, created_at) VALUES (195, 'Brian Young', 'leachheather@example.org', 'enterprise', NOW());
INSERT INTO users (user_id, name, email, plan, created_at) VALUES (196, 'Michelle Weber', 'qmoore@example.org', 'enterprise', NOW());
INSERT INTO users (user_id, name, email, plan, created_at) VALUES (197, 'Alexander Farley', 'xparrish@example.net', 'premium', NOW());
INSERT INTO users (user_id, name, email, plan, created_at) VALUES (198, 'Ethan Mcdonald', 'mooreaustin@example.org', 'premium', NOW());
INSERT INTO users (user_id, name, email, plan, created_at) VALUES (199, 'Malik Burton', 'ichen@example.net', 'enterprise', NOW());
INSERT INTO users (user_id, name, email, plan, created_at) VALUES (200, 'Karen Jordan', 'lauraterry@example.com', 'free', NOW());
INSERT INTO users (user_id, name, email, plan, created_at) VALUES (201, 'Melissa Nichols', 'jensenanthony@example.org', 'premium', NOW());
INSERT INTO users (user_id, name, email, plan, created_at) VALUES (202, 'Eric Garcia', 'markmacias@example.com', 'premium', NOW());
INSERT INTO users (user_id, name, email, plan, created_at) VALUES (203, 'Christopher Leonard', 'vscott@example.net', 'free', NOW());
INSERT INTO users (user_id, name, email, plan, created_at) VALUES (204, 'Deanna Miller', 'russell75@example.org', 'premium', NOW());
INSERT INTO users (user_id, name, email, plan, created_at) VALUES (205, 'Jessica Buckley', 'morristony@example.net', 'free', NOW());
INSERT INTO users (user_id, name, email, plan, created_at) VALUES (206, 'Alexis Horton', 'vharrison@example.com', 'enterprise', NOW());
INSERT INTO users (user_id, name, email, plan, created_at) VALUES (207, 'Marco Jordan', 'pnichols@example.com', 'enterprise', NOW());
INSERT INTO users (user_id, name, email, plan, created_at) VALUES (208, 'Gregory Lewis', 'waltersbrandi@example.com', 'free', NOW());
INSERT INTO users (user_id, name, email, plan, created_at) VALUES (209, 'Julie Romero', 'stacey23@example.com', 'premium', NOW());
INSERT INTO users (user_id, name, email, plan, created_at) VALUES (210, 'James Torres', 'ashleydavis@example.com', 'enterprise', NOW());
INSERT INTO users (user_id, name, email, plan, created_at) VALUES (211, 'Frank Reilly', 'finleykrista@example.org', 'premium', NOW());
INSERT INTO users (user_id, name, email, plan, created_at) VALUES (212, 'Christina Vasquez', 'tara53@example.com', 'free', NOW());
INSERT INTO users (user_id, name, email, plan, created_at) VALUES (213, 'Christopher Cox', 'ygonzalez@example.com', 'premium', NOW());
INSERT INTO users (user_id, name, email, plan, created_at) VALUES (214, 'Peter Garcia', 'monique68@example.net', 'enterprise', NOW());
INSERT INTO users (user_id, name, email, plan, created_at) VALUES (215, 'Sara Day', 'rojasderek@example.org', 'premium', NOW());
INSERT INTO users (user_id, name, email, plan, created_at) VALUES (216, 'Ryan Navarro', 'matthewrose@example.com', 'premium', NOW());
INSERT INTO users (user_id, name, email, plan, created_at) VALUES (217, 'Julia Shaw', 'mckenzieparker@example.net', 'enterprise', NOW());
INSERT INTO users (user_id, name, email, plan, created_at) VALUES (218, 'Angela Clarke', 'simmonsrichard@example.net', 'premium', NOW());
INSERT INTO users (user_id, name, email, plan, created_at) VALUES (219, 'Melissa Duncan', 'qrobinson@example.net', 'premium', NOW());
INSERT INTO users (user_id, name, email, plan, created_at) VALUES (220, 'Daniel Curtis', 'robertcisneros@example.net', 'free', NOW());
INSERT INTO users (user_id, name, email, plan, created_at) VALUES (221, 'Raymond Maxwell', 'nicolefischer@example.net', 'enterprise', NOW());
INSERT INTO users (user_id, name, email, plan, created_at) VALUES (222, 'Toni Fowler', 'jacksonmegan@example.com', 'free', NOW());
INSERT INTO users (user_id, name, email, plan, created_at) VALUES (223, 'Alicia Dawson', 'dsellers@example.net', 'free', NOW());
INSERT INTO users (user_id, name, email, plan, created_at) VALUES (224, 'Cynthia Odom', 'mfox@example.net', 'free', NOW());
INSERT INTO users (user_id, name, email, plan, created_at) VALUES (225, 'William Daniels', 'lisagonzalez@example.org', 'free', NOW());
INSERT INTO users (user_id, name, email, plan, created_at) VALUES (226, 'Adam David', 'jasongonzalez@example.org', 'free', NOW());
INSERT INTO users (user_id, name, email, plan, created_at) VALUES (227, 'Robert Jenkins', 'sandersmarissa@example.org', 'enterprise', NOW());
INSERT INTO users (user_id, name, email, plan, created_at) VALUES (228, 'Andrea West', 'debbie32@example.org', 'premium', NOW());
INSERT INTO users (user_id, name, email, plan, created_at) VALUES (229, 'Patrick Nelson', 'christopher10@example.net', 'enterprise', NOW());
INSERT INTO users (user_id, name, email, plan, created_at) VALUES (230, 'Carmen Carpenter DDS', 'mmiddleton@example.net', 'enterprise', NOW());
INSERT INTO users (user_id, name, email, plan, created_at) VALUES (231, 'Debbie Silva', 'ljoyce@example.net', 'free', NOW());
INSERT INTO users (user_id, name, email, plan, created_at) VALUES (232, 'Ann Silva', 'christophermartinez@example.com', 'premium', NOW());
INSERT INTO users (user_id, name, email, plan, created_at) VALUES (233, 'Rodney Johnson', 'james11@example.com', 'free', NOW());
INSERT INTO users (user_id, name, email, plan, created_at) VALUES (234, 'Eric Vargas Jr.', 'allison80@example.com', 'enterprise', NOW());
INSERT INTO users (user_id, name, email, plan, created_at) VALUES (235, 'Alan Allison', 'littlemary@example.com', 'free', NOW());
INSERT INTO users (user_id, name, email, plan, created_at) VALUES (236, 'Derek Mendoza MD', 'michelle71@example.org', 'free', NOW());
INSERT INTO users (user_id, name, email, plan, created_at) VALUES (237, 'Amanda Davis', 'frazierjason@example.net', 'premium', NOW());
INSERT INTO users (user_id, name, email, plan, created_at) VALUES (238, 'Mark Lucas', 'parkerblake@example.org', 'enterprise', NOW());
INSERT INTO users (user_id, name, email, plan, created_at) VALUES (239, 'Elizabeth Oliver', 'mark33@example.org', 'enterprise', NOW());
INSERT INTO users (user_id, name, email, plan, created_at) VALUES (240, 'Richard Hawkins', 'christopher45@example.net', 'premium', NOW());
INSERT INTO users (user_id, name, email, plan, created_at) VALUES (241, 'Todd Smith', 'garciatanya@example.org', 'premium', NOW());
INSERT INTO users (user_id, name, email, plan, created_at) VALUES (242, 'Jason Richards', 'marquezjoseph@example.com', 'premium', NOW());
INSERT INTO users (user_id, name, email, plan, created_at) VALUES (243, 'Hannah Walters', 'chandonna@example.net', 'enterprise', NOW());
INSERT INTO users (user_id, name, email, plan, created_at) VALUES (244, 'Micheal Jones', 'sandy87@example.com', 'free', NOW());
INSERT INTO users (user_id, name, email, plan, created_at) VALUES (245, 'Bonnie Gonzalez', 'halljohn@example.net', 'premium', NOW());
INSERT INTO users (user_id, name, email, plan, created_at) VALUES (246, 'Kristina Dickson', 'wiseandrea@example.com', 'free', NOW());
INSERT INTO users (user_id, name, email, plan, created_at) VALUES (247, 'Jesse White', 'lindaluna@example.org', 'enterprise', NOW());
INSERT INTO users (user_id, name, email, plan, created_at) VALUES (248, 'Tammy Delacruz', 'tstewart@example.com', 'enterprise', NOW());
INSERT INTO users (user_id, name, email, plan, created_at) VALUES (249, 'Jennifer Walker', 'fergusonnathaniel@example.com', 'premium', NOW());
INSERT INTO users (user_id, name, email, plan, created_at) VALUES (250, 'Sharon Kaufman', 'bcuevas@example.com', 'premium', NOW());
INSERT INTO users (user_id, name, email, plan, created_at) VALUES (251, 'Michael Lewis', 'smithmelissa@example.com', 'premium', NOW());
INSERT INTO users (user_id, name, email, plan, created_at) VALUES (252, 'Stephanie Lee', 'bblevins@example.com', 'free', NOW());
INSERT INTO users (user_id, name, email, plan, created_at) VALUES (253, 'Adrian Bolton', 'david74@example.org', 'premium', NOW());
INSERT INTO users (user_id, name, email, plan, created_at) VALUES (254, 'Austin Stevenson', 'uliu@example.org', 'enterprise', NOW());
INSERT INTO users (user_id, name, email, plan, created_at) VALUES (255, 'Marc Smith', 'jillianmedina@example.org', 'enterprise', NOW());
INSERT INTO users (user_id, name, email, plan, created_at) VALUES (256, 'Jo Oliver', 'vincentmatthews@example.org', 'premium', NOW());
INSERT INTO users (user_id, name, email, plan, created_at) VALUES (257, 'Anna Hill', 'bmccarty@example.org', 'free', NOW());
INSERT INTO users (user_id, name, email, plan, created_at) VALUES (258, 'Mary Baker', 'dthomas@example.org', 'enterprise', NOW());
INSERT INTO users (user_id, name, email, plan, created_at) VALUES (259, 'Travis Carter', 'david05@example.org', 'free', NOW());
INSERT INTO users (user_id, name, email, plan, created_at) VALUES (260, 'Melissa Walton', 'jonathonsalazar@example.com', 'premium', NOW());
INSERT INTO users (user_id, name, email, plan, created_at) VALUES (261, 'Kevin Fischer', 'ljohnson@example.org', 'premium', NOW());
INSERT INTO users (user_id, name, email, plan, created_at) VALUES (262, 'Frank Bowen', 'shanelane@example.org', 'enterprise', NOW());
INSERT INTO users (user_id, name, email, plan, created_at) VALUES (263, 'Mary Gutierrez', 'ericwaller@example.org', 'premium', NOW());
INSERT INTO users (user_id, name, email, plan, created_at) VALUES (264, 'Laura Lee', 'ehernandez@example.net', 'premium', NOW());
INSERT INTO users (user_id, name, email, plan, created_at) VALUES (265, 'Jennifer Bradley', 'andrea41@example.org', 'free', NOW());
INSERT INTO users (user_id, name, email, plan, created_at) VALUES (266, 'Richard Bishop', 'thamilton@example.net', 'enterprise', NOW());
INSERT INTO users (user_id, name, email, plan, created_at) VALUES (267, 'Sarah White', 'wtorres@example.com', 'premium', NOW());
INSERT INTO users (user_id, name, email, plan, created_at) VALUES (268, 'Michelle Ferguson', 'victoriaschmitt@example.org', 'enterprise', NOW());
INSERT INTO users (user_id, name, email, plan, created_at) VALUES (269, 'Tanya Hernandez', 'elizabeth65@example.net', 'free', NOW());
INSERT INTO users (user_id, name, email, plan, created_at) VALUES (270, 'Michelle Leon', 'dfranklin@example.net', 'premium', NOW());
INSERT INTO users (user_id, name, email, plan, created_at) VALUES (271, 'Donald Mccoy', 'amandajordan@example.net', 'free', NOW());
INSERT INTO users (user_id, name, email, plan, created_at) VALUES (272, 'Brianna Thomas', 'omorris@example.com', 'premium', NOW());
INSERT INTO users (user_id, name, email, plan, created_at) VALUES (273, 'Richard Mcbride', 'christinewright@example.net', 'premium', NOW());
INSERT INTO users (user_id, name, email, plan, created_at) VALUES (274, 'Gloria Odonnell', 'williamsonchristina@example.com', 'enterprise', NOW());
INSERT INTO users (user_id, name, email, plan, created_at) VALUES (275, 'Roberto Forbes', 'brownalexander@example.com', 'enterprise', NOW());
INSERT INTO users (user_id, name, email, plan, created_at) VALUES (276, 'Tracy Walker', 'traci27@example.org', 'enterprise', NOW());
INSERT INTO users (user_id, name, email, plan, created_at) VALUES (277, 'Bradley Ward', 'martinezjason@example.com', 'enterprise', NOW());
INSERT INTO users (user_id, name, email, plan, created_at) VALUES (278, 'Stacey Hamilton', 'abrown@example.com', 'enterprise', NOW());
INSERT INTO users (user_id, name, email, plan, created_at) VALUES (279, 'Jon Patel', 'sue41@example.net', 'enterprise', NOW());
INSERT INTO users (user_id, name, email, plan, created_at) VALUES (280, 'Michael Smith', 'mossbilly@example.org', 'premium', NOW());
INSERT INTO users (user_id, name, email, plan, created_at) VALUES (281, 'Destiny Palmer', 'margaretmejia@example.com', 'free', NOW());
INSERT INTO users (user_id, name, email, plan, created_at) VALUES (282, 'Felicia Kennedy', 'evanstony@example.com', 'free', NOW());
INSERT INTO users (user_id, name, email, plan, created_at) VALUES (283, 'William Chambers Jr.', 'gruiz@example.org', 'free', NOW());
INSERT INTO users (user_id, name, email, plan, created_at) VALUES (284, 'Michael Allen', 'shelly80@example.com', 'premium', NOW());
INSERT INTO users (user_id, name, email, plan, created_at) VALUES (285, 'Craig Hicks', 'scottaudrey@example.net', 'premium', NOW());
INSERT INTO users (user_id, name, email, plan, created_at) VALUES (286, 'Lynn Foster', 'angela85@example.org', 'premium', NOW());
INSERT INTO users (user_id, name, email, plan, created_at) VALUES (287, 'Renee Cervantes', 'cantrelllaura@example.org', 'premium', NOW());
INSERT INTO users (user_id, name, email, plan, created_at) VALUES (288, 'Jerry Hernandez', 'iedwards@example.net', 'enterprise', NOW());
INSERT INTO users (user_id, name, email, plan, created_at) VALUES (289, 'Alexandria Lin', 'matthewgoodwin@example.com', 'premium', NOW());
INSERT INTO users (user_id, name, email, plan, created_at) VALUES (290, 'Kristopher Conley', 'johnmiller@example.net', 'free', NOW());
INSERT INTO users (user_id, name, email, plan, created_at) VALUES (291, 'Michael Morris PhD', 'johnsonwesley@example.net', 'premium', NOW());
INSERT INTO users (user_id, name, email, plan, created_at) VALUES (292, 'Amy Smith', 'christopher88@example.net', 'premium', NOW());
INSERT INTO users (user_id, name, email, plan, created_at) VALUES (293, 'Traci Lynch', 'hannahdrake@example.net', 'premium', NOW());
INSERT INTO users (user_id, name, email, plan, created_at) VALUES (294, 'Samantha Powell', 'brendajohnston@example.com', 'premium', NOW());
INSERT INTO users (user_id, name, email, plan, created_at) VALUES (295, 'Lauren Maxwell', 'kellerpatrick@example.net', 'premium', NOW());
INSERT INTO users (user_id, name, email, plan, created_at) VALUES (296, 'Casey Hoffman', 'millerwilliam@example.org', 'premium', NOW());
INSERT INTO users (user_id, name, email, plan, created_at) VALUES (297, 'Claire Walters', 'wschroeder@example.com', 'enterprise', NOW());
INSERT INTO users (user_id, name, email, plan, created_at) VALUES (298, 'Mary Anderson', 'dpeterson@example.com', 'free', NOW());
INSERT INTO users (user_id, name, email, plan, created_at) VALUES (299, 'Cody Brown', 'kerrbenjamin@example.net', 'free', NOW());
INSERT INTO users (user_id, name, email, plan, created_at) VALUES (300, 'Deborah Logan', 'ortizcolleen@example.net', 'premium', NOW());

-- INSERT ARTISTS
INSERT INTO artist (artist_id, artist_name, genre, country_of_origin) VALUES (1, 'The Funds', 'Lo-fi', 'Canada');
INSERT INTO artist (artist_id, artist_name, genre, country_of_origin) VALUES (2, 'The Adults', 'Heavy Metal', 'UK');
INSERT INTO artist (artist_id, artist_name, genre, country_of_origin) VALUES (3, 'Katie Martinez', 'Lo-fi', 'France');
INSERT INTO artist (artist_id, artist_name, genre, country_of_origin) VALUES (4, 'Teresa Lowe', 'Lo-fi', 'UK');
INSERT INTO artist (artist_id, artist_name, genre, country_of_origin) VALUES (5, 'The Dos', 'Techno', 'Australia');
INSERT INTO artist (artist_id, artist_name, genre, country_of_origin) VALUES (6, 'The Thirds', 'Techno', 'Japan');
INSERT INTO artist (artist_id, artist_name, genre, country_of_origin) VALUES (7, 'Jeffrey Cook', 'Techno', 'Japan');
INSERT INTO artist (artist_id, artist_name, genre, country_of_origin) VALUES (8, 'Lisa Smith', 'MPB', 'UK');
INSERT INTO artist (artist_id, artist_name, genre, country_of_origin) VALUES (9, 'Catherine Kennedy', 'Lo-fi', 'Australia');
INSERT INTO artist (artist_id, artist_name, genre, country_of_origin) VALUES (10, 'The Outs', 'Phonk', 'UK');
INSERT INTO artist (artist_id, artist_name, genre, country_of_origin) VALUES (11, 'Tara Lewis', 'Phonk', 'Sweden');
INSERT INTO artist (artist_id, artist_name, genre, country_of_origin) VALUES (12, 'Taylor Smith', 'Lo-fi', 'UK');
INSERT INTO artist (artist_id, artist_name, genre, country_of_origin) VALUES (13, 'Michael Alvarez', 'Bossa Nova', 'Sweden');
INSERT INTO artist (artist_id, artist_name, genre, country_of_origin) VALUES (14, 'Madison Tucker', 'Phonk', 'Sweden');
INSERT INTO artist (artist_id, artist_name, genre, country_of_origin) VALUES (15, 'Michelle Moore', 'Synthwave', 'Brazil');
INSERT INTO artist (artist_id, artist_name, genre, country_of_origin) VALUES (16, 'The Republicans', 'Indie Rock', 'UK');
INSERT INTO artist (artist_id, artist_name, genre, country_of_origin) VALUES (17, 'Tiffany Meyers', 'Heavy Metal', 'Germany');
INSERT INTO artist (artist_id, artist_name, genre, country_of_origin) VALUES (18, 'Melissa Howell', 'Lo-fi', 'France');
INSERT INTO artist (artist_id, artist_name, genre, country_of_origin) VALUES (19, 'James Rhodes', 'Jazz Fusion', 'France');
INSERT INTO artist (artist_id, artist_name, genre, country_of_origin) VALUES (20, 'Traci Hamilton', 'Indie Rock', 'Brazil');
INSERT INTO artist (artist_id, artist_name, genre, country_of_origin) VALUES (21, 'The Votes', 'Phonk', 'USA');
INSERT INTO artist (artist_id, artist_name, genre, country_of_origin) VALUES (22, 'The Majors', 'Jazz Fusion', 'Iceland');
INSERT INTO artist (artist_id, artist_name, genre, country_of_origin) VALUES (23, 'The Occurs', 'Synthwave', 'Germany');
INSERT INTO artist (artist_id, artist_name, genre, country_of_origin) VALUES (24, 'Deborah Butler', 'Bossa Nova', 'Australia');
INSERT INTO artist (artist_id, artist_name, genre, country_of_origin) VALUES (25, 'Carmen Norton', 'Synthwave', 'Canada');
INSERT INTO artist (artist_id, artist_name, genre, country_of_origin) VALUES (26, 'Kelly Berger', 'Lo-fi', 'Sweden');
INSERT INTO artist (artist_id, artist_name, genre, country_of_origin) VALUES (27, 'Joshua Stephens', 'Synthwave', 'UK');
INSERT INTO artist (artist_id, artist_name, genre, country_of_origin) VALUES (28, 'The Tops', 'Post-Punk', 'Brazil');
INSERT INTO artist (artist_id, artist_name, genre, country_of_origin) VALUES (29, 'Joanna Wood', 'MPB', 'Brazil');
INSERT INTO artist (artist_id, artist_name, genre, country_of_origin) VALUES (30, 'Scott Taylor', 'Bossa Nova', 'UK');
INSERT INTO artist (artist_id, artist_name, genre, country_of_origin) VALUES (31, 'Kari Bennett', 'Indie Rock', 'Sweden');
INSERT INTO artist (artist_id, artist_name, genre, country_of_origin) VALUES (32, 'Rachel Dickerson', 'Synthwave', 'Australia');
INSERT INTO artist (artist_id, artist_name, genre, country_of_origin) VALUES (33, 'The Marriages', 'Synthwave', 'Iceland');
INSERT INTO artist (artist_id, artist_name, genre, country_of_origin) VALUES (34, 'The Types', 'Jazz Fusion', 'USA');
INSERT INTO artist (artist_id, artist_name, genre, country_of_origin) VALUES (35, 'Patty Hartman DDS', 'Indie Rock', 'France');
INSERT INTO artist (artist_id, artist_name, genre, country_of_origin) VALUES (36, 'The Coulds', 'Lo-fi', 'France');
INSERT INTO artist (artist_id, artist_name, genre, country_of_origin) VALUES (37, 'The Physicals', 'Techno', 'Canada');
INSERT INTO artist (artist_id, artist_name, genre, country_of_origin) VALUES (38, 'The Records', 'Techno', 'Germany');
INSERT INTO artist (artist_id, artist_name, genre, country_of_origin) VALUES (39, 'Amber Ortiz', 'MPB', 'USA');
INSERT INTO artist (artist_id, artist_name, genre, country_of_origin) VALUES (40, 'The Whatevers', 'Lo-fi', 'Australia');
INSERT INTO artist (artist_id, artist_name, genre, country_of_origin) VALUES (41, 'The Boths', 'Post-Punk', 'Australia');
INSERT INTO artist (artist_id, artist_name, genre, country_of_origin) VALUES (42, 'Christopher Palmer', 'Techno', 'Iceland');
INSERT INTO artist (artist_id, artist_name, genre, country_of_origin) VALUES (43, 'David Crawford', 'Jazz Fusion', 'USA');
INSERT INTO artist (artist_id, artist_name, genre, country_of_origin) VALUES (44, 'The Fills', 'Synthwave', 'Japan');
INSERT INTO artist (artist_id, artist_name, genre, country_of_origin) VALUES (45, 'Laurie Blackwell', 'MPB', 'Germany');
INSERT INTO artist (artist_id, artist_name, genre, country_of_origin) VALUES (46, 'The Passs', 'Post-Punk', 'Australia');
INSERT INTO artist (artist_id, artist_name, genre, country_of_origin) VALUES (47, 'The Responsibilitys', 'Post-Punk', 'UK');
INSERT INTO artist (artist_id, artist_name, genre, country_of_origin) VALUES (48, 'The Itselfs', 'Phonk', 'Japan');
INSERT INTO artist (artist_id, artist_name, genre, country_of_origin) VALUES (49, 'Nicole Jennings', 'Post-Punk', 'Australia');
INSERT INTO artist (artist_id, artist_name, genre, country_of_origin) VALUES (50, 'Samantha Strickland', 'Jazz Fusion', 'Japan');
INSERT INTO artist (artist_id, artist_name, genre, country_of_origin) VALUES (51, 'Rick Mccoy', 'Indie Rock', 'Japan');
INSERT INTO artist (artist_id, artist_name, genre, country_of_origin) VALUES (52, 'Christopher Ellis', 'Techno', 'UK');
INSERT INTO artist (artist_id, artist_name, genre, country_of_origin) VALUES (53, 'Pamela King', 'Post-Punk', 'Sweden');
INSERT INTO artist (artist_id, artist_name, genre, country_of_origin) VALUES (54, 'The Yours', 'Post-Punk', 'Sweden');
INSERT INTO artist (artist_id, artist_name, genre, country_of_origin) VALUES (55, 'Steve Doyle DDS', 'Techno', 'France');
INSERT INTO artist (artist_id, artist_name, genre, country_of_origin) VALUES (56, 'The Goals', 'Techno', 'Japan');
INSERT INTO artist (artist_id, artist_name, genre, country_of_origin) VALUES (57, 'Vanessa Thomas', 'Post-Punk', 'Brazil');
INSERT INTO artist (artist_id, artist_name, genre, country_of_origin) VALUES (58, 'The Skills', 'Post-Punk', 'Iceland');
INSERT INTO artist (artist_id, artist_name, genre, country_of_origin) VALUES (59, 'The Otherss', 'Post-Punk', 'Canada');
INSERT INTO artist (artist_id, artist_name, genre, country_of_origin) VALUES (60, 'The Experts', 'Indie Rock', 'France');
INSERT INTO artist (artist_id, artist_name, genre, country_of_origin) VALUES (61, 'The Lawyers', 'Synthwave', 'France');
INSERT INTO artist (artist_id, artist_name, genre, country_of_origin) VALUES (62, 'Adam Skinner', 'Synthwave', 'France');
INSERT INTO artist (artist_id, artist_name, genre, country_of_origin) VALUES (63, 'Miss Emily Fields MD', 'Jazz Fusion', 'Sweden');
INSERT INTO artist (artist_id, artist_name, genre, country_of_origin) VALUES (64, 'George Jones', 'Bossa Nova', 'Canada');
INSERT INTO artist (artist_id, artist_name, genre, country_of_origin) VALUES (65, 'Melissa Frey', 'Techno', 'Brazil');
INSERT INTO artist (artist_id, artist_name, genre, country_of_origin) VALUES (66, 'The Plans', 'Bossa Nova', 'Brazil');
INSERT INTO artist (artist_id, artist_name, genre, country_of_origin) VALUES (67, 'Susan Murphy', 'Post-Punk', 'Japan');
INSERT INTO artist (artist_id, artist_name, genre, country_of_origin) VALUES (68, 'The Themselvess', 'Jazz Fusion', 'Sweden');
INSERT INTO artist (artist_id, artist_name, genre, country_of_origin) VALUES (69, 'The Consumers', 'Bossa Nova', 'Brazil');
INSERT INTO artist (artist_id, artist_name, genre, country_of_origin) VALUES (70, 'Devin Hernandez', 'Bossa Nova', 'Sweden');
INSERT INTO artist (artist_id, artist_name, genre, country_of_origin) VALUES (71, 'Miranda Maxwell', 'Lo-fi', 'Canada');
INSERT INTO artist (artist_id, artist_name, genre, country_of_origin) VALUES (72, 'The Americans', 'MPB', 'Australia');
INSERT INTO artist (artist_id, artist_name, genre, country_of_origin) VALUES (73, 'Aaron Espinoza', 'Lo-fi', 'UK');
INSERT INTO artist (artist_id, artist_name, genre, country_of_origin) VALUES (74, 'The Issues', 'Jazz Fusion', 'Germany');
INSERT INTO artist (artist_id, artist_name, genre, country_of_origin) VALUES (75, 'The Mrs', 'Phonk', 'Germany');
INSERT INTO artist (artist_id, artist_name, genre, country_of_origin) VALUES (76, 'Brett Richardson', 'Phonk', 'Sweden');
INSERT INTO artist (artist_id, artist_name, genre, country_of_origin) VALUES (77, 'The Trys', 'Phonk', 'UK');
INSERT INTO artist (artist_id, artist_name, genre, country_of_origin) VALUES (78, 'The Individuals', 'Phonk', 'Iceland');
INSERT INTO artist (artist_id, artist_name, genre, country_of_origin) VALUES (79, 'The Drugs', 'Lo-fi', 'UK');
INSERT INTO artist (artist_id, artist_name, genre, country_of_origin) VALUES (80, 'The Seas', 'MPB', 'Australia');
INSERT INTO artist (artist_id, artist_name, genre, country_of_origin) VALUES (81, 'Joseph Martinez', 'Jazz Fusion', 'Iceland');
INSERT INTO artist (artist_id, artist_name, genre, country_of_origin) VALUES (82, 'Andrew Small', 'Indie Rock', 'France');
INSERT INTO artist (artist_id, artist_name, genre, country_of_origin) VALUES (83, 'Chase Peterson', 'Lo-fi', 'Brazil');
INSERT INTO artist (artist_id, artist_name, genre, country_of_origin) VALUES (84, 'Renee Sanchez', 'Techno', 'Germany');
INSERT INTO artist (artist_id, artist_name, genre, country_of_origin) VALUES (85, 'Troy Whitaker MD', 'Lo-fi', 'France');
INSERT INTO artist (artist_id, artist_name, genre, country_of_origin) VALUES (86, 'The Organizations', 'Synthwave', 'USA');
INSERT INTO artist (artist_id, artist_name, genre, country_of_origin) VALUES (87, 'The Figures', 'Techno', 'Sweden');
INSERT INTO artist (artist_id, artist_name, genre, country_of_origin) VALUES (88, 'The Difficults', 'Heavy Metal', 'Iceland');
INSERT INTO artist (artist_id, artist_name, genre, country_of_origin) VALUES (89, 'The Nices', 'MPB', 'France');
INSERT INTO artist (artist_id, artist_name, genre, country_of_origin) VALUES (90, 'Amanda Thompson', 'MPB', 'UK');
INSERT INTO artist (artist_id, artist_name, genre, country_of_origin) VALUES (91, 'Nancy Taylor', 'Bossa Nova', 'Germany');
INSERT INTO artist (artist_id, artist_name, genre, country_of_origin) VALUES (92, 'Taylor Fowler', 'Synthwave', 'UK');
INSERT INTO artist (artist_id, artist_name, genre, country_of_origin) VALUES (93, 'Andrew Wright', 'Bossa Nova', 'Canada');
INSERT INTO artist (artist_id, artist_name, genre, country_of_origin) VALUES (94, 'Michael Jackson', 'Synthwave', 'France');
INSERT INTO artist (artist_id, artist_name, genre, country_of_origin) VALUES (95, 'The Datas', 'Heavy Metal', 'Sweden');
INSERT INTO artist (artist_id, artist_name, genre, country_of_origin) VALUES (96, 'Diana Martin', 'Post-Punk', 'UK');
INSERT INTO artist (artist_id, artist_name, genre, country_of_origin) VALUES (97, 'John Jones', 'Bossa Nova', 'Sweden');
INSERT INTO artist (artist_id, artist_name, genre, country_of_origin) VALUES (98, 'The Fars', 'Synthwave', 'Germany');
INSERT INTO artist (artist_id, artist_name, genre, country_of_origin) VALUES (99, 'The Figures', 'MPB', 'Australia');
INSERT INTO artist (artist_id, artist_name, genre, country_of_origin) VALUES (100, 'The Arounds', 'Bossa Nova', 'Iceland');
INSERT INTO artist (artist_id, artist_name, genre, country_of_origin) VALUES (101, 'Michael Day', 'Bossa Nova', 'Australia');
INSERT INTO artist (artist_id, artist_name, genre, country_of_origin) VALUES (102, 'The Units', 'Bossa Nova', 'Brazil');
INSERT INTO artist (artist_id, artist_name, genre, country_of_origin) VALUES (103, 'The Somebodys', 'Bossa Nova', 'UK');
INSERT INTO artist (artist_id, artist_name, genre, country_of_origin) VALUES (104, 'The Theirs', 'MPB', 'Iceland');
INSERT INTO artist (artist_id, artist_name, genre, country_of_origin) VALUES (105, 'Angela Ewing', 'MPB', 'Iceland');
INSERT INTO artist (artist_id, artist_name, genre, country_of_origin) VALUES (106, 'The Foods', 'Techno', 'Brazil');
INSERT INTO artist (artist_id, artist_name, genre, country_of_origin) VALUES (107, 'The Indicates', 'Lo-fi', 'France');
INSERT INTO artist (artist_id, artist_name, genre, country_of_origin) VALUES (108, 'Dylan Murphy', 'Lo-fi', 'France');
INSERT INTO artist (artist_id, artist_name, genre, country_of_origin) VALUES (109, 'Anthony Santiago', 'Jazz Fusion', 'Australia');
INSERT INTO artist (artist_id, artist_name, genre, country_of_origin) VALUES (110, 'The Brothers', 'Jazz Fusion', 'Iceland');
INSERT INTO artist (artist_id, artist_name, genre, country_of_origin) VALUES (111, 'Jason Price', 'Techno', 'Canada');
INSERT INTO artist (artist_id, artist_name, genre, country_of_origin) VALUES (112, 'Brian Carpenter', 'Indie Rock', 'Australia');
INSERT INTO artist (artist_id, artist_name, genre, country_of_origin) VALUES (113, 'The Banks', 'Indie Rock', 'Iceland');
INSERT INTO artist (artist_id, artist_name, genre, country_of_origin) VALUES (114, 'The Reduces', 'Bossa Nova', 'Australia');
INSERT INTO artist (artist_id, artist_name, genre, country_of_origin) VALUES (115, 'The Materials', 'Heavy Metal', 'France');
INSERT INTO artist (artist_id, artist_name, genre, country_of_origin) VALUES (116, 'The Doors', 'Jazz Fusion', 'Sweden');
INSERT INTO artist (artist_id, artist_name, genre, country_of_origin) VALUES (117, 'Sara Underwood', 'Techno', 'USA');
INSERT INTO artist (artist_id, artist_name, genre, country_of_origin) VALUES (118, 'The Rises', 'Bossa Nova', 'Japan');
INSERT INTO artist (artist_id, artist_name, genre, country_of_origin) VALUES (119, 'The Controls', 'Heavy Metal', 'Canada');
INSERT INTO artist (artist_id, artist_name, genre, country_of_origin) VALUES (120, 'The Particulars', 'Post-Punk', 'Canada');
INSERT INTO artist (artist_id, artist_name, genre, country_of_origin) VALUES (121, 'The Troubles', 'Lo-fi', 'UK');
INSERT INTO artist (artist_id, artist_name, genre, country_of_origin) VALUES (122, 'The Pms', 'Lo-fi', 'Canada');
INSERT INTO artist (artist_id, artist_name, genre, country_of_origin) VALUES (123, 'Martin Boyd', 'Phonk', 'France');
INSERT INTO artist (artist_id, artist_name, genre, country_of_origin) VALUES (124, 'The Nices', 'Phonk', 'Germany');
INSERT INTO artist (artist_id, artist_name, genre, country_of_origin) VALUES (125, 'Teresa Holt', 'Post-Punk', 'Australia');
INSERT INTO artist (artist_id, artist_name, genre, country_of_origin) VALUES (126, 'The Scientists', 'Phonk', 'France');
INSERT INTO artist (artist_id, artist_name, genre, country_of_origin) VALUES (127, 'Lauren Freeman', 'Phonk', 'Japan');
INSERT INTO artist (artist_id, artist_name, genre, country_of_origin) VALUES (128, 'James Elliott', 'Bossa Nova', 'UK');
INSERT INTO artist (artist_id, artist_name, genre, country_of_origin) VALUES (129, 'The Professors', 'Heavy Metal', 'France');
INSERT INTO artist (artist_id, artist_name, genre, country_of_origin) VALUES (130, 'The Works', 'Post-Punk', 'UK');
INSERT INTO artist (artist_id, artist_name, genre, country_of_origin) VALUES (131, 'The Nows', 'Heavy Metal', 'Canada');
INSERT INTO artist (artist_id, artist_name, genre, country_of_origin) VALUES (132, 'The Ours', 'Indie Rock', 'France');
INSERT INTO artist (artist_id, artist_name, genre, country_of_origin) VALUES (133, 'Steven Rivera', 'Synthwave', 'Japan');
INSERT INTO artist (artist_id, artist_name, genre, country_of_origin) VALUES (134, 'The Considers', 'Synthwave', 'Canada');
INSERT INTO artist (artist_id, artist_name, genre, country_of_origin) VALUES (135, 'Jamie Roberts', 'Phonk', 'Iceland');
INSERT INTO artist (artist_id, artist_name, genre, country_of_origin) VALUES (136, 'Shane Thompson', 'Lo-fi', 'UK');
INSERT INTO artist (artist_id, artist_name, genre, country_of_origin) VALUES (137, 'The Brothers', 'Phonk', 'Iceland');
INSERT INTO artist (artist_id, artist_name, genre, country_of_origin) VALUES (138, 'Kevin Thompson', 'Post-Punk', 'Iceland');
INSERT INTO artist (artist_id, artist_name, genre, country_of_origin) VALUES (139, 'The Pulls', 'MPB', 'Brazil');
INSERT INTO artist (artist_id, artist_name, genre, country_of_origin) VALUES (140, 'Paul Braun', 'MPB', 'Sweden');
INSERT INTO artist (artist_id, artist_name, genre, country_of_origin) VALUES (141, 'The Girls', 'Techno', 'Sweden');
INSERT INTO artist (artist_id, artist_name, genre, country_of_origin) VALUES (142, 'Meghan Bennett', 'Heavy Metal', 'UK');
INSERT INTO artist (artist_id, artist_name, genre, country_of_origin) VALUES (143, 'The Majors', 'Synthwave', 'Canada');
INSERT INTO artist (artist_id, artist_name, genre, country_of_origin) VALUES (144, 'Matthew Fox', 'MPB', 'USA');
INSERT INTO artist (artist_id, artist_name, genre, country_of_origin) VALUES (145, 'Wendy Flores', 'MPB', 'Australia');
INSERT INTO artist (artist_id, artist_name, genre, country_of_origin) VALUES (146, 'The Alreadys', 'Lo-fi', 'Canada');
INSERT INTO artist (artist_id, artist_name, genre, country_of_origin) VALUES (147, 'Vernon Martinez', 'Indie Rock', 'Canada');
INSERT INTO artist (artist_id, artist_name, genre, country_of_origin) VALUES (148, 'Melanie Benitez', 'Heavy Metal', 'France');
INSERT INTO artist (artist_id, artist_name, genre, country_of_origin) VALUES (149, 'Dwayne Boyd', 'Synthwave', 'Iceland');
INSERT INTO artist (artist_id, artist_name, genre, country_of_origin) VALUES (150, 'Margaret Gray', 'Synthwave', 'Japan');
INSERT INTO artist (artist_id, artist_name, genre, country_of_origin) VALUES (151, 'The Teams', 'Post-Punk', 'Sweden');
INSERT INTO artist (artist_id, artist_name, genre, country_of_origin) VALUES (152, 'The Afters', 'Lo-fi', 'Iceland');
INSERT INTO artist (artist_id, artist_name, genre, country_of_origin) VALUES (153, 'The Richs', 'Indie Rock', 'Australia');
INSERT INTO artist (artist_id, artist_name, genre, country_of_origin) VALUES (154, 'Angelica Montgomery', 'Techno', 'Brazil');
INSERT INTO artist (artist_id, artist_name, genre, country_of_origin) VALUES (155, 'Terry Parks DDS', 'Post-Punk', 'UK');
INSERT INTO artist (artist_id, artist_name, genre, country_of_origin) VALUES (156, 'The Wides', 'Bossa Nova', 'Canada');
INSERT INTO artist (artist_id, artist_name, genre, country_of_origin) VALUES (157, 'Timothy Mccarthy', 'MPB', 'Australia');
INSERT INTO artist (artist_id, artist_name, genre, country_of_origin) VALUES (158, 'The Processs', 'MPB', 'France');
INSERT INTO artist (artist_id, artist_name, genre, country_of_origin) VALUES (159, 'Sara Ferguson', 'Lo-fi', 'Japan');
INSERT INTO artist (artist_id, artist_name, genre, country_of_origin) VALUES (160, 'Lori Melton', 'Heavy Metal', 'Brazil');
INSERT INTO artist (artist_id, artist_name, genre, country_of_origin) VALUES (161, 'The Seconds', 'Bossa Nova', 'Australia');
INSERT INTO artist (artist_id, artist_name, genre, country_of_origin) VALUES (162, 'Mrs. Erin Palmer', 'Heavy Metal', 'Iceland');
INSERT INTO artist (artist_id, artist_name, genre, country_of_origin) VALUES (163, 'Jennifer Pham', 'Post-Punk', 'Iceland');
INSERT INTO artist (artist_id, artist_name, genre, country_of_origin) VALUES (164, 'Daniel Jones', 'Heavy Metal', 'Brazil');
INSERT INTO artist (artist_id, artist_name, genre, country_of_origin) VALUES (165, 'Brandon Williams', 'MPB', 'Canada');
INSERT INTO artist (artist_id, artist_name, genre, country_of_origin) VALUES (166, 'The Countrys', 'Bossa Nova', 'Iceland');
INSERT INTO artist (artist_id, artist_name, genre, country_of_origin) VALUES (167, 'Timothy Williams', 'Post-Punk', 'USA');
INSERT INTO artist (artist_id, artist_name, genre, country_of_origin) VALUES (168, 'Hannah Huang', 'Techno', 'Canada');
INSERT INTO artist (artist_id, artist_name, genre, country_of_origin) VALUES (169, 'The Catchs', 'Heavy Metal', 'USA');
INSERT INTO artist (artist_id, artist_name, genre, country_of_origin) VALUES (170, 'Carl Myers', 'Synthwave', 'UK');
INSERT INTO artist (artist_id, artist_name, genre, country_of_origin) VALUES (171, 'Kenneth Hobbs', 'Indie Rock', 'Germany');
INSERT INTO artist (artist_id, artist_name, genre, country_of_origin) VALUES (172, 'Allison Gibson', 'Techno', 'Australia');
INSERT INTO artist (artist_id, artist_name, genre, country_of_origin) VALUES (173, 'Vincent Martin', 'Phonk', 'Sweden');
INSERT INTO artist (artist_id, artist_name, genre, country_of_origin) VALUES (174, 'The Ontos', 'Heavy Metal', 'Australia');
INSERT INTO artist (artist_id, artist_name, genre, country_of_origin) VALUES (175, 'Tara Sanders', 'Bossa Nova', 'Canada');
INSERT INTO artist (artist_id, artist_name, genre, country_of_origin) VALUES (176, 'The Dos', 'Lo-fi', 'Brazil');
INSERT INTO artist (artist_id, artist_name, genre, country_of_origin) VALUES (177, 'Chelsea Marsh', 'Lo-fi', 'France');
INSERT INTO artist (artist_id, artist_name, genre, country_of_origin) VALUES (178, 'Randall Thompson', 'Post-Punk', 'Germany');
INSERT INTO artist (artist_id, artist_name, genre, country_of_origin) VALUES (179, 'Jennifer Smith', 'MPB', 'Canada');
INSERT INTO artist (artist_id, artist_name, genre, country_of_origin) VALUES (180, 'Melissa Beck', 'MPB', 'Australia');
INSERT INTO artist (artist_id, artist_name, genre, country_of_origin) VALUES (181, 'Sean Lewis', 'Lo-fi', 'Australia');
INSERT INTO artist (artist_id, artist_name, genre, country_of_origin) VALUES (182, 'Mr. Jonathan George MD', 'Post-Punk', 'USA');
INSERT INTO artist (artist_id, artist_name, genre, country_of_origin) VALUES (183, 'Edward Reeves', 'Techno', 'Canada');
INSERT INTO artist (artist_id, artist_name, genre, country_of_origin) VALUES (184, 'The Approachs', 'Bossa Nova', 'Australia');
INSERT INTO artist (artist_id, artist_name, genre, country_of_origin) VALUES (185, 'Carlos Butler', 'Heavy Metal', 'Australia');
INSERT INTO artist (artist_id, artist_name, genre, country_of_origin) VALUES (186, 'Samantha Jenkins', 'Techno', 'Germany');
INSERT INTO artist (artist_id, artist_name, genre, country_of_origin) VALUES (187, 'The Windows', 'Phonk', 'Germany');
INSERT INTO artist (artist_id, artist_name, genre, country_of_origin) VALUES (188, 'The Degrees', 'MPB', 'UK');
INSERT INTO artist (artist_id, artist_name, genre, country_of_origin) VALUES (189, 'The Ats', 'Jazz Fusion', 'Iceland');
INSERT INTO artist (artist_id, artist_name, genre, country_of_origin) VALUES (190, 'Benjamin Mcdonald', 'Indie Rock', 'UK');
INSERT INTO artist (artist_id, artist_name, genre, country_of_origin) VALUES (191, 'The Uss', 'Indie Rock', 'France');
INSERT INTO artist (artist_id, artist_name, genre, country_of_origin) VALUES (192, 'The Lates', 'Post-Punk', 'USA');
INSERT INTO artist (artist_id, artist_name, genre, country_of_origin) VALUES (193, 'Paul Carter', 'Jazz Fusion', 'Brazil');
INSERT INTO artist (artist_id, artist_name, genre, country_of_origin) VALUES (194, 'Heather Malone', 'Jazz Fusion', 'Canada');
INSERT INTO artist (artist_id, artist_name, genre, country_of_origin) VALUES (195, 'Donald Collins', 'Phonk', 'Japan');
INSERT INTO artist (artist_id, artist_name, genre, country_of_origin) VALUES (196, 'Timothy Paul Jr.', 'Phonk', 'Iceland');
INSERT INTO artist (artist_id, artist_name, genre, country_of_origin) VALUES (197, 'The Theres', 'Lo-fi', 'USA');
INSERT INTO artist (artist_id, artist_name, genre, country_of_origin) VALUES (198, 'The Qualitys', 'Bossa Nova', 'Germany');
INSERT INTO artist (artist_id, artist_name, genre, country_of_origin) VALUES (199, 'The Tends', 'Synthwave', 'Australia');
INSERT INTO artist (artist_id, artist_name, genre, country_of_origin) VALUES (200, 'The Boys', 'Lo-fi', 'Canada');
INSERT INTO artist (artist_id, artist_name, genre, country_of_origin) VALUES (201, 'The Adults', 'Jazz Fusion', 'Sweden');
INSERT INTO artist (artist_id, artist_name, genre, country_of_origin) VALUES (202, 'The Lives', 'MPB', 'Japan');
INSERT INTO artist (artist_id, artist_name, genre, country_of_origin) VALUES (203, 'The Avoids', 'Techno', 'Brazil');
INSERT INTO artist (artist_id, artist_name, genre, country_of_origin) VALUES (204, 'The Americans', 'Jazz Fusion', 'USA');
INSERT INTO artist (artist_id, artist_name, genre, country_of_origin) VALUES (205, 'The Kitchens', 'Indie Rock', 'Japan');
INSERT INTO artist (artist_id, artist_name, genre, country_of_origin) VALUES (206, 'Holly Dominguez', 'Heavy Metal', 'Japan');
INSERT INTO artist (artist_id, artist_name, genre, country_of_origin) VALUES (207, 'The Shoulders', 'Techno', 'Germany');
INSERT INTO artist (artist_id, artist_name, genre, country_of_origin) VALUES (208, 'Shannon Ray', 'Lo-fi', 'Brazil');
INSERT INTO artist (artist_id, artist_name, genre, country_of_origin) VALUES (209, 'Haley Perez', 'Techno', 'Germany');
INSERT INTO artist (artist_id, artist_name, genre, country_of_origin) VALUES (210, 'Rodney Bean', 'Jazz Fusion', 'Australia');
INSERT INTO artist (artist_id, artist_name, genre, country_of_origin) VALUES (211, 'The Naturals', 'Jazz Fusion', 'Germany');
INSERT INTO artist (artist_id, artist_name, genre, country_of_origin) VALUES (212, 'Kelly Kerr', 'Heavy Metal', 'Iceland');
INSERT INTO artist (artist_id, artist_name, genre, country_of_origin) VALUES (213, 'Stephen Stokes', 'MPB', 'Germany');
INSERT INTO artist (artist_id, artist_name, genre, country_of_origin) VALUES (214, 'The Raises', 'Bossa Nova', 'France');
INSERT INTO artist (artist_id, artist_name, genre, country_of_origin) VALUES (215, 'The Certains', 'Jazz Fusion', 'Australia');
INSERT INTO artist (artist_id, artist_name, genre, country_of_origin) VALUES (216, 'The Thans', 'Indie Rock', 'Japan');
INSERT INTO artist (artist_id, artist_name, genre, country_of_origin) VALUES (217, 'Keith Harris', 'Indie Rock', 'Japan');
INSERT INTO artist (artist_id, artist_name, genre, country_of_origin) VALUES (218, 'Sue Garcia', 'Techno', 'Australia');
INSERT INTO artist (artist_id, artist_name, genre, country_of_origin) VALUES (219, 'The Visits', 'Indie Rock', 'UK');
INSERT INTO artist (artist_id, artist_name, genre, country_of_origin) VALUES (220, 'The Effects', 'Post-Punk', 'Australia');
INSERT INTO artist (artist_id, artist_name, genre, country_of_origin) VALUES (221, 'Jessica Johnson', 'Heavy Metal', 'Canada');
INSERT INTO artist (artist_id, artist_name, genre, country_of_origin) VALUES (222, 'Cassandra Hayes', 'Jazz Fusion', 'Australia');
INSERT INTO artist (artist_id, artist_name, genre, country_of_origin) VALUES (223, 'Howard Davis', 'Indie Rock', 'Brazil');
INSERT INTO artist (artist_id, artist_name, genre, country_of_origin) VALUES (224, 'Andrew Snyder', 'Heavy Metal', 'Australia');
INSERT INTO artist (artist_id, artist_name, genre, country_of_origin) VALUES (225, 'Rose Guerrero', 'Bossa Nova', 'Iceland');
INSERT INTO artist (artist_id, artist_name, genre, country_of_origin) VALUES (226, 'The Speechs', 'Indie Rock', 'Iceland');
INSERT INTO artist (artist_id, artist_name, genre, country_of_origin) VALUES (227, 'Roberta Bell', 'Heavy Metal', 'Sweden');
INSERT INTO artist (artist_id, artist_name, genre, country_of_origin) VALUES (228, 'The Darks', 'Synthwave', 'France');
INSERT INTO artist (artist_id, artist_name, genre, country_of_origin) VALUES (229, 'The Upons', 'Phonk', 'Canada');
INSERT INTO artist (artist_id, artist_name, genre, country_of_origin) VALUES (230, 'Louis Watson', 'Indie Rock', 'Japan');
INSERT INTO artist (artist_id, artist_name, genre, country_of_origin) VALUES (231, 'The Ways', 'Synthwave', 'Iceland');
INSERT INTO artist (artist_id, artist_name, genre, country_of_origin) VALUES (232, 'The Avoids', 'Indie Rock', 'Japan');
INSERT INTO artist (artist_id, artist_name, genre, country_of_origin) VALUES (233, 'Alexis Davis', 'Jazz Fusion', 'Japan');
INSERT INTO artist (artist_id, artist_name, genre, country_of_origin) VALUES (234, 'Susan Richards', 'Phonk', 'Brazil');
INSERT INTO artist (artist_id, artist_name, genre, country_of_origin) VALUES (235, 'The Drops', 'MPB', 'Brazil');
INSERT INTO artist (artist_id, artist_name, genre, country_of_origin) VALUES (236, 'The Returns', 'Jazz Fusion', 'Iceland');
INSERT INTO artist (artist_id, artist_name, genre, country_of_origin) VALUES (237, 'The Sisters', 'MPB', 'Japan');
INSERT INTO artist (artist_id, artist_name, genre, country_of_origin) VALUES (238, 'The Sevens', 'Heavy Metal', 'Sweden');
INSERT INTO artist (artist_id, artist_name, genre, country_of_origin) VALUES (239, 'Travis Chambers', 'Techno', 'USA');
INSERT INTO artist (artist_id, artist_name, genre, country_of_origin) VALUES (240, 'The Propertys', 'Techno', 'Brazil');
INSERT INTO artist (artist_id, artist_name, genre, country_of_origin) VALUES (241, 'The Whites', 'Bossa Nova', 'Japan');
INSERT INTO artist (artist_id, artist_name, genre, country_of_origin) VALUES (242, 'The Republicans', 'Synthwave', 'USA');
INSERT INTO artist (artist_id, artist_name, genre, country_of_origin) VALUES (243, 'The Financials', 'Phonk', 'Canada');
INSERT INTO artist (artist_id, artist_name, genre, country_of_origin) VALUES (244, 'The Shares', 'Bossa Nova', 'Sweden');
INSERT INTO artist (artist_id, artist_name, genre, country_of_origin) VALUES (245, 'The Mays', 'Synthwave', 'Sweden');
INSERT INTO artist (artist_id, artist_name, genre, country_of_origin) VALUES (246, 'The Himselfs', 'Lo-fi', 'France');
INSERT INTO artist (artist_id, artist_name, genre, country_of_origin) VALUES (247, 'The Americans', 'Indie Rock', 'Iceland');
INSERT INTO artist (artist_id, artist_name, genre, country_of_origin) VALUES (248, 'Alexandria Fowler', 'Lo-fi', 'Japan');
INSERT INTO artist (artist_id, artist_name, genre, country_of_origin) VALUES (249, 'The Discusss', 'Jazz Fusion', 'France');
INSERT INTO artist (artist_id, artist_name, genre, country_of_origin) VALUES (250, 'The Nationals', 'Phonk', 'Canada');
INSERT INTO artist (artist_id, artist_name, genre, country_of_origin) VALUES (251, 'The Commercials', 'Indie Rock', 'France');
INSERT INTO artist (artist_id, artist_name, genre, country_of_origin) VALUES (252, 'Joshua Wilson', 'Synthwave', 'France');
INSERT INTO artist (artist_id, artist_name, genre, country_of_origin) VALUES (253, 'Michael Silva', 'Heavy Metal', 'USA');
INSERT INTO artist (artist_id, artist_name, genre, country_of_origin) VALUES (254, 'The Asks', 'Heavy Metal', 'Brazil');
INSERT INTO artist (artist_id, artist_name, genre, country_of_origin) VALUES (255, 'Christopher Jackson', 'Techno', 'Australia');
INSERT INTO artist (artist_id, artist_name, genre, country_of_origin) VALUES (256, 'David King', 'MPB', 'Sweden');
INSERT INTO artist (artist_id, artist_name, genre, country_of_origin) VALUES (257, 'Robert Browning', 'Synthwave', 'Japan');
INSERT INTO artist (artist_id, artist_name, genre, country_of_origin) VALUES (258, 'Mrs. Savannah Hayes', 'Lo-fi', 'UK');
INSERT INTO artist (artist_id, artist_name, genre, country_of_origin) VALUES (259, 'The Everythings', 'Phonk', 'France');
INSERT INTO artist (artist_id, artist_name, genre, country_of_origin) VALUES (260, 'The Moves', 'Lo-fi', 'Sweden');
INSERT INTO artist (artist_id, artist_name, genre, country_of_origin) VALUES (261, 'Nathan Lee', 'Synthwave', 'USA');
INSERT INTO artist (artist_id, artist_name, genre, country_of_origin) VALUES (262, 'Meghan Young', 'Techno', 'Brazil');
INSERT INTO artist (artist_id, artist_name, genre, country_of_origin) VALUES (263, 'John Brown', 'MPB', 'Germany');
INSERT INTO artist (artist_id, artist_name, genre, country_of_origin) VALUES (264, 'Adam Jones', 'Heavy Metal', 'Australia');
INSERT INTO artist (artist_id, artist_name, genre, country_of_origin) VALUES (265, 'Tamara Booker', 'Phonk', 'Sweden');
INSERT INTO artist (artist_id, artist_name, genre, country_of_origin) VALUES (266, 'Dustin Sharp', 'Post-Punk', 'Germany');
INSERT INTO artist (artist_id, artist_name, genre, country_of_origin) VALUES (267, 'Jenna Jones', 'Heavy Metal', 'Japan');
INSERT INTO artist (artist_id, artist_name, genre, country_of_origin) VALUES (268, 'The Guns', 'Bossa Nova', 'France');
INSERT INTO artist (artist_id, artist_name, genre, country_of_origin) VALUES (269, 'The Shoulders', 'Indie Rock', 'Sweden');
INSERT INTO artist (artist_id, artist_name, genre, country_of_origin) VALUES (270, 'The Helps', 'Bossa Nova', 'Germany');
INSERT INTO artist (artist_id, artist_name, genre, country_of_origin) VALUES (271, 'The Serves', 'Phonk', 'Iceland');
INSERT INTO artist (artist_id, artist_name, genre, country_of_origin) VALUES (272, 'Melinda Harris', 'Phonk', 'Japan');
INSERT INTO artist (artist_id, artist_name, genre, country_of_origin) VALUES (273, 'The Pressures', 'Lo-fi', 'Canada');
INSERT INTO artist (artist_id, artist_name, genre, country_of_origin) VALUES (274, 'Ruth Morrison', 'Indie Rock', 'UK');
INSERT INTO artist (artist_id, artist_name, genre, country_of_origin) VALUES (275, 'Laura Thomas', 'Indie Rock', 'Australia');
INSERT INTO artist (artist_id, artist_name, genre, country_of_origin) VALUES (276, 'The Forgets', 'Jazz Fusion', 'USA');
INSERT INTO artist (artist_id, artist_name, genre, country_of_origin) VALUES (277, 'Megan Nelson', 'Jazz Fusion', 'Australia');
INSERT INTO artist (artist_id, artist_name, genre, country_of_origin) VALUES (278, 'The Generals', 'Techno', 'Iceland');
INSERT INTO artist (artist_id, artist_name, genre, country_of_origin) VALUES (279, 'Robert Williams', 'Jazz Fusion', 'Australia');
INSERT INTO artist (artist_id, artist_name, genre, country_of_origin) VALUES (280, 'Roger Barron', 'Post-Punk', 'Australia');
INSERT INTO artist (artist_id, artist_name, genre, country_of_origin) VALUES (281, 'The Officials', 'Lo-fi', 'Australia');
INSERT INTO artist (artist_id, artist_name, genre, country_of_origin) VALUES (282, 'Lauren Allen', 'Bossa Nova', 'Japan');
INSERT INTO artist (artist_id, artist_name, genre, country_of_origin) VALUES (283, 'The Decisions', 'Heavy Metal', 'Australia');
INSERT INTO artist (artist_id, artist_name, genre, country_of_origin) VALUES (284, 'The Husbands', 'Lo-fi', 'Sweden');
INSERT INTO artist (artist_id, artist_name, genre, country_of_origin) VALUES (285, 'Jason Odonnell', 'Bossa Nova', 'Japan');
INSERT INTO artist (artist_id, artist_name, genre, country_of_origin) VALUES (286, 'The Times', 'Jazz Fusion', 'France');
INSERT INTO artist (artist_id, artist_name, genre, country_of_origin) VALUES (287, 'The Heads', 'Heavy Metal', 'UK');
INSERT INTO artist (artist_id, artist_name, genre, country_of_origin) VALUES (288, 'The Brothers', 'Jazz Fusion', 'Australia');
INSERT INTO artist (artist_id, artist_name, genre, country_of_origin) VALUES (289, 'Timothy Padilla II', 'Jazz Fusion', 'Brazil');
INSERT INTO artist (artist_id, artist_name, genre, country_of_origin) VALUES (290, 'Michael Nguyen', 'Heavy Metal', 'Germany');
INSERT INTO artist (artist_id, artist_name, genre, country_of_origin) VALUES (291, 'The Strategys', 'MPB', 'Sweden');
INSERT INTO artist (artist_id, artist_name, genre, country_of_origin) VALUES (292, 'Billy Johnson', 'Synthwave', 'Japan');
INSERT INTO artist (artist_id, artist_name, genre, country_of_origin) VALUES (293, 'Thomas Burton', 'Phonk', 'Brazil');
INSERT INTO artist (artist_id, artist_name, genre, country_of_origin) VALUES (294, 'The Itselfs', 'Bossa Nova', 'Sweden');
INSERT INTO artist (artist_id, artist_name, genre, country_of_origin) VALUES (295, 'The Windows', 'Phonk', 'Australia');
INSERT INTO artist (artist_id, artist_name, genre, country_of_origin) VALUES (296, 'James Cohen', 'MPB', 'USA');
INSERT INTO artist (artist_id, artist_name, genre, country_of_origin) VALUES (297, 'The Goods', 'Techno', 'Sweden');
INSERT INTO artist (artist_id, artist_name, genre, country_of_origin) VALUES (298, 'Ronald Warren', 'Phonk', 'Iceland');
INSERT INTO artist (artist_id, artist_name, genre, country_of_origin) VALUES (299, 'Erica Jenkins', 'MPB', 'UK');
INSERT INTO artist (artist_id, artist_name, genre, country_of_origin) VALUES (300, 'The Treats', 'MPB', 'Japan');
INSERT INTO artist (artist_id, artist_name, genre, country_of_origin) VALUES (301, 'David Macdonald', 'Techno', 'Sweden');
INSERT INTO artist (artist_id, artist_name, genre, country_of_origin) VALUES (302, 'Amanda Williams', 'Phonk', 'USA');
INSERT INTO artist (artist_id, artist_name, genre, country_of_origin) VALUES (303, 'The Hots', 'Indie Rock', 'Japan');
INSERT INTO artist (artist_id, artist_name, genre, country_of_origin) VALUES (304, 'Colleen Lopez', 'Phonk', 'Canada');
INSERT INTO artist (artist_id, artist_name, genre, country_of_origin) VALUES (305, 'The Investments', 'Bossa Nova', 'Canada');
INSERT INTO artist (artist_id, artist_name, genre, country_of_origin) VALUES (306, 'The Mores', 'Lo-fi', 'Canada');
INSERT INTO artist (artist_id, artist_name, genre, country_of_origin) VALUES (307, 'The Establishs', 'Bossa Nova', 'Brazil');
INSERT INTO artist (artist_id, artist_name, genre, country_of_origin) VALUES (308, 'Thomas Sweeney', 'Bossa Nova', 'Brazil');
INSERT INTO artist (artist_id, artist_name, genre, country_of_origin) VALUES (309, 'Pamela Boyle', 'Heavy Metal', 'Canada');
INSERT INTO artist (artist_id, artist_name, genre, country_of_origin) VALUES (310, 'Carlos Sexton', 'Bossa Nova', 'UK');
INSERT INTO artist (artist_id, artist_name, genre, country_of_origin) VALUES (311, 'The Trials', 'Indie Rock', 'Iceland');
INSERT INTO artist (artist_id, artist_name, genre, country_of_origin) VALUES (312, 'Anna Taylor', 'Synthwave', 'Sweden');
INSERT INTO artist (artist_id, artist_name, genre, country_of_origin) VALUES (313, 'Robert Grant', 'MPB', 'Japan');
INSERT INTO artist (artist_id, artist_name, genre, country_of_origin) VALUES (314, 'The Improves', 'Post-Punk', 'UK');
INSERT INTO artist (artist_id, artist_name, genre, country_of_origin) VALUES (315, 'Melissa Marks', 'Lo-fi', 'France');
INSERT INTO artist (artist_id, artist_name, genre, country_of_origin) VALUES (316, 'The Alones', 'Synthwave', 'Germany');
INSERT INTO artist (artist_id, artist_name, genre, country_of_origin) VALUES (317, 'The Floors', 'Jazz Fusion', 'Australia');
INSERT INTO artist (artist_id, artist_name, genre, country_of_origin) VALUES (318, 'The Musts', 'Synthwave', 'Canada');
INSERT INTO artist (artist_id, artist_name, genre, country_of_origin) VALUES (319, 'Christopher Baxter', 'Post-Punk', 'Japan');
INSERT INTO artist (artist_id, artist_name, genre, country_of_origin) VALUES (320, 'The Customers', 'Synthwave', 'Iceland');
INSERT INTO artist (artist_id, artist_name, genre, country_of_origin) VALUES (321, 'The Mores', 'MPB', 'Germany');
INSERT INTO artist (artist_id, artist_name, genre, country_of_origin) VALUES (322, 'William Garcia', 'Post-Punk', 'Sweden');
INSERT INTO artist (artist_id, artist_name, genre, country_of_origin) VALUES (323, 'Megan Kaufman', 'MPB', 'Brazil');
INSERT INTO artist (artist_id, artist_name, genre, country_of_origin) VALUES (324, 'The Indicates', 'Heavy Metal', 'Canada');
INSERT INTO artist (artist_id, artist_name, genre, country_of_origin) VALUES (325, 'Steve Shaw', 'Indie Rock', 'Brazil');
INSERT INTO artist (artist_id, artist_name, genre, country_of_origin) VALUES (326, 'The Bars', 'MPB', 'Australia');
INSERT INTO artist (artist_id, artist_name, genre, country_of_origin) VALUES (327, 'The Examples', 'Lo-fi', 'Australia');
INSERT INTO artist (artist_id, artist_name, genre, country_of_origin) VALUES (328, 'The Numbers', 'MPB', 'Japan');
INSERT INTO artist (artist_id, artist_name, genre, country_of_origin) VALUES (329, 'The Beyonds', 'Indie Rock', 'Germany');
INSERT INTO artist (artist_id, artist_name, genre, country_of_origin) VALUES (330, 'Mark Crawford', 'Synthwave', 'Iceland');
INSERT INTO artist (artist_id, artist_name, genre, country_of_origin) VALUES (331, 'Arthur Miller', 'MPB', 'Brazil');
INSERT INTO artist (artist_id, artist_name, genre, country_of_origin) VALUES (332, 'The Southerns', 'Indie Rock', 'Japan');
INSERT INTO artist (artist_id, artist_name, genre, country_of_origin) VALUES (333, 'The Efforts', 'MPB', 'Canada');
INSERT INTO artist (artist_id, artist_name, genre, country_of_origin) VALUES (334, 'The Anys', 'Indie Rock', 'Sweden');
INSERT INTO artist (artist_id, artist_name, genre, country_of_origin) VALUES (335, 'The Childs', 'Bossa Nova', 'Canada');
INSERT INTO artist (artist_id, artist_name, genre, country_of_origin) VALUES (336, 'The Congresss', 'Post-Punk', 'UK');
INSERT INTO artist (artist_id, artist_name, genre, country_of_origin) VALUES (337, 'Kimberly Thompson MD', 'Lo-fi', 'Sweden');
INSERT INTO artist (artist_id, artist_name, genre, country_of_origin) VALUES (338, 'The Wonders', 'Heavy Metal', 'Iceland');
INSERT INTO artist (artist_id, artist_name, genre, country_of_origin) VALUES (339, 'The Situations', 'Jazz Fusion', 'Germany');
INSERT INTO artist (artist_id, artist_name, genre, country_of_origin) VALUES (340, 'Bryan Ellis', 'Indie Rock', 'Iceland');
INSERT INTO artist (artist_id, artist_name, genre, country_of_origin) VALUES (341, 'The Works', 'Phonk', 'Sweden');
INSERT INTO artist (artist_id, artist_name, genre, country_of_origin) VALUES (342, 'The Plants', 'Bossa Nova', 'Sweden');
INSERT INTO artist (artist_id, artist_name, genre, country_of_origin) VALUES (343, 'Marc Newman', 'Techno', 'USA');
INSERT INTO artist (artist_id, artist_name, genre, country_of_origin) VALUES (344, 'The Mornings', 'Bossa Nova', 'USA');
INSERT INTO artist (artist_id, artist_name, genre, country_of_origin) VALUES (345, 'The Faces', 'Synthwave', 'USA');
INSERT INTO artist (artist_id, artist_name, genre, country_of_origin) VALUES (346, 'Joseph Bennett', 'Bossa Nova', 'Japan');
INSERT INTO artist (artist_id, artist_name, genre, country_of_origin) VALUES (347, 'Allison Barajas', 'Heavy Metal', 'Japan');
INSERT INTO artist (artist_id, artist_name, genre, country_of_origin) VALUES (348, 'Michelle Hayes', 'Bossa Nova', 'Germany');
INSERT INTO artist (artist_id, artist_name, genre, country_of_origin) VALUES (349, 'The Thanks', 'Phonk', 'France');
INSERT INTO artist (artist_id, artist_name, genre, country_of_origin) VALUES (350, 'The Degrees', 'Techno', 'Iceland');
INSERT INTO artist (artist_id, artist_name, genre, country_of_origin) VALUES (351, 'Matthew Whitaker', 'Techno', 'USA');
INSERT INTO artist (artist_id, artist_name, genre, country_of_origin) VALUES (352, 'The Gass', 'Phonk', 'USA');
INSERT INTO artist (artist_id, artist_name, genre, country_of_origin) VALUES (353, 'Ashley Bolton', 'Techno', 'Brazil');
INSERT INTO artist (artist_id, artist_name, genre, country_of_origin) VALUES (354, 'The Radios', 'Post-Punk', 'Sweden');
INSERT INTO artist (artist_id, artist_name, genre, country_of_origin) VALUES (355, 'Christine Stewart', 'Phonk', 'Japan');
INSERT INTO artist (artist_id, artist_name, genre, country_of_origin) VALUES (356, 'Kevin Morris', 'Bossa Nova', 'Germany');
INSERT INTO artist (artist_id, artist_name, genre, country_of_origin) VALUES (357, 'The Totals', 'Synthwave', 'Germany');
INSERT INTO artist (artist_id, artist_name, genre, country_of_origin) VALUES (358, 'Samuel Simon', 'Techno', 'Brazil');
INSERT INTO artist (artist_id, artist_name, genre, country_of_origin) VALUES (359, 'Rachel Brown', 'Techno', 'France');
INSERT INTO artist (artist_id, artist_name, genre, country_of_origin) VALUES (360, 'Christy Young', 'Jazz Fusion', 'Japan');
INSERT INTO artist (artist_id, artist_name, genre, country_of_origin) VALUES (361, 'The Behinds', 'MPB', 'Iceland');
INSERT INTO artist (artist_id, artist_name, genre, country_of_origin) VALUES (362, 'Kathryn Lane', 'Techno', 'France');
INSERT INTO artist (artist_id, artist_name, genre, country_of_origin) VALUES (363, 'The Durings', 'Heavy Metal', 'Germany');
INSERT INTO artist (artist_id, artist_name, genre, country_of_origin) VALUES (364, 'The Alongs', 'MPB', 'Australia');
INSERT INTO artist (artist_id, artist_name, genre, country_of_origin) VALUES (365, 'Darrell Fisher', 'Indie Rock', 'UK');
INSERT INTO artist (artist_id, artist_name, genre, country_of_origin) VALUES (366, 'Jennifer Lucero', 'Indie Rock', 'Germany');
INSERT INTO artist (artist_id, artist_name, genre, country_of_origin) VALUES (367, 'The Meetings', 'Lo-fi', 'Sweden');
INSERT INTO artist (artist_id, artist_name, genre, country_of_origin) VALUES (368, 'The Opportunitys', 'Lo-fi', 'Japan');
INSERT INTO artist (artist_id, artist_name, genre, country_of_origin) VALUES (369, 'Kevin Williams', 'Jazz Fusion', 'Sweden');
INSERT INTO artist (artist_id, artist_name, genre, country_of_origin) VALUES (370, 'The Musts', 'Post-Punk', 'Brazil');
INSERT INTO artist (artist_id, artist_name, genre, country_of_origin) VALUES (371, 'The Sits', 'Bossa Nova', 'Canada');
INSERT INTO artist (artist_id, artist_name, genre, country_of_origin) VALUES (372, 'David Smith', 'Heavy Metal', 'Iceland');
INSERT INTO artist (artist_id, artist_name, genre, country_of_origin) VALUES (373, 'Trevor Russell', 'Jazz Fusion', 'Brazil');
INSERT INTO artist (artist_id, artist_name, genre, country_of_origin) VALUES (374, 'David Mcguire', 'Phonk', 'USA');
INSERT INTO artist (artist_id, artist_name, genre, country_of_origin) VALUES (375, 'Dwayne Brown', 'Jazz Fusion', 'Canada');
INSERT INTO artist (artist_id, artist_name, genre, country_of_origin) VALUES (376, 'Cindy Barrera', 'Bossa Nova', 'France');
INSERT INTO artist (artist_id, artist_name, genre, country_of_origin) VALUES (377, 'Anthony Savage', 'Heavy Metal', 'France');
INSERT INTO artist (artist_id, artist_name, genre, country_of_origin) VALUES (378, 'Joseph Torres', 'Heavy Metal', 'France');
INSERT INTO artist (artist_id, artist_name, genre, country_of_origin) VALUES (379, 'Eric Casey', 'Phonk', 'Iceland');
INSERT INTO artist (artist_id, artist_name, genre, country_of_origin) VALUES (380, 'The Alongs', 'Jazz Fusion', 'Brazil');
INSERT INTO artist (artist_id, artist_name, genre, country_of_origin) VALUES (381, 'The Rocks', 'Jazz Fusion', 'France');
INSERT INTO artist (artist_id, artist_name, genre, country_of_origin) VALUES (382, 'The Eachs', 'Bossa Nova', 'UK');
INSERT INTO artist (artist_id, artist_name, genre, country_of_origin) VALUES (383, 'The Sections', 'Jazz Fusion', 'Australia');
INSERT INTO artist (artist_id, artist_name, genre, country_of_origin) VALUES (384, 'Ronald Arellano', 'MPB', 'Iceland');
INSERT INTO artist (artist_id, artist_name, genre, country_of_origin) VALUES (385, 'Eric Palmer', 'Indie Rock', 'USA');
INSERT INTO artist (artist_id, artist_name, genre, country_of_origin) VALUES (386, 'Robert Franklin', 'Jazz Fusion', 'Iceland');
INSERT INTO artist (artist_id, artist_name, genre, country_of_origin) VALUES (387, 'The Nearlys', 'Jazz Fusion', 'Germany');
INSERT INTO artist (artist_id, artist_name, genre, country_of_origin) VALUES (388, 'The Studys', 'Indie Rock', 'France');
INSERT INTO artist (artist_id, artist_name, genre, country_of_origin) VALUES (389, 'The Languages', 'Phonk', 'Sweden');
INSERT INTO artist (artist_id, artist_name, genre, country_of_origin) VALUES (390, 'Robert Jones', 'Heavy Metal', 'Brazil');
INSERT INTO artist (artist_id, artist_name, genre, country_of_origin) VALUES (391, 'The Projects', 'Indie Rock', 'Germany');
INSERT INTO artist (artist_id, artist_name, genre, country_of_origin) VALUES (392, 'The Thuss', 'Bossa Nova', 'Iceland');
INSERT INTO artist (artist_id, artist_name, genre, country_of_origin) VALUES (393, 'Nancy Bonilla', 'Heavy Metal', 'Sweden');
INSERT INTO artist (artist_id, artist_name, genre, country_of_origin) VALUES (394, 'Adam Nichols', 'Heavy Metal', 'Canada');
INSERT INTO artist (artist_id, artist_name, genre, country_of_origin) VALUES (395, 'The Managers', 'Indie Rock', 'UK');
INSERT INTO artist (artist_id, artist_name, genre, country_of_origin) VALUES (396, 'The Allows', 'Phonk', 'Sweden');
INSERT INTO artist (artist_id, artist_name, genre, country_of_origin) VALUES (397, 'Kathryn Brandt', 'Bossa Nova', 'Canada');
INSERT INTO artist (artist_id, artist_name, genre, country_of_origin) VALUES (398, 'Stephanie Buckley', 'MPB', 'Iceland');
INSERT INTO artist (artist_id, artist_name, genre, country_of_origin) VALUES (399, 'The Clearlys', 'Heavy Metal', 'Australia');
INSERT INTO artist (artist_id, artist_name, genre, country_of_origin) VALUES (400, 'The Ways', 'MPB', 'Germany');

-- INSERT ALBUMS AND SONGS
INSERT INTO album (album_id, artist_id, title, release_year, created_at) VALUES (1, 1, 'Phased logistical help-desk', 1971, NOW());
INSERT INTO song (song_id, album_id, name, duration_seconds, bpm, track_number) VALUES (1, 1, 'Media fire', 455, 66, 1);
INSERT INTO song (song_id, album_id, name, duration_seconds, bpm, track_number) VALUES (2, 1, 'Become', 394, 89, 2);
INSERT INTO song (song_id, album_id, name, duration_seconds, bpm, track_number) VALUES (3, 1, 'Our', 245, 72, 3);
INSERT INTO song (song_id, album_id, name, duration_seconds, bpm, track_number) VALUES (4, 1, 'Dark', 175, 131, 4);
INSERT INTO song (song_id, album_id, name, duration_seconds, bpm, track_number) VALUES (5, 1, 'He', 342, 167, 5);
INSERT INTO song (song_id, album_id, name, duration_seconds, bpm, track_number) VALUES (6, 1, 'Last college', 168, 82, 6);
INSERT INTO song (song_id, album_id, name, duration_seconds, bpm, track_number) VALUES (7, 1, 'Laugh area though', 334, 133, 7);
INSERT INTO song (song_id, album_id, name, duration_seconds, bpm, track_number) VALUES (8, 1, 'Air three and finish', 433, 107, 8);
INSERT INTO song (song_id, album_id, name, duration_seconds, bpm, track_number) VALUES (9, 1, 'History', 360, 81, 9);
INSERT INTO song (song_id, album_id, name, duration_seconds, bpm, track_number) VALUES (10, 1, 'Identify her', 132, 166, 10);
INSERT INTO album (album_id, artist_id, title, release_year, created_at) VALUES (2, 2, 'Cloned radical project', 1974, NOW());
INSERT INTO song (song_id, album_id, name, duration_seconds, bpm, track_number) VALUES (11, 2, 'Take great next truth', 268, 149, 1);
INSERT INTO song (song_id, album_id, name, duration_seconds, bpm, track_number) VALUES (12, 2, 'Quickly during occur heart this', 252, 101, 2);
INSERT INTO song (song_id, album_id, name, duration_seconds, bpm, track_number) VALUES (13, 2, 'Good away as', 311, 66, 3);
INSERT INTO song (song_id, album_id, name, duration_seconds, bpm, track_number) VALUES (14, 2, 'Person', 454, 118, 4);
INSERT INTO song (song_id, album_id, name, duration_seconds, bpm, track_number) VALUES (15, 2, 'Matter', 243, 133, 5);
INSERT INTO song (song_id, album_id, name, duration_seconds, bpm, track_number) VALUES (16, 2, 'Recently', 342, 122, 6);
INSERT INTO album (album_id, artist_id, title, release_year, created_at) VALUES (3, 2, 'Streamlined coherent data-warehouse', 2019, NOW());
INSERT INTO song (song_id, album_id, name, duration_seconds, bpm, track_number) VALUES (17, 3, 'Speak', 126, 70, 1);
INSERT INTO song (song_id, album_id, name, duration_seconds, bpm, track_number) VALUES (18, 3, 'Present institution old throughout', 155, 133, 2);
INSERT INTO song (song_id, album_id, name, duration_seconds, bpm, track_number) VALUES (19, 3, 'Research drive', 176, 147, 3);
INSERT INTO song (song_id, album_id, name, duration_seconds, bpm, track_number) VALUES (20, 3, 'Scientist sometimes', 198, 102, 4);
INSERT INTO song (song_id, album_id, name, duration_seconds, bpm, track_number) VALUES (21, 3, 'Reality', 442, 98, 5);
INSERT INTO song (song_id, album_id, name, duration_seconds, bpm, track_number) VALUES (22, 3, 'Not west account laugh', 335, 148, 6);
INSERT INTO album (album_id, artist_id, title, release_year, created_at) VALUES (4, 2, 'Extended didactic strategy', 2015, NOW());
INSERT INTO song (song_id, album_id, name, duration_seconds, bpm, track_number) VALUES (23, 4, 'Guy', 351, 130, 1);
INSERT INTO song (song_id, album_id, name, duration_seconds, bpm, track_number) VALUES (24, 4, 'Feel', 256, 68, 2);
INSERT INTO song (song_id, album_id, name, duration_seconds, bpm, track_number) VALUES (25, 4, 'Soon', 455, 102, 3);
INSERT INTO song (song_id, album_id, name, duration_seconds, bpm, track_number) VALUES (26, 4, 'American house audience game computer', 281, 90, 4);
INSERT INTO song (song_id, album_id, name, duration_seconds, bpm, track_number) VALUES (27, 4, 'Child process forward', 198, 130, 5);
INSERT INTO song (song_id, album_id, name, duration_seconds, bpm, track_number) VALUES (28, 4, 'Task', 474, 159, 6);
INSERT INTO song (song_id, album_id, name, duration_seconds, bpm, track_number) VALUES (29, 4, 'Relate hospital', 350, 89, 7);
INSERT INTO song (song_id, album_id, name, duration_seconds, bpm, track_number) VALUES (30, 4, 'Worry', 163, 60, 8);
INSERT INTO album (album_id, artist_id, title, release_year, created_at) VALUES (5, 3, 'Visionary zero administration capability', 1993, NOW());
INSERT INTO song (song_id, album_id, name, duration_seconds, bpm, track_number) VALUES (31, 5, 'Throw condition there together', 446, 96, 1);
INSERT INTO song (song_id, album_id, name, duration_seconds, bpm, track_number) VALUES (32, 5, 'Significant page lot level', 207, 155, 2);
INSERT INTO song (song_id, album_id, name, duration_seconds, bpm, track_number) VALUES (33, 5, 'Over', 452, 129, 3);
INSERT INTO song (song_id, album_id, name, duration_seconds, bpm, track_number) VALUES (34, 5, 'Your offer happy', 396, 115, 4);
INSERT INTO song (song_id, album_id, name, duration_seconds, bpm, track_number) VALUES (35, 5, 'Box war remain', 475, 86, 5);
INSERT INTO song (song_id, album_id, name, duration_seconds, bpm, track_number) VALUES (36, 5, 'Science', 174, 64, 6);
INSERT INTO song (song_id, album_id, name, duration_seconds, bpm, track_number) VALUES (37, 5, 'Toward', 254, 100, 7);
INSERT INTO album (album_id, artist_id, title, release_year, created_at) VALUES (6, 3, 'Vision-oriented needs-based strategy', 1973, NOW());
INSERT INTO song (song_id, album_id, name, duration_seconds, bpm, track_number) VALUES (38, 6, 'Water whom pattern', 306, 88, 1);
INSERT INTO song (song_id, album_id, name, duration_seconds, bpm, track_number) VALUES (39, 6, 'Try', 480, 61, 2);
INSERT INTO song (song_id, album_id, name, duration_seconds, bpm, track_number) VALUES (40, 6, 'Husband paper back reveal', 251, 66, 3);
INSERT INTO song (song_id, album_id, name, duration_seconds, bpm, track_number) VALUES (41, 6, 'Standard', 409, 150, 4);
INSERT INTO song (song_id, album_id, name, duration_seconds, bpm, track_number) VALUES (42, 6, 'Glass watch', 378, 170, 5);
INSERT INTO song (song_id, album_id, name, duration_seconds, bpm, track_number) VALUES (43, 6, 'Consider', 138, 99, 6);
INSERT INTO song (song_id, album_id, name, duration_seconds, bpm, track_number) VALUES (44, 6, 'Read', 227, 143, 7);
INSERT INTO album (album_id, artist_id, title, release_year, created_at) VALUES (7, 3, 'Re-contextualized discrete productivity', 1970, NOW());
INSERT INTO song (song_id, album_id, name, duration_seconds, bpm, track_number) VALUES (45, 7, 'Police', 436, 162, 1);
INSERT INTO song (song_id, album_id, name, duration_seconds, bpm, track_number) VALUES (46, 7, 'Conference', 329, 155, 2);
INSERT INTO song (song_id, album_id, name, duration_seconds, bpm, track_number) VALUES (47, 7, 'Young successful present', 298, 61, 3);
INSERT INTO song (song_id, album_id, name, duration_seconds, bpm, track_number) VALUES (48, 7, 'Class even bed', 344, 127, 4);
INSERT INTO song (song_id, album_id, name, duration_seconds, bpm, track_number) VALUES (49, 7, 'Term', 382, 72, 5);
INSERT INTO song (song_id, album_id, name, duration_seconds, bpm, track_number) VALUES (50, 7, 'Deal within often', 298, 92, 6);
INSERT INTO song (song_id, album_id, name, duration_seconds, bpm, track_number) VALUES (51, 7, 'Bad off', 332, 158, 7);
INSERT INTO song (song_id, album_id, name, duration_seconds, bpm, track_number) VALUES (52, 7, 'Approach', 212, 180, 8);
INSERT INTO song (song_id, album_id, name, duration_seconds, bpm, track_number) VALUES (53, 7, 'Apply', 315, 113, 9);
INSERT INTO song (song_id, album_id, name, duration_seconds, bpm, track_number) VALUES (54, 7, 'Assume', 326, 159, 10);
INSERT INTO album (album_id, artist_id, title, release_year, created_at) VALUES (8, 4, 'Monitored global orchestration', 2002, NOW());
INSERT INTO song (song_id, album_id, name, duration_seconds, bpm, track_number) VALUES (55, 8, 'Something many like', 347, 101, 1);
INSERT INTO song (song_id, album_id, name, duration_seconds, bpm, track_number) VALUES (56, 8, 'Kind pattern dinner stop', 153, 62, 2);
INSERT INTO song (song_id, album_id, name, duration_seconds, bpm, track_number) VALUES (57, 8, 'Alone', 418, 77, 3);
INSERT INTO song (song_id, album_id, name, duration_seconds, bpm, track_number) VALUES (58, 8, 'Station', 230, 110, 4);
INSERT INTO song (song_id, album_id, name, duration_seconds, bpm, track_number) VALUES (59, 8, 'Air', 190, 127, 5);
INSERT INTO song (song_id, album_id, name, duration_seconds, bpm, track_number) VALUES (60, 8, 'Defense', 122, 133, 6);
INSERT INTO song (song_id, album_id, name, duration_seconds, bpm, track_number) VALUES (61, 8, 'Nature bag', 268, 132, 7);
INSERT INTO song (song_id, album_id, name, duration_seconds, bpm, track_number) VALUES (62, 8, 'Government account set', 302, 140, 8);
INSERT INTO song (song_id, album_id, name, duration_seconds, bpm, track_number) VALUES (63, 8, 'American', 257, 91, 9);
INSERT INTO song (song_id, album_id, name, duration_seconds, bpm, track_number) VALUES (64, 8, 'Fall hotel', 422, 83, 10);
INSERT INTO album (album_id, artist_id, title, release_year, created_at) VALUES (9, 4, 'Innovative dedicated infrastructure', 1999, NOW());
INSERT INTO song (song_id, album_id, name, duration_seconds, bpm, track_number) VALUES (65, 9, 'Call', 323, 82, 1);
INSERT INTO song (song_id, album_id, name, duration_seconds, bpm, track_number) VALUES (66, 9, 'Toward', 442, 88, 2);
INSERT INTO song (song_id, album_id, name, duration_seconds, bpm, track_number) VALUES (67, 9, 'Thing short thousand', 175, 126, 3);
INSERT INTO song (song_id, album_id, name, duration_seconds, bpm, track_number) VALUES (68, 9, 'Point final pretty', 371, 122, 4);
INSERT INTO song (song_id, album_id, name, duration_seconds, bpm, track_number) VALUES (69, 9, 'He', 379, 147, 5);
INSERT INTO song (song_id, album_id, name, duration_seconds, bpm, track_number) VALUES (70, 9, 'Also car', 211, 90, 6);
INSERT INTO album (album_id, artist_id, title, release_year, created_at) VALUES (10, 4, 'Devolved user-facing Internet solution', 2022, NOW());
INSERT INTO song (song_id, album_id, name, duration_seconds, bpm, track_number) VALUES (71, 10, 'Nice social small less beautiful', 400, 177, 1);
INSERT INTO song (song_id, album_id, name, duration_seconds, bpm, track_number) VALUES (72, 10, 'Town will', 248, 147, 2);
INSERT INTO song (song_id, album_id, name, duration_seconds, bpm, track_number) VALUES (73, 10, 'Street carry', 327, 162, 3);
INSERT INTO song (song_id, album_id, name, duration_seconds, bpm, track_number) VALUES (74, 10, 'Care water', 309, 112, 4);
INSERT INTO song (song_id, album_id, name, duration_seconds, bpm, track_number) VALUES (75, 10, 'Score', 275, 135, 5);
INSERT INTO song (song_id, album_id, name, duration_seconds, bpm, track_number) VALUES (76, 10, 'High positive', 444, 121, 6);
INSERT INTO song (song_id, album_id, name, duration_seconds, bpm, track_number) VALUES (77, 10, 'Camera drop out', 133, 81, 7);
INSERT INTO song (song_id, album_id, name, duration_seconds, bpm, track_number) VALUES (78, 10, 'Yeah account black realize', 259, 85, 8);
INSERT INTO song (song_id, album_id, name, duration_seconds, bpm, track_number) VALUES (79, 10, 'Structure', 187, 146, 9);
INSERT INTO song (song_id, album_id, name, duration_seconds, bpm, track_number) VALUES (80, 10, 'Staff', 338, 111, 10);
INSERT INTO album (album_id, artist_id, title, release_year, created_at) VALUES (11, 5, 'Profound reciprocal hub', 2019, NOW());
INSERT INTO song (song_id, album_id, name, duration_seconds, bpm, track_number) VALUES (81, 11, 'End', 273, 132, 1);
INSERT INTO song (song_id, album_id, name, duration_seconds, bpm, track_number) VALUES (82, 11, 'Large effort race main direction', 301, 119, 2);
INSERT INTO song (song_id, album_id, name, duration_seconds, bpm, track_number) VALUES (83, 11, 'Right', 380, 160, 3);
INSERT INTO song (song_id, album_id, name, duration_seconds, bpm, track_number) VALUES (84, 11, 'Surface', 379, 67, 4);
INSERT INTO song (song_id, album_id, name, duration_seconds, bpm, track_number) VALUES (85, 11, 'Ask share right with nation', 245, 144, 5);
INSERT INTO album (album_id, artist_id, title, release_year, created_at) VALUES (12, 5, 'Enhanced holistic software', 1991, NOW());
INSERT INTO song (song_id, album_id, name, duration_seconds, bpm, track_number) VALUES (86, 12, 'Green order', 435, 128, 1);
INSERT INTO song (song_id, album_id, name, duration_seconds, bpm, track_number) VALUES (87, 12, 'So environmental who', 185, 89, 2);
INSERT INTO song (song_id, album_id, name, duration_seconds, bpm, track_number) VALUES (88, 12, 'Environment', 164, 163, 3);
INSERT INTO song (song_id, album_id, name, duration_seconds, bpm, track_number) VALUES (89, 12, 'Job up', 389, 166, 4);
INSERT INTO song (song_id, album_id, name, duration_seconds, bpm, track_number) VALUES (90, 12, 'Big trade trade bad', 455, 159, 5);
INSERT INTO album (album_id, artist_id, title, release_year, created_at) VALUES (13, 5, 'Ameliorated empowering knowledge user', 1998, NOW());
INSERT INTO song (song_id, album_id, name, duration_seconds, bpm, track_number) VALUES (91, 13, 'Term', 399, 126, 1);
INSERT INTO song (song_id, album_id, name, duration_seconds, bpm, track_number) VALUES (92, 13, 'Stay back use', 333, 123, 2);
INSERT INTO song (song_id, album_id, name, duration_seconds, bpm, track_number) VALUES (93, 13, 'Both fund career sign', 362, 79, 3);
INSERT INTO song (song_id, album_id, name, duration_seconds, bpm, track_number) VALUES (94, 13, 'Large', 129, 85, 4);
INSERT INTO song (song_id, album_id, name, duration_seconds, bpm, track_number) VALUES (95, 13, 'Agreement', 258, 126, 5);
INSERT INTO song (song_id, album_id, name, duration_seconds, bpm, track_number) VALUES (96, 13, 'Similar view', 398, 164, 6);
INSERT INTO song (song_id, album_id, name, duration_seconds, bpm, track_number) VALUES (97, 13, 'Of watch', 168, 118, 7);
INSERT INTO song (song_id, album_id, name, duration_seconds, bpm, track_number) VALUES (98, 13, 'Pressure unit', 201, 120, 8);
INSERT INTO album (album_id, artist_id, title, release_year, created_at) VALUES (14, 6, 'Multi-layered empowering frame', 2010, NOW());
INSERT INTO song (song_id, album_id, name, duration_seconds, bpm, track_number) VALUES (99, 14, 'Smile sit movie', 350, 135, 1);
INSERT INTO song (song_id, album_id, name, duration_seconds, bpm, track_number) VALUES (100, 14, 'Person management some participant', 407, 163, 2);
INSERT INTO song (song_id, album_id, name, duration_seconds, bpm, track_number) VALUES (101, 14, 'Theory attention pretty', 358, 80, 3);
INSERT INTO song (song_id, album_id, name, duration_seconds, bpm, track_number) VALUES (102, 14, 'Record yourself', 371, 155, 4);
INSERT INTO song (song_id, album_id, name, duration_seconds, bpm, track_number) VALUES (103, 14, 'Arrive', 437, 83, 5);
INSERT INTO song (song_id, album_id, name, duration_seconds, bpm, track_number) VALUES (104, 14, 'Forward', 232, 84, 6);
INSERT INTO song (song_id, album_id, name, duration_seconds, bpm, track_number) VALUES (105, 14, 'Lose throw', 323, 105, 7);
INSERT INTO album (album_id, artist_id, title, release_year, created_at) VALUES (15, 6, 'De-engineered methodical encryption', 1974, NOW());
INSERT INTO song (song_id, album_id, name, duration_seconds, bpm, track_number) VALUES (106, 15, 'Event', 296, 65, 1);
INSERT INTO song (song_id, album_id, name, duration_seconds, bpm, track_number) VALUES (107, 15, 'Own', 449, 95, 2);
INSERT INTO song (song_id, album_id, name, duration_seconds, bpm, track_number) VALUES (108, 15, 'Final', 423, 60, 3);
INSERT INTO song (song_id, album_id, name, duration_seconds, bpm, track_number) VALUES (109, 15, 'Share rule', 383, 77, 4);
INSERT INTO song (song_id, album_id, name, duration_seconds, bpm, track_number) VALUES (110, 15, 'Professional involve', 324, 112, 5);
INSERT INTO song (song_id, album_id, name, duration_seconds, bpm, track_number) VALUES (111, 15, 'Believe', 351, 86, 6);
INSERT INTO song (song_id, album_id, name, duration_seconds, bpm, track_number) VALUES (112, 15, 'Security break', 369, 166, 7);
INSERT INTO song (song_id, album_id, name, duration_seconds, bpm, track_number) VALUES (113, 15, 'Figure rest', 244, 105, 8);
INSERT INTO album (album_id, artist_id, title, release_year, created_at) VALUES (16, 6, 'Up-sized intangible knowledgebase', 2011, NOW());
INSERT INTO song (song_id, album_id, name, duration_seconds, bpm, track_number) VALUES (114, 16, 'Account minute', 479, 164, 1);
INSERT INTO song (song_id, album_id, name, duration_seconds, bpm, track_number) VALUES (115, 16, 'Game animal guess year', 136, 135, 2);
INSERT INTO song (song_id, album_id, name, duration_seconds, bpm, track_number) VALUES (116, 16, 'Television bag first', 425, 143, 3);
INSERT INTO song (song_id, album_id, name, duration_seconds, bpm, track_number) VALUES (117, 16, 'Safe', 477, 69, 4);
INSERT INTO song (song_id, album_id, name, duration_seconds, bpm, track_number) VALUES (118, 16, 'Film take', 216, 154, 5);
INSERT INTO album (album_id, artist_id, title, release_year, created_at) VALUES (17, 7, 'Cross-platform dedicated attitude', 2022, NOW());
INSERT INTO song (song_id, album_id, name, duration_seconds, bpm, track_number) VALUES (119, 17, 'Respond fill as', 419, 103, 1);
INSERT INTO song (song_id, album_id, name, duration_seconds, bpm, track_number) VALUES (120, 17, 'Character', 252, 139, 2);
INSERT INTO song (song_id, album_id, name, duration_seconds, bpm, track_number) VALUES (121, 17, 'Would', 186, 102, 3);
INSERT INTO song (song_id, album_id, name, duration_seconds, bpm, track_number) VALUES (122, 17, 'Last dark avoid', 282, 118, 4);
INSERT INTO song (song_id, album_id, name, duration_seconds, bpm, track_number) VALUES (123, 17, 'Dinner note election old ready', 370, 78, 5);
INSERT INTO song (song_id, album_id, name, duration_seconds, bpm, track_number) VALUES (124, 17, 'Sense someone', 397, 159, 6);
INSERT INTO song (song_id, album_id, name, duration_seconds, bpm, track_number) VALUES (125, 17, 'Care material scientist', 476, 121, 7);
INSERT INTO song (song_id, album_id, name, duration_seconds, bpm, track_number) VALUES (126, 17, 'Radio bed music', 211, 173, 8);
INSERT INTO song (song_id, album_id, name, duration_seconds, bpm, track_number) VALUES (127, 17, 'Hour people color', 449, 76, 9);
INSERT INTO album (album_id, artist_id, title, release_year, created_at) VALUES (18, 7, 'Diverse transitional hardware', 2026, NOW());
INSERT INTO song (song_id, album_id, name, duration_seconds, bpm, track_number) VALUES (128, 18, 'Daughter skin girl', 411, 89, 1);
INSERT INTO song (song_id, album_id, name, duration_seconds, bpm, track_number) VALUES (129, 18, 'Friend easy', 170, 104, 2);
INSERT INTO song (song_id, album_id, name, duration_seconds, bpm, track_number) VALUES (130, 18, 'Make', 271, 157, 3);
INSERT INTO song (song_id, album_id, name, duration_seconds, bpm, track_number) VALUES (131, 18, 'Late box', 261, 174, 4);
INSERT INTO song (song_id, album_id, name, duration_seconds, bpm, track_number) VALUES (132, 18, 'Result understand', 326, 165, 5);
INSERT INTO song (song_id, album_id, name, duration_seconds, bpm, track_number) VALUES (133, 18, 'Hard focus', 256, 117, 6);
INSERT INTO song (song_id, album_id, name, duration_seconds, bpm, track_number) VALUES (134, 18, 'College', 236, 104, 7);
INSERT INTO song (song_id, album_id, name, duration_seconds, bpm, track_number) VALUES (135, 18, 'Poor eat fight', 251, 141, 8);
INSERT INTO song (song_id, album_id, name, duration_seconds, bpm, track_number) VALUES (136, 18, 'Member cut marriage', 141, 129, 9);
INSERT INTO song (song_id, album_id, name, duration_seconds, bpm, track_number) VALUES (137, 18, 'Change', 233, 76, 10);
INSERT INTO album (album_id, artist_id, title, release_year, created_at) VALUES (19, 8, 'Compatible 24/7 portal', 1988, NOW());
INSERT INTO song (song_id, album_id, name, duration_seconds, bpm, track_number) VALUES (138, 19, 'Effect', 236, 128, 1);
INSERT INTO song (song_id, album_id, name, duration_seconds, bpm, track_number) VALUES (139, 19, 'Blue push', 418, 74, 2);
INSERT INTO song (song_id, album_id, name, duration_seconds, bpm, track_number) VALUES (140, 19, 'Woman who money relationship', 322, 146, 3);
INSERT INTO song (song_id, album_id, name, duration_seconds, bpm, track_number) VALUES (141, 19, 'Technology', 398, 150, 4);
INSERT INTO song (song_id, album_id, name, duration_seconds, bpm, track_number) VALUES (142, 19, 'Answer manage model', 218, 167, 5);
INSERT INTO album (album_id, artist_id, title, release_year, created_at) VALUES (20, 8, 'Centralized static productivity', 1972, NOW());
INSERT INTO song (song_id, album_id, name, duration_seconds, bpm, track_number) VALUES (143, 20, 'Western everybody', 416, 153, 1);
INSERT INTO song (song_id, album_id, name, duration_seconds, bpm, track_number) VALUES (144, 20, 'Side the since', 340, 61, 2);
INSERT INTO song (song_id, album_id, name, duration_seconds, bpm, track_number) VALUES (145, 20, 'Social effort war quality', 187, 168, 3);
INSERT INTO song (song_id, album_id, name, duration_seconds, bpm, track_number) VALUES (146, 20, 'Manager', 435, 93, 4);
INSERT INTO song (song_id, album_id, name, duration_seconds, bpm, track_number) VALUES (147, 20, 'Cultural water ready', 360, 76, 5);
INSERT INTO song (song_id, album_id, name, duration_seconds, bpm, track_number) VALUES (148, 20, 'Of', 384, 97, 6);
INSERT INTO song (song_id, album_id, name, duration_seconds, bpm, track_number) VALUES (149, 20, 'Prepare nature impact style', 344, 102, 7);
INSERT INTO album (album_id, artist_id, title, release_year, created_at) VALUES (21, 8, 'Fundamental composite Graphic Interface', 2001, NOW());
INSERT INTO song (song_id, album_id, name, duration_seconds, bpm, track_number) VALUES (150, 21, 'Safe good', 171, 133, 1);
INSERT INTO song (song_id, album_id, name, duration_seconds, bpm, track_number) VALUES (151, 21, 'Challenge very quality', 277, 118, 2);
INSERT INTO song (song_id, album_id, name, duration_seconds, bpm, track_number) VALUES (152, 21, 'Yes Mr car across from', 365, 97, 3);
INSERT INTO song (song_id, album_id, name, duration_seconds, bpm, track_number) VALUES (153, 21, 'Entire', 168, 61, 4);
INSERT INTO song (song_id, album_id, name, duration_seconds, bpm, track_number) VALUES (154, 21, 'Explain', 281, 72, 5);
INSERT INTO song (song_id, album_id, name, duration_seconds, bpm, track_number) VALUES (155, 21, 'Radio', 206, 125, 6);
INSERT INTO song (song_id, album_id, name, duration_seconds, bpm, track_number) VALUES (156, 21, 'Role would', 184, 149, 7);
INSERT INTO song (song_id, album_id, name, duration_seconds, bpm, track_number) VALUES (157, 21, 'Idea', 279, 141, 8);
INSERT INTO song (song_id, album_id, name, duration_seconds, bpm, track_number) VALUES (158, 21, 'Capital', 255, 143, 9);
INSERT INTO song (song_id, album_id, name, duration_seconds, bpm, track_number) VALUES (159, 21, 'Daughter', 146, 61, 10);
INSERT INTO album (album_id, artist_id, title, release_year, created_at) VALUES (22, 9, 'Extended responsive matrices', 1985, NOW());
INSERT INTO song (song_id, album_id, name, duration_seconds, bpm, track_number) VALUES (160, 22, 'Congress camera but', 420, 100, 1);
INSERT INTO song (song_id, album_id, name, duration_seconds, bpm, track_number) VALUES (161, 22, 'Hope question', 186, 159, 2);
INSERT INTO song (song_id, album_id, name, duration_seconds, bpm, track_number) VALUES (162, 22, 'Control key', 157, 75, 3);
INSERT INTO song (song_id, album_id, name, duration_seconds, bpm, track_number) VALUES (163, 22, 'Debate very half one', 163, 151, 4);
INSERT INTO song (song_id, album_id, name, duration_seconds, bpm, track_number) VALUES (164, 22, 'Indeed special year', 478, 170, 5);
INSERT INTO song (song_id, album_id, name, duration_seconds, bpm, track_number) VALUES (165, 22, 'Tax', 138, 83, 6);
INSERT INTO song (song_id, album_id, name, duration_seconds, bpm, track_number) VALUES (166, 22, 'Travel image', 216, 99, 7);
INSERT INTO album (album_id, artist_id, title, release_year, created_at) VALUES (23, 9, 'Exclusive multi-tasking neural-net', 1998, NOW());
INSERT INTO song (song_id, album_id, name, duration_seconds, bpm, track_number) VALUES (167, 23, 'Who', 313, 108, 1);
INSERT INTO song (song_id, album_id, name, duration_seconds, bpm, track_number) VALUES (168, 23, 'Number occur billion be', 372, 175, 2);
INSERT INTO song (song_id, album_id, name, duration_seconds, bpm, track_number) VALUES (169, 23, 'Executive paper', 375, 64, 3);
INSERT INTO song (song_id, album_id, name, duration_seconds, bpm, track_number) VALUES (170, 23, 'Lead', 399, 167, 4);
INSERT INTO song (song_id, album_id, name, duration_seconds, bpm, track_number) VALUES (171, 23, 'Involve available', 173, 132, 5);
INSERT INTO album (album_id, artist_id, title, release_year, created_at) VALUES (24, 9, 'Robust multimedia alliance', 1985, NOW());
INSERT INTO song (song_id, album_id, name, duration_seconds, bpm, track_number) VALUES (172, 24, 'Knowledge', 477, 61, 1);
INSERT INTO song (song_id, album_id, name, duration_seconds, bpm, track_number) VALUES (173, 24, 'Leave expect health throw remember', 261, 66, 2);
INSERT INTO song (song_id, album_id, name, duration_seconds, bpm, track_number) VALUES (174, 24, 'Forget miss impact', 469, 142, 3);
INSERT INTO song (song_id, album_id, name, duration_seconds, bpm, track_number) VALUES (175, 24, 'Manage', 226, 162, 4);
INSERT INTO song (song_id, album_id, name, duration_seconds, bpm, track_number) VALUES (176, 24, 'Bad thought', 298, 129, 5);
INSERT INTO song (song_id, album_id, name, duration_seconds, bpm, track_number) VALUES (177, 24, 'Reality', 165, 71, 6);
INSERT INTO song (song_id, album_id, name, duration_seconds, bpm, track_number) VALUES (178, 24, 'Dream', 274, 100, 7);
INSERT INTO song (song_id, album_id, name, duration_seconds, bpm, track_number) VALUES (179, 24, 'Paper', 195, 101, 8);
INSERT INTO song (song_id, album_id, name, duration_seconds, bpm, track_number) VALUES (180, 24, 'Gun meeting', 390, 77, 9);
INSERT INTO album (album_id, artist_id, title, release_year, created_at) VALUES (25, 10, 'Seamless logistical migration', 2001, NOW());
INSERT INTO song (song_id, album_id, name, duration_seconds, bpm, track_number) VALUES (181, 25, 'Wife government cut', 259, 73, 1);
INSERT INTO song (song_id, album_id, name, duration_seconds, bpm, track_number) VALUES (182, 25, 'Almost world', 210, 111, 2);
INSERT INTO song (song_id, album_id, name, duration_seconds, bpm, track_number) VALUES (183, 25, 'Subject', 154, 78, 3);
INSERT INTO song (song_id, album_id, name, duration_seconds, bpm, track_number) VALUES (184, 25, 'Bring into', 342, 96, 4);
INSERT INTO song (song_id, album_id, name, duration_seconds, bpm, track_number) VALUES (185, 25, 'Past account season mother option', 279, 160, 5);
INSERT INTO song (song_id, album_id, name, duration_seconds, bpm, track_number) VALUES (186, 25, 'Goal listen', 433, 162, 6);
INSERT INTO album (album_id, artist_id, title, release_year, created_at) VALUES (26, 11, 'Realigned contextually-based task-force', 2019, NOW());
INSERT INTO song (song_id, album_id, name, duration_seconds, bpm, track_number) VALUES (187, 26, 'Perhaps director', 308, 83, 1);
INSERT INTO song (song_id, album_id, name, duration_seconds, bpm, track_number) VALUES (188, 26, 'Its another now', 134, 104, 2);
INSERT INTO song (song_id, album_id, name, duration_seconds, bpm, track_number) VALUES (189, 26, 'Film feel off', 480, 160, 3);
INSERT INTO song (song_id, album_id, name, duration_seconds, bpm, track_number) VALUES (190, 26, 'Blue another', 357, 128, 4);
INSERT INTO song (song_id, album_id, name, duration_seconds, bpm, track_number) VALUES (191, 26, 'City', 412, 143, 5);
INSERT INTO album (album_id, artist_id, title, release_year, created_at) VALUES (27, 11, 'User-centric actuating infrastructure', 1994, NOW());
INSERT INTO song (song_id, album_id, name, duration_seconds, bpm, track_number) VALUES (192, 27, 'Radio project', 361, 65, 1);
INSERT INTO song (song_id, album_id, name, duration_seconds, bpm, track_number) VALUES (193, 27, 'Reveal onto political', 285, 175, 2);
INSERT INTO song (song_id, album_id, name, duration_seconds, bpm, track_number) VALUES (194, 27, 'Practice learn later', 123, 149, 3);
INSERT INTO song (song_id, album_id, name, duration_seconds, bpm, track_number) VALUES (195, 27, 'Sense fill', 242, 157, 4);
INSERT INTO song (song_id, album_id, name, duration_seconds, bpm, track_number) VALUES (196, 27, 'Describe thus', 321, 127, 5);
INSERT INTO song (song_id, album_id, name, duration_seconds, bpm, track_number) VALUES (197, 27, 'Hair bed sing', 384, 101, 6);
INSERT INTO song (song_id, album_id, name, duration_seconds, bpm, track_number) VALUES (198, 27, 'Bring', 210, 87, 7);
INSERT INTO song (song_id, album_id, name, duration_seconds, bpm, track_number) VALUES (199, 27, 'Subject let', 322, 122, 8);
INSERT INTO song (song_id, album_id, name, duration_seconds, bpm, track_number) VALUES (200, 27, 'Bank brother', 357, 87, 9);
INSERT INTO song (song_id, album_id, name, duration_seconds, bpm, track_number) VALUES (201, 27, 'Back', 149, 120, 10);
INSERT INTO album (album_id, artist_id, title, release_year, created_at) VALUES (28, 12, 'Re-engineered holistic orchestration', 1980, NOW());
INSERT INTO song (song_id, album_id, name, duration_seconds, bpm, track_number) VALUES (202, 28, 'Condition', 329, 127, 1);
INSERT INTO song (song_id, album_id, name, duration_seconds, bpm, track_number) VALUES (203, 28, 'Detail', 291, 178, 2);
INSERT INTO song (song_id, album_id, name, duration_seconds, bpm, track_number) VALUES (204, 28, 'Voice', 297, 156, 3);
INSERT INTO song (song_id, album_id, name, duration_seconds, bpm, track_number) VALUES (205, 28, 'Myself military', 392, 95, 4);
INSERT INTO song (song_id, album_id, name, duration_seconds, bpm, track_number) VALUES (206, 28, 'Lay', 237, 87, 5);
INSERT INTO song (song_id, album_id, name, duration_seconds, bpm, track_number) VALUES (207, 28, 'Medical wind ball', 453, 80, 6);
INSERT INTO song (song_id, album_id, name, duration_seconds, bpm, track_number) VALUES (208, 28, 'Become order born', 160, 92, 7);
INSERT INTO song (song_id, album_id, name, duration_seconds, bpm, track_number) VALUES (209, 28, 'Learn', 176, 140, 8);
INSERT INTO album (album_id, artist_id, title, release_year, created_at) VALUES (29, 12, 'Implemented demand-driven attitude', 1994, NOW());
INSERT INTO song (song_id, album_id, name, duration_seconds, bpm, track_number) VALUES (210, 29, 'Still minute', 447, 85, 1);
INSERT INTO song (song_id, album_id, name, duration_seconds, bpm, track_number) VALUES (211, 29, 'Or hear risk financial stage', 419, 145, 2);
INSERT INTO song (song_id, album_id, name, duration_seconds, bpm, track_number) VALUES (212, 29, 'Floor', 314, 152, 3);
INSERT INTO song (song_id, album_id, name, duration_seconds, bpm, track_number) VALUES (213, 29, 'Describe', 171, 61, 4);
INSERT INTO song (song_id, album_id, name, duration_seconds, bpm, track_number) VALUES (214, 29, 'Million senior account', 124, 179, 5);
INSERT INTO song (song_id, album_id, name, duration_seconds, bpm, track_number) VALUES (215, 29, 'Consider', 346, 97, 6);
INSERT INTO song (song_id, album_id, name, duration_seconds, bpm, track_number) VALUES (216, 29, 'Number save', 404, 156, 7);
INSERT INTO song (song_id, album_id, name, duration_seconds, bpm, track_number) VALUES (217, 29, 'City street bar', 310, 165, 8);
INSERT INTO song (song_id, album_id, name, duration_seconds, bpm, track_number) VALUES (218, 29, 'Similar', 153, 149, 9);
INSERT INTO album (album_id, artist_id, title, release_year, created_at) VALUES (30, 12, 'Universal modular leverage', 1975, NOW());
INSERT INTO song (song_id, album_id, name, duration_seconds, bpm, track_number) VALUES (219, 30, 'Board should bag', 298, 148, 1);
INSERT INTO song (song_id, album_id, name, duration_seconds, bpm, track_number) VALUES (220, 30, 'Policy', 391, 121, 2);
INSERT INTO song (song_id, album_id, name, duration_seconds, bpm, track_number) VALUES (221, 30, 'White call could', 414, 155, 3);
INSERT INTO song (song_id, album_id, name, duration_seconds, bpm, track_number) VALUES (222, 30, 'Worker', 383, 168, 4);
INSERT INTO song (song_id, album_id, name, duration_seconds, bpm, track_number) VALUES (223, 30, 'Heavy', 327, 80, 5);
INSERT INTO song (song_id, album_id, name, duration_seconds, bpm, track_number) VALUES (224, 30, 'Alone world', 341, 96, 6);
INSERT INTO song (song_id, album_id, name, duration_seconds, bpm, track_number) VALUES (225, 30, 'Animal', 216, 103, 7);
INSERT INTO song (song_id, album_id, name, duration_seconds, bpm, track_number) VALUES (226, 30, 'Necessary million', 261, 104, 8);
INSERT INTO album (album_id, artist_id, title, release_year, created_at) VALUES (31, 13, 'Down-sized 4thgeneration application', 2021, NOW());
INSERT INTO song (song_id, album_id, name, duration_seconds, bpm, track_number) VALUES (227, 31, 'Forward', 345, 146, 1);
INSERT INTO song (song_id, album_id, name, duration_seconds, bpm, track_number) VALUES (228, 31, 'Exist measure receive', 358, 167, 2);
INSERT INTO song (song_id, album_id, name, duration_seconds, bpm, track_number) VALUES (229, 31, 'Expect data also', 155, 74, 3);
INSERT INTO song (song_id, album_id, name, duration_seconds, bpm, track_number) VALUES (230, 31, 'Activity so', 311, 90, 4);
INSERT INTO song (song_id, album_id, name, duration_seconds, bpm, track_number) VALUES (231, 31, 'Property', 143, 135, 5);
INSERT INTO song (song_id, album_id, name, duration_seconds, bpm, track_number) VALUES (232, 31, 'Opportunity', 218, 133, 6);
INSERT INTO song (song_id, album_id, name, duration_seconds, bpm, track_number) VALUES (233, 31, 'Though', 417, 162, 7);
INSERT INTO song (song_id, album_id, name, duration_seconds, bpm, track_number) VALUES (234, 31, 'Student TV', 150, 174, 8);
INSERT INTO album (album_id, artist_id, title, release_year, created_at) VALUES (32, 13, 'Focused optimizing monitoring', 2003, NOW());
INSERT INTO song (song_id, album_id, name, duration_seconds, bpm, track_number) VALUES (235, 32, 'Black be', 426, 81, 1);
INSERT INTO song (song_id, album_id, name, duration_seconds, bpm, track_number) VALUES (236, 32, 'Space allow recently laugh', 144, 174, 2);
INSERT INTO song (song_id, album_id, name, duration_seconds, bpm, track_number) VALUES (237, 32, 'Market line politics draw', 286, 153, 3);
INSERT INTO song (song_id, album_id, name, duration_seconds, bpm, track_number) VALUES (238, 32, 'Measure southern town meet get', 239, 140, 4);
INSERT INTO song (song_id, album_id, name, duration_seconds, bpm, track_number) VALUES (239, 32, 'Life', 332, 125, 5);
INSERT INTO song (song_id, album_id, name, duration_seconds, bpm, track_number) VALUES (240, 32, 'Every', 425, 103, 6);
INSERT INTO song (song_id, album_id, name, duration_seconds, bpm, track_number) VALUES (241, 32, 'Building', 267, 65, 7);
INSERT INTO album (album_id, artist_id, title, release_year, created_at) VALUES (33, 14, 'Grass-roots discrete interface', 2013, NOW());
INSERT INTO song (song_id, album_id, name, duration_seconds, bpm, track_number) VALUES (242, 33, 'Level', 460, 172, 1);
INSERT INTO song (song_id, album_id, name, duration_seconds, bpm, track_number) VALUES (243, 33, 'Blood new', 222, 128, 2);
INSERT INTO song (song_id, album_id, name, duration_seconds, bpm, track_number) VALUES (244, 33, 'Happen', 391, 107, 3);
INSERT INTO song (song_id, album_id, name, duration_seconds, bpm, track_number) VALUES (245, 33, 'Article', 139, 108, 4);
INSERT INTO song (song_id, album_id, name, duration_seconds, bpm, track_number) VALUES (246, 33, 'Tend', 133, 87, 5);
INSERT INTO song (song_id, album_id, name, duration_seconds, bpm, track_number) VALUES (247, 33, 'Wrong', 290, 93, 6);
INSERT INTO song (song_id, album_id, name, duration_seconds, bpm, track_number) VALUES (248, 33, 'Good', 343, 143, 7);
INSERT INTO song (song_id, album_id, name, duration_seconds, bpm, track_number) VALUES (249, 33, 'Travel set', 204, 75, 8);
INSERT INTO album (album_id, artist_id, title, release_year, created_at) VALUES (34, 15, 'Re-engineered next generation success', 1982, NOW());
INSERT INTO song (song_id, album_id, name, duration_seconds, bpm, track_number) VALUES (250, 34, 'Suggest discuss article', 349, 154, 1);
INSERT INTO song (song_id, album_id, name, duration_seconds, bpm, track_number) VALUES (251, 34, 'Go thought model remain', 122, 143, 2);
INSERT INTO song (song_id, album_id, name, duration_seconds, bpm, track_number) VALUES (252, 34, 'More central night', 441, 136, 3);
INSERT INTO song (song_id, album_id, name, duration_seconds, bpm, track_number) VALUES (253, 34, 'From', 347, 88, 4);
INSERT INTO song (song_id, album_id, name, duration_seconds, bpm, track_number) VALUES (254, 34, 'Force', 213, 109, 5);
INSERT INTO song (song_id, album_id, name, duration_seconds, bpm, track_number) VALUES (255, 34, 'Decide', 341, 126, 6);
INSERT INTO song (song_id, album_id, name, duration_seconds, bpm, track_number) VALUES (256, 34, 'Woman stop conference', 269, 124, 7);
INSERT INTO song (song_id, album_id, name, duration_seconds, bpm, track_number) VALUES (257, 34, 'Traditional', 296, 79, 8);
INSERT INTO song (song_id, album_id, name, duration_seconds, bpm, track_number) VALUES (258, 34, 'Always professional yourself', 305, 114, 9);
INSERT INTO album (album_id, artist_id, title, release_year, created_at) VALUES (35, 15, 'Sharable neutral forecast', 1984, NOW());
INSERT INTO song (song_id, album_id, name, duration_seconds, bpm, track_number) VALUES (259, 35, 'Media design admit college', 217, 66, 1);
INSERT INTO song (song_id, album_id, name, duration_seconds, bpm, track_number) VALUES (260, 35, 'Say', 435, 92, 2);
INSERT INTO song (song_id, album_id, name, duration_seconds, bpm, track_number) VALUES (261, 35, 'Security buy he account', 307, 118, 3);
INSERT INTO song (song_id, album_id, name, duration_seconds, bpm, track_number) VALUES (262, 35, 'Spring pressure', 308, 125, 4);
INSERT INTO song (song_id, album_id, name, duration_seconds, bpm, track_number) VALUES (263, 35, 'Series manage', 352, 178, 5);
INSERT INTO song (song_id, album_id, name, duration_seconds, bpm, track_number) VALUES (264, 35, 'Red could', 121, 142, 6);
INSERT INTO song (song_id, album_id, name, duration_seconds, bpm, track_number) VALUES (265, 35, 'Note', 194, 94, 7);
INSERT INTO song (song_id, album_id, name, duration_seconds, bpm, track_number) VALUES (266, 35, 'Far radio often', 182, 105, 8);
INSERT INTO song (song_id, album_id, name, duration_seconds, bpm, track_number) VALUES (267, 35, 'Growth', 326, 148, 9);
INSERT INTO album (album_id, artist_id, title, release_year, created_at) VALUES (36, 15, 'Vision-oriented exuding implementation', 2005, NOW());
INSERT INTO song (song_id, album_id, name, duration_seconds, bpm, track_number) VALUES (268, 36, 'Will term red customer', 320, 109, 1);
INSERT INTO song (song_id, album_id, name, duration_seconds, bpm, track_number) VALUES (269, 36, 'Course as', 466, 124, 2);
INSERT INTO song (song_id, album_id, name, duration_seconds, bpm, track_number) VALUES (270, 36, 'Personal hotel', 369, 65, 3);
INSERT INTO song (song_id, album_id, name, duration_seconds, bpm, track_number) VALUES (271, 36, 'Fish most answer', 458, 104, 4);
INSERT INTO song (song_id, album_id, name, duration_seconds, bpm, track_number) VALUES (272, 36, 'Season', 137, 88, 5);
INSERT INTO song (song_id, album_id, name, duration_seconds, bpm, track_number) VALUES (273, 36, 'Quality see', 380, 122, 6);
INSERT INTO song (song_id, album_id, name, duration_seconds, bpm, track_number) VALUES (274, 36, 'Even sort', 239, 78, 7);
INSERT INTO song (song_id, album_id, name, duration_seconds, bpm, track_number) VALUES (275, 36, 'Apply yet music', 466, 74, 8);
INSERT INTO song (song_id, album_id, name, duration_seconds, bpm, track_number) VALUES (276, 36, 'Agency house', 410, 84, 9);
INSERT INTO song (song_id, album_id, name, duration_seconds, bpm, track_number) VALUES (277, 36, 'Choice', 172, 118, 10);
INSERT INTO album (album_id, artist_id, title, release_year, created_at) VALUES (37, 16, 'Multi-tiered system-worthy frame', 1988, NOW());
INSERT INTO song (song_id, album_id, name, duration_seconds, bpm, track_number) VALUES (278, 37, 'Statement light hope', 326, 67, 1);
INSERT INTO song (song_id, album_id, name, duration_seconds, bpm, track_number) VALUES (279, 37, 'Quickly name', 454, 177, 2);
INSERT INTO song (song_id, album_id, name, duration_seconds, bpm, track_number) VALUES (280, 37, 'Defense five', 340, 99, 3);
INSERT INTO song (song_id, album_id, name, duration_seconds, bpm, track_number) VALUES (281, 37, 'Talk machine', 299, 71, 4);
INSERT INTO song (song_id, album_id, name, duration_seconds, bpm, track_number) VALUES (282, 37, 'Truth', 369, 104, 5);
INSERT INTO song (song_id, album_id, name, duration_seconds, bpm, track_number) VALUES (283, 37, 'Instead exactly relate', 470, 63, 6);
INSERT INTO album (album_id, artist_id, title, release_year, created_at) VALUES (38, 17, 'Quality-focused local installation', 1974, NOW());
INSERT INTO song (song_id, album_id, name, duration_seconds, bpm, track_number) VALUES (284, 38, 'Know doctor late their', 129, 140, 1);
INSERT INTO song (song_id, album_id, name, duration_seconds, bpm, track_number) VALUES (285, 38, 'Food read television', 310, 72, 2);
INSERT INTO song (song_id, album_id, name, duration_seconds, bpm, track_number) VALUES (286, 38, 'Five', 137, 93, 3);
INSERT INTO song (song_id, album_id, name, duration_seconds, bpm, track_number) VALUES (287, 38, 'Choice', 387, 161, 4);
INSERT INTO song (song_id, album_id, name, duration_seconds, bpm, track_number) VALUES (288, 38, 'West', 276, 70, 5);
INSERT INTO song (song_id, album_id, name, duration_seconds, bpm, track_number) VALUES (289, 38, 'Build effect', 434, 110, 6);
INSERT INTO song (song_id, album_id, name, duration_seconds, bpm, track_number) VALUES (290, 38, 'Police he', 211, 73, 7);
INSERT INTO song (song_id, album_id, name, duration_seconds, bpm, track_number) VALUES (291, 38, 'Method', 415, 167, 8);
INSERT INTO album (album_id, artist_id, title, release_year, created_at) VALUES (39, 17, 'Open-architected 24/7 instruction set', 2009, NOW());
INSERT INTO song (song_id, album_id, name, duration_seconds, bpm, track_number) VALUES (292, 39, 'Manager drive name clear', 347, 81, 1);
INSERT INTO song (song_id, album_id, name, duration_seconds, bpm, track_number) VALUES (293, 39, 'That step which', 272, 165, 2);
INSERT INTO song (song_id, album_id, name, duration_seconds, bpm, track_number) VALUES (294, 39, 'Sort wonder', 359, 83, 3);
INSERT INTO song (song_id, album_id, name, duration_seconds, bpm, track_number) VALUES (295, 39, 'Answer south outside watch', 325, 140, 4);
INSERT INTO song (song_id, album_id, name, duration_seconds, bpm, track_number) VALUES (296, 39, 'Detail', 258, 63, 5);
INSERT INTO album (album_id, artist_id, title, release_year, created_at) VALUES (40, 18, 'Focused analyzing matrix', 2012, NOW());
INSERT INTO song (song_id, album_id, name, duration_seconds, bpm, track_number) VALUES (297, 40, 'Property', 344, 107, 1);
INSERT INTO song (song_id, album_id, name, duration_seconds, bpm, track_number) VALUES (298, 40, 'Special others', 201, 69, 2);
INSERT INTO song (song_id, album_id, name, duration_seconds, bpm, track_number) VALUES (299, 40, 'Nature reduce use', 349, 125, 3);
INSERT INTO song (song_id, album_id, name, duration_seconds, bpm, track_number) VALUES (300, 40, 'Child crime', 232, 62, 4);
INSERT INTO song (song_id, album_id, name, duration_seconds, bpm, track_number) VALUES (301, 40, 'Surface process', 372, 83, 5);
INSERT INTO song (song_id, album_id, name, duration_seconds, bpm, track_number) VALUES (302, 40, 'Either', 206, 173, 6);
INSERT INTO song (song_id, album_id, name, duration_seconds, bpm, track_number) VALUES (303, 40, 'Make east', 175, 123, 7);
INSERT INTO song (song_id, album_id, name, duration_seconds, bpm, track_number) VALUES (304, 40, 'Professor national', 260, 157, 8);
INSERT INTO album (album_id, artist_id, title, release_year, created_at) VALUES (41, 18, 'Synergized cohesive data-warehouse', 1976, NOW());
INSERT INTO song (song_id, album_id, name, duration_seconds, bpm, track_number) VALUES (305, 41, 'Almost', 305, 82, 1);
INSERT INTO song (song_id, album_id, name, duration_seconds, bpm, track_number) VALUES (306, 41, 'Realize card present particularly', 316, 157, 2);
INSERT INTO song (song_id, album_id, name, duration_seconds, bpm, track_number) VALUES (307, 41, 'Tax tend score way only', 206, 179, 3);
INSERT INTO song (song_id, album_id, name, duration_seconds, bpm, track_number) VALUES (308, 41, 'Authority a world relationship life', 391, 173, 4);
INSERT INTO song (song_id, album_id, name, duration_seconds, bpm, track_number) VALUES (309, 41, 'Language area yet per', 446, 150, 5);
INSERT INTO song (song_id, album_id, name, duration_seconds, bpm, track_number) VALUES (310, 41, 'Kid gun', 340, 67, 6);
INSERT INTO song (song_id, album_id, name, duration_seconds, bpm, track_number) VALUES (311, 41, 'By despite box', 242, 155, 7);
INSERT INTO song (song_id, album_id, name, duration_seconds, bpm, track_number) VALUES (312, 41, 'Hair spring degree', 174, 80, 8);
INSERT INTO song (song_id, album_id, name, duration_seconds, bpm, track_number) VALUES (313, 41, 'Defense', 244, 112, 9);
INSERT INTO album (album_id, artist_id, title, release_year, created_at) VALUES (42, 19, 'Profit-focused full-range software', 2019, NOW());
INSERT INTO song (song_id, album_id, name, duration_seconds, bpm, track_number) VALUES (314, 42, 'Everybody travel', 400, 125, 1);
INSERT INTO song (song_id, album_id, name, duration_seconds, bpm, track_number) VALUES (315, 42, 'Everybody consumer information', 213, 176, 2);
INSERT INTO song (song_id, album_id, name, duration_seconds, bpm, track_number) VALUES (316, 42, 'Protect particular few so', 467, 158, 3);
INSERT INTO song (song_id, album_id, name, duration_seconds, bpm, track_number) VALUES (317, 42, 'Wait nature president leg magazine', 408, 61, 4);
INSERT INTO song (song_id, album_id, name, duration_seconds, bpm, track_number) VALUES (318, 42, 'Organization', 404, 75, 5);
INSERT INTO song (song_id, album_id, name, duration_seconds, bpm, track_number) VALUES (319, 42, 'Choice account allow', 122, 87, 6);
INSERT INTO song (song_id, album_id, name, duration_seconds, bpm, track_number) VALUES (320, 42, 'Sister north', 407, 153, 7);
INSERT INTO album (album_id, artist_id, title, release_year, created_at) VALUES (43, 19, 'Polarized non-volatile contingency', 1989, NOW());
INSERT INTO song (song_id, album_id, name, duration_seconds, bpm, track_number) VALUES (321, 43, 'Chair', 427, 80, 1);
INSERT INTO song (song_id, album_id, name, duration_seconds, bpm, track_number) VALUES (322, 43, 'Response popular instead', 460, 144, 2);
INSERT INTO song (song_id, album_id, name, duration_seconds, bpm, track_number) VALUES (323, 43, 'Certainly your able', 306, 60, 3);
INSERT INTO song (song_id, album_id, name, duration_seconds, bpm, track_number) VALUES (324, 43, 'Responsibility', 424, 178, 4);
INSERT INTO song (song_id, album_id, name, duration_seconds, bpm, track_number) VALUES (325, 43, 'Lose who', 311, 68, 5);
INSERT INTO song (song_id, album_id, name, duration_seconds, bpm, track_number) VALUES (326, 43, 'Article send your', 269, 177, 6);
INSERT INTO song (song_id, album_id, name, duration_seconds, bpm, track_number) VALUES (327, 43, 'Appear statement a', 356, 88, 7);
INSERT INTO song (song_id, album_id, name, duration_seconds, bpm, track_number) VALUES (328, 43, 'Office year serve their pretty', 370, 67, 8);
INSERT INTO song (song_id, album_id, name, duration_seconds, bpm, track_number) VALUES (329, 43, 'Political', 446, 85, 9);
INSERT INTO album (album_id, artist_id, title, release_year, created_at) VALUES (44, 20, 'Reduced demand-driven function', 2010, NOW());
INSERT INTO song (song_id, album_id, name, duration_seconds, bpm, track_number) VALUES (330, 44, 'Draw across create study police', 413, 120, 1);
INSERT INTO song (song_id, album_id, name, duration_seconds, bpm, track_number) VALUES (331, 44, 'Effect', 383, 163, 2);
INSERT INTO song (song_id, album_id, name, duration_seconds, bpm, track_number) VALUES (332, 44, 'Population', 340, 163, 3);
INSERT INTO song (song_id, album_id, name, duration_seconds, bpm, track_number) VALUES (333, 44, 'Shoulder', 126, 166, 4);
INSERT INTO song (song_id, album_id, name, duration_seconds, bpm, track_number) VALUES (334, 44, 'Society', 304, 126, 5);
INSERT INTO song (song_id, album_id, name, duration_seconds, bpm, track_number) VALUES (335, 44, 'Politics', 366, 173, 6);
INSERT INTO song (song_id, album_id, name, duration_seconds, bpm, track_number) VALUES (336, 44, 'Role war', 312, 177, 7);
INSERT INTO song (song_id, album_id, name, duration_seconds, bpm, track_number) VALUES (337, 44, 'Force simply study special', 226, 128, 8);
INSERT INTO album (album_id, artist_id, title, release_year, created_at) VALUES (45, 20, 'Phased demand-driven pricing structure', 2016, NOW());
INSERT INTO song (song_id, album_id, name, duration_seconds, bpm, track_number) VALUES (338, 45, 'South', 155, 112, 1);
INSERT INTO song (song_id, album_id, name, duration_seconds, bpm, track_number) VALUES (339, 45, 'Service PM', 376, 103, 2);
INSERT INTO song (song_id, album_id, name, duration_seconds, bpm, track_number) VALUES (340, 45, 'Several return', 394, 129, 3);
INSERT INTO song (song_id, album_id, name, duration_seconds, bpm, track_number) VALUES (341, 45, 'To research', 227, 138, 4);
INSERT INTO song (song_id, album_id, name, duration_seconds, bpm, track_number) VALUES (342, 45, 'Which western keep', 123, 64, 5);
INSERT INTO album (album_id, artist_id, title, release_year, created_at) VALUES (46, 21, 'Reverse-engineered multi-tasking success', 1973, NOW());
INSERT INTO song (song_id, album_id, name, duration_seconds, bpm, track_number) VALUES (343, 46, 'Professor bring while relate so', 344, 76, 1);
INSERT INTO song (song_id, album_id, name, duration_seconds, bpm, track_number) VALUES (344, 46, 'Feeling stage walk', 216, 162, 2);
INSERT INTO song (song_id, album_id, name, duration_seconds, bpm, track_number) VALUES (345, 46, 'Administration open', 180, 101, 3);
INSERT INTO song (song_id, album_id, name, duration_seconds, bpm, track_number) VALUES (346, 46, 'Black lay', 218, 89, 4);
INSERT INTO song (song_id, album_id, name, duration_seconds, bpm, track_number) VALUES (347, 46, 'Us lay', 326, 140, 5);
INSERT INTO song (song_id, album_id, name, duration_seconds, bpm, track_number) VALUES (348, 46, 'Clear', 335, 131, 6);
INSERT INTO song (song_id, album_id, name, duration_seconds, bpm, track_number) VALUES (349, 46, 'Author live rich', 143, 135, 7);
INSERT INTO album (album_id, artist_id, title, release_year, created_at) VALUES (47, 21, 'Seamless composite help-desk', 2001, NOW());
INSERT INTO song (song_id, album_id, name, duration_seconds, bpm, track_number) VALUES (350, 47, 'Purpose', 287, 144, 1);
INSERT INTO song (song_id, album_id, name, duration_seconds, bpm, track_number) VALUES (351, 47, 'She sea', 346, 165, 2);
INSERT INTO song (song_id, album_id, name, duration_seconds, bpm, track_number) VALUES (352, 47, 'Training', 336, 88, 3);
INSERT INTO song (song_id, album_id, name, duration_seconds, bpm, track_number) VALUES (353, 47, 'Husband play', 261, 94, 4);
INSERT INTO song (song_id, album_id, name, duration_seconds, bpm, track_number) VALUES (354, 47, 'Table expert play plan', 290, 104, 5);
INSERT INTO song (song_id, album_id, name, duration_seconds, bpm, track_number) VALUES (355, 47, 'Study', 442, 159, 6);
INSERT INTO song (song_id, album_id, name, duration_seconds, bpm, track_number) VALUES (356, 47, 'Toward long herself', 388, 79, 7);
INSERT INTO song (song_id, album_id, name, duration_seconds, bpm, track_number) VALUES (357, 47, 'Hospital', 408, 72, 8);
INSERT INTO song (song_id, album_id, name, duration_seconds, bpm, track_number) VALUES (358, 47, 'Reach current against', 182, 150, 9);
INSERT INTO song (song_id, album_id, name, duration_seconds, bpm, track_number) VALUES (359, 47, 'Start', 298, 152, 10);
INSERT INTO album (album_id, artist_id, title, release_year, created_at) VALUES (48, 21, 'Intuitive user-facing projection', 1999, NOW());
INSERT INTO song (song_id, album_id, name, duration_seconds, bpm, track_number) VALUES (360, 48, 'Material lead less executive', 216, 73, 1);
INSERT INTO song (song_id, album_id, name, duration_seconds, bpm, track_number) VALUES (361, 48, 'Magazine none', 337, 174, 2);
INSERT INTO song (song_id, album_id, name, duration_seconds, bpm, track_number) VALUES (362, 48, 'Song language instead', 252, 128, 3);
INSERT INTO song (song_id, album_id, name, duration_seconds, bpm, track_number) VALUES (363, 48, 'Body poor and energy discussion', 391, 95, 4);
INSERT INTO song (song_id, album_id, name, duration_seconds, bpm, track_number) VALUES (364, 48, 'Your each', 394, 81, 5);
INSERT INTO song (song_id, album_id, name, duration_seconds, bpm, track_number) VALUES (365, 48, 'Leg', 264, 143, 6);
INSERT INTO song (song_id, album_id, name, duration_seconds, bpm, track_number) VALUES (366, 48, 'Husband term single', 252, 174, 7);
INSERT INTO song (song_id, album_id, name, duration_seconds, bpm, track_number) VALUES (367, 48, 'Coach', 306, 149, 8);
INSERT INTO album (album_id, artist_id, title, release_year, created_at) VALUES (49, 22, 'Business-focused uniform info-mediaries', 1983, NOW());
INSERT INTO song (song_id, album_id, name, duration_seconds, bpm, track_number) VALUES (368, 49, 'White', 374, 77, 1);
INSERT INTO song (song_id, album_id, name, duration_seconds, bpm, track_number) VALUES (369, 49, 'Feeling happen radio environmental', 340, 122, 2);
INSERT INTO song (song_id, album_id, name, duration_seconds, bpm, track_number) VALUES (370, 49, 'Skill organization without best behind', 432, 115, 3);
INSERT INTO song (song_id, album_id, name, duration_seconds, bpm, track_number) VALUES (371, 49, 'Director', 439, 119, 4);
INSERT INTO song (song_id, album_id, name, duration_seconds, bpm, track_number) VALUES (372, 49, 'Culture', 214, 160, 5);
INSERT INTO album (album_id, artist_id, title, release_year, created_at) VALUES (50, 22, 'Phased radical hierarchy', 2025, NOW());
INSERT INTO song (song_id, album_id, name, duration_seconds, bpm, track_number) VALUES (373, 50, 'System matter he', 381, 123, 1);
INSERT INTO song (song_id, album_id, name, duration_seconds, bpm, track_number) VALUES (374, 50, 'Garden', 280, 74, 2);
INSERT INTO song (song_id, album_id, name, duration_seconds, bpm, track_number) VALUES (375, 50, 'Same move', 135, 63, 3);
INSERT INTO song (song_id, album_id, name, duration_seconds, bpm, track_number) VALUES (376, 50, 'Television', 273, 68, 4);
INSERT INTO song (song_id, album_id, name, duration_seconds, bpm, track_number) VALUES (377, 50, 'Machine animal', 420, 73, 5);
INSERT INTO album (album_id, artist_id, title, release_year, created_at) VALUES (51, 22, 'Re-contextualized 5thgeneration encoding', 1977, NOW());
INSERT INTO song (song_id, album_id, name, duration_seconds, bpm, track_number) VALUES (378, 51, 'Environmental simply', 166, 115, 1);
INSERT INTO song (song_id, album_id, name, duration_seconds, bpm, track_number) VALUES (379, 51, 'Far everyone', 300, 72, 2);
INSERT INTO song (song_id, album_id, name, duration_seconds, bpm, track_number) VALUES (380, 51, 'Model', 231, 124, 3);
INSERT INTO song (song_id, album_id, name, duration_seconds, bpm, track_number) VALUES (381, 51, 'Weight effort certain in', 137, 78, 4);
INSERT INTO song (song_id, album_id, name, duration_seconds, bpm, track_number) VALUES (382, 51, 'Unit', 292, 85, 5);
INSERT INTO album (album_id, artist_id, title, release_year, created_at) VALUES (52, 23, 'Optional upward-trending hardware', 2005, NOW());
INSERT INTO song (song_id, album_id, name, duration_seconds, bpm, track_number) VALUES (383, 52, 'Case officer manage', 310, 103, 1);
INSERT INTO song (song_id, album_id, name, duration_seconds, bpm, track_number) VALUES (384, 52, 'Upon', 324, 109, 2);
INSERT INTO song (song_id, album_id, name, duration_seconds, bpm, track_number) VALUES (385, 52, 'Former collection', 298, 69, 3);
INSERT INTO song (song_id, album_id, name, duration_seconds, bpm, track_number) VALUES (386, 52, 'Particular', 170, 125, 4);
INSERT INTO song (song_id, album_id, name, duration_seconds, bpm, track_number) VALUES (387, 52, 'East unit resource', 336, 114, 5);
INSERT INTO song (song_id, album_id, name, duration_seconds, bpm, track_number) VALUES (388, 52, 'Across site speak', 146, 146, 6);
INSERT INTO album (album_id, artist_id, title, release_year, created_at) VALUES (53, 23, 'Phased multimedia infrastructure', 1994, NOW());
INSERT INTO song (song_id, album_id, name, duration_seconds, bpm, track_number) VALUES (389, 53, 'Partner', 457, 102, 1);
INSERT INTO song (song_id, album_id, name, duration_seconds, bpm, track_number) VALUES (390, 53, 'Technology', 307, 112, 2);
INSERT INTO song (song_id, album_id, name, duration_seconds, bpm, track_number) VALUES (391, 53, 'Else heart bed very', 338, 91, 3);
INSERT INTO song (song_id, album_id, name, duration_seconds, bpm, track_number) VALUES (392, 53, 'Remain third with may', 356, 71, 4);
INSERT INTO song (song_id, album_id, name, duration_seconds, bpm, track_number) VALUES (393, 53, 'Mr only specific', 321, 162, 5);
INSERT INTO song (song_id, album_id, name, duration_seconds, bpm, track_number) VALUES (394, 53, 'Serious outside energy', 213, 71, 6);
INSERT INTO song (song_id, album_id, name, duration_seconds, bpm, track_number) VALUES (395, 53, 'Arrive fish they', 367, 140, 7);
INSERT INTO song (song_id, album_id, name, duration_seconds, bpm, track_number) VALUES (396, 53, 'Bit factor avoid manager blood', 427, 94, 8);
INSERT INTO song (song_id, album_id, name, duration_seconds, bpm, track_number) VALUES (397, 53, 'Whether first', 465, 164, 9);
INSERT INTO album (album_id, artist_id, title, release_year, created_at) VALUES (54, 23, 'Innovative zero tolerance complexity', 2022, NOW());
INSERT INTO song (song_id, album_id, name, duration_seconds, bpm, track_number) VALUES (398, 54, 'Pull either', 204, 148, 1);
INSERT INTO song (song_id, album_id, name, duration_seconds, bpm, track_number) VALUES (399, 54, 'Speak', 354, 92, 2);
INSERT INTO song (song_id, album_id, name, duration_seconds, bpm, track_number) VALUES (400, 54, 'Feeling different road all', 140, 174, 3);
INSERT INTO song (song_id, album_id, name, duration_seconds, bpm, track_number) VALUES (401, 54, 'Important way', 205, 147, 4);
INSERT INTO song (song_id, album_id, name, duration_seconds, bpm, track_number) VALUES (402, 54, 'Machine room determine', 254, 87, 5);
INSERT INTO album (album_id, artist_id, title, release_year, created_at) VALUES (55, 24, 'Phased local conglomeration', 1970, NOW());
INSERT INTO song (song_id, album_id, name, duration_seconds, bpm, track_number) VALUES (403, 55, 'Item want light democratic', 416, 133, 1);
INSERT INTO song (song_id, album_id, name, duration_seconds, bpm, track_number) VALUES (404, 55, 'Better step', 438, 87, 2);
INSERT INTO song (song_id, album_id, name, duration_seconds, bpm, track_number) VALUES (405, 55, 'Nature again', 160, 71, 3);
INSERT INTO song (song_id, album_id, name, duration_seconds, bpm, track_number) VALUES (406, 55, 'Behavior mention represent', 219, 131, 4);
INSERT INTO song (song_id, album_id, name, duration_seconds, bpm, track_number) VALUES (407, 55, 'Impact surface watch', 182, 176, 5);
INSERT INTO song (song_id, album_id, name, duration_seconds, bpm, track_number) VALUES (408, 55, 'According star industry blue', 206, 102, 6);
INSERT INTO album (album_id, artist_id, title, release_year, created_at) VALUES (56, 24, 'Managed directional open architecture', 2022, NOW());
INSERT INTO song (song_id, album_id, name, duration_seconds, bpm, track_number) VALUES (409, 56, 'Know', 324, 82, 1);
INSERT INTO song (song_id, album_id, name, duration_seconds, bpm, track_number) VALUES (410, 56, 'History forward bill', 393, 80, 2);
INSERT INTO song (song_id, album_id, name, duration_seconds, bpm, track_number) VALUES (411, 56, 'Build', 120, 142, 3);
INSERT INTO song (song_id, album_id, name, duration_seconds, bpm, track_number) VALUES (412, 56, 'Difficult', 378, 61, 4);
INSERT INTO song (song_id, album_id, name, duration_seconds, bpm, track_number) VALUES (413, 56, 'No about', 327, 132, 5);
INSERT INTO song (song_id, album_id, name, duration_seconds, bpm, track_number) VALUES (414, 56, 'Weight', 464, 154, 6);
INSERT INTO song (song_id, album_id, name, duration_seconds, bpm, track_number) VALUES (415, 56, 'And', 123, 114, 7);
INSERT INTO album (album_id, artist_id, title, release_year, created_at) VALUES (57, 25, 'Integrated optimizing infrastructure', 1998, NOW());
INSERT INTO song (song_id, album_id, name, duration_seconds, bpm, track_number) VALUES (416, 57, 'Across southern wish east enjoy', 150, 71, 1);
INSERT INTO song (song_id, album_id, name, duration_seconds, bpm, track_number) VALUES (417, 57, 'Believe', 301, 109, 2);
INSERT INTO song (song_id, album_id, name, duration_seconds, bpm, track_number) VALUES (418, 57, 'Society situation', 234, 180, 3);
INSERT INTO song (song_id, album_id, name, duration_seconds, bpm, track_number) VALUES (419, 57, 'Hot blood', 361, 78, 4);
INSERT INTO song (song_id, album_id, name, duration_seconds, bpm, track_number) VALUES (420, 57, 'Animal', 244, 118, 5);
INSERT INTO song (song_id, album_id, name, duration_seconds, bpm, track_number) VALUES (421, 57, 'Enough', 162, 173, 6);
INSERT INTO song (song_id, album_id, name, duration_seconds, bpm, track_number) VALUES (422, 57, 'Bag', 121, 82, 7);
INSERT INTO song (song_id, album_id, name, duration_seconds, bpm, track_number) VALUES (423, 57, 'Scientist blood in', 345, 167, 8);
INSERT INTO album (album_id, artist_id, title, release_year, created_at) VALUES (58, 25, 'User-friendly static encoding', 1979, NOW());
INSERT INTO song (song_id, album_id, name, duration_seconds, bpm, track_number) VALUES (424, 58, 'Seven', 275, 116, 1);
INSERT INTO song (song_id, album_id, name, duration_seconds, bpm, track_number) VALUES (425, 58, 'Know home whole', 452, 124, 2);
INSERT INTO song (song_id, album_id, name, duration_seconds, bpm, track_number) VALUES (426, 58, 'Four approach task market system', 456, 131, 3);
INSERT INTO song (song_id, album_id, name, duration_seconds, bpm, track_number) VALUES (427, 58, 'Animal may', 442, 75, 4);
INSERT INTO song (song_id, album_id, name, duration_seconds, bpm, track_number) VALUES (428, 58, 'Pull', 205, 166, 5);
INSERT INTO album (album_id, artist_id, title, release_year, created_at) VALUES (59, 25, 'Devolved holistic project', 2008, NOW());
INSERT INTO song (song_id, album_id, name, duration_seconds, bpm, track_number) VALUES (429, 59, 'Time financial nothing', 189, 145, 1);
INSERT INTO song (song_id, album_id, name, duration_seconds, bpm, track_number) VALUES (430, 59, 'Line interest', 397, 102, 2);
INSERT INTO song (song_id, album_id, name, duration_seconds, bpm, track_number) VALUES (431, 59, 'Serious teacher figure discuss', 148, 164, 3);
INSERT INTO song (song_id, album_id, name, duration_seconds, bpm, track_number) VALUES (432, 59, 'Cost blood', 337, 91, 4);
INSERT INTO song (song_id, album_id, name, duration_seconds, bpm, track_number) VALUES (433, 59, 'Central shake', 197, 100, 5);
INSERT INTO song (song_id, album_id, name, duration_seconds, bpm, track_number) VALUES (434, 59, 'Whatever hundred', 222, 178, 6);
INSERT INTO song (song_id, album_id, name, duration_seconds, bpm, track_number) VALUES (435, 59, 'Sound', 125, 157, 7);
INSERT INTO album (album_id, artist_id, title, release_year, created_at) VALUES (60, 26, 'Optimized human-resource Local Area Network', 1996, NOW());
INSERT INTO song (song_id, album_id, name, duration_seconds, bpm, track_number) VALUES (436, 60, 'Garden community', 125, 111, 1);
INSERT INTO song (song_id, album_id, name, duration_seconds, bpm, track_number) VALUES (437, 60, 'Across people', 283, 98, 2);
INSERT INTO song (song_id, album_id, name, duration_seconds, bpm, track_number) VALUES (438, 60, 'Believe others', 270, 88, 3);
INSERT INTO song (song_id, album_id, name, duration_seconds, bpm, track_number) VALUES (439, 60, 'Upon bring', 137, 168, 4);
INSERT INTO song (song_id, album_id, name, duration_seconds, bpm, track_number) VALUES (440, 60, 'Leg', 221, 63, 5);
INSERT INTO song (song_id, album_id, name, duration_seconds, bpm, track_number) VALUES (441, 60, 'Challenge growth idea shake', 327, 108, 6);
INSERT INTO song (song_id, album_id, name, duration_seconds, bpm, track_number) VALUES (442, 60, 'Without news', 365, 143, 7);
INSERT INTO song (song_id, album_id, name, duration_seconds, bpm, track_number) VALUES (443, 60, 'Minute stay part instead', 240, 61, 8);
INSERT INTO song (song_id, album_id, name, duration_seconds, bpm, track_number) VALUES (444, 60, 'Occur sense exactly', 461, 92, 9);
INSERT INTO song (song_id, album_id, name, duration_seconds, bpm, track_number) VALUES (445, 60, 'If reflect meeting long', 181, 85, 10);
INSERT INTO album (album_id, artist_id, title, release_year, created_at) VALUES (61, 26, 'Re-engineered composite contingency', 1972, NOW());
INSERT INTO song (song_id, album_id, name, duration_seconds, bpm, track_number) VALUES (446, 61, 'Candidate whom change', 324, 144, 1);
INSERT INTO song (song_id, album_id, name, duration_seconds, bpm, track_number) VALUES (447, 61, 'Carry treat join generation player', 127, 149, 2);
INSERT INTO song (song_id, album_id, name, duration_seconds, bpm, track_number) VALUES (448, 61, 'Debate establish', 148, 90, 3);
INSERT INTO song (song_id, album_id, name, duration_seconds, bpm, track_number) VALUES (449, 61, 'Listen thus', 128, 165, 4);
INSERT INTO song (song_id, album_id, name, duration_seconds, bpm, track_number) VALUES (450, 61, 'Explain month after', 395, 67, 5);
INSERT INTO song (song_id, album_id, name, duration_seconds, bpm, track_number) VALUES (451, 61, 'Our enjoy wear if', 227, 168, 6);
INSERT INTO song (song_id, album_id, name, duration_seconds, bpm, track_number) VALUES (452, 61, 'News game', 129, 153, 7);
INSERT INTO album (album_id, artist_id, title, release_year, created_at) VALUES (62, 26, 'Secured zero tolerance standardization', 2002, NOW());
INSERT INTO song (song_id, album_id, name, duration_seconds, bpm, track_number) VALUES (453, 62, 'Try idea half', 255, 156, 1);
INSERT INTO song (song_id, album_id, name, duration_seconds, bpm, track_number) VALUES (454, 62, 'Center', 227, 167, 2);
INSERT INTO song (song_id, album_id, name, duration_seconds, bpm, track_number) VALUES (455, 62, 'Next large', 473, 176, 3);
INSERT INTO song (song_id, album_id, name, duration_seconds, bpm, track_number) VALUES (456, 62, 'Television allow almost since', 222, 133, 4);
INSERT INTO song (song_id, album_id, name, duration_seconds, bpm, track_number) VALUES (457, 62, 'Do', 141, 171, 5);
INSERT INTO song (song_id, album_id, name, duration_seconds, bpm, track_number) VALUES (458, 62, 'The Democrat', 122, 77, 6);
INSERT INTO album (album_id, artist_id, title, release_year, created_at) VALUES (63, 27, 'Realigned bi-directional moderator', 1973, NOW());
INSERT INTO song (song_id, album_id, name, duration_seconds, bpm, track_number) VALUES (459, 63, 'Level again law gun', 312, 97, 1);
INSERT INTO song (song_id, album_id, name, duration_seconds, bpm, track_number) VALUES (460, 63, 'Above national firm between', 331, 172, 2);
INSERT INTO song (song_id, album_id, name, duration_seconds, bpm, track_number) VALUES (461, 63, 'Film', 329, 178, 3);
INSERT INTO song (song_id, album_id, name, duration_seconds, bpm, track_number) VALUES (462, 63, 'Field imagine', 286, 135, 4);
INSERT INTO song (song_id, album_id, name, duration_seconds, bpm, track_number) VALUES (463, 63, 'Boy', 475, 170, 5);
INSERT INTO song (song_id, album_id, name, duration_seconds, bpm, track_number) VALUES (464, 63, 'The foreign apply', 309, 84, 6);
INSERT INTO album (album_id, artist_id, title, release_year, created_at) VALUES (64, 27, 'Polarized systemic flexibility', 2015, NOW());
INSERT INTO song (song_id, album_id, name, duration_seconds, bpm, track_number) VALUES (465, 64, 'Discussion somebody factor military', 125, 111, 1);
INSERT INTO song (song_id, album_id, name, duration_seconds, bpm, track_number) VALUES (466, 64, 'Best tend', 403, 116, 2);
INSERT INTO song (song_id, album_id, name, duration_seconds, bpm, track_number) VALUES (467, 64, 'Relate cut', 261, 122, 3);
INSERT INTO song (song_id, album_id, name, duration_seconds, bpm, track_number) VALUES (468, 64, 'Fast', 419, 152, 4);
INSERT INTO song (song_id, album_id, name, duration_seconds, bpm, track_number) VALUES (469, 64, 'Nearly', 214, 143, 5);
INSERT INTO song (song_id, album_id, name, duration_seconds, bpm, track_number) VALUES (470, 64, 'Cover television', 425, 167, 6);
INSERT INTO song (song_id, album_id, name, duration_seconds, bpm, track_number) VALUES (471, 64, 'Else thought', 230, 153, 7);
INSERT INTO song (song_id, album_id, name, duration_seconds, bpm, track_number) VALUES (472, 64, 'Employee', 374, 138, 8);
INSERT INTO album (album_id, artist_id, title, release_year, created_at) VALUES (65, 27, 'Configurable exuding pricing structure', 2016, NOW());
INSERT INTO song (song_id, album_id, name, duration_seconds, bpm, track_number) VALUES (473, 65, 'Development last', 437, 72, 1);
INSERT INTO song (song_id, album_id, name, duration_seconds, bpm, track_number) VALUES (474, 65, 'Mission nice single', 124, 154, 2);
INSERT INTO song (song_id, album_id, name, duration_seconds, bpm, track_number) VALUES (475, 65, 'Town pay never particular try', 130, 148, 3);
INSERT INTO song (song_id, album_id, name, duration_seconds, bpm, track_number) VALUES (476, 65, 'Myself', 334, 172, 4);
INSERT INTO song (song_id, album_id, name, duration_seconds, bpm, track_number) VALUES (477, 65, 'Military say', 463, 98, 5);
INSERT INTO song (song_id, album_id, name, duration_seconds, bpm, track_number) VALUES (478, 65, 'Foot develop tend break', 471, 74, 6);
INSERT INTO song (song_id, album_id, name, duration_seconds, bpm, track_number) VALUES (479, 65, 'Idea fine minute', 367, 67, 7);
INSERT INTO album (album_id, artist_id, title, release_year, created_at) VALUES (66, 28, 'Centralized discrete toolset', 1992, NOW());
INSERT INTO song (song_id, album_id, name, duration_seconds, bpm, track_number) VALUES (480, 66, 'Spring whatever', 214, 122, 1);
INSERT INTO song (song_id, album_id, name, duration_seconds, bpm, track_number) VALUES (481, 66, 'Guy', 409, 132, 2);
INSERT INTO song (song_id, album_id, name, duration_seconds, bpm, track_number) VALUES (482, 66, 'Turn unit mission', 414, 168, 3);
INSERT INTO song (song_id, album_id, name, duration_seconds, bpm, track_number) VALUES (483, 66, 'Investment seven several', 165, 173, 4);
INSERT INTO song (song_id, album_id, name, duration_seconds, bpm, track_number) VALUES (484, 66, 'Cost themselves', 121, 92, 5);
INSERT INTO album (album_id, artist_id, title, release_year, created_at) VALUES (67, 28, 'Ameliorated fresh-thinking algorithm', 2006, NOW());
INSERT INTO song (song_id, album_id, name, duration_seconds, bpm, track_number) VALUES (485, 67, 'Explain', 346, 84, 1);
INSERT INTO song (song_id, album_id, name, duration_seconds, bpm, track_number) VALUES (486, 67, 'Class without', 402, 140, 2);
INSERT INTO song (song_id, album_id, name, duration_seconds, bpm, track_number) VALUES (487, 67, 'Employee west room', 316, 104, 3);
INSERT INTO song (song_id, album_id, name, duration_seconds, bpm, track_number) VALUES (488, 67, 'Myself factor late alone', 467, 76, 4);
INSERT INTO song (song_id, album_id, name, duration_seconds, bpm, track_number) VALUES (489, 67, 'Opportunity them exactly window other', 470, 120, 5);
INSERT INTO song (song_id, album_id, name, duration_seconds, bpm, track_number) VALUES (490, 67, 'Arm', 146, 145, 6);
INSERT INTO song (song_id, album_id, name, duration_seconds, bpm, track_number) VALUES (491, 67, 'Future Democrat', 134, 157, 7);
INSERT INTO song (song_id, album_id, name, duration_seconds, bpm, track_number) VALUES (492, 67, 'Interesting', 310, 89, 8);
INSERT INTO song (song_id, album_id, name, duration_seconds, bpm, track_number) VALUES (493, 67, 'Cut enough', 356, 128, 9);
INSERT INTO song (song_id, album_id, name, duration_seconds, bpm, track_number) VALUES (494, 67, 'Country wide college price', 439, 76, 10);
INSERT INTO album (album_id, artist_id, title, release_year, created_at) VALUES (68, 28, 'Streamlined multi-tasking access', 1990, NOW());
INSERT INTO song (song_id, album_id, name, duration_seconds, bpm, track_number) VALUES (495, 68, 'Church step', 166, 155, 1);
INSERT INTO song (song_id, album_id, name, duration_seconds, bpm, track_number) VALUES (496, 68, 'Instead country consumer', 442, 90, 2);
INSERT INTO song (song_id, album_id, name, duration_seconds, bpm, track_number) VALUES (497, 68, 'People', 446, 64, 3);
INSERT INTO song (song_id, album_id, name, duration_seconds, bpm, track_number) VALUES (498, 68, 'Marriage remember', 359, 121, 4);
INSERT INTO song (song_id, album_id, name, duration_seconds, bpm, track_number) VALUES (499, 68, 'Compare score star', 153, 126, 5);
INSERT INTO song (song_id, album_id, name, duration_seconds, bpm, track_number) VALUES (500, 68, 'Mrs ok', 200, 153, 6);
INSERT INTO song (song_id, album_id, name, duration_seconds, bpm, track_number) VALUES (501, 68, 'Decision decide', 404, 69, 7);
INSERT INTO song (song_id, album_id, name, duration_seconds, bpm, track_number) VALUES (502, 68, 'Author likely', 379, 97, 8);
INSERT INTO album (album_id, artist_id, title, release_year, created_at) VALUES (69, 29, 'Cross-platform multi-state migration', 2010, NOW());
INSERT INTO song (song_id, album_id, name, duration_seconds, bpm, track_number) VALUES (503, 69, 'World', 419, 164, 1);
INSERT INTO song (song_id, album_id, name, duration_seconds, bpm, track_number) VALUES (504, 69, 'Also', 134, 125, 2);
INSERT INTO song (song_id, album_id, name, duration_seconds, bpm, track_number) VALUES (505, 69, 'Possible detail real', 373, 99, 3);
INSERT INTO song (song_id, album_id, name, duration_seconds, bpm, track_number) VALUES (506, 69, 'Buy billion open', 247, 134, 4);
INSERT INTO song (song_id, album_id, name, duration_seconds, bpm, track_number) VALUES (507, 69, 'Member key', 135, 142, 5);
INSERT INTO song (song_id, album_id, name, duration_seconds, bpm, track_number) VALUES (508, 69, 'Give maintain late history training', 363, 147, 6);
INSERT INTO album (album_id, artist_id, title, release_year, created_at) VALUES (70, 29, 'Optional mobile Graphical User Interface', 2011, NOW());
INSERT INTO song (song_id, album_id, name, duration_seconds, bpm, track_number) VALUES (509, 70, 'Cold', 307, 168, 1);
INSERT INTO song (song_id, album_id, name, duration_seconds, bpm, track_number) VALUES (510, 70, 'Administration listen', 123, 147, 2);
INSERT INTO song (song_id, album_id, name, duration_seconds, bpm, track_number) VALUES (511, 70, 'Anything plant', 475, 61, 3);
INSERT INTO song (song_id, album_id, name, duration_seconds, bpm, track_number) VALUES (512, 70, 'Watch interview', 168, 135, 4);
INSERT INTO song (song_id, album_id, name, duration_seconds, bpm, track_number) VALUES (513, 70, 'Right natural science', 154, 115, 5);
INSERT INTO song (song_id, album_id, name, duration_seconds, bpm, track_number) VALUES (514, 70, 'Fire its', 131, 163, 6);
INSERT INTO song (song_id, album_id, name, duration_seconds, bpm, track_number) VALUES (515, 70, 'Anyone', 340, 67, 7);
INSERT INTO song (song_id, album_id, name, duration_seconds, bpm, track_number) VALUES (516, 70, 'Parent style', 165, 73, 8);
INSERT INTO song (song_id, album_id, name, duration_seconds, bpm, track_number) VALUES (517, 70, 'Exactly it', 152, 138, 9);
INSERT INTO song (song_id, album_id, name, duration_seconds, bpm, track_number) VALUES (518, 70, 'Thought have', 439, 156, 10);
INSERT INTO album (album_id, artist_id, title, release_year, created_at) VALUES (71, 30, 'Customizable user-facing emulation', 2011, NOW());
INSERT INTO song (song_id, album_id, name, duration_seconds, bpm, track_number) VALUES (519, 71, 'Training', 369, 64, 1);
INSERT INTO song (song_id, album_id, name, duration_seconds, bpm, track_number) VALUES (520, 71, 'Notice simple', 168, 61, 2);
INSERT INTO song (song_id, album_id, name, duration_seconds, bpm, track_number) VALUES (521, 71, 'Land tonight almost long', 185, 161, 3);
INSERT INTO song (song_id, album_id, name, duration_seconds, bpm, track_number) VALUES (522, 71, 'Professor nor', 158, 106, 4);
INSERT INTO song (song_id, album_id, name, duration_seconds, bpm, track_number) VALUES (523, 71, 'Customer', 341, 157, 5);
INSERT INTO song (song_id, album_id, name, duration_seconds, bpm, track_number) VALUES (524, 71, 'Able loss city pretty born', 129, 151, 6);
INSERT INTO song (song_id, album_id, name, duration_seconds, bpm, track_number) VALUES (525, 71, 'Season movie', 332, 144, 7);
INSERT INTO song (song_id, album_id, name, duration_seconds, bpm, track_number) VALUES (526, 71, 'Culture within', 428, 107, 8);
INSERT INTO song (song_id, album_id, name, duration_seconds, bpm, track_number) VALUES (527, 71, 'Own', 433, 103, 9);
INSERT INTO album (album_id, artist_id, title, release_year, created_at) VALUES (72, 30, 'Reduced radical help-desk', 1995, NOW());
INSERT INTO song (song_id, album_id, name, duration_seconds, bpm, track_number) VALUES (528, 72, 'Rest spring sell', 445, 150, 1);
INSERT INTO song (song_id, album_id, name, duration_seconds, bpm, track_number) VALUES (529, 72, 'Us somebody imagine past significant', 204, 166, 2);
INSERT INTO song (song_id, album_id, name, duration_seconds, bpm, track_number) VALUES (530, 72, 'Meeting many', 135, 133, 3);
INSERT INTO song (song_id, album_id, name, duration_seconds, bpm, track_number) VALUES (531, 72, 'Hear say', 240, 165, 4);
INSERT INTO song (song_id, album_id, name, duration_seconds, bpm, track_number) VALUES (532, 72, 'Make talk trade', 188, 117, 5);
INSERT INTO song (song_id, album_id, name, duration_seconds, bpm, track_number) VALUES (533, 72, 'Network best source hot', 454, 172, 6);
INSERT INTO album (album_id, artist_id, title, release_year, created_at) VALUES (73, 31, 'Total dedicated time-frame', 2002, NOW());
INSERT INTO song (song_id, album_id, name, duration_seconds, bpm, track_number) VALUES (534, 73, 'Anyone run become free next', 338, 79, 1);
INSERT INTO song (song_id, album_id, name, duration_seconds, bpm, track_number) VALUES (535, 73, 'As', 317, 166, 2);
INSERT INTO song (song_id, album_id, name, duration_seconds, bpm, track_number) VALUES (536, 73, 'Road', 338, 164, 3);
INSERT INTO song (song_id, album_id, name, duration_seconds, bpm, track_number) VALUES (537, 73, 'He produce', 337, 62, 4);
INSERT INTO song (song_id, album_id, name, duration_seconds, bpm, track_number) VALUES (538, 73, 'Away', 455, 127, 5);
INSERT INTO song (song_id, album_id, name, duration_seconds, bpm, track_number) VALUES (539, 73, 'Education and food each mind', 334, 111, 6);
INSERT INTO song (song_id, album_id, name, duration_seconds, bpm, track_number) VALUES (540, 73, 'Us recognize', 180, 136, 7);
INSERT INTO song (song_id, album_id, name, duration_seconds, bpm, track_number) VALUES (541, 73, 'Experience', 228, 147, 8);
INSERT INTO song (song_id, album_id, name, duration_seconds, bpm, track_number) VALUES (542, 73, 'Reach cause day', 307, 149, 9);
INSERT INTO song (song_id, album_id, name, duration_seconds, bpm, track_number) VALUES (543, 73, 'International produce PM wrong', 132, 133, 10);
INSERT INTO album (album_id, artist_id, title, release_year, created_at) VALUES (74, 32, 'Robust asymmetric hub', 1977, NOW());
INSERT INTO song (song_id, album_id, name, duration_seconds, bpm, track_number) VALUES (544, 74, 'International government much', 194, 138, 1);
INSERT INTO song (song_id, album_id, name, duration_seconds, bpm, track_number) VALUES (545, 74, 'Simply include', 429, 163, 2);
INSERT INTO song (song_id, album_id, name, duration_seconds, bpm, track_number) VALUES (546, 74, 'That notice', 301, 104, 3);
INSERT INTO song (song_id, album_id, name, duration_seconds, bpm, track_number) VALUES (547, 74, 'Congress almost book with', 283, 157, 4);
INSERT INTO song (song_id, album_id, name, duration_seconds, bpm, track_number) VALUES (548, 74, 'Recently', 448, 111, 5);
INSERT INTO album (album_id, artist_id, title, release_year, created_at) VALUES (75, 33, 'Intuitive intangible success', 1971, NOW());
INSERT INTO song (song_id, album_id, name, duration_seconds, bpm, track_number) VALUES (549, 75, 'Dog scientist what option', 394, 142, 1);
INSERT INTO song (song_id, album_id, name, duration_seconds, bpm, track_number) VALUES (550, 75, 'Service wonder', 457, 150, 2);
INSERT INTO song (song_id, album_id, name, duration_seconds, bpm, track_number) VALUES (551, 75, 'Explain', 445, 85, 3);
INSERT INTO song (song_id, album_id, name, duration_seconds, bpm, track_number) VALUES (552, 75, 'Medical', 321, 88, 4);
INSERT INTO song (song_id, album_id, name, duration_seconds, bpm, track_number) VALUES (553, 75, 'Never spend', 402, 160, 5);
INSERT INTO song (song_id, album_id, name, duration_seconds, bpm, track_number) VALUES (554, 75, 'Relationship', 185, 106, 6);
INSERT INTO song (song_id, album_id, name, duration_seconds, bpm, track_number) VALUES (555, 75, 'Gas this rate', 295, 168, 7);
INSERT INTO album (album_id, artist_id, title, release_year, created_at) VALUES (76, 34, 'Mandatory mobile implementation', 1993, NOW());
INSERT INTO song (song_id, album_id, name, duration_seconds, bpm, track_number) VALUES (556, 76, 'Find five', 295, 81, 1);
INSERT INTO song (song_id, album_id, name, duration_seconds, bpm, track_number) VALUES (557, 76, 'Change above the', 372, 155, 2);
INSERT INTO song (song_id, album_id, name, duration_seconds, bpm, track_number) VALUES (558, 76, 'Form', 219, 136, 3);
INSERT INTO song (song_id, album_id, name, duration_seconds, bpm, track_number) VALUES (559, 76, 'Despite', 274, 121, 4);
INSERT INTO song (song_id, album_id, name, duration_seconds, bpm, track_number) VALUES (560, 76, 'Democratic', 143, 84, 5);
INSERT INTO song (song_id, album_id, name, duration_seconds, bpm, track_number) VALUES (561, 76, 'Pick board section', 359, 177, 6);
INSERT INTO song (song_id, album_id, name, duration_seconds, bpm, track_number) VALUES (562, 76, 'My', 309, 110, 7);
INSERT INTO song (song_id, album_id, name, duration_seconds, bpm, track_number) VALUES (563, 76, 'None role', 216, 105, 8);
INSERT INTO song (song_id, album_id, name, duration_seconds, bpm, track_number) VALUES (564, 76, 'Leg', 251, 159, 9);
INSERT INTO song (song_id, album_id, name, duration_seconds, bpm, track_number) VALUES (565, 76, 'Like', 265, 110, 10);
INSERT INTO album (album_id, artist_id, title, release_year, created_at) VALUES (77, 34, 'Mandatory incremental secured line', 1980, NOW());
INSERT INTO song (song_id, album_id, name, duration_seconds, bpm, track_number) VALUES (566, 77, 'Mean ball huge', 453, 143, 1);
INSERT INTO song (song_id, album_id, name, duration_seconds, bpm, track_number) VALUES (567, 77, 'Law personal than', 319, 156, 2);
INSERT INTO song (song_id, album_id, name, duration_seconds, bpm, track_number) VALUES (568, 77, 'After support', 284, 82, 3);
INSERT INTO song (song_id, album_id, name, duration_seconds, bpm, track_number) VALUES (569, 77, 'Identify', 270, 74, 4);
INSERT INTO song (song_id, album_id, name, duration_seconds, bpm, track_number) VALUES (570, 77, 'Language term recognize almost', 313, 170, 5);
INSERT INTO song (song_id, album_id, name, duration_seconds, bpm, track_number) VALUES (571, 77, 'None value', 355, 97, 6);
INSERT INTO song (song_id, album_id, name, duration_seconds, bpm, track_number) VALUES (572, 77, 'Magazine', 293, 141, 7);
INSERT INTO song (song_id, album_id, name, duration_seconds, bpm, track_number) VALUES (573, 77, 'Represent', 464, 65, 8);
INSERT INTO song (song_id, album_id, name, duration_seconds, bpm, track_number) VALUES (574, 77, 'Later wall', 253, 161, 9);
INSERT INTO song (song_id, album_id, name, duration_seconds, bpm, track_number) VALUES (575, 77, 'Many', 388, 175, 10);
INSERT INTO album (album_id, artist_id, title, release_year, created_at) VALUES (78, 35, 'De-engineered contextually-based standardization', 2007, NOW());
INSERT INTO song (song_id, album_id, name, duration_seconds, bpm, track_number) VALUES (576, 78, 'Many', 275, 94, 1);
INSERT INTO song (song_id, album_id, name, duration_seconds, bpm, track_number) VALUES (577, 78, 'Less system', 189, 143, 2);
INSERT INTO song (song_id, album_id, name, duration_seconds, bpm, track_number) VALUES (578, 78, 'Lose', 336, 140, 3);
INSERT INTO song (song_id, album_id, name, duration_seconds, bpm, track_number) VALUES (579, 78, 'House', 248, 93, 4);
INSERT INTO song (song_id, album_id, name, duration_seconds, bpm, track_number) VALUES (580, 78, 'Fine', 268, 142, 5);
INSERT INTO album (album_id, artist_id, title, release_year, created_at) VALUES (79, 35, 'Phased heuristic collaboration', 1975, NOW());
INSERT INTO song (song_id, album_id, name, duration_seconds, bpm, track_number) VALUES (581, 79, 'Measure', 215, 157, 1);
INSERT INTO song (song_id, album_id, name, duration_seconds, bpm, track_number) VALUES (582, 79, 'Certainly', 370, 65, 2);
INSERT INTO song (song_id, album_id, name, duration_seconds, bpm, track_number) VALUES (583, 79, 'Nature particularly', 329, 178, 3);
INSERT INTO song (song_id, album_id, name, duration_seconds, bpm, track_number) VALUES (584, 79, 'Career', 416, 138, 4);
INSERT INTO song (song_id, album_id, name, duration_seconds, bpm, track_number) VALUES (585, 79, 'Professional', 317, 171, 5);
INSERT INTO song (song_id, album_id, name, duration_seconds, bpm, track_number) VALUES (586, 79, 'Thousand', 350, 147, 6);
INSERT INTO song (song_id, album_id, name, duration_seconds, bpm, track_number) VALUES (587, 79, 'Possible level', 161, 141, 7);
INSERT INTO song (song_id, album_id, name, duration_seconds, bpm, track_number) VALUES (588, 79, 'Page main prove example majority', 248, 86, 8);
INSERT INTO song (song_id, album_id, name, duration_seconds, bpm, track_number) VALUES (589, 79, 'Old', 445, 148, 9);
INSERT INTO album (album_id, artist_id, title, release_year, created_at) VALUES (80, 36, 'Synergized composite open architecture', 1990, NOW());
INSERT INTO song (song_id, album_id, name, duration_seconds, bpm, track_number) VALUES (590, 80, 'Realize without', 331, 159, 1);
INSERT INTO song (song_id, album_id, name, duration_seconds, bpm, track_number) VALUES (591, 80, 'Campaign', 349, 115, 2);
INSERT INTO song (song_id, album_id, name, duration_seconds, bpm, track_number) VALUES (592, 80, 'Leader drive matter', 185, 162, 3);
INSERT INTO song (song_id, album_id, name, duration_seconds, bpm, track_number) VALUES (593, 80, 'Wind your record', 250, 139, 4);
INSERT INTO song (song_id, album_id, name, duration_seconds, bpm, track_number) VALUES (594, 80, 'Too', 243, 77, 5);
INSERT INTO song (song_id, album_id, name, duration_seconds, bpm, track_number) VALUES (595, 80, 'Fast bit professor', 366, 176, 6);
INSERT INTO album (album_id, artist_id, title, release_year, created_at) VALUES (81, 37, 'Ameliorated context-sensitive customer loyalty', 2017, NOW());
INSERT INTO song (song_id, album_id, name, duration_seconds, bpm, track_number) VALUES (596, 81, 'Partner really', 128, 170, 1);
INSERT INTO song (song_id, album_id, name, duration_seconds, bpm, track_number) VALUES (597, 81, 'Open agency national eye', 208, 105, 2);
INSERT INTO song (song_id, album_id, name, duration_seconds, bpm, track_number) VALUES (598, 81, 'Sell picture know', 390, 61, 3);
INSERT INTO song (song_id, album_id, name, duration_seconds, bpm, track_number) VALUES (599, 81, 'Small store American prepare', 224, 92, 4);
INSERT INTO song (song_id, album_id, name, duration_seconds, bpm, track_number) VALUES (600, 81, 'Phone very sister wonder', 437, 72, 5);
INSERT INTO song (song_id, album_id, name, duration_seconds, bpm, track_number) VALUES (601, 81, 'Person', 303, 105, 6);
INSERT INTO song (song_id, album_id, name, duration_seconds, bpm, track_number) VALUES (602, 81, 'Seat', 376, 165, 7);
INSERT INTO song (song_id, album_id, name, duration_seconds, bpm, track_number) VALUES (603, 81, 'Expert evidence', 292, 88, 8);
INSERT INTO song (song_id, album_id, name, duration_seconds, bpm, track_number) VALUES (604, 81, 'Continue box eye', 183, 84, 9);
INSERT INTO song (song_id, album_id, name, duration_seconds, bpm, track_number) VALUES (605, 81, 'Almost', 385, 164, 10);
INSERT INTO album (album_id, artist_id, title, release_year, created_at) VALUES (82, 37, 'Synergized even-keeled customer loyalty', 1982, NOW());
INSERT INTO song (song_id, album_id, name, duration_seconds, bpm, track_number) VALUES (606, 82, 'Down current', 214, 143, 1);
INSERT INTO song (song_id, album_id, name, duration_seconds, bpm, track_number) VALUES (607, 82, 'Rock', 346, 133, 2);
INSERT INTO song (song_id, album_id, name, duration_seconds, bpm, track_number) VALUES (608, 82, 'Somebody', 201, 98, 3);
INSERT INTO song (song_id, album_id, name, duration_seconds, bpm, track_number) VALUES (609, 82, 'Campaign', 358, 74, 4);
INSERT INTO song (song_id, album_id, name, duration_seconds, bpm, track_number) VALUES (610, 82, 'Treatment sometimes wonder', 234, 153, 5);
INSERT INTO song (song_id, album_id, name, duration_seconds, bpm, track_number) VALUES (611, 82, 'Town', 270, 166, 6);
INSERT INTO song (song_id, album_id, name, duration_seconds, bpm, track_number) VALUES (612, 82, 'Few since media', 451, 67, 7);
INSERT INTO song (song_id, album_id, name, duration_seconds, bpm, track_number) VALUES (613, 82, 'Party consider', 354, 179, 8);
INSERT INTO album (album_id, artist_id, title, release_year, created_at) VALUES (83, 37, 'Triple-buffered bifurcated focus group', 1998, NOW());
INSERT INTO song (song_id, album_id, name, duration_seconds, bpm, track_number) VALUES (614, 83, 'Peace maybe tree', 145, 120, 1);
INSERT INTO song (song_id, album_id, name, duration_seconds, bpm, track_number) VALUES (615, 83, 'Buy field', 225, 179, 2);
INSERT INTO song (song_id, album_id, name, duration_seconds, bpm, track_number) VALUES (616, 83, 'Individual story provide about', 461, 122, 3);
INSERT INTO song (song_id, album_id, name, duration_seconds, bpm, track_number) VALUES (617, 83, 'Year', 458, 81, 4);
INSERT INTO song (song_id, album_id, name, duration_seconds, bpm, track_number) VALUES (618, 83, 'Doctor describe', 142, 104, 5);
INSERT INTO song (song_id, album_id, name, duration_seconds, bpm, track_number) VALUES (619, 83, 'Daughter firm despite', 295, 166, 6);
INSERT INTO song (song_id, album_id, name, duration_seconds, bpm, track_number) VALUES (620, 83, 'Return attorney training reason', 354, 173, 7);
INSERT INTO song (song_id, album_id, name, duration_seconds, bpm, track_number) VALUES (621, 83, 'Manager', 233, 71, 8);
INSERT INTO song (song_id, album_id, name, duration_seconds, bpm, track_number) VALUES (622, 83, 'Loss movement', 198, 65, 9);
INSERT INTO album (album_id, artist_id, title, release_year, created_at) VALUES (84, 38, 'Multi-channeled heuristic model', 1982, NOW());
INSERT INTO song (song_id, album_id, name, duration_seconds, bpm, track_number) VALUES (623, 84, 'Any past wife', 151, 82, 1);
INSERT INTO song (song_id, album_id, name, duration_seconds, bpm, track_number) VALUES (624, 84, 'Manager believe hit must', 226, 137, 2);
INSERT INTO song (song_id, album_id, name, duration_seconds, bpm, track_number) VALUES (625, 84, 'Cover include the', 422, 108, 3);
INSERT INTO song (song_id, album_id, name, duration_seconds, bpm, track_number) VALUES (626, 84, 'National offer sign total specific', 445, 70, 4);
INSERT INTO song (song_id, album_id, name, duration_seconds, bpm, track_number) VALUES (627, 84, 'Space', 265, 116, 5);
INSERT INTO song (song_id, album_id, name, duration_seconds, bpm, track_number) VALUES (628, 84, 'Point myself', 401, 164, 6);
INSERT INTO song (song_id, album_id, name, duration_seconds, bpm, track_number) VALUES (629, 84, 'Yourself', 415, 82, 7);
INSERT INTO song (song_id, album_id, name, duration_seconds, bpm, track_number) VALUES (630, 84, 'Deep score out', 328, 68, 8);
INSERT INTO album (album_id, artist_id, title, release_year, created_at) VALUES (85, 39, 'Diverse 5thgeneration forecast', 2005, NOW());
INSERT INTO song (song_id, album_id, name, duration_seconds, bpm, track_number) VALUES (631, 85, 'Chair ability', 282, 95, 1);
INSERT INTO song (song_id, album_id, name, duration_seconds, bpm, track_number) VALUES (632, 85, 'Commercial', 336, 120, 2);
INSERT INTO song (song_id, album_id, name, duration_seconds, bpm, track_number) VALUES (633, 85, 'Score dark', 223, 137, 3);
INSERT INTO song (song_id, album_id, name, duration_seconds, bpm, track_number) VALUES (634, 85, 'Executive', 228, 65, 4);
INSERT INTO song (song_id, album_id, name, duration_seconds, bpm, track_number) VALUES (635, 85, 'Range international Mrs', 335, 112, 5);
INSERT INTO song (song_id, album_id, name, duration_seconds, bpm, track_number) VALUES (636, 85, 'Cover hotel financial', 447, 76, 6);
INSERT INTO song (song_id, album_id, name, duration_seconds, bpm, track_number) VALUES (637, 85, 'Summer others', 418, 153, 7);
INSERT INTO song (song_id, album_id, name, duration_seconds, bpm, track_number) VALUES (638, 85, 'Article specific', 303, 64, 8);
INSERT INTO song (song_id, album_id, name, duration_seconds, bpm, track_number) VALUES (639, 85, 'Worry', 301, 140, 9);
INSERT INTO album (album_id, artist_id, title, release_year, created_at) VALUES (86, 40, 'Right-sized logistical collaboration', 1974, NOW());
INSERT INTO song (song_id, album_id, name, duration_seconds, bpm, track_number) VALUES (640, 86, 'Within adult majority outside', 423, 83, 1);
INSERT INTO song (song_id, album_id, name, duration_seconds, bpm, track_number) VALUES (641, 86, 'Way measure indeed', 254, 135, 2);
INSERT INTO song (song_id, album_id, name, duration_seconds, bpm, track_number) VALUES (642, 86, 'Hold', 421, 158, 3);
INSERT INTO song (song_id, album_id, name, duration_seconds, bpm, track_number) VALUES (643, 86, 'Class', 314, 123, 4);
INSERT INTO song (song_id, album_id, name, duration_seconds, bpm, track_number) VALUES (644, 86, 'Seven race', 480, 148, 5);
INSERT INTO album (album_id, artist_id, title, release_year, created_at) VALUES (87, 41, 'Ameliorated regional benchmark', 2013, NOW());
INSERT INTO song (song_id, album_id, name, duration_seconds, bpm, track_number) VALUES (645, 87, 'Weight song', 166, 97, 1);
INSERT INTO song (song_id, album_id, name, duration_seconds, bpm, track_number) VALUES (646, 87, 'Enjoy important center', 132, 90, 2);
INSERT INTO song (song_id, album_id, name, duration_seconds, bpm, track_number) VALUES (647, 87, 'Interest', 176, 124, 3);
INSERT INTO song (song_id, album_id, name, duration_seconds, bpm, track_number) VALUES (648, 87, 'Economy', 217, 62, 4);
INSERT INTO song (song_id, album_id, name, duration_seconds, bpm, track_number) VALUES (649, 87, 'Region term yard', 148, 96, 5);
INSERT INTO song (song_id, album_id, name, duration_seconds, bpm, track_number) VALUES (650, 87, 'Another along', 144, 115, 6);
INSERT INTO song (song_id, album_id, name, duration_seconds, bpm, track_number) VALUES (651, 87, 'Figure', 383, 95, 7);
INSERT INTO song (song_id, album_id, name, duration_seconds, bpm, track_number) VALUES (652, 87, 'Quickly soon true finally', 266, 96, 8);
INSERT INTO song (song_id, album_id, name, duration_seconds, bpm, track_number) VALUES (653, 87, 'Support glass rich', 452, 130, 9);
INSERT INTO song (song_id, album_id, name, duration_seconds, bpm, track_number) VALUES (654, 87, 'Important among', 222, 146, 10);
INSERT INTO album (album_id, artist_id, title, release_year, created_at) VALUES (88, 41, 'User-friendly discrete installation', 2025, NOW());
INSERT INTO song (song_id, album_id, name, duration_seconds, bpm, track_number) VALUES (655, 88, 'Fight painting theory', 342, 85, 1);
INSERT INTO song (song_id, album_id, name, duration_seconds, bpm, track_number) VALUES (656, 88, 'Deal smile enjoy', 350, 81, 2);
INSERT INTO song (song_id, album_id, name, duration_seconds, bpm, track_number) VALUES (657, 88, 'Free', 334, 107, 3);
INSERT INTO song (song_id, album_id, name, duration_seconds, bpm, track_number) VALUES (658, 88, 'Their', 408, 116, 4);
INSERT INTO song (song_id, album_id, name, duration_seconds, bpm, track_number) VALUES (659, 88, 'Develop', 313, 156, 5);
INSERT INTO song (song_id, album_id, name, duration_seconds, bpm, track_number) VALUES (660, 88, 'Certainly', 250, 133, 6);
INSERT INTO song (song_id, album_id, name, duration_seconds, bpm, track_number) VALUES (661, 88, 'Decide ten', 417, 85, 7);
INSERT INTO song (song_id, album_id, name, duration_seconds, bpm, track_number) VALUES (662, 88, 'Approach', 461, 148, 8);
INSERT INTO song (song_id, album_id, name, duration_seconds, bpm, track_number) VALUES (663, 88, 'Scene exactly', 160, 161, 9);
INSERT INTO song (song_id, album_id, name, duration_seconds, bpm, track_number) VALUES (664, 88, 'Never', 158, 64, 10);
INSERT INTO album (album_id, artist_id, title, release_year, created_at) VALUES (89, 41, 'Extended bandwidth-monitored flexibility', 1972, NOW());
INSERT INTO song (song_id, album_id, name, duration_seconds, bpm, track_number) VALUES (665, 89, 'Effort you', 193, 178, 1);
INSERT INTO song (song_id, album_id, name, duration_seconds, bpm, track_number) VALUES (666, 89, 'Man what statement production', 424, 104, 2);
INSERT INTO song (song_id, album_id, name, duration_seconds, bpm, track_number) VALUES (667, 89, 'Apply remember blue his', 393, 85, 3);
INSERT INTO song (song_id, album_id, name, duration_seconds, bpm, track_number) VALUES (668, 89, 'Knowledge which it', 299, 143, 4);
INSERT INTO song (song_id, album_id, name, duration_seconds, bpm, track_number) VALUES (669, 89, 'Seven difference effort government painting', 192, 133, 5);
INSERT INTO song (song_id, album_id, name, duration_seconds, bpm, track_number) VALUES (670, 89, 'Data', 171, 144, 6);
INSERT INTO song (song_id, album_id, name, duration_seconds, bpm, track_number) VALUES (671, 89, 'How choose analysis once', 140, 114, 7);
INSERT INTO song (song_id, album_id, name, duration_seconds, bpm, track_number) VALUES (672, 89, 'Business', 280, 139, 8);
INSERT INTO song (song_id, album_id, name, duration_seconds, bpm, track_number) VALUES (673, 89, 'Ever at his suddenly', 477, 134, 9);
INSERT INTO song (song_id, album_id, name, duration_seconds, bpm, track_number) VALUES (674, 89, 'Sense', 467, 94, 10);
INSERT INTO album (album_id, artist_id, title, release_year, created_at) VALUES (90, 42, 'Profit-focused bottom-line instruction set', 1992, NOW());
INSERT INTO song (song_id, album_id, name, duration_seconds, bpm, track_number) VALUES (675, 90, 'Step', 149, 164, 1);
INSERT INTO song (song_id, album_id, name, duration_seconds, bpm, track_number) VALUES (676, 90, 'Theory about trade', 375, 99, 2);
INSERT INTO song (song_id, album_id, name, duration_seconds, bpm, track_number) VALUES (677, 90, 'American', 343, 129, 3);
INSERT INTO song (song_id, album_id, name, duration_seconds, bpm, track_number) VALUES (678, 90, 'Game', 354, 171, 4);
INSERT INTO song (song_id, album_id, name, duration_seconds, bpm, track_number) VALUES (679, 90, 'Too job', 451, 135, 5);
INSERT INTO song (song_id, album_id, name, duration_seconds, bpm, track_number) VALUES (680, 90, 'While time', 159, 128, 6);
INSERT INTO song (song_id, album_id, name, duration_seconds, bpm, track_number) VALUES (681, 90, 'Sense deal happy', 229, 82, 7);
INSERT INTO album (album_id, artist_id, title, release_year, created_at) VALUES (91, 43, 'Versatile intermediate policy', 1983, NOW());
INSERT INTO song (song_id, album_id, name, duration_seconds, bpm, track_number) VALUES (682, 91, 'Magazine add born', 203, 144, 1);
INSERT INTO song (song_id, album_id, name, duration_seconds, bpm, track_number) VALUES (683, 91, 'Own scene', 422, 102, 2);
INSERT INTO song (song_id, album_id, name, duration_seconds, bpm, track_number) VALUES (684, 91, 'Exist example begin', 128, 152, 3);
INSERT INTO song (song_id, album_id, name, duration_seconds, bpm, track_number) VALUES (685, 91, 'East if purpose', 249, 103, 4);
INSERT INTO song (song_id, album_id, name, duration_seconds, bpm, track_number) VALUES (686, 91, 'Response degree because short', 252, 154, 5);
INSERT INTO album (album_id, artist_id, title, release_year, created_at) VALUES (92, 43, 'Synergized mobile customer loyalty', 1976, NOW());
INSERT INTO song (song_id, album_id, name, duration_seconds, bpm, track_number) VALUES (687, 92, 'Clear', 303, 97, 1);
INSERT INTO song (song_id, album_id, name, duration_seconds, bpm, track_number) VALUES (688, 92, 'Ever religious', 200, 164, 2);
INSERT INTO song (song_id, album_id, name, duration_seconds, bpm, track_number) VALUES (689, 92, 'Company', 125, 160, 3);
INSERT INTO song (song_id, album_id, name, duration_seconds, bpm, track_number) VALUES (690, 92, 'Easy light news', 176, 147, 4);
INSERT INTO song (song_id, album_id, name, duration_seconds, bpm, track_number) VALUES (691, 92, 'Realize matter', 362, 145, 5);
INSERT INTO song (song_id, album_id, name, duration_seconds, bpm, track_number) VALUES (692, 92, 'Wait', 358, 146, 6);
INSERT INTO song (song_id, album_id, name, duration_seconds, bpm, track_number) VALUES (693, 92, 'Either', 133, 96, 7);
INSERT INTO song (song_id, album_id, name, duration_seconds, bpm, track_number) VALUES (694, 92, 'Fish', 169, 103, 8);
INSERT INTO album (album_id, artist_id, title, release_year, created_at) VALUES (93, 43, 'Cross-platform non-volatile project', 1999, NOW());
INSERT INTO song (song_id, album_id, name, duration_seconds, bpm, track_number) VALUES (695, 93, 'Activity', 206, 81, 1);
INSERT INTO song (song_id, album_id, name, duration_seconds, bpm, track_number) VALUES (696, 93, 'Discover fish', 455, 79, 2);
INSERT INTO song (song_id, album_id, name, duration_seconds, bpm, track_number) VALUES (697, 93, 'Reveal matter strong', 178, 111, 3);
INSERT INTO song (song_id, album_id, name, duration_seconds, bpm, track_number) VALUES (698, 93, 'Product old', 326, 104, 4);
INSERT INTO song (song_id, album_id, name, duration_seconds, bpm, track_number) VALUES (699, 93, 'Successful section customer mention trial', 305, 149, 5);
INSERT INTO song (song_id, album_id, name, duration_seconds, bpm, track_number) VALUES (700, 93, 'Yourself also', 456, 169, 6);
INSERT INTO song (song_id, album_id, name, duration_seconds, bpm, track_number) VALUES (701, 93, 'Movie', 124, 178, 7);
INSERT INTO song (song_id, album_id, name, duration_seconds, bpm, track_number) VALUES (702, 93, 'Give idea impact', 163, 63, 8);
INSERT INTO album (album_id, artist_id, title, release_year, created_at) VALUES (94, 44, 'Enterprise-wide fresh-thinking portal', 1984, NOW());
INSERT INTO song (song_id, album_id, name, duration_seconds, bpm, track_number) VALUES (703, 94, 'Interesting role', 407, 161, 1);
INSERT INTO song (song_id, album_id, name, duration_seconds, bpm, track_number) VALUES (704, 94, 'Ever man card man push', 409, 171, 2);
INSERT INTO song (song_id, album_id, name, duration_seconds, bpm, track_number) VALUES (705, 94, 'College listen door well', 287, 162, 3);
INSERT INTO song (song_id, album_id, name, duration_seconds, bpm, track_number) VALUES (706, 94, 'Hundred everyone', 260, 153, 4);
INSERT INTO song (song_id, album_id, name, duration_seconds, bpm, track_number) VALUES (707, 94, 'Picture', 318, 99, 5);
INSERT INTO song (song_id, album_id, name, duration_seconds, bpm, track_number) VALUES (708, 94, 'Generation agreement', 223, 156, 6);
INSERT INTO song (song_id, album_id, name, duration_seconds, bpm, track_number) VALUES (709, 94, 'Group final thus event return', 138, 160, 7);
INSERT INTO song (song_id, album_id, name, duration_seconds, bpm, track_number) VALUES (710, 94, 'Certain', 455, 69, 8);
INSERT INTO song (song_id, album_id, name, duration_seconds, bpm, track_number) VALUES (711, 94, 'Agreement', 396, 67, 9);
INSERT INTO song (song_id, album_id, name, duration_seconds, bpm, track_number) VALUES (712, 94, 'Sign hope', 210, 161, 10);
INSERT INTO album (album_id, artist_id, title, release_year, created_at) VALUES (95, 44, 'Triple-buffered system-worthy portal', 2007, NOW());
INSERT INTO song (song_id, album_id, name, duration_seconds, bpm, track_number) VALUES (713, 95, 'Course', 222, 91, 1);
INSERT INTO song (song_id, album_id, name, duration_seconds, bpm, track_number) VALUES (714, 95, 'Rock difficult fly group home', 127, 81, 2);
INSERT INTO song (song_id, album_id, name, duration_seconds, bpm, track_number) VALUES (715, 95, 'Month', 181, 95, 3);
INSERT INTO song (song_id, album_id, name, duration_seconds, bpm, track_number) VALUES (716, 95, 'Tax skin business', 466, 115, 4);
INSERT INTO song (song_id, album_id, name, duration_seconds, bpm, track_number) VALUES (717, 95, 'Back', 373, 122, 5);
INSERT INTO song (song_id, album_id, name, duration_seconds, bpm, track_number) VALUES (718, 95, 'Test', 274, 177, 6);
INSERT INTO song (song_id, album_id, name, duration_seconds, bpm, track_number) VALUES (719, 95, 'Traditional generation design', 296, 173, 7);
INSERT INTO song (song_id, album_id, name, duration_seconds, bpm, track_number) VALUES (720, 95, 'Finally', 121, 98, 8);
INSERT INTO song (song_id, album_id, name, duration_seconds, bpm, track_number) VALUES (721, 95, 'News', 207, 124, 9);
INSERT INTO album (album_id, artist_id, title, release_year, created_at) VALUES (96, 44, 'Reduced regional concept', 2017, NOW());
INSERT INTO song (song_id, album_id, name, duration_seconds, bpm, track_number) VALUES (722, 96, 'Food perhaps make', 477, 158, 1);
INSERT INTO song (song_id, album_id, name, duration_seconds, bpm, track_number) VALUES (723, 96, 'Compare', 412, 97, 2);
INSERT INTO song (song_id, album_id, name, duration_seconds, bpm, track_number) VALUES (724, 96, 'Close different every suddenly', 335, 96, 3);
INSERT INTO song (song_id, album_id, name, duration_seconds, bpm, track_number) VALUES (725, 96, 'Reveal sport', 349, 166, 4);
INSERT INTO song (song_id, album_id, name, duration_seconds, bpm, track_number) VALUES (726, 96, 'Feeling', 204, 77, 5);
INSERT INTO album (album_id, artist_id, title, release_year, created_at) VALUES (97, 45, 'Integrated background contingency', 2021, NOW());
INSERT INTO song (song_id, album_id, name, duration_seconds, bpm, track_number) VALUES (727, 97, 'Include', 263, 116, 1);
INSERT INTO song (song_id, album_id, name, duration_seconds, bpm, track_number) VALUES (728, 97, 'Dark campaign anyone', 235, 122, 2);
INSERT INTO song (song_id, album_id, name, duration_seconds, bpm, track_number) VALUES (729, 97, 'Now different', 392, 63, 3);
INSERT INTO song (song_id, album_id, name, duration_seconds, bpm, track_number) VALUES (730, 97, 'Do', 310, 116, 4);
INSERT INTO song (song_id, album_id, name, duration_seconds, bpm, track_number) VALUES (731, 97, 'Expect stuff', 208, 154, 5);
INSERT INTO album (album_id, artist_id, title, release_year, created_at) VALUES (98, 45, 'Multi-layered bandwidth-monitored array', 2021, NOW());
INSERT INTO song (song_id, album_id, name, duration_seconds, bpm, track_number) VALUES (732, 98, 'Environment office', 297, 71, 1);
INSERT INTO song (song_id, album_id, name, duration_seconds, bpm, track_number) VALUES (733, 98, 'Performance', 402, 102, 2);
INSERT INTO song (song_id, album_id, name, duration_seconds, bpm, track_number) VALUES (734, 98, 'Because', 125, 68, 3);
INSERT INTO song (song_id, album_id, name, duration_seconds, bpm, track_number) VALUES (735, 98, 'Standard still', 403, 86, 4);
INSERT INTO song (song_id, album_id, name, duration_seconds, bpm, track_number) VALUES (736, 98, 'Maybe', 343, 179, 5);
INSERT INTO song (song_id, album_id, name, duration_seconds, bpm, track_number) VALUES (737, 98, 'Most', 350, 87, 6);
INSERT INTO song (song_id, album_id, name, duration_seconds, bpm, track_number) VALUES (738, 98, 'A finish financial', 224, 68, 7);
INSERT INTO song (song_id, album_id, name, duration_seconds, bpm, track_number) VALUES (739, 98, 'Among learn', 183, 142, 8);
INSERT INTO song (song_id, album_id, name, duration_seconds, bpm, track_number) VALUES (740, 98, 'Either sign', 274, 123, 9);
INSERT INTO song (song_id, album_id, name, duration_seconds, bpm, track_number) VALUES (741, 98, 'Add clear not', 278, 137, 10);
INSERT INTO album (album_id, artist_id, title, release_year, created_at) VALUES (99, 46, 'Streamlined content-based project', 1991, NOW());
INSERT INTO song (song_id, album_id, name, duration_seconds, bpm, track_number) VALUES (742, 99, 'Mention job purpose', 129, 91, 1);
INSERT INTO song (song_id, album_id, name, duration_seconds, bpm, track_number) VALUES (743, 99, 'Money', 218, 106, 2);
INSERT INTO song (song_id, album_id, name, duration_seconds, bpm, track_number) VALUES (744, 99, 'Sometimes blue throughout', 475, 81, 3);
INSERT INTO song (song_id, album_id, name, duration_seconds, bpm, track_number) VALUES (745, 99, 'Important hold throw', 356, 99, 4);
INSERT INTO song (song_id, album_id, name, duration_seconds, bpm, track_number) VALUES (746, 99, 'Human picture design', 156, 71, 5);
INSERT INTO song (song_id, album_id, name, duration_seconds, bpm, track_number) VALUES (747, 99, 'Current friend pass what', 378, 84, 6);
INSERT INTO song (song_id, album_id, name, duration_seconds, bpm, track_number) VALUES (748, 99, 'Summer investment employee', 267, 131, 7);
INSERT INTO song (song_id, album_id, name, duration_seconds, bpm, track_number) VALUES (749, 99, 'Fact', 159, 138, 8);
INSERT INTO album (album_id, artist_id, title, release_year, created_at) VALUES (100, 47, 'Down-sized grid-enabled product', 1983, NOW());
INSERT INTO song (song_id, album_id, name, duration_seconds, bpm, track_number) VALUES (750, 100, 'Risk radio', 453, 118, 1);
INSERT INTO song (song_id, album_id, name, duration_seconds, bpm, track_number) VALUES (751, 100, 'Eight', 405, 162, 2);
INSERT INTO song (song_id, album_id, name, duration_seconds, bpm, track_number) VALUES (752, 100, 'Anyone', 398, 97, 3);
INSERT INTO song (song_id, album_id, name, duration_seconds, bpm, track_number) VALUES (753, 100, 'Democratic take', 333, 114, 4);
INSERT INTO song (song_id, album_id, name, duration_seconds, bpm, track_number) VALUES (754, 100, 'Remember future', 207, 78, 5);
INSERT INTO album (album_id, artist_id, title, release_year, created_at) VALUES (101, 47, 'Virtual content-based implementation', 1993, NOW());
INSERT INTO song (song_id, album_id, name, duration_seconds, bpm, track_number) VALUES (755, 101, 'Town director ready', 303, 146, 1);
INSERT INTO song (song_id, album_id, name, duration_seconds, bpm, track_number) VALUES (756, 101, 'Actually', 349, 94, 2);
INSERT INTO song (song_id, album_id, name, duration_seconds, bpm, track_number) VALUES (757, 101, 'Book feeling PM rich', 176, 155, 3);
INSERT INTO song (song_id, album_id, name, duration_seconds, bpm, track_number) VALUES (758, 101, 'Page', 347, 171, 4);
INSERT INTO song (song_id, album_id, name, duration_seconds, bpm, track_number) VALUES (759, 101, 'Claim camera business', 244, 79, 5);
INSERT INTO song (song_id, album_id, name, duration_seconds, bpm, track_number) VALUES (760, 101, 'Significant authority crime laugh', 322, 90, 6);
INSERT INTO album (album_id, artist_id, title, release_year, created_at) VALUES (102, 47, 'Stand-alone radical architecture', 1972, NOW());
INSERT INTO song (song_id, album_id, name, duration_seconds, bpm, track_number) VALUES (761, 102, 'Recent', 440, 156, 1);
INSERT INTO song (song_id, album_id, name, duration_seconds, bpm, track_number) VALUES (762, 102, 'Player hope the', 255, 131, 2);
INSERT INTO song (song_id, album_id, name, duration_seconds, bpm, track_number) VALUES (763, 102, 'Bit hot now', 135, 79, 3);
INSERT INTO song (song_id, album_id, name, duration_seconds, bpm, track_number) VALUES (764, 102, 'Skin others word', 396, 128, 4);
INSERT INTO song (song_id, album_id, name, duration_seconds, bpm, track_number) VALUES (765, 102, 'Loss people', 202, 168, 5);
INSERT INTO album (album_id, artist_id, title, release_year, created_at) VALUES (103, 48, 'Multi-lateral even-keeled pricing structure', 1972, NOW());
INSERT INTO song (song_id, album_id, name, duration_seconds, bpm, track_number) VALUES (766, 103, 'Fire', 414, 163, 1);
INSERT INTO song (song_id, album_id, name, duration_seconds, bpm, track_number) VALUES (767, 103, 'Make', 447, 87, 2);
INSERT INTO song (song_id, album_id, name, duration_seconds, bpm, track_number) VALUES (768, 103, 'Choice', 198, 132, 3);
INSERT INTO song (song_id, album_id, name, duration_seconds, bpm, track_number) VALUES (769, 103, 'Reason', 451, 73, 4);
INSERT INTO song (song_id, album_id, name, duration_seconds, bpm, track_number) VALUES (770, 103, 'Last rather forget', 474, 100, 5);
INSERT INTO song (song_id, album_id, name, duration_seconds, bpm, track_number) VALUES (771, 103, 'Million challenge', 213, 134, 6);
INSERT INTO album (album_id, artist_id, title, release_year, created_at) VALUES (104, 48, 'Total methodical focus group', 1982, NOW());
INSERT INTO song (song_id, album_id, name, duration_seconds, bpm, track_number) VALUES (772, 104, 'Rather', 316, 89, 1);
INSERT INTO song (song_id, album_id, name, duration_seconds, bpm, track_number) VALUES (773, 104, 'Arm', 308, 72, 2);
INSERT INTO song (song_id, album_id, name, duration_seconds, bpm, track_number) VALUES (774, 104, 'Coach', 409, 102, 3);
INSERT INTO song (song_id, album_id, name, duration_seconds, bpm, track_number) VALUES (775, 104, 'Husband', 398, 82, 4);
INSERT INTO song (song_id, album_id, name, duration_seconds, bpm, track_number) VALUES (776, 104, 'Offer health', 141, 140, 5);
INSERT INTO song (song_id, album_id, name, duration_seconds, bpm, track_number) VALUES (777, 104, 'Suggest when think', 258, 165, 6);
INSERT INTO song (song_id, album_id, name, duration_seconds, bpm, track_number) VALUES (778, 104, 'Probably chance move picture four', 290, 122, 7);
INSERT INTO song (song_id, album_id, name, duration_seconds, bpm, track_number) VALUES (779, 104, 'Place case issue', 284, 137, 8);
INSERT INTO song (song_id, album_id, name, duration_seconds, bpm, track_number) VALUES (780, 104, 'Relate play economy effort create', 152, 179, 9);
INSERT INTO song (song_id, album_id, name, duration_seconds, bpm, track_number) VALUES (781, 104, 'Within', 429, 77, 10);
INSERT INTO album (album_id, artist_id, title, release_year, created_at) VALUES (105, 48, 'Optional intangible utilization', 1994, NOW());
INSERT INTO song (song_id, album_id, name, duration_seconds, bpm, track_number) VALUES (782, 105, 'Discover argue', 280, 178, 1);
INSERT INTO song (song_id, album_id, name, duration_seconds, bpm, track_number) VALUES (783, 105, 'Suggest traditional nice model', 420, 172, 2);
INSERT INTO song (song_id, album_id, name, duration_seconds, bpm, track_number) VALUES (784, 105, 'Talk table', 249, 138, 3);
INSERT INTO song (song_id, album_id, name, duration_seconds, bpm, track_number) VALUES (785, 105, 'Story after', 455, 120, 4);
INSERT INTO song (song_id, album_id, name, duration_seconds, bpm, track_number) VALUES (786, 105, 'Religious throughout community', 343, 107, 5);
INSERT INTO song (song_id, album_id, name, duration_seconds, bpm, track_number) VALUES (787, 105, 'Evidence watch', 158, 102, 6);
INSERT INTO song (song_id, album_id, name, duration_seconds, bpm, track_number) VALUES (788, 105, 'Time', 410, 71, 7);
INSERT INTO song (song_id, album_id, name, duration_seconds, bpm, track_number) VALUES (789, 105, 'Range', 354, 82, 8);
INSERT INTO song (song_id, album_id, name, duration_seconds, bpm, track_number) VALUES (790, 105, 'Board car', 366, 73, 9);
INSERT INTO song (song_id, album_id, name, duration_seconds, bpm, track_number) VALUES (791, 105, 'Maybe', 138, 137, 10);
INSERT INTO album (album_id, artist_id, title, release_year, created_at) VALUES (106, 49, 'Pre-emptive systematic time-frame', 2021, NOW());
INSERT INTO song (song_id, album_id, name, duration_seconds, bpm, track_number) VALUES (792, 106, 'Real', 188, 122, 1);
INSERT INTO song (song_id, album_id, name, duration_seconds, bpm, track_number) VALUES (793, 106, 'Soldier', 325, 132, 2);
INSERT INTO song (song_id, album_id, name, duration_seconds, bpm, track_number) VALUES (794, 106, 'What movie law enough', 385, 140, 3);
INSERT INTO song (song_id, album_id, name, duration_seconds, bpm, track_number) VALUES (795, 106, 'Republican', 329, 129, 4);
INSERT INTO song (song_id, album_id, name, duration_seconds, bpm, track_number) VALUES (796, 106, 'Always', 297, 180, 5);
INSERT INTO song (song_id, album_id, name, duration_seconds, bpm, track_number) VALUES (797, 106, 'Price very old clearly', 401, 98, 6);
INSERT INTO song (song_id, album_id, name, duration_seconds, bpm, track_number) VALUES (798, 106, 'Or interesting radio information', 172, 137, 7);
INSERT INTO song (song_id, album_id, name, duration_seconds, bpm, track_number) VALUES (799, 106, 'Happy current in', 476, 86, 8);
INSERT INTO song (song_id, album_id, name, duration_seconds, bpm, track_number) VALUES (800, 106, 'Table arm', 385, 156, 9);
INSERT INTO album (album_id, artist_id, title, release_year, created_at) VALUES (107, 50, 'Inverse multi-tasking service-desk', 1974, NOW());
INSERT INTO song (song_id, album_id, name, duration_seconds, bpm, track_number) VALUES (801, 107, 'Hour', 339, 142, 1);
INSERT INTO song (song_id, album_id, name, duration_seconds, bpm, track_number) VALUES (802, 107, 'Six', 123, 177, 2);
INSERT INTO song (song_id, album_id, name, duration_seconds, bpm, track_number) VALUES (803, 107, 'Coach yeah', 259, 109, 3);
INSERT INTO song (song_id, album_id, name, duration_seconds, bpm, track_number) VALUES (804, 107, 'To', 340, 168, 4);
INSERT INTO song (song_id, album_id, name, duration_seconds, bpm, track_number) VALUES (805, 107, 'Look activity', 350, 177, 5);
INSERT INTO album (album_id, artist_id, title, release_year, created_at) VALUES (108, 50, 'Balanced systemic interface', 2006, NOW());
INSERT INTO song (song_id, album_id, name, duration_seconds, bpm, track_number) VALUES (806, 108, 'Trial', 300, 147, 1);
INSERT INTO song (song_id, album_id, name, duration_seconds, bpm, track_number) VALUES (807, 108, 'Month', 412, 121, 2);
INSERT INTO song (song_id, album_id, name, duration_seconds, bpm, track_number) VALUES (808, 108, 'Ability against', 280, 132, 3);
INSERT INTO song (song_id, album_id, name, duration_seconds, bpm, track_number) VALUES (809, 108, 'Serve include', 432, 84, 4);
INSERT INTO song (song_id, album_id, name, duration_seconds, bpm, track_number) VALUES (810, 108, 'Wide', 421, 173, 5);
INSERT INTO song (song_id, album_id, name, duration_seconds, bpm, track_number) VALUES (811, 108, 'Six', 140, 151, 6);
INSERT INTO song (song_id, album_id, name, duration_seconds, bpm, track_number) VALUES (812, 108, 'Feel budget', 129, 87, 7);
INSERT INTO song (song_id, album_id, name, duration_seconds, bpm, track_number) VALUES (813, 108, 'Get smile', 387, 74, 8);
INSERT INTO song (song_id, album_id, name, duration_seconds, bpm, track_number) VALUES (814, 108, 'Nice', 152, 109, 9);
INSERT INTO song (song_id, album_id, name, duration_seconds, bpm, track_number) VALUES (815, 108, 'Hit respond hope', 147, 166, 10);
INSERT INTO album (album_id, artist_id, title, release_year, created_at) VALUES (109, 50, 'Extended intermediate contingency', 1985, NOW());
INSERT INTO song (song_id, album_id, name, duration_seconds, bpm, track_number) VALUES (816, 109, 'Answer', 218, 66, 1);
INSERT INTO song (song_id, album_id, name, duration_seconds, bpm, track_number) VALUES (817, 109, 'Treatment challenge education', 271, 110, 2);
INSERT INTO song (song_id, album_id, name, duration_seconds, bpm, track_number) VALUES (818, 109, 'Lawyer continue', 378, 175, 3);
INSERT INTO song (song_id, album_id, name, duration_seconds, bpm, track_number) VALUES (819, 109, 'Sit where', 306, 84, 4);
INSERT INTO song (song_id, album_id, name, duration_seconds, bpm, track_number) VALUES (820, 109, 'Begin right magazine authority', 339, 93, 5);
INSERT INTO song (song_id, album_id, name, duration_seconds, bpm, track_number) VALUES (821, 109, 'Town', 364, 104, 6);
INSERT INTO song (song_id, album_id, name, duration_seconds, bpm, track_number) VALUES (822, 109, 'Off word', 299, 96, 7);
INSERT INTO album (album_id, artist_id, title, release_year, created_at) VALUES (110, 51, 'Automated zero-defect time-frame', 2020, NOW());
INSERT INTO song (song_id, album_id, name, duration_seconds, bpm, track_number) VALUES (823, 110, 'Whose employee', 311, 124, 1);
INSERT INTO song (song_id, album_id, name, duration_seconds, bpm, track_number) VALUES (824, 110, 'Ability good ground', 182, 138, 2);
INSERT INTO song (song_id, album_id, name, duration_seconds, bpm, track_number) VALUES (825, 110, 'There tend', 325, 147, 3);
INSERT INTO song (song_id, album_id, name, duration_seconds, bpm, track_number) VALUES (826, 110, 'Bag education', 303, 125, 4);
INSERT INTO song (song_id, album_id, name, duration_seconds, bpm, track_number) VALUES (827, 110, 'Mouth join let assume human', 307, 130, 5);
INSERT INTO song (song_id, album_id, name, duration_seconds, bpm, track_number) VALUES (828, 110, 'Garden', 152, 63, 6);
INSERT INTO song (song_id, album_id, name, duration_seconds, bpm, track_number) VALUES (829, 110, 'Test policy under', 292, 68, 7);
INSERT INTO song (song_id, album_id, name, duration_seconds, bpm, track_number) VALUES (830, 110, 'Buy white', 184, 127, 8);
INSERT INTO song (song_id, album_id, name, duration_seconds, bpm, track_number) VALUES (831, 110, 'Record certain', 246, 86, 9);
INSERT INTO album (album_id, artist_id, title, release_year, created_at) VALUES (111, 52, 'Progressive even-keeled middleware', 1973, NOW());
INSERT INTO song (song_id, album_id, name, duration_seconds, bpm, track_number) VALUES (832, 111, 'Thank', 327, 114, 1);
INSERT INTO song (song_id, album_id, name, duration_seconds, bpm, track_number) VALUES (833, 111, 'Whose', 174, 155, 2);
INSERT INTO song (song_id, album_id, name, duration_seconds, bpm, track_number) VALUES (834, 111, 'Center society', 191, 109, 3);
INSERT INTO song (song_id, album_id, name, duration_seconds, bpm, track_number) VALUES (835, 111, 'Traditional', 356, 119, 4);
INSERT INTO song (song_id, album_id, name, duration_seconds, bpm, track_number) VALUES (836, 111, 'Term hard something must buy', 348, 161, 5);
INSERT INTO song (song_id, album_id, name, duration_seconds, bpm, track_number) VALUES (837, 111, 'More military', 239, 130, 6);
INSERT INTO song (song_id, album_id, name, duration_seconds, bpm, track_number) VALUES (838, 111, 'Task growth thus', 231, 180, 7);
INSERT INTO song (song_id, album_id, name, duration_seconds, bpm, track_number) VALUES (839, 111, 'Campaign', 271, 92, 8);
INSERT INTO song (song_id, album_id, name, duration_seconds, bpm, track_number) VALUES (840, 111, 'Show ground', 277, 76, 9);
INSERT INTO song (song_id, album_id, name, duration_seconds, bpm, track_number) VALUES (841, 111, 'Fight decade', 419, 63, 10);
INSERT INTO album (album_id, artist_id, title, release_year, created_at) VALUES (112, 52, 'Business-focused regional protocol', 1986, NOW());
INSERT INTO song (song_id, album_id, name, duration_seconds, bpm, track_number) VALUES (842, 112, 'Learn short car kitchen', 140, 100, 1);
INSERT INTO song (song_id, album_id, name, duration_seconds, bpm, track_number) VALUES (843, 112, 'Believe', 300, 92, 2);
INSERT INTO song (song_id, album_id, name, duration_seconds, bpm, track_number) VALUES (844, 112, 'Color style everyone', 210, 60, 3);
INSERT INTO song (song_id, album_id, name, duration_seconds, bpm, track_number) VALUES (845, 112, 'Whose school', 224, 60, 4);
INSERT INTO song (song_id, album_id, name, duration_seconds, bpm, track_number) VALUES (846, 112, 'Seek draw image', 375, 101, 5);
INSERT INTO song (song_id, album_id, name, duration_seconds, bpm, track_number) VALUES (847, 112, 'Home culture', 432, 175, 6);
INSERT INTO song (song_id, album_id, name, duration_seconds, bpm, track_number) VALUES (848, 112, 'At', 245, 161, 7);
INSERT INTO song (song_id, album_id, name, duration_seconds, bpm, track_number) VALUES (849, 112, 'Listen', 401, 136, 8);
INSERT INTO album (album_id, artist_id, title, release_year, created_at) VALUES (113, 52, 'Digitized dynamic hardware', 1987, NOW());
INSERT INTO song (song_id, album_id, name, duration_seconds, bpm, track_number) VALUES (850, 113, 'Hour', 399, 104, 1);
INSERT INTO song (song_id, album_id, name, duration_seconds, bpm, track_number) VALUES (851, 113, 'Sometimes', 158, 98, 2);
INSERT INTO song (song_id, album_id, name, duration_seconds, bpm, track_number) VALUES (852, 113, 'Talk part', 353, 152, 3);
INSERT INTO song (song_id, album_id, name, duration_seconds, bpm, track_number) VALUES (853, 113, 'Parent happen trial', 164, 160, 4);
INSERT INTO song (song_id, album_id, name, duration_seconds, bpm, track_number) VALUES (854, 113, 'Body let', 154, 170, 5);
INSERT INTO song (song_id, album_id, name, duration_seconds, bpm, track_number) VALUES (855, 113, 'Perhaps', 342, 167, 6);
INSERT INTO song (song_id, album_id, name, duration_seconds, bpm, track_number) VALUES (856, 113, 'Task administration', 254, 60, 7);
INSERT INTO song (song_id, album_id, name, duration_seconds, bpm, track_number) VALUES (857, 113, 'Win', 383, 140, 8);
INSERT INTO song (song_id, album_id, name, duration_seconds, bpm, track_number) VALUES (858, 113, 'Agency', 438, 109, 9);
INSERT INTO album (album_id, artist_id, title, release_year, created_at) VALUES (114, 53, 'Profit-focused next generation adapter', 1992, NOW());
INSERT INTO song (song_id, album_id, name, duration_seconds, bpm, track_number) VALUES (859, 114, 'Person case reach', 211, 114, 1);
INSERT INTO song (song_id, album_id, name, duration_seconds, bpm, track_number) VALUES (860, 114, 'President development practice', 295, 175, 2);
INSERT INTO song (song_id, album_id, name, duration_seconds, bpm, track_number) VALUES (861, 114, 'Young line', 224, 60, 3);
INSERT INTO song (song_id, album_id, name, duration_seconds, bpm, track_number) VALUES (862, 114, 'Catch whole hot', 400, 160, 4);
INSERT INTO song (song_id, album_id, name, duration_seconds, bpm, track_number) VALUES (863, 114, 'Your bring half far', 465, 128, 5);
INSERT INTO song (song_id, album_id, name, duration_seconds, bpm, track_number) VALUES (864, 114, 'Himself travel', 479, 62, 6);
INSERT INTO song (song_id, album_id, name, duration_seconds, bpm, track_number) VALUES (865, 114, 'Year realize', 327, 91, 7);
INSERT INTO song (song_id, album_id, name, duration_seconds, bpm, track_number) VALUES (866, 114, 'Student like', 313, 109, 8);
INSERT INTO song (song_id, album_id, name, duration_seconds, bpm, track_number) VALUES (867, 114, 'Writer', 276, 93, 9);
INSERT INTO song (song_id, album_id, name, duration_seconds, bpm, track_number) VALUES (868, 114, 'Both', 449, 100, 10);
INSERT INTO album (album_id, artist_id, title, release_year, created_at) VALUES (115, 54, 'Automated zero-defect structure', 1988, NOW());
INSERT INTO song (song_id, album_id, name, duration_seconds, bpm, track_number) VALUES (869, 115, 'Safe', 258, 175, 1);
INSERT INTO song (song_id, album_id, name, duration_seconds, bpm, track_number) VALUES (870, 115, 'Land born', 146, 63, 2);
INSERT INTO song (song_id, album_id, name, duration_seconds, bpm, track_number) VALUES (871, 115, 'Design nation', 126, 75, 3);
INSERT INTO song (song_id, album_id, name, duration_seconds, bpm, track_number) VALUES (872, 115, 'Official chair', 477, 128, 4);
INSERT INTO song (song_id, album_id, name, duration_seconds, bpm, track_number) VALUES (873, 115, 'Event care', 342, 171, 5);
INSERT INTO song (song_id, album_id, name, duration_seconds, bpm, track_number) VALUES (874, 115, 'Bill', 312, 161, 6);
INSERT INTO song (song_id, album_id, name, duration_seconds, bpm, track_number) VALUES (875, 115, 'To safe', 277, 65, 7);
INSERT INTO song (song_id, album_id, name, duration_seconds, bpm, track_number) VALUES (876, 115, 'Cover could machine mean', 134, 134, 8);
INSERT INTO song (song_id, album_id, name, duration_seconds, bpm, track_number) VALUES (877, 115, 'White', 414, 158, 9);
INSERT INTO album (album_id, artist_id, title, release_year, created_at) VALUES (116, 54, 'Exclusive static artificial intelligence', 1992, NOW());
INSERT INTO song (song_id, album_id, name, duration_seconds, bpm, track_number) VALUES (878, 116, 'Sell', 409, 71, 1);
INSERT INTO song (song_id, album_id, name, duration_seconds, bpm, track_number) VALUES (879, 116, 'Show deep win', 474, 176, 2);
INSERT INTO song (song_id, album_id, name, duration_seconds, bpm, track_number) VALUES (880, 116, 'Half visit', 469, 105, 3);
INSERT INTO song (song_id, album_id, name, duration_seconds, bpm, track_number) VALUES (881, 116, 'Newspaper administration stock least sense', 294, 121, 4);
INSERT INTO song (song_id, album_id, name, duration_seconds, bpm, track_number) VALUES (882, 116, 'Purpose good budget heavy', 432, 167, 5);
INSERT INTO song (song_id, album_id, name, duration_seconds, bpm, track_number) VALUES (883, 116, 'Fire', 324, 147, 6);
INSERT INTO song (song_id, album_id, name, duration_seconds, bpm, track_number) VALUES (884, 116, 'Meet half', 159, 73, 7);
INSERT INTO song (song_id, album_id, name, duration_seconds, bpm, track_number) VALUES (885, 116, 'Establish', 225, 123, 8);
INSERT INTO song (song_id, album_id, name, duration_seconds, bpm, track_number) VALUES (886, 116, 'Fight how than', 177, 111, 9);
INSERT INTO album (album_id, artist_id, title, release_year, created_at) VALUES (117, 54, 'Synergized maximized matrix', 1999, NOW());
INSERT INTO song (song_id, album_id, name, duration_seconds, bpm, track_number) VALUES (887, 117, 'Specific group', 183, 107, 1);
INSERT INTO song (song_id, album_id, name, duration_seconds, bpm, track_number) VALUES (888, 117, 'Drive', 429, 162, 2);
INSERT INTO song (song_id, album_id, name, duration_seconds, bpm, track_number) VALUES (889, 117, 'Mother though', 413, 87, 3);
INSERT INTO song (song_id, album_id, name, duration_seconds, bpm, track_number) VALUES (890, 117, 'Pick surface arrive', 461, 139, 4);
INSERT INTO song (song_id, album_id, name, duration_seconds, bpm, track_number) VALUES (891, 117, 'Mention', 469, 60, 5);
INSERT INTO song (song_id, album_id, name, duration_seconds, bpm, track_number) VALUES (892, 117, 'Building', 174, 149, 6);
INSERT INTO song (song_id, album_id, name, duration_seconds, bpm, track_number) VALUES (893, 117, 'Sister', 421, 65, 7);
INSERT INTO album (album_id, artist_id, title, release_year, created_at) VALUES (118, 55, 'Object-based actuating circuit', 1999, NOW());
INSERT INTO song (song_id, album_id, name, duration_seconds, bpm, track_number) VALUES (894, 118, 'Open fact hear entire industry', 316, 154, 1);
INSERT INTO song (song_id, album_id, name, duration_seconds, bpm, track_number) VALUES (895, 118, 'Usually', 266, 127, 2);
INSERT INTO song (song_id, album_id, name, duration_seconds, bpm, track_number) VALUES (896, 118, 'Budget', 400, 165, 3);
INSERT INTO song (song_id, album_id, name, duration_seconds, bpm, track_number) VALUES (897, 118, 'Officer prepare produce', 288, 104, 4);
INSERT INTO song (song_id, album_id, name, duration_seconds, bpm, track_number) VALUES (898, 118, 'White', 299, 132, 5);
INSERT INTO song (song_id, album_id, name, duration_seconds, bpm, track_number) VALUES (899, 118, 'Seven exactly', 331, 154, 6);
INSERT INTO song (song_id, album_id, name, duration_seconds, bpm, track_number) VALUES (900, 118, 'Always', 204, 152, 7);
INSERT INTO song (song_id, album_id, name, duration_seconds, bpm, track_number) VALUES (901, 118, 'Risk', 300, 63, 8);
INSERT INTO song (song_id, album_id, name, duration_seconds, bpm, track_number) VALUES (902, 118, 'Really', 215, 65, 9);
INSERT INTO album (album_id, artist_id, title, release_year, created_at) VALUES (119, 55, 'Re-contextualized eco-centric framework', 1989, NOW());
INSERT INTO song (song_id, album_id, name, duration_seconds, bpm, track_number) VALUES (903, 119, 'Position', 330, 135, 1);
INSERT INTO song (song_id, album_id, name, duration_seconds, bpm, track_number) VALUES (904, 119, 'Enjoy mouth late', 422, 180, 2);
INSERT INTO song (song_id, album_id, name, duration_seconds, bpm, track_number) VALUES (905, 119, 'Likely expert eye', 398, 96, 3);
INSERT INTO song (song_id, album_id, name, duration_seconds, bpm, track_number) VALUES (906, 119, 'Hair many', 316, 141, 4);
INSERT INTO song (song_id, album_id, name, duration_seconds, bpm, track_number) VALUES (907, 119, 'All state know', 211, 178, 5);
INSERT INTO song (song_id, album_id, name, duration_seconds, bpm, track_number) VALUES (908, 119, 'Take', 236, 171, 6);
INSERT INTO album (album_id, artist_id, title, release_year, created_at) VALUES (120, 55, 'Intuitive background utilization', 1998, NOW());
INSERT INTO song (song_id, album_id, name, duration_seconds, bpm, track_number) VALUES (909, 120, 'Same pay', 372, 104, 1);
INSERT INTO song (song_id, album_id, name, duration_seconds, bpm, track_number) VALUES (910, 120, 'Their', 440, 98, 2);
INSERT INTO song (song_id, album_id, name, duration_seconds, bpm, track_number) VALUES (911, 120, 'Southern', 140, 90, 3);
INSERT INTO song (song_id, album_id, name, duration_seconds, bpm, track_number) VALUES (912, 120, 'Real note him', 370, 131, 4);
INSERT INTO song (song_id, album_id, name, duration_seconds, bpm, track_number) VALUES (913, 120, 'Report interesting down value', 152, 89, 5);
INSERT INTO album (album_id, artist_id, title, release_year, created_at) VALUES (121, 56, 'Stand-alone local superstructure', 1990, NOW());
INSERT INTO song (song_id, album_id, name, duration_seconds, bpm, track_number) VALUES (914, 121, 'Board economy', 139, 100, 1);
INSERT INTO song (song_id, album_id, name, duration_seconds, bpm, track_number) VALUES (915, 121, 'Century method any watch', 412, 177, 2);
INSERT INTO song (song_id, album_id, name, duration_seconds, bpm, track_number) VALUES (916, 121, 'Husband', 474, 105, 3);
INSERT INTO song (song_id, album_id, name, duration_seconds, bpm, track_number) VALUES (917, 121, 'Leave thought', 410, 102, 4);
INSERT INTO song (song_id, album_id, name, duration_seconds, bpm, track_number) VALUES (918, 121, 'Picture', 397, 180, 5);
INSERT INTO song (song_id, album_id, name, duration_seconds, bpm, track_number) VALUES (919, 121, 'System third hope second her', 333, 141, 6);
INSERT INTO song (song_id, album_id, name, duration_seconds, bpm, track_number) VALUES (920, 121, 'World president', 229, 101, 7);
INSERT INTO album (album_id, artist_id, title, release_year, created_at) VALUES (122, 56, 'Virtual systematic neural-net', 1974, NOW());
INSERT INTO song (song_id, album_id, name, duration_seconds, bpm, track_number) VALUES (921, 122, 'That event question Congress new', 369, 99, 1);
INSERT INTO song (song_id, album_id, name, duration_seconds, bpm, track_number) VALUES (922, 122, 'Describe', 139, 89, 2);
INSERT INTO song (song_id, album_id, name, duration_seconds, bpm, track_number) VALUES (923, 122, 'What worker shake', 315, 122, 3);
INSERT INTO song (song_id, album_id, name, duration_seconds, bpm, track_number) VALUES (924, 122, 'Home study hour', 459, 111, 4);
INSERT INTO song (song_id, album_id, name, duration_seconds, bpm, track_number) VALUES (925, 122, 'Another not debate', 428, 86, 5);
INSERT INTO song (song_id, album_id, name, duration_seconds, bpm, track_number) VALUES (926, 122, 'Ever', 246, 71, 6);
INSERT INTO album (album_id, artist_id, title, release_year, created_at) VALUES (123, 56, 'Integrated leadingedge success', 1975, NOW());
INSERT INTO song (song_id, album_id, name, duration_seconds, bpm, track_number) VALUES (927, 123, 'Skill', 386, 135, 1);
INSERT INTO song (song_id, album_id, name, duration_seconds, bpm, track_number) VALUES (928, 123, 'Part', 334, 130, 2);
INSERT INTO song (song_id, album_id, name, duration_seconds, bpm, track_number) VALUES (929, 123, 'Team', 447, 62, 3);
INSERT INTO song (song_id, album_id, name, duration_seconds, bpm, track_number) VALUES (930, 123, 'Available', 427, 68, 4);
INSERT INTO song (song_id, album_id, name, duration_seconds, bpm, track_number) VALUES (931, 123, 'Finally than especially party', 228, 85, 5);
INSERT INTO song (song_id, album_id, name, duration_seconds, bpm, track_number) VALUES (932, 123, 'Eat', 210, 176, 6);
INSERT INTO song (song_id, album_id, name, duration_seconds, bpm, track_number) VALUES (933, 123, 'Nothing ago', 123, 81, 7);
INSERT INTO song (song_id, album_id, name, duration_seconds, bpm, track_number) VALUES (934, 123, 'Push cover team', 382, 116, 8);
INSERT INTO album (album_id, artist_id, title, release_year, created_at) VALUES (124, 57, 'Self-enabling 6thgeneration encoding', 1980, NOW());
INSERT INTO song (song_id, album_id, name, duration_seconds, bpm, track_number) VALUES (935, 124, 'Likely mother', 339, 175, 1);
INSERT INTO song (song_id, album_id, name, duration_seconds, bpm, track_number) VALUES (936, 124, 'Conference', 451, 102, 2);
INSERT INTO song (song_id, album_id, name, duration_seconds, bpm, track_number) VALUES (937, 124, 'Name shoulder', 407, 112, 3);
INSERT INTO song (song_id, album_id, name, duration_seconds, bpm, track_number) VALUES (938, 124, 'Customer', 345, 163, 4);
INSERT INTO song (song_id, album_id, name, duration_seconds, bpm, track_number) VALUES (939, 124, 'Forward', 180, 93, 5);
INSERT INTO song (song_id, album_id, name, duration_seconds, bpm, track_number) VALUES (940, 124, 'Term green budget', 337, 99, 6);
INSERT INTO song (song_id, album_id, name, duration_seconds, bpm, track_number) VALUES (941, 124, 'Adult', 256, 121, 7);
INSERT INTO album (album_id, artist_id, title, release_year, created_at) VALUES (125, 58, 'Optimized scalable conglomeration', 1977, NOW());
INSERT INTO song (song_id, album_id, name, duration_seconds, bpm, track_number) VALUES (942, 125, 'Gas white bad', 232, 135, 1);
INSERT INTO song (song_id, album_id, name, duration_seconds, bpm, track_number) VALUES (943, 125, 'Why', 461, 80, 2);
INSERT INTO song (song_id, album_id, name, duration_seconds, bpm, track_number) VALUES (944, 125, 'Plant nice', 455, 79, 3);
INSERT INTO song (song_id, album_id, name, duration_seconds, bpm, track_number) VALUES (945, 125, 'Direction', 255, 103, 4);
INSERT INTO song (song_id, album_id, name, duration_seconds, bpm, track_number) VALUES (946, 125, 'Identify bag', 409, 75, 5);
INSERT INTO song (song_id, album_id, name, duration_seconds, bpm, track_number) VALUES (947, 125, 'Over', 145, 75, 6);
INSERT INTO song (song_id, album_id, name, duration_seconds, bpm, track_number) VALUES (948, 125, 'Agent always', 317, 83, 7);
INSERT INTO song (song_id, album_id, name, duration_seconds, bpm, track_number) VALUES (949, 125, 'Pm through wait leader', 311, 136, 8);
INSERT INTO song (song_id, album_id, name, duration_seconds, bpm, track_number) VALUES (950, 125, 'Middle miss', 452, 175, 9);
INSERT INTO song (song_id, album_id, name, duration_seconds, bpm, track_number) VALUES (951, 125, 'Natural later feeling professional garden', 250, 173, 10);
INSERT INTO album (album_id, artist_id, title, release_year, created_at) VALUES (126, 59, 'Future-proofed human-resource extranet', 2012, NOW());
INSERT INTO song (song_id, album_id, name, duration_seconds, bpm, track_number) VALUES (952, 126, 'Street address friend', 234, 162, 1);
INSERT INTO song (song_id, album_id, name, duration_seconds, bpm, track_number) VALUES (953, 126, 'Might', 313, 120, 2);
INSERT INTO song (song_id, album_id, name, duration_seconds, bpm, track_number) VALUES (954, 126, 'Management team common this', 287, 108, 3);
INSERT INTO song (song_id, album_id, name, duration_seconds, bpm, track_number) VALUES (955, 126, 'Operation', 424, 86, 4);
INSERT INTO song (song_id, album_id, name, duration_seconds, bpm, track_number) VALUES (956, 126, 'Hundred', 271, 125, 5);
INSERT INTO song (song_id, album_id, name, duration_seconds, bpm, track_number) VALUES (957, 126, 'Face', 246, 135, 6);
INSERT INTO song (song_id, album_id, name, duration_seconds, bpm, track_number) VALUES (958, 126, 'Nothing here', 345, 133, 7);
INSERT INTO song (song_id, album_id, name, duration_seconds, bpm, track_number) VALUES (959, 126, 'Less for hotel to', 279, 62, 8);
INSERT INTO song (song_id, album_id, name, duration_seconds, bpm, track_number) VALUES (960, 126, 'Against around', 327, 97, 9);
INSERT INTO album (album_id, artist_id, title, release_year, created_at) VALUES (127, 60, 'Digitized demand-driven data-warehouse', 2006, NOW());
INSERT INTO song (song_id, album_id, name, duration_seconds, bpm, track_number) VALUES (961, 127, 'End arm', 343, 108, 1);
INSERT INTO song (song_id, album_id, name, duration_seconds, bpm, track_number) VALUES (962, 127, 'Next', 162, 84, 2);
INSERT INTO song (song_id, album_id, name, duration_seconds, bpm, track_number) VALUES (963, 127, 'Support', 262, 115, 3);
INSERT INTO song (song_id, album_id, name, duration_seconds, bpm, track_number) VALUES (964, 127, 'Claim star benefit', 429, 91, 4);
INSERT INTO song (song_id, album_id, name, duration_seconds, bpm, track_number) VALUES (965, 127, 'Plan land report', 230, 121, 5);
INSERT INTO song (song_id, album_id, name, duration_seconds, bpm, track_number) VALUES (966, 127, 'Environmental term now', 367, 84, 6);
INSERT INTO song (song_id, album_id, name, duration_seconds, bpm, track_number) VALUES (967, 127, 'Summer miss chair', 405, 94, 7);
INSERT INTO song (song_id, album_id, name, duration_seconds, bpm, track_number) VALUES (968, 127, 'Everyone fight usually pressure', 389, 153, 8);
INSERT INTO album (album_id, artist_id, title, release_year, created_at) VALUES (128, 60, 'Persevering system-worthy analyzer', 1986, NOW());
INSERT INTO song (song_id, album_id, name, duration_seconds, bpm, track_number) VALUES (969, 128, 'Claim night standard', 361, 115, 1);
INSERT INTO song (song_id, album_id, name, duration_seconds, bpm, track_number) VALUES (970, 128, 'Read', 464, 117, 2);
INSERT INTO song (song_id, album_id, name, duration_seconds, bpm, track_number) VALUES (971, 128, 'Threat heart', 454, 154, 3);
INSERT INTO song (song_id, album_id, name, duration_seconds, bpm, track_number) VALUES (972, 128, 'Window', 392, 121, 4);
INSERT INTO song (song_id, album_id, name, duration_seconds, bpm, track_number) VALUES (973, 128, 'To government', 460, 117, 5);
INSERT INTO song (song_id, album_id, name, duration_seconds, bpm, track_number) VALUES (974, 128, 'Member', 476, 143, 6);
INSERT INTO song (song_id, album_id, name, duration_seconds, bpm, track_number) VALUES (975, 128, 'Sing', 307, 62, 7);
INSERT INTO song (song_id, album_id, name, duration_seconds, bpm, track_number) VALUES (976, 128, 'Large', 226, 72, 8);
INSERT INTO song (song_id, album_id, name, duration_seconds, bpm, track_number) VALUES (977, 128, 'Capital', 303, 74, 9);
INSERT INTO album (album_id, artist_id, title, release_year, created_at) VALUES (129, 60, 'Progressive leadingedge analyzer', 2012, NOW());
INSERT INTO song (song_id, album_id, name, duration_seconds, bpm, track_number) VALUES (978, 129, 'Interview', 368, 90, 1);
INSERT INTO song (song_id, album_id, name, duration_seconds, bpm, track_number) VALUES (979, 129, 'Customer', 233, 115, 2);
INSERT INTO song (song_id, album_id, name, duration_seconds, bpm, track_number) VALUES (980, 129, 'Contain difference thus even', 396, 152, 3);
INSERT INTO song (song_id, album_id, name, duration_seconds, bpm, track_number) VALUES (981, 129, 'Air country', 325, 131, 4);
INSERT INTO song (song_id, album_id, name, duration_seconds, bpm, track_number) VALUES (982, 129, 'Key style', 451, 166, 5);
INSERT INTO song (song_id, album_id, name, duration_seconds, bpm, track_number) VALUES (983, 129, 'Hit make seek', 263, 148, 6);
INSERT INTO song (song_id, album_id, name, duration_seconds, bpm, track_number) VALUES (984, 129, 'Fish', 238, 128, 7);
INSERT INTO album (album_id, artist_id, title, release_year, created_at) VALUES (130, 61, 'Re-contextualized background firmware', 1975, NOW());
INSERT INTO song (song_id, album_id, name, duration_seconds, bpm, track_number) VALUES (985, 130, 'Avoid', 244, 131, 1);
INSERT INTO song (song_id, album_id, name, duration_seconds, bpm, track_number) VALUES (986, 130, 'Set', 172, 95, 2);
INSERT INTO song (song_id, album_id, name, duration_seconds, bpm, track_number) VALUES (987, 130, 'Sort fine yes difference this', 286, 160, 3);
INSERT INTO song (song_id, album_id, name, duration_seconds, bpm, track_number) VALUES (988, 130, 'Blue myself outside', 429, 149, 4);
INSERT INTO song (song_id, album_id, name, duration_seconds, bpm, track_number) VALUES (989, 130, 'Few catch newspaper', 444, 140, 5);
INSERT INTO song (song_id, album_id, name, duration_seconds, bpm, track_number) VALUES (990, 130, 'Benefit partner', 404, 61, 6);
INSERT INTO song (song_id, album_id, name, duration_seconds, bpm, track_number) VALUES (991, 130, 'Deep', 436, 104, 7);
INSERT INTO song (song_id, album_id, name, duration_seconds, bpm, track_number) VALUES (992, 130, 'Own expect', 474, 96, 8);
INSERT INTO album (album_id, artist_id, title, release_year, created_at) VALUES (131, 61, 'Ameliorated multi-tasking forecast', 2020, NOW());
INSERT INTO song (song_id, album_id, name, duration_seconds, bpm, track_number) VALUES (993, 131, 'Deep while her value', 424, 92, 1);
INSERT INTO song (song_id, album_id, name, duration_seconds, bpm, track_number) VALUES (994, 131, 'Identify continue sign', 455, 109, 2);
INSERT INTO song (song_id, album_id, name, duration_seconds, bpm, track_number) VALUES (995, 131, 'Again', 156, 158, 3);
INSERT INTO song (song_id, album_id, name, duration_seconds, bpm, track_number) VALUES (996, 131, 'Authority admit', 300, 156, 4);
INSERT INTO song (song_id, album_id, name, duration_seconds, bpm, track_number) VALUES (997, 131, 'Close', 309, 98, 5);
INSERT INTO song (song_id, album_id, name, duration_seconds, bpm, track_number) VALUES (998, 131, 'Should carry', 156, 84, 6);
INSERT INTO song (song_id, album_id, name, duration_seconds, bpm, track_number) VALUES (999, 131, 'Artist', 398, 159, 7);
INSERT INTO album (album_id, artist_id, title, release_year, created_at) VALUES (132, 62, 'Ameliorated interactive access', 2007, NOW());
INSERT INTO song (song_id, album_id, name, duration_seconds, bpm, track_number) VALUES (1000, 132, 'Place', 203, 61, 1);
INSERT INTO song (song_id, album_id, name, duration_seconds, bpm, track_number) VALUES (1001, 132, 'Try able child', 416, 179, 2);
INSERT INTO song (song_id, album_id, name, duration_seconds, bpm, track_number) VALUES (1002, 132, 'Nation Congress', 375, 177, 3);
INSERT INTO song (song_id, album_id, name, duration_seconds, bpm, track_number) VALUES (1003, 132, 'First', 332, 91, 4);
INSERT INTO song (song_id, album_id, name, duration_seconds, bpm, track_number) VALUES (1004, 132, 'Drug really', 279, 155, 5);
INSERT INTO album (album_id, artist_id, title, release_year, created_at) VALUES (133, 62, 'Cloned well-modulated task-force', 2022, NOW());
INSERT INTO song (song_id, album_id, name, duration_seconds, bpm, track_number) VALUES (1005, 133, 'Information', 350, 159, 1);
INSERT INTO song (song_id, album_id, name, duration_seconds, bpm, track_number) VALUES (1006, 133, 'Have western', 249, 115, 2);
INSERT INTO song (song_id, album_id, name, duration_seconds, bpm, track_number) VALUES (1007, 133, 'Interest spring', 194, 97, 3);
INSERT INTO song (song_id, album_id, name, duration_seconds, bpm, track_number) VALUES (1008, 133, 'Carry list', 194, 69, 4);
INSERT INTO song (song_id, album_id, name, duration_seconds, bpm, track_number) VALUES (1009, 133, 'Suddenly score', 174, 146, 5);
INSERT INTO album (album_id, artist_id, title, release_year, created_at) VALUES (134, 62, 'Mandatory tangible initiative', 1996, NOW());
INSERT INTO song (song_id, album_id, name, duration_seconds, bpm, track_number) VALUES (1010, 134, 'Available media vote safe', 366, 62, 1);
INSERT INTO song (song_id, album_id, name, duration_seconds, bpm, track_number) VALUES (1011, 134, 'Theory', 155, 131, 2);
INSERT INTO song (song_id, album_id, name, duration_seconds, bpm, track_number) VALUES (1012, 134, 'Trouble', 243, 116, 3);
INSERT INTO song (song_id, album_id, name, duration_seconds, bpm, track_number) VALUES (1013, 134, 'Hot', 291, 174, 4);
INSERT INTO song (song_id, album_id, name, duration_seconds, bpm, track_number) VALUES (1014, 134, 'Somebody mention then', 247, 90, 5);
INSERT INTO song (song_id, album_id, name, duration_seconds, bpm, track_number) VALUES (1015, 134, 'Significant much least different field', 433, 61, 6);
INSERT INTO song (song_id, album_id, name, duration_seconds, bpm, track_number) VALUES (1016, 134, 'Series', 276, 106, 7);
INSERT INTO song (song_id, album_id, name, duration_seconds, bpm, track_number) VALUES (1017, 134, 'Country', 254, 143, 8);
INSERT INTO album (album_id, artist_id, title, release_year, created_at) VALUES (135, 63, 'Multi-tiered full-range customer loyalty', 2006, NOW());
INSERT INTO song (song_id, album_id, name, duration_seconds, bpm, track_number) VALUES (1018, 135, 'According plant', 327, 160, 1);
INSERT INTO song (song_id, album_id, name, duration_seconds, bpm, track_number) VALUES (1019, 135, 'Still can consider child', 384, 84, 2);
INSERT INTO song (song_id, album_id, name, duration_seconds, bpm, track_number) VALUES (1020, 135, 'Central', 340, 140, 3);
INSERT INTO song (song_id, album_id, name, duration_seconds, bpm, track_number) VALUES (1021, 135, 'Front scientist', 232, 66, 4);
INSERT INTO song (song_id, album_id, name, duration_seconds, bpm, track_number) VALUES (1022, 135, 'We', 428, 157, 5);
INSERT INTO song (song_id, album_id, name, duration_seconds, bpm, track_number) VALUES (1023, 135, 'Particular system', 432, 63, 6);
INSERT INTO song (song_id, album_id, name, duration_seconds, bpm, track_number) VALUES (1024, 135, 'Hair usually style', 162, 176, 7);
INSERT INTO song (song_id, album_id, name, duration_seconds, bpm, track_number) VALUES (1025, 135, 'Bag type', 460, 166, 8);
INSERT INTO song (song_id, album_id, name, duration_seconds, bpm, track_number) VALUES (1026, 135, 'Kind father sit vote', 240, 109, 9);
INSERT INTO song (song_id, album_id, name, duration_seconds, bpm, track_number) VALUES (1027, 135, 'Leave different', 310, 166, 10);
INSERT INTO album (album_id, artist_id, title, release_year, created_at) VALUES (136, 63, 'Configurable fault-tolerant attitude', 2023, NOW());
INSERT INTO song (song_id, album_id, name, duration_seconds, bpm, track_number) VALUES (1028, 136, 'Of property live', 291, 83, 1);
INSERT INTO song (song_id, album_id, name, duration_seconds, bpm, track_number) VALUES (1029, 136, 'Agreement receive hope probably', 269, 69, 2);
INSERT INTO song (song_id, album_id, name, duration_seconds, bpm, track_number) VALUES (1030, 136, 'Team also case', 302, 119, 3);
INSERT INTO song (song_id, album_id, name, duration_seconds, bpm, track_number) VALUES (1031, 136, 'Education become', 423, 96, 4);
INSERT INTO song (song_id, album_id, name, duration_seconds, bpm, track_number) VALUES (1032, 136, 'Develop', 408, 62, 5);
INSERT INTO song (song_id, album_id, name, duration_seconds, bpm, track_number) VALUES (1033, 136, 'Consumer foreign receive interesting', 171, 60, 6);
INSERT INTO song (song_id, album_id, name, duration_seconds, bpm, track_number) VALUES (1034, 136, 'Do', 452, 158, 7);
INSERT INTO song (song_id, album_id, name, duration_seconds, bpm, track_number) VALUES (1035, 136, 'Design', 309, 115, 8);
INSERT INTO song (song_id, album_id, name, duration_seconds, bpm, track_number) VALUES (1036, 136, 'Plan seek', 299, 101, 9);
INSERT INTO album (album_id, artist_id, title, release_year, created_at) VALUES (137, 63, 'Triple-buffered upward-trending task-force', 2001, NOW());
INSERT INTO song (song_id, album_id, name, duration_seconds, bpm, track_number) VALUES (1037, 137, 'Perhaps push tough pick', 241, 62, 1);
INSERT INTO song (song_id, album_id, name, duration_seconds, bpm, track_number) VALUES (1038, 137, 'Building performance', 312, 136, 2);
INSERT INTO song (song_id, album_id, name, duration_seconds, bpm, track_number) VALUES (1039, 137, 'Water market away', 296, 75, 3);
INSERT INTO song (song_id, album_id, name, duration_seconds, bpm, track_number) VALUES (1040, 137, 'Road billion method executive', 156, 63, 4);
INSERT INTO song (song_id, album_id, name, duration_seconds, bpm, track_number) VALUES (1041, 137, 'Stop', 206, 167, 5);
INSERT INTO song (song_id, album_id, name, duration_seconds, bpm, track_number) VALUES (1042, 137, 'Always everyone space', 156, 154, 6);
INSERT INTO album (album_id, artist_id, title, release_year, created_at) VALUES (138, 64, 'Automated coherent functionalities', 1981, NOW());
INSERT INTO song (song_id, album_id, name, duration_seconds, bpm, track_number) VALUES (1043, 138, 'Face less space', 382, 140, 1);
INSERT INTO song (song_id, album_id, name, duration_seconds, bpm, track_number) VALUES (1044, 138, 'Little cell focus', 189, 133, 2);
INSERT INTO song (song_id, album_id, name, duration_seconds, bpm, track_number) VALUES (1045, 138, 'Policy simply', 321, 126, 3);
INSERT INTO song (song_id, album_id, name, duration_seconds, bpm, track_number) VALUES (1046, 138, 'Budget federal', 302, 76, 4);
INSERT INTO song (song_id, album_id, name, duration_seconds, bpm, track_number) VALUES (1047, 138, 'Debate majority standard', 292, 120, 5);
INSERT INTO song (song_id, album_id, name, duration_seconds, bpm, track_number) VALUES (1048, 138, 'Threat', 317, 91, 6);
INSERT INTO album (album_id, artist_id, title, release_year, created_at) VALUES (139, 64, 'Intuitive optimal intranet', 1972, NOW());
INSERT INTO song (song_id, album_id, name, duration_seconds, bpm, track_number) VALUES (1049, 139, 'Color', 397, 164, 1);
INSERT INTO song (song_id, album_id, name, duration_seconds, bpm, track_number) VALUES (1050, 139, 'Enjoy student', 297, 172, 2);
INSERT INTO song (song_id, album_id, name, duration_seconds, bpm, track_number) VALUES (1051, 139, 'Wrong', 385, 86, 3);
INSERT INTO song (song_id, album_id, name, duration_seconds, bpm, track_number) VALUES (1052, 139, 'Pm their international', 151, 64, 4);
INSERT INTO song (song_id, album_id, name, duration_seconds, bpm, track_number) VALUES (1053, 139, 'Decade', 331, 85, 5);
INSERT INTO song (song_id, album_id, name, duration_seconds, bpm, track_number) VALUES (1054, 139, 'Impact nor upon', 251, 140, 6);
INSERT INTO song (song_id, album_id, name, duration_seconds, bpm, track_number) VALUES (1055, 139, 'Oil there rock along', 132, 163, 7);
INSERT INTO song (song_id, album_id, name, duration_seconds, bpm, track_number) VALUES (1056, 139, 'Prevent', 152, 86, 8);
INSERT INTO song (song_id, album_id, name, duration_seconds, bpm, track_number) VALUES (1057, 139, 'Sister consumer', 275, 121, 9);
INSERT INTO album (album_id, artist_id, title, release_year, created_at) VALUES (140, 65, 'Reduced scalable migration', 2022, NOW());
INSERT INTO song (song_id, album_id, name, duration_seconds, bpm, track_number) VALUES (1058, 140, 'Something', 436, 156, 1);
INSERT INTO song (song_id, album_id, name, duration_seconds, bpm, track_number) VALUES (1059, 140, 'Study action', 337, 173, 2);
INSERT INTO song (song_id, album_id, name, duration_seconds, bpm, track_number) VALUES (1060, 140, 'Economic news', 449, 103, 3);
INSERT INTO song (song_id, album_id, name, duration_seconds, bpm, track_number) VALUES (1061, 140, 'Summer', 230, 130, 4);
INSERT INTO song (song_id, album_id, name, duration_seconds, bpm, track_number) VALUES (1062, 140, 'Tough', 331, 107, 5);
INSERT INTO album (album_id, artist_id, title, release_year, created_at) VALUES (141, 65, 'Automated radical hub', 2002, NOW());
INSERT INTO song (song_id, album_id, name, duration_seconds, bpm, track_number) VALUES (1063, 141, 'To school', 190, 97, 1);
INSERT INTO song (song_id, album_id, name, duration_seconds, bpm, track_number) VALUES (1064, 141, 'Past', 380, 87, 2);
INSERT INTO song (song_id, album_id, name, duration_seconds, bpm, track_number) VALUES (1065, 141, 'Stand agent across', 278, 106, 3);
INSERT INTO song (song_id, album_id, name, duration_seconds, bpm, track_number) VALUES (1066, 141, 'Ball hear', 137, 128, 4);
INSERT INTO song (song_id, album_id, name, duration_seconds, bpm, track_number) VALUES (1067, 141, 'Example term', 169, 180, 5);
INSERT INTO song (song_id, album_id, name, duration_seconds, bpm, track_number) VALUES (1068, 141, 'Win argue', 387, 136, 6);
INSERT INTO song (song_id, album_id, name, duration_seconds, bpm, track_number) VALUES (1069, 141, 'Speech bar born', 146, 117, 7);
INSERT INTO song (song_id, album_id, name, duration_seconds, bpm, track_number) VALUES (1070, 141, 'Hospital', 252, 169, 8);
INSERT INTO song (song_id, album_id, name, duration_seconds, bpm, track_number) VALUES (1071, 141, 'Civil almost report ten', 300, 78, 9);
INSERT INTO album (album_id, artist_id, title, release_year, created_at) VALUES (142, 65, 'Monitored neutral definition', 1993, NOW());
INSERT INTO song (song_id, album_id, name, duration_seconds, bpm, track_number) VALUES (1072, 142, 'Environment', 191, 127, 1);
INSERT INTO song (song_id, album_id, name, duration_seconds, bpm, track_number) VALUES (1073, 142, 'Forward', 283, 176, 2);
INSERT INTO song (song_id, album_id, name, duration_seconds, bpm, track_number) VALUES (1074, 142, 'Trade all', 210, 178, 3);
INSERT INTO song (song_id, album_id, name, duration_seconds, bpm, track_number) VALUES (1075, 142, 'Clearly', 168, 132, 4);
INSERT INTO song (song_id, album_id, name, duration_seconds, bpm, track_number) VALUES (1076, 142, 'Least responsibility south', 475, 104, 5);
INSERT INTO album (album_id, artist_id, title, release_year, created_at) VALUES (143, 66, 'Optional motivating solution', 2018, NOW());
INSERT INTO song (song_id, album_id, name, duration_seconds, bpm, track_number) VALUES (1077, 143, 'Require', 228, 148, 1);
INSERT INTO song (song_id, album_id, name, duration_seconds, bpm, track_number) VALUES (1078, 143, 'Although', 290, 149, 2);
INSERT INTO song (song_id, album_id, name, duration_seconds, bpm, track_number) VALUES (1079, 143, 'Mr nor', 304, 157, 3);
INSERT INTO song (song_id, album_id, name, duration_seconds, bpm, track_number) VALUES (1080, 143, 'Huge drop trial', 400, 63, 4);
INSERT INTO song (song_id, album_id, name, duration_seconds, bpm, track_number) VALUES (1081, 143, 'Huge', 429, 123, 5);
INSERT INTO song (song_id, album_id, name, duration_seconds, bpm, track_number) VALUES (1082, 143, 'Religious', 368, 73, 6);
INSERT INTO song (song_id, album_id, name, duration_seconds, bpm, track_number) VALUES (1083, 143, 'Week million blood morning', 134, 116, 7);
INSERT INTO song (song_id, album_id, name, duration_seconds, bpm, track_number) VALUES (1084, 143, 'Similar car', 413, 135, 8);
INSERT INTO song (song_id, album_id, name, duration_seconds, bpm, track_number) VALUES (1085, 143, 'Six realize', 461, 138, 9);
INSERT INTO album (album_id, artist_id, title, release_year, created_at) VALUES (144, 66, 'Programmable reciprocal time-frame', 1974, NOW());
INSERT INTO song (song_id, album_id, name, duration_seconds, bpm, track_number) VALUES (1086, 144, 'Opportunity move specific', 386, 109, 1);
INSERT INTO song (song_id, album_id, name, duration_seconds, bpm, track_number) VALUES (1087, 144, 'Choice smile', 203, 79, 2);
INSERT INTO song (song_id, album_id, name, duration_seconds, bpm, track_number) VALUES (1088, 144, 'Never', 431, 142, 3);
INSERT INTO song (song_id, album_id, name, duration_seconds, bpm, track_number) VALUES (1089, 144, 'Here view', 204, 75, 4);
INSERT INTO song (song_id, album_id, name, duration_seconds, bpm, track_number) VALUES (1090, 144, 'Affect skin', 349, 111, 5);
INSERT INTO song (song_id, album_id, name, duration_seconds, bpm, track_number) VALUES (1091, 144, 'Fund hold property', 333, 89, 6);
INSERT INTO song (song_id, album_id, name, duration_seconds, bpm, track_number) VALUES (1092, 144, 'Authority probably', 151, 77, 7);
INSERT INTO song (song_id, album_id, name, duration_seconds, bpm, track_number) VALUES (1093, 144, 'Seat about TV long', 201, 119, 8);
INSERT INTO song (song_id, album_id, name, duration_seconds, bpm, track_number) VALUES (1094, 144, 'Close by', 148, 132, 9);
INSERT INTO album (album_id, artist_id, title, release_year, created_at) VALUES (145, 66, 'Stand-alone executive support', 1984, NOW());
INSERT INTO song (song_id, album_id, name, duration_seconds, bpm, track_number) VALUES (1095, 145, 'Authority long future buy', 165, 103, 1);
INSERT INTO song (song_id, album_id, name, duration_seconds, bpm, track_number) VALUES (1096, 145, 'Night', 390, 178, 2);
INSERT INTO song (song_id, album_id, name, duration_seconds, bpm, track_number) VALUES (1097, 145, 'North item', 449, 65, 3);
INSERT INTO song (song_id, album_id, name, duration_seconds, bpm, track_number) VALUES (1098, 145, 'Think last today focus', 237, 76, 4);
INSERT INTO song (song_id, album_id, name, duration_seconds, bpm, track_number) VALUES (1099, 145, 'Movement themselves training', 430, 103, 5);
INSERT INTO song (song_id, album_id, name, duration_seconds, bpm, track_number) VALUES (1100, 145, 'Seem everyone everything', 396, 115, 6);
INSERT INTO song (song_id, album_id, name, duration_seconds, bpm, track_number) VALUES (1101, 145, 'Center do', 373, 126, 7);
INSERT INTO album (album_id, artist_id, title, release_year, created_at) VALUES (146, 67, 'Virtual real-time productivity', 2015, NOW());
INSERT INTO song (song_id, album_id, name, duration_seconds, bpm, track_number) VALUES (1102, 146, 'Account', 381, 149, 1);
INSERT INTO song (song_id, album_id, name, duration_seconds, bpm, track_number) VALUES (1103, 146, 'The relationship budget ahead seek', 167, 118, 2);
INSERT INTO song (song_id, album_id, name, duration_seconds, bpm, track_number) VALUES (1104, 146, 'Large', 217, 157, 3);
INSERT INTO song (song_id, album_id, name, duration_seconds, bpm, track_number) VALUES (1105, 146, 'Six morning able', 147, 124, 4);
INSERT INTO song (song_id, album_id, name, duration_seconds, bpm, track_number) VALUES (1106, 146, 'Job near', 365, 148, 5);
INSERT INTO album (album_id, artist_id, title, release_year, created_at) VALUES (147, 67, 'Team-oriented system-worthy budgetary management', 2010, NOW());
INSERT INTO song (song_id, album_id, name, duration_seconds, bpm, track_number) VALUES (1107, 147, 'Feel Congress include', 293, 178, 1);
INSERT INTO song (song_id, album_id, name, duration_seconds, bpm, track_number) VALUES (1108, 147, 'Simply much run that bag', 328, 114, 2);
INSERT INTO song (song_id, album_id, name, duration_seconds, bpm, track_number) VALUES (1109, 147, 'Use', 303, 97, 3);
INSERT INTO song (song_id, album_id, name, duration_seconds, bpm, track_number) VALUES (1110, 147, 'Discover', 348, 67, 4);
INSERT INTO song (song_id, album_id, name, duration_seconds, bpm, track_number) VALUES (1111, 147, 'Reality', 178, 145, 5);
INSERT INTO song (song_id, album_id, name, duration_seconds, bpm, track_number) VALUES (1112, 147, 'Suddenly realize', 367, 138, 6);
INSERT INTO song (song_id, album_id, name, duration_seconds, bpm, track_number) VALUES (1113, 147, 'Order actually Democrat', 178, 107, 7);
INSERT INTO song (song_id, album_id, name, duration_seconds, bpm, track_number) VALUES (1114, 147, 'Name', 477, 131, 8);
INSERT INTO song (song_id, album_id, name, duration_seconds, bpm, track_number) VALUES (1115, 147, 'Pm', 427, 99, 9);
INSERT INTO song (song_id, album_id, name, duration_seconds, bpm, track_number) VALUES (1116, 147, 'Line', 182, 124, 10);
INSERT INTO album (album_id, artist_id, title, release_year, created_at) VALUES (148, 68, 'Balanced hybrid superstructure', 2012, NOW());
INSERT INTO song (song_id, album_id, name, duration_seconds, bpm, track_number) VALUES (1117, 148, 'Scientist wide', 147, 60, 1);
INSERT INTO song (song_id, album_id, name, duration_seconds, bpm, track_number) VALUES (1118, 148, 'Half', 160, 153, 2);
INSERT INTO song (song_id, album_id, name, duration_seconds, bpm, track_number) VALUES (1119, 148, 'Especially', 315, 159, 3);
INSERT INTO song (song_id, album_id, name, duration_seconds, bpm, track_number) VALUES (1120, 148, 'Will explain direction', 327, 72, 4);
INSERT INTO song (song_id, album_id, name, duration_seconds, bpm, track_number) VALUES (1121, 148, 'Recently scientist still relate', 292, 128, 5);
INSERT INTO song (song_id, album_id, name, duration_seconds, bpm, track_number) VALUES (1122, 148, 'History statement next', 395, 70, 6);
INSERT INTO song (song_id, album_id, name, duration_seconds, bpm, track_number) VALUES (1123, 148, 'Sense', 366, 170, 7);
INSERT INTO song (song_id, album_id, name, duration_seconds, bpm, track_number) VALUES (1124, 148, 'Analysis stuff couple', 290, 129, 8);
INSERT INTO song (song_id, album_id, name, duration_seconds, bpm, track_number) VALUES (1125, 148, 'Common century boy', 231, 168, 9);
INSERT INTO song (song_id, album_id, name, duration_seconds, bpm, track_number) VALUES (1126, 148, 'Cover action success', 181, 70, 10);
INSERT INTO album (album_id, artist_id, title, release_year, created_at) VALUES (149, 68, 'Networked neutral adapter', 2022, NOW());
INSERT INTO song (song_id, album_id, name, duration_seconds, bpm, track_number) VALUES (1127, 149, 'Space', 392, 92, 1);
INSERT INTO song (song_id, album_id, name, duration_seconds, bpm, track_number) VALUES (1128, 149, 'Seek analysis', 428, 108, 2);
INSERT INTO song (song_id, album_id, name, duration_seconds, bpm, track_number) VALUES (1129, 149, 'Think appear arrive rate', 403, 157, 3);
INSERT INTO song (song_id, album_id, name, duration_seconds, bpm, track_number) VALUES (1130, 149, 'People meeting', 464, 87, 4);
INSERT INTO song (song_id, album_id, name, duration_seconds, bpm, track_number) VALUES (1131, 149, 'Interesting', 307, 102, 5);
INSERT INTO song (song_id, album_id, name, duration_seconds, bpm, track_number) VALUES (1132, 149, 'Treatment shoulder', 433, 123, 6);
INSERT INTO album (album_id, artist_id, title, release_year, created_at) VALUES (150, 68, 'Down-sized next generation core', 1990, NOW());
INSERT INTO song (song_id, album_id, name, duration_seconds, bpm, track_number) VALUES (1133, 150, 'Example daughter choice', 209, 109, 1);
INSERT INTO song (song_id, album_id, name, duration_seconds, bpm, track_number) VALUES (1134, 150, 'Garden per age hope', 397, 122, 2);
INSERT INTO song (song_id, album_id, name, duration_seconds, bpm, track_number) VALUES (1135, 150, 'Own discover concern', 247, 93, 3);
INSERT INTO song (song_id, album_id, name, duration_seconds, bpm, track_number) VALUES (1136, 150, 'Recently', 450, 108, 4);
INSERT INTO song (song_id, album_id, name, duration_seconds, bpm, track_number) VALUES (1137, 150, 'Dog interesting fast', 325, 109, 5);
INSERT INTO song (song_id, album_id, name, duration_seconds, bpm, track_number) VALUES (1138, 150, 'Between', 270, 95, 6);
INSERT INTO song (song_id, album_id, name, duration_seconds, bpm, track_number) VALUES (1139, 150, 'Through', 257, 177, 7);
INSERT INTO song (song_id, album_id, name, duration_seconds, bpm, track_number) VALUES (1140, 150, 'For challenge', 358, 116, 8);
INSERT INTO song (song_id, album_id, name, duration_seconds, bpm, track_number) VALUES (1141, 150, 'Week feeling again air view', 365, 179, 9);
INSERT INTO album (album_id, artist_id, title, release_year, created_at) VALUES (151, 69, 'Assimilated intermediate circuit', 1976, NOW());
INSERT INTO song (song_id, album_id, name, duration_seconds, bpm, track_number) VALUES (1142, 151, 'Bag', 142, 149, 1);
INSERT INTO song (song_id, album_id, name, duration_seconds, bpm, track_number) VALUES (1143, 151, 'Capital positive', 236, 67, 2);
INSERT INTO song (song_id, album_id, name, duration_seconds, bpm, track_number) VALUES (1144, 151, 'Upon', 148, 116, 3);
INSERT INTO song (song_id, album_id, name, duration_seconds, bpm, track_number) VALUES (1145, 151, 'Ground', 265, 137, 4);
INSERT INTO song (song_id, album_id, name, duration_seconds, bpm, track_number) VALUES (1146, 151, 'Investment', 427, 62, 5);
INSERT INTO album (album_id, artist_id, title, release_year, created_at) VALUES (152, 70, 'Diverse contextually-based synergy', 1981, NOW());
INSERT INTO song (song_id, album_id, name, duration_seconds, bpm, track_number) VALUES (1147, 152, 'Whole explain another', 265, 122, 1);
INSERT INTO song (song_id, album_id, name, duration_seconds, bpm, track_number) VALUES (1148, 152, 'Wish thousand religious', 162, 102, 2);
INSERT INTO song (song_id, album_id, name, duration_seconds, bpm, track_number) VALUES (1149, 152, 'Assume surface world', 452, 179, 3);
INSERT INTO song (song_id, album_id, name, duration_seconds, bpm, track_number) VALUES (1150, 152, 'North majority something', 420, 127, 4);
INSERT INTO song (song_id, album_id, name, duration_seconds, bpm, track_number) VALUES (1151, 152, 'Scene', 175, 126, 5);
INSERT INTO song (song_id, album_id, name, duration_seconds, bpm, track_number) VALUES (1152, 152, 'Really protect chair', 434, 180, 6);
INSERT INTO album (album_id, artist_id, title, release_year, created_at) VALUES (153, 70, 'Extended neutral Internet solution', 2008, NOW());
INSERT INTO song (song_id, album_id, name, duration_seconds, bpm, track_number) VALUES (1153, 153, 'Customer hundred recognize through exactly', 166, 176, 1);
INSERT INTO song (song_id, album_id, name, duration_seconds, bpm, track_number) VALUES (1154, 153, 'At', 402, 96, 2);
INSERT INTO song (song_id, album_id, name, duration_seconds, bpm, track_number) VALUES (1155, 153, 'Across pressure light', 355, 126, 3);
INSERT INTO song (song_id, album_id, name, duration_seconds, bpm, track_number) VALUES (1156, 153, 'Hold', 160, 108, 4);
INSERT INTO song (song_id, album_id, name, duration_seconds, bpm, track_number) VALUES (1157, 153, 'Upon glass visit while', 415, 174, 5);
INSERT INTO song (song_id, album_id, name, duration_seconds, bpm, track_number) VALUES (1158, 153, 'Face', 223, 156, 6);
INSERT INTO song (song_id, album_id, name, duration_seconds, bpm, track_number) VALUES (1159, 153, 'Eight suffer administration region actually', 168, 149, 7);
INSERT INTO song (song_id, album_id, name, duration_seconds, bpm, track_number) VALUES (1160, 153, 'Yourself despite', 122, 130, 8);
INSERT INTO song (song_id, album_id, name, duration_seconds, bpm, track_number) VALUES (1161, 153, 'Top hotel world thought', 253, 126, 9);
INSERT INTO album (album_id, artist_id, title, release_year, created_at) VALUES (154, 70, 'Organized multimedia project', 2018, NOW());
INSERT INTO song (song_id, album_id, name, duration_seconds, bpm, track_number) VALUES (1162, 154, 'I difference', 145, 166, 1);
INSERT INTO song (song_id, album_id, name, duration_seconds, bpm, track_number) VALUES (1163, 154, 'Good', 279, 87, 2);
INSERT INTO song (song_id, album_id, name, duration_seconds, bpm, track_number) VALUES (1164, 154, 'White', 224, 79, 3);
INSERT INTO song (song_id, album_id, name, duration_seconds, bpm, track_number) VALUES (1165, 154, 'Put people PM every well', 125, 142, 4);
INSERT INTO song (song_id, album_id, name, duration_seconds, bpm, track_number) VALUES (1166, 154, 'Year church gas', 155, 90, 5);
INSERT INTO album (album_id, artist_id, title, release_year, created_at) VALUES (155, 71, 'Profound tertiary migration', 1984, NOW());
INSERT INTO song (song_id, album_id, name, duration_seconds, bpm, track_number) VALUES (1167, 155, 'One future', 302, 95, 1);
INSERT INTO song (song_id, album_id, name, duration_seconds, bpm, track_number) VALUES (1168, 155, 'Parent', 469, 128, 2);
INSERT INTO song (song_id, album_id, name, duration_seconds, bpm, track_number) VALUES (1169, 155, 'Mrs involve', 320, 110, 3);
INSERT INTO song (song_id, album_id, name, duration_seconds, bpm, track_number) VALUES (1170, 155, 'During', 416, 158, 4);
INSERT INTO song (song_id, album_id, name, duration_seconds, bpm, track_number) VALUES (1171, 155, 'Good', 215, 145, 5);
INSERT INTO song (song_id, album_id, name, duration_seconds, bpm, track_number) VALUES (1172, 155, 'Leg center security', 475, 90, 6);
INSERT INTO song (song_id, album_id, name, duration_seconds, bpm, track_number) VALUES (1173, 155, 'Table', 347, 133, 7);
INSERT INTO album (album_id, artist_id, title, release_year, created_at) VALUES (156, 71, 'Business-focused upward-trending capacity', 1976, NOW());
INSERT INTO song (song_id, album_id, name, duration_seconds, bpm, track_number) VALUES (1174, 156, 'Particular', 215, 88, 1);
INSERT INTO song (song_id, album_id, name, duration_seconds, bpm, track_number) VALUES (1175, 156, 'Child', 451, 72, 2);
INSERT INTO song (song_id, album_id, name, duration_seconds, bpm, track_number) VALUES (1176, 156, 'Financial', 345, 93, 3);
INSERT INTO song (song_id, album_id, name, duration_seconds, bpm, track_number) VALUES (1177, 156, 'Series consumer parent', 139, 80, 4);
INSERT INTO song (song_id, album_id, name, duration_seconds, bpm, track_number) VALUES (1178, 156, 'Child', 352, 155, 5);
INSERT INTO song (song_id, album_id, name, duration_seconds, bpm, track_number) VALUES (1179, 156, 'Any space daughter', 425, 80, 6);
INSERT INTO album (album_id, artist_id, title, release_year, created_at) VALUES (157, 72, 'De-engineered hybrid capacity', 2017, NOW());
INSERT INTO song (song_id, album_id, name, duration_seconds, bpm, track_number) VALUES (1180, 157, 'Family analysis college', 467, 81, 1);
INSERT INTO song (song_id, album_id, name, duration_seconds, bpm, track_number) VALUES (1181, 157, 'Choose', 376, 101, 2);
INSERT INTO song (song_id, album_id, name, duration_seconds, bpm, track_number) VALUES (1182, 157, 'Break as', 362, 87, 3);
INSERT INTO song (song_id, album_id, name, duration_seconds, bpm, track_number) VALUES (1183, 157, 'Late anything community save real', 242, 142, 4);
INSERT INTO song (song_id, album_id, name, duration_seconds, bpm, track_number) VALUES (1184, 157, 'Film city', 464, 147, 5);
INSERT INTO album (album_id, artist_id, title, release_year, created_at) VALUES (158, 72, 'Automated fault-tolerant infrastructure', 1985, NOW());
INSERT INTO song (song_id, album_id, name, duration_seconds, bpm, track_number) VALUES (1185, 158, 'Their situation effort', 148, 180, 1);
INSERT INTO song (song_id, album_id, name, duration_seconds, bpm, track_number) VALUES (1186, 158, 'Tonight plant open party', 441, 104, 2);
INSERT INTO song (song_id, album_id, name, duration_seconds, bpm, track_number) VALUES (1187, 158, 'Foreign either culture relationship', 347, 166, 3);
INSERT INTO song (song_id, album_id, name, duration_seconds, bpm, track_number) VALUES (1188, 158, 'Ability task', 424, 147, 4);
INSERT INTO song (song_id, album_id, name, duration_seconds, bpm, track_number) VALUES (1189, 158, 'Particular scientist', 239, 74, 5);
INSERT INTO song (song_id, album_id, name, duration_seconds, bpm, track_number) VALUES (1190, 158, 'Growth', 230, 140, 6);
INSERT INTO album (album_id, artist_id, title, release_year, created_at) VALUES (159, 73, 'Sharable tangible process improvement', 1979, NOW());
INSERT INTO song (song_id, album_id, name, duration_seconds, bpm, track_number) VALUES (1191, 159, 'Later man once reflect', 413, 131, 1);
INSERT INTO song (song_id, album_id, name, duration_seconds, bpm, track_number) VALUES (1192, 159, 'Fight', 343, 60, 2);
INSERT INTO song (song_id, album_id, name, duration_seconds, bpm, track_number) VALUES (1193, 159, 'Court', 228, 157, 3);
INSERT INTO song (song_id, album_id, name, duration_seconds, bpm, track_number) VALUES (1194, 159, 'Eye field word support event', 277, 95, 4);
INSERT INTO song (song_id, album_id, name, duration_seconds, bpm, track_number) VALUES (1195, 159, 'Fly', 266, 151, 5);
INSERT INTO song (song_id, album_id, name, duration_seconds, bpm, track_number) VALUES (1196, 159, 'Perhaps', 197, 106, 6);
INSERT INTO song (song_id, album_id, name, duration_seconds, bpm, track_number) VALUES (1197, 159, 'Ten that', 182, 95, 7);
INSERT INTO song (song_id, album_id, name, duration_seconds, bpm, track_number) VALUES (1198, 159, 'Discover although prepare', 313, 67, 8);
INSERT INTO song (song_id, album_id, name, duration_seconds, bpm, track_number) VALUES (1199, 159, 'Method international trial record', 298, 177, 9);
INSERT INTO song (song_id, album_id, name, duration_seconds, bpm, track_number) VALUES (1200, 159, 'Involve', 139, 132, 10);
INSERT INTO album (album_id, artist_id, title, release_year, created_at) VALUES (160, 74, 'Customizable coherent standardization', 1973, NOW());
INSERT INTO song (song_id, album_id, name, duration_seconds, bpm, track_number) VALUES (1201, 160, 'Suddenly', 395, 71, 1);
INSERT INTO song (song_id, album_id, name, duration_seconds, bpm, track_number) VALUES (1202, 160, 'Individual', 254, 60, 2);
INSERT INTO song (song_id, album_id, name, duration_seconds, bpm, track_number) VALUES (1203, 160, 'Trouble occur prevent grow subject', 400, 67, 3);
INSERT INTO song (song_id, album_id, name, duration_seconds, bpm, track_number) VALUES (1204, 160, 'Natural', 179, 172, 4);
INSERT INTO song (song_id, album_id, name, duration_seconds, bpm, track_number) VALUES (1205, 160, 'Design factor', 251, 112, 5);
INSERT INTO song (song_id, album_id, name, duration_seconds, bpm, track_number) VALUES (1206, 160, 'Wide suddenly stay', 155, 60, 6);
INSERT INTO song (song_id, album_id, name, duration_seconds, bpm, track_number) VALUES (1207, 160, 'Whether official', 346, 165, 7);
INSERT INTO song (song_id, album_id, name, duration_seconds, bpm, track_number) VALUES (1208, 160, 'Price play set', 273, 169, 8);
INSERT INTO album (album_id, artist_id, title, release_year, created_at) VALUES (161, 74, 'Quality-focused neutral analyzer', 2002, NOW());
INSERT INTO song (song_id, album_id, name, duration_seconds, bpm, track_number) VALUES (1209, 161, 'What couple country suddenly pick', 120, 149, 1);
INSERT INTO song (song_id, album_id, name, duration_seconds, bpm, track_number) VALUES (1210, 161, 'Community', 342, 164, 2);
INSERT INTO song (song_id, album_id, name, duration_seconds, bpm, track_number) VALUES (1211, 161, 'Contain until', 138, 131, 3);
INSERT INTO song (song_id, album_id, name, duration_seconds, bpm, track_number) VALUES (1212, 161, 'Happen', 130, 136, 4);
INSERT INTO song (song_id, album_id, name, duration_seconds, bpm, track_number) VALUES (1213, 161, 'Project', 313, 169, 5);
INSERT INTO song (song_id, album_id, name, duration_seconds, bpm, track_number) VALUES (1214, 161, 'Card especially table you charge', 125, 167, 6);
INSERT INTO song (song_id, album_id, name, duration_seconds, bpm, track_number) VALUES (1215, 161, 'Player', 203, 108, 7);
INSERT INTO song (song_id, album_id, name, duration_seconds, bpm, track_number) VALUES (1216, 161, 'Free particular', 195, 161, 8);
INSERT INTO song (song_id, album_id, name, duration_seconds, bpm, track_number) VALUES (1217, 161, 'Half law', 361, 82, 9);
INSERT INTO song (song_id, album_id, name, duration_seconds, bpm, track_number) VALUES (1218, 161, 'Take', 400, 149, 10);
INSERT INTO album (album_id, artist_id, title, release_year, created_at) VALUES (162, 75, 'Operative composite approach', 2015, NOW());
INSERT INTO song (song_id, album_id, name, duration_seconds, bpm, track_number) VALUES (1219, 162, 'Yard newspaper', 226, 114, 1);
INSERT INTO song (song_id, album_id, name, duration_seconds, bpm, track_number) VALUES (1220, 162, 'Real sit mention', 349, 116, 2);
INSERT INTO song (song_id, album_id, name, duration_seconds, bpm, track_number) VALUES (1221, 162, 'Small democratic', 386, 154, 3);
INSERT INTO song (song_id, album_id, name, duration_seconds, bpm, track_number) VALUES (1222, 162, 'Relationship trouble', 434, 103, 4);
INSERT INTO song (song_id, album_id, name, duration_seconds, bpm, track_number) VALUES (1223, 162, 'Sort stay view down', 164, 145, 5);
INSERT INTO song (song_id, album_id, name, duration_seconds, bpm, track_number) VALUES (1224, 162, 'Kid whose would', 461, 82, 6);
INSERT INTO song (song_id, album_id, name, duration_seconds, bpm, track_number) VALUES (1225, 162, 'Range either listen', 369, 91, 7);
INSERT INTO song (song_id, album_id, name, duration_seconds, bpm, track_number) VALUES (1226, 162, 'Skill purpose', 336, 72, 8);
INSERT INTO song (song_id, album_id, name, duration_seconds, bpm, track_number) VALUES (1227, 162, 'If', 167, 98, 9);
INSERT INTO song (song_id, album_id, name, duration_seconds, bpm, track_number) VALUES (1228, 162, 'Just arm hair at', 358, 87, 10);
INSERT INTO album (album_id, artist_id, title, release_year, created_at) VALUES (163, 76, 'Persevering executive help-desk', 2015, NOW());
INSERT INTO song (song_id, album_id, name, duration_seconds, bpm, track_number) VALUES (1229, 163, 'Special TV run final', 248, 111, 1);
INSERT INTO song (song_id, album_id, name, duration_seconds, bpm, track_number) VALUES (1230, 163, 'Book various', 448, 158, 2);
INSERT INTO song (song_id, album_id, name, duration_seconds, bpm, track_number) VALUES (1231, 163, 'Carry too college body bit', 472, 172, 3);
INSERT INTO song (song_id, album_id, name, duration_seconds, bpm, track_number) VALUES (1232, 163, 'Along end positive rest', 331, 167, 4);
INSERT INTO song (song_id, album_id, name, duration_seconds, bpm, track_number) VALUES (1233, 163, 'Yes learn include', 298, 134, 5);
INSERT INTO song (song_id, album_id, name, duration_seconds, bpm, track_number) VALUES (1234, 163, 'Staff month than remain', 148, 63, 6);
INSERT INTO song (song_id, album_id, name, duration_seconds, bpm, track_number) VALUES (1235, 163, 'Night morning peace security ok', 128, 80, 7);
INSERT INTO album (album_id, artist_id, title, release_year, created_at) VALUES (164, 76, 'Profound radical data-warehouse', 1992, NOW());
INSERT INTO song (song_id, album_id, name, duration_seconds, bpm, track_number) VALUES (1236, 164, 'School', 164, 141, 1);
INSERT INTO song (song_id, album_id, name, duration_seconds, bpm, track_number) VALUES (1237, 164, 'Example', 184, 92, 2);
INSERT INTO song (song_id, album_id, name, duration_seconds, bpm, track_number) VALUES (1238, 164, 'Significant lawyer', 432, 66, 3);
INSERT INTO song (song_id, album_id, name, duration_seconds, bpm, track_number) VALUES (1239, 164, 'Ago', 367, 99, 4);
INSERT INTO song (song_id, album_id, name, duration_seconds, bpm, track_number) VALUES (1240, 164, 'Play', 140, 85, 5);
INSERT INTO song (song_id, album_id, name, duration_seconds, bpm, track_number) VALUES (1241, 164, 'Single', 352, 172, 6);
INSERT INTO song (song_id, album_id, name, duration_seconds, bpm, track_number) VALUES (1242, 164, 'Bag capital sit', 280, 104, 7);
INSERT INTO album (album_id, artist_id, title, release_year, created_at) VALUES (165, 76, 'Profound stable data-warehouse', 2020, NOW());
INSERT INTO song (song_id, album_id, name, duration_seconds, bpm, track_number) VALUES (1243, 165, 'Strong today', 197, 128, 1);
INSERT INTO song (song_id, album_id, name, duration_seconds, bpm, track_number) VALUES (1244, 165, 'Recognize history southern', 223, 73, 2);
INSERT INTO song (song_id, album_id, name, duration_seconds, bpm, track_number) VALUES (1245, 165, 'Class', 295, 76, 3);
INSERT INTO song (song_id, album_id, name, duration_seconds, bpm, track_number) VALUES (1246, 165, 'Produce interview', 364, 171, 4);
INSERT INTO song (song_id, album_id, name, duration_seconds, bpm, track_number) VALUES (1247, 165, 'Hope', 462, 154, 5);
INSERT INTO album (album_id, artist_id, title, release_year, created_at) VALUES (166, 77, 'Cross-platform static groupware', 2006, NOW());
INSERT INTO song (song_id, album_id, name, duration_seconds, bpm, track_number) VALUES (1248, 166, 'Wrong', 299, 114, 1);
INSERT INTO song (song_id, album_id, name, duration_seconds, bpm, track_number) VALUES (1249, 166, 'Tough offer according', 363, 92, 2);
INSERT INTO song (song_id, album_id, name, duration_seconds, bpm, track_number) VALUES (1250, 166, 'Business', 190, 80, 3);
INSERT INTO song (song_id, album_id, name, duration_seconds, bpm, track_number) VALUES (1251, 166, 'Strategy because', 426, 116, 4);
INSERT INTO song (song_id, album_id, name, duration_seconds, bpm, track_number) VALUES (1252, 166, 'Quickly work', 377, 112, 5);
INSERT INTO song (song_id, album_id, name, duration_seconds, bpm, track_number) VALUES (1253, 166, 'Political', 363, 63, 6);
INSERT INTO song (song_id, album_id, name, duration_seconds, bpm, track_number) VALUES (1254, 166, 'Mind', 287, 81, 7);
INSERT INTO song (song_id, album_id, name, duration_seconds, bpm, track_number) VALUES (1255, 166, 'Majority sign', 133, 154, 8);
INSERT INTO album (album_id, artist_id, title, release_year, created_at) VALUES (167, 77, 'Open-architected intermediate paradigm', 1990, NOW());
INSERT INTO song (song_id, album_id, name, duration_seconds, bpm, track_number) VALUES (1256, 167, 'Add', 134, 74, 1);
INSERT INTO song (song_id, album_id, name, duration_seconds, bpm, track_number) VALUES (1257, 167, 'Who room party', 267, 93, 2);
INSERT INTO song (song_id, album_id, name, duration_seconds, bpm, track_number) VALUES (1258, 167, 'Rise blood', 324, 139, 3);
INSERT INTO song (song_id, album_id, name, duration_seconds, bpm, track_number) VALUES (1259, 167, 'Simple past', 415, 149, 4);
INSERT INTO song (song_id, album_id, name, duration_seconds, bpm, track_number) VALUES (1260, 167, 'Admit', 416, 177, 5);
INSERT INTO song (song_id, album_id, name, duration_seconds, bpm, track_number) VALUES (1261, 167, 'Business believe government will campaign', 238, 114, 6);
INSERT INTO song (song_id, album_id, name, duration_seconds, bpm, track_number) VALUES (1262, 167, 'Us full', 455, 160, 7);
INSERT INTO song (song_id, album_id, name, duration_seconds, bpm, track_number) VALUES (1263, 167, 'Leader why site', 397, 63, 8);
INSERT INTO song (song_id, album_id, name, duration_seconds, bpm, track_number) VALUES (1264, 167, 'Door stop I morning', 467, 177, 9);
INSERT INTO album (album_id, artist_id, title, release_year, created_at) VALUES (168, 78, 'Configurable leadingedge focus group', 1993, NOW());
INSERT INTO song (song_id, album_id, name, duration_seconds, bpm, track_number) VALUES (1265, 168, 'Defense', 322, 108, 1);
INSERT INTO song (song_id, album_id, name, duration_seconds, bpm, track_number) VALUES (1266, 168, 'Economy gun', 405, 158, 2);
INSERT INTO song (song_id, album_id, name, duration_seconds, bpm, track_number) VALUES (1267, 168, 'Tv lose else', 126, 178, 3);
INSERT INTO song (song_id, album_id, name, duration_seconds, bpm, track_number) VALUES (1268, 168, 'Today big', 161, 90, 4);
INSERT INTO song (song_id, album_id, name, duration_seconds, bpm, track_number) VALUES (1269, 168, 'Bring senior worker', 447, 136, 5);
INSERT INTO song (song_id, album_id, name, duration_seconds, bpm, track_number) VALUES (1270, 168, 'Whole pull call stuff', 372, 104, 6);
INSERT INTO song (song_id, album_id, name, duration_seconds, bpm, track_number) VALUES (1271, 168, 'Business', 385, 133, 7);
INSERT INTO album (album_id, artist_id, title, release_year, created_at) VALUES (169, 79, 'Universal homogeneous analyzer', 1976, NOW());
INSERT INTO song (song_id, album_id, name, duration_seconds, bpm, track_number) VALUES (1272, 169, 'Arrive senior space', 261, 96, 1);
INSERT INTO song (song_id, album_id, name, duration_seconds, bpm, track_number) VALUES (1273, 169, 'Large', 285, 94, 2);
INSERT INTO song (song_id, album_id, name, duration_seconds, bpm, track_number) VALUES (1274, 169, 'Opportunity', 207, 101, 3);
INSERT INTO song (song_id, album_id, name, duration_seconds, bpm, track_number) VALUES (1275, 169, 'Purpose', 178, 151, 4);
INSERT INTO song (song_id, album_id, name, duration_seconds, bpm, track_number) VALUES (1276, 169, 'Threat', 442, 132, 5);
INSERT INTO album (album_id, artist_id, title, release_year, created_at) VALUES (170, 79, 'Team-oriented empowering matrices', 2011, NOW());
INSERT INTO song (song_id, album_id, name, duration_seconds, bpm, track_number) VALUES (1277, 170, 'House', 151, 157, 1);
INSERT INTO song (song_id, album_id, name, duration_seconds, bpm, track_number) VALUES (1278, 170, 'Style despite year take', 422, 138, 2);
INSERT INTO song (song_id, album_id, name, duration_seconds, bpm, track_number) VALUES (1279, 170, 'Form', 381, 78, 3);
INSERT INTO song (song_id, album_id, name, duration_seconds, bpm, track_number) VALUES (1280, 170, 'Couple price', 176, 144, 4);
INSERT INTO song (song_id, album_id, name, duration_seconds, bpm, track_number) VALUES (1281, 170, 'Lot easy kind', 193, 63, 5);
INSERT INTO album (album_id, artist_id, title, release_year, created_at) VALUES (171, 80, 'Centralized zero tolerance solution', 1998, NOW());
INSERT INTO song (song_id, album_id, name, duration_seconds, bpm, track_number) VALUES (1282, 171, 'Really even', 214, 64, 1);
INSERT INTO song (song_id, album_id, name, duration_seconds, bpm, track_number) VALUES (1283, 171, 'Mean since', 417, 95, 2);
INSERT INTO song (song_id, album_id, name, duration_seconds, bpm, track_number) VALUES (1284, 171, 'Want', 243, 77, 3);
INSERT INTO song (song_id, album_id, name, duration_seconds, bpm, track_number) VALUES (1285, 171, 'Newspaper student wonder tell', 125, 124, 4);
INSERT INTO song (song_id, album_id, name, duration_seconds, bpm, track_number) VALUES (1286, 171, 'Receive at writer', 328, 151, 5);
INSERT INTO song (song_id, album_id, name, duration_seconds, bpm, track_number) VALUES (1287, 171, 'Only special accept', 276, 95, 6);
INSERT INTO song (song_id, album_id, name, duration_seconds, bpm, track_number) VALUES (1288, 171, 'Event strong', 203, 83, 7);
INSERT INTO song (song_id, album_id, name, duration_seconds, bpm, track_number) VALUES (1289, 171, 'Sound forward value space', 341, 110, 8);
INSERT INTO song (song_id, album_id, name, duration_seconds, bpm, track_number) VALUES (1290, 171, 'Black', 356, 74, 9);
INSERT INTO album (album_id, artist_id, title, release_year, created_at) VALUES (172, 80, 'Reactive asynchronous application', 2023, NOW());
INSERT INTO song (song_id, album_id, name, duration_seconds, bpm, track_number) VALUES (1291, 172, 'Reflect', 141, 126, 1);
INSERT INTO song (song_id, album_id, name, duration_seconds, bpm, track_number) VALUES (1292, 172, 'Product', 454, 108, 2);
INSERT INTO song (song_id, album_id, name, duration_seconds, bpm, track_number) VALUES (1293, 172, 'Yes', 230, 71, 3);
INSERT INTO song (song_id, album_id, name, duration_seconds, bpm, track_number) VALUES (1294, 172, 'Both', 286, 77, 4);
INSERT INTO song (song_id, album_id, name, duration_seconds, bpm, track_number) VALUES (1295, 172, 'Relate', 446, 145, 5);
INSERT INTO song (song_id, album_id, name, duration_seconds, bpm, track_number) VALUES (1296, 172, 'Attorney', 476, 84, 6);
INSERT INTO song (song_id, album_id, name, duration_seconds, bpm, track_number) VALUES (1297, 172, 'Enjoy', 235, 67, 7);
INSERT INTO song (song_id, album_id, name, duration_seconds, bpm, track_number) VALUES (1298, 172, 'Reality', 371, 91, 8);
INSERT INTO album (album_id, artist_id, title, release_year, created_at) VALUES (173, 81, 'Multi-tiered 4thgeneration access', 1990, NOW());
INSERT INTO song (song_id, album_id, name, duration_seconds, bpm, track_number) VALUES (1299, 173, 'Size', 195, 136, 1);
INSERT INTO song (song_id, album_id, name, duration_seconds, bpm, track_number) VALUES (1300, 173, 'Specific', 248, 161, 2);
INSERT INTO song (song_id, album_id, name, duration_seconds, bpm, track_number) VALUES (1301, 173, 'Political season will news charge', 252, 150, 3);
INSERT INTO song (song_id, album_id, name, duration_seconds, bpm, track_number) VALUES (1302, 173, 'Loss summer agree', 403, 64, 4);
INSERT INTO song (song_id, album_id, name, duration_seconds, bpm, track_number) VALUES (1303, 173, 'Yet', 355, 149, 5);
INSERT INTO song (song_id, album_id, name, duration_seconds, bpm, track_number) VALUES (1304, 173, 'Want other about main', 190, 180, 6);
INSERT INTO song (song_id, album_id, name, duration_seconds, bpm, track_number) VALUES (1305, 173, 'Question', 166, 113, 7);
INSERT INTO song (song_id, album_id, name, duration_seconds, bpm, track_number) VALUES (1306, 173, 'Director series', 160, 127, 8);
INSERT INTO song (song_id, album_id, name, duration_seconds, bpm, track_number) VALUES (1307, 173, 'Up leave', 306, 61, 9);
INSERT INTO album (album_id, artist_id, title, release_year, created_at) VALUES (174, 82, 'Open-source non-volatile benchmark', 2004, NOW());
INSERT INTO song (song_id, album_id, name, duration_seconds, bpm, track_number) VALUES (1308, 174, 'Instead base', 160, 176, 1);
INSERT INTO song (song_id, album_id, name, duration_seconds, bpm, track_number) VALUES (1309, 174, 'Old', 313, 151, 2);
INSERT INTO song (song_id, album_id, name, duration_seconds, bpm, track_number) VALUES (1310, 174, 'Always hair recent', 439, 63, 3);
INSERT INTO song (song_id, album_id, name, duration_seconds, bpm, track_number) VALUES (1311, 174, 'Power', 279, 179, 4);
INSERT INTO song (song_id, album_id, name, duration_seconds, bpm, track_number) VALUES (1312, 174, 'Measure', 441, 71, 5);
INSERT INTO song (song_id, album_id, name, duration_seconds, bpm, track_number) VALUES (1313, 174, 'Such', 220, 82, 6);
INSERT INTO song (song_id, album_id, name, duration_seconds, bpm, track_number) VALUES (1314, 174, 'Yet', 140, 66, 7);
INSERT INTO song (song_id, album_id, name, duration_seconds, bpm, track_number) VALUES (1315, 174, 'Despite through soon among', 179, 155, 8);
INSERT INTO song (song_id, album_id, name, duration_seconds, bpm, track_number) VALUES (1316, 174, 'Moment', 362, 125, 9);
INSERT INTO song (song_id, album_id, name, duration_seconds, bpm, track_number) VALUES (1317, 174, 'Time', 313, 152, 10);
INSERT INTO album (album_id, artist_id, title, release_year, created_at) VALUES (175, 83, 'Customer-focused executive synergy', 1979, NOW());
INSERT INTO song (song_id, album_id, name, duration_seconds, bpm, track_number) VALUES (1318, 175, 'Food', 219, 151, 1);
INSERT INTO song (song_id, album_id, name, duration_seconds, bpm, track_number) VALUES (1319, 175, 'Behind another daughter', 175, 178, 2);
INSERT INTO song (song_id, album_id, name, duration_seconds, bpm, track_number) VALUES (1320, 175, 'Test finish', 131, 76, 3);
INSERT INTO song (song_id, album_id, name, duration_seconds, bpm, track_number) VALUES (1321, 175, 'Involve can', 276, 65, 4);
INSERT INTO song (song_id, album_id, name, duration_seconds, bpm, track_number) VALUES (1322, 175, 'Finally material', 134, 176, 5);
INSERT INTO song (song_id, album_id, name, duration_seconds, bpm, track_number) VALUES (1323, 175, 'Name', 221, 126, 6);
INSERT INTO song (song_id, album_id, name, duration_seconds, bpm, track_number) VALUES (1324, 175, 'Only', 434, 72, 7);
INSERT INTO song (song_id, album_id, name, duration_seconds, bpm, track_number) VALUES (1325, 175, 'Purpose force', 278, 101, 8);
INSERT INTO album (album_id, artist_id, title, release_year, created_at) VALUES (176, 84, 'Focused attitude-oriented circuit', 1975, NOW());
INSERT INTO song (song_id, album_id, name, duration_seconds, bpm, track_number) VALUES (1326, 176, 'College', 171, 102, 1);
INSERT INTO song (song_id, album_id, name, duration_seconds, bpm, track_number) VALUES (1327, 176, 'Maybe back collection', 422, 78, 2);
INSERT INTO song (song_id, album_id, name, duration_seconds, bpm, track_number) VALUES (1328, 176, 'Institution smile', 392, 137, 3);
INSERT INTO song (song_id, album_id, name, duration_seconds, bpm, track_number) VALUES (1329, 176, 'Song those debate scene shoulder', 463, 73, 4);
INSERT INTO song (song_id, album_id, name, duration_seconds, bpm, track_number) VALUES (1330, 176, 'Poor', 169, 85, 5);
INSERT INTO song (song_id, album_id, name, duration_seconds, bpm, track_number) VALUES (1331, 176, 'Computer teacher', 467, 71, 6);
INSERT INTO song (song_id, album_id, name, duration_seconds, bpm, track_number) VALUES (1332, 176, 'Item', 362, 142, 7);
INSERT INTO album (album_id, artist_id, title, release_year, created_at) VALUES (177, 84, 'Polarized executive moderator', 1979, NOW());
INSERT INTO song (song_id, album_id, name, duration_seconds, bpm, track_number) VALUES (1333, 177, 'After', 135, 85, 1);
INSERT INTO song (song_id, album_id, name, duration_seconds, bpm, track_number) VALUES (1334, 177, 'Specific man save', 281, 174, 2);
INSERT INTO song (song_id, album_id, name, duration_seconds, bpm, track_number) VALUES (1335, 177, 'Reflect help account arrive', 367, 116, 3);
INSERT INTO song (song_id, album_id, name, duration_seconds, bpm, track_number) VALUES (1336, 177, 'Brother cost', 288, 74, 4);
INSERT INTO song (song_id, album_id, name, duration_seconds, bpm, track_number) VALUES (1337, 177, 'Bit', 249, 65, 5);
INSERT INTO album (album_id, artist_id, title, release_year, created_at) VALUES (178, 85, 'Synchronized client-server superstructure', 1994, NOW());
INSERT INTO song (song_id, album_id, name, duration_seconds, bpm, track_number) VALUES (1338, 178, 'College', 299, 110, 1);
INSERT INTO song (song_id, album_id, name, duration_seconds, bpm, track_number) VALUES (1339, 178, 'Seven', 184, 150, 2);
INSERT INTO song (song_id, album_id, name, duration_seconds, bpm, track_number) VALUES (1340, 178, 'Itself', 274, 115, 3);
INSERT INTO song (song_id, album_id, name, duration_seconds, bpm, track_number) VALUES (1341, 178, 'Series thank worker', 456, 61, 4);
INSERT INTO song (song_id, album_id, name, duration_seconds, bpm, track_number) VALUES (1342, 178, 'Record write', 357, 131, 5);
INSERT INTO album (album_id, artist_id, title, release_year, created_at) VALUES (179, 85, 'Synergized radical access', 2016, NOW());
INSERT INTO song (song_id, album_id, name, duration_seconds, bpm, track_number) VALUES (1343, 179, 'Hotel', 258, 70, 1);
INSERT INTO song (song_id, album_id, name, duration_seconds, bpm, track_number) VALUES (1344, 179, 'Wide', 299, 137, 2);
INSERT INTO song (song_id, album_id, name, duration_seconds, bpm, track_number) VALUES (1345, 179, 'Involve', 356, 153, 3);
INSERT INTO song (song_id, album_id, name, duration_seconds, bpm, track_number) VALUES (1346, 179, 'Reflect', 422, 114, 4);
INSERT INTO song (song_id, album_id, name, duration_seconds, bpm, track_number) VALUES (1347, 179, 'Per', 348, 60, 5);
INSERT INTO song (song_id, album_id, name, duration_seconds, bpm, track_number) VALUES (1348, 179, 'Order', 129, 153, 6);
INSERT INTO song (song_id, album_id, name, duration_seconds, bpm, track_number) VALUES (1349, 179, 'Military beat already', 125, 164, 7);
INSERT INTO song (song_id, album_id, name, duration_seconds, bpm, track_number) VALUES (1350, 179, 'Pass', 380, 73, 8);
INSERT INTO song (song_id, album_id, name, duration_seconds, bpm, track_number) VALUES (1351, 179, 'Officer day', 444, 179, 9);
INSERT INTO song (song_id, album_id, name, duration_seconds, bpm, track_number) VALUES (1352, 179, 'Senior read', 340, 87, 10);
INSERT INTO album (album_id, artist_id, title, release_year, created_at) VALUES (180, 85, 'De-engineered uniform info-mediaries', 1999, NOW());
INSERT INTO song (song_id, album_id, name, duration_seconds, bpm, track_number) VALUES (1353, 180, 'Society', 161, 137, 1);
INSERT INTO song (song_id, album_id, name, duration_seconds, bpm, track_number) VALUES (1354, 180, 'Worry manage', 402, 152, 2);
INSERT INTO song (song_id, album_id, name, duration_seconds, bpm, track_number) VALUES (1355, 180, 'Suffer wish agency professional human', 367, 73, 3);
INSERT INTO song (song_id, album_id, name, duration_seconds, bpm, track_number) VALUES (1356, 180, 'Week', 417, 152, 4);
INSERT INTO song (song_id, album_id, name, duration_seconds, bpm, track_number) VALUES (1357, 180, 'Clear example body property want', 386, 118, 5);
INSERT INTO song (song_id, album_id, name, duration_seconds, bpm, track_number) VALUES (1358, 180, 'Look expert lose nearly', 443, 135, 6);
INSERT INTO song (song_id, album_id, name, duration_seconds, bpm, track_number) VALUES (1359, 180, 'Pull', 301, 62, 7);
INSERT INTO album (album_id, artist_id, title, release_year, created_at) VALUES (181, 86, 'User-centric bottom-line conglomeration', 2023, NOW());
INSERT INTO song (song_id, album_id, name, duration_seconds, bpm, track_number) VALUES (1360, 181, 'Main', 270, 150, 1);
INSERT INTO song (song_id, album_id, name, duration_seconds, bpm, track_number) VALUES (1361, 181, 'Develop', 129, 84, 2);
INSERT INTO song (song_id, album_id, name, duration_seconds, bpm, track_number) VALUES (1362, 181, 'Style space', 347, 161, 3);
INSERT INTO song (song_id, album_id, name, duration_seconds, bpm, track_number) VALUES (1363, 181, 'Option image any away', 199, 89, 4);
INSERT INTO song (song_id, album_id, name, duration_seconds, bpm, track_number) VALUES (1364, 181, 'Executive night performance point', 229, 104, 5);
INSERT INTO album (album_id, artist_id, title, release_year, created_at) VALUES (182, 87, 'Triple-buffered national structure', 1988, NOW());
INSERT INTO song (song_id, album_id, name, duration_seconds, bpm, track_number) VALUES (1365, 182, 'Realize pressure', 327, 169, 1);
INSERT INTO song (song_id, album_id, name, duration_seconds, bpm, track_number) VALUES (1366, 182, 'Course standard paper new', 458, 116, 2);
INSERT INTO song (song_id, album_id, name, duration_seconds, bpm, track_number) VALUES (1367, 182, 'Professional ten question', 421, 100, 3);
INSERT INTO song (song_id, album_id, name, duration_seconds, bpm, track_number) VALUES (1368, 182, 'Anything much cold entire herself', 260, 146, 4);
INSERT INTO song (song_id, album_id, name, duration_seconds, bpm, track_number) VALUES (1369, 182, 'Attorney road answer', 237, 142, 5);
INSERT INTO song (song_id, album_id, name, duration_seconds, bpm, track_number) VALUES (1370, 182, 'Black many', 222, 128, 6);
INSERT INTO song (song_id, album_id, name, duration_seconds, bpm, track_number) VALUES (1371, 182, 'My example', 417, 173, 7);
INSERT INTO album (album_id, artist_id, title, release_year, created_at) VALUES (183, 87, 'Open-source 4thgeneration task-force', 1980, NOW());
INSERT INTO song (song_id, album_id, name, duration_seconds, bpm, track_number) VALUES (1372, 183, 'Heavy', 382, 109, 1);
INSERT INTO song (song_id, album_id, name, duration_seconds, bpm, track_number) VALUES (1373, 183, 'Name wait table ready', 455, 98, 2);
INSERT INTO song (song_id, album_id, name, duration_seconds, bpm, track_number) VALUES (1374, 183, 'Religious author', 209, 68, 3);
INSERT INTO song (song_id, album_id, name, duration_seconds, bpm, track_number) VALUES (1375, 183, 'North', 432, 91, 4);
INSERT INTO song (song_id, album_id, name, duration_seconds, bpm, track_number) VALUES (1376, 183, 'Sure', 345, 132, 5);
INSERT INTO song (song_id, album_id, name, duration_seconds, bpm, track_number) VALUES (1377, 183, 'Customer mean nation', 327, 119, 6);
INSERT INTO song (song_id, album_id, name, duration_seconds, bpm, track_number) VALUES (1378, 183, 'Tend young', 460, 97, 7);
INSERT INTO song (song_id, album_id, name, duration_seconds, bpm, track_number) VALUES (1379, 183, 'Central', 457, 158, 8);
INSERT INTO song (song_id, album_id, name, duration_seconds, bpm, track_number) VALUES (1380, 183, 'Provide student arrive', 251, 159, 9);
INSERT INTO album (album_id, artist_id, title, release_year, created_at) VALUES (184, 87, 'User-friendly local circuit', 1973, NOW());
INSERT INTO song (song_id, album_id, name, duration_seconds, bpm, track_number) VALUES (1381, 184, 'Another interest writer argue', 263, 145, 1);
INSERT INTO song (song_id, album_id, name, duration_seconds, bpm, track_number) VALUES (1382, 184, 'Represent', 477, 161, 2);
INSERT INTO song (song_id, album_id, name, duration_seconds, bpm, track_number) VALUES (1383, 184, 'Reveal but section group', 251, 85, 3);
INSERT INTO song (song_id, album_id, name, duration_seconds, bpm, track_number) VALUES (1384, 184, 'To floor', 427, 140, 4);
INSERT INTO song (song_id, album_id, name, duration_seconds, bpm, track_number) VALUES (1385, 184, 'Day', 198, 79, 5);
INSERT INTO song (song_id, album_id, name, duration_seconds, bpm, track_number) VALUES (1386, 184, 'Career condition military', 456, 146, 6);
INSERT INTO album (album_id, artist_id, title, release_year, created_at) VALUES (185, 88, 'Monitored 3rdgeneration orchestration', 1984, NOW());
INSERT INTO song (song_id, album_id, name, duration_seconds, bpm, track_number) VALUES (1387, 185, 'Both ground and amount result', 428, 79, 1);
INSERT INTO song (song_id, album_id, name, duration_seconds, bpm, track_number) VALUES (1388, 185, 'Still expert poor choose', 308, 120, 2);
INSERT INTO song (song_id, album_id, name, duration_seconds, bpm, track_number) VALUES (1389, 185, 'Year data', 423, 179, 3);
INSERT INTO song (song_id, album_id, name, duration_seconds, bpm, track_number) VALUES (1390, 185, 'War service magazine', 141, 61, 4);
INSERT INTO song (song_id, album_id, name, duration_seconds, bpm, track_number) VALUES (1391, 185, 'Brother fact just deep', 212, 78, 5);
INSERT INTO song (song_id, album_id, name, duration_seconds, bpm, track_number) VALUES (1392, 185, 'Old', 446, 78, 6);
INSERT INTO song (song_id, album_id, name, duration_seconds, bpm, track_number) VALUES (1393, 185, 'Account', 480, 66, 7);
INSERT INTO song (song_id, album_id, name, duration_seconds, bpm, track_number) VALUES (1394, 185, 'Event democratic pay across', 139, 174, 8);
INSERT INTO album (album_id, artist_id, title, release_year, created_at) VALUES (186, 89, 'Compatible clear-thinking extranet', 2016, NOW());
INSERT INTO song (song_id, album_id, name, duration_seconds, bpm, track_number) VALUES (1395, 186, 'New he particularly', 441, 104, 1);
INSERT INTO song (song_id, album_id, name, duration_seconds, bpm, track_number) VALUES (1396, 186, 'Himself prevent lose', 295, 93, 2);
INSERT INTO song (song_id, album_id, name, duration_seconds, bpm, track_number) VALUES (1397, 186, 'Catch go word four', 224, 93, 3);
INSERT INTO song (song_id, album_id, name, duration_seconds, bpm, track_number) VALUES (1398, 186, 'Hand same', 139, 150, 4);
INSERT INTO song (song_id, album_id, name, duration_seconds, bpm, track_number) VALUES (1399, 186, 'Treat whether', 372, 121, 5);
INSERT INTO song (song_id, album_id, name, duration_seconds, bpm, track_number) VALUES (1400, 186, 'Type', 184, 119, 6);
INSERT INTO song (song_id, album_id, name, duration_seconds, bpm, track_number) VALUES (1401, 186, 'Among', 297, 80, 7);
INSERT INTO song (song_id, album_id, name, duration_seconds, bpm, track_number) VALUES (1402, 186, 'Happen executive research box surface', 365, 111, 8);
INSERT INTO song (song_id, album_id, name, duration_seconds, bpm, track_number) VALUES (1403, 186, 'Son', 464, 113, 9);
INSERT INTO album (album_id, artist_id, title, release_year, created_at) VALUES (187, 90, 'Assimilated full-range success', 2013, NOW());
INSERT INTO song (song_id, album_id, name, duration_seconds, bpm, track_number) VALUES (1404, 187, 'Difference', 215, 136, 1);
INSERT INTO song (song_id, album_id, name, duration_seconds, bpm, track_number) VALUES (1405, 187, 'Bar', 447, 93, 2);
INSERT INTO song (song_id, album_id, name, duration_seconds, bpm, track_number) VALUES (1406, 187, 'Current from', 222, 147, 3);
INSERT INTO song (song_id, album_id, name, duration_seconds, bpm, track_number) VALUES (1407, 187, 'Enough oil woman', 392, 65, 4);
INSERT INTO song (song_id, album_id, name, duration_seconds, bpm, track_number) VALUES (1408, 187, 'Same attention', 477, 138, 5);
INSERT INTO album (album_id, artist_id, title, release_year, created_at) VALUES (188, 91, 'Balanced mobile instruction set', 2023, NOW());
INSERT INTO song (song_id, album_id, name, duration_seconds, bpm, track_number) VALUES (1409, 188, 'Participant baby nearly throughout fight', 410, 84, 1);
INSERT INTO song (song_id, album_id, name, duration_seconds, bpm, track_number) VALUES (1410, 188, 'Serious', 267, 118, 2);
INSERT INTO song (song_id, album_id, name, duration_seconds, bpm, track_number) VALUES (1411, 188, 'Always', 414, 110, 3);
INSERT INTO song (song_id, album_id, name, duration_seconds, bpm, track_number) VALUES (1412, 188, 'Interesting site', 320, 74, 4);
INSERT INTO song (song_id, album_id, name, duration_seconds, bpm, track_number) VALUES (1413, 188, 'Long', 256, 168, 5);
INSERT INTO album (album_id, artist_id, title, release_year, created_at) VALUES (189, 92, 'Realigned client-driven firmware', 1986, NOW());
INSERT INTO song (song_id, album_id, name, duration_seconds, bpm, track_number) VALUES (1414, 189, 'Next example', 460, 64, 1);
INSERT INTO song (song_id, album_id, name, duration_seconds, bpm, track_number) VALUES (1415, 189, 'End because', 220, 99, 2);
INSERT INTO song (song_id, album_id, name, duration_seconds, bpm, track_number) VALUES (1416, 189, 'Sister design military', 450, 166, 3);
INSERT INTO song (song_id, album_id, name, duration_seconds, bpm, track_number) VALUES (1417, 189, 'Program record media camera', 330, 155, 4);
INSERT INTO song (song_id, album_id, name, duration_seconds, bpm, track_number) VALUES (1418, 189, 'Town', 185, 129, 5);
INSERT INTO song (song_id, album_id, name, duration_seconds, bpm, track_number) VALUES (1419, 189, 'Agency among law', 304, 129, 6);
INSERT INTO song (song_id, album_id, name, duration_seconds, bpm, track_number) VALUES (1420, 189, 'Draw', 337, 166, 7);
INSERT INTO song (song_id, album_id, name, duration_seconds, bpm, track_number) VALUES (1421, 189, 'Five side', 463, 118, 8);
INSERT INTO song (song_id, album_id, name, duration_seconds, bpm, track_number) VALUES (1422, 189, 'While', 369, 82, 9);
INSERT INTO song (song_id, album_id, name, duration_seconds, bpm, track_number) VALUES (1423, 189, 'Every voice situation poor near', 318, 71, 10);
INSERT INTO album (album_id, artist_id, title, release_year, created_at) VALUES (190, 93, 'Implemented modular frame', 2010, NOW());
INSERT INTO song (song_id, album_id, name, duration_seconds, bpm, track_number) VALUES (1424, 190, 'Yourself', 136, 156, 1);
INSERT INTO song (song_id, album_id, name, duration_seconds, bpm, track_number) VALUES (1425, 190, 'Drop already', 333, 123, 2);
INSERT INTO song (song_id, album_id, name, duration_seconds, bpm, track_number) VALUES (1426, 190, 'Goal for', 391, 93, 3);
INSERT INTO song (song_id, album_id, name, duration_seconds, bpm, track_number) VALUES (1427, 190, 'Start', 200, 148, 4);
INSERT INTO song (song_id, album_id, name, duration_seconds, bpm, track_number) VALUES (1428, 190, 'He', 186, 126, 5);
INSERT INTO song (song_id, album_id, name, duration_seconds, bpm, track_number) VALUES (1429, 190, 'Exactly stay', 179, 60, 6);
INSERT INTO song (song_id, album_id, name, duration_seconds, bpm, track_number) VALUES (1430, 190, 'Road among', 251, 72, 7);
INSERT INTO album (album_id, artist_id, title, release_year, created_at) VALUES (191, 93, 'Phased bottom-line attitude', 2008, NOW());
INSERT INTO song (song_id, album_id, name, duration_seconds, bpm, track_number) VALUES (1431, 191, 'Control', 394, 151, 1);
INSERT INTO song (song_id, album_id, name, duration_seconds, bpm, track_number) VALUES (1432, 191, 'Fine administration', 176, 150, 2);
INSERT INTO song (song_id, album_id, name, duration_seconds, bpm, track_number) VALUES (1433, 191, 'Different', 428, 101, 3);
INSERT INTO song (song_id, album_id, name, duration_seconds, bpm, track_number) VALUES (1434, 191, 'Social truth wear environment', 440, 133, 4);
INSERT INTO song (song_id, album_id, name, duration_seconds, bpm, track_number) VALUES (1435, 191, 'Return yourself prevent', 366, 66, 5);
INSERT INTO song (song_id, album_id, name, duration_seconds, bpm, track_number) VALUES (1436, 191, 'Like page face sing soon', 452, 62, 6);
INSERT INTO song (song_id, album_id, name, duration_seconds, bpm, track_number) VALUES (1437, 191, 'Focus white success', 242, 154, 7);
INSERT INTO song (song_id, album_id, name, duration_seconds, bpm, track_number) VALUES (1438, 191, 'Fine cultural', 424, 135, 8);
INSERT INTO song (song_id, album_id, name, duration_seconds, bpm, track_number) VALUES (1439, 191, 'Woman', 267, 174, 9);
INSERT INTO song (song_id, album_id, name, duration_seconds, bpm, track_number) VALUES (1440, 191, 'Although people', 208, 100, 10);
INSERT INTO album (album_id, artist_id, title, release_year, created_at) VALUES (192, 94, 'Sharable homogeneous system engine', 2017, NOW());
INSERT INTO song (song_id, album_id, name, duration_seconds, bpm, track_number) VALUES (1441, 192, 'Too number', 145, 112, 1);
INSERT INTO song (song_id, album_id, name, duration_seconds, bpm, track_number) VALUES (1442, 192, 'Specific general me poor', 468, 147, 2);
INSERT INTO song (song_id, album_id, name, duration_seconds, bpm, track_number) VALUES (1443, 192, 'Get', 232, 108, 3);
INSERT INTO song (song_id, album_id, name, duration_seconds, bpm, track_number) VALUES (1444, 192, 'Fund', 121, 134, 4);
INSERT INTO song (song_id, album_id, name, duration_seconds, bpm, track_number) VALUES (1445, 192, 'Yeah world', 302, 152, 5);
INSERT INTO song (song_id, album_id, name, duration_seconds, bpm, track_number) VALUES (1446, 192, 'Join', 387, 178, 6);
INSERT INTO song (song_id, album_id, name, duration_seconds, bpm, track_number) VALUES (1447, 192, 'Pressure need', 350, 123, 7);
INSERT INTO song (song_id, album_id, name, duration_seconds, bpm, track_number) VALUES (1448, 192, 'Yet sea million protect company', 292, 137, 8);
INSERT INTO song (song_id, album_id, name, duration_seconds, bpm, track_number) VALUES (1449, 192, 'Write clear', 175, 121, 9);
INSERT INTO song (song_id, album_id, name, duration_seconds, bpm, track_number) VALUES (1450, 192, 'Add baby', 235, 168, 10);
INSERT INTO album (album_id, artist_id, title, release_year, created_at) VALUES (193, 94, 'De-engineered dynamic concept', 1991, NOW());
INSERT INTO song (song_id, album_id, name, duration_seconds, bpm, track_number) VALUES (1451, 193, 'Name', 131, 177, 1);
INSERT INTO song (song_id, album_id, name, duration_seconds, bpm, track_number) VALUES (1452, 193, 'Outside which bag', 415, 135, 2);
INSERT INTO song (song_id, album_id, name, duration_seconds, bpm, track_number) VALUES (1453, 193, 'Each', 124, 71, 3);
INSERT INTO song (song_id, album_id, name, duration_seconds, bpm, track_number) VALUES (1454, 193, 'Realize', 450, 150, 4);
INSERT INTO song (song_id, album_id, name, duration_seconds, bpm, track_number) VALUES (1455, 193, 'Company', 219, 166, 5);
INSERT INTO song (song_id, album_id, name, duration_seconds, bpm, track_number) VALUES (1456, 193, 'Ahead body body', 122, 164, 6);
INSERT INTO song (song_id, album_id, name, duration_seconds, bpm, track_number) VALUES (1457, 193, 'Book leg game measure', 370, 77, 7);
INSERT INTO song (song_id, album_id, name, duration_seconds, bpm, track_number) VALUES (1458, 193, 'Foot first', 195, 178, 8);
INSERT INTO album (album_id, artist_id, title, release_year, created_at) VALUES (194, 94, 'De-engineered tertiary methodology', 2024, NOW());
INSERT INTO song (song_id, album_id, name, duration_seconds, bpm, track_number) VALUES (1459, 194, 'Theory', 298, 106, 1);
INSERT INTO song (song_id, album_id, name, duration_seconds, bpm, track_number) VALUES (1460, 194, 'Identify', 256, 117, 2);
INSERT INTO song (song_id, album_id, name, duration_seconds, bpm, track_number) VALUES (1461, 194, 'Admit', 263, 151, 3);
INSERT INTO song (song_id, album_id, name, duration_seconds, bpm, track_number) VALUES (1462, 194, 'Quite', 285, 168, 4);
INSERT INTO song (song_id, album_id, name, duration_seconds, bpm, track_number) VALUES (1463, 194, 'Audience line investment', 194, 145, 5);
INSERT INTO song (song_id, album_id, name, duration_seconds, bpm, track_number) VALUES (1464, 194, 'Simply', 325, 89, 6);
INSERT INTO song (song_id, album_id, name, duration_seconds, bpm, track_number) VALUES (1465, 194, 'Change', 344, 66, 7);
INSERT INTO album (album_id, artist_id, title, release_year, created_at) VALUES (195, 95, 'Extended real-time analyzer', 2001, NOW());
INSERT INTO song (song_id, album_id, name, duration_seconds, bpm, track_number) VALUES (1466, 195, 'Away ever order', 343, 69, 1);
INSERT INTO song (song_id, album_id, name, duration_seconds, bpm, track_number) VALUES (1467, 195, 'Project', 178, 178, 2);
INSERT INTO song (song_id, album_id, name, duration_seconds, bpm, track_number) VALUES (1468, 195, 'Tell property summer', 158, 86, 3);
INSERT INTO song (song_id, album_id, name, duration_seconds, bpm, track_number) VALUES (1469, 195, 'Such', 396, 154, 4);
INSERT INTO song (song_id, album_id, name, duration_seconds, bpm, track_number) VALUES (1470, 195, 'Not system per store', 368, 127, 5);
INSERT INTO song (song_id, album_id, name, duration_seconds, bpm, track_number) VALUES (1471, 195, 'Easy', 335, 161, 6);
INSERT INTO song (song_id, album_id, name, duration_seconds, bpm, track_number) VALUES (1472, 195, 'Once', 304, 119, 7);
INSERT INTO song (song_id, album_id, name, duration_seconds, bpm, track_number) VALUES (1473, 195, 'Reason manager third once explain', 355, 114, 8);
INSERT INTO album (album_id, artist_id, title, release_year, created_at) VALUES (196, 95, 'Focused local support', 1980, NOW());
INSERT INTO song (song_id, album_id, name, duration_seconds, bpm, track_number) VALUES (1474, 196, 'Something open', 270, 141, 1);
INSERT INTO song (song_id, album_id, name, duration_seconds, bpm, track_number) VALUES (1475, 196, 'Better', 418, 171, 2);
INSERT INTO song (song_id, album_id, name, duration_seconds, bpm, track_number) VALUES (1476, 196, 'Break', 305, 126, 3);
INSERT INTO song (song_id, album_id, name, duration_seconds, bpm, track_number) VALUES (1477, 196, 'So have alone', 207, 179, 4);
INSERT INTO song (song_id, album_id, name, duration_seconds, bpm, track_number) VALUES (1478, 196, 'Thousand meet', 254, 88, 5);
INSERT INTO song (song_id, album_id, name, duration_seconds, bpm, track_number) VALUES (1479, 196, 'City', 335, 101, 6);
INSERT INTO song (song_id, album_id, name, duration_seconds, bpm, track_number) VALUES (1480, 196, 'News senior movie', 298, 141, 7);
INSERT INTO song (song_id, album_id, name, duration_seconds, bpm, track_number) VALUES (1481, 196, 'Will seem when', 478, 69, 8);
INSERT INTO album (album_id, artist_id, title, release_year, created_at) VALUES (197, 96, 'Balanced dynamic help-desk', 2021, NOW());
INSERT INTO song (song_id, album_id, name, duration_seconds, bpm, track_number) VALUES (1482, 197, 'Rich', 373, 134, 1);
INSERT INTO song (song_id, album_id, name, duration_seconds, bpm, track_number) VALUES (1483, 197, 'Meet', 455, 151, 2);
INSERT INTO song (song_id, album_id, name, duration_seconds, bpm, track_number) VALUES (1484, 197, 'Follow', 433, 139, 3);
INSERT INTO song (song_id, album_id, name, duration_seconds, bpm, track_number) VALUES (1485, 197, 'Action fly', 398, 164, 4);
INSERT INTO song (song_id, album_id, name, duration_seconds, bpm, track_number) VALUES (1486, 197, 'Society popular', 368, 177, 5);
INSERT INTO song (song_id, album_id, name, duration_seconds, bpm, track_number) VALUES (1487, 197, 'Family believe safe a', 358, 138, 6);
INSERT INTO song (song_id, album_id, name, duration_seconds, bpm, track_number) VALUES (1488, 197, 'Forget pull during student office', 308, 116, 7);
INSERT INTO song (song_id, album_id, name, duration_seconds, bpm, track_number) VALUES (1489, 197, 'Employee green', 477, 125, 8);
INSERT INTO album (album_id, artist_id, title, release_year, created_at) VALUES (198, 96, 'Inverse user-facing structure', 2011, NOW());
INSERT INTO song (song_id, album_id, name, duration_seconds, bpm, track_number) VALUES (1490, 198, 'Our', 369, 164, 1);
INSERT INTO song (song_id, album_id, name, duration_seconds, bpm, track_number) VALUES (1491, 198, 'Gas', 231, 116, 2);
INSERT INTO song (song_id, album_id, name, duration_seconds, bpm, track_number) VALUES (1492, 198, 'Oil buy phone study', 174, 78, 3);
INSERT INTO song (song_id, album_id, name, duration_seconds, bpm, track_number) VALUES (1493, 198, 'Least near', 470, 118, 4);
INSERT INTO song (song_id, album_id, name, duration_seconds, bpm, track_number) VALUES (1494, 198, 'Blue fire', 209, 135, 5);
INSERT INTO song (song_id, album_id, name, duration_seconds, bpm, track_number) VALUES (1495, 198, 'Movement century', 123, 153, 6);
INSERT INTO song (song_id, album_id, name, duration_seconds, bpm, track_number) VALUES (1496, 198, 'Seven', 174, 92, 7);
INSERT INTO song (song_id, album_id, name, duration_seconds, bpm, track_number) VALUES (1497, 198, 'Entire act artist', 388, 71, 8);
INSERT INTO album (album_id, artist_id, title, release_year, created_at) VALUES (199, 96, 'Realigned cohesive adapter', 2008, NOW());
INSERT INTO song (song_id, album_id, name, duration_seconds, bpm, track_number) VALUES (1498, 199, 'Fly', 254, 91, 1);
INSERT INTO song (song_id, album_id, name, duration_seconds, bpm, track_number) VALUES (1499, 199, 'Her painting mind push', 198, 96, 2);
INSERT INTO song (song_id, album_id, name, duration_seconds, bpm, track_number) VALUES (1500, 199, 'Push', 417, 135, 3);
INSERT INTO song (song_id, album_id, name, duration_seconds, bpm, track_number) VALUES (1501, 199, 'Tonight near', 285, 155, 4);
INSERT INTO song (song_id, album_id, name, duration_seconds, bpm, track_number) VALUES (1502, 199, 'Democratic throw', 175, 148, 5);
INSERT INTO album (album_id, artist_id, title, release_year, created_at) VALUES (200, 97, 'Organic incremental hardware', 1994, NOW());
INSERT INTO song (song_id, album_id, name, duration_seconds, bpm, track_number) VALUES (1503, 200, 'Detail', 442, 156, 1);
INSERT INTO song (song_id, album_id, name, duration_seconds, bpm, track_number) VALUES (1504, 200, 'International', 475, 172, 2);
INSERT INTO song (song_id, album_id, name, duration_seconds, bpm, track_number) VALUES (1505, 200, 'Which knowledge marriage', 134, 104, 3);
INSERT INTO song (song_id, album_id, name, duration_seconds, bpm, track_number) VALUES (1506, 200, 'Understand', 336, 96, 4);
INSERT INTO song (song_id, album_id, name, duration_seconds, bpm, track_number) VALUES (1507, 200, 'Consider', 279, 118, 5);
INSERT INTO song (song_id, album_id, name, duration_seconds, bpm, track_number) VALUES (1508, 200, 'Change really', 157, 127, 6);
INSERT INTO song (song_id, album_id, name, duration_seconds, bpm, track_number) VALUES (1509, 200, 'Than someone speak', 182, 149, 7);
INSERT INTO album (album_id, artist_id, title, release_year, created_at) VALUES (201, 98, 'Upgradable reciprocal intranet', 2009, NOW());
INSERT INTO song (song_id, album_id, name, duration_seconds, bpm, track_number) VALUES (1510, 201, 'Few remain many', 414, 146, 1);
INSERT INTO song (song_id, album_id, name, duration_seconds, bpm, track_number) VALUES (1511, 201, 'Design', 366, 100, 2);
INSERT INTO song (song_id, album_id, name, duration_seconds, bpm, track_number) VALUES (1512, 201, 'Quite try drug force know', 239, 70, 3);
INSERT INTO song (song_id, album_id, name, duration_seconds, bpm, track_number) VALUES (1513, 201, 'All sometimes yard', 203, 76, 4);
INSERT INTO song (song_id, album_id, name, duration_seconds, bpm, track_number) VALUES (1514, 201, 'Somebody', 200, 142, 5);
INSERT INTO song (song_id, album_id, name, duration_seconds, bpm, track_number) VALUES (1515, 201, 'Large store', 232, 93, 6);
INSERT INTO song (song_id, album_id, name, duration_seconds, bpm, track_number) VALUES (1516, 201, 'Long', 313, 86, 7);
INSERT INTO song (song_id, album_id, name, duration_seconds, bpm, track_number) VALUES (1517, 201, 'Rate', 285, 128, 8);
INSERT INTO song (song_id, album_id, name, duration_seconds, bpm, track_number) VALUES (1518, 201, 'Money', 169, 137, 9);
INSERT INTO album (album_id, artist_id, title, release_year, created_at) VALUES (202, 98, 'Triple-buffered contextually-based contingency', 1984, NOW());
INSERT INTO song (song_id, album_id, name, duration_seconds, bpm, track_number) VALUES (1519, 202, 'Really', 188, 70, 1);
INSERT INTO song (song_id, album_id, name, duration_seconds, bpm, track_number) VALUES (1520, 202, 'Sometimes', 343, 77, 2);
INSERT INTO song (song_id, album_id, name, duration_seconds, bpm, track_number) VALUES (1521, 202, 'Particularly', 162, 165, 3);
INSERT INTO song (song_id, album_id, name, duration_seconds, bpm, track_number) VALUES (1522, 202, 'Through act', 432, 103, 4);
INSERT INTO song (song_id, album_id, name, duration_seconds, bpm, track_number) VALUES (1523, 202, 'Just common', 197, 151, 5);
INSERT INTO song (song_id, album_id, name, duration_seconds, bpm, track_number) VALUES (1524, 202, 'Describe', 424, 117, 6);
INSERT INTO song (song_id, album_id, name, duration_seconds, bpm, track_number) VALUES (1525, 202, 'Surface risk first', 362, 179, 7);
INSERT INTO song (song_id, album_id, name, duration_seconds, bpm, track_number) VALUES (1526, 202, 'Save', 409, 88, 8);
INSERT INTO song (song_id, album_id, name, duration_seconds, bpm, track_number) VALUES (1527, 202, 'Somebody green', 473, 98, 9);
INSERT INTO album (album_id, artist_id, title, release_year, created_at) VALUES (203, 99, 'Vision-oriented uniform product', 1993, NOW());
INSERT INTO song (song_id, album_id, name, duration_seconds, bpm, track_number) VALUES (1528, 203, 'Nor challenge', 126, 109, 1);
INSERT INTO song (song_id, album_id, name, duration_seconds, bpm, track_number) VALUES (1529, 203, 'Son to', 418, 155, 2);
INSERT INTO song (song_id, album_id, name, duration_seconds, bpm, track_number) VALUES (1530, 203, 'Want simple', 242, 103, 3);
INSERT INTO song (song_id, album_id, name, duration_seconds, bpm, track_number) VALUES (1531, 203, 'Include significant many deep', 331, 179, 4);
INSERT INTO song (song_id, album_id, name, duration_seconds, bpm, track_number) VALUES (1532, 203, 'Than', 442, 83, 5);
INSERT INTO song (song_id, album_id, name, duration_seconds, bpm, track_number) VALUES (1533, 203, 'Rule chance', 303, 98, 6);
INSERT INTO song (song_id, album_id, name, duration_seconds, bpm, track_number) VALUES (1534, 203, 'Protect middle', 206, 107, 7);
INSERT INTO song (song_id, album_id, name, duration_seconds, bpm, track_number) VALUES (1535, 203, 'Role before', 284, 144, 8);
INSERT INTO song (song_id, album_id, name, duration_seconds, bpm, track_number) VALUES (1536, 203, 'Skill official', 129, 62, 9);
INSERT INTO album (album_id, artist_id, title, release_year, created_at) VALUES (204, 99, 'Re-contextualized incremental conglomeration', 2002, NOW());
INSERT INTO song (song_id, album_id, name, duration_seconds, bpm, track_number) VALUES (1537, 204, 'Teacher table product take', 446, 122, 1);
INSERT INTO song (song_id, album_id, name, duration_seconds, bpm, track_number) VALUES (1538, 204, 'We everything south movement', 242, 177, 2);
INSERT INTO song (song_id, album_id, name, duration_seconds, bpm, track_number) VALUES (1539, 204, 'Really develop pattern might', 147, 146, 3);
INSERT INTO song (song_id, album_id, name, duration_seconds, bpm, track_number) VALUES (1540, 204, 'Now daughter statement', 358, 93, 4);
INSERT INTO song (song_id, album_id, name, duration_seconds, bpm, track_number) VALUES (1541, 204, 'Current then adult Mrs practice', 203, 77, 5);
INSERT INTO song (song_id, album_id, name, duration_seconds, bpm, track_number) VALUES (1542, 204, 'Future camera', 279, 146, 6);
INSERT INTO song (song_id, album_id, name, duration_seconds, bpm, track_number) VALUES (1543, 204, 'I small beautiful', 447, 139, 7);
INSERT INTO album (album_id, artist_id, title, release_year, created_at) VALUES (205, 99, 'Cloned real-time encoding', 1995, NOW());
INSERT INTO song (song_id, album_id, name, duration_seconds, bpm, track_number) VALUES (1544, 205, 'Spend forward', 324, 97, 1);
INSERT INTO song (song_id, album_id, name, duration_seconds, bpm, track_number) VALUES (1545, 205, 'Answer worry', 225, 159, 2);
INSERT INTO song (song_id, album_id, name, duration_seconds, bpm, track_number) VALUES (1546, 205, 'Example', 151, 79, 3);
INSERT INTO song (song_id, album_id, name, duration_seconds, bpm, track_number) VALUES (1547, 205, 'Attack pattern', 453, 78, 4);
INSERT INTO song (song_id, album_id, name, duration_seconds, bpm, track_number) VALUES (1548, 205, 'Statement', 360, 67, 5);
INSERT INTO song (song_id, album_id, name, duration_seconds, bpm, track_number) VALUES (1549, 205, 'Civil hear', 218, 101, 6);
INSERT INTO song (song_id, album_id, name, duration_seconds, bpm, track_number) VALUES (1550, 205, 'Politics discuss line', 265, 64, 7);
INSERT INTO album (album_id, artist_id, title, release_year, created_at) VALUES (206, 100, 'Assimilated asymmetric Local Area Network', 2009, NOW());
INSERT INTO song (song_id, album_id, name, duration_seconds, bpm, track_number) VALUES (1551, 206, 'Call less view', 268, 170, 1);
INSERT INTO song (song_id, album_id, name, duration_seconds, bpm, track_number) VALUES (1552, 206, 'Mean majority church', 163, 66, 2);
INSERT INTO song (song_id, album_id, name, duration_seconds, bpm, track_number) VALUES (1553, 206, 'Book agent ever cell', 415, 91, 3);
INSERT INTO song (song_id, album_id, name, duration_seconds, bpm, track_number) VALUES (1554, 206, 'Student check sit', 454, 66, 4);
INSERT INTO song (song_id, album_id, name, duration_seconds, bpm, track_number) VALUES (1555, 206, 'Stop', 346, 77, 5);
INSERT INTO song (song_id, album_id, name, duration_seconds, bpm, track_number) VALUES (1556, 206, 'Picture', 396, 157, 6);
INSERT INTO song (song_id, album_id, name, duration_seconds, bpm, track_number) VALUES (1557, 206, 'Born less behavior present', 367, 84, 7);
INSERT INTO song (song_id, album_id, name, duration_seconds, bpm, track_number) VALUES (1558, 206, 'Full capital', 455, 155, 8);
INSERT INTO song (song_id, album_id, name, duration_seconds, bpm, track_number) VALUES (1559, 206, 'Scene', 341, 102, 9);
INSERT INTO song (song_id, album_id, name, duration_seconds, bpm, track_number) VALUES (1560, 206, 'Human one significant maintain', 248, 114, 10);
INSERT INTO album (album_id, artist_id, title, release_year, created_at) VALUES (207, 100, 'Intuitive holistic ability', 2008, NOW());
INSERT INTO song (song_id, album_id, name, duration_seconds, bpm, track_number) VALUES (1561, 207, 'Street certain which production necessary', 436, 105, 1);
INSERT INTO song (song_id, album_id, name, duration_seconds, bpm, track_number) VALUES (1562, 207, 'Board', 168, 118, 2);
INSERT INTO song (song_id, album_id, name, duration_seconds, bpm, track_number) VALUES (1563, 207, 'Red', 416, 66, 3);
INSERT INTO song (song_id, album_id, name, duration_seconds, bpm, track_number) VALUES (1564, 207, 'Health', 389, 159, 4);
INSERT INTO song (song_id, album_id, name, duration_seconds, bpm, track_number) VALUES (1565, 207, 'Daughter left main', 473, 145, 5);
INSERT INTO song (song_id, album_id, name, duration_seconds, bpm, track_number) VALUES (1566, 207, 'Write success movement', 291, 160, 6);
INSERT INTO song (song_id, album_id, name, duration_seconds, bpm, track_number) VALUES (1567, 207, 'Oil recently', 131, 115, 7);
INSERT INTO song (song_id, album_id, name, duration_seconds, bpm, track_number) VALUES (1568, 207, 'Recognize pass', 436, 145, 8);
INSERT INTO song (song_id, album_id, name, duration_seconds, bpm, track_number) VALUES (1569, 207, 'Old', 394, 68, 9);
INSERT INTO album (album_id, artist_id, title, release_year, created_at) VALUES (208, 100, 'De-engineered exuding hardware', 1984, NOW());
INSERT INTO song (song_id, album_id, name, duration_seconds, bpm, track_number) VALUES (1570, 208, 'Sister', 158, 97, 1);
INSERT INTO song (song_id, album_id, name, duration_seconds, bpm, track_number) VALUES (1571, 208, 'Coach', 376, 151, 2);
INSERT INTO song (song_id, album_id, name, duration_seconds, bpm, track_number) VALUES (1572, 208, 'Training within', 132, 125, 3);
INSERT INTO song (song_id, album_id, name, duration_seconds, bpm, track_number) VALUES (1573, 208, 'Wind yet activity reveal once', 199, 159, 4);
INSERT INTO song (song_id, album_id, name, duration_seconds, bpm, track_number) VALUES (1574, 208, 'Federal', 294, 153, 5);
INSERT INTO song (song_id, album_id, name, duration_seconds, bpm, track_number) VALUES (1575, 208, 'Number manager', 301, 73, 6);
INSERT INTO song (song_id, album_id, name, duration_seconds, bpm, track_number) VALUES (1576, 208, 'Prove decide sport wait experience', 466, 101, 7);
INSERT INTO song (song_id, album_id, name, duration_seconds, bpm, track_number) VALUES (1577, 208, 'Treatment', 434, 127, 8);
INSERT INTO album (album_id, artist_id, title, release_year, created_at) VALUES (209, 101, 'Diverse national artificial intelligence', 2026, NOW());
INSERT INTO song (song_id, album_id, name, duration_seconds, bpm, track_number) VALUES (1578, 209, 'Piece light marriage', 367, 166, 1);
INSERT INTO song (song_id, album_id, name, duration_seconds, bpm, track_number) VALUES (1579, 209, 'Usually', 227, 85, 2);
INSERT INTO song (song_id, album_id, name, duration_seconds, bpm, track_number) VALUES (1580, 209, 'Team peace politics stock fish', 331, 123, 3);
INSERT INTO song (song_id, album_id, name, duration_seconds, bpm, track_number) VALUES (1581, 209, 'Eye anyone mind maintain', 478, 71, 4);
INSERT INTO song (song_id, album_id, name, duration_seconds, bpm, track_number) VALUES (1582, 209, 'Either commercial bad situation', 163, 93, 5);
INSERT INTO song (song_id, album_id, name, duration_seconds, bpm, track_number) VALUES (1583, 209, 'Color', 275, 143, 6);
INSERT INTO song (song_id, album_id, name, duration_seconds, bpm, track_number) VALUES (1584, 209, 'Concern idea film', 167, 146, 7);
INSERT INTO album (album_id, artist_id, title, release_year, created_at) VALUES (210, 102, 'Monitored interactive collaboration', 2004, NOW());
INSERT INTO song (song_id, album_id, name, duration_seconds, bpm, track_number) VALUES (1585, 210, 'With your blue', 276, 65, 1);
INSERT INTO song (song_id, album_id, name, duration_seconds, bpm, track_number) VALUES (1586, 210, 'Strong public both', 470, 112, 2);
INSERT INTO song (song_id, album_id, name, duration_seconds, bpm, track_number) VALUES (1587, 210, 'Message', 273, 152, 3);
INSERT INTO song (song_id, album_id, name, duration_seconds, bpm, track_number) VALUES (1588, 210, 'Heavy', 217, 154, 4);
INSERT INTO song (song_id, album_id, name, duration_seconds, bpm, track_number) VALUES (1589, 210, 'Body', 279, 112, 5);
INSERT INTO album (album_id, artist_id, title, release_year, created_at) VALUES (211, 102, 'Sharable transitional concept', 1986, NOW());
INSERT INTO song (song_id, album_id, name, duration_seconds, bpm, track_number) VALUES (1590, 211, 'Couple', 377, 146, 1);
INSERT INTO song (song_id, album_id, name, duration_seconds, bpm, track_number) VALUES (1591, 211, 'Wife', 129, 171, 2);
INSERT INTO song (song_id, album_id, name, duration_seconds, bpm, track_number) VALUES (1592, 211, 'Region', 270, 131, 3);
INSERT INTO song (song_id, album_id, name, duration_seconds, bpm, track_number) VALUES (1593, 211, 'Ahead know', 233, 75, 4);
INSERT INTO song (song_id, album_id, name, duration_seconds, bpm, track_number) VALUES (1594, 211, 'Social', 418, 177, 5);
INSERT INTO song (song_id, album_id, name, duration_seconds, bpm, track_number) VALUES (1595, 211, 'Material attorney', 140, 174, 6);
INSERT INTO album (album_id, artist_id, title, release_year, created_at) VALUES (212, 102, 'Synergistic bottom-line info-mediaries', 1985, NOW());
INSERT INTO song (song_id, album_id, name, duration_seconds, bpm, track_number) VALUES (1596, 212, 'Occur bag consider impact huge', 120, 105, 1);
INSERT INTO song (song_id, album_id, name, duration_seconds, bpm, track_number) VALUES (1597, 212, 'Trip area upon', 269, 77, 2);
INSERT INTO song (song_id, album_id, name, duration_seconds, bpm, track_number) VALUES (1598, 212, 'Be', 182, 77, 3);
INSERT INTO song (song_id, album_id, name, duration_seconds, bpm, track_number) VALUES (1599, 212, 'Price', 310, 90, 4);
INSERT INTO song (song_id, album_id, name, duration_seconds, bpm, track_number) VALUES (1600, 212, 'Cover whole', 262, 154, 5);
INSERT INTO song (song_id, album_id, name, duration_seconds, bpm, track_number) VALUES (1601, 212, 'Than decade', 466, 169, 6);
INSERT INTO song (song_id, album_id, name, duration_seconds, bpm, track_number) VALUES (1602, 212, 'Interview', 334, 156, 7);
INSERT INTO album (album_id, artist_id, title, release_year, created_at) VALUES (213, 103, 'Open-architected zero tolerance solution', 2001, NOW());
INSERT INTO song (song_id, album_id, name, duration_seconds, bpm, track_number) VALUES (1603, 213, 'Table', 213, 119, 1);
INSERT INTO song (song_id, album_id, name, duration_seconds, bpm, track_number) VALUES (1604, 213, 'Rich', 173, 115, 2);
INSERT INTO song (song_id, album_id, name, duration_seconds, bpm, track_number) VALUES (1605, 213, 'Themselves', 209, 92, 3);
INSERT INTO song (song_id, album_id, name, duration_seconds, bpm, track_number) VALUES (1606, 213, 'Send', 263, 100, 4);
INSERT INTO song (song_id, album_id, name, duration_seconds, bpm, track_number) VALUES (1607, 213, 'Feel indeed produce', 201, 83, 5);
INSERT INTO song (song_id, album_id, name, duration_seconds, bpm, track_number) VALUES (1608, 213, 'Baby', 171, 87, 6);
INSERT INTO song (song_id, album_id, name, duration_seconds, bpm, track_number) VALUES (1609, 213, 'Inside', 332, 132, 7);
INSERT INTO song (song_id, album_id, name, duration_seconds, bpm, track_number) VALUES (1610, 213, 'Though', 361, 135, 8);
INSERT INTO song (song_id, album_id, name, duration_seconds, bpm, track_number) VALUES (1611, 213, 'Thing challenge modern', 341, 83, 9);
INSERT INTO song (song_id, album_id, name, duration_seconds, bpm, track_number) VALUES (1612, 213, 'Focus', 262, 122, 10);
INSERT INTO album (album_id, artist_id, title, release_year, created_at) VALUES (214, 103, 'Re-contextualized actuating emulation', 1976, NOW());
INSERT INTO song (song_id, album_id, name, duration_seconds, bpm, track_number) VALUES (1613, 214, 'Foot', 148, 177, 1);
INSERT INTO song (song_id, album_id, name, duration_seconds, bpm, track_number) VALUES (1614, 214, 'Second', 445, 136, 2);
INSERT INTO song (song_id, album_id, name, duration_seconds, bpm, track_number) VALUES (1615, 214, 'Age', 198, 70, 3);
INSERT INTO song (song_id, album_id, name, duration_seconds, bpm, track_number) VALUES (1616, 214, 'Seat', 140, 65, 4);
INSERT INTO song (song_id, album_id, name, duration_seconds, bpm, track_number) VALUES (1617, 214, 'Food', 142, 87, 5);
INSERT INTO song (song_id, album_id, name, duration_seconds, bpm, track_number) VALUES (1618, 214, 'East', 134, 83, 6);
INSERT INTO song (song_id, album_id, name, duration_seconds, bpm, track_number) VALUES (1619, 214, 'Fall why police', 474, 80, 7);
INSERT INTO song (song_id, album_id, name, duration_seconds, bpm, track_number) VALUES (1620, 214, 'Religious', 208, 114, 8);
INSERT INTO song (song_id, album_id, name, duration_seconds, bpm, track_number) VALUES (1621, 214, 'Loss feel', 352, 147, 9);
INSERT INTO song (song_id, album_id, name, duration_seconds, bpm, track_number) VALUES (1622, 214, 'Your', 420, 168, 10);
INSERT INTO album (album_id, artist_id, title, release_year, created_at) VALUES (215, 103, 'Face-to-face scalable emulation', 1973, NOW());
INSERT INTO song (song_id, album_id, name, duration_seconds, bpm, track_number) VALUES (1623, 215, 'Simple him responsibility drive', 207, 155, 1);
INSERT INTO song (song_id, album_id, name, duration_seconds, bpm, track_number) VALUES (1624, 215, 'Poor serve', 261, 86, 2);
INSERT INTO song (song_id, album_id, name, duration_seconds, bpm, track_number) VALUES (1625, 215, 'Democrat language order', 381, 145, 3);
INSERT INTO song (song_id, album_id, name, duration_seconds, bpm, track_number) VALUES (1626, 215, 'Store', 172, 139, 4);
INSERT INTO song (song_id, album_id, name, duration_seconds, bpm, track_number) VALUES (1627, 215, 'Improve best the', 142, 60, 5);
INSERT INTO song (song_id, album_id, name, duration_seconds, bpm, track_number) VALUES (1628, 215, 'Enough back', 132, 79, 6);
INSERT INTO song (song_id, album_id, name, duration_seconds, bpm, track_number) VALUES (1629, 215, 'Rule dark us', 460, 95, 7);
INSERT INTO song (song_id, album_id, name, duration_seconds, bpm, track_number) VALUES (1630, 215, 'Writer', 395, 90, 8);
INSERT INTO song (song_id, album_id, name, duration_seconds, bpm, track_number) VALUES (1631, 215, 'Similar ground there', 396, 90, 9);
INSERT INTO song (song_id, album_id, name, duration_seconds, bpm, track_number) VALUES (1632, 215, 'Seat', 134, 114, 10);
INSERT INTO album (album_id, artist_id, title, release_year, created_at) VALUES (216, 104, 'Vision-oriented interactive moratorium', 2013, NOW());
INSERT INTO song (song_id, album_id, name, duration_seconds, bpm, track_number) VALUES (1633, 216, 'Others item', 124, 87, 1);
INSERT INTO song (song_id, album_id, name, duration_seconds, bpm, track_number) VALUES (1634, 216, 'Artist', 226, 158, 2);
INSERT INTO song (song_id, album_id, name, duration_seconds, bpm, track_number) VALUES (1635, 216, 'Chance sit tough', 200, 180, 3);
INSERT INTO song (song_id, album_id, name, duration_seconds, bpm, track_number) VALUES (1636, 216, 'Someone', 352, 143, 4);
INSERT INTO song (song_id, album_id, name, duration_seconds, bpm, track_number) VALUES (1637, 216, 'Meet', 245, 122, 5);
INSERT INTO song (song_id, album_id, name, duration_seconds, bpm, track_number) VALUES (1638, 216, 'Purpose throughout later', 414, 177, 6);
INSERT INTO song (song_id, album_id, name, duration_seconds, bpm, track_number) VALUES (1639, 216, 'Although', 187, 73, 7);
INSERT INTO song (song_id, album_id, name, duration_seconds, bpm, track_number) VALUES (1640, 216, 'Choose', 133, 165, 8);
INSERT INTO song (song_id, album_id, name, duration_seconds, bpm, track_number) VALUES (1641, 216, 'Interesting sing policy provide', 325, 147, 9);
INSERT INTO song (song_id, album_id, name, duration_seconds, bpm, track_number) VALUES (1642, 216, 'Participant and', 450, 175, 10);
INSERT INTO album (album_id, artist_id, title, release_year, created_at) VALUES (217, 104, 'Proactive tertiary groupware', 1982, NOW());
INSERT INTO song (song_id, album_id, name, duration_seconds, bpm, track_number) VALUES (1643, 217, 'Some', 192, 128, 1);
INSERT INTO song (song_id, album_id, name, duration_seconds, bpm, track_number) VALUES (1644, 217, 'News', 241, 94, 2);
INSERT INTO song (song_id, album_id, name, duration_seconds, bpm, track_number) VALUES (1645, 217, 'Thus', 302, 178, 3);
INSERT INTO song (song_id, album_id, name, duration_seconds, bpm, track_number) VALUES (1646, 217, 'Laugh learn', 441, 125, 4);
INSERT INTO song (song_id, album_id, name, duration_seconds, bpm, track_number) VALUES (1647, 217, 'Ever', 296, 83, 5);
INSERT INTO song (song_id, album_id, name, duration_seconds, bpm, track_number) VALUES (1648, 217, 'Young wrong resource', 295, 95, 6);
INSERT INTO song (song_id, album_id, name, duration_seconds, bpm, track_number) VALUES (1649, 217, 'Lead', 412, 142, 7);
INSERT INTO album (album_id, artist_id, title, release_year, created_at) VALUES (218, 104, 'Enterprise-wide maximized frame', 2002, NOW());
INSERT INTO song (song_id, album_id, name, duration_seconds, bpm, track_number) VALUES (1650, 218, 'Impact', 208, 130, 1);
INSERT INTO song (song_id, album_id, name, duration_seconds, bpm, track_number) VALUES (1651, 218, 'Population less speech member', 266, 99, 2);
INSERT INTO song (song_id, album_id, name, duration_seconds, bpm, track_number) VALUES (1652, 218, 'Put today top', 250, 72, 3);
INSERT INTO song (song_id, album_id, name, duration_seconds, bpm, track_number) VALUES (1653, 218, 'Prepare', 175, 146, 4);
INSERT INTO song (song_id, album_id, name, duration_seconds, bpm, track_number) VALUES (1654, 218, 'Data', 311, 130, 5);
INSERT INTO song (song_id, album_id, name, duration_seconds, bpm, track_number) VALUES (1655, 218, 'Remember', 379, 131, 6);
INSERT INTO album (album_id, artist_id, title, release_year, created_at) VALUES (219, 105, 'Progressive zero administration Graphical User Interface', 2023, NOW());
INSERT INTO song (song_id, album_id, name, duration_seconds, bpm, track_number) VALUES (1656, 219, 'Majority behind', 235, 124, 1);
INSERT INTO song (song_id, album_id, name, duration_seconds, bpm, track_number) VALUES (1657, 219, 'Meeting', 416, 81, 2);
INSERT INTO song (song_id, album_id, name, duration_seconds, bpm, track_number) VALUES (1658, 219, 'Picture rise', 161, 109, 3);
INSERT INTO song (song_id, album_id, name, duration_seconds, bpm, track_number) VALUES (1659, 219, 'Anything score', 411, 102, 4);
INSERT INTO song (song_id, album_id, name, duration_seconds, bpm, track_number) VALUES (1660, 219, 'Particular', 241, 121, 5);
INSERT INTO song (song_id, album_id, name, duration_seconds, bpm, track_number) VALUES (1661, 219, 'Religious', 321, 101, 6);
INSERT INTO song (song_id, album_id, name, duration_seconds, bpm, track_number) VALUES (1662, 219, 'Simple bill exactly', 464, 165, 7);
INSERT INTO song (song_id, album_id, name, duration_seconds, bpm, track_number) VALUES (1663, 219, 'When on executive easy', 404, 115, 8);
INSERT INTO song (song_id, album_id, name, duration_seconds, bpm, track_number) VALUES (1664, 219, 'All example result', 384, 177, 9);
INSERT INTO song (song_id, album_id, name, duration_seconds, bpm, track_number) VALUES (1665, 219, 'Win any', 452, 179, 10);
INSERT INTO album (album_id, artist_id, title, release_year, created_at) VALUES (220, 105, 'Open-source bandwidth-monitored conglomeration', 2001, NOW());
INSERT INTO song (song_id, album_id, name, duration_seconds, bpm, track_number) VALUES (1666, 220, 'Better age street among', 144, 162, 1);
INSERT INTO song (song_id, album_id, name, duration_seconds, bpm, track_number) VALUES (1667, 220, 'Teach avoid', 314, 125, 2);
INSERT INTO song (song_id, album_id, name, duration_seconds, bpm, track_number) VALUES (1668, 220, 'Action after', 392, 180, 3);
INSERT INTO song (song_id, album_id, name, duration_seconds, bpm, track_number) VALUES (1669, 220, 'Computer', 418, 106, 4);
INSERT INTO song (song_id, album_id, name, duration_seconds, bpm, track_number) VALUES (1670, 220, 'Ever', 168, 137, 5);
INSERT INTO song (song_id, album_id, name, duration_seconds, bpm, track_number) VALUES (1671, 220, 'Mind', 372, 87, 6);
INSERT INTO album (album_id, artist_id, title, release_year, created_at) VALUES (221, 105, 'Enhanced motivating Graphic Interface', 2026, NOW());
INSERT INTO song (song_id, album_id, name, duration_seconds, bpm, track_number) VALUES (1672, 221, 'Weight pattern how', 264, 91, 1);
INSERT INTO song (song_id, album_id, name, duration_seconds, bpm, track_number) VALUES (1673, 221, 'Idea government respond quite manage', 275, 70, 2);
INSERT INTO song (song_id, album_id, name, duration_seconds, bpm, track_number) VALUES (1674, 221, 'Child green', 258, 67, 3);
INSERT INTO song (song_id, album_id, name, duration_seconds, bpm, track_number) VALUES (1675, 221, 'Entire', 392, 72, 4);
INSERT INTO song (song_id, album_id, name, duration_seconds, bpm, track_number) VALUES (1676, 221, 'Important', 345, 105, 5);
INSERT INTO song (song_id, album_id, name, duration_seconds, bpm, track_number) VALUES (1677, 221, 'Risk outside', 196, 126, 6);
INSERT INTO song (song_id, album_id, name, duration_seconds, bpm, track_number) VALUES (1678, 221, 'Employee', 263, 115, 7);
INSERT INTO song (song_id, album_id, name, duration_seconds, bpm, track_number) VALUES (1679, 221, 'Mother', 448, 105, 8);
INSERT INTO album (album_id, artist_id, title, release_year, created_at) VALUES (222, 106, 'Face-to-face full-range data-warehouse', 2002, NOW());
INSERT INTO song (song_id, album_id, name, duration_seconds, bpm, track_number) VALUES (1680, 222, 'Win do', 320, 113, 1);
INSERT INTO song (song_id, album_id, name, duration_seconds, bpm, track_number) VALUES (1681, 222, 'Write its', 233, 162, 2);
INSERT INTO song (song_id, album_id, name, duration_seconds, bpm, track_number) VALUES (1682, 222, 'Hit', 427, 105, 3);
INSERT INTO song (song_id, album_id, name, duration_seconds, bpm, track_number) VALUES (1683, 222, 'Road also audience', 156, 178, 4);
INSERT INTO song (song_id, album_id, name, duration_seconds, bpm, track_number) VALUES (1684, 222, 'Good', 184, 72, 5);
INSERT INTO album (album_id, artist_id, title, release_year, created_at) VALUES (223, 106, 'Proactive bottom-line approach', 1986, NOW());
INSERT INTO song (song_id, album_id, name, duration_seconds, bpm, track_number) VALUES (1685, 223, 'Role', 168, 159, 1);
INSERT INTO song (song_id, album_id, name, duration_seconds, bpm, track_number) VALUES (1686, 223, 'Senior including', 243, 66, 2);
INSERT INTO song (song_id, album_id, name, duration_seconds, bpm, track_number) VALUES (1687, 223, 'Different', 126, 64, 3);
INSERT INTO song (song_id, album_id, name, duration_seconds, bpm, track_number) VALUES (1688, 223, 'Sure', 158, 122, 4);
INSERT INTO song (song_id, album_id, name, duration_seconds, bpm, track_number) VALUES (1689, 223, 'Can speech decade', 390, 71, 5);
INSERT INTO album (album_id, artist_id, title, release_year, created_at) VALUES (224, 106, 'Reactive directional budgetary management', 1972, NOW());
INSERT INTO song (song_id, album_id, name, duration_seconds, bpm, track_number) VALUES (1690, 224, 'See face change organization', 387, 71, 1);
INSERT INTO song (song_id, album_id, name, duration_seconds, bpm, track_number) VALUES (1691, 224, 'Investment check', 187, 90, 2);
INSERT INTO song (song_id, album_id, name, duration_seconds, bpm, track_number) VALUES (1692, 224, 'North official type', 447, 159, 3);
INSERT INTO song (song_id, album_id, name, duration_seconds, bpm, track_number) VALUES (1693, 224, 'Moment record series', 254, 154, 4);
INSERT INTO song (song_id, album_id, name, duration_seconds, bpm, track_number) VALUES (1694, 224, 'Remember air various score', 220, 164, 5);
INSERT INTO song (song_id, album_id, name, duration_seconds, bpm, track_number) VALUES (1695, 224, 'Able', 480, 91, 6);
INSERT INTO song (song_id, album_id, name, duration_seconds, bpm, track_number) VALUES (1696, 224, 'Career', 400, 114, 7);
INSERT INTO song (song_id, album_id, name, duration_seconds, bpm, track_number) VALUES (1697, 224, 'Left', 129, 91, 8);
INSERT INTO album (album_id, artist_id, title, release_year, created_at) VALUES (225, 107, 'Business-focused impactful leverage', 1979, NOW());
INSERT INTO song (song_id, album_id, name, duration_seconds, bpm, track_number) VALUES (1698, 225, 'Begin', 292, 171, 1);
INSERT INTO song (song_id, album_id, name, duration_seconds, bpm, track_number) VALUES (1699, 225, 'To', 423, 66, 2);
INSERT INTO song (song_id, album_id, name, duration_seconds, bpm, track_number) VALUES (1700, 225, 'Great check', 439, 92, 3);
INSERT INTO song (song_id, album_id, name, duration_seconds, bpm, track_number) VALUES (1701, 225, 'Method course color', 232, 80, 4);
INSERT INTO song (song_id, album_id, name, duration_seconds, bpm, track_number) VALUES (1702, 225, 'Get', 243, 143, 5);
INSERT INTO song (song_id, album_id, name, duration_seconds, bpm, track_number) VALUES (1703, 225, 'Police', 453, 82, 6);
INSERT INTO song (song_id, album_id, name, duration_seconds, bpm, track_number) VALUES (1704, 225, 'Require bad prepare', 305, 69, 7);
INSERT INTO album (album_id, artist_id, title, release_year, created_at) VALUES (226, 108, 'Ameliorated didactic support', 1995, NOW());
INSERT INTO song (song_id, album_id, name, duration_seconds, bpm, track_number) VALUES (1705, 226, 'Try', 184, 130, 1);
INSERT INTO song (song_id, album_id, name, duration_seconds, bpm, track_number) VALUES (1706, 226, 'Attorney', 128, 177, 2);
INSERT INTO song (song_id, album_id, name, duration_seconds, bpm, track_number) VALUES (1707, 226, 'Oil answer', 453, 73, 3);
INSERT INTO song (song_id, album_id, name, duration_seconds, bpm, track_number) VALUES (1708, 226, 'Case important determine someone', 461, 65, 4);
INSERT INTO song (song_id, album_id, name, duration_seconds, bpm, track_number) VALUES (1709, 226, 'Claim onto might', 176, 123, 5);
INSERT INTO song (song_id, album_id, name, duration_seconds, bpm, track_number) VALUES (1710, 226, 'Check half security', 223, 160, 6);
INSERT INTO album (album_id, artist_id, title, release_year, created_at) VALUES (227, 109, 'Expanded actuating protocol', 2015, NOW());
INSERT INTO song (song_id, album_id, name, duration_seconds, bpm, track_number) VALUES (1711, 227, 'Past author keep', 354, 156, 1);
INSERT INTO song (song_id, album_id, name, duration_seconds, bpm, track_number) VALUES (1712, 227, 'Check for', 246, 116, 2);
INSERT INTO song (song_id, album_id, name, duration_seconds, bpm, track_number) VALUES (1713, 227, 'Fund situation everyone', 369, 114, 3);
INSERT INTO song (song_id, album_id, name, duration_seconds, bpm, track_number) VALUES (1714, 227, 'A agreement modern writer really', 475, 67, 4);
INSERT INTO song (song_id, album_id, name, duration_seconds, bpm, track_number) VALUES (1715, 227, 'Fire by exactly either', 274, 72, 5);
INSERT INTO song (song_id, album_id, name, duration_seconds, bpm, track_number) VALUES (1716, 227, 'Ahead', 371, 156, 6);
INSERT INTO song (song_id, album_id, name, duration_seconds, bpm, track_number) VALUES (1717, 227, 'Western', 129, 177, 7);
INSERT INTO song (song_id, album_id, name, duration_seconds, bpm, track_number) VALUES (1718, 227, 'Prepare need', 154, 124, 8);
INSERT INTO song (song_id, album_id, name, duration_seconds, bpm, track_number) VALUES (1719, 227, 'Wrong', 192, 109, 9);
INSERT INTO album (album_id, artist_id, title, release_year, created_at) VALUES (228, 109, 'Secured holistic utilization', 1988, NOW());
INSERT INTO song (song_id, album_id, name, duration_seconds, bpm, track_number) VALUES (1720, 228, 'Value claim', 405, 105, 1);
INSERT INTO song (song_id, album_id, name, duration_seconds, bpm, track_number) VALUES (1721, 228, 'Discussion dinner', 389, 173, 2);
INSERT INTO song (song_id, album_id, name, duration_seconds, bpm, track_number) VALUES (1722, 228, 'Attorney pull', 133, 113, 3);
INSERT INTO song (song_id, album_id, name, duration_seconds, bpm, track_number) VALUES (1723, 228, 'Reduce American', 209, 120, 4);
INSERT INTO song (song_id, album_id, name, duration_seconds, bpm, track_number) VALUES (1724, 228, 'Stand country', 130, 168, 5);
INSERT INTO song (song_id, album_id, name, duration_seconds, bpm, track_number) VALUES (1725, 228, 'Role', 180, 148, 6);
INSERT INTO song (song_id, album_id, name, duration_seconds, bpm, track_number) VALUES (1726, 228, 'Simply', 376, 124, 7);
INSERT INTO song (song_id, album_id, name, duration_seconds, bpm, track_number) VALUES (1727, 228, 'Fly sort action', 132, 157, 8);
INSERT INTO song (song_id, album_id, name, duration_seconds, bpm, track_number) VALUES (1728, 228, 'Society argue', 184, 120, 9);
INSERT INTO song (song_id, album_id, name, duration_seconds, bpm, track_number) VALUES (1729, 228, 'Color effect', 311, 101, 10);
INSERT INTO album (album_id, artist_id, title, release_year, created_at) VALUES (229, 110, 'Synchronized context-sensitive superstructure', 2001, NOW());
INSERT INTO song (song_id, album_id, name, duration_seconds, bpm, track_number) VALUES (1730, 229, 'Arrive bad hold cover', 450, 137, 1);
INSERT INTO song (song_id, album_id, name, duration_seconds, bpm, track_number) VALUES (1731, 229, 'Very', 423, 110, 2);
INSERT INTO song (song_id, album_id, name, duration_seconds, bpm, track_number) VALUES (1732, 229, 'Event magazine statement development', 133, 64, 3);
INSERT INTO song (song_id, album_id, name, duration_seconds, bpm, track_number) VALUES (1733, 229, 'Edge', 168, 133, 4);
INSERT INTO song (song_id, album_id, name, duration_seconds, bpm, track_number) VALUES (1734, 229, 'Many', 275, 149, 5);
INSERT INTO song (song_id, album_id, name, duration_seconds, bpm, track_number) VALUES (1735, 229, 'Money', 429, 64, 6);
INSERT INTO song (song_id, album_id, name, duration_seconds, bpm, track_number) VALUES (1736, 229, 'Room increase throw', 398, 75, 7);
INSERT INTO album (album_id, artist_id, title, release_year, created_at) VALUES (230, 110, 'Fundamental clear-thinking projection', 2021, NOW());
INSERT INTO song (song_id, album_id, name, duration_seconds, bpm, track_number) VALUES (1737, 230, 'Deep create central', 386, 134, 1);
INSERT INTO song (song_id, album_id, name, duration_seconds, bpm, track_number) VALUES (1738, 230, 'After white threat customer', 473, 65, 2);
INSERT INTO song (song_id, album_id, name, duration_seconds, bpm, track_number) VALUES (1739, 230, 'Feel ask', 402, 172, 3);
INSERT INTO song (song_id, album_id, name, duration_seconds, bpm, track_number) VALUES (1740, 230, 'Raise', 244, 105, 4);
INSERT INTO song (song_id, album_id, name, duration_seconds, bpm, track_number) VALUES (1741, 230, 'Sea how', 331, 171, 5);
INSERT INTO song (song_id, album_id, name, duration_seconds, bpm, track_number) VALUES (1742, 230, 'How', 348, 100, 6);
INSERT INTO song (song_id, album_id, name, duration_seconds, bpm, track_number) VALUES (1743, 230, 'Southern once', 339, 106, 7);
INSERT INTO song (song_id, album_id, name, duration_seconds, bpm, track_number) VALUES (1744, 230, 'Short center', 159, 117, 8);
INSERT INTO song (song_id, album_id, name, duration_seconds, bpm, track_number) VALUES (1745, 230, 'That health', 236, 95, 9);
INSERT INTO album (album_id, artist_id, title, release_year, created_at) VALUES (231, 111, 'Reactive actuating time-frame', 1987, NOW());
INSERT INTO song (song_id, album_id, name, duration_seconds, bpm, track_number) VALUES (1746, 231, 'Sign scientist', 391, 146, 1);
INSERT INTO song (song_id, album_id, name, duration_seconds, bpm, track_number) VALUES (1747, 231, 'Door write have', 124, 125, 2);
INSERT INTO song (song_id, album_id, name, duration_seconds, bpm, track_number) VALUES (1748, 231, 'Population every each local', 348, 119, 3);
INSERT INTO song (song_id, album_id, name, duration_seconds, bpm, track_number) VALUES (1749, 231, 'Protect admit', 133, 150, 4);
INSERT INTO song (song_id, album_id, name, duration_seconds, bpm, track_number) VALUES (1750, 231, 'Serve dinner question', 444, 173, 5);
INSERT INTO song (song_id, album_id, name, duration_seconds, bpm, track_number) VALUES (1751, 231, 'Short', 235, 79, 6);
INSERT INTO song (song_id, album_id, name, duration_seconds, bpm, track_number) VALUES (1752, 231, 'Century', 123, 146, 7);
INSERT INTO song (song_id, album_id, name, duration_seconds, bpm, track_number) VALUES (1753, 231, 'Key cup store crime', 297, 113, 8);
INSERT INTO album (album_id, artist_id, title, release_year, created_at) VALUES (232, 112, 'Multi-layered explicit orchestration', 2012, NOW());
INSERT INTO song (song_id, album_id, name, duration_seconds, bpm, track_number) VALUES (1754, 232, 'Thus animal lot', 340, 127, 1);
INSERT INTO song (song_id, album_id, name, duration_seconds, bpm, track_number) VALUES (1755, 232, 'Behind', 442, 172, 2);
INSERT INTO song (song_id, album_id, name, duration_seconds, bpm, track_number) VALUES (1756, 232, 'Wonder white adult', 318, 95, 3);
INSERT INTO song (song_id, album_id, name, duration_seconds, bpm, track_number) VALUES (1757, 232, 'Actually example difference', 410, 131, 4);
INSERT INTO song (song_id, album_id, name, duration_seconds, bpm, track_number) VALUES (1758, 232, 'Remain', 364, 126, 5);
INSERT INTO album (album_id, artist_id, title, release_year, created_at) VALUES (233, 112, 'Intuitive static task-force', 2002, NOW());
INSERT INTO song (song_id, album_id, name, duration_seconds, bpm, track_number) VALUES (1759, 233, 'Article', 177, 139, 1);
INSERT INTO song (song_id, album_id, name, duration_seconds, bpm, track_number) VALUES (1760, 233, 'Guy door page will', 294, 120, 2);
INSERT INTO song (song_id, album_id, name, duration_seconds, bpm, track_number) VALUES (1761, 233, 'Religious good similar rest', 426, 83, 3);
INSERT INTO song (song_id, album_id, name, duration_seconds, bpm, track_number) VALUES (1762, 233, 'Easy', 363, 97, 4);
INSERT INTO song (song_id, album_id, name, duration_seconds, bpm, track_number) VALUES (1763, 233, 'Wall sometimes rise process break', 354, 78, 5);
INSERT INTO song (song_id, album_id, name, duration_seconds, bpm, track_number) VALUES (1764, 233, 'Main blue', 217, 84, 6);
INSERT INTO album (album_id, artist_id, title, release_year, created_at) VALUES (234, 112, 'Customer-focused well-modulated installation', 1979, NOW());
INSERT INTO song (song_id, album_id, name, duration_seconds, bpm, track_number) VALUES (1765, 234, 'Yet unit', 293, 67, 1);
INSERT INTO song (song_id, album_id, name, duration_seconds, bpm, track_number) VALUES (1766, 234, 'As', 358, 175, 2);
INSERT INTO song (song_id, album_id, name, duration_seconds, bpm, track_number) VALUES (1767, 234, 'Amount image many decade', 394, 97, 3);
INSERT INTO song (song_id, album_id, name, duration_seconds, bpm, track_number) VALUES (1768, 234, 'But order capital', 365, 80, 4);
INSERT INTO song (song_id, album_id, name, duration_seconds, bpm, track_number) VALUES (1769, 234, 'Case need two per study', 446, 135, 5);
INSERT INTO song (song_id, album_id, name, duration_seconds, bpm, track_number) VALUES (1770, 234, 'Main', 284, 146, 6);
INSERT INTO song (song_id, album_id, name, duration_seconds, bpm, track_number) VALUES (1771, 234, 'Rather daughter', 154, 128, 7);
INSERT INTO album (album_id, artist_id, title, release_year, created_at) VALUES (235, 113, 'Synergized coherent moratorium', 1982, NOW());
INSERT INTO song (song_id, album_id, name, duration_seconds, bpm, track_number) VALUES (1772, 235, 'Offer will', 283, 161, 1);
INSERT INTO song (song_id, album_id, name, duration_seconds, bpm, track_number) VALUES (1773, 235, 'Place', 315, 173, 2);
INSERT INTO song (song_id, album_id, name, duration_seconds, bpm, track_number) VALUES (1774, 235, 'Relate dream rather', 470, 104, 3);
INSERT INTO song (song_id, album_id, name, duration_seconds, bpm, track_number) VALUES (1775, 235, 'Physical never seat pattern', 392, 121, 4);
INSERT INTO song (song_id, album_id, name, duration_seconds, bpm, track_number) VALUES (1776, 235, 'Play', 192, 152, 5);
INSERT INTO song (song_id, album_id, name, duration_seconds, bpm, track_number) VALUES (1777, 235, 'Him watch claim', 358, 71, 6);
INSERT INTO song (song_id, album_id, name, duration_seconds, bpm, track_number) VALUES (1778, 235, 'Benefit', 277, 102, 7);
INSERT INTO song (song_id, album_id, name, duration_seconds, bpm, track_number) VALUES (1779, 235, 'Hard against economic', 307, 88, 8);
INSERT INTO album (album_id, artist_id, title, release_year, created_at) VALUES (236, 114, 'Integrated motivating array', 1994, NOW());
INSERT INTO song (song_id, album_id, name, duration_seconds, bpm, track_number) VALUES (1780, 236, 'Day police', 407, 101, 1);
INSERT INTO song (song_id, album_id, name, duration_seconds, bpm, track_number) VALUES (1781, 236, 'Hand note bag child', 122, 75, 2);
INSERT INTO song (song_id, album_id, name, duration_seconds, bpm, track_number) VALUES (1782, 236, 'Central reason', 455, 101, 3);
INSERT INTO song (song_id, album_id, name, duration_seconds, bpm, track_number) VALUES (1783, 236, 'Agency', 201, 73, 4);
INSERT INTO song (song_id, album_id, name, duration_seconds, bpm, track_number) VALUES (1784, 236, 'Listen bar well over', 222, 108, 5);
INSERT INTO song (song_id, album_id, name, duration_seconds, bpm, track_number) VALUES (1785, 236, 'Staff', 454, 125, 6);
INSERT INTO song (song_id, album_id, name, duration_seconds, bpm, track_number) VALUES (1786, 236, 'Ahead', 225, 150, 7);
INSERT INTO song (song_id, album_id, name, duration_seconds, bpm, track_number) VALUES (1787, 236, 'Stock ahead', 213, 72, 8);
INSERT INTO song (song_id, album_id, name, duration_seconds, bpm, track_number) VALUES (1788, 236, 'Change I away', 123, 94, 9);
INSERT INTO song (song_id, album_id, name, duration_seconds, bpm, track_number) VALUES (1789, 236, 'Across', 218, 61, 10);
INSERT INTO album (album_id, artist_id, title, release_year, created_at) VALUES (237, 115, 'Team-oriented tangible strategy', 2026, NOW());
INSERT INTO song (song_id, album_id, name, duration_seconds, bpm, track_number) VALUES (1790, 237, 'Suddenly', 156, 103, 1);
INSERT INTO song (song_id, album_id, name, duration_seconds, bpm, track_number) VALUES (1791, 237, 'Put', 230, 71, 2);
INSERT INTO song (song_id, album_id, name, duration_seconds, bpm, track_number) VALUES (1792, 237, 'Choice million including', 306, 150, 3);
INSERT INTO song (song_id, album_id, name, duration_seconds, bpm, track_number) VALUES (1793, 237, 'Friend', 265, 85, 4);
INSERT INTO song (song_id, album_id, name, duration_seconds, bpm, track_number) VALUES (1794, 237, 'Same identify', 153, 117, 5);
INSERT INTO song (song_id, album_id, name, duration_seconds, bpm, track_number) VALUES (1795, 237, 'For wrong', 479, 68, 6);
INSERT INTO song (song_id, album_id, name, duration_seconds, bpm, track_number) VALUES (1796, 237, 'Act away decide', 280, 92, 7);
INSERT INTO song (song_id, album_id, name, duration_seconds, bpm, track_number) VALUES (1797, 237, 'Front matter teacher economy', 425, 151, 8);
INSERT INTO song (song_id, album_id, name, duration_seconds, bpm, track_number) VALUES (1798, 237, 'Close goal', 432, 173, 9);
INSERT INTO song (song_id, album_id, name, duration_seconds, bpm, track_number) VALUES (1799, 237, 'Middle', 156, 106, 10);
INSERT INTO album (album_id, artist_id, title, release_year, created_at) VALUES (238, 115, 'Object-based responsive contingency', 2013, NOW());
INSERT INTO song (song_id, album_id, name, duration_seconds, bpm, track_number) VALUES (1800, 238, 'Himself', 191, 94, 1);
INSERT INTO song (song_id, album_id, name, duration_seconds, bpm, track_number) VALUES (1801, 238, 'Performance', 244, 145, 2);
INSERT INTO song (song_id, album_id, name, duration_seconds, bpm, track_number) VALUES (1802, 238, 'There reveal beautiful', 442, 72, 3);
INSERT INTO song (song_id, album_id, name, duration_seconds, bpm, track_number) VALUES (1803, 238, 'Offer call', 131, 90, 4);
INSERT INTO song (song_id, album_id, name, duration_seconds, bpm, track_number) VALUES (1804, 238, 'Should manage', 290, 147, 5);
INSERT INTO song (song_id, album_id, name, duration_seconds, bpm, track_number) VALUES (1805, 238, 'Share your serious style', 190, 108, 6);
INSERT INTO song (song_id, album_id, name, duration_seconds, bpm, track_number) VALUES (1806, 238, 'Down better pass', 284, 88, 7);
INSERT INTO song (song_id, album_id, name, duration_seconds, bpm, track_number) VALUES (1807, 238, 'Foreign east my', 350, 107, 8);
INSERT INTO song (song_id, album_id, name, duration_seconds, bpm, track_number) VALUES (1808, 238, 'Increase nor', 256, 147, 9);
INSERT INTO song (song_id, album_id, name, duration_seconds, bpm, track_number) VALUES (1809, 238, 'Hundred', 300, 157, 10);
INSERT INTO album (album_id, artist_id, title, release_year, created_at) VALUES (239, 116, 'Assimilated asynchronous infrastructure', 1990, NOW());
INSERT INTO song (song_id, album_id, name, duration_seconds, bpm, track_number) VALUES (1810, 239, 'More interview draw', 154, 122, 1);
INSERT INTO song (song_id, album_id, name, duration_seconds, bpm, track_number) VALUES (1811, 239, 'Ever', 157, 120, 2);
INSERT INTO song (song_id, album_id, name, duration_seconds, bpm, track_number) VALUES (1812, 239, 'Type', 316, 161, 3);
INSERT INTO song (song_id, album_id, name, duration_seconds, bpm, track_number) VALUES (1813, 239, 'Show western class professional whether', 325, 95, 4);
INSERT INTO song (song_id, album_id, name, duration_seconds, bpm, track_number) VALUES (1814, 239, 'Physical pull', 271, 96, 5);
INSERT INTO song (song_id, album_id, name, duration_seconds, bpm, track_number) VALUES (1815, 239, 'Dog', 127, 176, 6);
INSERT INTO song (song_id, album_id, name, duration_seconds, bpm, track_number) VALUES (1816, 239, 'Office arrive', 120, 81, 7);
INSERT INTO album (album_id, artist_id, title, release_year, created_at) VALUES (240, 117, 'Realigned uniform moderator', 1975, NOW());
INSERT INTO song (song_id, album_id, name, duration_seconds, bpm, track_number) VALUES (1817, 240, 'Lay lead wrong expert', 264, 88, 1);
INSERT INTO song (song_id, album_id, name, duration_seconds, bpm, track_number) VALUES (1818, 240, 'Teach room watch above suddenly', 443, 128, 2);
INSERT INTO song (song_id, album_id, name, duration_seconds, bpm, track_number) VALUES (1819, 240, 'Store fact page daughter establish', 124, 158, 3);
INSERT INTO song (song_id, album_id, name, duration_seconds, bpm, track_number) VALUES (1820, 240, 'Town add', 417, 132, 4);
INSERT INTO song (song_id, album_id, name, duration_seconds, bpm, track_number) VALUES (1821, 240, 'Theory even', 291, 146, 5);
INSERT INTO song (song_id, album_id, name, duration_seconds, bpm, track_number) VALUES (1822, 240, 'Each fact', 340, 107, 6);
INSERT INTO song (song_id, album_id, name, duration_seconds, bpm, track_number) VALUES (1823, 240, 'Year sense investment development break', 221, 132, 7);
INSERT INTO song (song_id, album_id, name, duration_seconds, bpm, track_number) VALUES (1824, 240, 'Within', 282, 64, 8);
INSERT INTO song (song_id, album_id, name, duration_seconds, bpm, track_number) VALUES (1825, 240, 'Author suffer weight worker', 423, 148, 9);
INSERT INTO album (album_id, artist_id, title, release_year, created_at) VALUES (241, 117, 'Right-sized hybrid initiative', 2004, NOW());
INSERT INTO song (song_id, album_id, name, duration_seconds, bpm, track_number) VALUES (1826, 241, 'Us do little', 445, 174, 1);
INSERT INTO song (song_id, album_id, name, duration_seconds, bpm, track_number) VALUES (1827, 241, 'Dream', 461, 133, 2);
INSERT INTO song (song_id, album_id, name, duration_seconds, bpm, track_number) VALUES (1828, 241, 'You group', 320, 148, 3);
INSERT INTO song (song_id, album_id, name, duration_seconds, bpm, track_number) VALUES (1829, 241, 'Tell', 360, 163, 4);
INSERT INTO song (song_id, album_id, name, duration_seconds, bpm, track_number) VALUES (1830, 241, 'Executive', 280, 141, 5);
INSERT INTO song (song_id, album_id, name, duration_seconds, bpm, track_number) VALUES (1831, 241, 'Carry cup', 242, 95, 6);
INSERT INTO song (song_id, album_id, name, duration_seconds, bpm, track_number) VALUES (1832, 241, 'Each particular national small', 173, 130, 7);
INSERT INTO album (album_id, artist_id, title, release_year, created_at) VALUES (242, 117, 'Enhanced upward-trending product', 2009, NOW());
INSERT INTO song (song_id, album_id, name, duration_seconds, bpm, track_number) VALUES (1833, 242, 'Station stay', 387, 96, 1);
INSERT INTO song (song_id, album_id, name, duration_seconds, bpm, track_number) VALUES (1834, 242, 'Guess there', 358, 103, 2);
INSERT INTO song (song_id, album_id, name, duration_seconds, bpm, track_number) VALUES (1835, 242, 'Five', 387, 115, 3);
INSERT INTO song (song_id, album_id, name, duration_seconds, bpm, track_number) VALUES (1836, 242, 'Who', 192, 62, 4);
INSERT INTO song (song_id, album_id, name, duration_seconds, bpm, track_number) VALUES (1837, 242, 'Understand ago', 322, 63, 5);
INSERT INTO song (song_id, album_id, name, duration_seconds, bpm, track_number) VALUES (1838, 242, 'Read produce', 275, 77, 6);
INSERT INTO song (song_id, album_id, name, duration_seconds, bpm, track_number) VALUES (1839, 242, 'Face evidence billion', 121, 85, 7);
INSERT INTO song (song_id, album_id, name, duration_seconds, bpm, track_number) VALUES (1840, 242, 'People expect', 232, 176, 8);
INSERT INTO song (song_id, album_id, name, duration_seconds, bpm, track_number) VALUES (1841, 242, 'Lose mean though', 387, 153, 9);
INSERT INTO album (album_id, artist_id, title, release_year, created_at) VALUES (243, 118, 'Vision-oriented non-volatile circuit', 2014, NOW());
INSERT INTO song (song_id, album_id, name, duration_seconds, bpm, track_number) VALUES (1842, 243, 'Call', 472, 107, 1);
INSERT INTO song (song_id, album_id, name, duration_seconds, bpm, track_number) VALUES (1843, 243, 'Computer', 202, 132, 2);
INSERT INTO song (song_id, album_id, name, duration_seconds, bpm, track_number) VALUES (1844, 243, 'Water', 131, 72, 3);
INSERT INTO song (song_id, album_id, name, duration_seconds, bpm, track_number) VALUES (1845, 243, 'Brother', 452, 88, 4);
INSERT INTO song (song_id, album_id, name, duration_seconds, bpm, track_number) VALUES (1846, 243, 'Part', 212, 77, 5);
INSERT INTO song (song_id, album_id, name, duration_seconds, bpm, track_number) VALUES (1847, 243, 'Agree teach would occur', 255, 69, 6);
INSERT INTO song (song_id, album_id, name, duration_seconds, bpm, track_number) VALUES (1848, 243, 'Eight seem itself why', 393, 153, 7);
INSERT INTO song (song_id, album_id, name, duration_seconds, bpm, track_number) VALUES (1849, 243, 'Manager', 279, 150, 8);
INSERT INTO song (song_id, album_id, name, duration_seconds, bpm, track_number) VALUES (1850, 243, 'Because chance relationship', 241, 94, 9);
INSERT INTO song (song_id, album_id, name, duration_seconds, bpm, track_number) VALUES (1851, 243, 'Wall west way', 265, 127, 10);
INSERT INTO album (album_id, artist_id, title, release_year, created_at) VALUES (244, 119, 'Vision-oriented next generation projection', 1987, NOW());
INSERT INTO song (song_id, album_id, name, duration_seconds, bpm, track_number) VALUES (1852, 244, 'Story', 352, 82, 1);
INSERT INTO song (song_id, album_id, name, duration_seconds, bpm, track_number) VALUES (1853, 244, 'Become wall event', 345, 60, 2);
INSERT INTO song (song_id, album_id, name, duration_seconds, bpm, track_number) VALUES (1854, 244, 'Situation', 233, 164, 3);
INSERT INTO song (song_id, album_id, name, duration_seconds, bpm, track_number) VALUES (1855, 244, 'Law despite detail recently scene', 289, 93, 4);
INSERT INTO song (song_id, album_id, name, duration_seconds, bpm, track_number) VALUES (1856, 244, 'History', 215, 122, 5);
INSERT INTO album (album_id, artist_id, title, release_year, created_at) VALUES (245, 119, 'Persevering systemic portal', 2025, NOW());
INSERT INTO song (song_id, album_id, name, duration_seconds, bpm, track_number) VALUES (1857, 245, 'If', 148, 131, 1);
INSERT INTO song (song_id, album_id, name, duration_seconds, bpm, track_number) VALUES (1858, 245, 'Audience', 157, 120, 2);
INSERT INTO song (song_id, album_id, name, duration_seconds, bpm, track_number) VALUES (1859, 245, 'Red', 316, 93, 3);
INSERT INTO song (song_id, album_id, name, duration_seconds, bpm, track_number) VALUES (1860, 245, 'Score', 206, 104, 4);
INSERT INTO song (song_id, album_id, name, duration_seconds, bpm, track_number) VALUES (1861, 245, 'Poor', 303, 175, 5);
INSERT INTO song (song_id, album_id, name, duration_seconds, bpm, track_number) VALUES (1862, 245, 'Camera', 326, 136, 6);
INSERT INTO album (album_id, artist_id, title, release_year, created_at) VALUES (246, 119, 'Pre-emptive coherent utilization', 2021, NOW());
INSERT INTO song (song_id, album_id, name, duration_seconds, bpm, track_number) VALUES (1863, 246, 'Interesting', 224, 122, 1);
INSERT INTO song (song_id, album_id, name, duration_seconds, bpm, track_number) VALUES (1864, 246, 'Simple security economy', 338, 108, 2);
INSERT INTO song (song_id, album_id, name, duration_seconds, bpm, track_number) VALUES (1865, 246, 'Item', 426, 66, 3);
INSERT INTO song (song_id, album_id, name, duration_seconds, bpm, track_number) VALUES (1866, 246, 'Source', 370, 82, 4);
INSERT INTO song (song_id, album_id, name, duration_seconds, bpm, track_number) VALUES (1867, 246, 'Town certain color', 251, 169, 5);
INSERT INTO album (album_id, artist_id, title, release_year, created_at) VALUES (247, 120, 'Exclusive bifurcated flexibility', 1989, NOW());
INSERT INTO song (song_id, album_id, name, duration_seconds, bpm, track_number) VALUES (1868, 247, 'Myself consumer thing address laugh', 293, 118, 1);
INSERT INTO song (song_id, album_id, name, duration_seconds, bpm, track_number) VALUES (1869, 247, 'Accept', 292, 144, 2);
INSERT INTO song (song_id, album_id, name, duration_seconds, bpm, track_number) VALUES (1870, 247, 'Cold better station', 198, 93, 3);
INSERT INTO song (song_id, album_id, name, duration_seconds, bpm, track_number) VALUES (1871, 247, 'Their', 390, 148, 4);
INSERT INTO song (song_id, album_id, name, duration_seconds, bpm, track_number) VALUES (1872, 247, 'Nice', 386, 71, 5);
INSERT INTO song (song_id, album_id, name, duration_seconds, bpm, track_number) VALUES (1873, 247, 'There', 127, 64, 6);
INSERT INTO song (song_id, album_id, name, duration_seconds, bpm, track_number) VALUES (1874, 247, 'Deep in hair', 384, 132, 7);
INSERT INTO song (song_id, album_id, name, duration_seconds, bpm, track_number) VALUES (1875, 247, 'Sometimes when parent', 458, 176, 8);
INSERT INTO album (album_id, artist_id, title, release_year, created_at) VALUES (248, 120, 'Business-focused intermediate success', 1994, NOW());
INSERT INTO song (song_id, album_id, name, duration_seconds, bpm, track_number) VALUES (1876, 248, 'Surface short', 294, 108, 1);
INSERT INTO song (song_id, album_id, name, duration_seconds, bpm, track_number) VALUES (1877, 248, 'Partner woman', 311, 68, 2);
INSERT INTO song (song_id, album_id, name, duration_seconds, bpm, track_number) VALUES (1878, 248, 'New open', 135, 151, 3);
INSERT INTO song (song_id, album_id, name, duration_seconds, bpm, track_number) VALUES (1879, 248, 'Wind', 369, 180, 4);
INSERT INTO song (song_id, album_id, name, duration_seconds, bpm, track_number) VALUES (1880, 248, 'Property purpose arm pick', 190, 127, 5);
INSERT INTO song (song_id, album_id, name, duration_seconds, bpm, track_number) VALUES (1881, 248, 'Mrs method tough', 152, 99, 6);
INSERT INTO song (song_id, album_id, name, duration_seconds, bpm, track_number) VALUES (1882, 248, 'Model position', 256, 127, 7);
INSERT INTO album (album_id, artist_id, title, release_year, created_at) VALUES (249, 120, 'Multi-layered leadingedge customer loyalty', 2015, NOW());
INSERT INTO song (song_id, album_id, name, duration_seconds, bpm, track_number) VALUES (1883, 249, 'White hour', 362, 99, 1);
INSERT INTO song (song_id, album_id, name, duration_seconds, bpm, track_number) VALUES (1884, 249, 'Institution', 446, 82, 2);
INSERT INTO song (song_id, album_id, name, duration_seconds, bpm, track_number) VALUES (1885, 249, 'Modern thus story produce', 297, 112, 3);
INSERT INTO song (song_id, album_id, name, duration_seconds, bpm, track_number) VALUES (1886, 249, 'Value', 411, 124, 4);
INSERT INTO song (song_id, album_id, name, duration_seconds, bpm, track_number) VALUES (1887, 249, 'Store', 312, 159, 5);
INSERT INTO song (song_id, album_id, name, duration_seconds, bpm, track_number) VALUES (1888, 249, 'Wait purpose pick son', 217, 147, 6);
INSERT INTO song (song_id, album_id, name, duration_seconds, bpm, track_number) VALUES (1889, 249, 'Oil state brother', 214, 97, 7);
INSERT INTO song (song_id, album_id, name, duration_seconds, bpm, track_number) VALUES (1890, 249, 'Against spend forget simply', 316, 174, 8);
INSERT INTO album (album_id, artist_id, title, release_year, created_at) VALUES (250, 121, 'Re-engineered radical access', 2016, NOW());
INSERT INTO song (song_id, album_id, name, duration_seconds, bpm, track_number) VALUES (1891, 250, 'Expert', 264, 145, 1);
INSERT INTO song (song_id, album_id, name, duration_seconds, bpm, track_number) VALUES (1892, 250, 'Blue top', 478, 79, 2);
INSERT INTO song (song_id, album_id, name, duration_seconds, bpm, track_number) VALUES (1893, 250, 'Southern man consumer', 134, 130, 3);
INSERT INTO song (song_id, album_id, name, duration_seconds, bpm, track_number) VALUES (1894, 250, 'Enough get', 477, 122, 4);
INSERT INTO song (song_id, album_id, name, duration_seconds, bpm, track_number) VALUES (1895, 250, 'Enough', 394, 165, 5);
INSERT INTO song (song_id, album_id, name, duration_seconds, bpm, track_number) VALUES (1896, 250, 'Agent', 349, 173, 6);
INSERT INTO album (album_id, artist_id, title, release_year, created_at) VALUES (251, 121, 'Synchronized asymmetric adapter', 2012, NOW());
INSERT INTO song (song_id, album_id, name, duration_seconds, bpm, track_number) VALUES (1897, 251, 'Bank clearly establish', 311, 168, 1);
INSERT INTO song (song_id, album_id, name, duration_seconds, bpm, track_number) VALUES (1898, 251, 'Idea', 230, 142, 2);
INSERT INTO song (song_id, album_id, name, duration_seconds, bpm, track_number) VALUES (1899, 251, 'Thousand cultural American', 357, 95, 3);
INSERT INTO song (song_id, album_id, name, duration_seconds, bpm, track_number) VALUES (1900, 251, 'Huge participant know', 369, 89, 4);
INSERT INTO song (song_id, album_id, name, duration_seconds, bpm, track_number) VALUES (1901, 251, 'Foreign economy college', 425, 164, 5);
INSERT INTO song (song_id, album_id, name, duration_seconds, bpm, track_number) VALUES (1902, 251, 'Value', 431, 128, 6);
INSERT INTO song (song_id, album_id, name, duration_seconds, bpm, track_number) VALUES (1903, 251, 'Computer', 465, 121, 7);
INSERT INTO song (song_id, album_id, name, duration_seconds, bpm, track_number) VALUES (1904, 251, 'Machine think take', 198, 82, 8);
INSERT INTO song (song_id, album_id, name, duration_seconds, bpm, track_number) VALUES (1905, 251, 'Floor fly poor miss', 211, 99, 9);
INSERT INTO album (album_id, artist_id, title, release_year, created_at) VALUES (252, 121, 'Secured tangible success', 2023, NOW());
INSERT INTO song (song_id, album_id, name, duration_seconds, bpm, track_number) VALUES (1906, 252, 'Respond', 214, 136, 1);
INSERT INTO song (song_id, album_id, name, duration_seconds, bpm, track_number) VALUES (1907, 252, 'Arm short', 193, 96, 2);
INSERT INTO song (song_id, album_id, name, duration_seconds, bpm, track_number) VALUES (1908, 252, 'Democrat tax candidate', 133, 125, 3);
INSERT INTO song (song_id, album_id, name, duration_seconds, bpm, track_number) VALUES (1909, 252, 'Today word', 412, 103, 4);
INSERT INTO song (song_id, album_id, name, duration_seconds, bpm, track_number) VALUES (1910, 252, 'Call wish much them drug', 342, 92, 5);
INSERT INTO song (song_id, album_id, name, duration_seconds, bpm, track_number) VALUES (1911, 252, 'Experience my alone certain', 285, 179, 6);
INSERT INTO song (song_id, album_id, name, duration_seconds, bpm, track_number) VALUES (1912, 252, 'Experience quality', 243, 94, 7);
INSERT INTO song (song_id, album_id, name, duration_seconds, bpm, track_number) VALUES (1913, 252, 'Kind growth', 193, 98, 8);
INSERT INTO song (song_id, album_id, name, duration_seconds, bpm, track_number) VALUES (1914, 252, 'Rich drop life evening', 340, 157, 9);
INSERT INTO album (album_id, artist_id, title, release_year, created_at) VALUES (253, 122, 'Decentralized actuating middleware', 2019, NOW());
INSERT INTO song (song_id, album_id, name, duration_seconds, bpm, track_number) VALUES (1915, 253, 'Mind laugh', 215, 131, 1);
INSERT INTO song (song_id, album_id, name, duration_seconds, bpm, track_number) VALUES (1916, 253, 'Image', 137, 150, 2);
INSERT INTO song (song_id, album_id, name, duration_seconds, bpm, track_number) VALUES (1917, 253, 'Institution seat listen network', 180, 91, 3);
INSERT INTO song (song_id, album_id, name, duration_seconds, bpm, track_number) VALUES (1918, 253, 'Board spring', 364, 177, 4);
INSERT INTO song (song_id, album_id, name, duration_seconds, bpm, track_number) VALUES (1919, 253, 'Suddenly', 136, 74, 5);
INSERT INTO album (album_id, artist_id, title, release_year, created_at) VALUES (254, 123, 'Monitored radical time-frame', 2006, NOW());
INSERT INTO song (song_id, album_id, name, duration_seconds, bpm, track_number) VALUES (1920, 254, 'Training affect', 133, 107, 1);
INSERT INTO song (song_id, album_id, name, duration_seconds, bpm, track_number) VALUES (1921, 254, 'Wish possible leg', 433, 173, 2);
INSERT INTO song (song_id, album_id, name, duration_seconds, bpm, track_number) VALUES (1922, 254, 'Best stand age test', 166, 126, 3);
INSERT INTO song (song_id, album_id, name, duration_seconds, bpm, track_number) VALUES (1923, 254, 'Door happy', 282, 87, 4);
INSERT INTO song (song_id, album_id, name, duration_seconds, bpm, track_number) VALUES (1924, 254, 'Suggest community', 307, 166, 5);
INSERT INTO song (song_id, album_id, name, duration_seconds, bpm, track_number) VALUES (1925, 254, 'Describe design', 299, 171, 6);
INSERT INTO album (album_id, artist_id, title, release_year, created_at) VALUES (255, 124, 'Persevering multi-state benchmark', 2019, NOW());
INSERT INTO song (song_id, album_id, name, duration_seconds, bpm, track_number) VALUES (1926, 255, 'Above', 193, 78, 1);
INSERT INTO song (song_id, album_id, name, duration_seconds, bpm, track_number) VALUES (1927, 255, 'Police vote reflect', 245, 111, 2);
INSERT INTO song (song_id, album_id, name, duration_seconds, bpm, track_number) VALUES (1928, 255, 'Skill less perform', 241, 155, 3);
INSERT INTO song (song_id, album_id, name, duration_seconds, bpm, track_number) VALUES (1929, 255, 'Miss arm', 447, 138, 4);
INSERT INTO song (song_id, album_id, name, duration_seconds, bpm, track_number) VALUES (1930, 255, 'Like between arrive', 264, 166, 5);
INSERT INTO song (song_id, album_id, name, duration_seconds, bpm, track_number) VALUES (1931, 255, 'House chair', 477, 135, 6);
INSERT INTO song (song_id, album_id, name, duration_seconds, bpm, track_number) VALUES (1932, 255, 'Phone exist', 393, 73, 7);
INSERT INTO song (song_id, album_id, name, duration_seconds, bpm, track_number) VALUES (1933, 255, 'Group second', 457, 73, 8);
INSERT INTO song (song_id, album_id, name, duration_seconds, bpm, track_number) VALUES (1934, 255, 'Face nearly', 404, 179, 9);
INSERT INTO song (song_id, album_id, name, duration_seconds, bpm, track_number) VALUES (1935, 255, 'Career trade but follow', 392, 78, 10);
INSERT INTO album (album_id, artist_id, title, release_year, created_at) VALUES (256, 125, 'Stand-alone 24/7 policy', 1981, NOW());
INSERT INTO song (song_id, album_id, name, duration_seconds, bpm, track_number) VALUES (1936, 256, 'Measure class', 294, 117, 1);
INSERT INTO song (song_id, album_id, name, duration_seconds, bpm, track_number) VALUES (1937, 256, 'Someone new', 200, 167, 2);
INSERT INTO song (song_id, album_id, name, duration_seconds, bpm, track_number) VALUES (1938, 256, 'Thing', 122, 149, 3);
INSERT INTO song (song_id, album_id, name, duration_seconds, bpm, track_number) VALUES (1939, 256, 'Hospital fear', 361, 145, 4);
INSERT INTO song (song_id, album_id, name, duration_seconds, bpm, track_number) VALUES (1940, 256, 'Pm', 181, 121, 5);
INSERT INTO song (song_id, album_id, name, duration_seconds, bpm, track_number) VALUES (1941, 256, 'Night', 128, 102, 6);
INSERT INTO song (song_id, album_id, name, duration_seconds, bpm, track_number) VALUES (1942, 256, 'Side', 336, 142, 7);
INSERT INTO song (song_id, album_id, name, duration_seconds, bpm, track_number) VALUES (1943, 256, 'Travel fire', 442, 91, 8);
INSERT INTO song (song_id, album_id, name, duration_seconds, bpm, track_number) VALUES (1944, 256, 'Town could case', 187, 60, 9);
INSERT INTO song (song_id, album_id, name, duration_seconds, bpm, track_number) VALUES (1945, 256, 'Stuff', 230, 146, 10);
INSERT INTO album (album_id, artist_id, title, release_year, created_at) VALUES (257, 125, 'Enhanced well-modulated superstructure', 2017, NOW());
INSERT INTO song (song_id, album_id, name, duration_seconds, bpm, track_number) VALUES (1946, 257, 'Decision', 308, 148, 1);
INSERT INTO song (song_id, album_id, name, duration_seconds, bpm, track_number) VALUES (1947, 257, 'Quality next', 306, 108, 2);
INSERT INTO song (song_id, album_id, name, duration_seconds, bpm, track_number) VALUES (1948, 257, 'Ask stock represent city', 477, 93, 3);
INSERT INTO song (song_id, album_id, name, duration_seconds, bpm, track_number) VALUES (1949, 257, 'Protect', 347, 178, 4);
INSERT INTO song (song_id, album_id, name, duration_seconds, bpm, track_number) VALUES (1950, 257, 'Investment score', 340, 134, 5);
INSERT INTO song (song_id, album_id, name, duration_seconds, bpm, track_number) VALUES (1951, 257, 'Be', 450, 161, 6);
INSERT INTO song (song_id, album_id, name, duration_seconds, bpm, track_number) VALUES (1952, 257, 'Probably', 477, 135, 7);
INSERT INTO song (song_id, album_id, name, duration_seconds, bpm, track_number) VALUES (1953, 257, 'Discover second stuff', 246, 137, 8);
INSERT INTO song (song_id, album_id, name, duration_seconds, bpm, track_number) VALUES (1954, 257, 'This', 327, 148, 9);
INSERT INTO song (song_id, album_id, name, duration_seconds, bpm, track_number) VALUES (1955, 257, 'Team never', 467, 96, 10);
INSERT INTO album (album_id, artist_id, title, release_year, created_at) VALUES (258, 125, 'User-friendly executive archive', 2022, NOW());
INSERT INTO song (song_id, album_id, name, duration_seconds, bpm, track_number) VALUES (1956, 258, 'Will property', 312, 171, 1);
INSERT INTO song (song_id, album_id, name, duration_seconds, bpm, track_number) VALUES (1957, 258, 'Use watch cover', 146, 85, 2);
INSERT INTO song (song_id, album_id, name, duration_seconds, bpm, track_number) VALUES (1958, 258, 'Modern', 421, 72, 3);
INSERT INTO song (song_id, album_id, name, duration_seconds, bpm, track_number) VALUES (1959, 258, 'Hair', 290, 163, 4);
INSERT INTO song (song_id, album_id, name, duration_seconds, bpm, track_number) VALUES (1960, 258, 'Class', 120, 154, 5);
INSERT INTO song (song_id, album_id, name, duration_seconds, bpm, track_number) VALUES (1961, 258, 'Fly nothing', 407, 97, 6);
INSERT INTO song (song_id, album_id, name, duration_seconds, bpm, track_number) VALUES (1962, 258, 'During', 303, 149, 7);
INSERT INTO song (song_id, album_id, name, duration_seconds, bpm, track_number) VALUES (1963, 258, 'Economic', 380, 138, 8);
INSERT INTO song (song_id, album_id, name, duration_seconds, bpm, track_number) VALUES (1964, 258, 'Fly', 470, 160, 9);
INSERT INTO song (song_id, album_id, name, duration_seconds, bpm, track_number) VALUES (1965, 258, 'Common mention full', 227, 175, 10);
INSERT INTO album (album_id, artist_id, title, release_year, created_at) VALUES (259, 126, 'Operative bandwidth-monitored Local Area Network', 2007, NOW());
INSERT INTO song (song_id, album_id, name, duration_seconds, bpm, track_number) VALUES (1966, 259, 'Section sometimes', 440, 68, 1);
INSERT INTO song (song_id, album_id, name, duration_seconds, bpm, track_number) VALUES (1967, 259, 'Reduce', 349, 86, 2);
INSERT INTO song (song_id, album_id, name, duration_seconds, bpm, track_number) VALUES (1968, 259, 'Program Democrat give', 208, 91, 3);
INSERT INTO song (song_id, album_id, name, duration_seconds, bpm, track_number) VALUES (1969, 259, 'Drive', 320, 91, 4);
INSERT INTO song (song_id, album_id, name, duration_seconds, bpm, track_number) VALUES (1970, 259, 'Future', 175, 94, 5);
INSERT INTO song (song_id, album_id, name, duration_seconds, bpm, track_number) VALUES (1971, 259, 'Color future', 398, 130, 6);
INSERT INTO song (song_id, album_id, name, duration_seconds, bpm, track_number) VALUES (1972, 259, 'Fill how couple Republican', 301, 97, 7);
INSERT INTO song (song_id, album_id, name, duration_seconds, bpm, track_number) VALUES (1973, 259, 'Project head', 200, 115, 8);
INSERT INTO song (song_id, album_id, name, duration_seconds, bpm, track_number) VALUES (1974, 259, 'Hundred', 459, 78, 9);
INSERT INTO song (song_id, album_id, name, duration_seconds, bpm, track_number) VALUES (1975, 259, 'Lawyer', 313, 132, 10);
INSERT INTO album (album_id, artist_id, title, release_year, created_at) VALUES (260, 127, 'Reverse-engineered impactful application', 1982, NOW());
INSERT INTO song (song_id, album_id, name, duration_seconds, bpm, track_number) VALUES (1976, 260, 'Although may medical', 388, 125, 1);
INSERT INTO song (song_id, album_id, name, duration_seconds, bpm, track_number) VALUES (1977, 260, 'Take page product', 417, 149, 2);
INSERT INTO song (song_id, album_id, name, duration_seconds, bpm, track_number) VALUES (1978, 260, 'First', 289, 172, 3);
INSERT INTO song (song_id, album_id, name, duration_seconds, bpm, track_number) VALUES (1979, 260, 'Describe nation human better per', 408, 113, 4);
INSERT INTO song (song_id, album_id, name, duration_seconds, bpm, track_number) VALUES (1980, 260, 'First however', 282, 60, 5);
INSERT INTO song (song_id, album_id, name, duration_seconds, bpm, track_number) VALUES (1981, 260, 'Fact old soldier city', 166, 80, 6);
INSERT INTO album (album_id, artist_id, title, release_year, created_at) VALUES (261, 127, 'Assimilated bi-directional definition', 1980, NOW());
INSERT INTO song (song_id, album_id, name, duration_seconds, bpm, track_number) VALUES (1982, 261, 'Small such', 415, 82, 1);
INSERT INTO song (song_id, album_id, name, duration_seconds, bpm, track_number) VALUES (1983, 261, 'Do question knowledge character', 453, 144, 2);
INSERT INTO song (song_id, album_id, name, duration_seconds, bpm, track_number) VALUES (1984, 261, 'Station', 177, 85, 3);
INSERT INTO song (song_id, album_id, name, duration_seconds, bpm, track_number) VALUES (1985, 261, 'Represent', 309, 105, 4);
INSERT INTO song (song_id, album_id, name, duration_seconds, bpm, track_number) VALUES (1986, 261, 'Many', 392, 135, 5);
INSERT INTO song (song_id, album_id, name, duration_seconds, bpm, track_number) VALUES (1987, 261, 'Growth', 245, 166, 6);
INSERT INTO song (song_id, album_id, name, duration_seconds, bpm, track_number) VALUES (1988, 261, 'Building economic product push management', 317, 96, 7);
INSERT INTO song (song_id, album_id, name, duration_seconds, bpm, track_number) VALUES (1989, 261, 'Race create', 137, 81, 8);
INSERT INTO song (song_id, album_id, name, duration_seconds, bpm, track_number) VALUES (1990, 261, 'Speech', 328, 71, 9);
INSERT INTO album (album_id, artist_id, title, release_year, created_at) VALUES (262, 128, 'Triple-buffered 4thgeneration architecture', 2013, NOW());
INSERT INTO song (song_id, album_id, name, duration_seconds, bpm, track_number) VALUES (1991, 262, 'Player', 127, 85, 1);
INSERT INTO song (song_id, album_id, name, duration_seconds, bpm, track_number) VALUES (1992, 262, 'Want', 456, 79, 2);
INSERT INTO song (song_id, album_id, name, duration_seconds, bpm, track_number) VALUES (1993, 262, 'Story', 400, 157, 3);
INSERT INTO song (song_id, album_id, name, duration_seconds, bpm, track_number) VALUES (1994, 262, 'Understand source member', 257, 91, 4);
INSERT INTO song (song_id, album_id, name, duration_seconds, bpm, track_number) VALUES (1995, 262, 'Over difference today', 240, 63, 5);
INSERT INTO song (song_id, album_id, name, duration_seconds, bpm, track_number) VALUES (1996, 262, 'Message', 308, 172, 6);
INSERT INTO song (song_id, album_id, name, duration_seconds, bpm, track_number) VALUES (1997, 262, 'Someone', 384, 150, 7);
INSERT INTO album (album_id, artist_id, title, release_year, created_at) VALUES (263, 129, 'Inverse modular Graphical User Interface', 1983, NOW());
INSERT INTO song (song_id, album_id, name, duration_seconds, bpm, track_number) VALUES (1998, 263, 'Radio', 265, 133, 1);
INSERT INTO song (song_id, album_id, name, duration_seconds, bpm, track_number) VALUES (1999, 263, 'Government', 472, 98, 2);
INSERT INTO song (song_id, album_id, name, duration_seconds, bpm, track_number) VALUES (2000, 263, 'Response', 216, 132, 3);
INSERT INTO song (song_id, album_id, name, duration_seconds, bpm, track_number) VALUES (2001, 263, 'Body', 221, 89, 4);
INSERT INTO song (song_id, album_id, name, duration_seconds, bpm, track_number) VALUES (2002, 263, 'Consumer', 379, 144, 5);
INSERT INTO song (song_id, album_id, name, duration_seconds, bpm, track_number) VALUES (2003, 263, 'Show recently increase', 377, 127, 6);
INSERT INTO song (song_id, album_id, name, duration_seconds, bpm, track_number) VALUES (2004, 263, 'Start each hold material culture', 456, 162, 7);
INSERT INTO song (song_id, album_id, name, duration_seconds, bpm, track_number) VALUES (2005, 263, 'Unit', 443, 88, 8);
INSERT INTO song (song_id, album_id, name, duration_seconds, bpm, track_number) VALUES (2006, 263, 'Through total beat', 353, 167, 9);
INSERT INTO song (song_id, album_id, name, duration_seconds, bpm, track_number) VALUES (2007, 263, 'Onto', 334, 62, 10);
INSERT INTO album (album_id, artist_id, title, release_year, created_at) VALUES (264, 130, 'Implemented upward-trending knowledge user', 2004, NOW());
INSERT INTO song (song_id, album_id, name, duration_seconds, bpm, track_number) VALUES (2008, 264, 'Leader', 341, 118, 1);
INSERT INTO song (song_id, album_id, name, duration_seconds, bpm, track_number) VALUES (2009, 264, 'Thought subject feel', 169, 152, 2);
INSERT INTO song (song_id, album_id, name, duration_seconds, bpm, track_number) VALUES (2010, 264, 'Without', 476, 178, 3);
INSERT INTO song (song_id, album_id, name, duration_seconds, bpm, track_number) VALUES (2011, 264, 'Human', 350, 107, 4);
INSERT INTO song (song_id, album_id, name, duration_seconds, bpm, track_number) VALUES (2012, 264, 'Foot expert scientist total', 313, 154, 5);
INSERT INTO song (song_id, album_id, name, duration_seconds, bpm, track_number) VALUES (2013, 264, 'Single', 382, 112, 6);
INSERT INTO song (song_id, album_id, name, duration_seconds, bpm, track_number) VALUES (2014, 264, 'Music story', 259, 146, 7);
INSERT INTO song (song_id, album_id, name, duration_seconds, bpm, track_number) VALUES (2015, 264, 'Many they', 201, 102, 8);
INSERT INTO song (song_id, album_id, name, duration_seconds, bpm, track_number) VALUES (2016, 264, 'Because', 215, 114, 9);
INSERT INTO album (album_id, artist_id, title, release_year, created_at) VALUES (265, 130, 'Open-source holistic installation', 1994, NOW());
INSERT INTO song (song_id, album_id, name, duration_seconds, bpm, track_number) VALUES (2017, 265, 'Position', 443, 165, 1);
INSERT INTO song (song_id, album_id, name, duration_seconds, bpm, track_number) VALUES (2018, 265, 'Most', 317, 99, 2);
INSERT INTO song (song_id, album_id, name, duration_seconds, bpm, track_number) VALUES (2019, 265, 'Drug', 273, 106, 3);
INSERT INTO song (song_id, album_id, name, duration_seconds, bpm, track_number) VALUES (2020, 265, 'Situation very popular season', 332, 71, 4);
INSERT INTO song (song_id, album_id, name, duration_seconds, bpm, track_number) VALUES (2021, 265, 'Small can', 193, 166, 5);
INSERT INTO song (song_id, album_id, name, duration_seconds, bpm, track_number) VALUES (2022, 265, 'Security mean', 327, 95, 6);
INSERT INTO song (song_id, album_id, name, duration_seconds, bpm, track_number) VALUES (2023, 265, 'Cold although', 148, 162, 7);
INSERT INTO song (song_id, album_id, name, duration_seconds, bpm, track_number) VALUES (2024, 265, 'Threat reach civil surface', 302, 106, 8);
INSERT INTO album (album_id, artist_id, title, release_year, created_at) VALUES (266, 130, 'Profit-focused high-level system engine', 2023, NOW());
INSERT INTO song (song_id, album_id, name, duration_seconds, bpm, track_number) VALUES (2025, 266, 'Adult wrong', 396, 84, 1);
INSERT INTO song (song_id, album_id, name, duration_seconds, bpm, track_number) VALUES (2026, 266, 'Chance experience', 236, 105, 2);
INSERT INTO song (song_id, album_id, name, duration_seconds, bpm, track_number) VALUES (2027, 266, 'Bill', 129, 164, 3);
INSERT INTO song (song_id, album_id, name, duration_seconds, bpm, track_number) VALUES (2028, 266, 'Push customer', 400, 129, 4);
INSERT INTO song (song_id, album_id, name, duration_seconds, bpm, track_number) VALUES (2029, 266, 'Order every street represent protect', 328, 65, 5);
INSERT INTO song (song_id, album_id, name, duration_seconds, bpm, track_number) VALUES (2030, 266, 'Many have', 153, 120, 6);
INSERT INTO song (song_id, album_id, name, duration_seconds, bpm, track_number) VALUES (2031, 266, 'Both fire', 147, 60, 7);
INSERT INTO song (song_id, album_id, name, duration_seconds, bpm, track_number) VALUES (2032, 266, 'Word feel', 458, 61, 8);
INSERT INTO album (album_id, artist_id, title, release_year, created_at) VALUES (267, 131, 'Multi-lateral neutral Graphic Interface', 2001, NOW());
INSERT INTO song (song_id, album_id, name, duration_seconds, bpm, track_number) VALUES (2033, 267, 'Maintain voice', 455, 149, 1);
INSERT INTO song (song_id, album_id, name, duration_seconds, bpm, track_number) VALUES (2034, 267, 'Year detail itself need foreign', 151, 112, 2);
INSERT INTO song (song_id, album_id, name, duration_seconds, bpm, track_number) VALUES (2035, 267, 'Ready one a so', 275, 176, 3);
INSERT INTO song (song_id, album_id, name, duration_seconds, bpm, track_number) VALUES (2036, 267, 'Various', 442, 180, 4);
INSERT INTO song (song_id, album_id, name, duration_seconds, bpm, track_number) VALUES (2037, 267, 'Difficult tree', 380, 90, 5);
INSERT INTO album (album_id, artist_id, title, release_year, created_at) VALUES (268, 131, 'Operative coherent flexibility', 1977, NOW());
INSERT INTO song (song_id, album_id, name, duration_seconds, bpm, track_number) VALUES (2038, 268, 'Sure', 201, 102, 1);
INSERT INTO song (song_id, album_id, name, duration_seconds, bpm, track_number) VALUES (2039, 268, 'Agency', 403, 77, 2);
INSERT INTO song (song_id, album_id, name, duration_seconds, bpm, track_number) VALUES (2040, 268, 'While be', 231, 82, 3);
INSERT INTO song (song_id, album_id, name, duration_seconds, bpm, track_number) VALUES (2041, 268, 'Continue', 371, 141, 4);
INSERT INTO song (song_id, album_id, name, duration_seconds, bpm, track_number) VALUES (2042, 268, 'Man other', 404, 161, 5);
INSERT INTO song (song_id, album_id, name, duration_seconds, bpm, track_number) VALUES (2043, 268, 'That line', 435, 66, 6);
INSERT INTO album (album_id, artist_id, title, release_year, created_at) VALUES (269, 132, 'Advanced foreground Graphic Interface', 1982, NOW());
INSERT INTO song (song_id, album_id, name, duration_seconds, bpm, track_number) VALUES (2044, 269, 'Cost past', 378, 172, 1);
INSERT INTO song (song_id, album_id, name, duration_seconds, bpm, track_number) VALUES (2045, 269, 'Hit bring', 123, 158, 2);
INSERT INTO song (song_id, album_id, name, duration_seconds, bpm, track_number) VALUES (2046, 269, 'Tax short perform interesting', 374, 93, 3);
INSERT INTO song (song_id, album_id, name, duration_seconds, bpm, track_number) VALUES (2047, 269, 'Purpose check any case', 179, 93, 4);
INSERT INTO song (song_id, album_id, name, duration_seconds, bpm, track_number) VALUES (2048, 269, 'Later head management', 251, 156, 5);
INSERT INTO album (album_id, artist_id, title, release_year, created_at) VALUES (270, 133, 'User-friendly next generation framework', 1986, NOW());
INSERT INTO song (song_id, album_id, name, duration_seconds, bpm, track_number) VALUES (2049, 270, 'Its', 324, 102, 1);
INSERT INTO song (song_id, album_id, name, duration_seconds, bpm, track_number) VALUES (2050, 270, 'Improve gas gas', 323, 180, 2);
INSERT INTO song (song_id, album_id, name, duration_seconds, bpm, track_number) VALUES (2051, 270, 'Increase', 143, 178, 3);
INSERT INTO song (song_id, album_id, name, duration_seconds, bpm, track_number) VALUES (2052, 270, 'Break', 407, 149, 4);
INSERT INTO song (song_id, album_id, name, duration_seconds, bpm, track_number) VALUES (2053, 270, 'News space', 365, 121, 5);
INSERT INTO song (song_id, album_id, name, duration_seconds, bpm, track_number) VALUES (2054, 270, 'Art American', 267, 179, 6);
INSERT INTO song (song_id, album_id, name, duration_seconds, bpm, track_number) VALUES (2055, 270, 'See', 420, 60, 7);
INSERT INTO song (song_id, album_id, name, duration_seconds, bpm, track_number) VALUES (2056, 270, 'Despite of', 286, 131, 8);
INSERT INTO song (song_id, album_id, name, duration_seconds, bpm, track_number) VALUES (2057, 270, 'Pass', 373, 107, 9);
INSERT INTO song (song_id, album_id, name, duration_seconds, bpm, track_number) VALUES (2058, 270, 'Standard', 232, 109, 10);
INSERT INTO album (album_id, artist_id, title, release_year, created_at) VALUES (271, 134, 'Versatile user-facing Graphic Interface', 2025, NOW());
INSERT INTO song (song_id, album_id, name, duration_seconds, bpm, track_number) VALUES (2059, 271, 'Make charge claim east data', 443, 81, 1);
INSERT INTO song (song_id, album_id, name, duration_seconds, bpm, track_number) VALUES (2060, 271, 'Inside action open million couple', 142, 173, 2);
INSERT INTO song (song_id, album_id, name, duration_seconds, bpm, track_number) VALUES (2061, 271, 'Sure', 190, 78, 3);
INSERT INTO song (song_id, album_id, name, duration_seconds, bpm, track_number) VALUES (2062, 271, 'Cause', 298, 79, 4);
INSERT INTO song (song_id, album_id, name, duration_seconds, bpm, track_number) VALUES (2063, 271, 'Adult player far its', 178, 138, 5);
INSERT INTO song (song_id, album_id, name, duration_seconds, bpm, track_number) VALUES (2064, 271, 'Hand perform', 186, 96, 6);
INSERT INTO album (album_id, artist_id, title, release_year, created_at) VALUES (272, 134, 'Multi-channeled logistical complexity', 2018, NOW());
INSERT INTO song (song_id, album_id, name, duration_seconds, bpm, track_number) VALUES (2065, 272, 'Recently idea', 196, 88, 1);
INSERT INTO song (song_id, album_id, name, duration_seconds, bpm, track_number) VALUES (2066, 272, 'Without impact once small', 145, 82, 2);
INSERT INTO song (song_id, album_id, name, duration_seconds, bpm, track_number) VALUES (2067, 272, 'Officer could', 239, 139, 3);
INSERT INTO song (song_id, album_id, name, duration_seconds, bpm, track_number) VALUES (2068, 272, 'Attorney', 453, 79, 4);
INSERT INTO song (song_id, album_id, name, duration_seconds, bpm, track_number) VALUES (2069, 272, 'Since', 345, 62, 5);
INSERT INTO song (song_id, album_id, name, duration_seconds, bpm, track_number) VALUES (2070, 272, 'Guess feel', 241, 103, 6);
INSERT INTO song (song_id, album_id, name, duration_seconds, bpm, track_number) VALUES (2071, 272, 'Seek', 199, 156, 7);
INSERT INTO song (song_id, album_id, name, duration_seconds, bpm, track_number) VALUES (2072, 272, 'Something', 457, 95, 8);
INSERT INTO song (song_id, album_id, name, duration_seconds, bpm, track_number) VALUES (2073, 272, 'Cultural know', 288, 150, 9);
INSERT INTO song (song_id, album_id, name, duration_seconds, bpm, track_number) VALUES (2074, 272, 'West', 329, 160, 10);
INSERT INTO album (album_id, artist_id, title, release_year, created_at) VALUES (273, 135, 'Quality-focused logistical structure', 1998, NOW());
INSERT INTO song (song_id, album_id, name, duration_seconds, bpm, track_number) VALUES (2075, 273, 'Front', 215, 157, 1);
INSERT INTO song (song_id, album_id, name, duration_seconds, bpm, track_number) VALUES (2076, 273, 'Tonight again professor', 142, 65, 2);
INSERT INTO song (song_id, album_id, name, duration_seconds, bpm, track_number) VALUES (2077, 273, 'Turn make', 353, 83, 3);
INSERT INTO song (song_id, album_id, name, duration_seconds, bpm, track_number) VALUES (2078, 273, 'Operation machine across nearly', 243, 158, 4);
INSERT INTO song (song_id, album_id, name, duration_seconds, bpm, track_number) VALUES (2079, 273, 'Economic effect record', 456, 87, 5);
INSERT INTO song (song_id, album_id, name, duration_seconds, bpm, track_number) VALUES (2080, 273, 'Base', 131, 101, 6);
INSERT INTO song (song_id, album_id, name, duration_seconds, bpm, track_number) VALUES (2081, 273, 'Suffer expect', 238, 172, 7);
INSERT INTO song (song_id, album_id, name, duration_seconds, bpm, track_number) VALUES (2082, 273, 'Weight', 199, 125, 8);
INSERT INTO song (song_id, album_id, name, duration_seconds, bpm, track_number) VALUES (2083, 273, 'Service impact', 366, 147, 9);
INSERT INTO song (song_id, album_id, name, duration_seconds, bpm, track_number) VALUES (2084, 273, 'Development kind identify become', 390, 144, 10);
INSERT INTO album (album_id, artist_id, title, release_year, created_at) VALUES (274, 135, 'Inverse 6thgeneration migration', 2011, NOW());
INSERT INTO song (song_id, album_id, name, duration_seconds, bpm, track_number) VALUES (2085, 274, 'Skin nature', 149, 161, 1);
INSERT INTO song (song_id, album_id, name, duration_seconds, bpm, track_number) VALUES (2086, 274, 'Write while hear', 471, 77, 2);
INSERT INTO song (song_id, album_id, name, duration_seconds, bpm, track_number) VALUES (2087, 274, 'Art begin', 260, 176, 3);
INSERT INTO song (song_id, album_id, name, duration_seconds, bpm, track_number) VALUES (2088, 274, 'Upon', 252, 83, 4);
INSERT INTO song (song_id, album_id, name, duration_seconds, bpm, track_number) VALUES (2089, 274, 'Form', 148, 71, 5);
INSERT INTO song (song_id, album_id, name, duration_seconds, bpm, track_number) VALUES (2090, 274, 'Smile', 267, 123, 6);
INSERT INTO song (song_id, album_id, name, duration_seconds, bpm, track_number) VALUES (2091, 274, 'Dinner design', 279, 139, 7);
INSERT INTO song (song_id, album_id, name, duration_seconds, bpm, track_number) VALUES (2092, 274, 'System now', 147, 127, 8);
INSERT INTO song (song_id, album_id, name, duration_seconds, bpm, track_number) VALUES (2093, 274, 'Trouble', 207, 121, 9);
INSERT INTO song (song_id, album_id, name, duration_seconds, bpm, track_number) VALUES (2094, 274, 'Exist', 406, 159, 10);
INSERT INTO album (album_id, artist_id, title, release_year, created_at) VALUES (275, 135, 'Profound composite model', 2003, NOW());
INSERT INTO song (song_id, album_id, name, duration_seconds, bpm, track_number) VALUES (2095, 275, 'Box yes game', 183, 166, 1);
INSERT INTO song (song_id, album_id, name, duration_seconds, bpm, track_number) VALUES (2096, 275, 'View', 311, 94, 2);
INSERT INTO song (song_id, album_id, name, duration_seconds, bpm, track_number) VALUES (2097, 275, 'Simply', 340, 160, 3);
INSERT INTO song (song_id, album_id, name, duration_seconds, bpm, track_number) VALUES (2098, 275, 'Short toward song day', 441, 140, 4);
INSERT INTO song (song_id, album_id, name, duration_seconds, bpm, track_number) VALUES (2099, 275, 'Kind present home admit eye', 254, 66, 5);
INSERT INTO song (song_id, album_id, name, duration_seconds, bpm, track_number) VALUES (2100, 275, 'Apply', 438, 118, 6);
INSERT INTO song (song_id, album_id, name, duration_seconds, bpm, track_number) VALUES (2101, 275, 'Close', 369, 94, 7);
INSERT INTO song (song_id, album_id, name, duration_seconds, bpm, track_number) VALUES (2102, 275, 'Safe', 377, 170, 8);
INSERT INTO song (song_id, album_id, name, duration_seconds, bpm, track_number) VALUES (2103, 275, 'Money responsibility significant', 123, 104, 9);
INSERT INTO song (song_id, album_id, name, duration_seconds, bpm, track_number) VALUES (2104, 275, 'Explain need treatment', 219, 161, 10);
INSERT INTO album (album_id, artist_id, title, release_year, created_at) VALUES (276, 136, 'Quality-focused actuating synergy', 2003, NOW());
INSERT INTO song (song_id, album_id, name, duration_seconds, bpm, track_number) VALUES (2105, 276, 'Hope', 214, 72, 1);
INSERT INTO song (song_id, album_id, name, duration_seconds, bpm, track_number) VALUES (2106, 276, 'Create', 364, 116, 2);
INSERT INTO song (song_id, album_id, name, duration_seconds, bpm, track_number) VALUES (2107, 276, 'Organization', 478, 172, 3);
INSERT INTO song (song_id, album_id, name, duration_seconds, bpm, track_number) VALUES (2108, 276, 'Radio', 231, 155, 4);
INSERT INTO song (song_id, album_id, name, duration_seconds, bpm, track_number) VALUES (2109, 276, 'Technology audience', 399, 96, 5);
INSERT INTO song (song_id, album_id, name, duration_seconds, bpm, track_number) VALUES (2110, 276, 'Big', 213, 96, 6);
INSERT INTO song (song_id, album_id, name, duration_seconds, bpm, track_number) VALUES (2111, 276, 'Letter nearly short lose glass', 282, 113, 7);
INSERT INTO album (album_id, artist_id, title, release_year, created_at) VALUES (277, 136, 'Optimized zero tolerance conglomeration', 1998, NOW());
INSERT INTO song (song_id, album_id, name, duration_seconds, bpm, track_number) VALUES (2112, 277, 'Two wait miss', 170, 151, 1);
INSERT INTO song (song_id, album_id, name, duration_seconds, bpm, track_number) VALUES (2113, 277, 'Lead Congress', 234, 121, 2);
INSERT INTO song (song_id, album_id, name, duration_seconds, bpm, track_number) VALUES (2114, 277, 'Hear', 315, 95, 3);
INSERT INTO song (song_id, album_id, name, duration_seconds, bpm, track_number) VALUES (2115, 277, 'Likely', 451, 121, 4);
INSERT INTO song (song_id, album_id, name, duration_seconds, bpm, track_number) VALUES (2116, 277, 'Ahead', 365, 99, 5);
INSERT INTO song (song_id, album_id, name, duration_seconds, bpm, track_number) VALUES (2117, 277, 'Star', 451, 156, 6);
INSERT INTO song (song_id, album_id, name, duration_seconds, bpm, track_number) VALUES (2118, 277, 'Claim per stand leave', 139, 121, 7);
INSERT INTO album (album_id, artist_id, title, release_year, created_at) VALUES (278, 136, 'Innovative executive analyzer', 2022, NOW());
INSERT INTO song (song_id, album_id, name, duration_seconds, bpm, track_number) VALUES (2119, 278, 'To', 266, 116, 1);
INSERT INTO song (song_id, album_id, name, duration_seconds, bpm, track_number) VALUES (2120, 278, 'Tough full sing girl', 243, 151, 2);
INSERT INTO song (song_id, album_id, name, duration_seconds, bpm, track_number) VALUES (2121, 278, 'Building man beat meeting that', 401, 146, 3);
INSERT INTO song (song_id, album_id, name, duration_seconds, bpm, track_number) VALUES (2122, 278, 'Pull difficult TV relate', 272, 164, 4);
INSERT INTO song (song_id, album_id, name, duration_seconds, bpm, track_number) VALUES (2123, 278, 'Get fire campaign', 152, 99, 5);
INSERT INTO song (song_id, album_id, name, duration_seconds, bpm, track_number) VALUES (2124, 278, 'She week', 148, 126, 6);
INSERT INTO song (song_id, album_id, name, duration_seconds, bpm, track_number) VALUES (2125, 278, 'Near policy short', 258, 128, 7);
INSERT INTO song (song_id, album_id, name, duration_seconds, bpm, track_number) VALUES (2126, 278, 'Special blue lay example', 345, 60, 8);
INSERT INTO album (album_id, artist_id, title, release_year, created_at) VALUES (279, 137, 'Implemented coherent framework', 1995, NOW());
INSERT INTO song (song_id, album_id, name, duration_seconds, bpm, track_number) VALUES (2127, 279, 'Mrs', 222, 139, 1);
INSERT INTO song (song_id, album_id, name, duration_seconds, bpm, track_number) VALUES (2128, 279, 'Travel', 397, 167, 2);
INSERT INTO song (song_id, album_id, name, duration_seconds, bpm, track_number) VALUES (2129, 279, 'Task lawyer', 292, 119, 3);
INSERT INTO song (song_id, album_id, name, duration_seconds, bpm, track_number) VALUES (2130, 279, 'Other certain', 288, 87, 4);
INSERT INTO song (song_id, album_id, name, duration_seconds, bpm, track_number) VALUES (2131, 279, 'Lead strategy middle mention', 311, 140, 5);
INSERT INTO song (song_id, album_id, name, duration_seconds, bpm, track_number) VALUES (2132, 279, 'Be school again', 461, 82, 6);
INSERT INTO song (song_id, album_id, name, duration_seconds, bpm, track_number) VALUES (2133, 279, 'Sing', 425, 79, 7);
INSERT INTO song (song_id, album_id, name, duration_seconds, bpm, track_number) VALUES (2134, 279, 'Note body', 338, 171, 8);
INSERT INTO song (song_id, album_id, name, duration_seconds, bpm, track_number) VALUES (2135, 279, 'Culture send arrive after', 182, 159, 9);
INSERT INTO album (album_id, artist_id, title, release_year, created_at) VALUES (280, 138, 'Synchronized next generation neural-net', 2015, NOW());
INSERT INTO song (song_id, album_id, name, duration_seconds, bpm, track_number) VALUES (2136, 280, 'Three if kid parent', 460, 120, 1);
INSERT INTO song (song_id, album_id, name, duration_seconds, bpm, track_number) VALUES (2137, 280, 'Describe southern success bit', 459, 93, 2);
INSERT INTO song (song_id, album_id, name, duration_seconds, bpm, track_number) VALUES (2138, 280, 'Rise throw', 241, 70, 3);
INSERT INTO song (song_id, album_id, name, duration_seconds, bpm, track_number) VALUES (2139, 280, 'Full chair consumer', 450, 143, 4);
INSERT INTO song (song_id, album_id, name, duration_seconds, bpm, track_number) VALUES (2140, 280, 'Include', 461, 130, 5);
INSERT INTO song (song_id, album_id, name, duration_seconds, bpm, track_number) VALUES (2141, 280, 'Half', 335, 103, 6);
INSERT INTO song (song_id, album_id, name, duration_seconds, bpm, track_number) VALUES (2142, 280, 'Everybody', 409, 78, 7);
INSERT INTO song (song_id, album_id, name, duration_seconds, bpm, track_number) VALUES (2143, 280, 'Image', 334, 115, 8);
INSERT INTO song (song_id, album_id, name, duration_seconds, bpm, track_number) VALUES (2144, 280, 'Production foot catch strategy research', 398, 63, 9);
INSERT INTO album (album_id, artist_id, title, release_year, created_at) VALUES (281, 138, 'Decentralized radical implementation', 1990, NOW());
INSERT INTO song (song_id, album_id, name, duration_seconds, bpm, track_number) VALUES (2145, 281, 'Foreign', 295, 180, 1);
INSERT INTO song (song_id, album_id, name, duration_seconds, bpm, track_number) VALUES (2146, 281, 'Among trip wide', 120, 156, 2);
INSERT INTO song (song_id, album_id, name, duration_seconds, bpm, track_number) VALUES (2147, 281, 'Matter', 159, 142, 3);
INSERT INTO song (song_id, album_id, name, duration_seconds, bpm, track_number) VALUES (2148, 281, 'Tv market if', 127, 94, 4);
INSERT INTO song (song_id, album_id, name, duration_seconds, bpm, track_number) VALUES (2149, 281, 'Seven', 367, 69, 5);
INSERT INTO song (song_id, album_id, name, duration_seconds, bpm, track_number) VALUES (2150, 281, 'Trial thing', 476, 172, 6);
INSERT INTO song (song_id, album_id, name, duration_seconds, bpm, track_number) VALUES (2151, 281, 'Full between player', 406, 138, 7);
INSERT INTO song (song_id, album_id, name, duration_seconds, bpm, track_number) VALUES (2152, 281, 'But', 185, 169, 8);
INSERT INTO song (song_id, album_id, name, duration_seconds, bpm, track_number) VALUES (2153, 281, 'Run throughout role commercial he', 375, 149, 9);
INSERT INTO album (album_id, artist_id, title, release_year, created_at) VALUES (282, 138, 'Triple-buffered encompassing definition', 1981, NOW());
INSERT INTO song (song_id, album_id, name, duration_seconds, bpm, track_number) VALUES (2154, 282, 'Seem', 350, 146, 1);
INSERT INTO song (song_id, album_id, name, duration_seconds, bpm, track_number) VALUES (2155, 282, 'Whole', 404, 112, 2);
INSERT INTO song (song_id, album_id, name, duration_seconds, bpm, track_number) VALUES (2156, 282, 'Turn project', 152, 124, 3);
INSERT INTO song (song_id, album_id, name, duration_seconds, bpm, track_number) VALUES (2157, 282, 'Why manager gas time or', 401, 115, 4);
INSERT INTO song (song_id, album_id, name, duration_seconds, bpm, track_number) VALUES (2158, 282, 'Air', 187, 161, 5);
INSERT INTO song (song_id, album_id, name, duration_seconds, bpm, track_number) VALUES (2159, 282, 'Age skill strategy power', 198, 106, 6);
INSERT INTO song (song_id, album_id, name, duration_seconds, bpm, track_number) VALUES (2160, 282, 'Thousand subject', 169, 138, 7);
INSERT INTO song (song_id, album_id, name, duration_seconds, bpm, track_number) VALUES (2161, 282, 'Loss short party', 240, 168, 8);
INSERT INTO album (album_id, artist_id, title, release_year, created_at) VALUES (283, 139, 'Visionary value-added focus group', 1977, NOW());
INSERT INTO song (song_id, album_id, name, duration_seconds, bpm, track_number) VALUES (2162, 283, 'Job test', 302, 105, 1);
INSERT INTO song (song_id, album_id, name, duration_seconds, bpm, track_number) VALUES (2163, 283, 'Choose thing', 180, 121, 2);
INSERT INTO song (song_id, album_id, name, duration_seconds, bpm, track_number) VALUES (2164, 283, 'Part', 461, 70, 3);
INSERT INTO song (song_id, album_id, name, duration_seconds, bpm, track_number) VALUES (2165, 283, 'Ready', 229, 145, 4);
INSERT INTO song (song_id, album_id, name, duration_seconds, bpm, track_number) VALUES (2166, 283, 'Popular wear light best', 220, 152, 5);
INSERT INTO song (song_id, album_id, name, duration_seconds, bpm, track_number) VALUES (2167, 283, 'What difference down', 387, 105, 6);
INSERT INTO album (album_id, artist_id, title, release_year, created_at) VALUES (284, 139, 'Vision-oriented high-level encoding', 2008, NOW());
INSERT INTO song (song_id, album_id, name, duration_seconds, bpm, track_number) VALUES (2168, 284, 'Turn', 378, 63, 1);
INSERT INTO song (song_id, album_id, name, duration_seconds, bpm, track_number) VALUES (2169, 284, 'Response both', 235, 173, 2);
INSERT INTO song (song_id, album_id, name, duration_seconds, bpm, track_number) VALUES (2170, 284, 'Identify able prove article', 154, 66, 3);
INSERT INTO song (song_id, album_id, name, duration_seconds, bpm, track_number) VALUES (2171, 284, 'Reach eye', 384, 101, 4);
INSERT INTO song (song_id, album_id, name, duration_seconds, bpm, track_number) VALUES (2172, 284, 'Research', 475, 83, 5);
INSERT INTO album (album_id, artist_id, title, release_year, created_at) VALUES (285, 139, 'Compatible disintermediate synergy', 1978, NOW());
INSERT INTO song (song_id, album_id, name, duration_seconds, bpm, track_number) VALUES (2173, 285, 'Describe', 391, 177, 1);
INSERT INTO song (song_id, album_id, name, duration_seconds, bpm, track_number) VALUES (2174, 285, 'Direction allow indicate', 277, 143, 2);
INSERT INTO song (song_id, album_id, name, duration_seconds, bpm, track_number) VALUES (2175, 285, 'Trial medical', 360, 154, 3);
INSERT INTO song (song_id, album_id, name, duration_seconds, bpm, track_number) VALUES (2176, 285, 'Yes finally boy', 321, 125, 4);
INSERT INTO song (song_id, album_id, name, duration_seconds, bpm, track_number) VALUES (2177, 285, 'Money herself large he', 233, 90, 5);
INSERT INTO album (album_id, artist_id, title, release_year, created_at) VALUES (286, 140, 'Operative actuating knowledgebase', 2019, NOW());
INSERT INTO song (song_id, album_id, name, duration_seconds, bpm, track_number) VALUES (2178, 286, 'Tv myself city training', 441, 75, 1);
INSERT INTO song (song_id, album_id, name, duration_seconds, bpm, track_number) VALUES (2179, 286, 'Simply', 335, 159, 2);
INSERT INTO song (song_id, album_id, name, duration_seconds, bpm, track_number) VALUES (2180, 286, 'Top', 134, 111, 3);
INSERT INTO song (song_id, album_id, name, duration_seconds, bpm, track_number) VALUES (2181, 286, 'Tonight mother level', 385, 128, 4);
INSERT INTO song (song_id, album_id, name, duration_seconds, bpm, track_number) VALUES (2182, 286, 'Medical', 198, 115, 5);
INSERT INTO song (song_id, album_id, name, duration_seconds, bpm, track_number) VALUES (2183, 286, 'Home concern he', 391, 159, 6);
INSERT INTO song (song_id, album_id, name, duration_seconds, bpm, track_number) VALUES (2184, 286, 'Statement', 424, 145, 7);
INSERT INTO song (song_id, album_id, name, duration_seconds, bpm, track_number) VALUES (2185, 286, 'Onto real day', 354, 169, 8);
INSERT INTO song (song_id, album_id, name, duration_seconds, bpm, track_number) VALUES (2186, 286, 'Just however', 168, 151, 9);
INSERT INTO song (song_id, album_id, name, duration_seconds, bpm, track_number) VALUES (2187, 286, 'Understand', 193, 104, 10);
INSERT INTO album (album_id, artist_id, title, release_year, created_at) VALUES (287, 141, 'Networked responsive open architecture', 1980, NOW());
INSERT INTO song (song_id, album_id, name, duration_seconds, bpm, track_number) VALUES (2188, 287, 'Sport', 247, 84, 1);
INSERT INTO song (song_id, album_id, name, duration_seconds, bpm, track_number) VALUES (2189, 287, 'Of remain describe whom', 289, 158, 2);
INSERT INTO song (song_id, album_id, name, duration_seconds, bpm, track_number) VALUES (2190, 287, 'Page human', 369, 134, 3);
INSERT INTO song (song_id, album_id, name, duration_seconds, bpm, track_number) VALUES (2191, 287, 'Step help same land fire', 187, 174, 4);
INSERT INTO song (song_id, album_id, name, duration_seconds, bpm, track_number) VALUES (2192, 287, 'Past', 209, 179, 5);
INSERT INTO song (song_id, album_id, name, duration_seconds, bpm, track_number) VALUES (2193, 287, 'Cause', 230, 104, 6);
INSERT INTO album (album_id, artist_id, title, release_year, created_at) VALUES (288, 141, 'Polarized upward-trending process improvement', 1972, NOW());
INSERT INTO song (song_id, album_id, name, duration_seconds, bpm, track_number) VALUES (2194, 288, 'Become left from field', 198, 108, 1);
INSERT INTO song (song_id, album_id, name, duration_seconds, bpm, track_number) VALUES (2195, 288, 'Box card', 298, 113, 2);
INSERT INTO song (song_id, album_id, name, duration_seconds, bpm, track_number) VALUES (2196, 288, 'Foot', 386, 100, 3);
INSERT INTO song (song_id, album_id, name, duration_seconds, bpm, track_number) VALUES (2197, 288, 'Treat', 368, 120, 4);
INSERT INTO song (song_id, album_id, name, duration_seconds, bpm, track_number) VALUES (2198, 288, 'He daughter wear', 192, 122, 5);
INSERT INTO song (song_id, album_id, name, duration_seconds, bpm, track_number) VALUES (2199, 288, 'Stay during', 238, 112, 6);
INSERT INTO song (song_id, album_id, name, duration_seconds, bpm, track_number) VALUES (2200, 288, 'Fear cover', 251, 155, 7);
INSERT INTO song (song_id, album_id, name, duration_seconds, bpm, track_number) VALUES (2201, 288, 'Project beautiful', 266, 161, 8);
INSERT INTO album (album_id, artist_id, title, release_year, created_at) VALUES (289, 141, 'Synchronized next generation matrices', 2007, NOW());
INSERT INTO song (song_id, album_id, name, duration_seconds, bpm, track_number) VALUES (2202, 289, 'Technology lead break', 374, 106, 1);
INSERT INTO song (song_id, album_id, name, duration_seconds, bpm, track_number) VALUES (2203, 289, 'Decision wonder', 371, 173, 2);
INSERT INTO song (song_id, album_id, name, duration_seconds, bpm, track_number) VALUES (2204, 289, 'Outside wide', 227, 158, 3);
INSERT INTO song (song_id, album_id, name, duration_seconds, bpm, track_number) VALUES (2205, 289, 'Set world', 430, 82, 4);
INSERT INTO song (song_id, album_id, name, duration_seconds, bpm, track_number) VALUES (2206, 289, 'Item campaign include', 324, 95, 5);
INSERT INTO song (song_id, album_id, name, duration_seconds, bpm, track_number) VALUES (2207, 289, 'Research', 392, 155, 6);
INSERT INTO song (song_id, album_id, name, duration_seconds, bpm, track_number) VALUES (2208, 289, 'Industry party', 195, 73, 7);
INSERT INTO song (song_id, album_id, name, duration_seconds, bpm, track_number) VALUES (2209, 289, 'Follow', 470, 121, 8);
INSERT INTO song (song_id, album_id, name, duration_seconds, bpm, track_number) VALUES (2210, 289, 'However', 377, 84, 9);
INSERT INTO album (album_id, artist_id, title, release_year, created_at) VALUES (290, 142, 'Enterprise-wide asymmetric knowledge user', 2023, NOW());
INSERT INTO song (song_id, album_id, name, duration_seconds, bpm, track_number) VALUES (2211, 290, 'Nature consumer', 387, 77, 1);
INSERT INTO song (song_id, album_id, name, duration_seconds, bpm, track_number) VALUES (2212, 290, 'Sense', 292, 76, 2);
INSERT INTO song (song_id, album_id, name, duration_seconds, bpm, track_number) VALUES (2213, 290, 'Difference', 222, 115, 3);
INSERT INTO song (song_id, album_id, name, duration_seconds, bpm, track_number) VALUES (2214, 290, 'Focus candidate stop size', 258, 101, 4);
INSERT INTO song (song_id, album_id, name, duration_seconds, bpm, track_number) VALUES (2215, 290, 'Year', 419, 117, 5);
INSERT INTO song (song_id, album_id, name, duration_seconds, bpm, track_number) VALUES (2216, 290, 'Find', 315, 97, 6);
INSERT INTO song (song_id, album_id, name, duration_seconds, bpm, track_number) VALUES (2217, 290, 'Fear', 149, 101, 7);
INSERT INTO album (album_id, artist_id, title, release_year, created_at) VALUES (291, 142, 'Polarized context-sensitive orchestration', 1978, NOW());
INSERT INTO song (song_id, album_id, name, duration_seconds, bpm, track_number) VALUES (2218, 291, 'Memory', 125, 71, 1);
INSERT INTO song (song_id, album_id, name, duration_seconds, bpm, track_number) VALUES (2219, 291, 'Fire', 342, 68, 2);
INSERT INTO song (song_id, album_id, name, duration_seconds, bpm, track_number) VALUES (2220, 291, 'History', 234, 144, 3);
INSERT INTO song (song_id, album_id, name, duration_seconds, bpm, track_number) VALUES (2221, 291, 'Enough all', 131, 81, 4);
INSERT INTO song (song_id, album_id, name, duration_seconds, bpm, track_number) VALUES (2222, 291, 'President', 454, 173, 5);
INSERT INTO song (song_id, album_id, name, duration_seconds, bpm, track_number) VALUES (2223, 291, 'Sound', 204, 149, 6);
INSERT INTO album (album_id, artist_id, title, release_year, created_at) VALUES (292, 142, 'Cross-group next generation intranet', 2012, NOW());
INSERT INTO song (song_id, album_id, name, duration_seconds, bpm, track_number) VALUES (2224, 292, 'Suggest', 360, 104, 1);
INSERT INTO song (song_id, album_id, name, duration_seconds, bpm, track_number) VALUES (2225, 292, 'Still western blue true way', 164, 86, 2);
INSERT INTO song (song_id, album_id, name, duration_seconds, bpm, track_number) VALUES (2226, 292, 'Wish free', 382, 91, 3);
INSERT INTO song (song_id, album_id, name, duration_seconds, bpm, track_number) VALUES (2227, 292, 'Yet', 404, 139, 4);
INSERT INTO song (song_id, album_id, name, duration_seconds, bpm, track_number) VALUES (2228, 292, 'Entire manage cause', 444, 153, 5);
INSERT INTO song (song_id, album_id, name, duration_seconds, bpm, track_number) VALUES (2229, 292, 'Today than read', 408, 177, 6);
INSERT INTO song (song_id, album_id, name, duration_seconds, bpm, track_number) VALUES (2230, 292, 'Oil month', 208, 153, 7);
INSERT INTO song (song_id, album_id, name, duration_seconds, bpm, track_number) VALUES (2231, 292, 'Require', 333, 121, 8);
INSERT INTO album (album_id, artist_id, title, release_year, created_at) VALUES (293, 143, 'Streamlined real-time info-mediaries', 2005, NOW());
INSERT INTO song (song_id, album_id, name, duration_seconds, bpm, track_number) VALUES (2232, 293, 'Scientist', 189, 86, 1);
INSERT INTO song (song_id, album_id, name, duration_seconds, bpm, track_number) VALUES (2233, 293, 'If forward', 241, 174, 2);
INSERT INTO song (song_id, album_id, name, duration_seconds, bpm, track_number) VALUES (2234, 293, 'Including', 276, 142, 3);
INSERT INTO song (song_id, album_id, name, duration_seconds, bpm, track_number) VALUES (2235, 293, 'Attorney age strong positive', 381, 178, 4);
INSERT INTO song (song_id, album_id, name, duration_seconds, bpm, track_number) VALUES (2236, 293, 'Rather base several', 282, 134, 5);
INSERT INTO song (song_id, album_id, name, duration_seconds, bpm, track_number) VALUES (2237, 293, 'Often model', 231, 121, 6);
INSERT INTO album (album_id, artist_id, title, release_year, created_at) VALUES (294, 144, 'Face-to-face foreground throughput', 2003, NOW());
INSERT INTO song (song_id, album_id, name, duration_seconds, bpm, track_number) VALUES (2238, 294, 'Quickly word center', 324, 169, 1);
INSERT INTO song (song_id, album_id, name, duration_seconds, bpm, track_number) VALUES (2239, 294, 'Light', 222, 167, 2);
INSERT INTO song (song_id, album_id, name, duration_seconds, bpm, track_number) VALUES (2240, 294, 'Form', 444, 65, 3);
INSERT INTO song (song_id, album_id, name, duration_seconds, bpm, track_number) VALUES (2241, 294, 'Morning', 455, 137, 4);
INSERT INTO song (song_id, album_id, name, duration_seconds, bpm, track_number) VALUES (2242, 294, 'Series total', 368, 132, 5);
INSERT INTO song (song_id, album_id, name, duration_seconds, bpm, track_number) VALUES (2243, 294, 'Us use', 324, 124, 6);
INSERT INTO song (song_id, album_id, name, duration_seconds, bpm, track_number) VALUES (2244, 294, 'Believe attack certain rise note', 182, 89, 7);
INSERT INTO song (song_id, album_id, name, duration_seconds, bpm, track_number) VALUES (2245, 294, 'Key happen', 320, 163, 8);
INSERT INTO album (album_id, artist_id, title, release_year, created_at) VALUES (295, 144, 'Integrated solution-oriented core', 2018, NOW());
INSERT INTO song (song_id, album_id, name, duration_seconds, bpm, track_number) VALUES (2246, 295, 'Heart push notice hope', 229, 110, 1);
INSERT INTO song (song_id, album_id, name, duration_seconds, bpm, track_number) VALUES (2247, 295, 'In data authority', 474, 60, 2);
INSERT INTO song (song_id, album_id, name, duration_seconds, bpm, track_number) VALUES (2248, 295, 'Machine', 151, 93, 3);
INSERT INTO song (song_id, album_id, name, duration_seconds, bpm, track_number) VALUES (2249, 295, 'Inside happen', 463, 150, 4);
INSERT INTO song (song_id, album_id, name, duration_seconds, bpm, track_number) VALUES (2250, 295, 'Everybody power store', 231, 174, 5);
INSERT INTO song (song_id, album_id, name, duration_seconds, bpm, track_number) VALUES (2251, 295, 'Put', 228, 74, 6);
INSERT INTO song (song_id, album_id, name, duration_seconds, bpm, track_number) VALUES (2252, 295, 'Word prevent bank magazine', 290, 119, 7);
INSERT INTO song (song_id, album_id, name, duration_seconds, bpm, track_number) VALUES (2253, 295, 'High middle moment environment share', 312, 140, 8);
INSERT INTO song (song_id, album_id, name, duration_seconds, bpm, track_number) VALUES (2254, 295, 'Parent side answer early', 144, 123, 9);
INSERT INTO song (song_id, album_id, name, duration_seconds, bpm, track_number) VALUES (2255, 295, 'Consumer large rock training', 302, 84, 10);
INSERT INTO album (album_id, artist_id, title, release_year, created_at) VALUES (296, 145, 'Sharable upward-trending approach', 1998, NOW());
INSERT INTO song (song_id, album_id, name, duration_seconds, bpm, track_number) VALUES (2256, 296, 'Level pattern', 351, 168, 1);
INSERT INTO song (song_id, album_id, name, duration_seconds, bpm, track_number) VALUES (2257, 296, 'Sit', 319, 89, 2);
INSERT INTO song (song_id, album_id, name, duration_seconds, bpm, track_number) VALUES (2258, 296, 'Source west reflect provide resource', 287, 100, 3);
INSERT INTO song (song_id, album_id, name, duration_seconds, bpm, track_number) VALUES (2259, 296, 'Market good', 428, 143, 4);
INSERT INTO song (song_id, album_id, name, duration_seconds, bpm, track_number) VALUES (2260, 296, 'Say movement ask', 162, 102, 5);
INSERT INTO song (song_id, album_id, name, duration_seconds, bpm, track_number) VALUES (2261, 296, 'Year', 444, 169, 6);
INSERT INTO song (song_id, album_id, name, duration_seconds, bpm, track_number) VALUES (2262, 296, 'Blue', 375, 147, 7);
INSERT INTO album (album_id, artist_id, title, release_year, created_at) VALUES (297, 145, 'Intuitive 24/7 algorithm', 2019, NOW());
INSERT INTO song (song_id, album_id, name, duration_seconds, bpm, track_number) VALUES (2263, 297, 'Vote nice defense', 280, 170, 1);
INSERT INTO song (song_id, album_id, name, duration_seconds, bpm, track_number) VALUES (2264, 297, 'Investment player feeling military', 123, 123, 2);
INSERT INTO song (song_id, album_id, name, duration_seconds, bpm, track_number) VALUES (2265, 297, 'White', 463, 171, 3);
INSERT INTO song (song_id, album_id, name, duration_seconds, bpm, track_number) VALUES (2266, 297, 'Give test', 283, 74, 4);
INSERT INTO song (song_id, album_id, name, duration_seconds, bpm, track_number) VALUES (2267, 297, 'Age notice beat during', 417, 133, 5);
INSERT INTO song (song_id, album_id, name, duration_seconds, bpm, track_number) VALUES (2268, 297, 'Chance', 127, 62, 6);
INSERT INTO song (song_id, album_id, name, duration_seconds, bpm, track_number) VALUES (2269, 297, 'Couple century notice huge', 310, 144, 7);
INSERT INTO album (album_id, artist_id, title, release_year, created_at) VALUES (298, 146, 'Compatible methodical hierarchy', 1984, NOW());
INSERT INTO song (song_id, album_id, name, duration_seconds, bpm, track_number) VALUES (2270, 298, 'Sense realize', 315, 151, 1);
INSERT INTO song (song_id, album_id, name, duration_seconds, bpm, track_number) VALUES (2271, 298, 'Into agreement body official', 195, 71, 2);
INSERT INTO song (song_id, album_id, name, duration_seconds, bpm, track_number) VALUES (2272, 298, 'Now', 144, 158, 3);
INSERT INTO song (song_id, album_id, name, duration_seconds, bpm, track_number) VALUES (2273, 298, 'Even', 180, 156, 4);
INSERT INTO song (song_id, album_id, name, duration_seconds, bpm, track_number) VALUES (2274, 298, 'Accept', 316, 62, 5);
INSERT INTO song (song_id, album_id, name, duration_seconds, bpm, track_number) VALUES (2275, 298, 'Foreign', 408, 146, 6);
INSERT INTO song (song_id, album_id, name, duration_seconds, bpm, track_number) VALUES (2276, 298, 'However picture tax until', 385, 163, 7);
INSERT INTO song (song_id, album_id, name, duration_seconds, bpm, track_number) VALUES (2277, 298, 'Bill every person camera range', 361, 150, 8);
INSERT INTO album (album_id, artist_id, title, release_year, created_at) VALUES (299, 146, 'Synergized national hardware', 2021, NOW());
INSERT INTO song (song_id, album_id, name, duration_seconds, bpm, track_number) VALUES (2278, 299, 'After hot', 229, 98, 1);
INSERT INTO song (song_id, album_id, name, duration_seconds, bpm, track_number) VALUES (2279, 299, 'Figure good room', 263, 116, 2);
INSERT INTO song (song_id, album_id, name, duration_seconds, bpm, track_number) VALUES (2280, 299, 'Blood alone west', 142, 118, 3);
INSERT INTO song (song_id, album_id, name, duration_seconds, bpm, track_number) VALUES (2281, 299, 'How', 140, 113, 4);
INSERT INTO song (song_id, album_id, name, duration_seconds, bpm, track_number) VALUES (2282, 299, 'Answer', 129, 168, 5);
INSERT INTO song (song_id, album_id, name, duration_seconds, bpm, track_number) VALUES (2283, 299, 'Crime', 463, 99, 6);
INSERT INTO album (album_id, artist_id, title, release_year, created_at) VALUES (300, 146, 'Balanced clear-thinking flexibility', 2004, NOW());
INSERT INTO song (song_id, album_id, name, duration_seconds, bpm, track_number) VALUES (2284, 300, 'Game', 268, 94, 1);
INSERT INTO song (song_id, album_id, name, duration_seconds, bpm, track_number) VALUES (2285, 300, 'Compare realize', 212, 132, 2);
INSERT INTO song (song_id, album_id, name, duration_seconds, bpm, track_number) VALUES (2286, 300, 'Drug contain management', 337, 74, 3);
INSERT INTO song (song_id, album_id, name, duration_seconds, bpm, track_number) VALUES (2287, 300, 'Rate', 380, 103, 4);
INSERT INTO song (song_id, album_id, name, duration_seconds, bpm, track_number) VALUES (2288, 300, 'Agreement', 268, 139, 5);
INSERT INTO song (song_id, album_id, name, duration_seconds, bpm, track_number) VALUES (2289, 300, 'Assume although race', 146, 80, 6);
INSERT INTO song (song_id, album_id, name, duration_seconds, bpm, track_number) VALUES (2290, 300, 'Form child foreign', 370, 137, 7);
INSERT INTO song (song_id, album_id, name, duration_seconds, bpm, track_number) VALUES (2291, 300, 'Small', 421, 84, 8);
INSERT INTO song (song_id, album_id, name, duration_seconds, bpm, track_number) VALUES (2292, 300, 'Paper', 384, 125, 9);
INSERT INTO album (album_id, artist_id, title, release_year, created_at) VALUES (301, 147, 'Reverse-engineered bifurcated migration', 1985, NOW());
INSERT INTO song (song_id, album_id, name, duration_seconds, bpm, track_number) VALUES (2293, 301, 'Someone', 132, 126, 1);
INSERT INTO song (song_id, album_id, name, duration_seconds, bpm, track_number) VALUES (2294, 301, 'Prove Republican', 274, 121, 2);
INSERT INTO song (song_id, album_id, name, duration_seconds, bpm, track_number) VALUES (2295, 301, 'Effort', 344, 153, 3);
INSERT INTO song (song_id, album_id, name, duration_seconds, bpm, track_number) VALUES (2296, 301, 'Of dinner', 292, 125, 4);
INSERT INTO song (song_id, album_id, name, duration_seconds, bpm, track_number) VALUES (2297, 301, 'Bill quickly foot', 162, 105, 5);
INSERT INTO song (song_id, album_id, name, duration_seconds, bpm, track_number) VALUES (2298, 301, 'Yeah', 293, 105, 6);
INSERT INTO song (song_id, album_id, name, duration_seconds, bpm, track_number) VALUES (2299, 301, 'Travel', 181, 137, 7);
INSERT INTO album (album_id, artist_id, title, release_year, created_at) VALUES (302, 147, 'Enhanced attitude-oriented firmware', 2012, NOW());
INSERT INTO song (song_id, album_id, name, duration_seconds, bpm, track_number) VALUES (2300, 302, 'Any someone', 129, 144, 1);
INSERT INTO song (song_id, album_id, name, duration_seconds, bpm, track_number) VALUES (2301, 302, 'Own analysis', 320, 156, 2);
INSERT INTO song (song_id, album_id, name, duration_seconds, bpm, track_number) VALUES (2302, 302, 'Chance', 127, 91, 3);
INSERT INTO song (song_id, album_id, name, duration_seconds, bpm, track_number) VALUES (2303, 302, 'Personal should usually', 463, 180, 4);
INSERT INTO song (song_id, album_id, name, duration_seconds, bpm, track_number) VALUES (2304, 302, 'Catch cold', 165, 85, 5);
INSERT INTO song (song_id, album_id, name, duration_seconds, bpm, track_number) VALUES (2305, 302, 'Accept', 356, 83, 6);
INSERT INTO album (album_id, artist_id, title, release_year, created_at) VALUES (303, 147, 'Expanded multi-state instruction set', 2012, NOW());
INSERT INTO song (song_id, album_id, name, duration_seconds, bpm, track_number) VALUES (2306, 303, 'Not least', 133, 133, 1);
INSERT INTO song (song_id, album_id, name, duration_seconds, bpm, track_number) VALUES (2307, 303, 'Kid', 188, 77, 2);
INSERT INTO song (song_id, album_id, name, duration_seconds, bpm, track_number) VALUES (2308, 303, 'Care', 175, 179, 3);
INSERT INTO song (song_id, album_id, name, duration_seconds, bpm, track_number) VALUES (2309, 303, 'Source our', 303, 79, 4);
INSERT INTO song (song_id, album_id, name, duration_seconds, bpm, track_number) VALUES (2310, 303, 'Majority', 152, 152, 5);
INSERT INTO song (song_id, album_id, name, duration_seconds, bpm, track_number) VALUES (2311, 303, 'Red west show exactly', 293, 137, 6);
INSERT INTO song (song_id, album_id, name, duration_seconds, bpm, track_number) VALUES (2312, 303, 'This tonight claim white car', 172, 157, 7);
INSERT INTO album (album_id, artist_id, title, release_year, created_at) VALUES (304, 148, 'Secured mission-critical focus group', 1995, NOW());
INSERT INTO song (song_id, album_id, name, duration_seconds, bpm, track_number) VALUES (2313, 304, 'Campaign star forward', 156, 143, 1);
INSERT INTO song (song_id, album_id, name, duration_seconds, bpm, track_number) VALUES (2314, 304, 'Media teacher', 452, 136, 2);
INSERT INTO song (song_id, album_id, name, duration_seconds, bpm, track_number) VALUES (2315, 304, 'Commercial wish enjoy', 474, 96, 3);
INSERT INTO song (song_id, album_id, name, duration_seconds, bpm, track_number) VALUES (2316, 304, 'Red recent away', 221, 129, 4);
INSERT INTO song (song_id, album_id, name, duration_seconds, bpm, track_number) VALUES (2317, 304, 'Talk', 189, 131, 5);
INSERT INTO album (album_id, artist_id, title, release_year, created_at) VALUES (305, 148, 'Team-oriented dynamic capability', 1983, NOW());
INSERT INTO song (song_id, album_id, name, duration_seconds, bpm, track_number) VALUES (2318, 305, 'Front late friend', 263, 77, 1);
INSERT INTO song (song_id, album_id, name, duration_seconds, bpm, track_number) VALUES (2319, 305, 'Last traditional break', 249, 153, 2);
INSERT INTO song (song_id, album_id, name, duration_seconds, bpm, track_number) VALUES (2320, 305, 'Everything', 390, 122, 3);
INSERT INTO song (song_id, album_id, name, duration_seconds, bpm, track_number) VALUES (2321, 305, 'Grow', 263, 92, 4);
INSERT INTO song (song_id, album_id, name, duration_seconds, bpm, track_number) VALUES (2322, 305, 'Stop feeling call', 180, 104, 5);
INSERT INTO song (song_id, album_id, name, duration_seconds, bpm, track_number) VALUES (2323, 305, 'Suggest home', 288, 65, 6);
INSERT INTO song (song_id, album_id, name, duration_seconds, bpm, track_number) VALUES (2324, 305, 'Off', 275, 130, 7);
INSERT INTO song (song_id, album_id, name, duration_seconds, bpm, track_number) VALUES (2325, 305, 'Identify', 229, 61, 8);
INSERT INTO song (song_id, album_id, name, duration_seconds, bpm, track_number) VALUES (2326, 305, 'Executive group experience western', 472, 99, 9);
INSERT INTO album (album_id, artist_id, title, release_year, created_at) VALUES (306, 148, 'Multi-layered analyzing array', 1974, NOW());
INSERT INTO song (song_id, album_id, name, duration_seconds, bpm, track_number) VALUES (2327, 306, 'Factor who', 449, 148, 1);
INSERT INTO song (song_id, album_id, name, duration_seconds, bpm, track_number) VALUES (2328, 306, 'Program', 257, 82, 2);
INSERT INTO song (song_id, album_id, name, duration_seconds, bpm, track_number) VALUES (2329, 306, 'Treatment ago', 410, 138, 3);
INSERT INTO song (song_id, album_id, name, duration_seconds, bpm, track_number) VALUES (2330, 306, 'Total be respond', 288, 142, 4);
INSERT INTO song (song_id, album_id, name, duration_seconds, bpm, track_number) VALUES (2331, 306, 'Beat reduce', 171, 162, 5);
INSERT INTO song (song_id, album_id, name, duration_seconds, bpm, track_number) VALUES (2332, 306, 'Nor station', 122, 147, 6);
INSERT INTO song (song_id, album_id, name, duration_seconds, bpm, track_number) VALUES (2333, 306, 'There back agency', 293, 103, 7);
INSERT INTO album (album_id, artist_id, title, release_year, created_at) VALUES (307, 149, 'Right-sized well-modulated Graphic Interface', 2006, NOW());
INSERT INTO song (song_id, album_id, name, duration_seconds, bpm, track_number) VALUES (2334, 307, 'Record', 144, 104, 1);
INSERT INTO song (song_id, album_id, name, duration_seconds, bpm, track_number) VALUES (2335, 307, 'Page', 456, 88, 2);
INSERT INTO song (song_id, album_id, name, duration_seconds, bpm, track_number) VALUES (2336, 307, 'Season decade write', 229, 99, 3);
INSERT INTO song (song_id, album_id, name, duration_seconds, bpm, track_number) VALUES (2337, 307, 'Physical player know', 225, 122, 4);
INSERT INTO song (song_id, album_id, name, duration_seconds, bpm, track_number) VALUES (2338, 307, 'Return', 163, 67, 5);
INSERT INTO song (song_id, album_id, name, duration_seconds, bpm, track_number) VALUES (2339, 307, 'Myself ten million above', 291, 85, 6);
INSERT INTO album (album_id, artist_id, title, release_year, created_at) VALUES (308, 149, 'Stand-alone grid-enabled instruction set', 1975, NOW());
INSERT INTO song (song_id, album_id, name, duration_seconds, bpm, track_number) VALUES (2340, 308, 'Last onto young', 471, 119, 1);
INSERT INTO song (song_id, album_id, name, duration_seconds, bpm, track_number) VALUES (2341, 308, 'Gun security fear', 397, 76, 2);
INSERT INTO song (song_id, album_id, name, duration_seconds, bpm, track_number) VALUES (2342, 308, 'Save serious yourself', 380, 169, 3);
INSERT INTO song (song_id, album_id, name, duration_seconds, bpm, track_number) VALUES (2343, 308, 'Follow', 408, 69, 4);
INSERT INTO song (song_id, album_id, name, duration_seconds, bpm, track_number) VALUES (2344, 308, 'Meeting view fight', 280, 128, 5);
INSERT INTO song (song_id, album_id, name, duration_seconds, bpm, track_number) VALUES (2345, 308, 'Book size wind help yes', 186, 74, 6);
INSERT INTO song (song_id, album_id, name, duration_seconds, bpm, track_number) VALUES (2346, 308, 'Religious', 137, 119, 7);
INSERT INTO song (song_id, album_id, name, duration_seconds, bpm, track_number) VALUES (2347, 308, 'Without none two price', 392, 148, 8);
INSERT INTO song (song_id, album_id, name, duration_seconds, bpm, track_number) VALUES (2348, 308, 'Next bar dog describe', 420, 79, 9);
INSERT INTO song (song_id, album_id, name, duration_seconds, bpm, track_number) VALUES (2349, 308, 'Behind', 356, 80, 10);
INSERT INTO album (album_id, artist_id, title, release_year, created_at) VALUES (309, 149, 'Open-architected web-enabled collaboration', 1971, NOW());
INSERT INTO song (song_id, album_id, name, duration_seconds, bpm, track_number) VALUES (2350, 309, 'Building person friend like its', 447, 105, 1);
INSERT INTO song (song_id, album_id, name, duration_seconds, bpm, track_number) VALUES (2351, 309, 'White', 120, 142, 2);
INSERT INTO song (song_id, album_id, name, duration_seconds, bpm, track_number) VALUES (2352, 309, 'Account career sort common', 321, 92, 3);
INSERT INTO song (song_id, album_id, name, duration_seconds, bpm, track_number) VALUES (2353, 309, 'Perhaps note', 321, 161, 4);
INSERT INTO song (song_id, album_id, name, duration_seconds, bpm, track_number) VALUES (2354, 309, 'Ago involve sound', 416, 141, 5);
INSERT INTO song (song_id, album_id, name, duration_seconds, bpm, track_number) VALUES (2355, 309, 'Tv strong', 313, 62, 6);
INSERT INTO song (song_id, album_id, name, duration_seconds, bpm, track_number) VALUES (2356, 309, 'Who', 336, 110, 7);
INSERT INTO song (song_id, album_id, name, duration_seconds, bpm, track_number) VALUES (2357, 309, 'Many decide especially', 235, 148, 8);
INSERT INTO song (song_id, album_id, name, duration_seconds, bpm, track_number) VALUES (2358, 309, 'Attorney', 149, 63, 9);
INSERT INTO song (song_id, album_id, name, duration_seconds, bpm, track_number) VALUES (2359, 309, 'Per', 322, 85, 10);
INSERT INTO album (album_id, artist_id, title, release_year, created_at) VALUES (310, 150, 'Compatible foreground benchmark', 2024, NOW());
INSERT INTO song (song_id, album_id, name, duration_seconds, bpm, track_number) VALUES (2360, 310, 'Protect', 315, 104, 1);
INSERT INTO song (song_id, album_id, name, duration_seconds, bpm, track_number) VALUES (2361, 310, 'Cold save', 395, 121, 2);
INSERT INTO song (song_id, album_id, name, duration_seconds, bpm, track_number) VALUES (2362, 310, 'Onto', 247, 113, 3);
INSERT INTO song (song_id, album_id, name, duration_seconds, bpm, track_number) VALUES (2363, 310, 'Yes', 133, 69, 4);
INSERT INTO song (song_id, album_id, name, duration_seconds, bpm, track_number) VALUES (2364, 310, 'Believe serious', 456, 158, 5);
INSERT INTO album (album_id, artist_id, title, release_year, created_at) VALUES (311, 150, 'Organized even-keeled functionalities', 1991, NOW());
INSERT INTO song (song_id, album_id, name, duration_seconds, bpm, track_number) VALUES (2365, 311, 'Crime model', 368, 116, 1);
INSERT INTO song (song_id, album_id, name, duration_seconds, bpm, track_number) VALUES (2366, 311, 'Live', 441, 88, 2);
INSERT INTO song (song_id, album_id, name, duration_seconds, bpm, track_number) VALUES (2367, 311, 'Citizen sell', 457, 93, 3);
INSERT INTO song (song_id, album_id, name, duration_seconds, bpm, track_number) VALUES (2368, 311, 'Main account', 141, 119, 4);
INSERT INTO song (song_id, album_id, name, duration_seconds, bpm, track_number) VALUES (2369, 311, 'Minute', 162, 173, 5);
INSERT INTO song (song_id, album_id, name, duration_seconds, bpm, track_number) VALUES (2370, 311, 'Big', 191, 159, 6);
INSERT INTO song (song_id, album_id, name, duration_seconds, bpm, track_number) VALUES (2371, 311, 'Maintain', 219, 88, 7);
INSERT INTO song (song_id, album_id, name, duration_seconds, bpm, track_number) VALUES (2372, 311, 'Fast well war', 391, 97, 8);
INSERT INTO song (song_id, album_id, name, duration_seconds, bpm, track_number) VALUES (2373, 311, 'Foreign morning check', 133, 91, 9);
INSERT INTO album (album_id, artist_id, title, release_year, created_at) VALUES (312, 151, 'Adaptive discrete definition', 1971, NOW());
INSERT INTO song (song_id, album_id, name, duration_seconds, bpm, track_number) VALUES (2374, 312, 'Allow', 214, 177, 1);
INSERT INTO song (song_id, album_id, name, duration_seconds, bpm, track_number) VALUES (2375, 312, 'A set maybe stock huge', 314, 165, 2);
INSERT INTO song (song_id, album_id, name, duration_seconds, bpm, track_number) VALUES (2376, 312, 'Oil involve tonight', 197, 133, 3);
INSERT INTO song (song_id, album_id, name, duration_seconds, bpm, track_number) VALUES (2377, 312, 'Today', 422, 156, 4);
INSERT INTO song (song_id, album_id, name, duration_seconds, bpm, track_number) VALUES (2378, 312, 'Minute exactly', 364, 91, 5);
INSERT INTO song (song_id, album_id, name, duration_seconds, bpm, track_number) VALUES (2379, 312, 'Follow', 398, 61, 6);
INSERT INTO song (song_id, album_id, name, duration_seconds, bpm, track_number) VALUES (2380, 312, 'Generation big affect', 468, 171, 7);
INSERT INTO song (song_id, album_id, name, duration_seconds, bpm, track_number) VALUES (2381, 312, 'Strategy', 243, 125, 8);
INSERT INTO album (album_id, artist_id, title, release_year, created_at) VALUES (313, 152, 'Realigned needs-based secured line', 2020, NOW());
INSERT INTO song (song_id, album_id, name, duration_seconds, bpm, track_number) VALUES (2382, 313, 'Property', 223, 107, 1);
INSERT INTO song (song_id, album_id, name, duration_seconds, bpm, track_number) VALUES (2383, 313, 'Already both', 438, 104, 2);
INSERT INTO song (song_id, album_id, name, duration_seconds, bpm, track_number) VALUES (2384, 313, 'Sure rich join', 289, 103, 3);
INSERT INTO song (song_id, album_id, name, duration_seconds, bpm, track_number) VALUES (2385, 313, 'Take', 207, 167, 4);
INSERT INTO song (song_id, album_id, name, duration_seconds, bpm, track_number) VALUES (2386, 313, 'Rock collection', 359, 78, 5);
INSERT INTO song (song_id, album_id, name, duration_seconds, bpm, track_number) VALUES (2387, 313, 'Miss certain west each hope', 193, 176, 6);
INSERT INTO song (song_id, album_id, name, duration_seconds, bpm, track_number) VALUES (2388, 313, 'Someone possible', 325, 79, 7);
INSERT INTO song (song_id, album_id, name, duration_seconds, bpm, track_number) VALUES (2389, 313, 'Nice', 206, 74, 8);
INSERT INTO song (song_id, album_id, name, duration_seconds, bpm, track_number) VALUES (2390, 313, 'Choose', 175, 142, 9);
INSERT INTO album (album_id, artist_id, title, release_year, created_at) VALUES (314, 153, 'Down-sized didactic superstructure', 2011, NOW());
INSERT INTO song (song_id, album_id, name, duration_seconds, bpm, track_number) VALUES (2391, 314, 'Per why always', 372, 79, 1);
INSERT INTO song (song_id, album_id, name, duration_seconds, bpm, track_number) VALUES (2392, 314, 'Product source', 477, 124, 2);
INSERT INTO song (song_id, album_id, name, duration_seconds, bpm, track_number) VALUES (2393, 314, 'Push', 378, 107, 3);
INSERT INTO song (song_id, album_id, name, duration_seconds, bpm, track_number) VALUES (2394, 314, 'Politics entire', 203, 75, 4);
INSERT INTO song (song_id, album_id, name, duration_seconds, bpm, track_number) VALUES (2395, 314, 'Control hit stand', 398, 85, 5);
INSERT INTO song (song_id, album_id, name, duration_seconds, bpm, track_number) VALUES (2396, 314, 'Kid', 349, 137, 6);
INSERT INTO song (song_id, album_id, name, duration_seconds, bpm, track_number) VALUES (2397, 314, 'Surface early field as', 174, 133, 7);
INSERT INTO song (song_id, album_id, name, duration_seconds, bpm, track_number) VALUES (2398, 314, 'Strategy range study', 473, 86, 8);
INSERT INTO song (song_id, album_id, name, duration_seconds, bpm, track_number) VALUES (2399, 314, 'Section', 421, 169, 9);
INSERT INTO song (song_id, album_id, name, duration_seconds, bpm, track_number) VALUES (2400, 314, 'Street', 195, 87, 10);
INSERT INTO album (album_id, artist_id, title, release_year, created_at) VALUES (315, 154, 'Horizontal radical application', 1993, NOW());
INSERT INTO song (song_id, album_id, name, duration_seconds, bpm, track_number) VALUES (2401, 315, 'Mind oil', 414, 125, 1);
INSERT INTO song (song_id, album_id, name, duration_seconds, bpm, track_number) VALUES (2402, 315, 'Sell', 285, 160, 2);
INSERT INTO song (song_id, album_id, name, duration_seconds, bpm, track_number) VALUES (2403, 315, 'Article', 380, 167, 3);
INSERT INTO song (song_id, album_id, name, duration_seconds, bpm, track_number) VALUES (2404, 315, 'Child performance million film', 223, 160, 4);
INSERT INTO song (song_id, album_id, name, duration_seconds, bpm, track_number) VALUES (2405, 315, 'Meeting', 263, 152, 5);
INSERT INTO song (song_id, album_id, name, duration_seconds, bpm, track_number) VALUES (2406, 315, 'Hold', 436, 156, 6);
INSERT INTO song (song_id, album_id, name, duration_seconds, bpm, track_number) VALUES (2407, 315, 'Sea', 176, 164, 7);
INSERT INTO song (song_id, album_id, name, duration_seconds, bpm, track_number) VALUES (2408, 315, 'News', 125, 157, 8);
INSERT INTO album (album_id, artist_id, title, release_year, created_at) VALUES (316, 154, 'Fundamental cohesive contingency', 2008, NOW());
INSERT INTO song (song_id, album_id, name, duration_seconds, bpm, track_number) VALUES (2409, 316, 'Lay', 305, 156, 1);
INSERT INTO song (song_id, album_id, name, duration_seconds, bpm, track_number) VALUES (2410, 316, 'Show whether deal already', 450, 91, 2);
INSERT INTO song (song_id, album_id, name, duration_seconds, bpm, track_number) VALUES (2411, 316, 'Challenge young quite', 470, 162, 3);
INSERT INTO song (song_id, album_id, name, duration_seconds, bpm, track_number) VALUES (2412, 316, 'Special seat visit nothing', 418, 71, 4);
INSERT INTO song (song_id, album_id, name, duration_seconds, bpm, track_number) VALUES (2413, 316, 'Strategy finally', 144, 175, 5);
INSERT INTO album (album_id, artist_id, title, release_year, created_at) VALUES (317, 155, 'De-engineered tangible success', 1998, NOW());
INSERT INTO song (song_id, album_id, name, duration_seconds, bpm, track_number) VALUES (2414, 317, 'City left ever', 345, 176, 1);
INSERT INTO song (song_id, album_id, name, duration_seconds, bpm, track_number) VALUES (2415, 317, 'Trade', 127, 115, 2);
INSERT INTO song (song_id, album_id, name, duration_seconds, bpm, track_number) VALUES (2416, 317, 'Cultural provide arm door', 172, 85, 3);
INSERT INTO song (song_id, album_id, name, duration_seconds, bpm, track_number) VALUES (2417, 317, 'Himself government thank', 458, 123, 4);
INSERT INTO song (song_id, album_id, name, duration_seconds, bpm, track_number) VALUES (2418, 317, 'Back', 125, 145, 5);
INSERT INTO song (song_id, album_id, name, duration_seconds, bpm, track_number) VALUES (2419, 317, 'Traditional', 279, 96, 6);
INSERT INTO song (song_id, album_id, name, duration_seconds, bpm, track_number) VALUES (2420, 317, 'Agreement', 135, 85, 7);
INSERT INTO song (song_id, album_id, name, duration_seconds, bpm, track_number) VALUES (2421, 317, 'Fill moment', 147, 163, 8);
INSERT INTO song (song_id, album_id, name, duration_seconds, bpm, track_number) VALUES (2422, 317, 'Describe', 187, 148, 9);
INSERT INTO song (song_id, album_id, name, duration_seconds, bpm, track_number) VALUES (2423, 317, 'Expert', 469, 76, 10);
INSERT INTO album (album_id, artist_id, title, release_year, created_at) VALUES (318, 156, 'Robust 4thgeneration task-force', 2004, NOW());
INSERT INTO song (song_id, album_id, name, duration_seconds, bpm, track_number) VALUES (2424, 318, 'Modern', 434, 174, 1);
INSERT INTO song (song_id, album_id, name, duration_seconds, bpm, track_number) VALUES (2425, 318, 'Idea', 460, 145, 2);
INSERT INTO song (song_id, album_id, name, duration_seconds, bpm, track_number) VALUES (2426, 318, 'Right everything movie people', 349, 64, 3);
INSERT INTO song (song_id, album_id, name, duration_seconds, bpm, track_number) VALUES (2427, 318, 'Center', 384, 113, 4);
INSERT INTO song (song_id, album_id, name, duration_seconds, bpm, track_number) VALUES (2428, 318, 'Town', 152, 175, 5);
INSERT INTO song (song_id, album_id, name, duration_seconds, bpm, track_number) VALUES (2429, 318, 'Unit artist', 192, 118, 6);
INSERT INTO song (song_id, album_id, name, duration_seconds, bpm, track_number) VALUES (2430, 318, 'Property strategy manager', 272, 114, 7);
INSERT INTO album (album_id, artist_id, title, release_year, created_at) VALUES (319, 156, 'Customizable dedicated info-mediaries', 1993, NOW());
INSERT INTO song (song_id, album_id, name, duration_seconds, bpm, track_number) VALUES (2431, 319, 'Support trip evening', 333, 166, 1);
INSERT INTO song (song_id, album_id, name, duration_seconds, bpm, track_number) VALUES (2432, 319, 'Push total', 392, 137, 2);
INSERT INTO song (song_id, album_id, name, duration_seconds, bpm, track_number) VALUES (2433, 319, 'Right result wait', 431, 95, 3);
INSERT INTO song (song_id, album_id, name, duration_seconds, bpm, track_number) VALUES (2434, 319, 'Ahead several evidence suffer', 304, 161, 4);
INSERT INTO song (song_id, album_id, name, duration_seconds, bpm, track_number) VALUES (2435, 319, 'Make probably', 440, 88, 5);
INSERT INTO song (song_id, album_id, name, duration_seconds, bpm, track_number) VALUES (2436, 319, 'Month', 133, 163, 6);
INSERT INTO song (song_id, album_id, name, duration_seconds, bpm, track_number) VALUES (2437, 319, 'Local grow century factor', 347, 89, 7);
INSERT INTO song (song_id, album_id, name, duration_seconds, bpm, track_number) VALUES (2438, 319, 'Between raise perhaps', 254, 78, 8);
INSERT INTO song (song_id, album_id, name, duration_seconds, bpm, track_number) VALUES (2439, 319, 'Say end', 253, 132, 9);
INSERT INTO album (album_id, artist_id, title, release_year, created_at) VALUES (320, 157, 'Quality-focused stable success', 1973, NOW());
INSERT INTO song (song_id, album_id, name, duration_seconds, bpm, track_number) VALUES (2440, 320, 'Fall get check assume', 280, 169, 1);
INSERT INTO song (song_id, album_id, name, duration_seconds, bpm, track_number) VALUES (2441, 320, 'Then', 355, 180, 2);
INSERT INTO song (song_id, album_id, name, duration_seconds, bpm, track_number) VALUES (2442, 320, 'Type finally force', 451, 92, 3);
INSERT INTO song (song_id, album_id, name, duration_seconds, bpm, track_number) VALUES (2443, 320, 'Toward little', 295, 177, 4);
INSERT INTO song (song_id, album_id, name, duration_seconds, bpm, track_number) VALUES (2444, 320, 'Professional remember', 366, 93, 5);
INSERT INTO song (song_id, album_id, name, duration_seconds, bpm, track_number) VALUES (2445, 320, 'Begin', 193, 65, 6);
INSERT INTO song (song_id, album_id, name, duration_seconds, bpm, track_number) VALUES (2446, 320, 'Create father', 183, 61, 7);
INSERT INTO song (song_id, album_id, name, duration_seconds, bpm, track_number) VALUES (2447, 320, 'Teach agent boy ability so', 375, 92, 8);
INSERT INTO album (album_id, artist_id, title, release_year, created_at) VALUES (321, 157, 'Diverse bottom-line database', 1996, NOW());
INSERT INTO song (song_id, album_id, name, duration_seconds, bpm, track_number) VALUES (2448, 321, 'Also side', 406, 125, 1);
INSERT INTO song (song_id, album_id, name, duration_seconds, bpm, track_number) VALUES (2449, 321, 'Most land far tonight', 272, 94, 2);
INSERT INTO song (song_id, album_id, name, duration_seconds, bpm, track_number) VALUES (2450, 321, 'Response let', 262, 134, 3);
INSERT INTO song (song_id, album_id, name, duration_seconds, bpm, track_number) VALUES (2451, 321, 'Everyone', 195, 92, 4);
INSERT INTO song (song_id, album_id, name, duration_seconds, bpm, track_number) VALUES (2452, 321, 'Interview', 335, 60, 5);
INSERT INTO song (song_id, album_id, name, duration_seconds, bpm, track_number) VALUES (2453, 321, 'Buy water without here', 234, 171, 6);
INSERT INTO song (song_id, album_id, name, duration_seconds, bpm, track_number) VALUES (2454, 321, 'Single include manage', 328, 179, 7);
INSERT INTO song (song_id, album_id, name, duration_seconds, bpm, track_number) VALUES (2455, 321, 'Add', 279, 84, 8);
INSERT INTO song (song_id, album_id, name, duration_seconds, bpm, track_number) VALUES (2456, 321, 'Official true', 387, 60, 9);
INSERT INTO song (song_id, album_id, name, duration_seconds, bpm, track_number) VALUES (2457, 321, 'Pretty sit', 458, 111, 10);
INSERT INTO album (album_id, artist_id, title, release_year, created_at) VALUES (322, 157, 'Profit-focused didactic secured line', 1976, NOW());
INSERT INTO song (song_id, album_id, name, duration_seconds, bpm, track_number) VALUES (2458, 322, 'Product standard', 428, 120, 1);
INSERT INTO song (song_id, album_id, name, duration_seconds, bpm, track_number) VALUES (2459, 322, 'Meeting race', 127, 123, 2);
INSERT INTO song (song_id, album_id, name, duration_seconds, bpm, track_number) VALUES (2460, 322, 'Employee cover', 323, 78, 3);
INSERT INTO song (song_id, album_id, name, duration_seconds, bpm, track_number) VALUES (2461, 322, 'Factor rich approach', 280, 165, 4);
INSERT INTO song (song_id, album_id, name, duration_seconds, bpm, track_number) VALUES (2462, 322, 'Later', 457, 175, 5);
INSERT INTO song (song_id, album_id, name, duration_seconds, bpm, track_number) VALUES (2463, 322, 'Player crime', 422, 127, 6);
INSERT INTO song (song_id, album_id, name, duration_seconds, bpm, track_number) VALUES (2464, 322, 'Receive', 242, 101, 7);
INSERT INTO album (album_id, artist_id, title, release_year, created_at) VALUES (323, 158, 'Right-sized encompassing knowledgebase', 1996, NOW());
INSERT INTO song (song_id, album_id, name, duration_seconds, bpm, track_number) VALUES (2465, 323, 'Case', 121, 148, 1);
INSERT INTO song (song_id, album_id, name, duration_seconds, bpm, track_number) VALUES (2466, 323, 'Direction', 332, 98, 2);
INSERT INTO song (song_id, album_id, name, duration_seconds, bpm, track_number) VALUES (2467, 323, 'Chair get', 366, 143, 3);
INSERT INTO song (song_id, album_id, name, duration_seconds, bpm, track_number) VALUES (2468, 323, 'Bit small', 252, 102, 4);
INSERT INTO song (song_id, album_id, name, duration_seconds, bpm, track_number) VALUES (2469, 323, 'Treatment', 398, 169, 5);
INSERT INTO song (song_id, album_id, name, duration_seconds, bpm, track_number) VALUES (2470, 323, 'Against', 414, 151, 6);
INSERT INTO song (song_id, album_id, name, duration_seconds, bpm, track_number) VALUES (2471, 323, 'Loss clearly', 375, 81, 7);
INSERT INTO song (song_id, album_id, name, duration_seconds, bpm, track_number) VALUES (2472, 323, 'Employee', 311, 165, 8);
INSERT INTO song (song_id, album_id, name, duration_seconds, bpm, track_number) VALUES (2473, 323, 'House', 188, 103, 9);
INSERT INTO album (album_id, artist_id, title, release_year, created_at) VALUES (324, 158, 'Diverse bifurcated secured line', 1986, NOW());
INSERT INTO song (song_id, album_id, name, duration_seconds, bpm, track_number) VALUES (2474, 324, 'Shake', 476, 72, 1);
INSERT INTO song (song_id, album_id, name, duration_seconds, bpm, track_number) VALUES (2475, 324, 'Green return value', 324, 94, 2);
INSERT INTO song (song_id, album_id, name, duration_seconds, bpm, track_number) VALUES (2476, 324, 'Himself range', 184, 106, 3);
INSERT INTO song (song_id, album_id, name, duration_seconds, bpm, track_number) VALUES (2477, 324, 'Create education war', 440, 120, 4);
INSERT INTO song (song_id, album_id, name, duration_seconds, bpm, track_number) VALUES (2478, 324, 'Far better', 209, 121, 5);
INSERT INTO song (song_id, album_id, name, duration_seconds, bpm, track_number) VALUES (2479, 324, 'History', 216, 107, 6);
INSERT INTO song (song_id, album_id, name, duration_seconds, bpm, track_number) VALUES (2480, 324, 'Operation age this', 160, 60, 7);
INSERT INTO song (song_id, album_id, name, duration_seconds, bpm, track_number) VALUES (2481, 324, 'Plant mind', 224, 121, 8);
INSERT INTO album (album_id, artist_id, title, release_year, created_at) VALUES (325, 159, 'Operative bandwidth-monitored task-force', 1992, NOW());
INSERT INTO song (song_id, album_id, name, duration_seconds, bpm, track_number) VALUES (2482, 325, 'Western', 313, 116, 1);
INSERT INTO song (song_id, album_id, name, duration_seconds, bpm, track_number) VALUES (2483, 325, 'Skin', 310, 77, 2);
INSERT INTO song (song_id, album_id, name, duration_seconds, bpm, track_number) VALUES (2484, 325, 'Cost finally hold', 150, 132, 3);
INSERT INTO song (song_id, album_id, name, duration_seconds, bpm, track_number) VALUES (2485, 325, 'Memory yeah necessary', 454, 132, 4);
INSERT INTO song (song_id, album_id, name, duration_seconds, bpm, track_number) VALUES (2486, 325, 'Arm', 232, 60, 5);
INSERT INTO song (song_id, album_id, name, duration_seconds, bpm, track_number) VALUES (2487, 325, 'Half', 302, 123, 6);
INSERT INTO song (song_id, album_id, name, duration_seconds, bpm, track_number) VALUES (2488, 325, 'Should trade next', 137, 64, 7);
INSERT INTO song (song_id, album_id, name, duration_seconds, bpm, track_number) VALUES (2489, 325, 'Also', 470, 102, 8);
INSERT INTO song (song_id, album_id, name, duration_seconds, bpm, track_number) VALUES (2490, 325, 'Career and line', 260, 163, 9);
INSERT INTO song (song_id, album_id, name, duration_seconds, bpm, track_number) VALUES (2491, 325, 'Treat yet traditional Republican fact', 298, 178, 10);
INSERT INTO album (album_id, artist_id, title, release_year, created_at) VALUES (326, 160, 'Organized even-keeled knowledgebase', 2018, NOW());
INSERT INTO song (song_id, album_id, name, duration_seconds, bpm, track_number) VALUES (2492, 326, 'Democratic include', 237, 142, 1);
INSERT INTO song (song_id, album_id, name, duration_seconds, bpm, track_number) VALUES (2493, 326, 'Office room', 159, 160, 2);
INSERT INTO song (song_id, album_id, name, duration_seconds, bpm, track_number) VALUES (2494, 326, 'If rule support', 407, 151, 3);
INSERT INTO song (song_id, album_id, name, duration_seconds, bpm, track_number) VALUES (2495, 326, 'Control change', 331, 145, 4);
INSERT INTO song (song_id, album_id, name, duration_seconds, bpm, track_number) VALUES (2496, 326, 'Indicate south important', 152, 124, 5);
INSERT INTO song (song_id, album_id, name, duration_seconds, bpm, track_number) VALUES (2497, 326, 'Current', 175, 146, 6);
INSERT INTO song (song_id, album_id, name, duration_seconds, bpm, track_number) VALUES (2498, 326, 'School myself', 445, 65, 7);
INSERT INTO song (song_id, album_id, name, duration_seconds, bpm, track_number) VALUES (2499, 326, 'Others nature president', 439, 84, 8);
INSERT INTO album (album_id, artist_id, title, release_year, created_at) VALUES (327, 160, 'Ergonomic high-level firmware', 1998, NOW());
INSERT INTO song (song_id, album_id, name, duration_seconds, bpm, track_number) VALUES (2500, 327, 'Water thank', 286, 139, 1);
INSERT INTO song (song_id, album_id, name, duration_seconds, bpm, track_number) VALUES (2501, 327, 'Summer every', 306, 112, 2);
INSERT INTO song (song_id, album_id, name, duration_seconds, bpm, track_number) VALUES (2502, 327, 'Effort', 395, 69, 3);
INSERT INTO song (song_id, album_id, name, duration_seconds, bpm, track_number) VALUES (2503, 327, 'Word system', 354, 180, 4);
INSERT INTO song (song_id, album_id, name, duration_seconds, bpm, track_number) VALUES (2504, 327, 'Central', 311, 175, 5);
INSERT INTO song (song_id, album_id, name, duration_seconds, bpm, track_number) VALUES (2505, 327, 'Time', 337, 61, 6);
INSERT INTO song (song_id, album_id, name, duration_seconds, bpm, track_number) VALUES (2506, 327, 'Western behavior', 137, 167, 7);
INSERT INTO song (song_id, album_id, name, duration_seconds, bpm, track_number) VALUES (2507, 327, 'Language doctor rich', 350, 80, 8);
INSERT INTO album (album_id, artist_id, title, release_year, created_at) VALUES (328, 160, 'Fully-configurable mission-critical structure', 1970, NOW());
INSERT INTO song (song_id, album_id, name, duration_seconds, bpm, track_number) VALUES (2508, 328, 'Paper record explain deep sound', 261, 131, 1);
INSERT INTO song (song_id, album_id, name, duration_seconds, bpm, track_number) VALUES (2509, 328, 'Player reduce', 196, 105, 2);
INSERT INTO song (song_id, album_id, name, duration_seconds, bpm, track_number) VALUES (2510, 328, 'Party', 305, 75, 3);
INSERT INTO song (song_id, album_id, name, duration_seconds, bpm, track_number) VALUES (2511, 328, 'Establish firm', 150, 122, 4);
INSERT INTO song (song_id, album_id, name, duration_seconds, bpm, track_number) VALUES (2512, 328, 'Inside all', 189, 123, 5);
INSERT INTO song (song_id, album_id, name, duration_seconds, bpm, track_number) VALUES (2513, 328, 'Form', 301, 61, 6);
INSERT INTO song (song_id, album_id, name, duration_seconds, bpm, track_number) VALUES (2514, 328, 'Cut modern', 313, 134, 7);
INSERT INTO album (album_id, artist_id, title, release_year, created_at) VALUES (329, 161, 'Devolved content-based concept', 2020, NOW());
INSERT INTO song (song_id, album_id, name, duration_seconds, bpm, track_number) VALUES (2515, 329, 'It discussion', 419, 160, 1);
INSERT INTO song (song_id, album_id, name, duration_seconds, bpm, track_number) VALUES (2516, 329, 'Official since within', 477, 119, 2);
INSERT INTO song (song_id, album_id, name, duration_seconds, bpm, track_number) VALUES (2517, 329, 'All drive', 349, 140, 3);
INSERT INTO song (song_id, album_id, name, duration_seconds, bpm, track_number) VALUES (2518, 329, 'Style during candidate some', 363, 101, 4);
INSERT INTO song (song_id, album_id, name, duration_seconds, bpm, track_number) VALUES (2519, 329, 'Whatever whatever beautiful', 144, 176, 5);
INSERT INTO song (song_id, album_id, name, duration_seconds, bpm, track_number) VALUES (2520, 329, 'Operation', 333, 131, 6);
INSERT INTO album (album_id, artist_id, title, release_year, created_at) VALUES (330, 161, 'Monitored content-based circuit', 1978, NOW());
INSERT INTO song (song_id, album_id, name, duration_seconds, bpm, track_number) VALUES (2521, 330, 'Well', 463, 77, 1);
INSERT INTO song (song_id, album_id, name, duration_seconds, bpm, track_number) VALUES (2522, 330, 'For', 338, 153, 2);
INSERT INTO song (song_id, album_id, name, duration_seconds, bpm, track_number) VALUES (2523, 330, 'Talk center guy', 454, 88, 3);
INSERT INTO song (song_id, album_id, name, duration_seconds, bpm, track_number) VALUES (2524, 330, 'Past item skin better', 344, 114, 4);
INSERT INTO song (song_id, album_id, name, duration_seconds, bpm, track_number) VALUES (2525, 330, 'Cut house', 225, 124, 5);
INSERT INTO song (song_id, album_id, name, duration_seconds, bpm, track_number) VALUES (2526, 330, 'Yeah', 325, 89, 6);
INSERT INTO song (song_id, album_id, name, duration_seconds, bpm, track_number) VALUES (2527, 330, 'Radio', 328, 75, 7);
INSERT INTO song (song_id, album_id, name, duration_seconds, bpm, track_number) VALUES (2528, 330, 'Friend prove network', 375, 135, 8);
INSERT INTO song (song_id, album_id, name, duration_seconds, bpm, track_number) VALUES (2529, 330, 'Address instead we foreign heart', 421, 106, 9);
INSERT INTO album (album_id, artist_id, title, release_year, created_at) VALUES (331, 162, 'Secured heuristic open architecture', 1976, NOW());
INSERT INTO song (song_id, album_id, name, duration_seconds, bpm, track_number) VALUES (2530, 331, 'Also run', 200, 79, 1);
INSERT INTO song (song_id, album_id, name, duration_seconds, bpm, track_number) VALUES (2531, 331, 'That', 444, 113, 2);
INSERT INTO song (song_id, album_id, name, duration_seconds, bpm, track_number) VALUES (2532, 331, 'Republican', 218, 62, 3);
INSERT INTO song (song_id, album_id, name, duration_seconds, bpm, track_number) VALUES (2533, 331, 'Station', 155, 106, 4);
INSERT INTO song (song_id, album_id, name, duration_seconds, bpm, track_number) VALUES (2534, 331, 'Read themselves', 322, 153, 5);
INSERT INTO song (song_id, album_id, name, duration_seconds, bpm, track_number) VALUES (2535, 331, 'War money', 445, 92, 6);
INSERT INTO album (album_id, artist_id, title, release_year, created_at) VALUES (332, 162, 'Ameliorated zero administration superstructure', 2000, NOW());
INSERT INTO song (song_id, album_id, name, duration_seconds, bpm, track_number) VALUES (2536, 332, 'Sell', 377, 113, 1);
INSERT INTO song (song_id, album_id, name, duration_seconds, bpm, track_number) VALUES (2537, 332, 'Radio story', 272, 172, 2);
INSERT INTO song (song_id, album_id, name, duration_seconds, bpm, track_number) VALUES (2538, 332, 'Interesting piece see', 465, 139, 3);
INSERT INTO song (song_id, album_id, name, duration_seconds, bpm, track_number) VALUES (2539, 332, 'Pm be yourself', 438, 99, 4);
INSERT INTO song (song_id, album_id, name, duration_seconds, bpm, track_number) VALUES (2540, 332, 'Amount shake', 349, 85, 5);
INSERT INTO song (song_id, album_id, name, duration_seconds, bpm, track_number) VALUES (2541, 332, 'Owner', 381, 130, 6);
INSERT INTO song (song_id, album_id, name, duration_seconds, bpm, track_number) VALUES (2542, 332, 'Nothing country site question student', 468, 129, 7);
INSERT INTO song (song_id, album_id, name, duration_seconds, bpm, track_number) VALUES (2543, 332, 'Next life', 403, 122, 8);
INSERT INTO song (song_id, album_id, name, duration_seconds, bpm, track_number) VALUES (2544, 332, 'Forward environment must reason heavy', 353, 92, 9);
INSERT INTO song (song_id, album_id, name, duration_seconds, bpm, track_number) VALUES (2545, 332, 'Too PM since Republican eight', 184, 100, 10);
INSERT INTO album (album_id, artist_id, title, release_year, created_at) VALUES (333, 162, 'Fully-configurable system-worthy service-desk', 1985, NOW());
INSERT INTO song (song_id, album_id, name, duration_seconds, bpm, track_number) VALUES (2546, 333, 'Community artist', 184, 144, 1);
INSERT INTO song (song_id, album_id, name, duration_seconds, bpm, track_number) VALUES (2547, 333, 'Guess', 277, 86, 2);
INSERT INTO song (song_id, album_id, name, duration_seconds, bpm, track_number) VALUES (2548, 333, 'Truth', 143, 112, 3);
INSERT INTO song (song_id, album_id, name, duration_seconds, bpm, track_number) VALUES (2549, 333, 'Future', 397, 108, 4);
INSERT INTO song (song_id, album_id, name, duration_seconds, bpm, track_number) VALUES (2550, 333, 'Foreign', 288, 101, 5);
INSERT INTO album (album_id, artist_id, title, release_year, created_at) VALUES (334, 163, 'Cross-group encompassing leverage', 1971, NOW());
INSERT INTO song (song_id, album_id, name, duration_seconds, bpm, track_number) VALUES (2551, 334, 'Save', 310, 122, 1);
INSERT INTO song (song_id, album_id, name, duration_seconds, bpm, track_number) VALUES (2552, 334, 'Off', 336, 87, 2);
INSERT INTO song (song_id, album_id, name, duration_seconds, bpm, track_number) VALUES (2553, 334, 'Less sometimes', 253, 97, 3);
INSERT INTO song (song_id, album_id, name, duration_seconds, bpm, track_number) VALUES (2554, 334, 'Discover', 248, 165, 4);
INSERT INTO song (song_id, album_id, name, duration_seconds, bpm, track_number) VALUES (2555, 334, 'Particular', 255, 170, 5);
INSERT INTO album (album_id, artist_id, title, release_year, created_at) VALUES (335, 164, 'Reduced incremental analyzer', 1990, NOW());
INSERT INTO song (song_id, album_id, name, duration_seconds, bpm, track_number) VALUES (2556, 335, 'Maybe two', 338, 89, 1);
INSERT INTO song (song_id, album_id, name, duration_seconds, bpm, track_number) VALUES (2557, 335, 'Remember', 185, 150, 2);
INSERT INTO song (song_id, album_id, name, duration_seconds, bpm, track_number) VALUES (2558, 335, 'Small into', 431, 124, 3);
INSERT INTO song (song_id, album_id, name, duration_seconds, bpm, track_number) VALUES (2559, 335, 'One', 387, 157, 4);
INSERT INTO song (song_id, album_id, name, duration_seconds, bpm, track_number) VALUES (2560, 335, 'Enter officer', 283, 127, 5);
INSERT INTO song (song_id, album_id, name, duration_seconds, bpm, track_number) VALUES (2561, 335, 'Particularly thus describe', 143, 140, 6);
INSERT INTO album (album_id, artist_id, title, release_year, created_at) VALUES (336, 165, 'Cross-group next generation frame', 2001, NOW());
INSERT INTO song (song_id, album_id, name, duration_seconds, bpm, track_number) VALUES (2562, 336, 'These', 189, 128, 1);
INSERT INTO song (song_id, album_id, name, duration_seconds, bpm, track_number) VALUES (2563, 336, 'Bank', 225, 91, 2);
INSERT INTO song (song_id, album_id, name, duration_seconds, bpm, track_number) VALUES (2564, 336, 'These', 375, 172, 3);
INSERT INTO song (song_id, album_id, name, duration_seconds, bpm, track_number) VALUES (2565, 336, 'Us PM', 400, 108, 4);
INSERT INTO song (song_id, album_id, name, duration_seconds, bpm, track_number) VALUES (2566, 336, 'Expect', 166, 160, 5);
INSERT INTO song (song_id, album_id, name, duration_seconds, bpm, track_number) VALUES (2567, 336, 'Though', 138, 124, 6);
INSERT INTO song (song_id, album_id, name, duration_seconds, bpm, track_number) VALUES (2568, 336, 'Shake interest job affect', 174, 71, 7);
INSERT INTO song (song_id, album_id, name, duration_seconds, bpm, track_number) VALUES (2569, 336, 'What', 338, 174, 8);
INSERT INTO song (song_id, album_id, name, duration_seconds, bpm, track_number) VALUES (2570, 336, 'Standard pull', 437, 71, 9);
INSERT INTO album (album_id, artist_id, title, release_year, created_at) VALUES (337, 165, 'Face-to-face intermediate moderator', 1997, NOW());
INSERT INTO song (song_id, album_id, name, duration_seconds, bpm, track_number) VALUES (2571, 337, 'Source authority find officer because', 453, 140, 1);
INSERT INTO song (song_id, album_id, name, duration_seconds, bpm, track_number) VALUES (2572, 337, 'Age', 333, 133, 2);
INSERT INTO song (song_id, album_id, name, duration_seconds, bpm, track_number) VALUES (2573, 337, 'Everyone ever', 291, 82, 3);
INSERT INTO song (song_id, album_id, name, duration_seconds, bpm, track_number) VALUES (2574, 337, 'Relate every seven', 279, 175, 4);
INSERT INTO song (song_id, album_id, name, duration_seconds, bpm, track_number) VALUES (2575, 337, 'Easy idea', 470, 122, 5);
INSERT INTO album (album_id, artist_id, title, release_year, created_at) VALUES (338, 166, 'Reactive even-keeled algorithm', 1981, NOW());
INSERT INTO song (song_id, album_id, name, duration_seconds, bpm, track_number) VALUES (2576, 338, 'Brother chance', 173, 173, 1);
INSERT INTO song (song_id, album_id, name, duration_seconds, bpm, track_number) VALUES (2577, 338, 'Finish during call', 374, 116, 2);
INSERT INTO song (song_id, album_id, name, duration_seconds, bpm, track_number) VALUES (2578, 338, 'Effort manage', 344, 138, 3);
INSERT INTO song (song_id, album_id, name, duration_seconds, bpm, track_number) VALUES (2579, 338, 'Project common', 308, 110, 4);
INSERT INTO song (song_id, album_id, name, duration_seconds, bpm, track_number) VALUES (2580, 338, 'Compare', 445, 172, 5);
INSERT INTO song (song_id, album_id, name, duration_seconds, bpm, track_number) VALUES (2581, 338, 'Case PM more weight start', 453, 61, 6);
INSERT INTO album (album_id, artist_id, title, release_year, created_at) VALUES (339, 166, 'Monitored national knowledgebase', 2008, NOW());
INSERT INTO song (song_id, album_id, name, duration_seconds, bpm, track_number) VALUES (2582, 339, 'Laugh', 415, 68, 1);
INSERT INTO song (song_id, album_id, name, duration_seconds, bpm, track_number) VALUES (2583, 339, 'Within without onto new', 150, 145, 2);
INSERT INTO song (song_id, album_id, name, duration_seconds, bpm, track_number) VALUES (2584, 339, 'Beyond old', 127, 161, 3);
INSERT INTO song (song_id, album_id, name, duration_seconds, bpm, track_number) VALUES (2585, 339, 'There upon', 174, 96, 4);
INSERT INTO song (song_id, album_id, name, duration_seconds, bpm, track_number) VALUES (2586, 339, 'Budget', 157, 149, 5);
INSERT INTO song (song_id, album_id, name, duration_seconds, bpm, track_number) VALUES (2587, 339, 'Key it', 139, 98, 6);
INSERT INTO song (song_id, album_id, name, duration_seconds, bpm, track_number) VALUES (2588, 339, 'Be', 418, 174, 7);
INSERT INTO song (song_id, album_id, name, duration_seconds, bpm, track_number) VALUES (2589, 339, 'Skin task will', 343, 121, 8);
INSERT INTO album (album_id, artist_id, title, release_year, created_at) VALUES (340, 166, 'Exclusive asynchronous time-frame', 2022, NOW());
INSERT INTO song (song_id, album_id, name, duration_seconds, bpm, track_number) VALUES (2590, 340, 'Compare environment', 436, 172, 1);
INSERT INTO song (song_id, album_id, name, duration_seconds, bpm, track_number) VALUES (2591, 340, 'Condition push', 259, 128, 2);
INSERT INTO song (song_id, album_id, name, duration_seconds, bpm, track_number) VALUES (2592, 340, 'Read who purpose', 234, 79, 3);
INSERT INTO song (song_id, album_id, name, duration_seconds, bpm, track_number) VALUES (2593, 340, 'Network', 127, 124, 4);
INSERT INTO song (song_id, album_id, name, duration_seconds, bpm, track_number) VALUES (2594, 340, 'Mention', 431, 93, 5);
INSERT INTO song (song_id, album_id, name, duration_seconds, bpm, track_number) VALUES (2595, 340, 'Medical man ago', 367, 122, 6);
INSERT INTO song (song_id, album_id, name, duration_seconds, bpm, track_number) VALUES (2596, 340, 'Ready style', 289, 167, 7);
INSERT INTO song (song_id, album_id, name, duration_seconds, bpm, track_number) VALUES (2597, 340, 'If support face', 196, 61, 8);
INSERT INTO album (album_id, artist_id, title, release_year, created_at) VALUES (341, 167, 'Integrated systemic artificial intelligence', 2023, NOW());
INSERT INTO song (song_id, album_id, name, duration_seconds, bpm, track_number) VALUES (2598, 341, 'Because drive', 353, 149, 1);
INSERT INTO song (song_id, album_id, name, duration_seconds, bpm, track_number) VALUES (2599, 341, 'Method', 448, 126, 2);
INSERT INTO song (song_id, album_id, name, duration_seconds, bpm, track_number) VALUES (2600, 341, 'Science another much partner', 279, 80, 3);
INSERT INTO song (song_id, album_id, name, duration_seconds, bpm, track_number) VALUES (2601, 341, 'Song', 412, 150, 4);
INSERT INTO song (song_id, album_id, name, duration_seconds, bpm, track_number) VALUES (2602, 341, 'Region', 243, 74, 5);
INSERT INTO song (song_id, album_id, name, duration_seconds, bpm, track_number) VALUES (2603, 341, 'Shake', 340, 62, 6);
INSERT INTO album (album_id, artist_id, title, release_year, created_at) VALUES (342, 167, 'Innovative context-sensitive adapter', 1985, NOW());
INSERT INTO song (song_id, album_id, name, duration_seconds, bpm, track_number) VALUES (2604, 342, 'Energy million', 319, 148, 1);
INSERT INTO song (song_id, album_id, name, duration_seconds, bpm, track_number) VALUES (2605, 342, 'Over born', 245, 74, 2);
INSERT INTO song (song_id, album_id, name, duration_seconds, bpm, track_number) VALUES (2606, 342, 'Charge minute', 319, 143, 3);
INSERT INTO song (song_id, album_id, name, duration_seconds, bpm, track_number) VALUES (2607, 342, 'Agreement', 325, 90, 4);
INSERT INTO song (song_id, album_id, name, duration_seconds, bpm, track_number) VALUES (2608, 342, 'Decision', 240, 94, 5);
INSERT INTO song (song_id, album_id, name, duration_seconds, bpm, track_number) VALUES (2609, 342, 'Turn', 221, 136, 6);
INSERT INTO song (song_id, album_id, name, duration_seconds, bpm, track_number) VALUES (2610, 342, 'Wait', 480, 65, 7);
INSERT INTO album (album_id, artist_id, title, release_year, created_at) VALUES (343, 168, 'Organic 24hour projection', 1985, NOW());
INSERT INTO song (song_id, album_id, name, duration_seconds, bpm, track_number) VALUES (2611, 343, 'Page more bed huge south', 126, 136, 1);
INSERT INTO song (song_id, album_id, name, duration_seconds, bpm, track_number) VALUES (2612, 343, 'Set son tough', 127, 118, 2);
INSERT INTO song (song_id, album_id, name, duration_seconds, bpm, track_number) VALUES (2613, 343, 'Market', 134, 127, 3);
INSERT INTO song (song_id, album_id, name, duration_seconds, bpm, track_number) VALUES (2614, 343, 'But', 322, 68, 4);
INSERT INTO song (song_id, album_id, name, duration_seconds, bpm, track_number) VALUES (2615, 343, 'Democrat a', 423, 117, 5);
INSERT INTO song (song_id, album_id, name, duration_seconds, bpm, track_number) VALUES (2616, 343, 'Space positive whether reduce', 242, 165, 6);
INSERT INTO song (song_id, album_id, name, duration_seconds, bpm, track_number) VALUES (2617, 343, 'Good', 148, 97, 7);
INSERT INTO song (song_id, album_id, name, duration_seconds, bpm, track_number) VALUES (2618, 343, 'Way alone', 391, 180, 8);
INSERT INTO song (song_id, album_id, name, duration_seconds, bpm, track_number) VALUES (2619, 343, 'Hundred certain send effect individual', 293, 99, 9);
INSERT INTO album (album_id, artist_id, title, release_year, created_at) VALUES (344, 168, 'Managed 4thgeneration architecture', 2008, NOW());
INSERT INTO song (song_id, album_id, name, duration_seconds, bpm, track_number) VALUES (2620, 344, 'Feeling', 424, 74, 1);
INSERT INTO song (song_id, album_id, name, duration_seconds, bpm, track_number) VALUES (2621, 344, 'Write almost under', 413, 157, 2);
INSERT INTO song (song_id, album_id, name, duration_seconds, bpm, track_number) VALUES (2622, 344, 'Success miss room', 189, 107, 3);
INSERT INTO song (song_id, album_id, name, duration_seconds, bpm, track_number) VALUES (2623, 344, 'Both', 297, 101, 4);
INSERT INTO song (song_id, album_id, name, duration_seconds, bpm, track_number) VALUES (2624, 344, 'Structure', 381, 116, 5);
INSERT INTO song (song_id, album_id, name, duration_seconds, bpm, track_number) VALUES (2625, 344, 'Both arm', 336, 84, 6);
INSERT INTO song (song_id, album_id, name, duration_seconds, bpm, track_number) VALUES (2626, 344, 'Factor', 427, 120, 7);
INSERT INTO song (song_id, album_id, name, duration_seconds, bpm, track_number) VALUES (2627, 344, 'Present work fly', 291, 112, 8);
INSERT INTO song (song_id, album_id, name, duration_seconds, bpm, track_number) VALUES (2628, 344, 'Free', 439, 159, 9);
INSERT INTO album (album_id, artist_id, title, release_year, created_at) VALUES (345, 168, 'Programmable 6thgeneration throughput', 2025, NOW());
INSERT INTO song (song_id, album_id, name, duration_seconds, bpm, track_number) VALUES (2629, 345, 'There Democrat', 396, 149, 1);
INSERT INTO song (song_id, album_id, name, duration_seconds, bpm, track_number) VALUES (2630, 345, 'Catch', 323, 102, 2);
INSERT INTO song (song_id, album_id, name, duration_seconds, bpm, track_number) VALUES (2631, 345, 'Big', 256, 116, 3);
INSERT INTO song (song_id, album_id, name, duration_seconds, bpm, track_number) VALUES (2632, 345, 'Kitchen', 185, 149, 4);
INSERT INTO song (song_id, album_id, name, duration_seconds, bpm, track_number) VALUES (2633, 345, 'Appear land', 368, 180, 5);
INSERT INTO song (song_id, album_id, name, duration_seconds, bpm, track_number) VALUES (2634, 345, 'Later', 125, 116, 6);
INSERT INTO song (song_id, album_id, name, duration_seconds, bpm, track_number) VALUES (2635, 345, 'Suddenly', 269, 75, 7);
INSERT INTO song (song_id, album_id, name, duration_seconds, bpm, track_number) VALUES (2636, 345, 'Next back', 436, 75, 8);
INSERT INTO song (song_id, album_id, name, duration_seconds, bpm, track_number) VALUES (2637, 345, 'Peace', 413, 178, 9);
INSERT INTO song (song_id, album_id, name, duration_seconds, bpm, track_number) VALUES (2638, 345, 'Be Mrs when', 193, 124, 10);
INSERT INTO album (album_id, artist_id, title, release_year, created_at) VALUES (346, 169, 'Triple-buffered bottom-line interface', 2009, NOW());
INSERT INTO song (song_id, album_id, name, duration_seconds, bpm, track_number) VALUES (2639, 346, 'Follow', 265, 144, 1);
INSERT INTO song (song_id, album_id, name, duration_seconds, bpm, track_number) VALUES (2640, 346, 'Record history risk', 339, 173, 2);
INSERT INTO song (song_id, album_id, name, duration_seconds, bpm, track_number) VALUES (2641, 346, 'We', 252, 136, 3);
INSERT INTO song (song_id, album_id, name, duration_seconds, bpm, track_number) VALUES (2642, 346, 'Visit', 120, 122, 4);
INSERT INTO song (song_id, album_id, name, duration_seconds, bpm, track_number) VALUES (2643, 346, 'Notice', 310, 78, 5);
INSERT INTO song (song_id, album_id, name, duration_seconds, bpm, track_number) VALUES (2644, 346, 'Option cell structure mouth eat', 133, 97, 6);
INSERT INTO song (song_id, album_id, name, duration_seconds, bpm, track_number) VALUES (2645, 346, 'Use', 125, 119, 7);
INSERT INTO song (song_id, album_id, name, duration_seconds, bpm, track_number) VALUES (2646, 346, 'Fact market be', 367, 170, 8);
INSERT INTO song (song_id, album_id, name, duration_seconds, bpm, track_number) VALUES (2647, 346, 'Sometimes', 236, 65, 9);
INSERT INTO album (album_id, artist_id, title, release_year, created_at) VALUES (347, 170, 'Business-focused motivating initiative', 2021, NOW());
INSERT INTO song (song_id, album_id, name, duration_seconds, bpm, track_number) VALUES (2648, 347, 'Brother tend spring deep', 476, 134, 1);
INSERT INTO song (song_id, album_id, name, duration_seconds, bpm, track_number) VALUES (2649, 347, 'Car finish both', 197, 114, 2);
INSERT INTO song (song_id, album_id, name, duration_seconds, bpm, track_number) VALUES (2650, 347, 'Improve drug network while industry', 123, 141, 3);
INSERT INTO song (song_id, album_id, name, duration_seconds, bpm, track_number) VALUES (2651, 347, 'Contain fire politics president', 361, 113, 4);
INSERT INTO song (song_id, album_id, name, duration_seconds, bpm, track_number) VALUES (2652, 347, 'Much', 262, 180, 5);
INSERT INTO album (album_id, artist_id, title, release_year, created_at) VALUES (348, 171, 'Intuitive systematic forecast', 2001, NOW());
INSERT INTO song (song_id, album_id, name, duration_seconds, bpm, track_number) VALUES (2653, 348, 'Serious gas', 475, 126, 1);
INSERT INTO song (song_id, album_id, name, duration_seconds, bpm, track_number) VALUES (2654, 348, 'Bar scene health project', 266, 158, 2);
INSERT INTO song (song_id, album_id, name, duration_seconds, bpm, track_number) VALUES (2655, 348, 'Father decision', 405, 71, 3);
INSERT INTO song (song_id, album_id, name, duration_seconds, bpm, track_number) VALUES (2656, 348, 'Finish practice', 366, 132, 4);
INSERT INTO song (song_id, album_id, name, duration_seconds, bpm, track_number) VALUES (2657, 348, 'Share over', 170, 117, 5);
INSERT INTO song (song_id, album_id, name, duration_seconds, bpm, track_number) VALUES (2658, 348, 'Open', 190, 120, 6);
INSERT INTO song (song_id, album_id, name, duration_seconds, bpm, track_number) VALUES (2659, 348, 'Wind letter', 377, 99, 7);
INSERT INTO song (song_id, album_id, name, duration_seconds, bpm, track_number) VALUES (2660, 348, 'Sound leave', 147, 99, 8);
INSERT INTO song (song_id, album_id, name, duration_seconds, bpm, track_number) VALUES (2661, 348, 'Ask PM', 445, 120, 9);
INSERT INTO album (album_id, artist_id, title, release_year, created_at) VALUES (349, 171, 'Balanced bottom-line Graphic Interface', 2023, NOW());
INSERT INTO song (song_id, album_id, name, duration_seconds, bpm, track_number) VALUES (2662, 349, 'Down', 267, 143, 1);
INSERT INTO song (song_id, album_id, name, duration_seconds, bpm, track_number) VALUES (2663, 349, 'Include', 376, 153, 2);
INSERT INTO song (song_id, album_id, name, duration_seconds, bpm, track_number) VALUES (2664, 349, 'Ten agree', 405, 141, 3);
INSERT INTO song (song_id, album_id, name, duration_seconds, bpm, track_number) VALUES (2665, 349, 'Economy', 348, 135, 4);
INSERT INTO song (song_id, album_id, name, duration_seconds, bpm, track_number) VALUES (2666, 349, 'Light', 242, 143, 5);
INSERT INTO song (song_id, album_id, name, duration_seconds, bpm, track_number) VALUES (2667, 349, 'Safe', 413, 121, 6);
INSERT INTO song (song_id, album_id, name, duration_seconds, bpm, track_number) VALUES (2668, 349, 'Some choice fill some', 353, 108, 7);
INSERT INTO song (song_id, album_id, name, duration_seconds, bpm, track_number) VALUES (2669, 349, 'Study', 270, 139, 8);
INSERT INTO album (album_id, artist_id, title, release_year, created_at) VALUES (350, 171, 'Profound bifurcated Internet solution', 2016, NOW());
INSERT INTO song (song_id, album_id, name, duration_seconds, bpm, track_number) VALUES (2670, 350, 'Wrong last research fund meeting', 128, 152, 1);
INSERT INTO song (song_id, album_id, name, duration_seconds, bpm, track_number) VALUES (2671, 350, 'Rise', 406, 72, 2);
INSERT INTO song (song_id, album_id, name, duration_seconds, bpm, track_number) VALUES (2672, 350, 'Fast such', 314, 80, 3);
INSERT INTO song (song_id, album_id, name, duration_seconds, bpm, track_number) VALUES (2673, 350, 'Administration among TV', 374, 122, 4);
INSERT INTO song (song_id, album_id, name, duration_seconds, bpm, track_number) VALUES (2674, 350, 'System without', 262, 175, 5);
INSERT INTO song (song_id, album_id, name, duration_seconds, bpm, track_number) VALUES (2675, 350, 'Employee', 267, 134, 6);
INSERT INTO album (album_id, artist_id, title, release_year, created_at) VALUES (351, 172, 'Persevering background knowledgebase', 2026, NOW());
INSERT INTO song (song_id, album_id, name, duration_seconds, bpm, track_number) VALUES (2676, 351, 'Across south piece', 299, 158, 1);
INSERT INTO song (song_id, album_id, name, duration_seconds, bpm, track_number) VALUES (2677, 351, 'Traditional member it decade', 312, 160, 2);
INSERT INTO song (song_id, album_id, name, duration_seconds, bpm, track_number) VALUES (2678, 351, 'However', 200, 150, 3);
INSERT INTO song (song_id, album_id, name, duration_seconds, bpm, track_number) VALUES (2679, 351, 'Must medical carry', 246, 103, 4);
INSERT INTO song (song_id, album_id, name, duration_seconds, bpm, track_number) VALUES (2680, 351, 'Goal', 460, 150, 5);
INSERT INTO song (song_id, album_id, name, duration_seconds, bpm, track_number) VALUES (2681, 351, 'Rich interest push', 378, 166, 6);
INSERT INTO song (song_id, album_id, name, duration_seconds, bpm, track_number) VALUES (2682, 351, 'Will', 185, 129, 7);
INSERT INTO song (song_id, album_id, name, duration_seconds, bpm, track_number) VALUES (2683, 351, 'Guy', 344, 75, 8);
INSERT INTO album (album_id, artist_id, title, release_year, created_at) VALUES (352, 173, 'Re-engineered directional structure', 2026, NOW());
INSERT INTO song (song_id, album_id, name, duration_seconds, bpm, track_number) VALUES (2684, 352, 'Care stuff', 351, 148, 1);
INSERT INTO song (song_id, album_id, name, duration_seconds, bpm, track_number) VALUES (2685, 352, 'Play', 357, 114, 2);
INSERT INTO song (song_id, album_id, name, duration_seconds, bpm, track_number) VALUES (2686, 352, 'Congress couple', 178, 129, 3);
INSERT INTO song (song_id, album_id, name, duration_seconds, bpm, track_number) VALUES (2687, 352, 'Not early return light', 466, 111, 4);
INSERT INTO song (song_id, album_id, name, duration_seconds, bpm, track_number) VALUES (2688, 352, 'Low then land beyond', 224, 65, 5);
INSERT INTO song (song_id, album_id, name, duration_seconds, bpm, track_number) VALUES (2689, 352, 'Two describe', 231, 67, 6);
INSERT INTO song (song_id, album_id, name, duration_seconds, bpm, track_number) VALUES (2690, 352, 'She', 443, 94, 7);
INSERT INTO song (song_id, album_id, name, duration_seconds, bpm, track_number) VALUES (2691, 352, 'Friend measure', 291, 179, 8);
INSERT INTO song (song_id, album_id, name, duration_seconds, bpm, track_number) VALUES (2692, 352, 'Send improve one arrive century', 271, 110, 9);
INSERT INTO album (album_id, artist_id, title, release_year, created_at) VALUES (353, 173, 'Progressive high-level archive', 2004, NOW());
INSERT INTO song (song_id, album_id, name, duration_seconds, bpm, track_number) VALUES (2693, 353, 'Church', 378, 105, 1);
INSERT INTO song (song_id, album_id, name, duration_seconds, bpm, track_number) VALUES (2694, 353, 'National', 442, 69, 2);
INSERT INTO song (song_id, album_id, name, duration_seconds, bpm, track_number) VALUES (2695, 353, 'Exist animal', 126, 101, 3);
INSERT INTO song (song_id, album_id, name, duration_seconds, bpm, track_number) VALUES (2696, 353, 'Better culture down', 477, 64, 4);
INSERT INTO song (song_id, album_id, name, duration_seconds, bpm, track_number) VALUES (2697, 353, 'Tree', 250, 159, 5);
INSERT INTO song (song_id, album_id, name, duration_seconds, bpm, track_number) VALUES (2698, 353, 'Then force rate team cut', 328, 153, 6);
INSERT INTO album (album_id, artist_id, title, release_year, created_at) VALUES (354, 174, 'Adaptive exuding system engine', 1976, NOW());
INSERT INTO song (song_id, album_id, name, duration_seconds, bpm, track_number) VALUES (2699, 354, 'Section change', 318, 101, 1);
INSERT INTO song (song_id, album_id, name, duration_seconds, bpm, track_number) VALUES (2700, 354, 'Then', 222, 69, 2);
INSERT INTO song (song_id, album_id, name, duration_seconds, bpm, track_number) VALUES (2701, 354, 'Institution', 403, 91, 3);
INSERT INTO song (song_id, album_id, name, duration_seconds, bpm, track_number) VALUES (2702, 354, 'Congress difficult tree very view', 462, 109, 4);
INSERT INTO song (song_id, album_id, name, duration_seconds, bpm, track_number) VALUES (2703, 354, 'Somebody box ahead heart', 213, 153, 5);
INSERT INTO song (song_id, album_id, name, duration_seconds, bpm, track_number) VALUES (2704, 354, 'Positive', 228, 87, 6);
INSERT INTO song (song_id, album_id, name, duration_seconds, bpm, track_number) VALUES (2705, 354, 'Family pass summer street prevent', 148, 70, 7);
INSERT INTO song (song_id, album_id, name, duration_seconds, bpm, track_number) VALUES (2706, 354, 'Head', 210, 172, 8);
INSERT INTO song (song_id, album_id, name, duration_seconds, bpm, track_number) VALUES (2707, 354, 'Forward kitchen', 181, 87, 9);
INSERT INTO album (album_id, artist_id, title, release_year, created_at) VALUES (355, 174, 'Public-key cohesive moratorium', 1970, NOW());
INSERT INTO song (song_id, album_id, name, duration_seconds, bpm, track_number) VALUES (2708, 355, 'Something edge she animal', 320, 134, 1);
INSERT INTO song (song_id, album_id, name, duration_seconds, bpm, track_number) VALUES (2709, 355, 'Traditional', 397, 89, 2);
INSERT INTO song (song_id, album_id, name, duration_seconds, bpm, track_number) VALUES (2710, 355, 'New', 395, 82, 3);
INSERT INTO song (song_id, album_id, name, duration_seconds, bpm, track_number) VALUES (2711, 355, 'Dark', 350, 118, 4);
INSERT INTO song (song_id, album_id, name, duration_seconds, bpm, track_number) VALUES (2712, 355, 'Wish skin', 153, 110, 5);
INSERT INTO album (album_id, artist_id, title, release_year, created_at) VALUES (356, 175, 'Customizable incremental success', 2002, NOW());
INSERT INTO song (song_id, album_id, name, duration_seconds, bpm, track_number) VALUES (2713, 356, 'Ahead couple hard', 414, 97, 1);
INSERT INTO song (song_id, album_id, name, duration_seconds, bpm, track_number) VALUES (2714, 356, 'Nation attention', 306, 113, 2);
INSERT INTO song (song_id, album_id, name, duration_seconds, bpm, track_number) VALUES (2715, 356, 'Other conference', 463, 84, 3);
INSERT INTO song (song_id, album_id, name, duration_seconds, bpm, track_number) VALUES (2716, 356, 'Myself part form beautiful their', 448, 169, 4);
INSERT INTO song (song_id, album_id, name, duration_seconds, bpm, track_number) VALUES (2717, 356, 'Push against', 262, 173, 5);
INSERT INTO song (song_id, album_id, name, duration_seconds, bpm, track_number) VALUES (2718, 356, 'Energy center', 323, 80, 6);
INSERT INTO song (song_id, album_id, name, duration_seconds, bpm, track_number) VALUES (2719, 356, 'Nothing eight serious', 346, 112, 7);
INSERT INTO song (song_id, album_id, name, duration_seconds, bpm, track_number) VALUES (2720, 356, 'Girl', 230, 154, 8);
INSERT INTO song (song_id, album_id, name, duration_seconds, bpm, track_number) VALUES (2721, 356, 'Less', 132, 138, 9);
INSERT INTO song (song_id, album_id, name, duration_seconds, bpm, track_number) VALUES (2722, 356, 'Dinner choose according budget east', 313, 156, 10);
INSERT INTO album (album_id, artist_id, title, release_year, created_at) VALUES (357, 175, 'Monitored directional methodology', 1979, NOW());
INSERT INTO song (song_id, album_id, name, duration_seconds, bpm, track_number) VALUES (2723, 357, 'Method month', 186, 87, 1);
INSERT INTO song (song_id, album_id, name, duration_seconds, bpm, track_number) VALUES (2724, 357, 'Claim yes', 315, 82, 2);
INSERT INTO song (song_id, album_id, name, duration_seconds, bpm, track_number) VALUES (2725, 357, 'Along bed people', 441, 168, 3);
INSERT INTO song (song_id, album_id, name, duration_seconds, bpm, track_number) VALUES (2726, 357, 'Put only', 407, 82, 4);
INSERT INTO song (song_id, album_id, name, duration_seconds, bpm, track_number) VALUES (2727, 357, 'North eye', 342, 142, 5);
INSERT INTO song (song_id, album_id, name, duration_seconds, bpm, track_number) VALUES (2728, 357, 'Newspaper thing between', 187, 118, 6);
INSERT INTO song (song_id, album_id, name, duration_seconds, bpm, track_number) VALUES (2729, 357, 'See', 387, 126, 7);
INSERT INTO song (song_id, album_id, name, duration_seconds, bpm, track_number) VALUES (2730, 357, 'Purpose herself increase thousand', 309, 170, 8);
INSERT INTO song (song_id, album_id, name, duration_seconds, bpm, track_number) VALUES (2731, 357, 'Than just', 424, 68, 9);
INSERT INTO song (song_id, album_id, name, duration_seconds, bpm, track_number) VALUES (2732, 357, 'You speak', 443, 95, 10);
INSERT INTO album (album_id, artist_id, title, release_year, created_at) VALUES (358, 176, 'Organized content-based capacity', 2010, NOW());
INSERT INTO song (song_id, album_id, name, duration_seconds, bpm, track_number) VALUES (2733, 358, 'Reason everybody', 424, 157, 1);
INSERT INTO song (song_id, album_id, name, duration_seconds, bpm, track_number) VALUES (2734, 358, 'Audience', 134, 114, 2);
INSERT INTO song (song_id, album_id, name, duration_seconds, bpm, track_number) VALUES (2735, 358, 'Rich sister medical', 326, 130, 3);
INSERT INTO song (song_id, album_id, name, duration_seconds, bpm, track_number) VALUES (2736, 358, 'Direction', 233, 179, 4);
INSERT INTO song (song_id, album_id, name, duration_seconds, bpm, track_number) VALUES (2737, 358, 'Thank skin', 210, 132, 5);
INSERT INTO album (album_id, artist_id, title, release_year, created_at) VALUES (359, 176, 'Customer-focused fault-tolerant approach', 1988, NOW());
INSERT INTO song (song_id, album_id, name, duration_seconds, bpm, track_number) VALUES (2738, 359, 'Property point', 264, 90, 1);
INSERT INTO song (song_id, album_id, name, duration_seconds, bpm, track_number) VALUES (2739, 359, 'Must', 155, 173, 2);
INSERT INTO song (song_id, album_id, name, duration_seconds, bpm, track_number) VALUES (2740, 359, 'So wind', 240, 165, 3);
INSERT INTO song (song_id, album_id, name, duration_seconds, bpm, track_number) VALUES (2741, 359, 'Camera kind', 178, 140, 4);
INSERT INTO song (song_id, album_id, name, duration_seconds, bpm, track_number) VALUES (2742, 359, 'Against weight animal', 246, 163, 5);
INSERT INTO song (song_id, album_id, name, duration_seconds, bpm, track_number) VALUES (2743, 359, 'Suddenly a act', 307, 114, 6);
INSERT INTO song (song_id, album_id, name, duration_seconds, bpm, track_number) VALUES (2744, 359, 'Practice change', 415, 115, 7);
INSERT INTO album (album_id, artist_id, title, release_year, created_at) VALUES (360, 176, 'Grass-roots impactful data-warehouse', 1986, NOW());
INSERT INTO song (song_id, album_id, name, duration_seconds, bpm, track_number) VALUES (2745, 360, 'Participant', 270, 125, 1);
INSERT INTO song (song_id, album_id, name, duration_seconds, bpm, track_number) VALUES (2746, 360, 'Reach', 460, 122, 2);
INSERT INTO song (song_id, album_id, name, duration_seconds, bpm, track_number) VALUES (2747, 360, 'East body', 303, 77, 3);
INSERT INTO song (song_id, album_id, name, duration_seconds, bpm, track_number) VALUES (2748, 360, 'Win a week', 124, 68, 4);
INSERT INTO song (song_id, album_id, name, duration_seconds, bpm, track_number) VALUES (2749, 360, 'Paper', 382, 94, 5);
INSERT INTO song (song_id, album_id, name, duration_seconds, bpm, track_number) VALUES (2750, 360, 'Someone development', 464, 101, 6);
INSERT INTO song (song_id, album_id, name, duration_seconds, bpm, track_number) VALUES (2751, 360, 'Age', 221, 148, 7);
INSERT INTO album (album_id, artist_id, title, release_year, created_at) VALUES (361, 177, 'De-engineered motivating initiative', 1986, NOW());
INSERT INTO song (song_id, album_id, name, duration_seconds, bpm, track_number) VALUES (2752, 361, 'Recognize', 389, 168, 1);
INSERT INTO song (song_id, album_id, name, duration_seconds, bpm, track_number) VALUES (2753, 361, 'Almost suddenly science', 196, 63, 2);
INSERT INTO song (song_id, album_id, name, duration_seconds, bpm, track_number) VALUES (2754, 361, 'Author leader yeah', 412, 147, 3);
INSERT INTO song (song_id, album_id, name, duration_seconds, bpm, track_number) VALUES (2755, 361, 'It life civil energy', 446, 102, 4);
INSERT INTO song (song_id, album_id, name, duration_seconds, bpm, track_number) VALUES (2756, 361, 'Type particular', 459, 96, 5);
INSERT INTO song (song_id, album_id, name, duration_seconds, bpm, track_number) VALUES (2757, 361, 'Return technology specific drive next', 249, 117, 6);
INSERT INTO song (song_id, album_id, name, duration_seconds, bpm, track_number) VALUES (2758, 361, 'Fund major', 296, 67, 7);
INSERT INTO song (song_id, album_id, name, duration_seconds, bpm, track_number) VALUES (2759, 361, 'Forward', 190, 63, 8);
INSERT INTO song (song_id, album_id, name, duration_seconds, bpm, track_number) VALUES (2760, 361, 'Card', 396, 88, 9);
INSERT INTO album (album_id, artist_id, title, release_year, created_at) VALUES (362, 178, 'Synergistic exuding framework', 1981, NOW());
INSERT INTO song (song_id, album_id, name, duration_seconds, bpm, track_number) VALUES (2761, 362, 'Significant', 414, 78, 1);
INSERT INTO song (song_id, album_id, name, duration_seconds, bpm, track_number) VALUES (2762, 362, 'Staff bag baby almost', 273, 62, 2);
INSERT INTO song (song_id, album_id, name, duration_seconds, bpm, track_number) VALUES (2763, 362, 'Training', 393, 160, 3);
INSERT INTO song (song_id, album_id, name, duration_seconds, bpm, track_number) VALUES (2764, 362, 'Through', 360, 140, 4);
INSERT INTO song (song_id, album_id, name, duration_seconds, bpm, track_number) VALUES (2765, 362, 'Cover husband tonight', 431, 154, 5);
INSERT INTO song (song_id, album_id, name, duration_seconds, bpm, track_number) VALUES (2766, 362, 'Institution', 297, 87, 6);
INSERT INTO song (song_id, album_id, name, duration_seconds, bpm, track_number) VALUES (2767, 362, 'Shake', 129, 117, 7);
INSERT INTO song (song_id, album_id, name, duration_seconds, bpm, track_number) VALUES (2768, 362, 'Much', 170, 174, 8);
INSERT INTO song (song_id, album_id, name, duration_seconds, bpm, track_number) VALUES (2769, 362, 'Operation fight sometimes something', 334, 176, 9);
INSERT INTO song (song_id, album_id, name, duration_seconds, bpm, track_number) VALUES (2770, 362, 'Decision', 414, 77, 10);
INSERT INTO album (album_id, artist_id, title, release_year, created_at) VALUES (363, 179, 'Cross-platform explicit archive', 2000, NOW());
INSERT INTO song (song_id, album_id, name, duration_seconds, bpm, track_number) VALUES (2771, 363, 'Difficult bring center', 308, 96, 1);
INSERT INTO song (song_id, album_id, name, duration_seconds, bpm, track_number) VALUES (2772, 363, 'Father', 183, 162, 2);
INSERT INTO song (song_id, album_id, name, duration_seconds, bpm, track_number) VALUES (2773, 363, 'Figure', 327, 119, 3);
INSERT INTO song (song_id, album_id, name, duration_seconds, bpm, track_number) VALUES (2774, 363, 'One fall', 349, 119, 4);
INSERT INTO song (song_id, album_id, name, duration_seconds, bpm, track_number) VALUES (2775, 363, 'Parent must', 200, 146, 5);
INSERT INTO song (song_id, album_id, name, duration_seconds, bpm, track_number) VALUES (2776, 363, 'Boy', 350, 125, 6);
INSERT INTO album (album_id, artist_id, title, release_year, created_at) VALUES (364, 179, 'Compatible demand-driven functionalities', 2005, NOW());
INSERT INTO song (song_id, album_id, name, duration_seconds, bpm, track_number) VALUES (2777, 364, 'Cause special then', 457, 85, 1);
INSERT INTO song (song_id, album_id, name, duration_seconds, bpm, track_number) VALUES (2778, 364, 'Finally', 309, 122, 2);
INSERT INTO song (song_id, album_id, name, duration_seconds, bpm, track_number) VALUES (2779, 364, 'Themselves', 184, 180, 3);
INSERT INTO song (song_id, album_id, name, duration_seconds, bpm, track_number) VALUES (2780, 364, 'Develop', 444, 83, 4);
INSERT INTO song (song_id, album_id, name, duration_seconds, bpm, track_number) VALUES (2781, 364, 'Over design', 174, 86, 5);
INSERT INTO song (song_id, album_id, name, duration_seconds, bpm, track_number) VALUES (2782, 364, 'Agency way', 243, 83, 6);
INSERT INTO song (song_id, album_id, name, duration_seconds, bpm, track_number) VALUES (2783, 364, 'To investment sell', 316, 161, 7);
INSERT INTO song (song_id, album_id, name, duration_seconds, bpm, track_number) VALUES (2784, 364, 'Matter', 142, 167, 8);
INSERT INTO song (song_id, album_id, name, duration_seconds, bpm, track_number) VALUES (2785, 364, 'Career', 277, 137, 9);
INSERT INTO album (album_id, artist_id, title, release_year, created_at) VALUES (365, 179, 'Profit-focused 4thgeneration solution', 2016, NOW());
INSERT INTO song (song_id, album_id, name, duration_seconds, bpm, track_number) VALUES (2786, 365, 'Return option', 391, 135, 1);
INSERT INTO song (song_id, album_id, name, duration_seconds, bpm, track_number) VALUES (2787, 365, 'Move', 254, 143, 2);
INSERT INTO song (song_id, album_id, name, duration_seconds, bpm, track_number) VALUES (2788, 365, 'You', 215, 100, 3);
INSERT INTO song (song_id, album_id, name, duration_seconds, bpm, track_number) VALUES (2789, 365, 'Where whole Congress moment', 370, 121, 4);
INSERT INTO song (song_id, album_id, name, duration_seconds, bpm, track_number) VALUES (2790, 365, 'Development film', 143, 62, 5);
INSERT INTO album (album_id, artist_id, title, release_year, created_at) VALUES (366, 180, 'Optional modular moratorium', 1993, NOW());
INSERT INTO song (song_id, album_id, name, duration_seconds, bpm, track_number) VALUES (2791, 366, 'Pressure society scene', 223, 105, 1);
INSERT INTO song (song_id, album_id, name, duration_seconds, bpm, track_number) VALUES (2792, 366, 'Even', 208, 113, 2);
INSERT INTO song (song_id, album_id, name, duration_seconds, bpm, track_number) VALUES (2793, 366, 'Plan', 215, 66, 3);
INSERT INTO song (song_id, album_id, name, duration_seconds, bpm, track_number) VALUES (2794, 366, 'Interesting participant role remember', 229, 103, 4);
INSERT INTO song (song_id, album_id, name, duration_seconds, bpm, track_number) VALUES (2795, 366, 'Fall art', 340, 67, 5);
INSERT INTO song (song_id, album_id, name, duration_seconds, bpm, track_number) VALUES (2796, 366, 'Soldier surface', 268, 74, 6);
INSERT INTO song (song_id, album_id, name, duration_seconds, bpm, track_number) VALUES (2797, 366, 'Their', 164, 147, 7);
INSERT INTO song (song_id, album_id, name, duration_seconds, bpm, track_number) VALUES (2798, 366, 'Young include', 233, 116, 8);
INSERT INTO album (album_id, artist_id, title, release_year, created_at) VALUES (367, 180, 'Profound neutral groupware', 1988, NOW());
INSERT INTO song (song_id, album_id, name, duration_seconds, bpm, track_number) VALUES (2799, 367, 'New community at rich', 181, 113, 1);
INSERT INTO song (song_id, album_id, name, duration_seconds, bpm, track_number) VALUES (2800, 367, 'Interview teacher phone', 446, 151, 2);
INSERT INTO song (song_id, album_id, name, duration_seconds, bpm, track_number) VALUES (2801, 367, 'Debate', 147, 127, 3);
INSERT INTO song (song_id, album_id, name, duration_seconds, bpm, track_number) VALUES (2802, 367, 'Owner', 290, 136, 4);
INSERT INTO song (song_id, album_id, name, duration_seconds, bpm, track_number) VALUES (2803, 367, 'Several shoulder', 418, 118, 5);
INSERT INTO song (song_id, album_id, name, duration_seconds, bpm, track_number) VALUES (2804, 367, 'Show base process', 420, 70, 6);
INSERT INTO song (song_id, album_id, name, duration_seconds, bpm, track_number) VALUES (2805, 367, 'Tough', 126, 140, 7);
INSERT INTO song (song_id, album_id, name, duration_seconds, bpm, track_number) VALUES (2806, 367, 'Significant billion act', 143, 96, 8);
INSERT INTO album (album_id, artist_id, title, release_year, created_at) VALUES (368, 181, 'Visionary full-range function', 1993, NOW());
INSERT INTO song (song_id, album_id, name, duration_seconds, bpm, track_number) VALUES (2807, 368, 'Reduce my official', 150, 95, 1);
INSERT INTO song (song_id, album_id, name, duration_seconds, bpm, track_number) VALUES (2808, 368, 'Picture', 473, 93, 2);
INSERT INTO song (song_id, album_id, name, duration_seconds, bpm, track_number) VALUES (2809, 368, 'Manage', 435, 99, 3);
INSERT INTO song (song_id, album_id, name, duration_seconds, bpm, track_number) VALUES (2810, 368, 'Simply he hope big', 229, 127, 4);
INSERT INTO song (song_id, album_id, name, duration_seconds, bpm, track_number) VALUES (2811, 368, 'Join agency', 461, 90, 5);
INSERT INTO song (song_id, album_id, name, duration_seconds, bpm, track_number) VALUES (2812, 368, 'Environmental', 347, 119, 6);
INSERT INTO song (song_id, album_id, name, duration_seconds, bpm, track_number) VALUES (2813, 368, 'Lose common white service agreement', 391, 171, 7);
INSERT INTO song (song_id, album_id, name, duration_seconds, bpm, track_number) VALUES (2814, 368, 'Hand main', 423, 138, 8);
INSERT INTO song (song_id, album_id, name, duration_seconds, bpm, track_number) VALUES (2815, 368, 'Offer live choice', 232, 126, 9);
INSERT INTO album (album_id, artist_id, title, release_year, created_at) VALUES (369, 182, 'Right-sized client-server database', 2023, NOW());
INSERT INTO song (song_id, album_id, name, duration_seconds, bpm, track_number) VALUES (2816, 369, 'His thank lead', 464, 131, 1);
INSERT INTO song (song_id, album_id, name, duration_seconds, bpm, track_number) VALUES (2817, 369, 'Model', 277, 169, 2);
INSERT INTO song (song_id, album_id, name, duration_seconds, bpm, track_number) VALUES (2818, 369, 'Deal child', 388, 88, 3);
INSERT INTO song (song_id, album_id, name, duration_seconds, bpm, track_number) VALUES (2819, 369, 'Approach', 322, 107, 4);
INSERT INTO song (song_id, album_id, name, duration_seconds, bpm, track_number) VALUES (2820, 369, 'Remember happen', 440, 113, 5);
INSERT INTO song (song_id, album_id, name, duration_seconds, bpm, track_number) VALUES (2821, 369, 'Yard', 155, 103, 6);
INSERT INTO song (song_id, album_id, name, duration_seconds, bpm, track_number) VALUES (2822, 369, 'Mr continue seem tend', 472, 151, 7);
INSERT INTO album (album_id, artist_id, title, release_year, created_at) VALUES (370, 182, 'Vision-oriented 3rdgeneration projection', 1982, NOW());
INSERT INTO song (song_id, album_id, name, duration_seconds, bpm, track_number) VALUES (2823, 370, 'Night color', 407, 142, 1);
INSERT INTO song (song_id, album_id, name, duration_seconds, bpm, track_number) VALUES (2824, 370, 'Ever', 362, 104, 2);
INSERT INTO song (song_id, album_id, name, duration_seconds, bpm, track_number) VALUES (2825, 370, 'Employee red', 354, 116, 3);
INSERT INTO song (song_id, album_id, name, duration_seconds, bpm, track_number) VALUES (2826, 370, 'Science appear', 479, 145, 4);
INSERT INTO song (song_id, album_id, name, duration_seconds, bpm, track_number) VALUES (2827, 370, 'System church', 281, 168, 5);
INSERT INTO song (song_id, album_id, name, duration_seconds, bpm, track_number) VALUES (2828, 370, 'Individual eight', 413, 180, 6);
INSERT INTO song (song_id, album_id, name, duration_seconds, bpm, track_number) VALUES (2829, 370, 'Star', 146, 88, 7);
INSERT INTO song (song_id, album_id, name, duration_seconds, bpm, track_number) VALUES (2830, 370, 'Should community', 160, 109, 8);
INSERT INTO song (song_id, album_id, name, duration_seconds, bpm, track_number) VALUES (2831, 370, 'Eight glass eye', 246, 166, 9);
INSERT INTO song (song_id, album_id, name, duration_seconds, bpm, track_number) VALUES (2832, 370, 'But laugh', 125, 170, 10);
INSERT INTO album (album_id, artist_id, title, release_year, created_at) VALUES (371, 183, 'Compatible cohesive functionalities', 2014, NOW());
INSERT INTO song (song_id, album_id, name, duration_seconds, bpm, track_number) VALUES (2833, 371, 'The', 338, 136, 1);
INSERT INTO song (song_id, album_id, name, duration_seconds, bpm, track_number) VALUES (2834, 371, 'By air', 301, 160, 2);
INSERT INTO song (song_id, album_id, name, duration_seconds, bpm, track_number) VALUES (2835, 371, 'Condition sit short', 352, 172, 3);
INSERT INTO song (song_id, album_id, name, duration_seconds, bpm, track_number) VALUES (2836, 371, 'If lay get newspaper', 296, 76, 4);
INSERT INTO song (song_id, album_id, name, duration_seconds, bpm, track_number) VALUES (2837, 371, 'Than', 405, 176, 5);
INSERT INTO song (song_id, album_id, name, duration_seconds, bpm, track_number) VALUES (2838, 371, 'Nation sure successful', 167, 88, 6);
INSERT INTO song (song_id, album_id, name, duration_seconds, bpm, track_number) VALUES (2839, 371, 'Say', 351, 89, 7);
INSERT INTO song (song_id, album_id, name, duration_seconds, bpm, track_number) VALUES (2840, 371, 'Step', 296, 167, 8);
INSERT INTO song (song_id, album_id, name, duration_seconds, bpm, track_number) VALUES (2841, 371, 'Reflect', 210, 146, 9);
INSERT INTO song (song_id, album_id, name, duration_seconds, bpm, track_number) VALUES (2842, 371, 'Quickly TV student', 372, 92, 10);
INSERT INTO album (album_id, artist_id, title, release_year, created_at) VALUES (372, 184, 'Secured discrete projection', 2011, NOW());
INSERT INTO song (song_id, album_id, name, duration_seconds, bpm, track_number) VALUES (2843, 372, 'Arm', 279, 177, 1);
INSERT INTO song (song_id, album_id, name, duration_seconds, bpm, track_number) VALUES (2844, 372, 'Strategy most take', 367, 103, 2);
INSERT INTO song (song_id, album_id, name, duration_seconds, bpm, track_number) VALUES (2845, 372, 'Ability just', 361, 169, 3);
INSERT INTO song (song_id, album_id, name, duration_seconds, bpm, track_number) VALUES (2846, 372, 'Particularly', 295, 166, 4);
INSERT INTO song (song_id, album_id, name, duration_seconds, bpm, track_number) VALUES (2847, 372, 'All', 304, 143, 5);
INSERT INTO song (song_id, album_id, name, duration_seconds, bpm, track_number) VALUES (2848, 372, 'Success thank', 269, 107, 6);
INSERT INTO song (song_id, album_id, name, duration_seconds, bpm, track_number) VALUES (2849, 372, 'Take', 315, 97, 7);
INSERT INTO song (song_id, album_id, name, duration_seconds, bpm, track_number) VALUES (2850, 372, 'At woman', 270, 175, 8);
INSERT INTO song (song_id, album_id, name, duration_seconds, bpm, track_number) VALUES (2851, 372, 'Center', 120, 82, 9);
INSERT INTO album (album_id, artist_id, title, release_year, created_at) VALUES (373, 185, 'Synergistic demand-driven definition', 2025, NOW());
INSERT INTO song (song_id, album_id, name, duration_seconds, bpm, track_number) VALUES (2852, 373, 'According', 316, 132, 1);
INSERT INTO song (song_id, album_id, name, duration_seconds, bpm, track_number) VALUES (2853, 373, 'War discuss', 284, 80, 2);
INSERT INTO song (song_id, album_id, name, duration_seconds, bpm, track_number) VALUES (2854, 373, 'House teacher hand process', 150, 160, 3);
INSERT INTO song (song_id, album_id, name, duration_seconds, bpm, track_number) VALUES (2855, 373, 'Concern', 458, 173, 4);
INSERT INTO song (song_id, album_id, name, duration_seconds, bpm, track_number) VALUES (2856, 373, 'War stop', 465, 178, 5);
INSERT INTO song (song_id, album_id, name, duration_seconds, bpm, track_number) VALUES (2857, 373, 'Simply might your', 352, 167, 6);
INSERT INTO song (song_id, album_id, name, duration_seconds, bpm, track_number) VALUES (2858, 373, 'Son simple fact assume', 398, 168, 7);
INSERT INTO song (song_id, album_id, name, duration_seconds, bpm, track_number) VALUES (2859, 373, 'Well', 346, 103, 8);
INSERT INTO song (song_id, album_id, name, duration_seconds, bpm, track_number) VALUES (2860, 373, 'Every share', 166, 112, 9);
INSERT INTO album (album_id, artist_id, title, release_year, created_at) VALUES (374, 185, 'Face-to-face attitude-oriented product', 2021, NOW());
INSERT INTO song (song_id, album_id, name, duration_seconds, bpm, track_number) VALUES (2861, 374, 'Health until particular figure', 328, 68, 1);
INSERT INTO song (song_id, album_id, name, duration_seconds, bpm, track_number) VALUES (2862, 374, 'Myself tough', 188, 110, 2);
INSERT INTO song (song_id, album_id, name, duration_seconds, bpm, track_number) VALUES (2863, 374, 'Base market', 447, 168, 3);
INSERT INTO song (song_id, album_id, name, duration_seconds, bpm, track_number) VALUES (2864, 374, 'Key hair factor', 233, 110, 4);
INSERT INTO song (song_id, album_id, name, duration_seconds, bpm, track_number) VALUES (2865, 374, 'Four', 445, 89, 5);
INSERT INTO song (song_id, album_id, name, duration_seconds, bpm, track_number) VALUES (2866, 374, 'Point', 470, 80, 6);
INSERT INTO song (song_id, album_id, name, duration_seconds, bpm, track_number) VALUES (2867, 374, 'Hot deal', 328, 96, 7);
INSERT INTO album (album_id, artist_id, title, release_year, created_at) VALUES (375, 185, 'Public-key needs-based contingency', 1970, NOW());
INSERT INTO song (song_id, album_id, name, duration_seconds, bpm, track_number) VALUES (2868, 375, 'Tend why decide', 463, 176, 1);
INSERT INTO song (song_id, album_id, name, duration_seconds, bpm, track_number) VALUES (2869, 375, 'Positive activity', 231, 135, 2);
INSERT INTO song (song_id, album_id, name, duration_seconds, bpm, track_number) VALUES (2870, 375, 'Also use', 187, 152, 3);
INSERT INTO song (song_id, album_id, name, duration_seconds, bpm, track_number) VALUES (2871, 375, 'His', 222, 132, 4);
INSERT INTO song (song_id, album_id, name, duration_seconds, bpm, track_number) VALUES (2872, 375, 'Read idea', 248, 91, 5);
INSERT INTO song (song_id, album_id, name, duration_seconds, bpm, track_number) VALUES (2873, 375, 'Sell hair', 423, 119, 6);
INSERT INTO album (album_id, artist_id, title, release_year, created_at) VALUES (376, 186, 'Adaptive reciprocal knowledge user', 2018, NOW());
INSERT INTO song (song_id, album_id, name, duration_seconds, bpm, track_number) VALUES (2874, 376, 'Case clearly back trade', 472, 156, 1);
INSERT INTO song (song_id, album_id, name, duration_seconds, bpm, track_number) VALUES (2875, 376, 'Hour item', 385, 175, 2);
INSERT INTO song (song_id, album_id, name, duration_seconds, bpm, track_number) VALUES (2876, 376, 'Standard us', 420, 72, 3);
INSERT INTO song (song_id, album_id, name, duration_seconds, bpm, track_number) VALUES (2877, 376, 'Us', 334, 67, 4);
INSERT INTO song (song_id, album_id, name, duration_seconds, bpm, track_number) VALUES (2878, 376, 'As', 121, 131, 5);
INSERT INTO song (song_id, album_id, name, duration_seconds, bpm, track_number) VALUES (2879, 376, 'Top', 349, 67, 6);
INSERT INTO song (song_id, album_id, name, duration_seconds, bpm, track_number) VALUES (2880, 376, 'Individual development suddenly', 380, 134, 7);
INSERT INTO album (album_id, artist_id, title, release_year, created_at) VALUES (377, 186, 'Universal dynamic hub', 1986, NOW());
INSERT INTO song (song_id, album_id, name, duration_seconds, bpm, track_number) VALUES (2881, 377, 'National', 326, 104, 1);
INSERT INTO song (song_id, album_id, name, duration_seconds, bpm, track_number) VALUES (2882, 377, 'Power', 145, 144, 2);
INSERT INTO song (song_id, album_id, name, duration_seconds, bpm, track_number) VALUES (2883, 377, 'All whatever up', 382, 93, 3);
INSERT INTO song (song_id, album_id, name, duration_seconds, bpm, track_number) VALUES (2884, 377, 'Necessary', 420, 161, 4);
INSERT INTO song (song_id, album_id, name, duration_seconds, bpm, track_number) VALUES (2885, 377, 'Meeting', 267, 82, 5);
INSERT INTO song (song_id, album_id, name, duration_seconds, bpm, track_number) VALUES (2886, 377, 'Civil money if president', 296, 160, 6);
INSERT INTO song (song_id, album_id, name, duration_seconds, bpm, track_number) VALUES (2887, 377, 'Lot need begin resource', 189, 117, 7);
INSERT INTO song (song_id, album_id, name, duration_seconds, bpm, track_number) VALUES (2888, 377, 'With check', 136, 123, 8);
INSERT INTO song (song_id, album_id, name, duration_seconds, bpm, track_number) VALUES (2889, 377, 'Detail government', 291, 145, 9);
INSERT INTO song (song_id, album_id, name, duration_seconds, bpm, track_number) VALUES (2890, 377, 'Side city', 274, 149, 10);
INSERT INTO album (album_id, artist_id, title, release_year, created_at) VALUES (378, 186, 'Open-source fault-tolerant monitoring', 2024, NOW());
INSERT INTO song (song_id, album_id, name, duration_seconds, bpm, track_number) VALUES (2891, 378, 'Right', 233, 151, 1);
INSERT INTO song (song_id, album_id, name, duration_seconds, bpm, track_number) VALUES (2892, 378, 'At believe', 129, 131, 2);
INSERT INTO song (song_id, album_id, name, duration_seconds, bpm, track_number) VALUES (2893, 378, 'Appear meet', 284, 75, 3);
INSERT INTO song (song_id, album_id, name, duration_seconds, bpm, track_number) VALUES (2894, 378, 'Whom central smile land', 459, 174, 4);
INSERT INTO song (song_id, album_id, name, duration_seconds, bpm, track_number) VALUES (2895, 378, 'Either game', 476, 113, 5);
INSERT INTO song (song_id, album_id, name, duration_seconds, bpm, track_number) VALUES (2896, 378, 'Serious', 414, 143, 6);
INSERT INTO song (song_id, album_id, name, duration_seconds, bpm, track_number) VALUES (2897, 378, 'Police', 452, 150, 7);
INSERT INTO album (album_id, artist_id, title, release_year, created_at) VALUES (379, 187, 'Phased motivating protocol', 1991, NOW());
INSERT INTO song (song_id, album_id, name, duration_seconds, bpm, track_number) VALUES (2898, 379, 'Top', 318, 99, 1);
INSERT INTO song (song_id, album_id, name, duration_seconds, bpm, track_number) VALUES (2899, 379, 'Course high allow event', 412, 125, 2);
INSERT INTO song (song_id, album_id, name, duration_seconds, bpm, track_number) VALUES (2900, 379, 'See type pull', 129, 64, 3);
INSERT INTO song (song_id, album_id, name, duration_seconds, bpm, track_number) VALUES (2901, 379, 'Pm feeling', 122, 146, 4);
INSERT INTO song (song_id, album_id, name, duration_seconds, bpm, track_number) VALUES (2902, 379, 'Beat', 409, 90, 5);
INSERT INTO song (song_id, album_id, name, duration_seconds, bpm, track_number) VALUES (2903, 379, 'Just professor', 229, 117, 6);
INSERT INTO song (song_id, album_id, name, duration_seconds, bpm, track_number) VALUES (2904, 379, 'Amount', 303, 145, 7);
INSERT INTO song (song_id, album_id, name, duration_seconds, bpm, track_number) VALUES (2905, 379, 'Past', 263, 91, 8);
INSERT INTO song (song_id, album_id, name, duration_seconds, bpm, track_number) VALUES (2906, 379, 'Tough act worry', 292, 139, 9);
INSERT INTO album (album_id, artist_id, title, release_year, created_at) VALUES (380, 187, 'Front-line context-sensitive infrastructure', 2022, NOW());
INSERT INTO song (song_id, album_id, name, duration_seconds, bpm, track_number) VALUES (2907, 380, 'Room whole', 473, 63, 1);
INSERT INTO song (song_id, album_id, name, duration_seconds, bpm, track_number) VALUES (2908, 380, 'Gas grow PM pretty', 455, 169, 2);
INSERT INTO song (song_id, album_id, name, duration_seconds, bpm, track_number) VALUES (2909, 380, 'Thank about size', 333, 125, 3);
INSERT INTO song (song_id, album_id, name, duration_seconds, bpm, track_number) VALUES (2910, 380, 'Traditional for reduce teach late', 426, 100, 4);
INSERT INTO song (song_id, album_id, name, duration_seconds, bpm, track_number) VALUES (2911, 380, 'Knowledge any we information', 399, 160, 5);
INSERT INTO song (song_id, album_id, name, duration_seconds, bpm, track_number) VALUES (2912, 380, 'Food travel success for stand', 212, 154, 6);
INSERT INTO song (song_id, album_id, name, duration_seconds, bpm, track_number) VALUES (2913, 380, 'Respond possible scene', 432, 80, 7);
INSERT INTO song (song_id, album_id, name, duration_seconds, bpm, track_number) VALUES (2914, 380, 'Eye', 165, 140, 8);
INSERT INTO song (song_id, album_id, name, duration_seconds, bpm, track_number) VALUES (2915, 380, 'Avoid', 323, 90, 9);
INSERT INTO song (song_id, album_id, name, duration_seconds, bpm, track_number) VALUES (2916, 380, 'Information day', 372, 69, 10);
INSERT INTO album (album_id, artist_id, title, release_year, created_at) VALUES (381, 188, 'Reactive asymmetric knowledgebase', 2016, NOW());
INSERT INTO song (song_id, album_id, name, duration_seconds, bpm, track_number) VALUES (2917, 381, 'Already point energy', 314, 142, 1);
INSERT INTO song (song_id, album_id, name, duration_seconds, bpm, track_number) VALUES (2918, 381, 'Especially', 426, 149, 2);
INSERT INTO song (song_id, album_id, name, duration_seconds, bpm, track_number) VALUES (2919, 381, 'Next order', 341, 137, 3);
INSERT INTO song (song_id, album_id, name, duration_seconds, bpm, track_number) VALUES (2920, 381, 'Product', 329, 71, 4);
INSERT INTO song (song_id, album_id, name, duration_seconds, bpm, track_number) VALUES (2921, 381, 'Necessary law team husband interest', 356, 83, 5);
INSERT INTO song (song_id, album_id, name, duration_seconds, bpm, track_number) VALUES (2922, 381, 'Politics', 466, 98, 6);
INSERT INTO song (song_id, album_id, name, duration_seconds, bpm, track_number) VALUES (2923, 381, 'Specific', 165, 111, 7);
INSERT INTO song (song_id, album_id, name, duration_seconds, bpm, track_number) VALUES (2924, 381, 'What give', 315, 97, 8);
INSERT INTO song (song_id, album_id, name, duration_seconds, bpm, track_number) VALUES (2925, 381, 'Teach', 192, 117, 9);
INSERT INTO song (song_id, album_id, name, duration_seconds, bpm, track_number) VALUES (2926, 381, 'Science anyone nothing yard care', 366, 169, 10);
INSERT INTO album (album_id, artist_id, title, release_year, created_at) VALUES (382, 189, 'Assimilated system-worthy concept', 2023, NOW());
INSERT INTO song (song_id, album_id, name, duration_seconds, bpm, track_number) VALUES (2927, 382, 'Together high establish', 151, 77, 1);
INSERT INTO song (song_id, album_id, name, duration_seconds, bpm, track_number) VALUES (2928, 382, 'Forward world turn especially significant', 334, 120, 2);
INSERT INTO song (song_id, album_id, name, duration_seconds, bpm, track_number) VALUES (2929, 382, 'Within cultural', 427, 148, 3);
INSERT INTO song (song_id, album_id, name, duration_seconds, bpm, track_number) VALUES (2930, 382, 'Expect similar', 276, 100, 4);
INSERT INTO song (song_id, album_id, name, duration_seconds, bpm, track_number) VALUES (2931, 382, 'Bed', 173, 149, 5);
INSERT INTO song (song_id, album_id, name, duration_seconds, bpm, track_number) VALUES (2932, 382, 'Woman free', 276, 141, 6);
INSERT INTO song (song_id, album_id, name, duration_seconds, bpm, track_number) VALUES (2933, 382, 'Short', 362, 114, 7);
INSERT INTO song (song_id, album_id, name, duration_seconds, bpm, track_number) VALUES (2934, 382, 'Central clearly watch', 268, 64, 8);
INSERT INTO album (album_id, artist_id, title, release_year, created_at) VALUES (383, 189, 'Optional methodical projection', 1996, NOW());
INSERT INTO song (song_id, album_id, name, duration_seconds, bpm, track_number) VALUES (2935, 383, 'Land morning', 214, 100, 1);
INSERT INTO song (song_id, album_id, name, duration_seconds, bpm, track_number) VALUES (2936, 383, 'Order either', 151, 139, 2);
INSERT INTO song (song_id, album_id, name, duration_seconds, bpm, track_number) VALUES (2937, 383, 'Some', 425, 78, 3);
INSERT INTO song (song_id, album_id, name, duration_seconds, bpm, track_number) VALUES (2938, 383, 'Third find', 224, 60, 4);
INSERT INTO song (song_id, album_id, name, duration_seconds, bpm, track_number) VALUES (2939, 383, 'Democratic meet view Congress', 441, 161, 5);
INSERT INTO song (song_id, album_id, name, duration_seconds, bpm, track_number) VALUES (2940, 383, 'Because plant ball', 132, 110, 6);
INSERT INTO song (song_id, album_id, name, duration_seconds, bpm, track_number) VALUES (2941, 383, 'She gun show', 470, 146, 7);
INSERT INTO song (song_id, album_id, name, duration_seconds, bpm, track_number) VALUES (2942, 383, 'Tend great board station', 309, 159, 8);
INSERT INTO album (album_id, artist_id, title, release_year, created_at) VALUES (384, 189, 'Polarized bandwidth-monitored emulation', 2008, NOW());
INSERT INTO song (song_id, album_id, name, duration_seconds, bpm, track_number) VALUES (2943, 384, 'Learn good', 296, 95, 1);
INSERT INTO song (song_id, album_id, name, duration_seconds, bpm, track_number) VALUES (2944, 384, 'Space', 343, 65, 2);
INSERT INTO song (song_id, album_id, name, duration_seconds, bpm, track_number) VALUES (2945, 384, 'Both first', 331, 153, 3);
INSERT INTO song (song_id, album_id, name, duration_seconds, bpm, track_number) VALUES (2946, 384, 'Discussion standard money', 213, 123, 4);
INSERT INTO song (song_id, album_id, name, duration_seconds, bpm, track_number) VALUES (2947, 384, 'Have far use', 426, 78, 5);
INSERT INTO song (song_id, album_id, name, duration_seconds, bpm, track_number) VALUES (2948, 384, 'Quality alone', 475, 62, 6);
INSERT INTO song (song_id, album_id, name, duration_seconds, bpm, track_number) VALUES (2949, 384, 'I mention oil', 330, 133, 7);
INSERT INTO album (album_id, artist_id, title, release_year, created_at) VALUES (385, 190, 'Face-to-face foreground structure', 2003, NOW());
INSERT INTO song (song_id, album_id, name, duration_seconds, bpm, track_number) VALUES (2950, 385, 'Physical', 279, 168, 1);
INSERT INTO song (song_id, album_id, name, duration_seconds, bpm, track_number) VALUES (2951, 385, 'Experience tax gas', 306, 98, 2);
INSERT INTO song (song_id, album_id, name, duration_seconds, bpm, track_number) VALUES (2952, 385, 'Teacher treat', 239, 165, 3);
INSERT INTO song (song_id, album_id, name, duration_seconds, bpm, track_number) VALUES (2953, 385, 'Front many', 230, 172, 4);
INSERT INTO song (song_id, album_id, name, duration_seconds, bpm, track_number) VALUES (2954, 385, 'There', 414, 151, 5);
INSERT INTO song (song_id, album_id, name, duration_seconds, bpm, track_number) VALUES (2955, 385, 'Share', 122, 145, 6);
INSERT INTO song (song_id, album_id, name, duration_seconds, bpm, track_number) VALUES (2956, 385, 'Life', 248, 82, 7);
INSERT INTO song (song_id, album_id, name, duration_seconds, bpm, track_number) VALUES (2957, 385, 'Clearly at under their', 338, 114, 8);
INSERT INTO album (album_id, artist_id, title, release_year, created_at) VALUES (386, 190, 'Intuitive reciprocal protocol', 1972, NOW());
INSERT INTO song (song_id, album_id, name, duration_seconds, bpm, track_number) VALUES (2958, 386, 'Name imagine', 238, 117, 1);
INSERT INTO song (song_id, album_id, name, duration_seconds, bpm, track_number) VALUES (2959, 386, 'Coach', 346, 150, 2);
INSERT INTO song (song_id, album_id, name, duration_seconds, bpm, track_number) VALUES (2960, 386, 'Involve open shake evidence', 451, 158, 3);
INSERT INTO song (song_id, album_id, name, duration_seconds, bpm, track_number) VALUES (2961, 386, 'Draw', 446, 128, 4);
INSERT INTO song (song_id, album_id, name, duration_seconds, bpm, track_number) VALUES (2962, 386, 'Account', 252, 77, 5);
INSERT INTO song (song_id, album_id, name, duration_seconds, bpm, track_number) VALUES (2963, 386, 'Agent myself education especially', 204, 176, 6);
INSERT INTO song (song_id, album_id, name, duration_seconds, bpm, track_number) VALUES (2964, 386, 'Today cover investment professional', 207, 166, 7);
INSERT INTO song (song_id, album_id, name, duration_seconds, bpm, track_number) VALUES (2965, 386, 'Leader budget number', 382, 123, 8);
INSERT INTO song (song_id, album_id, name, duration_seconds, bpm, track_number) VALUES (2966, 386, 'Energy break give', 479, 111, 9);
INSERT INTO album (album_id, artist_id, title, release_year, created_at) VALUES (387, 190, 'Adaptive impactful software', 1987, NOW());
INSERT INTO song (song_id, album_id, name, duration_seconds, bpm, track_number) VALUES (2967, 387, 'More shoulder', 145, 61, 1);
INSERT INTO song (song_id, album_id, name, duration_seconds, bpm, track_number) VALUES (2968, 387, 'Simple skill system', 316, 113, 2);
INSERT INTO song (song_id, album_id, name, duration_seconds, bpm, track_number) VALUES (2969, 387, 'Modern current', 283, 159, 3);
INSERT INTO song (song_id, album_id, name, duration_seconds, bpm, track_number) VALUES (2970, 387, 'American', 157, 67, 4);
INSERT INTO song (song_id, album_id, name, duration_seconds, bpm, track_number) VALUES (2971, 387, 'Nearly listen house', 180, 179, 5);
INSERT INTO album (album_id, artist_id, title, release_year, created_at) VALUES (388, 191, 'Assimilated 24/7 system engine', 1976, NOW());
INSERT INTO song (song_id, album_id, name, duration_seconds, bpm, track_number) VALUES (2972, 388, 'Air eat', 189, 163, 1);
INSERT INTO song (song_id, album_id, name, duration_seconds, bpm, track_number) VALUES (2973, 388, 'Born court', 241, 148, 2);
INSERT INTO song (song_id, album_id, name, duration_seconds, bpm, track_number) VALUES (2974, 388, 'Suggest total recent discuss anyone', 225, 156, 3);
INSERT INTO song (song_id, album_id, name, duration_seconds, bpm, track_number) VALUES (2975, 388, 'Successful soldier life imagine', 387, 176, 4);
INSERT INTO song (song_id, album_id, name, duration_seconds, bpm, track_number) VALUES (2976, 388, 'Spend certain', 252, 98, 5);
INSERT INTO album (album_id, artist_id, title, release_year, created_at) VALUES (389, 191, 'Stand-alone user-facing framework', 2013, NOW());
INSERT INTO song (song_id, album_id, name, duration_seconds, bpm, track_number) VALUES (2977, 389, 'Travel', 237, 75, 1);
INSERT INTO song (song_id, album_id, name, duration_seconds, bpm, track_number) VALUES (2978, 389, 'Hair mean', 430, 150, 2);
INSERT INTO song (song_id, album_id, name, duration_seconds, bpm, track_number) VALUES (2979, 389, 'Common', 262, 170, 3);
INSERT INTO song (song_id, album_id, name, duration_seconds, bpm, track_number) VALUES (2980, 389, 'Book', 159, 94, 4);
INSERT INTO song (song_id, album_id, name, duration_seconds, bpm, track_number) VALUES (2981, 389, 'Hundred', 284, 152, 5);
INSERT INTO song (song_id, album_id, name, duration_seconds, bpm, track_number) VALUES (2982, 389, 'Radio with letter', 186, 175, 6);
INSERT INTO song (song_id, album_id, name, duration_seconds, bpm, track_number) VALUES (2983, 389, 'I environment surface', 448, 171, 7);
INSERT INTO song (song_id, album_id, name, duration_seconds, bpm, track_number) VALUES (2984, 389, 'Tv', 465, 113, 8);
INSERT INTO album (album_id, artist_id, title, release_year, created_at) VALUES (390, 192, 'Ameliorated coherent open architecture', 1997, NOW());
INSERT INTO song (song_id, album_id, name, duration_seconds, bpm, track_number) VALUES (2985, 390, 'Work financial', 461, 121, 1);
INSERT INTO song (song_id, album_id, name, duration_seconds, bpm, track_number) VALUES (2986, 390, 'Would', 135, 168, 2);
INSERT INTO song (song_id, album_id, name, duration_seconds, bpm, track_number) VALUES (2987, 390, 'Sport', 419, 99, 3);
INSERT INTO song (song_id, album_id, name, duration_seconds, bpm, track_number) VALUES (2988, 390, 'Expect box', 267, 77, 4);
INSERT INTO song (song_id, album_id, name, duration_seconds, bpm, track_number) VALUES (2989, 390, 'Ground already', 324, 79, 5);
INSERT INTO song (song_id, album_id, name, duration_seconds, bpm, track_number) VALUES (2990, 390, 'American science allow many audience', 171, 142, 6);
INSERT INTO song (song_id, album_id, name, duration_seconds, bpm, track_number) VALUES (2991, 390, 'Politics reveal', 140, 119, 7);
INSERT INTO song (song_id, album_id, name, duration_seconds, bpm, track_number) VALUES (2992, 390, 'Dinner movie hour nature', 215, 84, 8);
INSERT INTO song (song_id, album_id, name, duration_seconds, bpm, track_number) VALUES (2993, 390, 'Team official join huge', 295, 155, 9);
INSERT INTO album (album_id, artist_id, title, release_year, created_at) VALUES (391, 192, 'Open-architected asynchronous methodology', 1983, NOW());
INSERT INTO song (song_id, album_id, name, duration_seconds, bpm, track_number) VALUES (2994, 391, 'Guy local environment gas', 278, 101, 1);
INSERT INTO song (song_id, album_id, name, duration_seconds, bpm, track_number) VALUES (2995, 391, 'Arrive result policy', 473, 102, 2);
INSERT INTO song (song_id, album_id, name, duration_seconds, bpm, track_number) VALUES (2996, 391, 'Certain', 431, 110, 3);
INSERT INTO song (song_id, album_id, name, duration_seconds, bpm, track_number) VALUES (2997, 391, 'Discussion', 318, 78, 4);
INSERT INTO song (song_id, album_id, name, duration_seconds, bpm, track_number) VALUES (2998, 391, 'Available benefit design', 203, 114, 5);
INSERT INTO album (album_id, artist_id, title, release_year, created_at) VALUES (392, 193, 'Digitized bandwidth-monitored algorithm', 1978, NOW());
INSERT INTO song (song_id, album_id, name, duration_seconds, bpm, track_number) VALUES (2999, 392, 'Local whether', 253, 164, 1);
INSERT INTO song (song_id, album_id, name, duration_seconds, bpm, track_number) VALUES (3000, 392, 'Response have', 462, 146, 2);
INSERT INTO song (song_id, album_id, name, duration_seconds, bpm, track_number) VALUES (3001, 392, 'Education policy none modern', 409, 75, 3);
INSERT INTO song (song_id, album_id, name, duration_seconds, bpm, track_number) VALUES (3002, 392, 'Cultural', 466, 100, 4);
INSERT INTO song (song_id, album_id, name, duration_seconds, bpm, track_number) VALUES (3003, 392, 'Interest wall mother', 339, 119, 5);
INSERT INTO song (song_id, album_id, name, duration_seconds, bpm, track_number) VALUES (3004, 392, 'One pull such', 226, 68, 6);
INSERT INTO song (song_id, album_id, name, duration_seconds, bpm, track_number) VALUES (3005, 392, 'Budget', 326, 93, 7);
INSERT INTO song (song_id, album_id, name, duration_seconds, bpm, track_number) VALUES (3006, 392, 'Will', 243, 92, 8);
INSERT INTO song (song_id, album_id, name, duration_seconds, bpm, track_number) VALUES (3007, 392, 'Bank', 186, 123, 9);
INSERT INTO album (album_id, artist_id, title, release_year, created_at) VALUES (393, 194, 'Adaptive web-enabled Graphical User Interface', 2018, NOW());
INSERT INTO song (song_id, album_id, name, duration_seconds, bpm, track_number) VALUES (3008, 393, 'Free', 147, 174, 1);
INSERT INTO song (song_id, album_id, name, duration_seconds, bpm, track_number) VALUES (3009, 393, 'Then make anything', 298, 135, 2);
INSERT INTO song (song_id, album_id, name, duration_seconds, bpm, track_number) VALUES (3010, 393, 'Amount store manage surface and', 408, 97, 3);
INSERT INTO song (song_id, album_id, name, duration_seconds, bpm, track_number) VALUES (3011, 393, 'View set report', 133, 178, 4);
INSERT INTO song (song_id, album_id, name, duration_seconds, bpm, track_number) VALUES (3012, 393, 'Specific', 324, 95, 5);
INSERT INTO song (song_id, album_id, name, duration_seconds, bpm, track_number) VALUES (3013, 393, 'Say officer', 365, 144, 6);
INSERT INTO album (album_id, artist_id, title, release_year, created_at) VALUES (394, 195, 'Cross-group tangible productivity', 2015, NOW());
INSERT INTO song (song_id, album_id, name, duration_seconds, bpm, track_number) VALUES (3014, 394, 'Reflect daughter on', 156, 169, 1);
INSERT INTO song (song_id, album_id, name, duration_seconds, bpm, track_number) VALUES (3015, 394, 'Dinner', 289, 179, 2);
INSERT INTO song (song_id, album_id, name, duration_seconds, bpm, track_number) VALUES (3016, 394, 'Doctor generation fine boy fall', 254, 136, 3);
INSERT INTO song (song_id, album_id, name, duration_seconds, bpm, track_number) VALUES (3017, 394, 'Once matter', 480, 156, 4);
INSERT INTO song (song_id, album_id, name, duration_seconds, bpm, track_number) VALUES (3018, 394, 'Few reason', 382, 164, 5);
INSERT INTO song (song_id, album_id, name, duration_seconds, bpm, track_number) VALUES (3019, 394, 'Seek thus send', 370, 128, 6);
INSERT INTO song (song_id, album_id, name, duration_seconds, bpm, track_number) VALUES (3020, 394, 'Beyond new like', 347, 163, 7);
INSERT INTO song (song_id, album_id, name, duration_seconds, bpm, track_number) VALUES (3021, 394, 'Expert find just let', 137, 61, 8);
INSERT INTO album (album_id, artist_id, title, release_year, created_at) VALUES (395, 196, 'Right-sized neutral encryption', 2022, NOW());
INSERT INTO song (song_id, album_id, name, duration_seconds, bpm, track_number) VALUES (3022, 395, 'Window store student there treat', 295, 63, 1);
INSERT INTO song (song_id, album_id, name, duration_seconds, bpm, track_number) VALUES (3023, 395, 'Beat cultural', 449, 87, 2);
INSERT INTO song (song_id, album_id, name, duration_seconds, bpm, track_number) VALUES (3024, 395, 'She', 226, 146, 3);
INSERT INTO song (song_id, album_id, name, duration_seconds, bpm, track_number) VALUES (3025, 395, 'Yes', 189, 142, 4);
INSERT INTO song (song_id, album_id, name, duration_seconds, bpm, track_number) VALUES (3026, 395, 'Must', 126, 76, 5);
INSERT INTO song (song_id, album_id, name, duration_seconds, bpm, track_number) VALUES (3027, 395, 'Clear', 364, 123, 6);
INSERT INTO song (song_id, album_id, name, duration_seconds, bpm, track_number) VALUES (3028, 395, 'Popular place', 334, 62, 7);
INSERT INTO song (song_id, album_id, name, duration_seconds, bpm, track_number) VALUES (3029, 395, 'Pick', 450, 66, 8);
INSERT INTO song (song_id, album_id, name, duration_seconds, bpm, track_number) VALUES (3030, 395, 'Plant development', 437, 153, 9);
INSERT INTO song (song_id, album_id, name, duration_seconds, bpm, track_number) VALUES (3031, 395, 'One whatever poor', 316, 144, 10);
INSERT INTO album (album_id, artist_id, title, release_year, created_at) VALUES (396, 196, 'Ergonomic dedicated Graphic Interface', 1982, NOW());
INSERT INTO song (song_id, album_id, name, duration_seconds, bpm, track_number) VALUES (3032, 396, 'Commercial drug mouth cover', 437, 77, 1);
INSERT INTO song (song_id, album_id, name, duration_seconds, bpm, track_number) VALUES (3033, 396, 'Will impact', 178, 119, 2);
INSERT INTO song (song_id, album_id, name, duration_seconds, bpm, track_number) VALUES (3034, 396, 'Development', 416, 169, 3);
INSERT INTO song (song_id, album_id, name, duration_seconds, bpm, track_number) VALUES (3035, 396, 'Sport minute', 321, 140, 4);
INSERT INTO song (song_id, album_id, name, duration_seconds, bpm, track_number) VALUES (3036, 396, 'Whom difficult interesting strong', 278, 64, 5);
INSERT INTO album (album_id, artist_id, title, release_year, created_at) VALUES (397, 196, 'Exclusive real-time help-desk', 1988, NOW());
INSERT INTO song (song_id, album_id, name, duration_seconds, bpm, track_number) VALUES (3037, 397, 'Join its chance', 373, 62, 1);
INSERT INTO song (song_id, album_id, name, duration_seconds, bpm, track_number) VALUES (3038, 397, 'Whether', 314, 109, 2);
INSERT INTO song (song_id, album_id, name, duration_seconds, bpm, track_number) VALUES (3039, 397, 'More everybody of', 239, 77, 3);
INSERT INTO song (song_id, album_id, name, duration_seconds, bpm, track_number) VALUES (3040, 397, 'Officer', 386, 103, 4);
INSERT INTO song (song_id, album_id, name, duration_seconds, bpm, track_number) VALUES (3041, 397, 'Yourself', 429, 157, 5);
INSERT INTO album (album_id, artist_id, title, release_year, created_at) VALUES (398, 197, 'Sharable upward-trending focus group', 1977, NOW());
INSERT INTO song (song_id, album_id, name, duration_seconds, bpm, track_number) VALUES (3042, 398, 'Medical', 388, 79, 1);
INSERT INTO song (song_id, album_id, name, duration_seconds, bpm, track_number) VALUES (3043, 398, 'Television social', 280, 83, 2);
INSERT INTO song (song_id, album_id, name, duration_seconds, bpm, track_number) VALUES (3044, 398, 'Address', 135, 106, 3);
INSERT INTO song (song_id, album_id, name, duration_seconds, bpm, track_number) VALUES (3045, 398, 'Even sea Congress', 191, 122, 4);
INSERT INTO song (song_id, album_id, name, duration_seconds, bpm, track_number) VALUES (3046, 398, 'Maybe tonight air', 470, 109, 5);
INSERT INTO song (song_id, album_id, name, duration_seconds, bpm, track_number) VALUES (3047, 398, 'Design assume', 237, 65, 6);
INSERT INTO song (song_id, album_id, name, duration_seconds, bpm, track_number) VALUES (3048, 398, 'Themselves onto sure nor', 392, 114, 7);
INSERT INTO album (album_id, artist_id, title, release_year, created_at) VALUES (399, 197, 'Programmable context-sensitive parallelism', 1997, NOW());
INSERT INTO song (song_id, album_id, name, duration_seconds, bpm, track_number) VALUES (3049, 399, 'Soldier thank network rock', 240, 146, 1);
INSERT INTO song (song_id, album_id, name, duration_seconds, bpm, track_number) VALUES (3050, 399, 'It party second', 288, 69, 2);
INSERT INTO song (song_id, album_id, name, duration_seconds, bpm, track_number) VALUES (3051, 399, 'Class', 378, 156, 3);
INSERT INTO song (song_id, album_id, name, duration_seconds, bpm, track_number) VALUES (3052, 399, 'Find', 303, 160, 4);
INSERT INTO song (song_id, album_id, name, duration_seconds, bpm, track_number) VALUES (3053, 399, 'Later but father child industry', 260, 117, 5);
INSERT INTO song (song_id, album_id, name, duration_seconds, bpm, track_number) VALUES (3054, 399, 'Institution tonight', 351, 128, 6);
INSERT INTO album (album_id, artist_id, title, release_year, created_at) VALUES (400, 197, 'Cross-group contextually-based utilization', 2013, NOW());
INSERT INTO song (song_id, album_id, name, duration_seconds, bpm, track_number) VALUES (3055, 400, 'Environmental that', 162, 144, 1);
INSERT INTO song (song_id, album_id, name, duration_seconds, bpm, track_number) VALUES (3056, 400, 'Area technology', 212, 99, 2);
INSERT INTO song (song_id, album_id, name, duration_seconds, bpm, track_number) VALUES (3057, 400, 'Piece memory', 241, 171, 3);
INSERT INTO song (song_id, album_id, name, duration_seconds, bpm, track_number) VALUES (3058, 400, 'Affect', 142, 119, 4);
INSERT INTO song (song_id, album_id, name, duration_seconds, bpm, track_number) VALUES (3059, 400, 'Person body', 477, 103, 5);
INSERT INTO song (song_id, album_id, name, duration_seconds, bpm, track_number) VALUES (3060, 400, 'Trial threat sea', 361, 155, 6);
INSERT INTO song (song_id, album_id, name, duration_seconds, bpm, track_number) VALUES (3061, 400, 'Begin miss', 261, 99, 7);
INSERT INTO song (song_id, album_id, name, duration_seconds, bpm, track_number) VALUES (3062, 400, 'Sure story bit', 401, 85, 8);
INSERT INTO song (song_id, album_id, name, duration_seconds, bpm, track_number) VALUES (3063, 400, 'Already', 201, 141, 9);
INSERT INTO album (album_id, artist_id, title, release_year, created_at) VALUES (401, 198, 'Mandatory foreground core', 2011, NOW());
INSERT INTO song (song_id, album_id, name, duration_seconds, bpm, track_number) VALUES (3064, 401, 'Source manager voice apply', 181, 112, 1);
INSERT INTO song (song_id, album_id, name, duration_seconds, bpm, track_number) VALUES (3065, 401, 'Better because matter moment', 350, 179, 2);
INSERT INTO song (song_id, album_id, name, duration_seconds, bpm, track_number) VALUES (3066, 401, 'Organization', 127, 128, 3);
INSERT INTO song (song_id, album_id, name, duration_seconds, bpm, track_number) VALUES (3067, 401, 'Life space either', 273, 177, 4);
INSERT INTO song (song_id, album_id, name, duration_seconds, bpm, track_number) VALUES (3068, 401, 'Dream', 349, 139, 5);
INSERT INTO song (song_id, album_id, name, duration_seconds, bpm, track_number) VALUES (3069, 401, 'Crime', 135, 179, 6);
INSERT INTO song (song_id, album_id, name, duration_seconds, bpm, track_number) VALUES (3070, 401, 'Hope', 413, 113, 7);
INSERT INTO album (album_id, artist_id, title, release_year, created_at) VALUES (402, 199, 'Multi-lateral client-server migration', 2013, NOW());
INSERT INTO song (song_id, album_id, name, duration_seconds, bpm, track_number) VALUES (3071, 402, 'Environmental', 277, 81, 1);
INSERT INTO song (song_id, album_id, name, duration_seconds, bpm, track_number) VALUES (3072, 402, 'Customer natural music', 238, 117, 2);
INSERT INTO song (song_id, album_id, name, duration_seconds, bpm, track_number) VALUES (3073, 402, 'Step second', 340, 79, 3);
INSERT INTO song (song_id, album_id, name, duration_seconds, bpm, track_number) VALUES (3074, 402, 'Medical', 473, 120, 4);
INSERT INTO song (song_id, album_id, name, duration_seconds, bpm, track_number) VALUES (3075, 402, 'Final model', 426, 146, 5);
INSERT INTO song (song_id, album_id, name, duration_seconds, bpm, track_number) VALUES (3076, 402, 'Else north', 205, 121, 6);
INSERT INTO song (song_id, album_id, name, duration_seconds, bpm, track_number) VALUES (3077, 402, 'Hand', 313, 108, 7);
INSERT INTO song (song_id, album_id, name, duration_seconds, bpm, track_number) VALUES (3078, 402, 'Various financial maybe', 446, 131, 8);
INSERT INTO song (song_id, album_id, name, duration_seconds, bpm, track_number) VALUES (3079, 402, 'Office result claim', 131, 128, 9);
INSERT INTO song (song_id, album_id, name, duration_seconds, bpm, track_number) VALUES (3080, 402, 'Drop', 405, 141, 10);
INSERT INTO album (album_id, artist_id, title, release_year, created_at) VALUES (403, 199, 'Inverse object-oriented model', 2013, NOW());
INSERT INTO song (song_id, album_id, name, duration_seconds, bpm, track_number) VALUES (3081, 403, 'When particularly', 396, 78, 1);
INSERT INTO song (song_id, album_id, name, duration_seconds, bpm, track_number) VALUES (3082, 403, 'Ground', 135, 137, 2);
INSERT INTO song (song_id, album_id, name, duration_seconds, bpm, track_number) VALUES (3083, 403, 'Report', 313, 137, 3);
INSERT INTO song (song_id, album_id, name, duration_seconds, bpm, track_number) VALUES (3084, 403, 'Often begin crime alone', 240, 94, 4);
INSERT INTO song (song_id, album_id, name, duration_seconds, bpm, track_number) VALUES (3085, 403, 'Present think', 301, 82, 5);
INSERT INTO song (song_id, album_id, name, duration_seconds, bpm, track_number) VALUES (3086, 403, 'Court', 274, 94, 6);
INSERT INTO song (song_id, album_id, name, duration_seconds, bpm, track_number) VALUES (3087, 403, 'Attention camera manager while', 187, 73, 7);
INSERT INTO song (song_id, album_id, name, duration_seconds, bpm, track_number) VALUES (3088, 403, 'Blue pay sure', 246, 174, 8);
INSERT INTO song (song_id, album_id, name, duration_seconds, bpm, track_number) VALUES (3089, 403, 'Age', 120, 143, 9);
INSERT INTO song (song_id, album_id, name, duration_seconds, bpm, track_number) VALUES (3090, 403, 'Compare', 184, 171, 10);
INSERT INTO album (album_id, artist_id, title, release_year, created_at) VALUES (404, 200, 'Upgradable secondary ability', 1990, NOW());
INSERT INTO song (song_id, album_id, name, duration_seconds, bpm, track_number) VALUES (3091, 404, 'Fish among value', 262, 136, 1);
INSERT INTO song (song_id, album_id, name, duration_seconds, bpm, track_number) VALUES (3092, 404, 'The mission official prevent him', 473, 89, 2);
INSERT INTO song (song_id, album_id, name, duration_seconds, bpm, track_number) VALUES (3093, 404, 'Last blood nor', 359, 174, 3);
INSERT INTO song (song_id, album_id, name, duration_seconds, bpm, track_number) VALUES (3094, 404, 'Claim', 416, 130, 4);
INSERT INTO song (song_id, album_id, name, duration_seconds, bpm, track_number) VALUES (3095, 404, 'Let life', 208, 128, 5);
INSERT INTO song (song_id, album_id, name, duration_seconds, bpm, track_number) VALUES (3096, 404, 'Or world maintain every', 299, 82, 6);
INSERT INTO song (song_id, album_id, name, duration_seconds, bpm, track_number) VALUES (3097, 404, 'Computer bar might difficult', 449, 156, 7);
INSERT INTO album (album_id, artist_id, title, release_year, created_at) VALUES (405, 200, 'Adaptive executive infrastructure', 1991, NOW());
INSERT INTO song (song_id, album_id, name, duration_seconds, bpm, track_number) VALUES (3098, 405, 'Word look', 394, 62, 1);
INSERT INTO song (song_id, album_id, name, duration_seconds, bpm, track_number) VALUES (3099, 405, 'Water', 468, 78, 2);
INSERT INTO song (song_id, album_id, name, duration_seconds, bpm, track_number) VALUES (3100, 405, 'Often go research', 254, 160, 3);
INSERT INTO song (song_id, album_id, name, duration_seconds, bpm, track_number) VALUES (3101, 405, 'Without', 429, 175, 4);
INSERT INTO song (song_id, album_id, name, duration_seconds, bpm, track_number) VALUES (3102, 405, 'Population sell fine', 230, 179, 5);
INSERT INTO song (song_id, album_id, name, duration_seconds, bpm, track_number) VALUES (3103, 405, 'Realize answer garden discuss prove', 422, 177, 6);
INSERT INTO song (song_id, album_id, name, duration_seconds, bpm, track_number) VALUES (3104, 405, 'Wrong', 175, 107, 7);
INSERT INTO song (song_id, album_id, name, duration_seconds, bpm, track_number) VALUES (3105, 405, 'Eat technology as', 225, 79, 8);
INSERT INTO song (song_id, album_id, name, duration_seconds, bpm, track_number) VALUES (3106, 405, 'Bed certainly explain expert hair', 342, 82, 9);
INSERT INTO album (album_id, artist_id, title, release_year, created_at) VALUES (406, 200, 'Cross-group value-added model', 2011, NOW());
INSERT INTO song (song_id, album_id, name, duration_seconds, bpm, track_number) VALUES (3107, 406, 'Himself', 399, 102, 1);
INSERT INTO song (song_id, album_id, name, duration_seconds, bpm, track_number) VALUES (3108, 406, 'Get issue garden', 127, 103, 2);
INSERT INTO song (song_id, album_id, name, duration_seconds, bpm, track_number) VALUES (3109, 406, 'Factor', 200, 85, 3);
INSERT INTO song (song_id, album_id, name, duration_seconds, bpm, track_number) VALUES (3110, 406, 'Piece next', 480, 84, 4);
INSERT INTO song (song_id, album_id, name, duration_seconds, bpm, track_number) VALUES (3111, 406, 'Interview', 253, 94, 5);
INSERT INTO song (song_id, album_id, name, duration_seconds, bpm, track_number) VALUES (3112, 406, 'Suffer quality common seem', 436, 126, 6);
INSERT INTO song (song_id, album_id, name, duration_seconds, bpm, track_number) VALUES (3113, 406, 'Enjoy maybe', 205, 70, 7);
INSERT INTO song (song_id, album_id, name, duration_seconds, bpm, track_number) VALUES (3114, 406, 'Many some door', 400, 129, 8);
INSERT INTO song (song_id, album_id, name, duration_seconds, bpm, track_number) VALUES (3115, 406, 'Part', 396, 78, 9);
INSERT INTO album (album_id, artist_id, title, release_year, created_at) VALUES (407, 201, 'Multi-channeled systemic flexibility', 2019, NOW());
INSERT INTO song (song_id, album_id, name, duration_seconds, bpm, track_number) VALUES (3116, 407, 'Beautiful tonight', 151, 145, 1);
INSERT INTO song (song_id, album_id, name, duration_seconds, bpm, track_number) VALUES (3117, 407, 'Call', 257, 160, 2);
INSERT INTO song (song_id, album_id, name, duration_seconds, bpm, track_number) VALUES (3118, 407, 'Deep read address', 388, 95, 3);
INSERT INTO song (song_id, album_id, name, duration_seconds, bpm, track_number) VALUES (3119, 407, 'East space magazine arm itself', 424, 159, 4);
INSERT INTO song (song_id, album_id, name, duration_seconds, bpm, track_number) VALUES (3120, 407, 'City measure identify', 477, 103, 5);
INSERT INTO song (song_id, album_id, name, duration_seconds, bpm, track_number) VALUES (3121, 407, 'Take build', 377, 71, 6);
INSERT INTO song (song_id, album_id, name, duration_seconds, bpm, track_number) VALUES (3122, 407, 'Ever just ever agency', 233, 64, 7);
INSERT INTO song (song_id, album_id, name, duration_seconds, bpm, track_number) VALUES (3123, 407, 'Road', 441, 82, 8);
INSERT INTO song (song_id, album_id, name, duration_seconds, bpm, track_number) VALUES (3124, 407, 'Decision', 476, 100, 9);
INSERT INTO song (song_id, album_id, name, duration_seconds, bpm, track_number) VALUES (3125, 407, 'Allow', 333, 120, 10);
INSERT INTO album (album_id, artist_id, title, release_year, created_at) VALUES (408, 202, 'Innovative explicit installation', 2023, NOW());
INSERT INTO song (song_id, album_id, name, duration_seconds, bpm, track_number) VALUES (3126, 408, 'When', 206, 133, 1);
INSERT INTO song (song_id, album_id, name, duration_seconds, bpm, track_number) VALUES (3127, 408, 'Player', 298, 129, 2);
INSERT INTO song (song_id, album_id, name, duration_seconds, bpm, track_number) VALUES (3128, 408, 'Agree perform', 422, 151, 3);
INSERT INTO song (song_id, album_id, name, duration_seconds, bpm, track_number) VALUES (3129, 408, 'Opportunity exist', 265, 66, 4);
INSERT INTO song (song_id, album_id, name, duration_seconds, bpm, track_number) VALUES (3130, 408, 'Risk east', 308, 112, 5);
INSERT INTO song (song_id, album_id, name, duration_seconds, bpm, track_number) VALUES (3131, 408, 'Treat', 140, 86, 6);
INSERT INTO album (album_id, artist_id, title, release_year, created_at) VALUES (409, 202, 'Face-to-face heuristic capability', 1979, NOW());
INSERT INTO song (song_id, album_id, name, duration_seconds, bpm, track_number) VALUES (3132, 409, 'Car', 328, 162, 1);
INSERT INTO song (song_id, album_id, name, duration_seconds, bpm, track_number) VALUES (3133, 409, 'Represent', 465, 72, 2);
INSERT INTO song (song_id, album_id, name, duration_seconds, bpm, track_number) VALUES (3134, 409, 'Occur', 369, 167, 3);
INSERT INTO song (song_id, album_id, name, duration_seconds, bpm, track_number) VALUES (3135, 409, 'Only', 270, 64, 4);
INSERT INTO song (song_id, album_id, name, duration_seconds, bpm, track_number) VALUES (3136, 409, 'Pretty or family nor network', 410, 95, 5);
INSERT INTO album (album_id, artist_id, title, release_year, created_at) VALUES (410, 203, 'Horizontal multimedia matrix', 2003, NOW());
INSERT INTO song (song_id, album_id, name, duration_seconds, bpm, track_number) VALUES (3137, 410, 'Certainly need', 297, 164, 1);
INSERT INTO song (song_id, album_id, name, duration_seconds, bpm, track_number) VALUES (3138, 410, 'Difficult truth', 376, 81, 2);
INSERT INTO song (song_id, album_id, name, duration_seconds, bpm, track_number) VALUES (3139, 410, 'Manager', 223, 126, 3);
INSERT INTO song (song_id, album_id, name, duration_seconds, bpm, track_number) VALUES (3140, 410, 'Truth', 348, 71, 4);
INSERT INTO song (song_id, album_id, name, duration_seconds, bpm, track_number) VALUES (3141, 410, 'Style free above tax', 292, 117, 5);
INSERT INTO song (song_id, album_id, name, duration_seconds, bpm, track_number) VALUES (3142, 410, 'Unit team', 300, 138, 6);
INSERT INTO song (song_id, album_id, name, duration_seconds, bpm, track_number) VALUES (3143, 410, 'Conference', 424, 61, 7);
INSERT INTO song (song_id, album_id, name, duration_seconds, bpm, track_number) VALUES (3144, 410, 'Member', 140, 172, 8);
INSERT INTO song (song_id, album_id, name, duration_seconds, bpm, track_number) VALUES (3145, 410, 'More', 194, 72, 9);
INSERT INTO song (song_id, album_id, name, duration_seconds, bpm, track_number) VALUES (3146, 410, 'Rather although', 423, 89, 10);
INSERT INTO album (album_id, artist_id, title, release_year, created_at) VALUES (411, 203, 'Synergized eco-centric complexity', 2007, NOW());
INSERT INTO song (song_id, album_id, name, duration_seconds, bpm, track_number) VALUES (3147, 411, 'Them', 375, 141, 1);
INSERT INTO song (song_id, album_id, name, duration_seconds, bpm, track_number) VALUES (3148, 411, 'Town', 257, 155, 2);
INSERT INTO song (song_id, album_id, name, duration_seconds, bpm, track_number) VALUES (3149, 411, 'Affect guy', 265, 170, 3);
INSERT INTO song (song_id, album_id, name, duration_seconds, bpm, track_number) VALUES (3150, 411, 'Energy', 256, 129, 4);
INSERT INTO song (song_id, album_id, name, duration_seconds, bpm, track_number) VALUES (3151, 411, 'Go', 126, 80, 5);
INSERT INTO song (song_id, album_id, name, duration_seconds, bpm, track_number) VALUES (3152, 411, 'Should', 345, 92, 6);
INSERT INTO song (song_id, album_id, name, duration_seconds, bpm, track_number) VALUES (3153, 411, 'Accept itself yard wrong', 253, 169, 7);
INSERT INTO song (song_id, album_id, name, duration_seconds, bpm, track_number) VALUES (3154, 411, 'More stage', 193, 98, 8);
INSERT INTO song (song_id, album_id, name, duration_seconds, bpm, track_number) VALUES (3155, 411, 'Mention certainly', 262, 65, 9);
INSERT INTO song (song_id, album_id, name, duration_seconds, bpm, track_number) VALUES (3156, 411, 'Because', 391, 160, 10);
INSERT INTO album (album_id, artist_id, title, release_year, created_at) VALUES (412, 204, 'Vision-oriented needs-based collaboration', 2020, NOW());
INSERT INTO song (song_id, album_id, name, duration_seconds, bpm, track_number) VALUES (3157, 412, 'The nation', 164, 74, 1);
INSERT INTO song (song_id, album_id, name, duration_seconds, bpm, track_number) VALUES (3158, 412, 'Already money', 151, 118, 2);
INSERT INTO song (song_id, album_id, name, duration_seconds, bpm, track_number) VALUES (3159, 412, 'Watch smile', 403, 95, 3);
INSERT INTO song (song_id, album_id, name, duration_seconds, bpm, track_number) VALUES (3160, 412, 'Blood environmental local', 346, 105, 4);
INSERT INTO song (song_id, album_id, name, duration_seconds, bpm, track_number) VALUES (3161, 412, 'Whole good mention', 401, 180, 5);
INSERT INTO song (song_id, album_id, name, duration_seconds, bpm, track_number) VALUES (3162, 412, 'Behind manage sense', 251, 134, 6);
INSERT INTO song (song_id, album_id, name, duration_seconds, bpm, track_number) VALUES (3163, 412, 'Speech', 144, 142, 7);
INSERT INTO song (song_id, album_id, name, duration_seconds, bpm, track_number) VALUES (3164, 412, 'Start', 295, 124, 8);
INSERT INTO song (song_id, album_id, name, duration_seconds, bpm, track_number) VALUES (3165, 412, 'Local meet', 232, 175, 9);
INSERT INTO album (album_id, artist_id, title, release_year, created_at) VALUES (413, 204, 'Extended discrete interface', 1992, NOW());
INSERT INTO song (song_id, album_id, name, duration_seconds, bpm, track_number) VALUES (3166, 413, 'People money will prove', 311, 76, 1);
INSERT INTO song (song_id, album_id, name, duration_seconds, bpm, track_number) VALUES (3167, 413, 'Word', 273, 130, 2);
INSERT INTO song (song_id, album_id, name, duration_seconds, bpm, track_number) VALUES (3168, 413, 'Glass', 248, 159, 3);
INSERT INTO song (song_id, album_id, name, duration_seconds, bpm, track_number) VALUES (3169, 413, 'Phone ready eye', 168, 88, 4);
INSERT INTO song (song_id, album_id, name, duration_seconds, bpm, track_number) VALUES (3170, 413, 'Really', 348, 132, 5);
INSERT INTO song (song_id, album_id, name, duration_seconds, bpm, track_number) VALUES (3171, 413, 'Health entire', 207, 163, 6);
INSERT INTO album (album_id, artist_id, title, release_year, created_at) VALUES (414, 205, 'Public-key demand-driven instruction set', 1971, NOW());
INSERT INTO song (song_id, album_id, name, duration_seconds, bpm, track_number) VALUES (3172, 414, 'All', 191, 120, 1);
INSERT INTO song (song_id, album_id, name, duration_seconds, bpm, track_number) VALUES (3173, 414, 'Key', 311, 105, 2);
INSERT INTO song (song_id, album_id, name, duration_seconds, bpm, track_number) VALUES (3174, 414, 'Fear', 411, 93, 3);
INSERT INTO song (song_id, album_id, name, duration_seconds, bpm, track_number) VALUES (3175, 414, 'Discuss sister PM', 339, 180, 4);
INSERT INTO song (song_id, album_id, name, duration_seconds, bpm, track_number) VALUES (3176, 414, 'Simply', 353, 101, 5);
INSERT INTO song (song_id, album_id, name, duration_seconds, bpm, track_number) VALUES (3177, 414, 'Store air include', 210, 66, 6);
INSERT INTO song (song_id, album_id, name, duration_seconds, bpm, track_number) VALUES (3178, 414, 'Career Mrs dark', 176, 82, 7);
INSERT INTO album (album_id, artist_id, title, release_year, created_at) VALUES (415, 205, 'Fully-configurable mission-critical alliance', 1987, NOW());
INSERT INTO song (song_id, album_id, name, duration_seconds, bpm, track_number) VALUES (3179, 415, 'Way simply', 211, 74, 1);
INSERT INTO song (song_id, album_id, name, duration_seconds, bpm, track_number) VALUES (3180, 415, 'Member state watch wall', 357, 145, 2);
INSERT INTO song (song_id, album_id, name, duration_seconds, bpm, track_number) VALUES (3181, 415, 'Again', 363, 63, 3);
INSERT INTO song (song_id, album_id, name, duration_seconds, bpm, track_number) VALUES (3182, 415, 'Environment', 161, 62, 4);
INSERT INTO song (song_id, album_id, name, duration_seconds, bpm, track_number) VALUES (3183, 415, 'Example poor', 164, 119, 5);
INSERT INTO song (song_id, album_id, name, duration_seconds, bpm, track_number) VALUES (3184, 415, 'National recently', 452, 136, 6);
INSERT INTO song (song_id, album_id, name, duration_seconds, bpm, track_number) VALUES (3185, 415, 'Treat', 204, 111, 7);
INSERT INTO album (album_id, artist_id, title, release_year, created_at) VALUES (416, 206, 'Cross-group value-added process improvement', 1976, NOW());
INSERT INTO song (song_id, album_id, name, duration_seconds, bpm, track_number) VALUES (3186, 416, 'Night', 315, 141, 1);
INSERT INTO song (song_id, album_id, name, duration_seconds, bpm, track_number) VALUES (3187, 416, 'Budget', 376, 172, 2);
INSERT INTO song (song_id, album_id, name, duration_seconds, bpm, track_number) VALUES (3188, 416, 'Perhaps herself early', 208, 131, 3);
INSERT INTO song (song_id, album_id, name, duration_seconds, bpm, track_number) VALUES (3189, 416, 'She hair', 263, 109, 4);
INSERT INTO song (song_id, album_id, name, duration_seconds, bpm, track_number) VALUES (3190, 416, 'Clear', 308, 105, 5);
INSERT INTO song (song_id, album_id, name, duration_seconds, bpm, track_number) VALUES (3191, 416, 'Not', 335, 160, 6);
INSERT INTO song (song_id, album_id, name, duration_seconds, bpm, track_number) VALUES (3192, 416, 'Event about determine have bit', 228, 127, 7);
INSERT INTO song (song_id, album_id, name, duration_seconds, bpm, track_number) VALUES (3193, 416, 'Instead effect production', 357, 122, 8);
INSERT INTO song (song_id, album_id, name, duration_seconds, bpm, track_number) VALUES (3194, 416, 'Try word more', 388, 115, 9);
INSERT INTO album (album_id, artist_id, title, release_year, created_at) VALUES (417, 206, 'Function-based bottom-line productivity', 1986, NOW());
INSERT INTO song (song_id, album_id, name, duration_seconds, bpm, track_number) VALUES (3195, 417, 'Play', 152, 136, 1);
INSERT INTO song (song_id, album_id, name, duration_seconds, bpm, track_number) VALUES (3196, 417, 'Price key piece', 404, 169, 2);
INSERT INTO song (song_id, album_id, name, duration_seconds, bpm, track_number) VALUES (3197, 417, 'Again', 427, 112, 3);
INSERT INTO song (song_id, album_id, name, duration_seconds, bpm, track_number) VALUES (3198, 417, 'Range conference town', 458, 128, 4);
INSERT INTO song (song_id, album_id, name, duration_seconds, bpm, track_number) VALUES (3199, 417, 'List boy popular', 381, 70, 5);
INSERT INTO song (song_id, album_id, name, duration_seconds, bpm, track_number) VALUES (3200, 417, 'Sometimes', 234, 130, 6);
INSERT INTO song (song_id, album_id, name, duration_seconds, bpm, track_number) VALUES (3201, 417, 'Standard among edge', 217, 149, 7);
INSERT INTO song (song_id, album_id, name, duration_seconds, bpm, track_number) VALUES (3202, 417, 'Natural threat difficult provide', 409, 123, 8);
INSERT INTO song (song_id, album_id, name, duration_seconds, bpm, track_number) VALUES (3203, 417, 'Why fast institution wall live', 355, 132, 9);
INSERT INTO song (song_id, album_id, name, duration_seconds, bpm, track_number) VALUES (3204, 417, 'Her', 255, 61, 10);
INSERT INTO album (album_id, artist_id, title, release_year, created_at) VALUES (418, 206, 'Visionary context-sensitive orchestration', 2023, NOW());
INSERT INTO song (song_id, album_id, name, duration_seconds, bpm, track_number) VALUES (3205, 418, 'Walk eight out', 184, 86, 1);
INSERT INTO song (song_id, album_id, name, duration_seconds, bpm, track_number) VALUES (3206, 418, 'Chair statement provide yes', 257, 147, 2);
INSERT INTO song (song_id, album_id, name, duration_seconds, bpm, track_number) VALUES (3207, 418, 'Country', 397, 70, 3);
INSERT INTO song (song_id, album_id, name, duration_seconds, bpm, track_number) VALUES (3208, 418, 'Tv recent tree', 240, 76, 4);
INSERT INTO song (song_id, album_id, name, duration_seconds, bpm, track_number) VALUES (3209, 418, 'Minute', 395, 116, 5);
INSERT INTO song (song_id, album_id, name, duration_seconds, bpm, track_number) VALUES (3210, 418, 'Lawyer well', 454, 93, 6);
INSERT INTO song (song_id, album_id, name, duration_seconds, bpm, track_number) VALUES (3211, 418, 'Expert mouth', 125, 102, 7);
INSERT INTO song (song_id, album_id, name, duration_seconds, bpm, track_number) VALUES (3212, 418, 'Sign building', 426, 98, 8);
INSERT INTO song (song_id, album_id, name, duration_seconds, bpm, track_number) VALUES (3213, 418, 'Security', 397, 100, 9);
INSERT INTO song (song_id, album_id, name, duration_seconds, bpm, track_number) VALUES (3214, 418, 'Usually bad social power piece', 326, 81, 10);
INSERT INTO album (album_id, artist_id, title, release_year, created_at) VALUES (419, 207, 'Secured high-level infrastructure', 2016, NOW());
INSERT INTO song (song_id, album_id, name, duration_seconds, bpm, track_number) VALUES (3215, 419, 'Employee power sing', 298, 72, 1);
INSERT INTO song (song_id, album_id, name, duration_seconds, bpm, track_number) VALUES (3216, 419, 'Decide', 125, 67, 2);
INSERT INTO song (song_id, album_id, name, duration_seconds, bpm, track_number) VALUES (3217, 419, 'Eye tree myself', 350, 98, 3);
INSERT INTO song (song_id, album_id, name, duration_seconds, bpm, track_number) VALUES (3218, 419, 'Party', 399, 86, 4);
INSERT INTO song (song_id, album_id, name, duration_seconds, bpm, track_number) VALUES (3219, 419, 'Generation answer', 305, 179, 5);
INSERT INTO album (album_id, artist_id, title, release_year, created_at) VALUES (420, 207, 'Switchable tangible help-desk', 1990, NOW());
INSERT INTO song (song_id, album_id, name, duration_seconds, bpm, track_number) VALUES (3220, 420, 'Her without away', 412, 68, 1);
INSERT INTO song (song_id, album_id, name, duration_seconds, bpm, track_number) VALUES (3221, 420, 'Like reality enter rest', 312, 79, 2);
INSERT INTO song (song_id, album_id, name, duration_seconds, bpm, track_number) VALUES (3222, 420, 'Only hope everything', 318, 85, 3);
INSERT INTO song (song_id, album_id, name, duration_seconds, bpm, track_number) VALUES (3223, 420, 'Decision religious upon', 398, 151, 4);
INSERT INTO song (song_id, album_id, name, duration_seconds, bpm, track_number) VALUES (3224, 420, 'Enjoy more', 337, 148, 5);
INSERT INTO song (song_id, album_id, name, duration_seconds, bpm, track_number) VALUES (3225, 420, 'However', 230, 82, 6);
INSERT INTO song (song_id, album_id, name, duration_seconds, bpm, track_number) VALUES (3226, 420, 'Piece', 289, 160, 7);
INSERT INTO song (song_id, album_id, name, duration_seconds, bpm, track_number) VALUES (3227, 420, 'One nation senior any table', 366, 62, 8);
INSERT INTO album (album_id, artist_id, title, release_year, created_at) VALUES (421, 207, 'Total executive success', 1997, NOW());
INSERT INTO song (song_id, album_id, name, duration_seconds, bpm, track_number) VALUES (3228, 421, 'Employee', 177, 74, 1);
INSERT INTO song (song_id, album_id, name, duration_seconds, bpm, track_number) VALUES (3229, 421, 'Television', 461, 164, 2);
INSERT INTO song (song_id, album_id, name, duration_seconds, bpm, track_number) VALUES (3230, 421, 'Total cause wrong leader some', 430, 83, 3);
INSERT INTO song (song_id, album_id, name, duration_seconds, bpm, track_number) VALUES (3231, 421, 'Shoulder mind', 216, 163, 4);
INSERT INTO song (song_id, album_id, name, duration_seconds, bpm, track_number) VALUES (3232, 421, 'Strategy', 329, 122, 5);
INSERT INTO song (song_id, album_id, name, duration_seconds, bpm, track_number) VALUES (3233, 421, 'Rich lawyer door accept', 185, 158, 6);
INSERT INTO album (album_id, artist_id, title, release_year, created_at) VALUES (422, 208, 'Organic explicit toolset', 1970, NOW());
INSERT INTO song (song_id, album_id, name, duration_seconds, bpm, track_number) VALUES (3234, 422, 'Tree', 331, 175, 1);
INSERT INTO song (song_id, album_id, name, duration_seconds, bpm, track_number) VALUES (3235, 422, 'Cut teacher', 296, 160, 2);
INSERT INTO song (song_id, album_id, name, duration_seconds, bpm, track_number) VALUES (3236, 422, 'Leave', 171, 85, 3);
INSERT INTO song (song_id, album_id, name, duration_seconds, bpm, track_number) VALUES (3237, 422, 'Family', 227, 125, 4);
INSERT INTO song (song_id, album_id, name, duration_seconds, bpm, track_number) VALUES (3238, 422, 'Agency mind', 295, 151, 5);
INSERT INTO album (album_id, artist_id, title, release_year, created_at) VALUES (423, 208, 'Fundamental bifurcated collaboration', 1973, NOW());
INSERT INTO song (song_id, album_id, name, duration_seconds, bpm, track_number) VALUES (3239, 423, 'Check cover bar', 232, 96, 1);
INSERT INTO song (song_id, album_id, name, duration_seconds, bpm, track_number) VALUES (3240, 423, 'Discover project time money bill', 376, 84, 2);
INSERT INTO song (song_id, album_id, name, duration_seconds, bpm, track_number) VALUES (3241, 423, 'These movement doctor', 421, 158, 3);
INSERT INTO song (song_id, album_id, name, duration_seconds, bpm, track_number) VALUES (3242, 423, 'Especially', 276, 61, 4);
INSERT INTO song (song_id, album_id, name, duration_seconds, bpm, track_number) VALUES (3243, 423, 'Audience energy accept town end', 211, 179, 5);
INSERT INTO song (song_id, album_id, name, duration_seconds, bpm, track_number) VALUES (3244, 423, 'Strategy movement', 130, 104, 6);
INSERT INTO album (album_id, artist_id, title, release_year, created_at) VALUES (424, 208, 'Public-key human-resource productivity', 2009, NOW());
INSERT INTO song (song_id, album_id, name, duration_seconds, bpm, track_number) VALUES (3245, 424, 'Upon stock official outside', 381, 175, 1);
INSERT INTO song (song_id, album_id, name, duration_seconds, bpm, track_number) VALUES (3246, 424, 'Population center', 332, 129, 2);
INSERT INTO song (song_id, album_id, name, duration_seconds, bpm, track_number) VALUES (3247, 424, 'Long their reflect listen', 221, 170, 3);
INSERT INTO song (song_id, album_id, name, duration_seconds, bpm, track_number) VALUES (3248, 424, 'Perhaps ever money', 202, 86, 4);
INSERT INTO song (song_id, album_id, name, duration_seconds, bpm, track_number) VALUES (3249, 424, 'On', 430, 100, 5);
INSERT INTO song (song_id, album_id, name, duration_seconds, bpm, track_number) VALUES (3250, 424, 'Policy', 165, 144, 6);
INSERT INTO song (song_id, album_id, name, duration_seconds, bpm, track_number) VALUES (3251, 424, 'Sit south time push', 339, 168, 7);
INSERT INTO song (song_id, album_id, name, duration_seconds, bpm, track_number) VALUES (3252, 424, 'Man', 262, 158, 8);
INSERT INTO song (song_id, album_id, name, duration_seconds, bpm, track_number) VALUES (3253, 424, 'Step company though total', 204, 94, 9);
INSERT INTO song (song_id, album_id, name, duration_seconds, bpm, track_number) VALUES (3254, 424, 'Well', 277, 162, 10);
INSERT INTO album (album_id, artist_id, title, release_year, created_at) VALUES (425, 209, 'Self-enabling exuding Graphic Interface', 2000, NOW());
INSERT INTO song (song_id, album_id, name, duration_seconds, bpm, track_number) VALUES (3255, 425, 'Along the claim', 284, 163, 1);
INSERT INTO song (song_id, album_id, name, duration_seconds, bpm, track_number) VALUES (3256, 425, 'State budget', 402, 90, 2);
INSERT INTO song (song_id, album_id, name, duration_seconds, bpm, track_number) VALUES (3257, 425, 'Leader such', 370, 79, 3);
INSERT INTO song (song_id, album_id, name, duration_seconds, bpm, track_number) VALUES (3258, 425, 'Much', 328, 100, 4);
INSERT INTO song (song_id, album_id, name, duration_seconds, bpm, track_number) VALUES (3259, 425, 'Fill value strong', 426, 107, 5);
INSERT INTO song (song_id, album_id, name, duration_seconds, bpm, track_number) VALUES (3260, 425, 'Season', 209, 69, 6);
INSERT INTO song (song_id, album_id, name, duration_seconds, bpm, track_number) VALUES (3261, 425, 'Believe side', 398, 113, 7);
INSERT INTO song (song_id, album_id, name, duration_seconds, bpm, track_number) VALUES (3262, 425, 'Hope', 320, 81, 8);
INSERT INTO song (song_id, album_id, name, duration_seconds, bpm, track_number) VALUES (3263, 425, 'Customer main', 298, 119, 9);
INSERT INTO album (album_id, artist_id, title, release_year, created_at) VALUES (426, 210, 'Distributed responsive database', 1971, NOW());
INSERT INTO song (song_id, album_id, name, duration_seconds, bpm, track_number) VALUES (3264, 426, 'Goal kid', 293, 110, 1);
INSERT INTO song (song_id, album_id, name, duration_seconds, bpm, track_number) VALUES (3265, 426, 'Trip', 466, 139, 2);
INSERT INTO song (song_id, album_id, name, duration_seconds, bpm, track_number) VALUES (3266, 426, 'Accept worry positive idea', 405, 102, 3);
INSERT INTO song (song_id, album_id, name, duration_seconds, bpm, track_number) VALUES (3267, 426, 'Close Republican thus push', 352, 167, 4);
INSERT INTO song (song_id, album_id, name, duration_seconds, bpm, track_number) VALUES (3268, 426, 'All space', 418, 104, 5);
INSERT INTO song (song_id, album_id, name, duration_seconds, bpm, track_number) VALUES (3269, 426, 'Dream', 392, 61, 6);
INSERT INTO song (song_id, album_id, name, duration_seconds, bpm, track_number) VALUES (3270, 426, 'Morning', 355, 160, 7);
INSERT INTO album (album_id, artist_id, title, release_year, created_at) VALUES (427, 210, 'Inverse intangible Local Area Network', 2004, NOW());
INSERT INTO song (song_id, album_id, name, duration_seconds, bpm, track_number) VALUES (3271, 427, 'Throughout center never', 405, 155, 1);
INSERT INTO song (song_id, album_id, name, duration_seconds, bpm, track_number) VALUES (3272, 427, 'On', 452, 157, 2);
INSERT INTO song (song_id, album_id, name, duration_seconds, bpm, track_number) VALUES (3273, 427, 'Operation', 321, 153, 3);
INSERT INTO song (song_id, album_id, name, duration_seconds, bpm, track_number) VALUES (3274, 427, 'Yet last baby', 183, 157, 4);
INSERT INTO song (song_id, album_id, name, duration_seconds, bpm, track_number) VALUES (3275, 427, 'Laugh note per', 201, 113, 5);
INSERT INTO song (song_id, album_id, name, duration_seconds, bpm, track_number) VALUES (3276, 427, 'Only set lot', 449, 96, 6);
INSERT INTO album (album_id, artist_id, title, release_year, created_at) VALUES (428, 210, 'Horizontal stable service-desk', 2018, NOW());
INSERT INTO song (song_id, album_id, name, duration_seconds, bpm, track_number) VALUES (3277, 428, 'Thousand idea', 421, 143, 1);
INSERT INTO song (song_id, album_id, name, duration_seconds, bpm, track_number) VALUES (3278, 428, 'Suggest something sell', 197, 109, 2);
INSERT INTO song (song_id, album_id, name, duration_seconds, bpm, track_number) VALUES (3279, 428, 'Tree tell measure', 449, 109, 3);
INSERT INTO song (song_id, album_id, name, duration_seconds, bpm, track_number) VALUES (3280, 428, 'Role work face', 130, 84, 4);
INSERT INTO song (song_id, album_id, name, duration_seconds, bpm, track_number) VALUES (3281, 428, 'Standard', 397, 161, 5);
INSERT INTO song (song_id, album_id, name, duration_seconds, bpm, track_number) VALUES (3282, 428, 'Relationship hope join how', 250, 94, 6);
INSERT INTO album (album_id, artist_id, title, release_year, created_at) VALUES (429, 211, 'Multi-channeled analyzing Graphical User Interface', 2017, NOW());
INSERT INTO song (song_id, album_id, name, duration_seconds, bpm, track_number) VALUES (3283, 429, 'Push billion', 255, 145, 1);
INSERT INTO song (song_id, album_id, name, duration_seconds, bpm, track_number) VALUES (3284, 429, 'Structure', 121, 140, 2);
INSERT INTO song (song_id, album_id, name, duration_seconds, bpm, track_number) VALUES (3285, 429, 'Shake game student', 229, 133, 3);
INSERT INTO song (song_id, album_id, name, duration_seconds, bpm, track_number) VALUES (3286, 429, 'President', 306, 177, 4);
INSERT INTO song (song_id, album_id, name, duration_seconds, bpm, track_number) VALUES (3287, 429, 'Better', 220, 97, 5);
INSERT INTO song (song_id, album_id, name, duration_seconds, bpm, track_number) VALUES (3288, 429, 'Then', 414, 76, 6);
INSERT INTO song (song_id, album_id, name, duration_seconds, bpm, track_number) VALUES (3289, 429, 'Material protect', 148, 144, 7);
INSERT INTO album (album_id, artist_id, title, release_year, created_at) VALUES (430, 212, 'Multi-lateral impactful core', 2021, NOW());
INSERT INTO song (song_id, album_id, name, duration_seconds, bpm, track_number) VALUES (3290, 430, 'Explain program hundred', 203, 123, 1);
INSERT INTO song (song_id, album_id, name, duration_seconds, bpm, track_number) VALUES (3291, 430, 'Job until', 403, 180, 2);
INSERT INTO song (song_id, album_id, name, duration_seconds, bpm, track_number) VALUES (3292, 430, 'Weight policy', 267, 65, 3);
INSERT INTO song (song_id, album_id, name, duration_seconds, bpm, track_number) VALUES (3293, 430, 'Such', 337, 145, 4);
INSERT INTO song (song_id, album_id, name, duration_seconds, bpm, track_number) VALUES (3294, 430, 'Bank get', 290, 90, 5);
INSERT INTO song (song_id, album_id, name, duration_seconds, bpm, track_number) VALUES (3295, 430, 'Bed civil', 223, 156, 6);
INSERT INTO song (song_id, album_id, name, duration_seconds, bpm, track_number) VALUES (3296, 430, 'Name laugh knowledge', 339, 133, 7);
INSERT INTO song (song_id, album_id, name, duration_seconds, bpm, track_number) VALUES (3297, 430, 'Reflect build', 165, 152, 8);
INSERT INTO album (album_id, artist_id, title, release_year, created_at) VALUES (431, 212, 'Operative discrete utilization', 2014, NOW());
INSERT INTO song (song_id, album_id, name, duration_seconds, bpm, track_number) VALUES (3298, 431, 'Official join peace course', 292, 120, 1);
INSERT INTO song (song_id, album_id, name, duration_seconds, bpm, track_number) VALUES (3299, 431, 'Sense', 196, 144, 2);
INSERT INTO song (song_id, album_id, name, duration_seconds, bpm, track_number) VALUES (3300, 431, 'Support', 359, 140, 3);
INSERT INTO song (song_id, album_id, name, duration_seconds, bpm, track_number) VALUES (3301, 431, 'Small', 467, 111, 4);
INSERT INTO song (song_id, album_id, name, duration_seconds, bpm, track_number) VALUES (3302, 431, 'The', 300, 109, 5);
INSERT INTO album (album_id, artist_id, title, release_year, created_at) VALUES (432, 212, 'Secured bifurcated methodology', 2017, NOW());
INSERT INTO song (song_id, album_id, name, duration_seconds, bpm, track_number) VALUES (3303, 432, 'Traditional space source note', 230, 91, 1);
INSERT INTO song (song_id, album_id, name, duration_seconds, bpm, track_number) VALUES (3304, 432, 'Three story', 124, 130, 2);
INSERT INTO song (song_id, album_id, name, duration_seconds, bpm, track_number) VALUES (3305, 432, 'Plant kitchen physical heart according', 127, 180, 3);
INSERT INTO song (song_id, album_id, name, duration_seconds, bpm, track_number) VALUES (3306, 432, 'Customer move', 215, 175, 4);
INSERT INTO song (song_id, album_id, name, duration_seconds, bpm, track_number) VALUES (3307, 432, 'Get', 141, 175, 5);
INSERT INTO song (song_id, album_id, name, duration_seconds, bpm, track_number) VALUES (3308, 432, 'Oil', 309, 138, 6);
INSERT INTO album (album_id, artist_id, title, release_year, created_at) VALUES (433, 213, 'Streamlined user-facing adapter', 2014, NOW());
INSERT INTO song (song_id, album_id, name, duration_seconds, bpm, track_number) VALUES (3309, 433, 'Information', 177, 106, 1);
INSERT INTO song (song_id, album_id, name, duration_seconds, bpm, track_number) VALUES (3310, 433, 'Floor drop', 158, 69, 2);
INSERT INTO song (song_id, album_id, name, duration_seconds, bpm, track_number) VALUES (3311, 433, 'Glass example kid', 377, 112, 3);
INSERT INTO song (song_id, album_id, name, duration_seconds, bpm, track_number) VALUES (3312, 433, 'Chair', 354, 103, 4);
INSERT INTO song (song_id, album_id, name, duration_seconds, bpm, track_number) VALUES (3313, 433, 'Throughout', 359, 78, 5);
INSERT INTO song (song_id, album_id, name, duration_seconds, bpm, track_number) VALUES (3314, 433, 'Affect some own half', 144, 172, 6);
INSERT INTO song (song_id, album_id, name, duration_seconds, bpm, track_number) VALUES (3315, 433, 'Bit', 236, 167, 7);
INSERT INTO album (album_id, artist_id, title, release_year, created_at) VALUES (434, 214, 'Open-source foreground knowledgebase', 1971, NOW());
INSERT INTO song (song_id, album_id, name, duration_seconds, bpm, track_number) VALUES (3316, 434, 'Bit', 242, 90, 1);
INSERT INTO song (song_id, album_id, name, duration_seconds, bpm, track_number) VALUES (3317, 434, 'Record no', 422, 91, 2);
INSERT INTO song (song_id, album_id, name, duration_seconds, bpm, track_number) VALUES (3318, 434, 'Allow case', 200, 173, 3);
INSERT INTO song (song_id, album_id, name, duration_seconds, bpm, track_number) VALUES (3319, 434, 'Rule become', 152, 175, 4);
INSERT INTO song (song_id, album_id, name, duration_seconds, bpm, track_number) VALUES (3320, 434, 'Play discussion before', 163, 140, 5);
INSERT INTO song (song_id, album_id, name, duration_seconds, bpm, track_number) VALUES (3321, 434, 'Red investment picture', 157, 64, 6);
INSERT INTO song (song_id, album_id, name, duration_seconds, bpm, track_number) VALUES (3322, 434, 'Method company', 324, 147, 7);
INSERT INTO song (song_id, album_id, name, duration_seconds, bpm, track_number) VALUES (3323, 434, 'Reach miss', 440, 116, 8);
INSERT INTO song (song_id, album_id, name, duration_seconds, bpm, track_number) VALUES (3324, 434, 'Agreement practice really bag', 277, 127, 9);
INSERT INTO album (album_id, artist_id, title, release_year, created_at) VALUES (435, 214, 'Persevering needs-based migration', 2000, NOW());
INSERT INTO song (song_id, album_id, name, duration_seconds, bpm, track_number) VALUES (3325, 435, 'Television', 274, 169, 1);
INSERT INTO song (song_id, album_id, name, duration_seconds, bpm, track_number) VALUES (3326, 435, 'Free', 363, 146, 2);
INSERT INTO song (song_id, album_id, name, duration_seconds, bpm, track_number) VALUES (3327, 435, 'Race', 301, 169, 3);
INSERT INTO song (song_id, album_id, name, duration_seconds, bpm, track_number) VALUES (3328, 435, 'Mention entire', 329, 76, 4);
INSERT INTO song (song_id, album_id, name, duration_seconds, bpm, track_number) VALUES (3329, 435, 'Finally', 460, 78, 5);
INSERT INTO song (song_id, album_id, name, duration_seconds, bpm, track_number) VALUES (3330, 435, 'Clearly you in', 414, 154, 6);
INSERT INTO song (song_id, album_id, name, duration_seconds, bpm, track_number) VALUES (3331, 435, 'Exactly front', 247, 129, 7);
INSERT INTO song (song_id, album_id, name, duration_seconds, bpm, track_number) VALUES (3332, 435, 'Explain east yet body bill', 148, 76, 8);
INSERT INTO album (album_id, artist_id, title, release_year, created_at) VALUES (436, 215, 'Programmable bandwidth-monitored synergy', 2000, NOW());
INSERT INTO song (song_id, album_id, name, duration_seconds, bpm, track_number) VALUES (3333, 436, 'Pressure', 295, 116, 1);
INSERT INTO song (song_id, album_id, name, duration_seconds, bpm, track_number) VALUES (3334, 436, 'Tv', 412, 144, 2);
INSERT INTO song (song_id, album_id, name, duration_seconds, bpm, track_number) VALUES (3335, 436, 'Election woman', 346, 87, 3);
INSERT INTO song (song_id, album_id, name, duration_seconds, bpm, track_number) VALUES (3336, 436, 'Responsibility draw exist', 233, 121, 4);
INSERT INTO song (song_id, album_id, name, duration_seconds, bpm, track_number) VALUES (3337, 436, 'Environmental agree view response science', 294, 93, 5);
INSERT INTO song (song_id, album_id, name, duration_seconds, bpm, track_number) VALUES (3338, 436, 'Indeed then', 160, 108, 6);
INSERT INTO song (song_id, album_id, name, duration_seconds, bpm, track_number) VALUES (3339, 436, 'Animal I', 257, 118, 7);
INSERT INTO song (song_id, album_id, name, duration_seconds, bpm, track_number) VALUES (3340, 436, 'Usually west special', 187, 102, 8);
INSERT INTO song (song_id, album_id, name, duration_seconds, bpm, track_number) VALUES (3341, 436, 'Expert mind soldier middle choose', 315, 96, 9);
INSERT INTO song (song_id, album_id, name, duration_seconds, bpm, track_number) VALUES (3342, 436, 'Sell', 325, 169, 10);
INSERT INTO album (album_id, artist_id, title, release_year, created_at) VALUES (437, 215, 'Automated 24/7 portal', 1975, NOW());
INSERT INTO song (song_id, album_id, name, duration_seconds, bpm, track_number) VALUES (3343, 437, 'Research', 175, 153, 1);
INSERT INTO song (song_id, album_id, name, duration_seconds, bpm, track_number) VALUES (3344, 437, 'Senior forward', 425, 66, 2);
INSERT INTO song (song_id, album_id, name, duration_seconds, bpm, track_number) VALUES (3345, 437, 'Question claim everything', 237, 97, 3);
INSERT INTO song (song_id, album_id, name, duration_seconds, bpm, track_number) VALUES (3346, 437, 'Hospital', 132, 128, 4);
INSERT INTO song (song_id, album_id, name, duration_seconds, bpm, track_number) VALUES (3347, 437, 'Article', 419, 90, 5);
INSERT INTO song (song_id, album_id, name, duration_seconds, bpm, track_number) VALUES (3348, 437, 'Fill treat both thus radio', 423, 100, 6);
INSERT INTO song (song_id, album_id, name, duration_seconds, bpm, track_number) VALUES (3349, 437, 'Result however', 355, 105, 7);
INSERT INTO song (song_id, album_id, name, duration_seconds, bpm, track_number) VALUES (3350, 437, 'North direction door', 357, 178, 8);
INSERT INTO song (song_id, album_id, name, duration_seconds, bpm, track_number) VALUES (3351, 437, 'Staff', 190, 72, 9);
INSERT INTO album (album_id, artist_id, title, release_year, created_at) VALUES (438, 215, 'Organic mission-critical capacity', 2009, NOW());
INSERT INTO song (song_id, album_id, name, duration_seconds, bpm, track_number) VALUES (3352, 438, 'Attorney', 148, 116, 1);
INSERT INTO song (song_id, album_id, name, duration_seconds, bpm, track_number) VALUES (3353, 438, 'Fine street', 279, 165, 2);
INSERT INTO song (song_id, album_id, name, duration_seconds, bpm, track_number) VALUES (3354, 438, 'Responsibility performance dinner', 230, 131, 3);
INSERT INTO song (song_id, album_id, name, duration_seconds, bpm, track_number) VALUES (3355, 438, 'Trade late', 313, 154, 4);
INSERT INTO song (song_id, album_id, name, duration_seconds, bpm, track_number) VALUES (3356, 438, 'Hit vote', 245, 91, 5);
INSERT INTO song (song_id, album_id, name, duration_seconds, bpm, track_number) VALUES (3357, 438, 'Student', 409, 68, 6);
INSERT INTO album (album_id, artist_id, title, release_year, created_at) VALUES (439, 216, 'Self-enabling exuding throughput', 1991, NOW());
INSERT INTO song (song_id, album_id, name, duration_seconds, bpm, track_number) VALUES (3358, 439, 'Marriage', 265, 110, 1);
INSERT INTO song (song_id, album_id, name, duration_seconds, bpm, track_number) VALUES (3359, 439, 'Growth', 426, 121, 2);
INSERT INTO song (song_id, album_id, name, duration_seconds, bpm, track_number) VALUES (3360, 439, 'Final treatment', 216, 176, 3);
INSERT INTO song (song_id, album_id, name, duration_seconds, bpm, track_number) VALUES (3361, 439, 'Worry', 433, 170, 4);
INSERT INTO song (song_id, album_id, name, duration_seconds, bpm, track_number) VALUES (3362, 439, 'Like', 170, 109, 5);
INSERT INTO album (album_id, artist_id, title, release_year, created_at) VALUES (440, 217, 'Inverse human-resource forecast', 1997, NOW());
INSERT INTO song (song_id, album_id, name, duration_seconds, bpm, track_number) VALUES (3363, 440, 'Over', 452, 169, 1);
INSERT INTO song (song_id, album_id, name, duration_seconds, bpm, track_number) VALUES (3364, 440, 'Other', 296, 112, 2);
INSERT INTO song (song_id, album_id, name, duration_seconds, bpm, track_number) VALUES (3365, 440, 'Cell wonder', 287, 155, 3);
INSERT INTO song (song_id, album_id, name, duration_seconds, bpm, track_number) VALUES (3366, 440, 'Determine sit', 291, 151, 4);
INSERT INTO song (song_id, album_id, name, duration_seconds, bpm, track_number) VALUES (3367, 440, 'Page production listen', 278, 153, 5);
INSERT INTO song (song_id, album_id, name, duration_seconds, bpm, track_number) VALUES (3368, 440, 'Response church we', 304, 71, 6);
INSERT INTO song (song_id, album_id, name, duration_seconds, bpm, track_number) VALUES (3369, 440, 'Present institution free', 259, 128, 7);
INSERT INTO song (song_id, album_id, name, duration_seconds, bpm, track_number) VALUES (3370, 440, 'Alone notice best', 264, 79, 8);
INSERT INTO song (song_id, album_id, name, duration_seconds, bpm, track_number) VALUES (3371, 440, 'Cut official catch', 131, 97, 9);
INSERT INTO song (song_id, album_id, name, duration_seconds, bpm, track_number) VALUES (3372, 440, 'East how owner attack conference', 415, 152, 10);
INSERT INTO album (album_id, artist_id, title, release_year, created_at) VALUES (441, 218, 'Realigned holistic portal', 2015, NOW());
INSERT INTO song (song_id, album_id, name, duration_seconds, bpm, track_number) VALUES (3373, 441, 'Upon upon', 148, 144, 1);
INSERT INTO song (song_id, album_id, name, duration_seconds, bpm, track_number) VALUES (3374, 441, 'Evidence difficult air', 333, 142, 2);
INSERT INTO song (song_id, album_id, name, duration_seconds, bpm, track_number) VALUES (3375, 441, 'Off nearly', 236, 116, 3);
INSERT INTO song (song_id, album_id, name, duration_seconds, bpm, track_number) VALUES (3376, 441, 'Among without with', 464, 173, 4);
INSERT INTO song (song_id, album_id, name, duration_seconds, bpm, track_number) VALUES (3377, 441, 'Leg opportunity sure', 359, 70, 5);
INSERT INTO song (song_id, album_id, name, duration_seconds, bpm, track_number) VALUES (3378, 441, 'Itself certainly project have', 405, 121, 6);
INSERT INTO album (album_id, artist_id, title, release_year, created_at) VALUES (442, 218, 'Mandatory bifurcated hub', 2026, NOW());
INSERT INTO song (song_id, album_id, name, duration_seconds, bpm, track_number) VALUES (3379, 442, 'Society possible ground ever', 254, 155, 1);
INSERT INTO song (song_id, album_id, name, duration_seconds, bpm, track_number) VALUES (3380, 442, 'Possible', 169, 152, 2);
INSERT INTO song (song_id, album_id, name, duration_seconds, bpm, track_number) VALUES (3381, 442, 'Coach vote', 298, 136, 3);
INSERT INTO song (song_id, album_id, name, duration_seconds, bpm, track_number) VALUES (3382, 442, 'Poor', 139, 63, 4);
INSERT INTO song (song_id, album_id, name, duration_seconds, bpm, track_number) VALUES (3383, 442, 'Visit student plan key', 273, 141, 5);
INSERT INTO album (album_id, artist_id, title, release_year, created_at) VALUES (443, 218, 'Balanced secondary protocol', 1989, NOW());
INSERT INTO song (song_id, album_id, name, duration_seconds, bpm, track_number) VALUES (3384, 443, 'Sort opportunity truth imagine', 459, 175, 1);
INSERT INTO song (song_id, album_id, name, duration_seconds, bpm, track_number) VALUES (3385, 443, 'Lay', 437, 165, 2);
INSERT INTO song (song_id, album_id, name, duration_seconds, bpm, track_number) VALUES (3386, 443, 'Debate', 382, 94, 3);
INSERT INTO song (song_id, album_id, name, duration_seconds, bpm, track_number) VALUES (3387, 443, 'Play information sit', 304, 137, 4);
INSERT INTO song (song_id, album_id, name, duration_seconds, bpm, track_number) VALUES (3388, 443, 'Cup', 235, 98, 5);
INSERT INTO song (song_id, album_id, name, duration_seconds, bpm, track_number) VALUES (3389, 443, 'Page relationship', 205, 140, 6);
INSERT INTO song (song_id, album_id, name, duration_seconds, bpm, track_number) VALUES (3390, 443, 'Professor to', 381, 149, 7);
INSERT INTO song (song_id, album_id, name, duration_seconds, bpm, track_number) VALUES (3391, 443, 'Condition', 261, 109, 8);
INSERT INTO song (song_id, album_id, name, duration_seconds, bpm, track_number) VALUES (3392, 443, 'Development environmental than', 192, 163, 9);
INSERT INTO song (song_id, album_id, name, duration_seconds, bpm, track_number) VALUES (3393, 443, 'Career poor season', 127, 155, 10);
INSERT INTO album (album_id, artist_id, title, release_year, created_at) VALUES (444, 219, 'Synergized high-level data-warehouse', 1983, NOW());
INSERT INTO song (song_id, album_id, name, duration_seconds, bpm, track_number) VALUES (3394, 444, 'Watch', 443, 161, 1);
INSERT INTO song (song_id, album_id, name, duration_seconds, bpm, track_number) VALUES (3395, 444, 'Two suffer place entire', 382, 62, 2);
INSERT INTO song (song_id, album_id, name, duration_seconds, bpm, track_number) VALUES (3396, 444, 'Else decade', 463, 137, 3);
INSERT INTO song (song_id, album_id, name, duration_seconds, bpm, track_number) VALUES (3397, 444, 'Tell finally', 473, 164, 4);
INSERT INTO song (song_id, album_id, name, duration_seconds, bpm, track_number) VALUES (3398, 444, 'Old', 456, 129, 5);
INSERT INTO song (song_id, album_id, name, duration_seconds, bpm, track_number) VALUES (3399, 444, 'Put single especially', 376, 164, 6);
INSERT INTO song (song_id, album_id, name, duration_seconds, bpm, track_number) VALUES (3400, 444, 'Kitchen bit', 122, 62, 7);
INSERT INTO song (song_id, album_id, name, duration_seconds, bpm, track_number) VALUES (3401, 444, 'Voice before high', 198, 105, 8);
INSERT INTO album (album_id, artist_id, title, release_year, created_at) VALUES (445, 220, 'Profit-focused client-driven projection', 2004, NOW());
INSERT INTO song (song_id, album_id, name, duration_seconds, bpm, track_number) VALUES (3402, 445, 'Cover', 348, 136, 1);
INSERT INTO song (song_id, album_id, name, duration_seconds, bpm, track_number) VALUES (3403, 445, 'Talk', 473, 96, 2);
INSERT INTO song (song_id, album_id, name, duration_seconds, bpm, track_number) VALUES (3404, 445, 'Age speak tonight', 167, 95, 3);
INSERT INTO song (song_id, album_id, name, duration_seconds, bpm, track_number) VALUES (3405, 445, 'Person', 474, 110, 4);
INSERT INTO song (song_id, album_id, name, duration_seconds, bpm, track_number) VALUES (3406, 445, 'Reality he', 468, 167, 5);
INSERT INTO song (song_id, album_id, name, duration_seconds, bpm, track_number) VALUES (3407, 445, 'Low', 177, 131, 6);
INSERT INTO song (song_id, album_id, name, duration_seconds, bpm, track_number) VALUES (3408, 445, 'Wide', 220, 106, 7);
INSERT INTO song (song_id, album_id, name, duration_seconds, bpm, track_number) VALUES (3409, 445, 'Else range receive whose', 225, 86, 8);
INSERT INTO song (song_id, album_id, name, duration_seconds, bpm, track_number) VALUES (3410, 445, 'First', 224, 114, 9);
INSERT INTO song (song_id, album_id, name, duration_seconds, bpm, track_number) VALUES (3411, 445, 'Until', 193, 158, 10);
INSERT INTO album (album_id, artist_id, title, release_year, created_at) VALUES (446, 220, 'Cloned upward-trending product', 1978, NOW());
INSERT INTO song (song_id, album_id, name, duration_seconds, bpm, track_number) VALUES (3412, 446, 'Live', 160, 109, 1);
INSERT INTO song (song_id, album_id, name, duration_seconds, bpm, track_number) VALUES (3413, 446, 'Follow', 425, 177, 2);
INSERT INTO song (song_id, album_id, name, duration_seconds, bpm, track_number) VALUES (3414, 446, 'Beyond popular computer', 424, 96, 3);
INSERT INTO song (song_id, album_id, name, duration_seconds, bpm, track_number) VALUES (3415, 446, 'Difficult gun', 359, 120, 4);
INSERT INTO song (song_id, album_id, name, duration_seconds, bpm, track_number) VALUES (3416, 446, 'Bed', 332, 163, 5);
INSERT INTO song (song_id, album_id, name, duration_seconds, bpm, track_number) VALUES (3417, 446, 'Common should citizen', 127, 93, 6);
INSERT INTO song (song_id, album_id, name, duration_seconds, bpm, track_number) VALUES (3418, 446, 'During rock always us ago', 364, 102, 7);
INSERT INTO song (song_id, album_id, name, duration_seconds, bpm, track_number) VALUES (3419, 446, 'Choose', 332, 63, 8);
INSERT INTO song (song_id, album_id, name, duration_seconds, bpm, track_number) VALUES (3420, 446, 'Difference', 228, 175, 9);
INSERT INTO song (song_id, album_id, name, duration_seconds, bpm, track_number) VALUES (3421, 446, 'What international', 374, 109, 10);
INSERT INTO album (album_id, artist_id, title, release_year, created_at) VALUES (447, 221, 'Extended actuating utilization', 1994, NOW());
INSERT INTO song (song_id, album_id, name, duration_seconds, bpm, track_number) VALUES (3422, 447, 'Unit wish', 202, 75, 1);
INSERT INTO song (song_id, album_id, name, duration_seconds, bpm, track_number) VALUES (3423, 447, 'Growth western pick', 134, 142, 2);
INSERT INTO song (song_id, album_id, name, duration_seconds, bpm, track_number) VALUES (3424, 447, 'Sign could', 406, 162, 3);
INSERT INTO song (song_id, album_id, name, duration_seconds, bpm, track_number) VALUES (3425, 447, 'Reflect', 451, 136, 4);
INSERT INTO song (song_id, album_id, name, duration_seconds, bpm, track_number) VALUES (3426, 447, 'Hospital', 446, 97, 5);
INSERT INTO album (album_id, artist_id, title, release_year, created_at) VALUES (448, 221, 'Triple-buffered maximized archive', 2017, NOW());
INSERT INTO song (song_id, album_id, name, duration_seconds, bpm, track_number) VALUES (3427, 448, 'Rate', 172, 110, 1);
INSERT INTO song (song_id, album_id, name, duration_seconds, bpm, track_number) VALUES (3428, 448, 'Adult through', 120, 77, 2);
INSERT INTO song (song_id, album_id, name, duration_seconds, bpm, track_number) VALUES (3429, 448, 'Issue concern skill', 158, 116, 3);
INSERT INTO song (song_id, album_id, name, duration_seconds, bpm, track_number) VALUES (3430, 448, 'Hour', 334, 175, 4);
INSERT INTO song (song_id, album_id, name, duration_seconds, bpm, track_number) VALUES (3431, 448, 'Same technology thousand friend', 476, 135, 5);
INSERT INTO album (album_id, artist_id, title, release_year, created_at) VALUES (449, 222, 'Secured clear-thinking customer loyalty', 2009, NOW());
INSERT INTO song (song_id, album_id, name, duration_seconds, bpm, track_number) VALUES (3432, 449, 'Peace wear brother also', 446, 72, 1);
INSERT INTO song (song_id, album_id, name, duration_seconds, bpm, track_number) VALUES (3433, 449, 'Wife', 141, 156, 2);
INSERT INTO song (song_id, album_id, name, duration_seconds, bpm, track_number) VALUES (3434, 449, 'Behind say purpose', 181, 147, 3);
INSERT INTO song (song_id, album_id, name, duration_seconds, bpm, track_number) VALUES (3435, 449, 'Start', 343, 81, 4);
INSERT INTO song (song_id, album_id, name, duration_seconds, bpm, track_number) VALUES (3436, 449, 'Prevent', 378, 173, 5);
INSERT INTO song (song_id, album_id, name, duration_seconds, bpm, track_number) VALUES (3437, 449, 'See travel', 139, 73, 6);
INSERT INTO song (song_id, album_id, name, duration_seconds, bpm, track_number) VALUES (3438, 449, 'Us every view hot night', 136, 79, 7);
INSERT INTO song (song_id, album_id, name, duration_seconds, bpm, track_number) VALUES (3439, 449, 'Choose', 371, 180, 8);
INSERT INTO album (album_id, artist_id, title, release_year, created_at) VALUES (450, 222, 'Mandatory scalable extranet', 2012, NOW());
INSERT INTO song (song_id, album_id, name, duration_seconds, bpm, track_number) VALUES (3440, 450, 'Himself million', 142, 100, 1);
INSERT INTO song (song_id, album_id, name, duration_seconds, bpm, track_number) VALUES (3441, 450, 'Protect', 432, 119, 2);
INSERT INTO song (song_id, album_id, name, duration_seconds, bpm, track_number) VALUES (3442, 450, 'Skill when', 415, 129, 3);
INSERT INTO song (song_id, album_id, name, duration_seconds, bpm, track_number) VALUES (3443, 450, 'Girl', 398, 177, 4);
INSERT INTO song (song_id, album_id, name, duration_seconds, bpm, track_number) VALUES (3444, 450, 'Have', 272, 152, 5);
INSERT INTO song (song_id, album_id, name, duration_seconds, bpm, track_number) VALUES (3445, 450, 'Great image tonight', 141, 78, 6);
INSERT INTO song (song_id, album_id, name, duration_seconds, bpm, track_number) VALUES (3446, 450, 'Until trouble', 138, 116, 7);
INSERT INTO song (song_id, album_id, name, duration_seconds, bpm, track_number) VALUES (3447, 450, 'Eight', 260, 112, 8);
INSERT INTO song (song_id, album_id, name, duration_seconds, bpm, track_number) VALUES (3448, 450, 'Ago', 367, 115, 9);
INSERT INTO song (song_id, album_id, name, duration_seconds, bpm, track_number) VALUES (3449, 450, 'Single every', 279, 116, 10);
INSERT INTO album (album_id, artist_id, title, release_year, created_at) VALUES (451, 223, 'Polarized eco-centric matrix', 1971, NOW());
INSERT INTO song (song_id, album_id, name, duration_seconds, bpm, track_number) VALUES (3450, 451, 'Talk strategy with', 464, 123, 1);
INSERT INTO song (song_id, album_id, name, duration_seconds, bpm, track_number) VALUES (3451, 451, 'Indicate', 294, 99, 2);
INSERT INTO song (song_id, album_id, name, duration_seconds, bpm, track_number) VALUES (3452, 451, 'Something', 204, 115, 3);
INSERT INTO song (song_id, album_id, name, duration_seconds, bpm, track_number) VALUES (3453, 451, 'Again increase', 155, 76, 4);
INSERT INTO song (song_id, album_id, name, duration_seconds, bpm, track_number) VALUES (3454, 451, 'Get which bag', 126, 110, 5);
INSERT INTO album (album_id, artist_id, title, release_year, created_at) VALUES (452, 223, 'Up-sized even-keeled hardware', 1991, NOW());
INSERT INTO song (song_id, album_id, name, duration_seconds, bpm, track_number) VALUES (3455, 452, 'Fight', 327, 64, 1);
INSERT INTO song (song_id, album_id, name, duration_seconds, bpm, track_number) VALUES (3456, 452, 'Give rule', 137, 159, 2);
INSERT INTO song (song_id, album_id, name, duration_seconds, bpm, track_number) VALUES (3457, 452, 'Sure music', 318, 152, 3);
INSERT INTO song (song_id, album_id, name, duration_seconds, bpm, track_number) VALUES (3458, 452, 'Inside', 364, 60, 4);
INSERT INTO song (song_id, album_id, name, duration_seconds, bpm, track_number) VALUES (3459, 452, 'Team', 385, 81, 5);
INSERT INTO song (song_id, album_id, name, duration_seconds, bpm, track_number) VALUES (3460, 452, 'Factor', 370, 125, 6);
INSERT INTO song (song_id, album_id, name, duration_seconds, bpm, track_number) VALUES (3461, 452, 'Without style require', 270, 162, 7);
INSERT INTO song (song_id, album_id, name, duration_seconds, bpm, track_number) VALUES (3462, 452, 'Stand Democrat join professor', 276, 128, 8);
INSERT INTO song (song_id, album_id, name, duration_seconds, bpm, track_number) VALUES (3463, 452, 'Star final history', 165, 162, 9);
INSERT INTO song (song_id, album_id, name, duration_seconds, bpm, track_number) VALUES (3464, 452, 'Act read catch yourself', 209, 151, 10);
INSERT INTO album (album_id, artist_id, title, release_year, created_at) VALUES (453, 224, 'Switchable encompassing methodology', 2014, NOW());
INSERT INTO song (song_id, album_id, name, duration_seconds, bpm, track_number) VALUES (3465, 453, 'Off', 296, 73, 1);
INSERT INTO song (song_id, album_id, name, duration_seconds, bpm, track_number) VALUES (3466, 453, 'Born', 142, 124, 2);
INSERT INTO song (song_id, album_id, name, duration_seconds, bpm, track_number) VALUES (3467, 453, 'Game base', 261, 154, 3);
INSERT INTO song (song_id, album_id, name, duration_seconds, bpm, track_number) VALUES (3468, 453, 'Century time', 274, 169, 4);
INSERT INTO song (song_id, album_id, name, duration_seconds, bpm, track_number) VALUES (3469, 453, 'Spend boy forget point when', 267, 119, 5);
INSERT INTO song (song_id, album_id, name, duration_seconds, bpm, track_number) VALUES (3470, 453, 'President', 325, 130, 6);
INSERT INTO song (song_id, album_id, name, duration_seconds, bpm, track_number) VALUES (3471, 453, 'Forget her base picture assume', 419, 88, 7);
INSERT INTO song (song_id, album_id, name, duration_seconds, bpm, track_number) VALUES (3472, 453, 'Matter', 358, 68, 8);
INSERT INTO song (song_id, album_id, name, duration_seconds, bpm, track_number) VALUES (3473, 453, 'Contain save kitchen structure newspaper', 386, 124, 9);
INSERT INTO album (album_id, artist_id, title, release_year, created_at) VALUES (454, 224, 'Seamless solution-oriented help-desk', 2015, NOW());
INSERT INTO song (song_id, album_id, name, duration_seconds, bpm, track_number) VALUES (3474, 454, 'Doctor very', 298, 143, 1);
INSERT INTO song (song_id, album_id, name, duration_seconds, bpm, track_number) VALUES (3475, 454, 'Behavior standard', 215, 91, 2);
INSERT INTO song (song_id, album_id, name, duration_seconds, bpm, track_number) VALUES (3476, 454, 'By yet', 340, 105, 3);
INSERT INTO song (song_id, album_id, name, duration_seconds, bpm, track_number) VALUES (3477, 454, 'Follow someone piece', 234, 60, 4);
INSERT INTO song (song_id, album_id, name, duration_seconds, bpm, track_number) VALUES (3478, 454, 'Specific', 334, 178, 5);
INSERT INTO album (album_id, artist_id, title, release_year, created_at) VALUES (455, 224, 'Triple-buffered mission-critical extranet', 1974, NOW());
INSERT INTO song (song_id, album_id, name, duration_seconds, bpm, track_number) VALUES (3479, 455, 'Image', 236, 155, 1);
INSERT INTO song (song_id, album_id, name, duration_seconds, bpm, track_number) VALUES (3480, 455, 'Mind exist', 304, 139, 2);
INSERT INTO song (song_id, album_id, name, duration_seconds, bpm, track_number) VALUES (3481, 455, 'Eye laugh', 141, 102, 3);
INSERT INTO song (song_id, album_id, name, duration_seconds, bpm, track_number) VALUES (3482, 455, 'His southern', 469, 147, 4);
INSERT INTO song (song_id, album_id, name, duration_seconds, bpm, track_number) VALUES (3483, 455, 'Choose police pattern', 389, 63, 5);
INSERT INTO song (song_id, album_id, name, duration_seconds, bpm, track_number) VALUES (3484, 455, 'Scientist behavior at', 135, 62, 6);
INSERT INTO song (song_id, album_id, name, duration_seconds, bpm, track_number) VALUES (3485, 455, 'Pretty audience', 416, 65, 7);
INSERT INTO song (song_id, album_id, name, duration_seconds, bpm, track_number) VALUES (3486, 455, 'Force than themselves sell they', 419, 105, 8);
INSERT INTO song (song_id, album_id, name, duration_seconds, bpm, track_number) VALUES (3487, 455, 'Production pick ahead', 265, 140, 9);
INSERT INTO song (song_id, album_id, name, duration_seconds, bpm, track_number) VALUES (3488, 455, 'Yet worry', 246, 101, 10);
INSERT INTO album (album_id, artist_id, title, release_year, created_at) VALUES (456, 225, 'Synchronized disintermediate model', 2013, NOW());
INSERT INTO song (song_id, album_id, name, duration_seconds, bpm, track_number) VALUES (3489, 456, 'Indeed little', 463, 176, 1);
INSERT INTO song (song_id, album_id, name, duration_seconds, bpm, track_number) VALUES (3490, 456, 'Billion woman', 362, 140, 2);
INSERT INTO song (song_id, album_id, name, duration_seconds, bpm, track_number) VALUES (3491, 456, 'Morning those', 432, 66, 3);
INSERT INTO song (song_id, album_id, name, duration_seconds, bpm, track_number) VALUES (3492, 456, 'Prevent', 409, 91, 4);
INSERT INTO song (song_id, album_id, name, duration_seconds, bpm, track_number) VALUES (3493, 456, 'General different', 441, 134, 5);
INSERT INTO song (song_id, album_id, name, duration_seconds, bpm, track_number) VALUES (3494, 456, 'Learn analysis training product', 386, 107, 6);
INSERT INTO song (song_id, album_id, name, duration_seconds, bpm, track_number) VALUES (3495, 456, 'Carry', 456, 160, 7);
INSERT INTO song (song_id, album_id, name, duration_seconds, bpm, track_number) VALUES (3496, 456, 'Politics', 442, 93, 8);
INSERT INTO song (song_id, album_id, name, duration_seconds, bpm, track_number) VALUES (3497, 456, 'Song culture sound box', 445, 152, 9);
INSERT INTO song (song_id, album_id, name, duration_seconds, bpm, track_number) VALUES (3498, 456, 'There', 426, 105, 10);
INSERT INTO album (album_id, artist_id, title, release_year, created_at) VALUES (457, 225, 'Front-line background database', 2004, NOW());
INSERT INTO song (song_id, album_id, name, duration_seconds, bpm, track_number) VALUES (3499, 457, 'Authority force', 314, 62, 1);
INSERT INTO song (song_id, album_id, name, duration_seconds, bpm, track_number) VALUES (3500, 457, 'Reveal set TV consider', 148, 61, 2);
INSERT INTO song (song_id, album_id, name, duration_seconds, bpm, track_number) VALUES (3501, 457, 'Matter', 448, 78, 3);
INSERT INTO song (song_id, album_id, name, duration_seconds, bpm, track_number) VALUES (3502, 457, 'From', 458, 78, 4);
INSERT INTO song (song_id, album_id, name, duration_seconds, bpm, track_number) VALUES (3503, 457, 'Property throw', 354, 68, 5);
INSERT INTO song (song_id, album_id, name, duration_seconds, bpm, track_number) VALUES (3504, 457, 'Kind', 153, 64, 6);
INSERT INTO album (album_id, artist_id, title, release_year, created_at) VALUES (458, 226, 'Streamlined even-keeled initiative', 1974, NOW());
INSERT INTO song (song_id, album_id, name, duration_seconds, bpm, track_number) VALUES (3505, 458, 'Seat', 467, 149, 1);
INSERT INTO song (song_id, album_id, name, duration_seconds, bpm, track_number) VALUES (3506, 458, 'Future sort reality', 152, 131, 2);
INSERT INTO song (song_id, album_id, name, duration_seconds, bpm, track_number) VALUES (3507, 458, 'Gun firm according large', 399, 139, 3);
INSERT INTO song (song_id, album_id, name, duration_seconds, bpm, track_number) VALUES (3508, 458, 'Able cover', 277, 145, 4);
INSERT INTO song (song_id, album_id, name, duration_seconds, bpm, track_number) VALUES (3509, 458, 'Option mind', 472, 63, 5);
INSERT INTO song (song_id, album_id, name, duration_seconds, bpm, track_number) VALUES (3510, 458, 'Also personal', 316, 160, 6);
INSERT INTO song (song_id, album_id, name, duration_seconds, bpm, track_number) VALUES (3511, 458, 'Red', 350, 116, 7);
INSERT INTO song (song_id, album_id, name, duration_seconds, bpm, track_number) VALUES (3512, 458, 'Center', 156, 152, 8);
INSERT INTO album (album_id, artist_id, title, release_year, created_at) VALUES (459, 226, 'Robust composite flexibility', 2022, NOW());
INSERT INTO song (song_id, album_id, name, duration_seconds, bpm, track_number) VALUES (3513, 459, 'Light government morning', 127, 90, 1);
INSERT INTO song (song_id, album_id, name, duration_seconds, bpm, track_number) VALUES (3514, 459, 'Accept', 243, 100, 2);
INSERT INTO song (song_id, album_id, name, duration_seconds, bpm, track_number) VALUES (3515, 459, 'Eye', 382, 105, 3);
INSERT INTO song (song_id, album_id, name, duration_seconds, bpm, track_number) VALUES (3516, 459, 'Direction develop region', 390, 72, 4);
INSERT INTO song (song_id, album_id, name, duration_seconds, bpm, track_number) VALUES (3517, 459, 'Indeed', 159, 168, 5);
INSERT INTO album (album_id, artist_id, title, release_year, created_at) VALUES (460, 227, 'Persevering mission-critical implementation', 2003, NOW());
INSERT INTO song (song_id, album_id, name, duration_seconds, bpm, track_number) VALUES (3518, 460, 'Explain', 205, 102, 1);
INSERT INTO song (song_id, album_id, name, duration_seconds, bpm, track_number) VALUES (3519, 460, 'Suffer', 476, 61, 2);
INSERT INTO song (song_id, album_id, name, duration_seconds, bpm, track_number) VALUES (3520, 460, 'Front water', 306, 130, 3);
INSERT INTO song (song_id, album_id, name, duration_seconds, bpm, track_number) VALUES (3521, 460, 'Artist sound', 436, 177, 4);
INSERT INTO song (song_id, album_id, name, duration_seconds, bpm, track_number) VALUES (3522, 460, 'Option other follow', 252, 79, 5);
INSERT INTO song (song_id, album_id, name, duration_seconds, bpm, track_number) VALUES (3523, 460, 'Meeting', 356, 178, 6);
INSERT INTO song (song_id, album_id, name, duration_seconds, bpm, track_number) VALUES (3524, 460, 'Team', 319, 160, 7);
INSERT INTO song (song_id, album_id, name, duration_seconds, bpm, track_number) VALUES (3525, 460, 'Truth other listen', 338, 99, 8);
INSERT INTO song (song_id, album_id, name, duration_seconds, bpm, track_number) VALUES (3526, 460, 'Short appear', 431, 97, 9);
INSERT INTO album (album_id, artist_id, title, release_year, created_at) VALUES (461, 228, 'Optional scalable toolset', 2006, NOW());
INSERT INTO song (song_id, album_id, name, duration_seconds, bpm, track_number) VALUES (3527, 461, 'Nor air', 475, 142, 1);
INSERT INTO song (song_id, album_id, name, duration_seconds, bpm, track_number) VALUES (3528, 461, 'Training', 243, 109, 2);
INSERT INTO song (song_id, album_id, name, duration_seconds, bpm, track_number) VALUES (3529, 461, 'Prevent', 323, 135, 3);
INSERT INTO song (song_id, album_id, name, duration_seconds, bpm, track_number) VALUES (3530, 461, 'Strong garden dark career report', 189, 77, 4);
INSERT INTO song (song_id, album_id, name, duration_seconds, bpm, track_number) VALUES (3531, 461, 'Receive', 370, 154, 5);
INSERT INTO album (album_id, artist_id, title, release_year, created_at) VALUES (462, 228, 'Customizable user-facing toolset', 1989, NOW());
INSERT INTO song (song_id, album_id, name, duration_seconds, bpm, track_number) VALUES (3532, 462, 'Spend fast', 437, 174, 1);
INSERT INTO song (song_id, album_id, name, duration_seconds, bpm, track_number) VALUES (3533, 462, 'When early community', 121, 167, 2);
INSERT INTO song (song_id, album_id, name, duration_seconds, bpm, track_number) VALUES (3534, 462, 'Sit', 464, 91, 3);
INSERT INTO song (song_id, album_id, name, duration_seconds, bpm, track_number) VALUES (3535, 462, 'Itself indicate', 284, 119, 4);
INSERT INTO song (song_id, album_id, name, duration_seconds, bpm, track_number) VALUES (3536, 462, 'Against', 402, 88, 5);
INSERT INTO song (song_id, album_id, name, duration_seconds, bpm, track_number) VALUES (3537, 462, 'Consumer wrong', 247, 68, 6);
INSERT INTO album (album_id, artist_id, title, release_year, created_at) VALUES (463, 228, 'Right-sized dedicated knowledgebase', 1998, NOW());
INSERT INTO song (song_id, album_id, name, duration_seconds, bpm, track_number) VALUES (3538, 463, 'Position later difficult', 444, 170, 1);
INSERT INTO song (song_id, album_id, name, duration_seconds, bpm, track_number) VALUES (3539, 463, 'May we', 164, 62, 2);
INSERT INTO song (song_id, album_id, name, duration_seconds, bpm, track_number) VALUES (3540, 463, 'Mr election open although', 410, 124, 3);
INSERT INTO song (song_id, album_id, name, duration_seconds, bpm, track_number) VALUES (3541, 463, 'Full', 460, 99, 4);
INSERT INTO song (song_id, album_id, name, duration_seconds, bpm, track_number) VALUES (3542, 463, 'Heart knowledge half', 228, 77, 5);
INSERT INTO song (song_id, album_id, name, duration_seconds, bpm, track_number) VALUES (3543, 463, 'Case different national heart', 164, 120, 6);
INSERT INTO song (song_id, album_id, name, duration_seconds, bpm, track_number) VALUES (3544, 463, 'Around', 201, 125, 7);
INSERT INTO song (song_id, album_id, name, duration_seconds, bpm, track_number) VALUES (3545, 463, 'Wait purpose', 359, 149, 8);
INSERT INTO album (album_id, artist_id, title, release_year, created_at) VALUES (464, 229, 'Persistent system-worthy support', 2012, NOW());
INSERT INTO song (song_id, album_id, name, duration_seconds, bpm, track_number) VALUES (3546, 464, 'Order', 343, 164, 1);
INSERT INTO song (song_id, album_id, name, duration_seconds, bpm, track_number) VALUES (3547, 464, 'Hundred', 170, 160, 2);
INSERT INTO song (song_id, album_id, name, duration_seconds, bpm, track_number) VALUES (3548, 464, 'Develop huge', 179, 153, 3);
INSERT INTO song (song_id, album_id, name, duration_seconds, bpm, track_number) VALUES (3549, 464, 'Event', 203, 177, 4);
INSERT INTO song (song_id, album_id, name, duration_seconds, bpm, track_number) VALUES (3550, 464, 'Marriage wonder size', 427, 140, 5);
INSERT INTO album (album_id, artist_id, title, release_year, created_at) VALUES (465, 229, 'Enterprise-wide motivating flexibility', 2026, NOW());
INSERT INTO song (song_id, album_id, name, duration_seconds, bpm, track_number) VALUES (3551, 465, 'Meeting', 459, 110, 1);
INSERT INTO song (song_id, album_id, name, duration_seconds, bpm, track_number) VALUES (3552, 465, 'Sign crime see idea', 137, 121, 2);
INSERT INTO song (song_id, album_id, name, duration_seconds, bpm, track_number) VALUES (3553, 465, 'Could', 450, 158, 3);
INSERT INTO song (song_id, album_id, name, duration_seconds, bpm, track_number) VALUES (3554, 465, 'Thus', 367, 74, 4);
INSERT INTO song (song_id, album_id, name, duration_seconds, bpm, track_number) VALUES (3555, 465, 'Fear eat cultural if', 404, 142, 5);
INSERT INTO song (song_id, album_id, name, duration_seconds, bpm, track_number) VALUES (3556, 465, 'Relate', 444, 169, 6);
INSERT INTO song (song_id, album_id, name, duration_seconds, bpm, track_number) VALUES (3557, 465, 'Under', 312, 87, 7);
INSERT INTO song (song_id, album_id, name, duration_seconds, bpm, track_number) VALUES (3558, 465, 'Hold support treat', 337, 66, 8);
INSERT INTO album (album_id, artist_id, title, release_year, created_at) VALUES (466, 230, 'Grass-roots systematic archive', 1976, NOW());
INSERT INTO song (song_id, album_id, name, duration_seconds, bpm, track_number) VALUES (3559, 466, 'Natural situation yourself', 288, 116, 1);
INSERT INTO song (song_id, album_id, name, duration_seconds, bpm, track_number) VALUES (3560, 466, 'Fear', 377, 178, 2);
INSERT INTO song (song_id, album_id, name, duration_seconds, bpm, track_number) VALUES (3561, 466, 'Yet', 280, 72, 3);
INSERT INTO song (song_id, album_id, name, duration_seconds, bpm, track_number) VALUES (3562, 466, 'Note federal travel', 379, 178, 4);
INSERT INTO song (song_id, album_id, name, duration_seconds, bpm, track_number) VALUES (3563, 466, 'Recently agree', 327, 143, 5);
INSERT INTO album (album_id, artist_id, title, release_year, created_at) VALUES (467, 230, 'Face-to-face motivating benchmark', 1996, NOW());
INSERT INTO song (song_id, album_id, name, duration_seconds, bpm, track_number) VALUES (3564, 467, 'Difference possible suffer', 216, 143, 1);
INSERT INTO song (song_id, album_id, name, duration_seconds, bpm, track_number) VALUES (3565, 467, 'Garden consider', 289, 130, 2);
INSERT INTO song (song_id, album_id, name, duration_seconds, bpm, track_number) VALUES (3566, 467, 'Expect ahead', 216, 159, 3);
INSERT INTO song (song_id, album_id, name, duration_seconds, bpm, track_number) VALUES (3567, 467, 'Certain', 401, 103, 4);
INSERT INTO song (song_id, album_id, name, duration_seconds, bpm, track_number) VALUES (3568, 467, 'Once standard challenge concern support', 453, 99, 5);
INSERT INTO song (song_id, album_id, name, duration_seconds, bpm, track_number) VALUES (3569, 467, 'Image hope', 364, 78, 6);
INSERT INTO song (song_id, album_id, name, duration_seconds, bpm, track_number) VALUES (3570, 467, 'Difficult outside account boy front', 121, 88, 7);
INSERT INTO song (song_id, album_id, name, duration_seconds, bpm, track_number) VALUES (3571, 467, 'Believe', 393, 131, 8);
INSERT INTO album (album_id, artist_id, title, release_year, created_at) VALUES (468, 231, 'Visionary directional time-frame', 1974, NOW());
INSERT INTO song (song_id, album_id, name, duration_seconds, bpm, track_number) VALUES (3572, 468, 'Everything', 407, 118, 1);
INSERT INTO song (song_id, album_id, name, duration_seconds, bpm, track_number) VALUES (3573, 468, 'Yourself culture', 262, 89, 2);
INSERT INTO song (song_id, album_id, name, duration_seconds, bpm, track_number) VALUES (3574, 468, 'Owner', 203, 80, 3);
INSERT INTO song (song_id, album_id, name, duration_seconds, bpm, track_number) VALUES (3575, 468, 'Today', 140, 138, 4);
INSERT INTO song (song_id, album_id, name, duration_seconds, bpm, track_number) VALUES (3576, 468, 'Boy last glass', 368, 70, 5);
INSERT INTO song (song_id, album_id, name, duration_seconds, bpm, track_number) VALUES (3577, 468, 'Same', 262, 107, 6);
INSERT INTO song (song_id, album_id, name, duration_seconds, bpm, track_number) VALUES (3578, 468, 'Attention', 246, 63, 7);
INSERT INTO song (song_id, album_id, name, duration_seconds, bpm, track_number) VALUES (3579, 468, 'With study citizen either shoulder', 200, 101, 8);
INSERT INTO song (song_id, album_id, name, duration_seconds, bpm, track_number) VALUES (3580, 468, 'Consumer avoid push', 206, 96, 9);
INSERT INTO album (album_id, artist_id, title, release_year, created_at) VALUES (469, 232, 'Front-line encompassing application', 1989, NOW());
INSERT INTO song (song_id, album_id, name, duration_seconds, bpm, track_number) VALUES (3581, 469, 'High', 186, 72, 1);
INSERT INTO song (song_id, album_id, name, duration_seconds, bpm, track_number) VALUES (3582, 469, 'Century', 294, 121, 2);
INSERT INTO song (song_id, album_id, name, duration_seconds, bpm, track_number) VALUES (3583, 469, 'Just', 267, 70, 3);
INSERT INTO song (song_id, album_id, name, duration_seconds, bpm, track_number) VALUES (3584, 469, 'Feel none', 446, 84, 4);
INSERT INTO song (song_id, album_id, name, duration_seconds, bpm, track_number) VALUES (3585, 469, 'Purpose arm bring democratic human', 473, 154, 5);
INSERT INTO song (song_id, album_id, name, duration_seconds, bpm, track_number) VALUES (3586, 469, 'Skill whatever', 367, 107, 6);
INSERT INTO song (song_id, album_id, name, duration_seconds, bpm, track_number) VALUES (3587, 469, 'Thousand test', 240, 154, 7);
INSERT INTO song (song_id, album_id, name, duration_seconds, bpm, track_number) VALUES (3588, 469, 'Finally', 165, 141, 8);
INSERT INTO song (song_id, album_id, name, duration_seconds, bpm, track_number) VALUES (3589, 469, 'Minute thought month up', 402, 138, 9);
INSERT INTO album (album_id, artist_id, title, release_year, created_at) VALUES (470, 233, 'Multi-tiered grid-enabled data-warehouse', 1975, NOW());
INSERT INTO song (song_id, album_id, name, duration_seconds, bpm, track_number) VALUES (3590, 470, 'Time page', 165, 115, 1);
INSERT INTO song (song_id, album_id, name, duration_seconds, bpm, track_number) VALUES (3591, 470, 'Push some', 323, 106, 2);
INSERT INTO song (song_id, album_id, name, duration_seconds, bpm, track_number) VALUES (3592, 470, 'Various', 346, 138, 3);
INSERT INTO song (song_id, album_id, name, duration_seconds, bpm, track_number) VALUES (3593, 470, 'Base town several', 382, 62, 4);
INSERT INTO song (song_id, album_id, name, duration_seconds, bpm, track_number) VALUES (3594, 470, 'Would example summer', 260, 66, 5);
INSERT INTO album (album_id, artist_id, title, release_year, created_at) VALUES (471, 233, 'Adaptive mobile solution', 1974, NOW());
INSERT INTO song (song_id, album_id, name, duration_seconds, bpm, track_number) VALUES (3595, 471, 'Development', 273, 117, 1);
INSERT INTO song (song_id, album_id, name, duration_seconds, bpm, track_number) VALUES (3596, 471, 'Drive', 146, 157, 2);
INSERT INTO song (song_id, album_id, name, duration_seconds, bpm, track_number) VALUES (3597, 471, 'Teacher', 474, 64, 3);
INSERT INTO song (song_id, album_id, name, duration_seconds, bpm, track_number) VALUES (3598, 471, 'Both structure', 379, 111, 4);
INSERT INTO song (song_id, album_id, name, duration_seconds, bpm, track_number) VALUES (3599, 471, 'Respond once', 433, 164, 5);
INSERT INTO song (song_id, album_id, name, duration_seconds, bpm, track_number) VALUES (3600, 471, 'Remain', 270, 61, 6);
INSERT INTO song (song_id, album_id, name, duration_seconds, bpm, track_number) VALUES (3601, 471, 'Safe', 242, 106, 7);
INSERT INTO song (song_id, album_id, name, duration_seconds, bpm, track_number) VALUES (3602, 471, 'Year million', 259, 117, 8);
INSERT INTO album (album_id, artist_id, title, release_year, created_at) VALUES (472, 234, 'Multi-channeled demand-driven monitoring', 1980, NOW());
INSERT INTO song (song_id, album_id, name, duration_seconds, bpm, track_number) VALUES (3603, 472, 'Class', 273, 116, 1);
INSERT INTO song (song_id, album_id, name, duration_seconds, bpm, track_number) VALUES (3604, 472, 'Produce', 264, 141, 2);
INSERT INTO song (song_id, album_id, name, duration_seconds, bpm, track_number) VALUES (3605, 472, 'Bad', 399, 70, 3);
INSERT INTO song (song_id, album_id, name, duration_seconds, bpm, track_number) VALUES (3606, 472, 'Management', 400, 158, 4);
INSERT INTO song (song_id, album_id, name, duration_seconds, bpm, track_number) VALUES (3607, 472, 'Current student market', 400, 101, 5);
INSERT INTO song (song_id, album_id, name, duration_seconds, bpm, track_number) VALUES (3608, 472, 'Risk phone always number', 237, 137, 6);
INSERT INTO song (song_id, album_id, name, duration_seconds, bpm, track_number) VALUES (3609, 472, 'Whose paper hot', 450, 146, 7);
INSERT INTO song (song_id, album_id, name, duration_seconds, bpm, track_number) VALUES (3610, 472, 'Religious building or', 315, 72, 8);
INSERT INTO album (album_id, artist_id, title, release_year, created_at) VALUES (473, 234, 'Implemented dynamic website', 2004, NOW());
INSERT INTO song (song_id, album_id, name, duration_seconds, bpm, track_number) VALUES (3611, 473, 'Mouth need government', 210, 155, 1);
INSERT INTO song (song_id, album_id, name, duration_seconds, bpm, track_number) VALUES (3612, 473, 'Book amount', 440, 97, 2);
INSERT INTO song (song_id, album_id, name, duration_seconds, bpm, track_number) VALUES (3613, 473, 'National structure place discussion', 136, 140, 3);
INSERT INTO song (song_id, album_id, name, duration_seconds, bpm, track_number) VALUES (3614, 473, 'Understand pick performance', 215, 101, 4);
INSERT INTO song (song_id, album_id, name, duration_seconds, bpm, track_number) VALUES (3615, 473, 'Indicate far agreement', 398, 151, 5);
INSERT INTO album (album_id, artist_id, title, release_year, created_at) VALUES (474, 235, 'Organic attitude-oriented customer loyalty', 1978, NOW());
INSERT INTO song (song_id, album_id, name, duration_seconds, bpm, track_number) VALUES (3616, 474, 'Bad parent almost', 425, 114, 1);
INSERT INTO song (song_id, album_id, name, duration_seconds, bpm, track_number) VALUES (3617, 474, 'Perhaps tend', 433, 146, 2);
INSERT INTO song (song_id, album_id, name, duration_seconds, bpm, track_number) VALUES (3618, 474, 'Small', 436, 152, 3);
INSERT INTO song (song_id, album_id, name, duration_seconds, bpm, track_number) VALUES (3619, 474, 'Can', 189, 158, 4);
INSERT INTO song (song_id, album_id, name, duration_seconds, bpm, track_number) VALUES (3620, 474, 'Economic worker', 274, 104, 5);
INSERT INTO song (song_id, album_id, name, duration_seconds, bpm, track_number) VALUES (3621, 474, 'Community', 396, 139, 6);
INSERT INTO song (song_id, album_id, name, duration_seconds, bpm, track_number) VALUES (3622, 474, 'Firm room return none finish', 380, 102, 7);
INSERT INTO song (song_id, album_id, name, duration_seconds, bpm, track_number) VALUES (3623, 474, 'His join enough style', 194, 116, 8);
INSERT INTO album (album_id, artist_id, title, release_year, created_at) VALUES (475, 236, 'Upgradable optimal help-desk', 1998, NOW());
INSERT INTO song (song_id, album_id, name, duration_seconds, bpm, track_number) VALUES (3624, 475, 'Remain', 319, 99, 1);
INSERT INTO song (song_id, album_id, name, duration_seconds, bpm, track_number) VALUES (3625, 475, 'Phone impact protect', 146, 70, 2);
INSERT INTO song (song_id, album_id, name, duration_seconds, bpm, track_number) VALUES (3626, 475, 'Fast', 477, 94, 3);
INSERT INTO song (song_id, album_id, name, duration_seconds, bpm, track_number) VALUES (3627, 475, 'About explain light', 344, 96, 4);
INSERT INTO song (song_id, album_id, name, duration_seconds, bpm, track_number) VALUES (3628, 475, 'Avoid song size option', 365, 155, 5);
INSERT INTO album (album_id, artist_id, title, release_year, created_at) VALUES (476, 236, 'Organic well-modulated Internet solution', 2008, NOW());
INSERT INTO song (song_id, album_id, name, duration_seconds, bpm, track_number) VALUES (3629, 476, 'Maybe', 433, 82, 1);
INSERT INTO song (song_id, album_id, name, duration_seconds, bpm, track_number) VALUES (3630, 476, 'Argue serious budget face interview', 312, 124, 2);
INSERT INTO song (song_id, album_id, name, duration_seconds, bpm, track_number) VALUES (3631, 476, 'Mother case specific', 436, 140, 3);
INSERT INTO song (song_id, album_id, name, duration_seconds, bpm, track_number) VALUES (3632, 476, 'Ten anything executive no', 296, 72, 4);
INSERT INTO song (song_id, album_id, name, duration_seconds, bpm, track_number) VALUES (3633, 476, 'Indeed avoid ok focus', 445, 83, 5);
INSERT INTO album (album_id, artist_id, title, release_year, created_at) VALUES (477, 237, 'Versatile interactive application', 2011, NOW());
INSERT INTO song (song_id, album_id, name, duration_seconds, bpm, track_number) VALUES (3634, 477, 'Push language result agree', 184, 133, 1);
INSERT INTO song (song_id, album_id, name, duration_seconds, bpm, track_number) VALUES (3635, 477, 'Stop institution gas', 319, 116, 2);
INSERT INTO song (song_id, album_id, name, duration_seconds, bpm, track_number) VALUES (3636, 477, 'Maybe', 354, 97, 3);
INSERT INTO song (song_id, album_id, name, duration_seconds, bpm, track_number) VALUES (3637, 477, 'Stuff everyone pick I', 183, 107, 4);
INSERT INTO song (song_id, album_id, name, duration_seconds, bpm, track_number) VALUES (3638, 477, 'State by', 282, 85, 5);
INSERT INTO song (song_id, album_id, name, duration_seconds, bpm, track_number) VALUES (3639, 477, 'Deep', 424, 98, 6);
INSERT INTO song (song_id, album_id, name, duration_seconds, bpm, track_number) VALUES (3640, 477, 'Better', 200, 116, 7);
INSERT INTO song (song_id, album_id, name, duration_seconds, bpm, track_number) VALUES (3641, 477, 'Hand state', 149, 77, 8);
INSERT INTO song (song_id, album_id, name, duration_seconds, bpm, track_number) VALUES (3642, 477, 'Send also art', 314, 120, 9);
INSERT INTO song (song_id, album_id, name, duration_seconds, bpm, track_number) VALUES (3643, 477, 'Compare part', 309, 154, 10);
INSERT INTO album (album_id, artist_id, title, release_year, created_at) VALUES (478, 238, 'Triple-buffered logistical framework', 2024, NOW());
INSERT INTO song (song_id, album_id, name, duration_seconds, bpm, track_number) VALUES (3644, 478, 'Hold', 136, 150, 1);
INSERT INTO song (song_id, album_id, name, duration_seconds, bpm, track_number) VALUES (3645, 478, 'Himself', 299, 155, 2);
INSERT INTO song (song_id, album_id, name, duration_seconds, bpm, track_number) VALUES (3646, 478, 'Night', 284, 90, 3);
INSERT INTO song (song_id, album_id, name, duration_seconds, bpm, track_number) VALUES (3647, 478, 'Method special expert', 267, 100, 4);
INSERT INTO song (song_id, album_id, name, duration_seconds, bpm, track_number) VALUES (3648, 478, 'Military item citizen', 153, 75, 5);
INSERT INTO song (song_id, album_id, name, duration_seconds, bpm, track_number) VALUES (3649, 478, 'Probably fast president upon point', 446, 110, 6);
INSERT INTO song (song_id, album_id, name, duration_seconds, bpm, track_number) VALUES (3650, 478, 'Dark lead', 237, 132, 7);
INSERT INTO song (song_id, album_id, name, duration_seconds, bpm, track_number) VALUES (3651, 478, 'Town scene pressure', 324, 178, 8);
INSERT INTO album (album_id, artist_id, title, release_year, created_at) VALUES (479, 238, 'Reactive context-sensitive info-mediaries', 1983, NOW());
INSERT INTO song (song_id, album_id, name, duration_seconds, bpm, track_number) VALUES (3652, 479, 'Full', 403, 120, 1);
INSERT INTO song (song_id, album_id, name, duration_seconds, bpm, track_number) VALUES (3653, 479, 'For million woman', 260, 180, 2);
INSERT INTO song (song_id, album_id, name, duration_seconds, bpm, track_number) VALUES (3654, 479, 'Already which', 384, 113, 3);
INSERT INTO song (song_id, album_id, name, duration_seconds, bpm, track_number) VALUES (3655, 479, 'Employee', 150, 97, 4);
INSERT INTO song (song_id, album_id, name, duration_seconds, bpm, track_number) VALUES (3656, 479, 'Feeling', 330, 127, 5);
INSERT INTO song (song_id, album_id, name, duration_seconds, bpm, track_number) VALUES (3657, 479, 'Visit generation mean', 123, 78, 6);
INSERT INTO album (album_id, artist_id, title, release_year, created_at) VALUES (480, 238, 'Configurable multi-tasking Internet solution', 2015, NOW());
INSERT INTO song (song_id, album_id, name, duration_seconds, bpm, track_number) VALUES (3658, 480, 'Age', 273, 158, 1);
INSERT INTO song (song_id, album_id, name, duration_seconds, bpm, track_number) VALUES (3659, 480, 'Per ground serve', 199, 71, 2);
INSERT INTO song (song_id, album_id, name, duration_seconds, bpm, track_number) VALUES (3660, 480, 'Head short finally', 355, 172, 3);
INSERT INTO song (song_id, album_id, name, duration_seconds, bpm, track_number) VALUES (3661, 480, 'Mr our health', 307, 122, 4);
INSERT INTO song (song_id, album_id, name, duration_seconds, bpm, track_number) VALUES (3662, 480, 'Administration', 337, 93, 5);
INSERT INTO song (song_id, album_id, name, duration_seconds, bpm, track_number) VALUES (3663, 480, 'Read message step', 195, 149, 6);
INSERT INTO song (song_id, album_id, name, duration_seconds, bpm, track_number) VALUES (3664, 480, 'Store admit near push worry', 254, 143, 7);
INSERT INTO song (song_id, album_id, name, duration_seconds, bpm, track_number) VALUES (3665, 480, 'Action', 437, 84, 8);
INSERT INTO song (song_id, album_id, name, duration_seconds, bpm, track_number) VALUES (3666, 480, 'Move degree', 368, 85, 9);
INSERT INTO album (album_id, artist_id, title, release_year, created_at) VALUES (481, 239, 'Customizable executive Internet solution', 2026, NOW());
INSERT INTO song (song_id, album_id, name, duration_seconds, bpm, track_number) VALUES (3667, 481, 'President', 394, 173, 1);
INSERT INTO song (song_id, album_id, name, duration_seconds, bpm, track_number) VALUES (3668, 481, 'Total well', 264, 148, 2);
INSERT INTO song (song_id, album_id, name, duration_seconds, bpm, track_number) VALUES (3669, 481, 'Ago', 310, 103, 3);
INSERT INTO song (song_id, album_id, name, duration_seconds, bpm, track_number) VALUES (3670, 481, 'Table away', 437, 68, 4);
INSERT INTO song (song_id, album_id, name, duration_seconds, bpm, track_number) VALUES (3671, 481, 'Tend wait', 303, 114, 5);
INSERT INTO song (song_id, album_id, name, duration_seconds, bpm, track_number) VALUES (3672, 481, 'Compare', 222, 74, 6);
INSERT INTO song (song_id, album_id, name, duration_seconds, bpm, track_number) VALUES (3673, 481, 'Who someone record cost', 403, 128, 7);
INSERT INTO album (album_id, artist_id, title, release_year, created_at) VALUES (482, 239, 'Devolved explicit success', 2000, NOW());
INSERT INTO song (song_id, album_id, name, duration_seconds, bpm, track_number) VALUES (3674, 482, 'Including lawyer', 149, 133, 1);
INSERT INTO song (song_id, album_id, name, duration_seconds, bpm, track_number) VALUES (3675, 482, 'Window', 274, 86, 2);
INSERT INTO song (song_id, album_id, name, duration_seconds, bpm, track_number) VALUES (3676, 482, 'Approach', 320, 85, 3);
INSERT INTO song (song_id, album_id, name, duration_seconds, bpm, track_number) VALUES (3677, 482, 'Offer', 130, 123, 4);
INSERT INTO song (song_id, album_id, name, duration_seconds, bpm, track_number) VALUES (3678, 482, 'Before president', 188, 180, 5);
INSERT INTO song (song_id, album_id, name, duration_seconds, bpm, track_number) VALUES (3679, 482, 'Senior', 223, 62, 6);
INSERT INTO song (song_id, album_id, name, duration_seconds, bpm, track_number) VALUES (3680, 482, 'Executive', 441, 72, 7);
INSERT INTO song (song_id, album_id, name, duration_seconds, bpm, track_number) VALUES (3681, 482, 'Hotel southern somebody', 311, 106, 8);
INSERT INTO song (song_id, album_id, name, duration_seconds, bpm, track_number) VALUES (3682, 482, 'Order result', 409, 146, 9);
INSERT INTO album (album_id, artist_id, title, release_year, created_at) VALUES (483, 240, 'Configurable systematic customer loyalty', 2020, NOW());
INSERT INTO song (song_id, album_id, name, duration_seconds, bpm, track_number) VALUES (3683, 483, 'Piece like page get work', 354, 98, 1);
INSERT INTO song (song_id, album_id, name, duration_seconds, bpm, track_number) VALUES (3684, 483, 'Establish', 470, 131, 2);
INSERT INTO song (song_id, album_id, name, duration_seconds, bpm, track_number) VALUES (3685, 483, 'Determine TV happen', 307, 96, 3);
INSERT INTO song (song_id, album_id, name, duration_seconds, bpm, track_number) VALUES (3686, 483, 'Design under', 168, 98, 4);
INSERT INTO song (song_id, album_id, name, duration_seconds, bpm, track_number) VALUES (3687, 483, 'Mission claim', 258, 170, 5);
INSERT INTO album (album_id, artist_id, title, release_year, created_at) VALUES (484, 241, 'Realigned incremental architecture', 2015, NOW());
INSERT INTO song (song_id, album_id, name, duration_seconds, bpm, track_number) VALUES (3688, 484, 'Even', 279, 108, 1);
INSERT INTO song (song_id, album_id, name, duration_seconds, bpm, track_number) VALUES (3689, 484, 'Next', 235, 158, 2);
INSERT INTO song (song_id, album_id, name, duration_seconds, bpm, track_number) VALUES (3690, 484, 'Play how', 310, 69, 3);
INSERT INTO song (song_id, album_id, name, duration_seconds, bpm, track_number) VALUES (3691, 484, 'Design how minute image', 309, 81, 4);
INSERT INTO song (song_id, album_id, name, duration_seconds, bpm, track_number) VALUES (3692, 484, 'Reality actually door sing these', 155, 162, 5);
INSERT INTO song (song_id, album_id, name, duration_seconds, bpm, track_number) VALUES (3693, 484, 'Budget', 461, 127, 6);
INSERT INTO song (song_id, album_id, name, duration_seconds, bpm, track_number) VALUES (3694, 484, 'Face', 277, 151, 7);
INSERT INTO song (song_id, album_id, name, duration_seconds, bpm, track_number) VALUES (3695, 484, 'Out', 297, 135, 8);
INSERT INTO song (song_id, album_id, name, duration_seconds, bpm, track_number) VALUES (3696, 484, 'Firm', 187, 153, 9);
INSERT INTO song (song_id, album_id, name, duration_seconds, bpm, track_number) VALUES (3697, 484, 'Huge entire', 287, 126, 10);
INSERT INTO album (album_id, artist_id, title, release_year, created_at) VALUES (485, 241, 'Phased static solution', 2004, NOW());
INSERT INTO song (song_id, album_id, name, duration_seconds, bpm, track_number) VALUES (3698, 485, 'Attack', 244, 166, 1);
INSERT INTO song (song_id, album_id, name, duration_seconds, bpm, track_number) VALUES (3699, 485, 'Billion', 471, 81, 2);
INSERT INTO song (song_id, album_id, name, duration_seconds, bpm, track_number) VALUES (3700, 485, 'Drop woman party these', 364, 98, 3);
INSERT INTO song (song_id, album_id, name, duration_seconds, bpm, track_number) VALUES (3701, 485, 'How memory', 144, 151, 4);
INSERT INTO song (song_id, album_id, name, duration_seconds, bpm, track_number) VALUES (3702, 485, 'Ask how consumer court modern', 154, 139, 5);
INSERT INTO song (song_id, album_id, name, duration_seconds, bpm, track_number) VALUES (3703, 485, 'Conference', 237, 117, 6);
INSERT INTO song (song_id, album_id, name, duration_seconds, bpm, track_number) VALUES (3704, 485, 'Country add change citizen', 140, 104, 7);
INSERT INTO album (album_id, artist_id, title, release_year, created_at) VALUES (486, 242, 'Stand-alone intangible knowledgebase', 2020, NOW());
INSERT INTO song (song_id, album_id, name, duration_seconds, bpm, track_number) VALUES (3705, 486, 'Already health', 416, 76, 1);
INSERT INTO song (song_id, album_id, name, duration_seconds, bpm, track_number) VALUES (3706, 486, 'That college rise wonder', 295, 66, 2);
INSERT INTO song (song_id, album_id, name, duration_seconds, bpm, track_number) VALUES (3707, 486, 'Tonight ever', 419, 156, 3);
INSERT INTO song (song_id, album_id, name, duration_seconds, bpm, track_number) VALUES (3708, 486, 'Billion capital', 391, 86, 4);
INSERT INTO song (song_id, album_id, name, duration_seconds, bpm, track_number) VALUES (3709, 486, 'Order himself', 261, 111, 5);
INSERT INTO song (song_id, album_id, name, duration_seconds, bpm, track_number) VALUES (3710, 486, 'Century church family', 345, 161, 6);
INSERT INTO album (album_id, artist_id, title, release_year, created_at) VALUES (487, 242, 'Re-engineered human-resource process improvement', 1973, NOW());
INSERT INTO song (song_id, album_id, name, duration_seconds, bpm, track_number) VALUES (3711, 487, 'Those individual war financial', 255, 87, 1);
INSERT INTO song (song_id, album_id, name, duration_seconds, bpm, track_number) VALUES (3712, 487, 'Less standard', 214, 117, 2);
INSERT INTO song (song_id, album_id, name, duration_seconds, bpm, track_number) VALUES (3713, 487, 'Under ahead personal alone', 157, 164, 3);
INSERT INTO song (song_id, album_id, name, duration_seconds, bpm, track_number) VALUES (3714, 487, 'Factor floor development future particularly', 232, 123, 4);
INSERT INTO song (song_id, album_id, name, duration_seconds, bpm, track_number) VALUES (3715, 487, 'Color modern peace', 305, 172, 5);
INSERT INTO song (song_id, album_id, name, duration_seconds, bpm, track_number) VALUES (3716, 487, 'Once carry', 382, 141, 6);
INSERT INTO song (song_id, album_id, name, duration_seconds, bpm, track_number) VALUES (3717, 487, 'Beyond tree', 270, 141, 7);
INSERT INTO song (song_id, album_id, name, duration_seconds, bpm, track_number) VALUES (3718, 487, 'Add', 402, 148, 8);
INSERT INTO song (song_id, album_id, name, duration_seconds, bpm, track_number) VALUES (3719, 487, 'Military however exactly', 391, 87, 9);
INSERT INTO album (album_id, artist_id, title, release_year, created_at) VALUES (488, 242, 'Self-enabling executive intranet', 1981, NOW());
INSERT INTO song (song_id, album_id, name, duration_seconds, bpm, track_number) VALUES (3720, 488, 'Wish', 451, 67, 1);
INSERT INTO song (song_id, album_id, name, duration_seconds, bpm, track_number) VALUES (3721, 488, 'Blood', 466, 177, 2);
INSERT INTO song (song_id, album_id, name, duration_seconds, bpm, track_number) VALUES (3722, 488, 'Year direction', 362, 62, 3);
INSERT INTO song (song_id, album_id, name, duration_seconds, bpm, track_number) VALUES (3723, 488, 'Week fact', 278, 163, 4);
INSERT INTO song (song_id, album_id, name, duration_seconds, bpm, track_number) VALUES (3724, 488, 'Carry through', 298, 158, 5);
INSERT INTO song (song_id, album_id, name, duration_seconds, bpm, track_number) VALUES (3725, 488, 'Plan', 260, 82, 6);
INSERT INTO song (song_id, album_id, name, duration_seconds, bpm, track_number) VALUES (3726, 488, 'School expect usually system', 430, 130, 7);
INSERT INTO album (album_id, artist_id, title, release_year, created_at) VALUES (489, 243, 'Advanced 24/7 extranet', 1998, NOW());
INSERT INTO song (song_id, album_id, name, duration_seconds, bpm, track_number) VALUES (3727, 489, 'Figure', 429, 138, 1);
INSERT INTO song (song_id, album_id, name, duration_seconds, bpm, track_number) VALUES (3728, 489, 'Act', 216, 154, 2);
INSERT INTO song (song_id, album_id, name, duration_seconds, bpm, track_number) VALUES (3729, 489, 'Center', 415, 87, 3);
INSERT INTO song (song_id, album_id, name, duration_seconds, bpm, track_number) VALUES (3730, 489, 'Anyone down coach', 276, 86, 4);
INSERT INTO song (song_id, album_id, name, duration_seconds, bpm, track_number) VALUES (3731, 489, 'Enjoy family', 217, 101, 5);
INSERT INTO song (song_id, album_id, name, duration_seconds, bpm, track_number) VALUES (3732, 489, 'Blue he', 407, 178, 6);
INSERT INTO song (song_id, album_id, name, duration_seconds, bpm, track_number) VALUES (3733, 489, 'Every', 375, 141, 7);
INSERT INTO album (album_id, artist_id, title, release_year, created_at) VALUES (490, 243, 'Streamlined grid-enabled Graphic Interface', 1997, NOW());
INSERT INTO song (song_id, album_id, name, duration_seconds, bpm, track_number) VALUES (3734, 490, 'Above feeling', 366, 178, 1);
INSERT INTO song (song_id, album_id, name, duration_seconds, bpm, track_number) VALUES (3735, 490, 'Guess', 207, 73, 2);
INSERT INTO song (song_id, album_id, name, duration_seconds, bpm, track_number) VALUES (3736, 490, 'Believe', 129, 119, 3);
INSERT INTO song (song_id, album_id, name, duration_seconds, bpm, track_number) VALUES (3737, 490, 'Past', 254, 156, 4);
INSERT INTO song (song_id, album_id, name, duration_seconds, bpm, track_number) VALUES (3738, 490, 'Back', 477, 106, 5);
INSERT INTO song (song_id, album_id, name, duration_seconds, bpm, track_number) VALUES (3739, 490, 'Early suggest', 221, 116, 6);
INSERT INTO song (song_id, album_id, name, duration_seconds, bpm, track_number) VALUES (3740, 490, 'Of building', 154, 108, 7);
INSERT INTO song (song_id, album_id, name, duration_seconds, bpm, track_number) VALUES (3741, 490, 'Positive yes', 213, 63, 8);
INSERT INTO album (album_id, artist_id, title, release_year, created_at) VALUES (491, 244, 'Networked client-server portal', 1997, NOW());
INSERT INTO song (song_id, album_id, name, duration_seconds, bpm, track_number) VALUES (3742, 491, 'Few model', 129, 135, 1);
INSERT INTO song (song_id, album_id, name, duration_seconds, bpm, track_number) VALUES (3743, 491, 'Care create little', 276, 97, 2);
INSERT INTO song (song_id, album_id, name, duration_seconds, bpm, track_number) VALUES (3744, 491, 'Might check room meet', 351, 117, 3);
INSERT INTO song (song_id, album_id, name, duration_seconds, bpm, track_number) VALUES (3745, 491, 'Above entire', 195, 149, 4);
INSERT INTO song (song_id, album_id, name, duration_seconds, bpm, track_number) VALUES (3746, 491, 'Task', 360, 82, 5);
INSERT INTO song (song_id, album_id, name, duration_seconds, bpm, track_number) VALUES (3747, 491, 'Movement', 231, 99, 6);
INSERT INTO song (song_id, album_id, name, duration_seconds, bpm, track_number) VALUES (3748, 491, 'Mr', 334, 116, 7);
INSERT INTO album (album_id, artist_id, title, release_year, created_at) VALUES (492, 244, 'Team-oriented transitional software', 2004, NOW());
INSERT INTO song (song_id, album_id, name, duration_seconds, bpm, track_number) VALUES (3749, 492, 'Hold', 467, 177, 1);
INSERT INTO song (song_id, album_id, name, duration_seconds, bpm, track_number) VALUES (3750, 492, 'Close', 148, 91, 2);
INSERT INTO song (song_id, album_id, name, duration_seconds, bpm, track_number) VALUES (3751, 492, 'Themselves', 165, 148, 3);
INSERT INTO song (song_id, album_id, name, duration_seconds, bpm, track_number) VALUES (3752, 492, 'Organization', 452, 133, 4);
INSERT INTO song (song_id, album_id, name, duration_seconds, bpm, track_number) VALUES (3753, 492, 'Even near', 472, 95, 5);
INSERT INTO song (song_id, album_id, name, duration_seconds, bpm, track_number) VALUES (3754, 492, 'Democratic Congress including film', 267, 135, 6);
INSERT INTO song (song_id, album_id, name, duration_seconds, bpm, track_number) VALUES (3755, 492, 'White man', 164, 97, 7);
INSERT INTO song (song_id, album_id, name, duration_seconds, bpm, track_number) VALUES (3756, 492, 'Low', 215, 122, 8);
INSERT INTO song (song_id, album_id, name, duration_seconds, bpm, track_number) VALUES (3757, 492, 'Hair find guess', 263, 120, 9);
INSERT INTO album (album_id, artist_id, title, release_year, created_at) VALUES (493, 244, 'Object-based object-oriented benchmark', 1983, NOW());
INSERT INTO song (song_id, album_id, name, duration_seconds, bpm, track_number) VALUES (3758, 493, 'Light', 147, 151, 1);
INSERT INTO song (song_id, album_id, name, duration_seconds, bpm, track_number) VALUES (3759, 493, 'Various back', 281, 123, 2);
INSERT INTO song (song_id, album_id, name, duration_seconds, bpm, track_number) VALUES (3760, 493, 'Church unit', 210, 124, 3);
INSERT INTO song (song_id, album_id, name, duration_seconds, bpm, track_number) VALUES (3761, 493, 'Cut', 288, 62, 4);
INSERT INTO song (song_id, album_id, name, duration_seconds, bpm, track_number) VALUES (3762, 493, 'Best just situation seem still', 415, 177, 5);
INSERT INTO song (song_id, album_id, name, duration_seconds, bpm, track_number) VALUES (3763, 493, 'Top', 181, 130, 6);
INSERT INTO song (song_id, album_id, name, duration_seconds, bpm, track_number) VALUES (3764, 493, 'Machine other huge responsibility opportunity', 471, 176, 7);
INSERT INTO song (song_id, album_id, name, duration_seconds, bpm, track_number) VALUES (3765, 493, 'Return', 471, 70, 8);
INSERT INTO album (album_id, artist_id, title, release_year, created_at) VALUES (494, 245, 'Reduced leadingedge firmware', 1994, NOW());
INSERT INTO song (song_id, album_id, name, duration_seconds, bpm, track_number) VALUES (3766, 494, 'Whatever', 426, 64, 1);
INSERT INTO song (song_id, album_id, name, duration_seconds, bpm, track_number) VALUES (3767, 494, 'Store hair support', 398, 135, 2);
INSERT INTO song (song_id, album_id, name, duration_seconds, bpm, track_number) VALUES (3768, 494, 'Machine', 325, 155, 3);
INSERT INTO song (song_id, album_id, name, duration_seconds, bpm, track_number) VALUES (3769, 494, 'A front garden threat example', 413, 135, 4);
INSERT INTO song (song_id, album_id, name, duration_seconds, bpm, track_number) VALUES (3770, 494, 'Prevent tell sense', 375, 89, 5);
INSERT INTO song (song_id, album_id, name, duration_seconds, bpm, track_number) VALUES (3771, 494, 'Of too simply', 257, 115, 6);
INSERT INTO song (song_id, album_id, name, duration_seconds, bpm, track_number) VALUES (3772, 494, 'Business', 288, 100, 7);
INSERT INTO album (album_id, artist_id, title, release_year, created_at) VALUES (495, 245, 'Intuitive encompassing orchestration', 2004, NOW());
INSERT INTO song (song_id, album_id, name, duration_seconds, bpm, track_number) VALUES (3773, 495, 'Upon your cut', 344, 126, 1);
INSERT INTO song (song_id, album_id, name, duration_seconds, bpm, track_number) VALUES (3774, 495, 'Ago least', 414, 112, 2);
INSERT INTO song (song_id, album_id, name, duration_seconds, bpm, track_number) VALUES (3775, 495, 'Century yourself', 338, 107, 3);
INSERT INTO song (song_id, album_id, name, duration_seconds, bpm, track_number) VALUES (3776, 495, 'Right', 351, 153, 4);
INSERT INTO song (song_id, album_id, name, duration_seconds, bpm, track_number) VALUES (3777, 495, 'Have particular agent town', 299, 104, 5);
INSERT INTO song (song_id, album_id, name, duration_seconds, bpm, track_number) VALUES (3778, 495, 'Manager', 464, 107, 6);
INSERT INTO song (song_id, album_id, name, duration_seconds, bpm, track_number) VALUES (3779, 495, 'Pay', 215, 85, 7);
INSERT INTO song (song_id, album_id, name, duration_seconds, bpm, track_number) VALUES (3780, 495, 'Nothing', 285, 105, 8);
INSERT INTO song (song_id, album_id, name, duration_seconds, bpm, track_number) VALUES (3781, 495, 'Drug through present', 185, 178, 9);
INSERT INTO song (song_id, album_id, name, duration_seconds, bpm, track_number) VALUES (3782, 495, 'Of', 122, 161, 10);
INSERT INTO album (album_id, artist_id, title, release_year, created_at) VALUES (496, 246, 'Ameliorated leadingedge utilization', 1991, NOW());
INSERT INTO song (song_id, album_id, name, duration_seconds, bpm, track_number) VALUES (3783, 496, 'Expert partner arm', 292, 167, 1);
INSERT INTO song (song_id, album_id, name, duration_seconds, bpm, track_number) VALUES (3784, 496, 'Hard detail', 235, 118, 2);
INSERT INTO song (song_id, album_id, name, duration_seconds, bpm, track_number) VALUES (3785, 496, 'Mother television family', 123, 130, 3);
INSERT INTO song (song_id, album_id, name, duration_seconds, bpm, track_number) VALUES (3786, 496, 'Professional movie', 145, 168, 4);
INSERT INTO song (song_id, album_id, name, duration_seconds, bpm, track_number) VALUES (3787, 496, 'Lose', 441, 165, 5);
INSERT INTO song (song_id, album_id, name, duration_seconds, bpm, track_number) VALUES (3788, 496, 'Hospital though institution shake', 346, 144, 6);
INSERT INTO song (song_id, album_id, name, duration_seconds, bpm, track_number) VALUES (3789, 496, 'Five any', 203, 61, 7);
INSERT INTO song (song_id, album_id, name, duration_seconds, bpm, track_number) VALUES (3790, 496, 'Boy', 194, 96, 8);
INSERT INTO album (album_id, artist_id, title, release_year, created_at) VALUES (497, 247, 'Intuitive disintermediate benchmark', 1972, NOW());
INSERT INTO song (song_id, album_id, name, duration_seconds, bpm, track_number) VALUES (3791, 497, 'Guy run scientist', 160, 170, 1);
INSERT INTO song (song_id, album_id, name, duration_seconds, bpm, track_number) VALUES (3792, 497, 'Others', 208, 130, 2);
INSERT INTO song (song_id, album_id, name, duration_seconds, bpm, track_number) VALUES (3793, 497, 'Any', 215, 94, 3);
INSERT INTO song (song_id, album_id, name, duration_seconds, bpm, track_number) VALUES (3794, 497, 'Tell woman', 128, 165, 4);
INSERT INTO song (song_id, album_id, name, duration_seconds, bpm, track_number) VALUES (3795, 497, 'Information', 395, 86, 5);
INSERT INTO song (song_id, album_id, name, duration_seconds, bpm, track_number) VALUES (3796, 497, 'Less', 237, 64, 6);
INSERT INTO song (song_id, album_id, name, duration_seconds, bpm, track_number) VALUES (3797, 497, 'Third physical', 168, 85, 7);
INSERT INTO album (album_id, artist_id, title, release_year, created_at) VALUES (498, 247, 'Vision-oriented analyzing secured line', 2022, NOW());
INSERT INTO song (song_id, album_id, name, duration_seconds, bpm, track_number) VALUES (3798, 498, 'Blood draw', 322, 60, 1);
INSERT INTO song (song_id, album_id, name, duration_seconds, bpm, track_number) VALUES (3799, 498, 'Store', 213, 123, 2);
INSERT INTO song (song_id, album_id, name, duration_seconds, bpm, track_number) VALUES (3800, 498, 'Carry consumer', 311, 113, 3);
INSERT INTO song (song_id, album_id, name, duration_seconds, bpm, track_number) VALUES (3801, 498, 'My', 185, 162, 4);
INSERT INTO song (song_id, album_id, name, duration_seconds, bpm, track_number) VALUES (3802, 498, 'Form entire lot adult', 341, 144, 5);
INSERT INTO song (song_id, album_id, name, duration_seconds, bpm, track_number) VALUES (3803, 498, 'Anyone fight son', 206, 112, 6);
INSERT INTO song (song_id, album_id, name, duration_seconds, bpm, track_number) VALUES (3804, 498, 'Her', 329, 140, 7);
INSERT INTO album (album_id, artist_id, title, release_year, created_at) VALUES (499, 247, 'Programmable executive superstructure', 2011, NOW());
INSERT INTO song (song_id, album_id, name, duration_seconds, bpm, track_number) VALUES (3805, 499, 'Others through through', 311, 77, 1);
INSERT INTO song (song_id, album_id, name, duration_seconds, bpm, track_number) VALUES (3806, 499, 'Rise', 402, 118, 2);
INSERT INTO song (song_id, album_id, name, duration_seconds, bpm, track_number) VALUES (3807, 499, 'For', 186, 138, 3);
INSERT INTO song (song_id, album_id, name, duration_seconds, bpm, track_number) VALUES (3808, 499, 'Provide enough', 155, 138, 4);
INSERT INTO song (song_id, album_id, name, duration_seconds, bpm, track_number) VALUES (3809, 499, 'Top father campaign', 172, 129, 5);
INSERT INTO album (album_id, artist_id, title, release_year, created_at) VALUES (500, 248, 'Profit-focused disintermediate artificial intelligence', 1974, NOW());
INSERT INTO song (song_id, album_id, name, duration_seconds, bpm, track_number) VALUES (3810, 500, 'Film see strategy', 197, 95, 1);
INSERT INTO song (song_id, album_id, name, duration_seconds, bpm, track_number) VALUES (3811, 500, 'Assume', 144, 158, 2);
INSERT INTO song (song_id, album_id, name, duration_seconds, bpm, track_number) VALUES (3812, 500, 'Understand suggest', 398, 136, 3);
INSERT INTO song (song_id, album_id, name, duration_seconds, bpm, track_number) VALUES (3813, 500, 'Everybody style see imagine mission', 214, 153, 4);
INSERT INTO song (song_id, album_id, name, duration_seconds, bpm, track_number) VALUES (3814, 500, 'Because', 197, 72, 5);
INSERT INTO album (album_id, artist_id, title, release_year, created_at) VALUES (501, 248, 'Automated context-sensitive flexibility', 1994, NOW());
INSERT INTO song (song_id, album_id, name, duration_seconds, bpm, track_number) VALUES (3815, 501, 'Effort stop himself', 140, 138, 1);
INSERT INTO song (song_id, album_id, name, duration_seconds, bpm, track_number) VALUES (3816, 501, 'Single', 215, 84, 2);
INSERT INTO song (song_id, album_id, name, duration_seconds, bpm, track_number) VALUES (3817, 501, 'More authority', 407, 124, 3);
INSERT INTO song (song_id, album_id, name, duration_seconds, bpm, track_number) VALUES (3818, 501, 'Adult', 343, 155, 4);
INSERT INTO song (song_id, album_id, name, duration_seconds, bpm, track_number) VALUES (3819, 501, 'Speak list capital right', 430, 180, 5);
INSERT INTO album (album_id, artist_id, title, release_year, created_at) VALUES (502, 248, 'User-centric leadingedge capability', 2010, NOW());
INSERT INTO song (song_id, album_id, name, duration_seconds, bpm, track_number) VALUES (3820, 502, 'Sit would', 324, 140, 1);
INSERT INTO song (song_id, album_id, name, duration_seconds, bpm, track_number) VALUES (3821, 502, 'Hand process', 353, 172, 2);
INSERT INTO song (song_id, album_id, name, duration_seconds, bpm, track_number) VALUES (3822, 502, 'Mr never', 243, 101, 3);
INSERT INTO song (song_id, album_id, name, duration_seconds, bpm, track_number) VALUES (3823, 502, 'Culture single', 281, 71, 4);
INSERT INTO song (song_id, album_id, name, duration_seconds, bpm, track_number) VALUES (3824, 502, 'Use', 159, 111, 5);
INSERT INTO song (song_id, album_id, name, duration_seconds, bpm, track_number) VALUES (3825, 502, 'Drug nation', 420, 63, 6);
INSERT INTO song (song_id, album_id, name, duration_seconds, bpm, track_number) VALUES (3826, 502, 'Catch election consumer', 477, 134, 7);
INSERT INTO song (song_id, album_id, name, duration_seconds, bpm, track_number) VALUES (3827, 502, 'Method yeah', 452, 177, 8);
INSERT INTO song (song_id, album_id, name, duration_seconds, bpm, track_number) VALUES (3828, 502, 'Conference its candidate', 242, 171, 9);
INSERT INTO album (album_id, artist_id, title, release_year, created_at) VALUES (503, 249, 'Synchronized asynchronous emulation', 1996, NOW());
INSERT INTO song (song_id, album_id, name, duration_seconds, bpm, track_number) VALUES (3829, 503, 'Project eye nor', 207, 123, 1);
INSERT INTO song (song_id, album_id, name, duration_seconds, bpm, track_number) VALUES (3830, 503, 'Whom', 431, 63, 2);
INSERT INTO song (song_id, album_id, name, duration_seconds, bpm, track_number) VALUES (3831, 503, 'Growth others for', 229, 156, 3);
INSERT INTO song (song_id, album_id, name, duration_seconds, bpm, track_number) VALUES (3832, 503, 'All image', 462, 75, 4);
INSERT INTO song (song_id, album_id, name, duration_seconds, bpm, track_number) VALUES (3833, 503, 'Ten hair', 290, 79, 5);
INSERT INTO album (album_id, artist_id, title, release_year, created_at) VALUES (504, 249, 'Persevering discrete array', 1974, NOW());
INSERT INTO song (song_id, album_id, name, duration_seconds, bpm, track_number) VALUES (3834, 504, 'Interest look a foreign daughter', 167, 157, 1);
INSERT INTO song (song_id, album_id, name, duration_seconds, bpm, track_number) VALUES (3835, 504, 'Government', 142, 66, 2);
INSERT INTO song (song_id, album_id, name, duration_seconds, bpm, track_number) VALUES (3836, 504, 'Radio', 476, 154, 3);
INSERT INTO song (song_id, album_id, name, duration_seconds, bpm, track_number) VALUES (3837, 504, 'Travel say', 445, 138, 4);
INSERT INTO song (song_id, album_id, name, duration_seconds, bpm, track_number) VALUES (3838, 504, 'Approach actually large', 278, 146, 5);
INSERT INTO song (song_id, album_id, name, duration_seconds, bpm, track_number) VALUES (3839, 504, 'Reduce officer onto', 310, 114, 6);
INSERT INTO song (song_id, album_id, name, duration_seconds, bpm, track_number) VALUES (3840, 504, 'Kitchen up both', 446, 83, 7);
INSERT INTO album (album_id, artist_id, title, release_year, created_at) VALUES (505, 250, 'Synergized incremental open system', 2003, NOW());
INSERT INTO song (song_id, album_id, name, duration_seconds, bpm, track_number) VALUES (3841, 505, 'Deal', 360, 166, 1);
INSERT INTO song (song_id, album_id, name, duration_seconds, bpm, track_number) VALUES (3842, 505, 'Have', 318, 88, 2);
INSERT INTO song (song_id, album_id, name, duration_seconds, bpm, track_number) VALUES (3843, 505, 'Enough necessary enter', 313, 78, 3);
INSERT INTO song (song_id, album_id, name, duration_seconds, bpm, track_number) VALUES (3844, 505, 'Whatever', 366, 135, 4);
INSERT INTO song (song_id, album_id, name, duration_seconds, bpm, track_number) VALUES (3845, 505, 'Drive war rock today', 420, 90, 5);
INSERT INTO song (song_id, album_id, name, duration_seconds, bpm, track_number) VALUES (3846, 505, 'Enter', 246, 128, 6);
INSERT INTO song (song_id, album_id, name, duration_seconds, bpm, track_number) VALUES (3847, 505, 'Feeling lead necessary', 124, 88, 7);
INSERT INTO song (song_id, album_id, name, duration_seconds, bpm, track_number) VALUES (3848, 505, 'Hear easy sit', 270, 90, 8);
INSERT INTO song (song_id, album_id, name, duration_seconds, bpm, track_number) VALUES (3849, 505, 'Message', 218, 83, 9);
INSERT INTO song (song_id, album_id, name, duration_seconds, bpm, track_number) VALUES (3850, 505, 'Cover must probably population', 219, 84, 10);
INSERT INTO album (album_id, artist_id, title, release_year, created_at) VALUES (506, 251, 'Business-focused transitional open architecture', 2002, NOW());
INSERT INTO song (song_id, album_id, name, duration_seconds, bpm, track_number) VALUES (3851, 506, 'Light', 237, 113, 1);
INSERT INTO song (song_id, album_id, name, duration_seconds, bpm, track_number) VALUES (3852, 506, 'Purpose', 370, 61, 2);
INSERT INTO song (song_id, album_id, name, duration_seconds, bpm, track_number) VALUES (3853, 506, 'Article onto', 299, 164, 3);
INSERT INTO song (song_id, album_id, name, duration_seconds, bpm, track_number) VALUES (3854, 506, 'Fight edge behind another', 137, 134, 4);
INSERT INTO song (song_id, album_id, name, duration_seconds, bpm, track_number) VALUES (3855, 506, 'Choice', 176, 139, 5);
INSERT INTO song (song_id, album_id, name, duration_seconds, bpm, track_number) VALUES (3856, 506, 'Toward argue', 480, 82, 6);
INSERT INTO song (song_id, album_id, name, duration_seconds, bpm, track_number) VALUES (3857, 506, 'Sense thought', 186, 152, 7);
INSERT INTO song (song_id, album_id, name, duration_seconds, bpm, track_number) VALUES (3858, 506, 'Prepare back', 297, 75, 8);
INSERT INTO song (song_id, album_id, name, duration_seconds, bpm, track_number) VALUES (3859, 506, 'Contain', 285, 78, 9);
INSERT INTO song (song_id, album_id, name, duration_seconds, bpm, track_number) VALUES (3860, 506, 'Line individual', 241, 113, 10);
INSERT INTO album (album_id, artist_id, title, release_year, created_at) VALUES (507, 251, 'Grass-roots 6thgeneration analyzer', 1982, NOW());
INSERT INTO song (song_id, album_id, name, duration_seconds, bpm, track_number) VALUES (3861, 507, 'Federal', 472, 72, 1);
INSERT INTO song (song_id, album_id, name, duration_seconds, bpm, track_number) VALUES (3862, 507, 'Western miss this', 352, 95, 2);
INSERT INTO song (song_id, album_id, name, duration_seconds, bpm, track_number) VALUES (3863, 507, 'Show', 168, 106, 3);
INSERT INTO song (song_id, album_id, name, duration_seconds, bpm, track_number) VALUES (3864, 507, 'Tonight', 414, 130, 4);
INSERT INTO song (song_id, album_id, name, duration_seconds, bpm, track_number) VALUES (3865, 507, 'View', 410, 62, 5);
INSERT INTO song (song_id, album_id, name, duration_seconds, bpm, track_number) VALUES (3866, 507, 'Stay', 413, 77, 6);
INSERT INTO song (song_id, album_id, name, duration_seconds, bpm, track_number) VALUES (3867, 507, 'Imagine sit per wrong top', 308, 68, 7);
INSERT INTO song (song_id, album_id, name, duration_seconds, bpm, track_number) VALUES (3868, 507, 'Senior', 154, 142, 8);
INSERT INTO song (song_id, album_id, name, duration_seconds, bpm, track_number) VALUES (3869, 507, 'New avoid', 288, 64, 9);
INSERT INTO song (song_id, album_id, name, duration_seconds, bpm, track_number) VALUES (3870, 507, 'By reach', 380, 85, 10);
INSERT INTO album (album_id, artist_id, title, release_year, created_at) VALUES (508, 251, 'Cloned zero tolerance database', 1991, NOW());
INSERT INTO song (song_id, album_id, name, duration_seconds, bpm, track_number) VALUES (3871, 508, 'Now remember various', 382, 174, 1);
INSERT INTO song (song_id, album_id, name, duration_seconds, bpm, track_number) VALUES (3872, 508, 'Exactly pattern example meet', 330, 69, 2);
INSERT INTO song (song_id, album_id, name, duration_seconds, bpm, track_number) VALUES (3873, 508, 'Single', 329, 116, 3);
INSERT INTO song (song_id, album_id, name, duration_seconds, bpm, track_number) VALUES (3874, 508, 'Group', 195, 121, 4);
INSERT INTO song (song_id, album_id, name, duration_seconds, bpm, track_number) VALUES (3875, 508, 'Side', 294, 116, 5);
INSERT INTO song (song_id, album_id, name, duration_seconds, bpm, track_number) VALUES (3876, 508, 'Physical', 223, 155, 6);
INSERT INTO song (song_id, album_id, name, duration_seconds, bpm, track_number) VALUES (3877, 508, 'Coach end', 180, 131, 7);
INSERT INTO song (song_id, album_id, name, duration_seconds, bpm, track_number) VALUES (3878, 508, 'Meet', 410, 92, 8);
INSERT INTO song (song_id, album_id, name, duration_seconds, bpm, track_number) VALUES (3879, 508, 'Yet', 433, 122, 9);
INSERT INTO album (album_id, artist_id, title, release_year, created_at) VALUES (509, 252, 'Mandatory multimedia architecture', 2011, NOW());
INSERT INTO song (song_id, album_id, name, duration_seconds, bpm, track_number) VALUES (3880, 509, 'Remember', 202, 126, 1);
INSERT INTO song (song_id, album_id, name, duration_seconds, bpm, track_number) VALUES (3881, 509, 'Evening', 126, 87, 2);
INSERT INTO song (song_id, album_id, name, duration_seconds, bpm, track_number) VALUES (3882, 509, 'Raise', 287, 126, 3);
INSERT INTO song (song_id, album_id, name, duration_seconds, bpm, track_number) VALUES (3883, 509, 'Item Democrat arm', 222, 132, 4);
INSERT INTO song (song_id, album_id, name, duration_seconds, bpm, track_number) VALUES (3884, 509, 'Then', 151, 121, 5);
INSERT INTO song (song_id, album_id, name, duration_seconds, bpm, track_number) VALUES (3885, 509, 'Agency culture suffer peace', 344, 128, 6);
INSERT INTO song (song_id, album_id, name, duration_seconds, bpm, track_number) VALUES (3886, 509, 'Reach', 243, 68, 7);
INSERT INTO song (song_id, album_id, name, duration_seconds, bpm, track_number) VALUES (3887, 509, 'West message defense', 410, 98, 8);
INSERT INTO song (song_id, album_id, name, duration_seconds, bpm, track_number) VALUES (3888, 509, 'Behind city', 145, 153, 9);
INSERT INTO album (album_id, artist_id, title, release_year, created_at) VALUES (510, 253, 'Visionary real-time project', 1978, NOW());
INSERT INTO song (song_id, album_id, name, duration_seconds, bpm, track_number) VALUES (3889, 510, 'Coach mouth action', 287, 81, 1);
INSERT INTO song (song_id, album_id, name, duration_seconds, bpm, track_number) VALUES (3890, 510, 'Room', 450, 79, 2);
INSERT INTO song (song_id, album_id, name, duration_seconds, bpm, track_number) VALUES (3891, 510, 'Decade ability', 283, 116, 3);
INSERT INTO song (song_id, album_id, name, duration_seconds, bpm, track_number) VALUES (3892, 510, 'Happen successful media apply', 253, 175, 4);
INSERT INTO song (song_id, album_id, name, duration_seconds, bpm, track_number) VALUES (3893, 510, 'Nearly level traditional respond', 280, 83, 5);
INSERT INTO song (song_id, album_id, name, duration_seconds, bpm, track_number) VALUES (3894, 510, 'Magazine beyond run worry', 466, 180, 6);
INSERT INTO album (album_id, artist_id, title, release_year, created_at) VALUES (511, 253, 'Stand-alone intangible migration', 2016, NOW());
INSERT INTO song (song_id, album_id, name, duration_seconds, bpm, track_number) VALUES (3895, 511, 'Economy bit', 317, 136, 1);
INSERT INTO song (song_id, album_id, name, duration_seconds, bpm, track_number) VALUES (3896, 511, 'Dream', 128, 63, 2);
INSERT INTO song (song_id, album_id, name, duration_seconds, bpm, track_number) VALUES (3897, 511, 'Focus challenge', 132, 63, 3);
INSERT INTO song (song_id, album_id, name, duration_seconds, bpm, track_number) VALUES (3898, 511, 'Although', 299, 165, 4);
INSERT INTO song (song_id, album_id, name, duration_seconds, bpm, track_number) VALUES (3899, 511, 'Field budget themselves purpose', 187, 148, 5);
INSERT INTO song (song_id, album_id, name, duration_seconds, bpm, track_number) VALUES (3900, 511, 'More clearly', 372, 180, 6);
INSERT INTO song (song_id, album_id, name, duration_seconds, bpm, track_number) VALUES (3901, 511, 'Bag might establish', 263, 89, 7);
INSERT INTO song (song_id, album_id, name, duration_seconds, bpm, track_number) VALUES (3902, 511, 'Work', 409, 76, 8);
INSERT INTO song (song_id, album_id, name, duration_seconds, bpm, track_number) VALUES (3903, 511, 'End leader', 333, 123, 9);
INSERT INTO song (song_id, album_id, name, duration_seconds, bpm, track_number) VALUES (3904, 511, 'Billion', 369, 161, 10);
INSERT INTO album (album_id, artist_id, title, release_year, created_at) VALUES (512, 253, 'Switchable multi-state process improvement', 2026, NOW());
INSERT INTO song (song_id, album_id, name, duration_seconds, bpm, track_number) VALUES (3905, 512, 'Return treatment', 416, 149, 1);
INSERT INTO song (song_id, album_id, name, duration_seconds, bpm, track_number) VALUES (3906, 512, 'Still leave early', 344, 91, 2);
INSERT INTO song (song_id, album_id, name, duration_seconds, bpm, track_number) VALUES (3907, 512, 'Strategy school item', 369, 70, 3);
INSERT INTO song (song_id, album_id, name, duration_seconds, bpm, track_number) VALUES (3908, 512, 'National', 342, 60, 4);
INSERT INTO song (song_id, album_id, name, duration_seconds, bpm, track_number) VALUES (3909, 512, 'Buy country', 339, 123, 5);
INSERT INTO song (song_id, album_id, name, duration_seconds, bpm, track_number) VALUES (3910, 512, 'Card', 413, 70, 6);
INSERT INTO song (song_id, album_id, name, duration_seconds, bpm, track_number) VALUES (3911, 512, 'Somebody', 281, 161, 7);
INSERT INTO song (song_id, album_id, name, duration_seconds, bpm, track_number) VALUES (3912, 512, 'Operation size financial', 460, 72, 8);
INSERT INTO song (song_id, album_id, name, duration_seconds, bpm, track_number) VALUES (3913, 512, 'Look star health', 402, 155, 9);
INSERT INTO song (song_id, album_id, name, duration_seconds, bpm, track_number) VALUES (3914, 512, 'Man', 398, 85, 10);
INSERT INTO album (album_id, artist_id, title, release_year, created_at) VALUES (513, 254, 'Universal object-oriented neural-net', 2007, NOW());
INSERT INTO song (song_id, album_id, name, duration_seconds, bpm, track_number) VALUES (3915, 513, 'Born', 218, 124, 1);
INSERT INTO song (song_id, album_id, name, duration_seconds, bpm, track_number) VALUES (3916, 513, 'Away', 365, 106, 2);
INSERT INTO song (song_id, album_id, name, duration_seconds, bpm, track_number) VALUES (3917, 513, 'Reason gun ready hit', 330, 146, 3);
INSERT INTO song (song_id, album_id, name, duration_seconds, bpm, track_number) VALUES (3918, 513, 'Couple parent instead', 232, 84, 4);
INSERT INTO song (song_id, album_id, name, duration_seconds, bpm, track_number) VALUES (3919, 513, 'Green single', 130, 162, 5);
INSERT INTO song (song_id, album_id, name, duration_seconds, bpm, track_number) VALUES (3920, 513, 'Difficult green', 261, 106, 6);
INSERT INTO album (album_id, artist_id, title, release_year, created_at) VALUES (514, 254, 'Open-source non-volatile interface', 2011, NOW());
INSERT INTO song (song_id, album_id, name, duration_seconds, bpm, track_number) VALUES (3921, 514, 'Over', 215, 124, 1);
INSERT INTO song (song_id, album_id, name, duration_seconds, bpm, track_number) VALUES (3922, 514, 'Financial', 452, 91, 2);
INSERT INTO song (song_id, album_id, name, duration_seconds, bpm, track_number) VALUES (3923, 514, 'Today language skin', 249, 180, 3);
INSERT INTO song (song_id, album_id, name, duration_seconds, bpm, track_number) VALUES (3924, 514, 'Main her', 202, 110, 4);
INSERT INTO song (song_id, album_id, name, duration_seconds, bpm, track_number) VALUES (3925, 514, 'Appear although', 404, 85, 5);
INSERT INTO song (song_id, album_id, name, duration_seconds, bpm, track_number) VALUES (3926, 514, 'Film including road', 390, 71, 6);
INSERT INTO song (song_id, album_id, name, duration_seconds, bpm, track_number) VALUES (3927, 514, 'Do benefit', 148, 128, 7);
INSERT INTO song (song_id, album_id, name, duration_seconds, bpm, track_number) VALUES (3928, 514, 'Member cut especially', 272, 145, 8);
INSERT INTO album (album_id, artist_id, title, release_year, created_at) VALUES (515, 254, 'Programmable contextually-based archive', 1985, NOW());
INSERT INTO song (song_id, album_id, name, duration_seconds, bpm, track_number) VALUES (3929, 515, 'Bad', 303, 180, 1);
INSERT INTO song (song_id, album_id, name, duration_seconds, bpm, track_number) VALUES (3930, 515, 'Feeling peace', 308, 68, 2);
INSERT INTO song (song_id, album_id, name, duration_seconds, bpm, track_number) VALUES (3931, 515, 'Charge', 313, 97, 3);
INSERT INTO song (song_id, album_id, name, duration_seconds, bpm, track_number) VALUES (3932, 515, 'Difference actually trade', 237, 94, 4);
INSERT INTO song (song_id, album_id, name, duration_seconds, bpm, track_number) VALUES (3933, 515, 'Single account race down machine', 435, 71, 5);
INSERT INTO song (song_id, album_id, name, duration_seconds, bpm, track_number) VALUES (3934, 515, 'Computer anyone ball gun', 236, 146, 6);
INSERT INTO song (song_id, album_id, name, duration_seconds, bpm, track_number) VALUES (3935, 515, 'Into wide pass', 121, 64, 7);
INSERT INTO song (song_id, album_id, name, duration_seconds, bpm, track_number) VALUES (3936, 515, 'Hair recognize stage already', 336, 147, 8);
INSERT INTO album (album_id, artist_id, title, release_year, created_at) VALUES (516, 255, 'Managed real-time function', 1996, NOW());
INSERT INTO song (song_id, album_id, name, duration_seconds, bpm, track_number) VALUES (3937, 516, 'Interesting fear', 410, 95, 1);
INSERT INTO song (song_id, album_id, name, duration_seconds, bpm, track_number) VALUES (3938, 516, 'Factor', 393, 144, 2);
INSERT INTO song (song_id, album_id, name, duration_seconds, bpm, track_number) VALUES (3939, 516, 'Offer', 261, 148, 3);
INSERT INTO song (song_id, album_id, name, duration_seconds, bpm, track_number) VALUES (3940, 516, 'Friend modern', 424, 159, 4);
INSERT INTO song (song_id, album_id, name, duration_seconds, bpm, track_number) VALUES (3941, 516, 'Ball become', 174, 116, 5);
INSERT INTO song (song_id, album_id, name, duration_seconds, bpm, track_number) VALUES (3942, 516, 'Give step drug', 359, 173, 6);
INSERT INTO song (song_id, album_id, name, duration_seconds, bpm, track_number) VALUES (3943, 516, 'Size check pull relationship', 472, 135, 7);
INSERT INTO song (song_id, album_id, name, duration_seconds, bpm, track_number) VALUES (3944, 516, 'Material', 364, 131, 8);
INSERT INTO song (song_id, album_id, name, duration_seconds, bpm, track_number) VALUES (3945, 516, 'Drug expert', 326, 117, 9);
INSERT INTO album (album_id, artist_id, title, release_year, created_at) VALUES (517, 255, 'Organic content-based capability', 2010, NOW());
INSERT INTO song (song_id, album_id, name, duration_seconds, bpm, track_number) VALUES (3946, 517, 'Read high goal parent admit', 168, 124, 1);
INSERT INTO song (song_id, album_id, name, duration_seconds, bpm, track_number) VALUES (3947, 517, 'Lawyer evening left', 455, 116, 2);
INSERT INTO song (song_id, album_id, name, duration_seconds, bpm, track_number) VALUES (3948, 517, 'Coach', 369, 130, 3);
INSERT INTO song (song_id, album_id, name, duration_seconds, bpm, track_number) VALUES (3949, 517, 'Offer safe', 220, 68, 4);
INSERT INTO song (song_id, album_id, name, duration_seconds, bpm, track_number) VALUES (3950, 517, 'Water trouble', 129, 157, 5);
INSERT INTO album (album_id, artist_id, title, release_year, created_at) VALUES (518, 256, 'Organic holistic attitude', 1972, NOW());
INSERT INTO song (song_id, album_id, name, duration_seconds, bpm, track_number) VALUES (3951, 518, 'Tv', 290, 83, 1);
INSERT INTO song (song_id, album_id, name, duration_seconds, bpm, track_number) VALUES (3952, 518, 'Involve member', 309, 117, 2);
INSERT INTO song (song_id, album_id, name, duration_seconds, bpm, track_number) VALUES (3953, 518, 'Become', 308, 119, 3);
INSERT INTO song (song_id, album_id, name, duration_seconds, bpm, track_number) VALUES (3954, 518, 'Class', 163, 143, 4);
INSERT INTO song (song_id, album_id, name, duration_seconds, bpm, track_number) VALUES (3955, 518, 'Daughter herself', 475, 80, 5);
INSERT INTO song (song_id, album_id, name, duration_seconds, bpm, track_number) VALUES (3956, 518, 'Use respond possible', 170, 161, 6);
INSERT INTO song (song_id, album_id, name, duration_seconds, bpm, track_number) VALUES (3957, 518, 'Role college', 435, 96, 7);
INSERT INTO album (album_id, artist_id, title, release_year, created_at) VALUES (519, 256, 'Multi-tiered logistical migration', 1993, NOW());
INSERT INTO song (song_id, album_id, name, duration_seconds, bpm, track_number) VALUES (3958, 519, 'Back out', 288, 173, 1);
INSERT INTO song (song_id, album_id, name, duration_seconds, bpm, track_number) VALUES (3959, 519, 'Because kind according suddenly', 411, 158, 2);
INSERT INTO song (song_id, album_id, name, duration_seconds, bpm, track_number) VALUES (3960, 519, 'Table its', 252, 80, 3);
INSERT INTO song (song_id, album_id, name, duration_seconds, bpm, track_number) VALUES (3961, 519, 'Speech', 164, 108, 4);
INSERT INTO song (song_id, album_id, name, duration_seconds, bpm, track_number) VALUES (3962, 519, 'Know kitchen actually evidence central', 222, 70, 5);
INSERT INTO song (song_id, album_id, name, duration_seconds, bpm, track_number) VALUES (3963, 519, 'Majority many', 122, 163, 6);
INSERT INTO album (album_id, artist_id, title, release_year, created_at) VALUES (520, 257, 'Optional human-resource contingency', 1986, NOW());
INSERT INTO song (song_id, album_id, name, duration_seconds, bpm, track_number) VALUES (3964, 520, 'Black space international recent', 368, 116, 1);
INSERT INTO song (song_id, album_id, name, duration_seconds, bpm, track_number) VALUES (3965, 520, 'Side draw brother exactly daughter', 379, 106, 2);
INSERT INTO song (song_id, album_id, name, duration_seconds, bpm, track_number) VALUES (3966, 520, 'Summer relate north', 342, 178, 3);
INSERT INTO song (song_id, album_id, name, duration_seconds, bpm, track_number) VALUES (3967, 520, 'Building computer', 235, 100, 4);
INSERT INTO song (song_id, album_id, name, duration_seconds, bpm, track_number) VALUES (3968, 520, 'Man', 369, 116, 5);
INSERT INTO song (song_id, album_id, name, duration_seconds, bpm, track_number) VALUES (3969, 520, 'Toward', 405, 101, 6);
INSERT INTO album (album_id, artist_id, title, release_year, created_at) VALUES (521, 258, 'Up-sized next generation Local Area Network', 1988, NOW());
INSERT INTO song (song_id, album_id, name, duration_seconds, bpm, track_number) VALUES (3970, 521, 'Old', 159, 153, 1);
INSERT INTO song (song_id, album_id, name, duration_seconds, bpm, track_number) VALUES (3971, 521, 'Country how wide', 388, 129, 2);
INSERT INTO song (song_id, album_id, name, duration_seconds, bpm, track_number) VALUES (3972, 521, 'Six that thought', 463, 144, 3);
INSERT INTO song (song_id, album_id, name, duration_seconds, bpm, track_number) VALUES (3973, 521, 'At', 130, 176, 4);
INSERT INTO song (song_id, album_id, name, duration_seconds, bpm, track_number) VALUES (3974, 521, 'Establish with care', 421, 115, 5);
INSERT INTO song (song_id, album_id, name, duration_seconds, bpm, track_number) VALUES (3975, 521, 'Have', 304, 146, 6);
INSERT INTO song (song_id, album_id, name, duration_seconds, bpm, track_number) VALUES (3976, 521, 'Reach cold foot still', 134, 111, 7);
INSERT INTO album (album_id, artist_id, title, release_year, created_at) VALUES (522, 259, 'Re-engineered foreground flexibility', 2013, NOW());
INSERT INTO song (song_id, album_id, name, duration_seconds, bpm, track_number) VALUES (3977, 522, 'Form', 270, 72, 1);
INSERT INTO song (song_id, album_id, name, duration_seconds, bpm, track_number) VALUES (3978, 522, 'Cold', 415, 116, 2);
INSERT INTO song (song_id, album_id, name, duration_seconds, bpm, track_number) VALUES (3979, 522, 'School', 370, 166, 3);
INSERT INTO song (song_id, album_id, name, duration_seconds, bpm, track_number) VALUES (3980, 522, 'Animal herself set suddenly play', 443, 86, 4);
INSERT INTO song (song_id, album_id, name, duration_seconds, bpm, track_number) VALUES (3981, 522, 'Just stock bank', 351, 137, 5);
INSERT INTO song (song_id, album_id, name, duration_seconds, bpm, track_number) VALUES (3982, 522, 'Current audience police movie', 476, 151, 6);
INSERT INTO album (album_id, artist_id, title, release_year, created_at) VALUES (523, 260, 'Seamless 3rdgeneration emulation', 2014, NOW());
INSERT INTO song (song_id, album_id, name, duration_seconds, bpm, track_number) VALUES (3983, 523, 'With movement speak sell day', 178, 90, 1);
INSERT INTO song (song_id, album_id, name, duration_seconds, bpm, track_number) VALUES (3984, 523, 'Only effect risk', 350, 169, 2);
INSERT INTO song (song_id, album_id, name, duration_seconds, bpm, track_number) VALUES (3985, 523, 'Stay eat', 466, 119, 3);
INSERT INTO song (song_id, album_id, name, duration_seconds, bpm, track_number) VALUES (3986, 523, 'Cup', 215, 98, 4);
INSERT INTO song (song_id, album_id, name, duration_seconds, bpm, track_number) VALUES (3987, 523, 'To this enter', 287, 170, 5);
INSERT INTO album (album_id, artist_id, title, release_year, created_at) VALUES (524, 260, 'Monitored systematic open architecture', 1974, NOW());
INSERT INTO song (song_id, album_id, name, duration_seconds, bpm, track_number) VALUES (3988, 524, 'Big affect American', 356, 173, 1);
INSERT INTO song (song_id, album_id, name, duration_seconds, bpm, track_number) VALUES (3989, 524, 'Cup phone ever section', 134, 70, 2);
INSERT INTO song (song_id, album_id, name, duration_seconds, bpm, track_number) VALUES (3990, 524, 'Behavior', 262, 178, 3);
INSERT INTO song (song_id, album_id, name, duration_seconds, bpm, track_number) VALUES (3991, 524, 'Could', 228, 151, 4);
INSERT INTO song (song_id, album_id, name, duration_seconds, bpm, track_number) VALUES (3992, 524, 'Market others fine', 435, 116, 5);
INSERT INTO song (song_id, album_id, name, duration_seconds, bpm, track_number) VALUES (3993, 524, 'Likely', 427, 137, 6);
INSERT INTO song (song_id, album_id, name, duration_seconds, bpm, track_number) VALUES (3994, 524, 'Member thought', 372, 78, 7);
INSERT INTO song (song_id, album_id, name, duration_seconds, bpm, track_number) VALUES (3995, 524, 'Improve discussion', 292, 142, 8);
INSERT INTO song (song_id, album_id, name, duration_seconds, bpm, track_number) VALUES (3996, 524, 'Approach worry value summer', 357, 167, 9);
INSERT INTO song (song_id, album_id, name, duration_seconds, bpm, track_number) VALUES (3997, 524, 'Century attorney money front produce', 148, 155, 10);
INSERT INTO album (album_id, artist_id, title, release_year, created_at) VALUES (525, 260, 'Re-contextualized 3rdgeneration throughput', 1984, NOW());
INSERT INTO song (song_id, album_id, name, duration_seconds, bpm, track_number) VALUES (3998, 525, 'Hold', 354, 159, 1);
INSERT INTO song (song_id, album_id, name, duration_seconds, bpm, track_number) VALUES (3999, 525, 'Billion', 450, 153, 2);
INSERT INTO song (song_id, album_id, name, duration_seconds, bpm, track_number) VALUES (4000, 525, 'Red single nation throughout each', 265, 139, 3);
INSERT INTO song (song_id, album_id, name, duration_seconds, bpm, track_number) VALUES (4001, 525, 'Majority simply', 401, 82, 4);
INSERT INTO song (song_id, album_id, name, duration_seconds, bpm, track_number) VALUES (4002, 525, 'Law', 285, 94, 5);
INSERT INTO album (album_id, artist_id, title, release_year, created_at) VALUES (526, 261, 'Team-oriented impactful portal', 2010, NOW());
INSERT INTO song (song_id, album_id, name, duration_seconds, bpm, track_number) VALUES (4003, 526, 'Officer', 258, 109, 1);
INSERT INTO song (song_id, album_id, name, duration_seconds, bpm, track_number) VALUES (4004, 526, 'A', 377, 116, 2);
INSERT INTO song (song_id, album_id, name, duration_seconds, bpm, track_number) VALUES (4005, 526, 'Store', 291, 179, 3);
INSERT INTO song (song_id, album_id, name, duration_seconds, bpm, track_number) VALUES (4006, 526, 'Foreign agency indicate', 402, 180, 4);
INSERT INTO song (song_id, album_id, name, duration_seconds, bpm, track_number) VALUES (4007, 526, 'She', 269, 118, 5);
INSERT INTO album (album_id, artist_id, title, release_year, created_at) VALUES (527, 262, 'Upgradable scalable structure', 1970, NOW());
INSERT INTO song (song_id, album_id, name, duration_seconds, bpm, track_number) VALUES (4008, 527, 'Offer', 138, 90, 1);
INSERT INTO song (song_id, album_id, name, duration_seconds, bpm, track_number) VALUES (4009, 527, 'Seek', 343, 117, 2);
INSERT INTO song (song_id, album_id, name, duration_seconds, bpm, track_number) VALUES (4010, 527, 'Over', 464, 67, 3);
INSERT INTO song (song_id, album_id, name, duration_seconds, bpm, track_number) VALUES (4011, 527, 'Kind', 322, 86, 4);
INSERT INTO song (song_id, album_id, name, duration_seconds, bpm, track_number) VALUES (4012, 527, 'Property sing', 346, 117, 5);
INSERT INTO song (song_id, album_id, name, duration_seconds, bpm, track_number) VALUES (4013, 527, 'Event', 398, 171, 6);
INSERT INTO song (song_id, album_id, name, duration_seconds, bpm, track_number) VALUES (4014, 527, 'Room', 185, 142, 7);
INSERT INTO album (album_id, artist_id, title, release_year, created_at) VALUES (528, 262, 'Seamless asynchronous success', 1990, NOW());
INSERT INTO song (song_id, album_id, name, duration_seconds, bpm, track_number) VALUES (4015, 528, 'Small', 131, 150, 1);
INSERT INTO song (song_id, album_id, name, duration_seconds, bpm, track_number) VALUES (4016, 528, 'Especially girl', 308, 118, 2);
INSERT INTO song (song_id, album_id, name, duration_seconds, bpm, track_number) VALUES (4017, 528, 'Direction consumer', 471, 117, 3);
INSERT INTO song (song_id, album_id, name, duration_seconds, bpm, track_number) VALUES (4018, 528, 'Action option', 128, 111, 4);
INSERT INTO song (song_id, album_id, name, duration_seconds, bpm, track_number) VALUES (4019, 528, 'Air', 184, 149, 5);
INSERT INTO song (song_id, album_id, name, duration_seconds, bpm, track_number) VALUES (4020, 528, 'Rather', 257, 171, 6);
INSERT INTO song (song_id, album_id, name, duration_seconds, bpm, track_number) VALUES (4021, 528, 'Personal increase phone', 159, 111, 7);
INSERT INTO song (song_id, album_id, name, duration_seconds, bpm, track_number) VALUES (4022, 528, 'Establish after', 175, 139, 8);
INSERT INTO song (song_id, album_id, name, duration_seconds, bpm, track_number) VALUES (4023, 528, 'Agree', 362, 116, 9);
INSERT INTO album (album_id, artist_id, title, release_year, created_at) VALUES (529, 262, 'Multi-lateral client-server adapter', 2017, NOW());
INSERT INTO song (song_id, album_id, name, duration_seconds, bpm, track_number) VALUES (4024, 529, 'Phone hair', 196, 81, 1);
INSERT INTO song (song_id, album_id, name, duration_seconds, bpm, track_number) VALUES (4025, 529, 'Media', 357, 66, 2);
INSERT INTO song (song_id, album_id, name, duration_seconds, bpm, track_number) VALUES (4026, 529, 'Management themselves draw', 124, 163, 3);
INSERT INTO song (song_id, album_id, name, duration_seconds, bpm, track_number) VALUES (4027, 529, 'Doctor', 342, 115, 4);
INSERT INTO song (song_id, album_id, name, duration_seconds, bpm, track_number) VALUES (4028, 529, 'Project religious degree', 283, 61, 5);
INSERT INTO song (song_id, album_id, name, duration_seconds, bpm, track_number) VALUES (4029, 529, 'Let single method fly', 400, 61, 6);
INSERT INTO album (album_id, artist_id, title, release_year, created_at) VALUES (530, 263, 'Object-based mission-critical protocol', 2015, NOW());
INSERT INTO song (song_id, album_id, name, duration_seconds, bpm, track_number) VALUES (4030, 530, 'Develop', 265, 96, 1);
INSERT INTO song (song_id, album_id, name, duration_seconds, bpm, track_number) VALUES (4031, 530, 'Here father increase near action', 184, 60, 2);
INSERT INTO song (song_id, album_id, name, duration_seconds, bpm, track_number) VALUES (4032, 530, 'Degree at but detail any', 229, 95, 3);
INSERT INTO song (song_id, album_id, name, duration_seconds, bpm, track_number) VALUES (4033, 530, 'Get', 314, 141, 4);
INSERT INTO song (song_id, album_id, name, duration_seconds, bpm, track_number) VALUES (4034, 530, 'Government', 302, 66, 5);
INSERT INTO song (song_id, album_id, name, duration_seconds, bpm, track_number) VALUES (4035, 530, 'Recent challenge opportunity material', 311, 96, 6);
INSERT INTO song (song_id, album_id, name, duration_seconds, bpm, track_number) VALUES (4036, 530, 'Daughter candidate feeling', 458, 131, 7);
INSERT INTO song (song_id, album_id, name, duration_seconds, bpm, track_number) VALUES (4037, 530, 'Cost', 470, 120, 8);
INSERT INTO song (song_id, album_id, name, duration_seconds, bpm, track_number) VALUES (4038, 530, 'End you there', 122, 129, 9);
INSERT INTO album (album_id, artist_id, title, release_year, created_at) VALUES (531, 263, 'Stand-alone homogeneous methodology', 1997, NOW());
INSERT INTO song (song_id, album_id, name, duration_seconds, bpm, track_number) VALUES (4039, 531, 'Eye', 189, 156, 1);
INSERT INTO song (song_id, album_id, name, duration_seconds, bpm, track_number) VALUES (4040, 531, 'Defense', 149, 126, 2);
INSERT INTO song (song_id, album_id, name, duration_seconds, bpm, track_number) VALUES (4041, 531, 'Pay', 247, 157, 3);
INSERT INTO song (song_id, album_id, name, duration_seconds, bpm, track_number) VALUES (4042, 531, 'Source', 334, 175, 4);
INSERT INTO song (song_id, album_id, name, duration_seconds, bpm, track_number) VALUES (4043, 531, 'Nation human', 463, 74, 5);
INSERT INTO song (song_id, album_id, name, duration_seconds, bpm, track_number) VALUES (4044, 531, 'Project threat religious stock', 192, 70, 6);
INSERT INTO song (song_id, album_id, name, duration_seconds, bpm, track_number) VALUES (4045, 531, 'Join', 123, 133, 7);
INSERT INTO song (song_id, album_id, name, duration_seconds, bpm, track_number) VALUES (4046, 531, 'Deal', 277, 168, 8);
INSERT INTO song (song_id, album_id, name, duration_seconds, bpm, track_number) VALUES (4047, 531, 'Hair very', 304, 166, 9);
INSERT INTO song (song_id, album_id, name, duration_seconds, bpm, track_number) VALUES (4048, 531, 'Me fly back young', 250, 171, 10);
INSERT INTO album (album_id, artist_id, title, release_year, created_at) VALUES (532, 264, 'Realigned motivating extranet', 2025, NOW());
INSERT INTO song (song_id, album_id, name, duration_seconds, bpm, track_number) VALUES (4049, 532, 'Case', 322, 159, 1);
INSERT INTO song (song_id, album_id, name, duration_seconds, bpm, track_number) VALUES (4050, 532, 'Hot benefit', 291, 134, 2);
INSERT INTO song (song_id, album_id, name, duration_seconds, bpm, track_number) VALUES (4051, 532, 'Send', 148, 117, 3);
INSERT INTO song (song_id, album_id, name, duration_seconds, bpm, track_number) VALUES (4052, 532, 'Control', 136, 175, 4);
INSERT INTO song (song_id, album_id, name, duration_seconds, bpm, track_number) VALUES (4053, 532, 'Instead', 397, 132, 5);
INSERT INTO song (song_id, album_id, name, duration_seconds, bpm, track_number) VALUES (4054, 532, 'So present energy', 163, 123, 6);
INSERT INTO song (song_id, album_id, name, duration_seconds, bpm, track_number) VALUES (4055, 532, 'Ever government remain boy', 378, 96, 7);
INSERT INTO song (song_id, album_id, name, duration_seconds, bpm, track_number) VALUES (4056, 532, 'Story', 466, 61, 8);
INSERT INTO song (song_id, album_id, name, duration_seconds, bpm, track_number) VALUES (4057, 532, 'Machine different', 279, 145, 9);
INSERT INTO song (song_id, album_id, name, duration_seconds, bpm, track_number) VALUES (4058, 532, 'Include organization reveal', 176, 93, 10);
INSERT INTO album (album_id, artist_id, title, release_year, created_at) VALUES (533, 264, 'Right-sized coherent hierarchy', 1980, NOW());
INSERT INTO song (song_id, album_id, name, duration_seconds, bpm, track_number) VALUES (4059, 533, 'Radio', 168, 76, 1);
INSERT INTO song (song_id, album_id, name, duration_seconds, bpm, track_number) VALUES (4060, 533, 'Side at gas maintain particular', 313, 103, 2);
INSERT INTO song (song_id, album_id, name, duration_seconds, bpm, track_number) VALUES (4061, 533, 'Speech', 130, 138, 3);
INSERT INTO song (song_id, album_id, name, duration_seconds, bpm, track_number) VALUES (4062, 533, 'Three', 363, 175, 4);
INSERT INTO song (song_id, album_id, name, duration_seconds, bpm, track_number) VALUES (4063, 533, 'Simply number president', 403, 76, 5);
INSERT INTO song (song_id, album_id, name, duration_seconds, bpm, track_number) VALUES (4064, 533, 'Determine up', 367, 161, 6);
INSERT INTO song (song_id, album_id, name, duration_seconds, bpm, track_number) VALUES (4065, 533, 'Door', 350, 152, 7);
INSERT INTO song (song_id, album_id, name, duration_seconds, bpm, track_number) VALUES (4066, 533, 'Someone effort', 476, 113, 8);
INSERT INTO song (song_id, album_id, name, duration_seconds, bpm, track_number) VALUES (4067, 533, 'Poor', 238, 178, 9);
INSERT INTO song (song_id, album_id, name, duration_seconds, bpm, track_number) VALUES (4068, 533, 'She', 218, 86, 10);
INSERT INTO album (album_id, artist_id, title, release_year, created_at) VALUES (534, 265, 'Reactive responsive focus group', 1976, NOW());
INSERT INTO song (song_id, album_id, name, duration_seconds, bpm, track_number) VALUES (4069, 534, 'Art', 303, 154, 1);
INSERT INTO song (song_id, album_id, name, duration_seconds, bpm, track_number) VALUES (4070, 534, 'Make before keep within', 412, 137, 2);
INSERT INTO song (song_id, album_id, name, duration_seconds, bpm, track_number) VALUES (4071, 534, 'Around its window benefit must', 341, 64, 3);
INSERT INTO song (song_id, album_id, name, duration_seconds, bpm, track_number) VALUES (4072, 534, 'Value whole organization including with', 406, 88, 4);
INSERT INTO song (song_id, album_id, name, duration_seconds, bpm, track_number) VALUES (4073, 534, 'We', 145, 135, 5);
INSERT INTO song (song_id, album_id, name, duration_seconds, bpm, track_number) VALUES (4074, 534, 'Watch few agency', 428, 168, 6);
INSERT INTO album (album_id, artist_id, title, release_year, created_at) VALUES (535, 265, 'Future-proofed incremental website', 1997, NOW());
INSERT INTO song (song_id, album_id, name, duration_seconds, bpm, track_number) VALUES (4075, 535, 'Especially south', 460, 129, 1);
INSERT INTO song (song_id, album_id, name, duration_seconds, bpm, track_number) VALUES (4076, 535, 'Say before agree tree', 372, 152, 2);
INSERT INTO song (song_id, album_id, name, duration_seconds, bpm, track_number) VALUES (4077, 535, 'Use respond today weight', 139, 163, 3);
INSERT INTO song (song_id, album_id, name, duration_seconds, bpm, track_number) VALUES (4078, 535, 'Economic near price', 261, 99, 4);
INSERT INTO song (song_id, album_id, name, duration_seconds, bpm, track_number) VALUES (4079, 535, 'Drug student', 134, 121, 5);
INSERT INTO song (song_id, album_id, name, duration_seconds, bpm, track_number) VALUES (4080, 535, 'Case', 156, 119, 6);
INSERT INTO song (song_id, album_id, name, duration_seconds, bpm, track_number) VALUES (4081, 535, 'Ok', 137, 125, 7);
INSERT INTO song (song_id, album_id, name, duration_seconds, bpm, track_number) VALUES (4082, 535, 'Statement building', 220, 65, 8);
INSERT INTO album (album_id, artist_id, title, release_year, created_at) VALUES (536, 265, 'Quality-focused web-enabled solution', 2020, NOW());
INSERT INTO song (song_id, album_id, name, duration_seconds, bpm, track_number) VALUES (4083, 536, 'Ground contain budget player campaign', 122, 100, 1);
INSERT INTO song (song_id, album_id, name, duration_seconds, bpm, track_number) VALUES (4084, 536, 'May law item', 141, 116, 2);
INSERT INTO song (song_id, album_id, name, duration_seconds, bpm, track_number) VALUES (4085, 536, 'Discover value', 432, 167, 3);
INSERT INTO song (song_id, album_id, name, duration_seconds, bpm, track_number) VALUES (4086, 536, 'Later line', 437, 83, 4);
INSERT INTO song (song_id, album_id, name, duration_seconds, bpm, track_number) VALUES (4087, 536, 'Walk stock side certain', 475, 127, 5);
INSERT INTO song (song_id, album_id, name, duration_seconds, bpm, track_number) VALUES (4088, 536, 'Something become', 146, 161, 6);
INSERT INTO album (album_id, artist_id, title, release_year, created_at) VALUES (537, 266, 'Upgradable client-server website', 1978, NOW());
INSERT INTO song (song_id, album_id, name, duration_seconds, bpm, track_number) VALUES (4089, 537, 'Small various product', 406, 121, 1);
INSERT INTO song (song_id, album_id, name, duration_seconds, bpm, track_number) VALUES (4090, 537, 'Leader color land', 291, 84, 2);
INSERT INTO song (song_id, album_id, name, duration_seconds, bpm, track_number) VALUES (4091, 537, 'Why live', 345, 96, 3);
INSERT INTO song (song_id, album_id, name, duration_seconds, bpm, track_number) VALUES (4092, 537, 'Capital', 389, 107, 4);
INSERT INTO song (song_id, album_id, name, duration_seconds, bpm, track_number) VALUES (4093, 537, 'Shake above', 139, 131, 5);
INSERT INTO song (song_id, album_id, name, duration_seconds, bpm, track_number) VALUES (4094, 537, 'Stuff leg ten computer', 300, 136, 6);
INSERT INTO song (song_id, album_id, name, duration_seconds, bpm, track_number) VALUES (4095, 537, 'Type', 268, 99, 7);
INSERT INTO song (song_id, album_id, name, duration_seconds, bpm, track_number) VALUES (4096, 537, 'Machine', 421, 137, 8);
INSERT INTO song (song_id, album_id, name, duration_seconds, bpm, track_number) VALUES (4097, 537, 'Break party', 280, 123, 9);
INSERT INTO album (album_id, artist_id, title, release_year, created_at) VALUES (538, 266, 'Organic needs-based circuit', 2005, NOW());
INSERT INTO song (song_id, album_id, name, duration_seconds, bpm, track_number) VALUES (4098, 538, 'Interest', 222, 80, 1);
INSERT INTO song (song_id, album_id, name, duration_seconds, bpm, track_number) VALUES (4099, 538, 'Wonder enter', 343, 138, 2);
INSERT INTO song (song_id, album_id, name, duration_seconds, bpm, track_number) VALUES (4100, 538, 'Forward you expert', 123, 168, 3);
INSERT INTO song (song_id, album_id, name, duration_seconds, bpm, track_number) VALUES (4101, 538, 'Need line morning', 372, 120, 4);
INSERT INTO song (song_id, album_id, name, duration_seconds, bpm, track_number) VALUES (4102, 538, 'Top', 301, 178, 5);
INSERT INTO album (album_id, artist_id, title, release_year, created_at) VALUES (539, 267, 'Monitored fresh-thinking time-frame', 2021, NOW());
INSERT INTO song (song_id, album_id, name, duration_seconds, bpm, track_number) VALUES (4103, 539, 'Set cold', 189, 175, 1);
INSERT INTO song (song_id, album_id, name, duration_seconds, bpm, track_number) VALUES (4104, 539, 'Enter', 198, 177, 2);
INSERT INTO song (song_id, album_id, name, duration_seconds, bpm, track_number) VALUES (4105, 539, 'Edge loss stop none', 371, 121, 3);
INSERT INTO song (song_id, album_id, name, duration_seconds, bpm, track_number) VALUES (4106, 539, 'Tonight mother but', 477, 143, 4);
INSERT INTO song (song_id, album_id, name, duration_seconds, bpm, track_number) VALUES (4107, 539, 'Position public surface structure', 401, 128, 5);
INSERT INTO album (album_id, artist_id, title, release_year, created_at) VALUES (540, 267, 'Re-engineered eco-centric matrices', 2013, NOW());
INSERT INTO song (song_id, album_id, name, duration_seconds, bpm, track_number) VALUES (4108, 540, 'Market as', 275, 91, 1);
INSERT INTO song (song_id, album_id, name, duration_seconds, bpm, track_number) VALUES (4109, 540, 'Side interest interesting example', 132, 106, 2);
INSERT INTO song (song_id, album_id, name, duration_seconds, bpm, track_number) VALUES (4110, 540, 'Wife', 168, 90, 3);
INSERT INTO song (song_id, album_id, name, duration_seconds, bpm, track_number) VALUES (4111, 540, 'We mouth', 271, 125, 4);
INSERT INTO song (song_id, album_id, name, duration_seconds, bpm, track_number) VALUES (4112, 540, 'Well', 197, 63, 5);
INSERT INTO song (song_id, album_id, name, duration_seconds, bpm, track_number) VALUES (4113, 540, 'Let what', 376, 108, 6);
INSERT INTO song (song_id, album_id, name, duration_seconds, bpm, track_number) VALUES (4114, 540, 'Challenge when look break whatever', 398, 76, 7);
INSERT INTO song (song_id, album_id, name, duration_seconds, bpm, track_number) VALUES (4115, 540, 'Section red', 249, 131, 8);
INSERT INTO song (song_id, album_id, name, duration_seconds, bpm, track_number) VALUES (4116, 540, 'New', 370, 169, 9);
INSERT INTO album (album_id, artist_id, title, release_year, created_at) VALUES (541, 268, 'Open-source human-resource monitoring', 2004, NOW());
INSERT INTO song (song_id, album_id, name, duration_seconds, bpm, track_number) VALUES (4117, 541, 'Near', 351, 88, 1);
INSERT INTO song (song_id, album_id, name, duration_seconds, bpm, track_number) VALUES (4118, 541, 'Cause indeed much', 163, 139, 2);
INSERT INTO song (song_id, album_id, name, duration_seconds, bpm, track_number) VALUES (4119, 541, 'Interest beautiful food', 452, 115, 3);
INSERT INTO song (song_id, album_id, name, duration_seconds, bpm, track_number) VALUES (4120, 541, 'Age director', 330, 64, 4);
INSERT INTO song (song_id, album_id, name, duration_seconds, bpm, track_number) VALUES (4121, 541, 'Store development board walk new', 383, 63, 5);
INSERT INTO song (song_id, album_id, name, duration_seconds, bpm, track_number) VALUES (4122, 541, 'Nice learn father over big', 309, 155, 6);
INSERT INTO song (song_id, album_id, name, duration_seconds, bpm, track_number) VALUES (4123, 541, 'Enter discover owner', 462, 82, 7);
INSERT INTO song (song_id, album_id, name, duration_seconds, bpm, track_number) VALUES (4124, 541, 'Majority', 234, 150, 8);
INSERT INTO album (album_id, artist_id, title, release_year, created_at) VALUES (542, 268, 'Mandatory neutral interface', 1978, NOW());
INSERT INTO song (song_id, album_id, name, duration_seconds, bpm, track_number) VALUES (4125, 542, 'But', 420, 142, 1);
INSERT INTO song (song_id, album_id, name, duration_seconds, bpm, track_number) VALUES (4126, 542, 'Voice', 414, 93, 2);
INSERT INTO song (song_id, album_id, name, duration_seconds, bpm, track_number) VALUES (4127, 542, 'Sense her add life', 230, 95, 3);
INSERT INTO song (song_id, album_id, name, duration_seconds, bpm, track_number) VALUES (4128, 542, 'Front', 312, 116, 4);
INSERT INTO song (song_id, album_id, name, duration_seconds, bpm, track_number) VALUES (4129, 542, 'Opportunity', 394, 165, 5);
INSERT INTO album (album_id, artist_id, title, release_year, created_at) VALUES (543, 268, 'Fully-configurable intangible methodology', 2026, NOW());
INSERT INTO song (song_id, album_id, name, duration_seconds, bpm, track_number) VALUES (4130, 543, 'Amount about expert', 428, 101, 1);
INSERT INTO song (song_id, album_id, name, duration_seconds, bpm, track_number) VALUES (4131, 543, 'Way', 394, 84, 2);
INSERT INTO song (song_id, album_id, name, duration_seconds, bpm, track_number) VALUES (4132, 543, 'South sell class', 318, 66, 3);
INSERT INTO song (song_id, album_id, name, duration_seconds, bpm, track_number) VALUES (4133, 543, 'Just remain', 435, 124, 4);
INSERT INTO song (song_id, album_id, name, duration_seconds, bpm, track_number) VALUES (4134, 543, 'Writer girl note', 411, 67, 5);
INSERT INTO album (album_id, artist_id, title, release_year, created_at) VALUES (544, 269, 'Robust reciprocal focus group', 1974, NOW());
INSERT INTO song (song_id, album_id, name, duration_seconds, bpm, track_number) VALUES (4135, 544, 'Me he current', 407, 82, 1);
INSERT INTO song (song_id, album_id, name, duration_seconds, bpm, track_number) VALUES (4136, 544, 'Speak agency discuss', 419, 66, 2);
INSERT INTO song (song_id, album_id, name, duration_seconds, bpm, track_number) VALUES (4137, 544, 'Particular', 140, 134, 3);
INSERT INTO song (song_id, album_id, name, duration_seconds, bpm, track_number) VALUES (4138, 544, 'Against', 399, 151, 4);
INSERT INTO song (song_id, album_id, name, duration_seconds, bpm, track_number) VALUES (4139, 544, 'Or example stock per stuff', 252, 125, 5);
INSERT INTO song (song_id, album_id, name, duration_seconds, bpm, track_number) VALUES (4140, 544, 'Summer anyone allow', 184, 180, 6);
INSERT INTO song (song_id, album_id, name, duration_seconds, bpm, track_number) VALUES (4141, 544, 'Politics realize', 213, 132, 7);
INSERT INTO song (song_id, album_id, name, duration_seconds, bpm, track_number) VALUES (4142, 544, 'Protect name', 166, 157, 8);
INSERT INTO album (album_id, artist_id, title, release_year, created_at) VALUES (545, 270, 'Stand-alone directional data-warehouse', 1971, NOW());
INSERT INTO song (song_id, album_id, name, duration_seconds, bpm, track_number) VALUES (4143, 545, 'Weight true', 333, 91, 1);
INSERT INTO song (song_id, album_id, name, duration_seconds, bpm, track_number) VALUES (4144, 545, 'Support dinner purpose on', 182, 161, 2);
INSERT INTO song (song_id, album_id, name, duration_seconds, bpm, track_number) VALUES (4145, 545, 'Piece worry door', 135, 162, 3);
INSERT INTO song (song_id, album_id, name, duration_seconds, bpm, track_number) VALUES (4146, 545, 'Follow maybe', 239, 131, 4);
INSERT INTO song (song_id, album_id, name, duration_seconds, bpm, track_number) VALUES (4147, 545, 'Country four', 270, 75, 5);
INSERT INTO song (song_id, album_id, name, duration_seconds, bpm, track_number) VALUES (4148, 545, 'Evening', 387, 107, 6);
INSERT INTO song (song_id, album_id, name, duration_seconds, bpm, track_number) VALUES (4149, 545, 'Simple item lead', 164, 172, 7);
INSERT INTO song (song_id, album_id, name, duration_seconds, bpm, track_number) VALUES (4150, 545, 'Song', 417, 178, 8);
INSERT INTO song (song_id, album_id, name, duration_seconds, bpm, track_number) VALUES (4151, 545, 'Place', 163, 108, 9);
INSERT INTO song (song_id, album_id, name, duration_seconds, bpm, track_number) VALUES (4152, 545, 'Shoulder', 252, 64, 10);
INSERT INTO album (album_id, artist_id, title, release_year, created_at) VALUES (546, 271, 'Self-enabling solution-oriented moderator', 2021, NOW());
INSERT INTO song (song_id, album_id, name, duration_seconds, bpm, track_number) VALUES (4153, 546, 'Set', 287, 65, 1);
INSERT INTO song (song_id, album_id, name, duration_seconds, bpm, track_number) VALUES (4154, 546, 'Reduce eye', 228, 96, 2);
INSERT INTO song (song_id, album_id, name, duration_seconds, bpm, track_number) VALUES (4155, 546, 'Drop analysis success once', 314, 71, 3);
INSERT INTO song (song_id, album_id, name, duration_seconds, bpm, track_number) VALUES (4156, 546, 'Hour several story', 353, 63, 4);
INSERT INTO song (song_id, album_id, name, duration_seconds, bpm, track_number) VALUES (4157, 546, 'Claim', 156, 179, 5);
INSERT INTO song (song_id, album_id, name, duration_seconds, bpm, track_number) VALUES (4158, 546, 'Change teacher foreign ago', 289, 72, 6);
INSERT INTO song (song_id, album_id, name, duration_seconds, bpm, track_number) VALUES (4159, 546, 'Attorney health letter size share', 215, 78, 7);
INSERT INTO song (song_id, album_id, name, duration_seconds, bpm, track_number) VALUES (4160, 546, 'Road', 240, 121, 8);
INSERT INTO album (album_id, artist_id, title, release_year, created_at) VALUES (547, 271, 'Synergized dynamic support', 1973, NOW());
INSERT INTO song (song_id, album_id, name, duration_seconds, bpm, track_number) VALUES (4161, 547, 'Project political', 194, 180, 1);
INSERT INTO song (song_id, album_id, name, duration_seconds, bpm, track_number) VALUES (4162, 547, 'Age', 288, 124, 2);
INSERT INTO song (song_id, album_id, name, duration_seconds, bpm, track_number) VALUES (4163, 547, 'Tough meet factor easy', 198, 80, 3);
INSERT INTO song (song_id, album_id, name, duration_seconds, bpm, track_number) VALUES (4164, 547, 'Industry', 228, 133, 4);
INSERT INTO song (song_id, album_id, name, duration_seconds, bpm, track_number) VALUES (4165, 547, 'Everything challenge', 474, 94, 5);
INSERT INTO song (song_id, album_id, name, duration_seconds, bpm, track_number) VALUES (4166, 547, 'Before animal', 138, 75, 6);
INSERT INTO song (song_id, album_id, name, duration_seconds, bpm, track_number) VALUES (4167, 547, 'Plan', 455, 82, 7);
INSERT INTO song (song_id, album_id, name, duration_seconds, bpm, track_number) VALUES (4168, 547, 'Type', 315, 120, 8);
INSERT INTO song (song_id, album_id, name, duration_seconds, bpm, track_number) VALUES (4169, 547, 'Beautiful position', 415, 114, 9);
INSERT INTO song (song_id, album_id, name, duration_seconds, bpm, track_number) VALUES (4170, 547, 'Book many team sport', 158, 90, 10);
INSERT INTO album (album_id, artist_id, title, release_year, created_at) VALUES (548, 272, 'Multi-lateral systemic workforce', 1999, NOW());
INSERT INTO song (song_id, album_id, name, duration_seconds, bpm, track_number) VALUES (4171, 548, 'Any special', 417, 155, 1);
INSERT INTO song (song_id, album_id, name, duration_seconds, bpm, track_number) VALUES (4172, 548, 'Theory', 177, 156, 2);
INSERT INTO song (song_id, album_id, name, duration_seconds, bpm, track_number) VALUES (4173, 548, 'Responsibility', 247, 144, 3);
INSERT INTO song (song_id, album_id, name, duration_seconds, bpm, track_number) VALUES (4174, 548, 'Help own science that', 410, 169, 4);
INSERT INTO song (song_id, album_id, name, duration_seconds, bpm, track_number) VALUES (4175, 548, 'Entire billion', 412, 61, 5);
INSERT INTO song (song_id, album_id, name, duration_seconds, bpm, track_number) VALUES (4176, 548, 'Majority', 144, 83, 6);
INSERT INTO song (song_id, album_id, name, duration_seconds, bpm, track_number) VALUES (4177, 548, 'Door', 404, 77, 7);
INSERT INTO album (album_id, artist_id, title, release_year, created_at) VALUES (549, 272, 'Switchable bandwidth-monitored matrix', 1998, NOW());
INSERT INTO song (song_id, album_id, name, duration_seconds, bpm, track_number) VALUES (4178, 549, 'Evening left analysis security', 262, 102, 1);
INSERT INTO song (song_id, album_id, name, duration_seconds, bpm, track_number) VALUES (4179, 549, 'Already', 275, 90, 2);
INSERT INTO song (song_id, album_id, name, duration_seconds, bpm, track_number) VALUES (4180, 549, 'Five', 356, 171, 3);
INSERT INTO song (song_id, album_id, name, duration_seconds, bpm, track_number) VALUES (4181, 549, 'Seven suddenly worry', 274, 71, 4);
INSERT INTO song (song_id, album_id, name, duration_seconds, bpm, track_number) VALUES (4182, 549, 'Recognize', 432, 73, 5);
INSERT INTO song (song_id, album_id, name, duration_seconds, bpm, track_number) VALUES (4183, 549, 'Task Democrat', 286, 126, 6);
INSERT INTO song (song_id, album_id, name, duration_seconds, bpm, track_number) VALUES (4184, 549, 'Think finish', 459, 102, 7);
INSERT INTO album (album_id, artist_id, title, release_year, created_at) VALUES (550, 273, 'Face-to-face background knowledge user', 1988, NOW());
INSERT INTO song (song_id, album_id, name, duration_seconds, bpm, track_number) VALUES (4185, 550, 'Ask', 448, 139, 1);
INSERT INTO song (song_id, album_id, name, duration_seconds, bpm, track_number) VALUES (4186, 550, 'Option', 309, 150, 2);
INSERT INTO song (song_id, album_id, name, duration_seconds, bpm, track_number) VALUES (4187, 550, 'Particularly drive author', 153, 106, 3);
INSERT INTO song (song_id, album_id, name, duration_seconds, bpm, track_number) VALUES (4188, 550, 'Third happen laugh determine', 209, 148, 4);
INSERT INTO song (song_id, album_id, name, duration_seconds, bpm, track_number) VALUES (4189, 550, 'Spend', 377, 120, 5);
INSERT INTO song (song_id, album_id, name, duration_seconds, bpm, track_number) VALUES (4190, 550, 'Provide safe middle', 355, 141, 6);
INSERT INTO song (song_id, album_id, name, duration_seconds, bpm, track_number) VALUES (4191, 550, 'Want with agreement', 210, 146, 7);
INSERT INTO song (song_id, album_id, name, duration_seconds, bpm, track_number) VALUES (4192, 550, 'Need south along', 464, 87, 8);
INSERT INTO song (song_id, album_id, name, duration_seconds, bpm, track_number) VALUES (4193, 550, 'Develop improve', 258, 135, 9);
INSERT INTO album (album_id, artist_id, title, release_year, created_at) VALUES (551, 274, 'De-engineered methodical Graphical User Interface', 1996, NOW());
INSERT INTO song (song_id, album_id, name, duration_seconds, bpm, track_number) VALUES (4194, 551, 'By factor', 446, 63, 1);
INSERT INTO song (song_id, album_id, name, duration_seconds, bpm, track_number) VALUES (4195, 551, 'Human', 424, 98, 2);
INSERT INTO song (song_id, album_id, name, duration_seconds, bpm, track_number) VALUES (4196, 551, 'Produce', 403, 133, 3);
INSERT INTO song (song_id, album_id, name, duration_seconds, bpm, track_number) VALUES (4197, 551, 'Here', 386, 134, 4);
INSERT INTO song (song_id, album_id, name, duration_seconds, bpm, track_number) VALUES (4198, 551, 'Down', 223, 68, 5);
INSERT INTO song (song_id, album_id, name, duration_seconds, bpm, track_number) VALUES (4199, 551, 'Any', 477, 125, 6);
INSERT INTO song (song_id, album_id, name, duration_seconds, bpm, track_number) VALUES (4200, 551, 'Court beat', 472, 162, 7);
INSERT INTO song (song_id, album_id, name, duration_seconds, bpm, track_number) VALUES (4201, 551, 'Firm', 258, 139, 8);
INSERT INTO album (album_id, artist_id, title, release_year, created_at) VALUES (552, 275, 'Function-based national toolset', 2023, NOW());
INSERT INTO song (song_id, album_id, name, duration_seconds, bpm, track_number) VALUES (4202, 552, 'Front', 135, 62, 1);
INSERT INTO song (song_id, album_id, name, duration_seconds, bpm, track_number) VALUES (4203, 552, 'Base college mother', 461, 116, 2);
INSERT INTO song (song_id, album_id, name, duration_seconds, bpm, track_number) VALUES (4204, 552, 'Place describe be occur', 144, 68, 3);
INSERT INTO song (song_id, album_id, name, duration_seconds, bpm, track_number) VALUES (4205, 552, 'Picture', 456, 147, 4);
INSERT INTO song (song_id, album_id, name, duration_seconds, bpm, track_number) VALUES (4206, 552, 'Off', 449, 175, 5);
INSERT INTO song (song_id, album_id, name, duration_seconds, bpm, track_number) VALUES (4207, 552, 'Drive candidate several mention', 379, 167, 6);
INSERT INTO song (song_id, album_id, name, duration_seconds, bpm, track_number) VALUES (4208, 552, 'Bit those rock fall improve', 399, 130, 7);
INSERT INTO song (song_id, album_id, name, duration_seconds, bpm, track_number) VALUES (4209, 552, 'Lawyer', 377, 118, 8);
INSERT INTO song (song_id, album_id, name, duration_seconds, bpm, track_number) VALUES (4210, 552, 'It rock', 364, 103, 9);
INSERT INTO album (album_id, artist_id, title, release_year, created_at) VALUES (553, 276, 'Total exuding leverage', 1977, NOW());
INSERT INTO song (song_id, album_id, name, duration_seconds, bpm, track_number) VALUES (4211, 553, 'I ground sit', 277, 140, 1);
INSERT INTO song (song_id, album_id, name, duration_seconds, bpm, track_number) VALUES (4212, 553, 'Than senior cultural score', 168, 74, 2);
INSERT INTO song (song_id, album_id, name, duration_seconds, bpm, track_number) VALUES (4213, 553, 'Discussion', 466, 65, 3);
INSERT INTO song (song_id, album_id, name, duration_seconds, bpm, track_number) VALUES (4214, 553, 'Follow deep so', 239, 175, 4);
INSERT INTO song (song_id, album_id, name, duration_seconds, bpm, track_number) VALUES (4215, 553, 'Oil agency', 346, 130, 5);
INSERT INTO song (song_id, album_id, name, duration_seconds, bpm, track_number) VALUES (4216, 553, 'Fly', 392, 123, 6);
INSERT INTO song (song_id, album_id, name, duration_seconds, bpm, track_number) VALUES (4217, 553, 'Yard big again', 320, 136, 7);
INSERT INTO album (album_id, artist_id, title, release_year, created_at) VALUES (554, 276, 'Managed upward-trending benchmark', 2005, NOW());
INSERT INTO song (song_id, album_id, name, duration_seconds, bpm, track_number) VALUES (4218, 554, 'Travel', 278, 159, 1);
INSERT INTO song (song_id, album_id, name, duration_seconds, bpm, track_number) VALUES (4219, 554, 'Instead enough pass', 339, 169, 2);
INSERT INTO song (song_id, album_id, name, duration_seconds, bpm, track_number) VALUES (4220, 554, 'Of', 160, 148, 3);
INSERT INTO song (song_id, album_id, name, duration_seconds, bpm, track_number) VALUES (4221, 554, 'Rule wonder', 210, 101, 4);
INSERT INTO song (song_id, album_id, name, duration_seconds, bpm, track_number) VALUES (4222, 554, 'Agent', 289, 86, 5);
INSERT INTO album (album_id, artist_id, title, release_year, created_at) VALUES (555, 277, 'Upgradable responsive paradigm', 1975, NOW());
INSERT INTO song (song_id, album_id, name, duration_seconds, bpm, track_number) VALUES (4223, 555, 'Play', 296, 118, 1);
INSERT INTO song (song_id, album_id, name, duration_seconds, bpm, track_number) VALUES (4224, 555, 'Stage', 454, 70, 2);
INSERT INTO song (song_id, album_id, name, duration_seconds, bpm, track_number) VALUES (4225, 555, 'Truth history tonight end', 477, 109, 3);
INSERT INTO song (song_id, album_id, name, duration_seconds, bpm, track_number) VALUES (4226, 555, 'Design begin receive', 142, 99, 4);
INSERT INTO song (song_id, album_id, name, duration_seconds, bpm, track_number) VALUES (4227, 555, 'Project recent', 334, 112, 5);
INSERT INTO album (album_id, artist_id, title, release_year, created_at) VALUES (556, 277, 'Stand-alone web-enabled productivity', 1991, NOW());
INSERT INTO song (song_id, album_id, name, duration_seconds, bpm, track_number) VALUES (4228, 556, 'Space', 448, 74, 1);
INSERT INTO song (song_id, album_id, name, duration_seconds, bpm, track_number) VALUES (4229, 556, 'Decision myself customer', 353, 114, 2);
INSERT INTO song (song_id, album_id, name, duration_seconds, bpm, track_number) VALUES (4230, 556, 'Training speech', 280, 149, 3);
INSERT INTO song (song_id, album_id, name, duration_seconds, bpm, track_number) VALUES (4231, 556, 'The identify per', 413, 68, 4);
INSERT INTO song (song_id, album_id, name, duration_seconds, bpm, track_number) VALUES (4232, 556, 'Charge', 349, 71, 5);
INSERT INTO song (song_id, album_id, name, duration_seconds, bpm, track_number) VALUES (4233, 556, 'Lot future', 325, 117, 6);
INSERT INTO song (song_id, album_id, name, duration_seconds, bpm, track_number) VALUES (4234, 556, 'Physical choose', 383, 156, 7);
INSERT INTO album (album_id, artist_id, title, release_year, created_at) VALUES (557, 278, 'Operative systemic core', 1970, NOW());
INSERT INTO song (song_id, album_id, name, duration_seconds, bpm, track_number) VALUES (4235, 557, 'Pick arm bill', 459, 175, 1);
INSERT INTO song (song_id, album_id, name, duration_seconds, bpm, track_number) VALUES (4236, 557, 'Rich as product', 390, 147, 2);
INSERT INTO song (song_id, album_id, name, duration_seconds, bpm, track_number) VALUES (4237, 557, 'During', 155, 134, 3);
INSERT INTO song (song_id, album_id, name, duration_seconds, bpm, track_number) VALUES (4238, 557, 'Avoid', 266, 89, 4);
INSERT INTO song (song_id, album_id, name, duration_seconds, bpm, track_number) VALUES (4239, 557, 'Memory summer hundred', 387, 118, 5);
INSERT INTO song (song_id, album_id, name, duration_seconds, bpm, track_number) VALUES (4240, 557, 'Kind', 318, 140, 6);
INSERT INTO song (song_id, album_id, name, duration_seconds, bpm, track_number) VALUES (4241, 557, 'Lose', 215, 156, 7);
INSERT INTO song (song_id, album_id, name, duration_seconds, bpm, track_number) VALUES (4242, 557, 'Agent science part', 179, 75, 8);
INSERT INTO song (song_id, album_id, name, duration_seconds, bpm, track_number) VALUES (4243, 557, 'This agree', 413, 172, 9);
INSERT INTO album (album_id, artist_id, title, release_year, created_at) VALUES (558, 278, 'Focused secondary benchmark', 1991, NOW());
INSERT INTO song (song_id, album_id, name, duration_seconds, bpm, track_number) VALUES (4244, 558, 'Production', 187, 95, 1);
INSERT INTO song (song_id, album_id, name, duration_seconds, bpm, track_number) VALUES (4245, 558, 'Write art safe ten', 349, 60, 2);
INSERT INTO song (song_id, album_id, name, duration_seconds, bpm, track_number) VALUES (4246, 558, 'Travel with nation', 466, 100, 3);
INSERT INTO song (song_id, album_id, name, duration_seconds, bpm, track_number) VALUES (4247, 558, 'Agreement most card very', 465, 161, 4);
INSERT INTO song (song_id, album_id, name, duration_seconds, bpm, track_number) VALUES (4248, 558, 'Do learn', 434, 166, 5);
INSERT INTO song (song_id, album_id, name, duration_seconds, bpm, track_number) VALUES (4249, 558, 'Bar', 339, 112, 6);
INSERT INTO song (song_id, album_id, name, duration_seconds, bpm, track_number) VALUES (4250, 558, 'Challenge', 153, 97, 7);
INSERT INTO album (album_id, artist_id, title, release_year, created_at) VALUES (559, 278, 'Self-enabling bi-directional Local Area Network', 2010, NOW());
INSERT INTO song (song_id, album_id, name, duration_seconds, bpm, track_number) VALUES (4251, 559, 'Page', 182, 74, 1);
INSERT INTO song (song_id, album_id, name, duration_seconds, bpm, track_number) VALUES (4252, 559, 'Performance laugh its', 131, 146, 2);
INSERT INTO song (song_id, album_id, name, duration_seconds, bpm, track_number) VALUES (4253, 559, 'Degree', 166, 91, 3);
INSERT INTO song (song_id, album_id, name, duration_seconds, bpm, track_number) VALUES (4254, 559, 'Modern', 199, 162, 4);
INSERT INTO song (song_id, album_id, name, duration_seconds, bpm, track_number) VALUES (4255, 559, 'Easy', 272, 133, 5);
INSERT INTO song (song_id, album_id, name, duration_seconds, bpm, track_number) VALUES (4256, 559, 'Walk police require', 461, 165, 6);
INSERT INTO song (song_id, album_id, name, duration_seconds, bpm, track_number) VALUES (4257, 559, 'Other color nature thing growth', 454, 97, 7);
INSERT INTO song (song_id, album_id, name, duration_seconds, bpm, track_number) VALUES (4258, 559, 'Seat', 162, 139, 8);
INSERT INTO album (album_id, artist_id, title, release_year, created_at) VALUES (560, 279, 'Multi-lateral zero administration open system', 2012, NOW());
INSERT INTO song (song_id, album_id, name, duration_seconds, bpm, track_number) VALUES (4259, 560, 'Meet foreign leave', 149, 158, 1);
INSERT INTO song (song_id, album_id, name, duration_seconds, bpm, track_number) VALUES (4260, 560, 'Since', 304, 97, 2);
INSERT INTO song (song_id, album_id, name, duration_seconds, bpm, track_number) VALUES (4261, 560, 'Decade', 151, 131, 3);
INSERT INTO song (song_id, album_id, name, duration_seconds, bpm, track_number) VALUES (4262, 560, 'Leader attack girl', 381, 166, 4);
INSERT INTO song (song_id, album_id, name, duration_seconds, bpm, track_number) VALUES (4263, 560, 'Alone', 166, 77, 5);
INSERT INTO song (song_id, album_id, name, duration_seconds, bpm, track_number) VALUES (4264, 560, 'Of', 331, 91, 6);
INSERT INTO album (album_id, artist_id, title, release_year, created_at) VALUES (561, 279, 'Distributed bottom-line time-frame', 1977, NOW());
INSERT INTO song (song_id, album_id, name, duration_seconds, bpm, track_number) VALUES (4265, 561, 'Poor', 177, 97, 1);
INSERT INTO song (song_id, album_id, name, duration_seconds, bpm, track_number) VALUES (4266, 561, 'Before well matter', 162, 178, 2);
INSERT INTO song (song_id, album_id, name, duration_seconds, bpm, track_number) VALUES (4267, 561, 'Try', 477, 76, 3);
INSERT INTO song (song_id, album_id, name, duration_seconds, bpm, track_number) VALUES (4268, 561, 'Student', 344, 121, 4);
INSERT INTO song (song_id, album_id, name, duration_seconds, bpm, track_number) VALUES (4269, 561, 'Budget admit garden', 324, 68, 5);
INSERT INTO song (song_id, album_id, name, duration_seconds, bpm, track_number) VALUES (4270, 561, 'Least address skin visit try', 326, 123, 6);
INSERT INTO song (song_id, album_id, name, duration_seconds, bpm, track_number) VALUES (4271, 561, 'Walk', 140, 180, 7);
INSERT INTO album (album_id, artist_id, title, release_year, created_at) VALUES (562, 280, 'Open-architected object-oriented implementation', 2019, NOW());
INSERT INTO song (song_id, album_id, name, duration_seconds, bpm, track_number) VALUES (4272, 562, 'Remember citizen', 328, 75, 1);
INSERT INTO song (song_id, album_id, name, duration_seconds, bpm, track_number) VALUES (4273, 562, 'Part', 351, 109, 2);
INSERT INTO song (song_id, album_id, name, duration_seconds, bpm, track_number) VALUES (4274, 562, 'Manager', 419, 65, 3);
INSERT INTO song (song_id, album_id, name, duration_seconds, bpm, track_number) VALUES (4275, 562, 'Western', 402, 163, 4);
INSERT INTO song (song_id, album_id, name, duration_seconds, bpm, track_number) VALUES (4276, 562, 'Type impact', 433, 97, 5);
INSERT INTO song (song_id, album_id, name, duration_seconds, bpm, track_number) VALUES (4277, 562, 'Six individual opportunity', 279, 138, 6);
INSERT INTO album (album_id, artist_id, title, release_year, created_at) VALUES (563, 281, 'Focused logistical contingency', 1979, NOW());
INSERT INTO song (song_id, album_id, name, duration_seconds, bpm, track_number) VALUES (4278, 563, 'Eat soon', 389, 93, 1);
INSERT INTO song (song_id, album_id, name, duration_seconds, bpm, track_number) VALUES (4279, 563, 'Forward', 395, 109, 2);
INSERT INTO song (song_id, album_id, name, duration_seconds, bpm, track_number) VALUES (4280, 563, 'Type night door trouble', 255, 157, 3);
INSERT INTO song (song_id, album_id, name, duration_seconds, bpm, track_number) VALUES (4281, 563, 'Keep', 352, 87, 4);
INSERT INTO song (song_id, album_id, name, duration_seconds, bpm, track_number) VALUES (4282, 563, 'Majority time finish', 355, 126, 5);
INSERT INTO song (song_id, album_id, name, duration_seconds, bpm, track_number) VALUES (4283, 563, 'Let poor', 318, 109, 6);
INSERT INTO song (song_id, album_id, name, duration_seconds, bpm, track_number) VALUES (4284, 563, 'Item', 267, 67, 7);
INSERT INTO album (album_id, artist_id, title, release_year, created_at) VALUES (564, 281, 'Self-enabling explicit Graphic Interface', 2011, NOW());
INSERT INTO song (song_id, album_id, name, duration_seconds, bpm, track_number) VALUES (4285, 564, 'Raise with direction', 195, 111, 1);
INSERT INTO song (song_id, album_id, name, duration_seconds, bpm, track_number) VALUES (4286, 564, 'Edge west', 219, 114, 2);
INSERT INTO song (song_id, album_id, name, duration_seconds, bpm, track_number) VALUES (4287, 564, 'Table cause', 162, 176, 3);
INSERT INTO song (song_id, album_id, name, duration_seconds, bpm, track_number) VALUES (4288, 564, 'Anyone', 309, 169, 4);
INSERT INTO song (song_id, album_id, name, duration_seconds, bpm, track_number) VALUES (4289, 564, 'Out whatever', 381, 78, 5);
INSERT INTO song (song_id, album_id, name, duration_seconds, bpm, track_number) VALUES (4290, 564, 'Protect', 351, 158, 6);
INSERT INTO song (song_id, album_id, name, duration_seconds, bpm, track_number) VALUES (4291, 564, 'Support', 432, 154, 7);
INSERT INTO song (song_id, album_id, name, duration_seconds, bpm, track_number) VALUES (4292, 564, 'Eight action author any', 326, 165, 8);
INSERT INTO song (song_id, album_id, name, duration_seconds, bpm, track_number) VALUES (4293, 564, 'Indicate as', 212, 123, 9);
INSERT INTO song (song_id, album_id, name, duration_seconds, bpm, track_number) VALUES (4294, 564, 'Feel', 195, 116, 10);
INSERT INTO album (album_id, artist_id, title, release_year, created_at) VALUES (565, 281, 'Ergonomic next generation policy', 2013, NOW());
INSERT INTO song (song_id, album_id, name, duration_seconds, bpm, track_number) VALUES (4295, 565, 'Movie', 477, 87, 1);
INSERT INTO song (song_id, album_id, name, duration_seconds, bpm, track_number) VALUES (4296, 565, 'Audience threat forget', 388, 177, 2);
INSERT INTO song (song_id, album_id, name, duration_seconds, bpm, track_number) VALUES (4297, 565, 'Phone', 269, 154, 3);
INSERT INTO song (song_id, album_id, name, duration_seconds, bpm, track_number) VALUES (4298, 565, 'Only week', 231, 62, 4);
INSERT INTO song (song_id, album_id, name, duration_seconds, bpm, track_number) VALUES (4299, 565, 'Hard', 339, 154, 5);
INSERT INTO album (album_id, artist_id, title, release_year, created_at) VALUES (566, 282, 'Sharable heuristic migration', 1980, NOW());
INSERT INTO song (song_id, album_id, name, duration_seconds, bpm, track_number) VALUES (4300, 566, 'Sign sound', 124, 60, 1);
INSERT INTO song (song_id, album_id, name, duration_seconds, bpm, track_number) VALUES (4301, 566, 'Record whether gas', 408, 135, 2);
INSERT INTO song (song_id, album_id, name, duration_seconds, bpm, track_number) VALUES (4302, 566, 'Church', 206, 109, 3);
INSERT INTO song (song_id, album_id, name, duration_seconds, bpm, track_number) VALUES (4303, 566, 'Focus mouth change', 270, 109, 4);
INSERT INTO song (song_id, album_id, name, duration_seconds, bpm, track_number) VALUES (4304, 566, 'Meet', 161, 133, 5);
INSERT INTO song (song_id, album_id, name, duration_seconds, bpm, track_number) VALUES (4305, 566, 'Citizen', 479, 128, 6);
INSERT INTO song (song_id, album_id, name, duration_seconds, bpm, track_number) VALUES (4306, 566, 'Ask your sit prepare', 135, 144, 7);
INSERT INTO song (song_id, album_id, name, duration_seconds, bpm, track_number) VALUES (4307, 566, 'Behavior', 142, 110, 8);
INSERT INTO song (song_id, album_id, name, duration_seconds, bpm, track_number) VALUES (4308, 566, 'Member star', 212, 85, 9);
INSERT INTO song (song_id, album_id, name, duration_seconds, bpm, track_number) VALUES (4309, 566, 'Financial', 162, 96, 10);
INSERT INTO album (album_id, artist_id, title, release_year, created_at) VALUES (567, 282, 'Persevering next generation monitoring', 2025, NOW());
INSERT INTO song (song_id, album_id, name, duration_seconds, bpm, track_number) VALUES (4310, 567, 'Wind', 286, 139, 1);
INSERT INTO song (song_id, album_id, name, duration_seconds, bpm, track_number) VALUES (4311, 567, 'These call', 327, 116, 2);
INSERT INTO song (song_id, album_id, name, duration_seconds, bpm, track_number) VALUES (4312, 567, 'Just public', 217, 133, 3);
INSERT INTO song (song_id, album_id, name, duration_seconds, bpm, track_number) VALUES (4313, 567, 'Approach doctor', 363, 161, 4);
INSERT INTO song (song_id, album_id, name, duration_seconds, bpm, track_number) VALUES (4314, 567, 'Either cold', 248, 81, 5);
INSERT INTO song (song_id, album_id, name, duration_seconds, bpm, track_number) VALUES (4315, 567, 'Operation', 321, 62, 6);
INSERT INTO song (song_id, album_id, name, duration_seconds, bpm, track_number) VALUES (4316, 567, 'Practice project president', 180, 65, 7);
INSERT INTO album (album_id, artist_id, title, release_year, created_at) VALUES (568, 282, 'Optional 6thgeneration application', 2003, NOW());
INSERT INTO song (song_id, album_id, name, duration_seconds, bpm, track_number) VALUES (4317, 568, 'Maintain', 303, 87, 1);
INSERT INTO song (song_id, album_id, name, duration_seconds, bpm, track_number) VALUES (4318, 568, 'Gas', 464, 98, 2);
INSERT INTO song (song_id, album_id, name, duration_seconds, bpm, track_number) VALUES (4319, 568, 'Eight', 401, 133, 3);
INSERT INTO song (song_id, album_id, name, duration_seconds, bpm, track_number) VALUES (4320, 568, 'Beat', 388, 160, 4);
INSERT INTO song (song_id, album_id, name, duration_seconds, bpm, track_number) VALUES (4321, 568, 'Gas fact line', 401, 90, 5);
INSERT INTO song (song_id, album_id, name, duration_seconds, bpm, track_number) VALUES (4322, 568, 'Single station defense', 303, 70, 6);
INSERT INTO song (song_id, album_id, name, duration_seconds, bpm, track_number) VALUES (4323, 568, 'Security theory the throughout somebody', 185, 175, 7);
INSERT INTO song (song_id, album_id, name, duration_seconds, bpm, track_number) VALUES (4324, 568, 'Discover', 245, 128, 8);
INSERT INTO song (song_id, album_id, name, duration_seconds, bpm, track_number) VALUES (4325, 568, 'Throw', 340, 153, 9);
INSERT INTO album (album_id, artist_id, title, release_year, created_at) VALUES (569, 283, 'Reverse-engineered 6thgeneration success', 2022, NOW());
INSERT INTO song (song_id, album_id, name, duration_seconds, bpm, track_number) VALUES (4326, 569, 'Drive', 281, 73, 1);
INSERT INTO song (song_id, album_id, name, duration_seconds, bpm, track_number) VALUES (4327, 569, 'Although at', 402, 136, 2);
INSERT INTO song (song_id, album_id, name, duration_seconds, bpm, track_number) VALUES (4328, 569, 'As information yet energy and', 159, 130, 3);
INSERT INTO song (song_id, album_id, name, duration_seconds, bpm, track_number) VALUES (4329, 569, 'Million', 174, 122, 4);
INSERT INTO song (song_id, album_id, name, duration_seconds, bpm, track_number) VALUES (4330, 569, 'Entire gas', 227, 73, 5);
INSERT INTO song (song_id, album_id, name, duration_seconds, bpm, track_number) VALUES (4331, 569, 'Part our', 221, 102, 6);
INSERT INTO song (song_id, album_id, name, duration_seconds, bpm, track_number) VALUES (4332, 569, 'Professional thing easy hard', 460, 165, 7);
INSERT INTO song (song_id, album_id, name, duration_seconds, bpm, track_number) VALUES (4333, 569, 'Stay arm', 413, 115, 8);
INSERT INTO song (song_id, album_id, name, duration_seconds, bpm, track_number) VALUES (4334, 569, 'Local', 243, 94, 9);
INSERT INTO album (album_id, artist_id, title, release_year, created_at) VALUES (570, 283, 'Progressive mobile intranet', 2025, NOW());
INSERT INTO song (song_id, album_id, name, duration_seconds, bpm, track_number) VALUES (4335, 570, 'Everything very low thousand', 212, 89, 1);
INSERT INTO song (song_id, album_id, name, duration_seconds, bpm, track_number) VALUES (4336, 570, 'Less', 262, 73, 2);
INSERT INTO song (song_id, album_id, name, duration_seconds, bpm, track_number) VALUES (4337, 570, 'Clear', 125, 167, 3);
INSERT INTO song (song_id, album_id, name, duration_seconds, bpm, track_number) VALUES (4338, 570, 'Hot cell form language glass', 291, 148, 4);
INSERT INTO song (song_id, album_id, name, duration_seconds, bpm, track_number) VALUES (4339, 570, 'Husband ever though industry', 279, 161, 5);
INSERT INTO song (song_id, album_id, name, duration_seconds, bpm, track_number) VALUES (4340, 570, 'Under', 280, 135, 6);
INSERT INTO song (song_id, album_id, name, duration_seconds, bpm, track_number) VALUES (4341, 570, 'Home life mind girl', 321, 126, 7);
INSERT INTO song (song_id, album_id, name, duration_seconds, bpm, track_number) VALUES (4342, 570, 'Seven', 177, 85, 8);
INSERT INTO song (song_id, album_id, name, duration_seconds, bpm, track_number) VALUES (4343, 570, 'Car report source prove', 468, 155, 9);
INSERT INTO song (song_id, album_id, name, duration_seconds, bpm, track_number) VALUES (4344, 570, 'Trial', 243, 173, 10);
INSERT INTO album (album_id, artist_id, title, release_year, created_at) VALUES (571, 283, 'Pre-emptive systematic parallelism', 1975, NOW());
INSERT INTO song (song_id, album_id, name, duration_seconds, bpm, track_number) VALUES (4345, 571, 'Amount these name', 141, 101, 1);
INSERT INTO song (song_id, album_id, name, duration_seconds, bpm, track_number) VALUES (4346, 571, 'Policy focus particular', 363, 174, 2);
INSERT INTO song (song_id, album_id, name, duration_seconds, bpm, track_number) VALUES (4347, 571, 'Over factor deep', 202, 165, 3);
INSERT INTO song (song_id, album_id, name, duration_seconds, bpm, track_number) VALUES (4348, 571, 'Popular free but', 338, 139, 4);
INSERT INTO song (song_id, album_id, name, duration_seconds, bpm, track_number) VALUES (4349, 571, 'Republican', 452, 141, 5);
INSERT INTO song (song_id, album_id, name, duration_seconds, bpm, track_number) VALUES (4350, 571, 'Despite perhaps concern able blue', 120, 142, 6);
INSERT INTO song (song_id, album_id, name, duration_seconds, bpm, track_number) VALUES (4351, 571, 'Attack', 187, 130, 7);
INSERT INTO song (song_id, album_id, name, duration_seconds, bpm, track_number) VALUES (4352, 571, 'New', 323, 150, 8);
INSERT INTO album (album_id, artist_id, title, release_year, created_at) VALUES (572, 284, 'Operative clear-thinking help-desk', 2011, NOW());
INSERT INTO song (song_id, album_id, name, duration_seconds, bpm, track_number) VALUES (4353, 572, 'Anything', 198, 68, 1);
INSERT INTO song (song_id, album_id, name, duration_seconds, bpm, track_number) VALUES (4354, 572, 'Take', 322, 173, 2);
INSERT INTO song (song_id, album_id, name, duration_seconds, bpm, track_number) VALUES (4355, 572, 'Difference learn wife', 291, 119, 3);
INSERT INTO song (song_id, album_id, name, duration_seconds, bpm, track_number) VALUES (4356, 572, 'There from manager', 390, 70, 4);
INSERT INTO song (song_id, album_id, name, duration_seconds, bpm, track_number) VALUES (4357, 572, 'Pull short store', 177, 173, 5);
INSERT INTO album (album_id, artist_id, title, release_year, created_at) VALUES (573, 285, 'Optimized static synergy', 2014, NOW());
INSERT INTO song (song_id, album_id, name, duration_seconds, bpm, track_number) VALUES (4358, 573, 'Personal', 190, 124, 1);
INSERT INTO song (song_id, album_id, name, duration_seconds, bpm, track_number) VALUES (4359, 573, 'Particularly become us', 285, 118, 2);
INSERT INTO song (song_id, album_id, name, duration_seconds, bpm, track_number) VALUES (4360, 573, 'Read seat ten first', 339, 173, 3);
INSERT INTO song (song_id, album_id, name, duration_seconds, bpm, track_number) VALUES (4361, 573, 'Allow learn establish', 332, 109, 4);
INSERT INTO song (song_id, album_id, name, duration_seconds, bpm, track_number) VALUES (4362, 573, 'Wait actually offer range', 265, 129, 5);
INSERT INTO song (song_id, album_id, name, duration_seconds, bpm, track_number) VALUES (4363, 573, 'Beautiful', 188, 158, 6);
INSERT INTO song (song_id, album_id, name, duration_seconds, bpm, track_number) VALUES (4364, 573, 'Stay', 422, 138, 7);
INSERT INTO song (song_id, album_id, name, duration_seconds, bpm, track_number) VALUES (4365, 573, 'Life public', 238, 158, 8);
INSERT INTO song (song_id, album_id, name, duration_seconds, bpm, track_number) VALUES (4366, 573, 'Small city', 308, 158, 9);
INSERT INTO song (song_id, album_id, name, duration_seconds, bpm, track_number) VALUES (4367, 573, 'Large interest', 152, 158, 10);
INSERT INTO album (album_id, artist_id, title, release_year, created_at) VALUES (574, 285, 'Stand-alone 5thgeneration application', 1977, NOW());
INSERT INTO song (song_id, album_id, name, duration_seconds, bpm, track_number) VALUES (4368, 574, 'Food support', 432, 137, 1);
INSERT INTO song (song_id, album_id, name, duration_seconds, bpm, track_number) VALUES (4369, 574, 'Air', 470, 125, 2);
INSERT INTO song (song_id, album_id, name, duration_seconds, bpm, track_number) VALUES (4370, 574, 'Cold at program gun', 304, 125, 3);
INSERT INTO song (song_id, album_id, name, duration_seconds, bpm, track_number) VALUES (4371, 574, 'Meet', 317, 77, 4);
INSERT INTO song (song_id, album_id, name, duration_seconds, bpm, track_number) VALUES (4372, 574, 'Accept', 306, 165, 5);
INSERT INTO song (song_id, album_id, name, duration_seconds, bpm, track_number) VALUES (4373, 574, 'Amount', 466, 115, 6);
INSERT INTO song (song_id, album_id, name, duration_seconds, bpm, track_number) VALUES (4374, 574, 'Safe into', 312, 91, 7);
INSERT INTO song (song_id, album_id, name, duration_seconds, bpm, track_number) VALUES (4375, 574, 'Southern', 365, 176, 8);
INSERT INTO song (song_id, album_id, name, duration_seconds, bpm, track_number) VALUES (4376, 574, 'They determine event', 387, 162, 9);
INSERT INTO song (song_id, album_id, name, duration_seconds, bpm, track_number) VALUES (4377, 574, 'With', 411, 175, 10);
INSERT INTO album (album_id, artist_id, title, release_year, created_at) VALUES (575, 285, 'Secured impactful middleware', 2022, NOW());
INSERT INTO song (song_id, album_id, name, duration_seconds, bpm, track_number) VALUES (4378, 575, 'Professional part', 284, 72, 1);
INSERT INTO song (song_id, album_id, name, duration_seconds, bpm, track_number) VALUES (4379, 575, 'General use their', 250, 126, 2);
INSERT INTO song (song_id, album_id, name, duration_seconds, bpm, track_number) VALUES (4380, 575, 'Parent its', 218, 85, 3);
INSERT INTO song (song_id, album_id, name, duration_seconds, bpm, track_number) VALUES (4381, 575, 'Last', 141, 104, 4);
INSERT INTO song (song_id, album_id, name, duration_seconds, bpm, track_number) VALUES (4382, 575, 'Involve', 341, 98, 5);
INSERT INTO song (song_id, album_id, name, duration_seconds, bpm, track_number) VALUES (4383, 575, 'Strong', 301, 82, 6);
INSERT INTO song (song_id, album_id, name, duration_seconds, bpm, track_number) VALUES (4384, 575, 'Sea business', 471, 76, 7);
INSERT INTO song (song_id, album_id, name, duration_seconds, bpm, track_number) VALUES (4385, 575, 'Trip wish go', 314, 164, 8);
INSERT INTO song (song_id, album_id, name, duration_seconds, bpm, track_number) VALUES (4386, 575, 'How senior', 177, 74, 9);
INSERT INTO song (song_id, album_id, name, duration_seconds, bpm, track_number) VALUES (4387, 575, 'Blue', 269, 112, 10);
INSERT INTO album (album_id, artist_id, title, release_year, created_at) VALUES (576, 286, 'Focused composite paradigm', 1986, NOW());
INSERT INTO song (song_id, album_id, name, duration_seconds, bpm, track_number) VALUES (4388, 576, 'Time drug', 130, 138, 1);
INSERT INTO song (song_id, album_id, name, duration_seconds, bpm, track_number) VALUES (4389, 576, 'Education', 399, 60, 2);
INSERT INTO song (song_id, album_id, name, duration_seconds, bpm, track_number) VALUES (4390, 576, 'Perhaps', 126, 128, 3);
INSERT INTO song (song_id, album_id, name, duration_seconds, bpm, track_number) VALUES (4391, 576, 'Each civil', 410, 175, 4);
INSERT INTO song (song_id, album_id, name, duration_seconds, bpm, track_number) VALUES (4392, 576, 'Congress', 301, 162, 5);
INSERT INTO song (song_id, album_id, name, duration_seconds, bpm, track_number) VALUES (4393, 576, 'Pretty sign their owner often', 254, 139, 6);
INSERT INTO song (song_id, album_id, name, duration_seconds, bpm, track_number) VALUES (4394, 576, 'More', 178, 154, 7);
INSERT INTO song (song_id, album_id, name, duration_seconds, bpm, track_number) VALUES (4395, 576, 'Everyone firm manager', 280, 90, 8);
INSERT INTO album (album_id, artist_id, title, release_year, created_at) VALUES (577, 286, 'Distributed static neural-net', 1984, NOW());
INSERT INTO song (song_id, album_id, name, duration_seconds, bpm, track_number) VALUES (4396, 577, 'Interview', 362, 85, 1);
INSERT INTO song (song_id, album_id, name, duration_seconds, bpm, track_number) VALUES (4397, 577, 'Really win', 441, 125, 2);
INSERT INTO song (song_id, album_id, name, duration_seconds, bpm, track_number) VALUES (4398, 577, 'Build', 241, 149, 3);
INSERT INTO song (song_id, album_id, name, duration_seconds, bpm, track_number) VALUES (4399, 577, 'Feeling free worker those', 474, 65, 4);
INSERT INTO song (song_id, album_id, name, duration_seconds, bpm, track_number) VALUES (4400, 577, 'Record according off tax', 358, 105, 5);
INSERT INTO song (song_id, album_id, name, duration_seconds, bpm, track_number) VALUES (4401, 577, 'Father hand', 283, 105, 6);
INSERT INTO album (album_id, artist_id, title, release_year, created_at) VALUES (578, 286, 'Optional intermediate moratorium', 2015, NOW());
INSERT INTO song (song_id, album_id, name, duration_seconds, bpm, track_number) VALUES (4402, 578, 'Director', 415, 106, 1);
INSERT INTO song (song_id, album_id, name, duration_seconds, bpm, track_number) VALUES (4403, 578, 'However your', 247, 75, 2);
INSERT INTO song (song_id, album_id, name, duration_seconds, bpm, track_number) VALUES (4404, 578, 'Key', 326, 152, 3);
INSERT INTO song (song_id, album_id, name, duration_seconds, bpm, track_number) VALUES (4405, 578, 'Operation', 256, 81, 4);
INSERT INTO song (song_id, album_id, name, duration_seconds, bpm, track_number) VALUES (4406, 578, 'Enjoy poor way', 191, 134, 5);
INSERT INTO song (song_id, album_id, name, duration_seconds, bpm, track_number) VALUES (4407, 578, 'Trouble great gas', 417, 103, 6);
INSERT INTO album (album_id, artist_id, title, release_year, created_at) VALUES (579, 287, 'Stand-alone human-resource system engine', 1974, NOW());
INSERT INTO song (song_id, album_id, name, duration_seconds, bpm, track_number) VALUES (4408, 579, 'East', 355, 149, 1);
INSERT INTO song (song_id, album_id, name, duration_seconds, bpm, track_number) VALUES (4409, 579, 'Year beautiful serve', 153, 151, 2);
INSERT INTO song (song_id, album_id, name, duration_seconds, bpm, track_number) VALUES (4410, 579, 'Dinner', 314, 108, 3);
INSERT INTO song (song_id, album_id, name, duration_seconds, bpm, track_number) VALUES (4411, 579, 'Develop letter represent trip', 136, 91, 4);
INSERT INTO song (song_id, album_id, name, duration_seconds, bpm, track_number) VALUES (4412, 579, 'Style', 143, 116, 5);
INSERT INTO song (song_id, album_id, name, duration_seconds, bpm, track_number) VALUES (4413, 579, 'Speak Mr tell', 186, 102, 6);
INSERT INTO album (album_id, artist_id, title, release_year, created_at) VALUES (580, 287, 'Enhanced 5thgeneration synergy', 2000, NOW());
INSERT INTO song (song_id, album_id, name, duration_seconds, bpm, track_number) VALUES (4414, 580, 'Prove', 242, 119, 1);
INSERT INTO song (song_id, album_id, name, duration_seconds, bpm, track_number) VALUES (4415, 580, 'Republican activity many', 120, 125, 2);
INSERT INTO song (song_id, album_id, name, duration_seconds, bpm, track_number) VALUES (4416, 580, 'Right', 203, 100, 3);
INSERT INTO song (song_id, album_id, name, duration_seconds, bpm, track_number) VALUES (4417, 580, 'Return', 453, 90, 4);
INSERT INTO song (song_id, album_id, name, duration_seconds, bpm, track_number) VALUES (4418, 580, 'Travel', 165, 90, 5);
INSERT INTO song (song_id, album_id, name, duration_seconds, bpm, track_number) VALUES (4419, 580, 'Pay', 476, 138, 6);
INSERT INTO song (song_id, album_id, name, duration_seconds, bpm, track_number) VALUES (4420, 580, 'Although', 139, 107, 7);
INSERT INTO song (song_id, album_id, name, duration_seconds, bpm, track_number) VALUES (4421, 580, 'Visit nearly', 289, 91, 8);
INSERT INTO song (song_id, album_id, name, duration_seconds, bpm, track_number) VALUES (4422, 580, 'Common forget side clear name', 255, 137, 9);
INSERT INTO song (song_id, album_id, name, duration_seconds, bpm, track_number) VALUES (4423, 580, 'Leg', 414, 120, 10);
INSERT INTO album (album_id, artist_id, title, release_year, created_at) VALUES (581, 287, 'Adaptive radical archive', 1977, NOW());
INSERT INTO song (song_id, album_id, name, duration_seconds, bpm, track_number) VALUES (4424, 581, 'Institution', 200, 170, 1);
INSERT INTO song (song_id, album_id, name, duration_seconds, bpm, track_number) VALUES (4425, 581, 'Green', 341, 94, 2);
INSERT INTO song (song_id, album_id, name, duration_seconds, bpm, track_number) VALUES (4426, 581, 'Then show feel', 428, 109, 3);
INSERT INTO song (song_id, album_id, name, duration_seconds, bpm, track_number) VALUES (4427, 581, 'Successful garden enjoy', 369, 136, 4);
INSERT INTO song (song_id, album_id, name, duration_seconds, bpm, track_number) VALUES (4428, 581, 'Front view', 211, 100, 5);
INSERT INTO song (song_id, album_id, name, duration_seconds, bpm, track_number) VALUES (4429, 581, 'Treat network', 318, 130, 6);
INSERT INTO song (song_id, album_id, name, duration_seconds, bpm, track_number) VALUES (4430, 581, 'Little sea represent sell somebody', 445, 160, 7);
INSERT INTO song (song_id, album_id, name, duration_seconds, bpm, track_number) VALUES (4431, 581, 'Address paper listen', 125, 139, 8);
INSERT INTO song (song_id, album_id, name, duration_seconds, bpm, track_number) VALUES (4432, 581, 'Drive cultural house program', 163, 62, 9);
INSERT INTO album (album_id, artist_id, title, release_year, created_at) VALUES (582, 288, 'Balanced content-based initiative', 1972, NOW());
INSERT INTO song (song_id, album_id, name, duration_seconds, bpm, track_number) VALUES (4433, 582, 'Factor out him', 170, 174, 1);
INSERT INTO song (song_id, album_id, name, duration_seconds, bpm, track_number) VALUES (4434, 582, 'Along another', 349, 160, 2);
INSERT INTO song (song_id, album_id, name, duration_seconds, bpm, track_number) VALUES (4435, 582, 'Father', 429, 153, 3);
INSERT INTO song (song_id, album_id, name, duration_seconds, bpm, track_number) VALUES (4436, 582, 'Current', 280, 149, 4);
INSERT INTO song (song_id, album_id, name, duration_seconds, bpm, track_number) VALUES (4437, 582, 'Only', 188, 113, 5);
INSERT INTO song (song_id, album_id, name, duration_seconds, bpm, track_number) VALUES (4438, 582, 'Event child former network', 404, 150, 6);
INSERT INTO song (song_id, album_id, name, duration_seconds, bpm, track_number) VALUES (4439, 582, 'Rule chance', 129, 126, 7);
INSERT INTO song (song_id, album_id, name, duration_seconds, bpm, track_number) VALUES (4440, 582, 'Upon see', 250, 165, 8);
INSERT INTO song (song_id, album_id, name, duration_seconds, bpm, track_number) VALUES (4441, 582, 'Item way list', 294, 106, 9);
INSERT INTO album (album_id, artist_id, title, release_year, created_at) VALUES (583, 288, 'Public-key analyzing secured line', 1998, NOW());
INSERT INTO song (song_id, album_id, name, duration_seconds, bpm, track_number) VALUES (4442, 583, 'Financial', 284, 123, 1);
INSERT INTO song (song_id, album_id, name, duration_seconds, bpm, track_number) VALUES (4443, 583, 'Hair', 198, 102, 2);
INSERT INTO song (song_id, album_id, name, duration_seconds, bpm, track_number) VALUES (4444, 583, 'Generation', 388, 111, 3);
INSERT INTO song (song_id, album_id, name, duration_seconds, bpm, track_number) VALUES (4445, 583, 'Media', 326, 63, 4);
INSERT INTO song (song_id, album_id, name, duration_seconds, bpm, track_number) VALUES (4446, 583, 'Official', 185, 165, 5);
INSERT INTO song (song_id, album_id, name, duration_seconds, bpm, track_number) VALUES (4447, 583, 'Small score card one', 274, 88, 6);
INSERT INTO song (song_id, album_id, name, duration_seconds, bpm, track_number) VALUES (4448, 583, 'Scientist media political', 258, 65, 7);
INSERT INTO song (song_id, album_id, name, duration_seconds, bpm, track_number) VALUES (4449, 583, 'Thank', 241, 176, 8);
INSERT INTO album (album_id, artist_id, title, release_year, created_at) VALUES (584, 289, 'Optimized intermediate customer loyalty', 2006, NOW());
INSERT INTO song (song_id, album_id, name, duration_seconds, bpm, track_number) VALUES (4450, 584, 'Study', 293, 118, 1);
INSERT INTO song (song_id, album_id, name, duration_seconds, bpm, track_number) VALUES (4451, 584, 'Mind avoid chance after', 302, 156, 2);
INSERT INTO song (song_id, album_id, name, duration_seconds, bpm, track_number) VALUES (4452, 584, 'Do politics speech', 251, 86, 3);
INSERT INTO song (song_id, album_id, name, duration_seconds, bpm, track_number) VALUES (4453, 584, 'Senior', 468, 172, 4);
INSERT INTO song (song_id, album_id, name, duration_seconds, bpm, track_number) VALUES (4454, 584, 'Prevent others', 454, 160, 5);
INSERT INTO song (song_id, album_id, name, duration_seconds, bpm, track_number) VALUES (4455, 584, 'Apply must read discuss', 280, 67, 6);
INSERT INTO song (song_id, album_id, name, duration_seconds, bpm, track_number) VALUES (4456, 584, 'Movie production explain', 290, 126, 7);
INSERT INTO song (song_id, album_id, name, duration_seconds, bpm, track_number) VALUES (4457, 584, 'Group', 322, 128, 8);
INSERT INTO song (song_id, album_id, name, duration_seconds, bpm, track_number) VALUES (4458, 584, 'Partner floor story', 267, 151, 9);
INSERT INTO song (song_id, album_id, name, duration_seconds, bpm, track_number) VALUES (4459, 584, 'Senior', 224, 106, 10);
INSERT INTO album (album_id, artist_id, title, release_year, created_at) VALUES (585, 289, 'Integrated incremental website', 1976, NOW());
INSERT INTO song (song_id, album_id, name, duration_seconds, bpm, track_number) VALUES (4460, 585, 'Agency', 417, 70, 1);
INSERT INTO song (song_id, album_id, name, duration_seconds, bpm, track_number) VALUES (4461, 585, 'Sport director', 255, 81, 2);
INSERT INTO song (song_id, album_id, name, duration_seconds, bpm, track_number) VALUES (4462, 585, 'Note purpose', 240, 128, 3);
INSERT INTO song (song_id, album_id, name, duration_seconds, bpm, track_number) VALUES (4463, 585, 'Age and heavy', 415, 72, 4);
INSERT INTO song (song_id, album_id, name, duration_seconds, bpm, track_number) VALUES (4464, 585, 'Write hold child', 249, 164, 5);
INSERT INTO album (album_id, artist_id, title, release_year, created_at) VALUES (586, 289, 'Reduced attitude-oriented Local Area Network', 1995, NOW());
INSERT INTO song (song_id, album_id, name, duration_seconds, bpm, track_number) VALUES (4465, 586, 'Structure', 415, 144, 1);
INSERT INTO song (song_id, album_id, name, duration_seconds, bpm, track_number) VALUES (4466, 586, 'Section them', 314, 107, 2);
INSERT INTO song (song_id, album_id, name, duration_seconds, bpm, track_number) VALUES (4467, 586, 'Human', 430, 111, 3);
INSERT INTO song (song_id, album_id, name, duration_seconds, bpm, track_number) VALUES (4468, 586, 'Cut success', 372, 90, 4);
INSERT INTO song (song_id, album_id, name, duration_seconds, bpm, track_number) VALUES (4469, 586, 'According back defense hospital mission', 354, 93, 5);
INSERT INTO song (song_id, album_id, name, duration_seconds, bpm, track_number) VALUES (4470, 586, 'Street during', 436, 120, 6);
INSERT INTO song (song_id, album_id, name, duration_seconds, bpm, track_number) VALUES (4471, 586, 'Arrive', 433, 114, 7);
INSERT INTO song (song_id, album_id, name, duration_seconds, bpm, track_number) VALUES (4472, 586, 'Top reflect save realize', 323, 103, 8);
INSERT INTO song (song_id, album_id, name, duration_seconds, bpm, track_number) VALUES (4473, 586, 'Executive despite place', 121, 68, 9);
INSERT INTO album (album_id, artist_id, title, release_year, created_at) VALUES (587, 290, 'Cross-group transitional focus group', 2014, NOW());
INSERT INTO song (song_id, album_id, name, duration_seconds, bpm, track_number) VALUES (4474, 587, 'Condition', 240, 157, 1);
INSERT INTO song (song_id, album_id, name, duration_seconds, bpm, track_number) VALUES (4475, 587, 'Much turn air personal dream', 454, 74, 2);
INSERT INTO song (song_id, album_id, name, duration_seconds, bpm, track_number) VALUES (4476, 587, 'Report little', 281, 174, 3);
INSERT INTO song (song_id, album_id, name, duration_seconds, bpm, track_number) VALUES (4477, 587, 'Peace', 331, 103, 4);
INSERT INTO song (song_id, album_id, name, duration_seconds, bpm, track_number) VALUES (4478, 587, 'Mother', 157, 130, 5);
INSERT INTO album (album_id, artist_id, title, release_year, created_at) VALUES (588, 290, 'Re-engineered maximized customer loyalty', 1983, NOW());
INSERT INTO song (song_id, album_id, name, duration_seconds, bpm, track_number) VALUES (4479, 588, 'Trouble deep would', 285, 148, 1);
INSERT INTO song (song_id, album_id, name, duration_seconds, bpm, track_number) VALUES (4480, 588, 'Mission less bank player should', 387, 86, 2);
INSERT INTO song (song_id, album_id, name, duration_seconds, bpm, track_number) VALUES (4481, 588, 'Especially', 474, 150, 3);
INSERT INTO song (song_id, album_id, name, duration_seconds, bpm, track_number) VALUES (4482, 588, 'Rich', 338, 143, 4);
INSERT INTO song (song_id, album_id, name, duration_seconds, bpm, track_number) VALUES (4483, 588, 'Continue', 202, 144, 5);
INSERT INTO album (album_id, artist_id, title, release_year, created_at) VALUES (589, 291, 'User-friendly 3rdgeneration analyzer', 1996, NOW());
INSERT INTO song (song_id, album_id, name, duration_seconds, bpm, track_number) VALUES (4484, 589, 'Heavy', 225, 169, 1);
INSERT INTO song (song_id, album_id, name, duration_seconds, bpm, track_number) VALUES (4485, 589, 'Probably', 333, 104, 2);
INSERT INTO song (song_id, album_id, name, duration_seconds, bpm, track_number) VALUES (4486, 589, 'Day', 231, 105, 3);
INSERT INTO song (song_id, album_id, name, duration_seconds, bpm, track_number) VALUES (4487, 589, 'Difference fill know heart', 120, 112, 4);
INSERT INTO song (song_id, album_id, name, duration_seconds, bpm, track_number) VALUES (4488, 589, 'Research technology', 472, 113, 5);
INSERT INTO song (song_id, album_id, name, duration_seconds, bpm, track_number) VALUES (4489, 589, 'Professor agree cup', 470, 110, 6);
INSERT INTO song (song_id, album_id, name, duration_seconds, bpm, track_number) VALUES (4490, 589, 'Future laugh', 223, 116, 7);
INSERT INTO song (song_id, album_id, name, duration_seconds, bpm, track_number) VALUES (4491, 589, 'Enter increase perhaps', 129, 135, 8);
INSERT INTO song (song_id, album_id, name, duration_seconds, bpm, track_number) VALUES (4492, 589, 'War', 198, 105, 9);
INSERT INTO song (song_id, album_id, name, duration_seconds, bpm, track_number) VALUES (4493, 589, 'Movie out dark', 341, 109, 10);
INSERT INTO album (album_id, artist_id, title, release_year, created_at) VALUES (590, 291, 'Centralized tangible product', 1987, NOW());
INSERT INTO song (song_id, album_id, name, duration_seconds, bpm, track_number) VALUES (4494, 590, 'Citizen nor', 163, 138, 1);
INSERT INTO song (song_id, album_id, name, duration_seconds, bpm, track_number) VALUES (4495, 590, 'Project', 417, 70, 2);
INSERT INTO song (song_id, album_id, name, duration_seconds, bpm, track_number) VALUES (4496, 590, 'Best enjoy seem', 314, 77, 3);
INSERT INTO song (song_id, album_id, name, duration_seconds, bpm, track_number) VALUES (4497, 590, 'Position even foot', 310, 94, 4);
INSERT INTO song (song_id, album_id, name, duration_seconds, bpm, track_number) VALUES (4498, 590, 'Civil just exist', 293, 102, 5);
INSERT INTO song (song_id, album_id, name, duration_seconds, bpm, track_number) VALUES (4499, 590, 'Hot first cultural soldier', 123, 144, 6);
INSERT INTO song (song_id, album_id, name, duration_seconds, bpm, track_number) VALUES (4500, 590, 'Chance', 136, 124, 7);
INSERT INTO album (album_id, artist_id, title, release_year, created_at) VALUES (591, 291, 'Public-key object-oriented groupware', 1994, NOW());
INSERT INTO song (song_id, album_id, name, duration_seconds, bpm, track_number) VALUES (4501, 591, 'Minute', 203, 82, 1);
INSERT INTO song (song_id, album_id, name, duration_seconds, bpm, track_number) VALUES (4502, 591, 'Affect pressure', 286, 132, 2);
INSERT INTO song (song_id, album_id, name, duration_seconds, bpm, track_number) VALUES (4503, 591, 'Single collection any maybe', 268, 68, 3);
INSERT INTO song (song_id, album_id, name, duration_seconds, bpm, track_number) VALUES (4504, 591, 'Team son', 147, 148, 4);
INSERT INTO song (song_id, album_id, name, duration_seconds, bpm, track_number) VALUES (4505, 591, 'Often six drive late thus', 203, 99, 5);
INSERT INTO album (album_id, artist_id, title, release_year, created_at) VALUES (592, 292, 'Business-focused optimal artificial intelligence', 2013, NOW());
INSERT INTO song (song_id, album_id, name, duration_seconds, bpm, track_number) VALUES (4506, 592, 'Between phone wear', 161, 163, 1);
INSERT INTO song (song_id, album_id, name, duration_seconds, bpm, track_number) VALUES (4507, 592, 'Study fund inside', 479, 85, 2);
INSERT INTO song (song_id, album_id, name, duration_seconds, bpm, track_number) VALUES (4508, 592, 'Take decision', 373, 134, 3);
INSERT INTO song (song_id, album_id, name, duration_seconds, bpm, track_number) VALUES (4509, 592, 'Particular brother', 186, 158, 4);
INSERT INTO song (song_id, album_id, name, duration_seconds, bpm, track_number) VALUES (4510, 592, 'Imagine make place', 262, 120, 5);
INSERT INTO song (song_id, album_id, name, duration_seconds, bpm, track_number) VALUES (4511, 592, 'Congress', 287, 102, 6);
INSERT INTO song (song_id, album_id, name, duration_seconds, bpm, track_number) VALUES (4512, 592, 'Rise north', 430, 129, 7);
INSERT INTO song (song_id, album_id, name, duration_seconds, bpm, track_number) VALUES (4513, 592, 'Large', 276, 143, 8);
INSERT INTO album (album_id, artist_id, title, release_year, created_at) VALUES (593, 292, 'Customizable exuding hub', 1990, NOW());
INSERT INTO song (song_id, album_id, name, duration_seconds, bpm, track_number) VALUES (4514, 593, 'Series', 254, 80, 1);
INSERT INTO song (song_id, album_id, name, duration_seconds, bpm, track_number) VALUES (4515, 593, 'West year', 166, 174, 2);
INSERT INTO song (song_id, album_id, name, duration_seconds, bpm, track_number) VALUES (4516, 593, 'Last', 361, 156, 3);
INSERT INTO song (song_id, album_id, name, duration_seconds, bpm, track_number) VALUES (4517, 593, 'Yes opportunity', 317, 140, 4);
INSERT INTO song (song_id, album_id, name, duration_seconds, bpm, track_number) VALUES (4518, 593, 'Behind', 234, 61, 5);
INSERT INTO song (song_id, album_id, name, duration_seconds, bpm, track_number) VALUES (4519, 593, 'Dream during', 214, 168, 6);
INSERT INTO album (album_id, artist_id, title, release_year, created_at) VALUES (594, 293, 'Multi-layered maximized definition', 2024, NOW());
INSERT INTO song (song_id, album_id, name, duration_seconds, bpm, track_number) VALUES (4520, 594, 'Notice', 175, 87, 1);
INSERT INTO song (song_id, album_id, name, duration_seconds, bpm, track_number) VALUES (4521, 594, 'Score share', 267, 122, 2);
INSERT INTO song (song_id, album_id, name, duration_seconds, bpm, track_number) VALUES (4522, 594, 'Hospital', 466, 177, 3);
INSERT INTO song (song_id, album_id, name, duration_seconds, bpm, track_number) VALUES (4523, 594, 'Thank economy', 337, 157, 4);
INSERT INTO song (song_id, album_id, name, duration_seconds, bpm, track_number) VALUES (4524, 594, 'Fall', 378, 87, 5);
INSERT INTO song (song_id, album_id, name, duration_seconds, bpm, track_number) VALUES (4525, 594, 'Much property', 472, 160, 6);
INSERT INTO song (song_id, album_id, name, duration_seconds, bpm, track_number) VALUES (4526, 594, 'Analysis window effort whom minute', 155, 176, 7);
INSERT INTO song (song_id, album_id, name, duration_seconds, bpm, track_number) VALUES (4527, 594, 'Glass', 208, 77, 8);
INSERT INTO song (song_id, album_id, name, duration_seconds, bpm, track_number) VALUES (4528, 594, 'Wall', 192, 155, 9);
INSERT INTO song (song_id, album_id, name, duration_seconds, bpm, track_number) VALUES (4529, 594, 'Citizen', 465, 133, 10);
INSERT INTO album (album_id, artist_id, title, release_year, created_at) VALUES (595, 293, 'Centralized content-based alliance', 1987, NOW());
INSERT INTO song (song_id, album_id, name, duration_seconds, bpm, track_number) VALUES (4530, 595, 'Information', 362, 63, 1);
INSERT INTO song (song_id, album_id, name, duration_seconds, bpm, track_number) VALUES (4531, 595, 'Experience forget message treat prove', 394, 83, 2);
INSERT INTO song (song_id, album_id, name, duration_seconds, bpm, track_number) VALUES (4532, 595, 'However apply program', 129, 85, 3);
INSERT INTO song (song_id, album_id, name, duration_seconds, bpm, track_number) VALUES (4533, 595, 'Old', 133, 84, 4);
INSERT INTO song (song_id, album_id, name, duration_seconds, bpm, track_number) VALUES (4534, 595, 'Direction', 266, 61, 5);
INSERT INTO song (song_id, album_id, name, duration_seconds, bpm, track_number) VALUES (4535, 595, 'Room', 149, 131, 6);
INSERT INTO album (album_id, artist_id, title, release_year, created_at) VALUES (596, 294, 'Triple-buffered 24/7 adapter', 1995, NOW());
INSERT INTO song (song_id, album_id, name, duration_seconds, bpm, track_number) VALUES (4536, 596, 'Establish hundred', 281, 163, 1);
INSERT INTO song (song_id, album_id, name, duration_seconds, bpm, track_number) VALUES (4537, 596, 'Hit', 284, 77, 2);
INSERT INTO song (song_id, album_id, name, duration_seconds, bpm, track_number) VALUES (4538, 596, 'Almost practice', 346, 175, 3);
INSERT INTO song (song_id, album_id, name, duration_seconds, bpm, track_number) VALUES (4539, 596, 'Military', 424, 140, 4);
INSERT INTO song (song_id, album_id, name, duration_seconds, bpm, track_number) VALUES (4540, 596, 'They add', 283, 152, 5);
INSERT INTO song (song_id, album_id, name, duration_seconds, bpm, track_number) VALUES (4541, 596, 'Word', 223, 115, 6);
INSERT INTO song (song_id, album_id, name, duration_seconds, bpm, track_number) VALUES (4542, 596, 'Remain star difference', 257, 169, 7);
INSERT INTO song (song_id, album_id, name, duration_seconds, bpm, track_number) VALUES (4543, 596, 'Describe whether', 180, 137, 8);
INSERT INTO song (song_id, album_id, name, duration_seconds, bpm, track_number) VALUES (4544, 596, 'Financial century', 201, 79, 9);
INSERT INTO song (song_id, album_id, name, duration_seconds, bpm, track_number) VALUES (4545, 596, 'Service', 152, 124, 10);
INSERT INTO album (album_id, artist_id, title, release_year, created_at) VALUES (597, 294, 'Re-engineered secondary hardware', 2018, NOW());
INSERT INTO song (song_id, album_id, name, duration_seconds, bpm, track_number) VALUES (4546, 597, 'Husband summer final', 412, 169, 1);
INSERT INTO song (song_id, album_id, name, duration_seconds, bpm, track_number) VALUES (4547, 597, 'Adult although laugh', 155, 156, 2);
INSERT INTO song (song_id, album_id, name, duration_seconds, bpm, track_number) VALUES (4548, 597, 'Environment', 317, 117, 3);
INSERT INTO song (song_id, album_id, name, duration_seconds, bpm, track_number) VALUES (4549, 597, 'Case', 325, 176, 4);
INSERT INTO song (song_id, album_id, name, duration_seconds, bpm, track_number) VALUES (4550, 597, 'Detail return', 335, 84, 5);
INSERT INTO song (song_id, album_id, name, duration_seconds, bpm, track_number) VALUES (4551, 597, 'Share name level', 453, 155, 6);
INSERT INTO song (song_id, album_id, name, duration_seconds, bpm, track_number) VALUES (4552, 597, 'Whatever paper', 434, 162, 7);
INSERT INTO album (album_id, artist_id, title, release_year, created_at) VALUES (598, 295, 'Vision-oriented logistical data-warehouse', 1980, NOW());
INSERT INTO song (song_id, album_id, name, duration_seconds, bpm, track_number) VALUES (4553, 598, 'Nothing expert for interesting', 147, 97, 1);
INSERT INTO song (song_id, album_id, name, duration_seconds, bpm, track_number) VALUES (4554, 598, 'Very citizen truth', 255, 150, 2);
INSERT INTO song (song_id, album_id, name, duration_seconds, bpm, track_number) VALUES (4555, 598, 'Stock', 274, 136, 3);
INSERT INTO song (song_id, album_id, name, duration_seconds, bpm, track_number) VALUES (4556, 598, 'Here', 431, 137, 4);
INSERT INTO song (song_id, album_id, name, duration_seconds, bpm, track_number) VALUES (4557, 598, 'Tell', 404, 95, 5);
INSERT INTO song (song_id, album_id, name, duration_seconds, bpm, track_number) VALUES (4558, 598, 'Hear', 379, 109, 6);
INSERT INTO song (song_id, album_id, name, duration_seconds, bpm, track_number) VALUES (4559, 598, 'Modern to', 201, 165, 7);
INSERT INTO song (song_id, album_id, name, duration_seconds, bpm, track_number) VALUES (4560, 598, 'Interest', 400, 135, 8);
INSERT INTO song (song_id, album_id, name, duration_seconds, bpm, track_number) VALUES (4561, 598, 'Until director character finish', 188, 121, 9);
INSERT INTO song (song_id, album_id, name, duration_seconds, bpm, track_number) VALUES (4562, 598, 'A', 361, 96, 10);
INSERT INTO album (album_id, artist_id, title, release_year, created_at) VALUES (599, 295, 'Ergonomic transitional concept', 2015, NOW());
INSERT INTO song (song_id, album_id, name, duration_seconds, bpm, track_number) VALUES (4563, 599, 'Describe property out', 203, 90, 1);
INSERT INTO song (song_id, album_id, name, duration_seconds, bpm, track_number) VALUES (4564, 599, 'Finally painting', 232, 168, 2);
INSERT INTO song (song_id, album_id, name, duration_seconds, bpm, track_number) VALUES (4565, 599, 'Store', 130, 160, 3);
INSERT INTO song (song_id, album_id, name, duration_seconds, bpm, track_number) VALUES (4566, 599, 'Newspaper', 141, 172, 4);
INSERT INTO song (song_id, album_id, name, duration_seconds, bpm, track_number) VALUES (4567, 599, 'Nor know member almost', 210, 108, 5);
INSERT INTO song (song_id, album_id, name, duration_seconds, bpm, track_number) VALUES (4568, 599, 'Another', 310, 99, 6);
INSERT INTO song (song_id, album_id, name, duration_seconds, bpm, track_number) VALUES (4569, 599, 'Specific identify', 359, 81, 7);
INSERT INTO song (song_id, album_id, name, duration_seconds, bpm, track_number) VALUES (4570, 599, 'Challenge almost', 194, 170, 8);
INSERT INTO song (song_id, album_id, name, duration_seconds, bpm, track_number) VALUES (4571, 599, 'Interview', 219, 107, 9);
INSERT INTO song (song_id, album_id, name, duration_seconds, bpm, track_number) VALUES (4572, 599, 'Film', 345, 141, 10);
INSERT INTO album (album_id, artist_id, title, release_year, created_at) VALUES (600, 296, 'Networked discrete array', 1993, NOW());
INSERT INTO song (song_id, album_id, name, duration_seconds, bpm, track_number) VALUES (4573, 600, 'By', 142, 78, 1);
INSERT INTO song (song_id, album_id, name, duration_seconds, bpm, track_number) VALUES (4574, 600, 'More', 389, 145, 2);
INSERT INTO song (song_id, album_id, name, duration_seconds, bpm, track_number) VALUES (4575, 600, 'Make', 431, 133, 3);
INSERT INTO song (song_id, album_id, name, duration_seconds, bpm, track_number) VALUES (4576, 600, 'Challenge', 180, 154, 4);
INSERT INTO song (song_id, album_id, name, duration_seconds, bpm, track_number) VALUES (4577, 600, 'Him toward', 436, 156, 5);
INSERT INTO song (song_id, album_id, name, duration_seconds, bpm, track_number) VALUES (4578, 600, 'Traditional oil', 360, 72, 6);
INSERT INTO song (song_id, album_id, name, duration_seconds, bpm, track_number) VALUES (4579, 600, 'Bring', 183, 117, 7);
INSERT INTO song (song_id, album_id, name, duration_seconds, bpm, track_number) VALUES (4580, 600, 'Region material yourself face', 134, 121, 8);
INSERT INTO song (song_id, album_id, name, duration_seconds, bpm, track_number) VALUES (4581, 600, 'Back', 196, 115, 9);
INSERT INTO album (album_id, artist_id, title, release_year, created_at) VALUES (601, 296, 'Operative systemic alliance', 2019, NOW());
INSERT INTO song (song_id, album_id, name, duration_seconds, bpm, track_number) VALUES (4582, 601, 'Fact', 406, 61, 1);
INSERT INTO song (song_id, album_id, name, duration_seconds, bpm, track_number) VALUES (4583, 601, 'Fact', 124, 167, 2);
INSERT INTO song (song_id, album_id, name, duration_seconds, bpm, track_number) VALUES (4584, 601, 'Fill organization dog', 310, 62, 3);
INSERT INTO song (song_id, album_id, name, duration_seconds, bpm, track_number) VALUES (4585, 601, 'Mrs follow some', 236, 134, 4);
INSERT INTO song (song_id, album_id, name, duration_seconds, bpm, track_number) VALUES (4586, 601, 'Scientist', 380, 170, 5);
INSERT INTO song (song_id, album_id, name, duration_seconds, bpm, track_number) VALUES (4587, 601, 'Article although', 355, 113, 6);
INSERT INTO song (song_id, album_id, name, duration_seconds, bpm, track_number) VALUES (4588, 601, 'Performance drug', 193, 165, 7);
INSERT INTO song (song_id, album_id, name, duration_seconds, bpm, track_number) VALUES (4589, 601, 'Challenge', 344, 111, 8);
INSERT INTO song (song_id, album_id, name, duration_seconds, bpm, track_number) VALUES (4590, 601, 'Usually', 219, 149, 9);
INSERT INTO song (song_id, album_id, name, duration_seconds, bpm, track_number) VALUES (4591, 601, 'Four opportunity hospital peace', 367, 74, 10);
INSERT INTO album (album_id, artist_id, title, release_year, created_at) VALUES (602, 297, 'Managed coherent pricing structure', 2001, NOW());
INSERT INTO song (song_id, album_id, name, duration_seconds, bpm, track_number) VALUES (4592, 602, 'Fact', 293, 106, 1);
INSERT INTO song (song_id, album_id, name, duration_seconds, bpm, track_number) VALUES (4593, 602, 'Course environmental', 303, 171, 2);
INSERT INTO song (song_id, album_id, name, duration_seconds, bpm, track_number) VALUES (4594, 602, 'Interesting our enter', 145, 145, 3);
INSERT INTO song (song_id, album_id, name, duration_seconds, bpm, track_number) VALUES (4595, 602, 'Road population', 205, 167, 4);
INSERT INTO song (song_id, album_id, name, duration_seconds, bpm, track_number) VALUES (4596, 602, 'Cell', 133, 165, 5);
INSERT INTO song (song_id, album_id, name, duration_seconds, bpm, track_number) VALUES (4597, 602, 'Culture', 372, 92, 6);
INSERT INTO song (song_id, album_id, name, duration_seconds, bpm, track_number) VALUES (4598, 602, 'Must own audience Democrat', 397, 102, 7);
INSERT INTO song (song_id, album_id, name, duration_seconds, bpm, track_number) VALUES (4599, 602, 'Ahead', 167, 148, 8);
INSERT INTO song (song_id, album_id, name, duration_seconds, bpm, track_number) VALUES (4600, 602, 'Agreement civil', 281, 112, 9);
INSERT INTO song (song_id, album_id, name, duration_seconds, bpm, track_number) VALUES (4601, 602, 'Amount', 191, 106, 10);
INSERT INTO album (album_id, artist_id, title, release_year, created_at) VALUES (603, 298, 'Optimized exuding architecture', 1978, NOW());
INSERT INTO song (song_id, album_id, name, duration_seconds, bpm, track_number) VALUES (4602, 603, 'List ok', 289, 112, 1);
INSERT INTO song (song_id, album_id, name, duration_seconds, bpm, track_number) VALUES (4603, 603, 'Story', 191, 123, 2);
INSERT INTO song (song_id, album_id, name, duration_seconds, bpm, track_number) VALUES (4604, 603, 'Laugh', 254, 164, 3);
INSERT INTO song (song_id, album_id, name, duration_seconds, bpm, track_number) VALUES (4605, 603, 'Themselves', 339, 166, 4);
INSERT INTO song (song_id, album_id, name, duration_seconds, bpm, track_number) VALUES (4606, 603, 'Rest marriage', 260, 113, 5);
INSERT INTO album (album_id, artist_id, title, release_year, created_at) VALUES (604, 299, 'Function-based disintermediate neural-net', 1986, NOW());
INSERT INTO song (song_id, album_id, name, duration_seconds, bpm, track_number) VALUES (4607, 604, 'Magazine pay protect true', 424, 169, 1);
INSERT INTO song (song_id, album_id, name, duration_seconds, bpm, track_number) VALUES (4608, 604, 'Reach work spring plant per', 306, 126, 2);
INSERT INTO song (song_id, album_id, name, duration_seconds, bpm, track_number) VALUES (4609, 604, 'One represent', 348, 133, 3);
INSERT INTO song (song_id, album_id, name, duration_seconds, bpm, track_number) VALUES (4610, 604, 'Training region', 325, 79, 4);
INSERT INTO song (song_id, album_id, name, duration_seconds, bpm, track_number) VALUES (4611, 604, 'Some', 202, 83, 5);
INSERT INTO song (song_id, album_id, name, duration_seconds, bpm, track_number) VALUES (4612, 604, 'Scientist once', 236, 80, 6);
INSERT INTO song (song_id, album_id, name, duration_seconds, bpm, track_number) VALUES (4613, 604, 'Opportunity', 244, 63, 7);
INSERT INTO song (song_id, album_id, name, duration_seconds, bpm, track_number) VALUES (4614, 604, 'Later', 201, 148, 8);
INSERT INTO song (song_id, album_id, name, duration_seconds, bpm, track_number) VALUES (4615, 604, 'Name call', 471, 130, 9);
INSERT INTO song (song_id, album_id, name, duration_seconds, bpm, track_number) VALUES (4616, 604, 'Carry base', 282, 124, 10);
INSERT INTO album (album_id, artist_id, title, release_year, created_at) VALUES (605, 300, 'Multi-lateral executive model', 2008, NOW());
INSERT INTO song (song_id, album_id, name, duration_seconds, bpm, track_number) VALUES (4617, 605, 'Just between but', 411, 101, 1);
INSERT INTO song (song_id, album_id, name, duration_seconds, bpm, track_number) VALUES (4618, 605, 'Machine dinner even', 399, 130, 2);
INSERT INTO song (song_id, album_id, name, duration_seconds, bpm, track_number) VALUES (4619, 605, 'Impact level', 221, 138, 3);
INSERT INTO song (song_id, album_id, name, duration_seconds, bpm, track_number) VALUES (4620, 605, 'Since', 409, 127, 4);
INSERT INTO song (song_id, album_id, name, duration_seconds, bpm, track_number) VALUES (4621, 605, 'Will', 290, 105, 5);
INSERT INTO song (song_id, album_id, name, duration_seconds, bpm, track_number) VALUES (4622, 605, 'Institution', 353, 110, 6);
INSERT INTO song (song_id, album_id, name, duration_seconds, bpm, track_number) VALUES (4623, 605, 'Training need', 477, 144, 7);
INSERT INTO album (album_id, artist_id, title, release_year, created_at) VALUES (606, 300, 'Object-based 24/7 definition', 2019, NOW());
INSERT INTO song (song_id, album_id, name, duration_seconds, bpm, track_number) VALUES (4624, 606, 'International', 347, 152, 1);
INSERT INTO song (song_id, album_id, name, duration_seconds, bpm, track_number) VALUES (4625, 606, 'Yes say', 456, 125, 2);
INSERT INTO song (song_id, album_id, name, duration_seconds, bpm, track_number) VALUES (4626, 606, 'Forget', 222, 102, 3);
INSERT INTO song (song_id, album_id, name, duration_seconds, bpm, track_number) VALUES (4627, 606, 'None', 476, 171, 4);
INSERT INTO song (song_id, album_id, name, duration_seconds, bpm, track_number) VALUES (4628, 606, 'Explain', 148, 95, 5);
INSERT INTO song (song_id, album_id, name, duration_seconds, bpm, track_number) VALUES (4629, 606, 'Return', 289, 141, 6);
INSERT INTO song (song_id, album_id, name, duration_seconds, bpm, track_number) VALUES (4630, 606, 'Ten parent', 429, 131, 7);
INSERT INTO song (song_id, album_id, name, duration_seconds, bpm, track_number) VALUES (4631, 606, 'Throughout west within', 150, 153, 8);
INSERT INTO album (album_id, artist_id, title, release_year, created_at) VALUES (607, 301, 'Profound even-keeled support', 2014, NOW());
INSERT INTO song (song_id, album_id, name, duration_seconds, bpm, track_number) VALUES (4632, 607, 'Kitchen', 409, 80, 1);
INSERT INTO song (song_id, album_id, name, duration_seconds, bpm, track_number) VALUES (4633, 607, 'Capital', 257, 76, 2);
INSERT INTO song (song_id, album_id, name, duration_seconds, bpm, track_number) VALUES (4634, 607, 'Investment', 304, 149, 3);
INSERT INTO song (song_id, album_id, name, duration_seconds, bpm, track_number) VALUES (4635, 607, 'Across', 376, 163, 4);
INSERT INTO song (song_id, album_id, name, duration_seconds, bpm, track_number) VALUES (4636, 607, 'My machine', 126, 126, 5);
INSERT INTO album (album_id, artist_id, title, release_year, created_at) VALUES (608, 301, 'Programmable grid-enabled policy', 1995, NOW());
INSERT INTO song (song_id, album_id, name, duration_seconds, bpm, track_number) VALUES (4637, 608, 'Daughter', 198, 116, 1);
INSERT INTO song (song_id, album_id, name, duration_seconds, bpm, track_number) VALUES (4638, 608, 'Raise responsibility always', 373, 81, 2);
INSERT INTO song (song_id, album_id, name, duration_seconds, bpm, track_number) VALUES (4639, 608, 'Avoid do that', 248, 95, 3);
INSERT INTO song (song_id, album_id, name, duration_seconds, bpm, track_number) VALUES (4640, 608, 'Management toward', 202, 129, 4);
INSERT INTO song (song_id, album_id, name, duration_seconds, bpm, track_number) VALUES (4641, 608, 'Oil military left', 252, 84, 5);
INSERT INTO song (song_id, album_id, name, duration_seconds, bpm, track_number) VALUES (4642, 608, 'Reduce', 195, 120, 6);
INSERT INTO song (song_id, album_id, name, duration_seconds, bpm, track_number) VALUES (4643, 608, 'She store usually', 129, 130, 7);
INSERT INTO song (song_id, album_id, name, duration_seconds, bpm, track_number) VALUES (4644, 608, 'Service assume probably', 164, 93, 8);
INSERT INTO song (song_id, album_id, name, duration_seconds, bpm, track_number) VALUES (4645, 608, 'None', 225, 99, 9);
INSERT INTO song (song_id, album_id, name, duration_seconds, bpm, track_number) VALUES (4646, 608, 'Fire become operation deal', 473, 169, 10);
INSERT INTO album (album_id, artist_id, title, release_year, created_at) VALUES (609, 302, 'Universal cohesive artificial intelligence', 1989, NOW());
INSERT INTO song (song_id, album_id, name, duration_seconds, bpm, track_number) VALUES (4647, 609, 'Then', 306, 82, 1);
INSERT INTO song (song_id, album_id, name, duration_seconds, bpm, track_number) VALUES (4648, 609, 'Style customer figure bring', 239, 176, 2);
INSERT INTO song (song_id, album_id, name, duration_seconds, bpm, track_number) VALUES (4649, 609, 'Woman', 179, 117, 3);
INSERT INTO song (song_id, album_id, name, duration_seconds, bpm, track_number) VALUES (4650, 609, 'Agency program', 315, 150, 4);
INSERT INTO song (song_id, album_id, name, duration_seconds, bpm, track_number) VALUES (4651, 609, 'Better', 331, 126, 5);
INSERT INTO album (album_id, artist_id, title, release_year, created_at) VALUES (610, 302, 'Horizontal radical help-desk', 2011, NOW());
INSERT INTO song (song_id, album_id, name, duration_seconds, bpm, track_number) VALUES (4652, 610, 'Do year', 223, 116, 1);
INSERT INTO song (song_id, album_id, name, duration_seconds, bpm, track_number) VALUES (4653, 610, 'Six movie', 194, 143, 2);
INSERT INTO song (song_id, album_id, name, duration_seconds, bpm, track_number) VALUES (4654, 610, 'Popular spend', 195, 115, 3);
INSERT INTO song (song_id, album_id, name, duration_seconds, bpm, track_number) VALUES (4655, 610, 'Ok', 205, 107, 4);
INSERT INTO song (song_id, album_id, name, duration_seconds, bpm, track_number) VALUES (4656, 610, 'True many', 176, 163, 5);
INSERT INTO song (song_id, album_id, name, duration_seconds, bpm, track_number) VALUES (4657, 610, 'Treatment', 175, 164, 6);
INSERT INTO song (song_id, album_id, name, duration_seconds, bpm, track_number) VALUES (4658, 610, 'Director voice', 258, 103, 7);
INSERT INTO song (song_id, album_id, name, duration_seconds, bpm, track_number) VALUES (4659, 610, 'Card', 416, 133, 8);
INSERT INTO song (song_id, album_id, name, duration_seconds, bpm, track_number) VALUES (4660, 610, 'Health', 188, 95, 9);
INSERT INTO song (song_id, album_id, name, duration_seconds, bpm, track_number) VALUES (4661, 610, 'Check with', 299, 141, 10);
INSERT INTO album (album_id, artist_id, title, release_year, created_at) VALUES (611, 303, 'Inverse optimizing benchmark', 1980, NOW());
INSERT INTO song (song_id, album_id, name, duration_seconds, bpm, track_number) VALUES (4662, 611, 'Keep', 224, 149, 1);
INSERT INTO song (song_id, album_id, name, duration_seconds, bpm, track_number) VALUES (4663, 611, 'Population', 139, 166, 2);
INSERT INTO song (song_id, album_id, name, duration_seconds, bpm, track_number) VALUES (4664, 611, 'Mother', 185, 161, 3);
INSERT INTO song (song_id, album_id, name, duration_seconds, bpm, track_number) VALUES (4665, 611, 'For partner life current add', 221, 85, 4);
INSERT INTO song (song_id, album_id, name, duration_seconds, bpm, track_number) VALUES (4666, 611, 'Pattern', 230, 80, 5);
INSERT INTO song (song_id, album_id, name, duration_seconds, bpm, track_number) VALUES (4667, 611, 'Must far', 431, 162, 6);
INSERT INTO song (song_id, album_id, name, duration_seconds, bpm, track_number) VALUES (4668, 611, 'Sign church', 178, 154, 7);
INSERT INTO album (album_id, artist_id, title, release_year, created_at) VALUES (612, 304, 'Reverse-engineered fresh-thinking application', 1998, NOW());
INSERT INTO song (song_id, album_id, name, duration_seconds, bpm, track_number) VALUES (4669, 612, 'Well', 242, 64, 1);
INSERT INTO song (song_id, album_id, name, duration_seconds, bpm, track_number) VALUES (4670, 612, 'Someone true consumer', 399, 149, 2);
INSERT INTO song (song_id, album_id, name, duration_seconds, bpm, track_number) VALUES (4671, 612, 'Drop everything', 149, 89, 3);
INSERT INTO song (song_id, album_id, name, duration_seconds, bpm, track_number) VALUES (4672, 612, 'Item hour', 340, 66, 4);
INSERT INTO song (song_id, album_id, name, duration_seconds, bpm, track_number) VALUES (4673, 612, 'Name', 243, 121, 5);
INSERT INTO song (song_id, album_id, name, duration_seconds, bpm, track_number) VALUES (4674, 612, 'Black listen gun', 246, 179, 6);
INSERT INTO album (album_id, artist_id, title, release_year, created_at) VALUES (613, 305, 'Multi-tiered impactful neural-net', 1977, NOW());
INSERT INTO song (song_id, album_id, name, duration_seconds, bpm, track_number) VALUES (4675, 613, 'Particularly article service', 217, 119, 1);
INSERT INTO song (song_id, album_id, name, duration_seconds, bpm, track_number) VALUES (4676, 613, 'Six subject', 141, 118, 2);
INSERT INTO song (song_id, album_id, name, duration_seconds, bpm, track_number) VALUES (4677, 613, 'Rate send should', 368, 61, 3);
INSERT INTO song (song_id, album_id, name, duration_seconds, bpm, track_number) VALUES (4678, 613, 'Process position', 203, 140, 4);
INSERT INTO song (song_id, album_id, name, duration_seconds, bpm, track_number) VALUES (4679, 613, 'Different', 214, 78, 5);
INSERT INTO song (song_id, album_id, name, duration_seconds, bpm, track_number) VALUES (4680, 613, 'Spend', 432, 78, 6);
INSERT INTO song (song_id, album_id, name, duration_seconds, bpm, track_number) VALUES (4681, 613, 'Series', 166, 67, 7);
INSERT INTO song (song_id, album_id, name, duration_seconds, bpm, track_number) VALUES (4682, 613, 'Foreign suggest interest', 425, 65, 8);
INSERT INTO song (song_id, album_id, name, duration_seconds, bpm, track_number) VALUES (4683, 613, 'Especially enough sport truth', 465, 134, 9);
INSERT INTO album (album_id, artist_id, title, release_year, created_at) VALUES (614, 305, 'Inverse static collaboration', 2002, NOW());
INSERT INTO song (song_id, album_id, name, duration_seconds, bpm, track_number) VALUES (4684, 614, 'World', 476, 68, 1);
INSERT INTO song (song_id, album_id, name, duration_seconds, bpm, track_number) VALUES (4685, 614, 'Control', 378, 69, 2);
INSERT INTO song (song_id, album_id, name, duration_seconds, bpm, track_number) VALUES (4686, 614, 'Sound', 271, 73, 3);
INSERT INTO song (song_id, album_id, name, duration_seconds, bpm, track_number) VALUES (4687, 614, 'Point scientist movie', 274, 175, 4);
INSERT INTO song (song_id, album_id, name, duration_seconds, bpm, track_number) VALUES (4688, 614, 'Movement', 123, 123, 5);
INSERT INTO song (song_id, album_id, name, duration_seconds, bpm, track_number) VALUES (4689, 614, 'Power', 306, 143, 6);
INSERT INTO song (song_id, album_id, name, duration_seconds, bpm, track_number) VALUES (4690, 614, 'Left whatever', 248, 71, 7);
INSERT INTO album (album_id, artist_id, title, release_year, created_at) VALUES (615, 305, 'Adaptive web-enabled extranet', 2003, NOW());
INSERT INTO song (song_id, album_id, name, duration_seconds, bpm, track_number) VALUES (4691, 615, 'Itself what Mrs lead with', 346, 123, 1);
INSERT INTO song (song_id, album_id, name, duration_seconds, bpm, track_number) VALUES (4692, 615, 'Child cause at', 244, 128, 2);
INSERT INTO song (song_id, album_id, name, duration_seconds, bpm, track_number) VALUES (4693, 615, 'You risk hair', 231, 69, 3);
INSERT INTO song (song_id, album_id, name, duration_seconds, bpm, track_number) VALUES (4694, 615, 'Occur offer', 174, 175, 4);
INSERT INTO song (song_id, album_id, name, duration_seconds, bpm, track_number) VALUES (4695, 615, 'Little', 272, 119, 5);
INSERT INTO song (song_id, album_id, name, duration_seconds, bpm, track_number) VALUES (4696, 615, 'Goal', 463, 80, 6);
INSERT INTO song (song_id, album_id, name, duration_seconds, bpm, track_number) VALUES (4697, 615, 'Different', 138, 112, 7);
INSERT INTO song (song_id, album_id, name, duration_seconds, bpm, track_number) VALUES (4698, 615, 'Report', 274, 120, 8);
INSERT INTO album (album_id, artist_id, title, release_year, created_at) VALUES (616, 306, 'Adaptive 24/7 open system', 1981, NOW());
INSERT INTO song (song_id, album_id, name, duration_seconds, bpm, track_number) VALUES (4699, 616, 'Sea throughout while', 416, 100, 1);
INSERT INTO song (song_id, album_id, name, duration_seconds, bpm, track_number) VALUES (4700, 616, 'Couple government reach campaign', 412, 176, 2);
INSERT INTO song (song_id, album_id, name, duration_seconds, bpm, track_number) VALUES (4701, 616, 'Material treatment', 377, 97, 3);
INSERT INTO song (song_id, album_id, name, duration_seconds, bpm, track_number) VALUES (4702, 616, 'Might image', 415, 65, 4);
INSERT INTO song (song_id, album_id, name, duration_seconds, bpm, track_number) VALUES (4703, 616, 'Tax seek compare listen', 201, 174, 5);
INSERT INTO song (song_id, album_id, name, duration_seconds, bpm, track_number) VALUES (4704, 616, 'Participant', 348, 125, 6);
INSERT INTO song (song_id, album_id, name, duration_seconds, bpm, track_number) VALUES (4705, 616, 'Military answer', 361, 80, 7);
INSERT INTO song (song_id, album_id, name, duration_seconds, bpm, track_number) VALUES (4706, 616, 'Both', 311, 100, 8);
INSERT INTO song (song_id, album_id, name, duration_seconds, bpm, track_number) VALUES (4707, 616, 'Effect research computer leader', 477, 137, 9);
INSERT INTO album (album_id, artist_id, title, release_year, created_at) VALUES (617, 307, 'Vision-oriented empowering strategy', 1997, NOW());
INSERT INTO song (song_id, album_id, name, duration_seconds, bpm, track_number) VALUES (4708, 617, 'Ten which change', 205, 121, 1);
INSERT INTO song (song_id, album_id, name, duration_seconds, bpm, track_number) VALUES (4709, 617, 'Late', 428, 168, 2);
INSERT INTO song (song_id, album_id, name, duration_seconds, bpm, track_number) VALUES (4710, 617, 'Movement radio tax end', 313, 81, 3);
INSERT INTO song (song_id, album_id, name, duration_seconds, bpm, track_number) VALUES (4711, 617, 'Religious film', 184, 160, 4);
INSERT INTO song (song_id, album_id, name, duration_seconds, bpm, track_number) VALUES (4712, 617, 'Own', 387, 89, 5);
INSERT INTO song (song_id, album_id, name, duration_seconds, bpm, track_number) VALUES (4713, 617, 'Feel decide', 365, 151, 6);
INSERT INTO song (song_id, album_id, name, duration_seconds, bpm, track_number) VALUES (4714, 617, 'Site southern allow couple', 468, 126, 7);
INSERT INTO song (song_id, album_id, name, duration_seconds, bpm, track_number) VALUES (4715, 617, 'Morning wall military', 419, 173, 8);
INSERT INTO album (album_id, artist_id, title, release_year, created_at) VALUES (618, 308, 'Universal heuristic architecture', 2018, NOW());
INSERT INTO song (song_id, album_id, name, duration_seconds, bpm, track_number) VALUES (4716, 618, 'Shoulder its threat', 433, 119, 1);
INSERT INTO song (song_id, album_id, name, duration_seconds, bpm, track_number) VALUES (4717, 618, 'Without amount last', 234, 102, 2);
INSERT INTO song (song_id, album_id, name, duration_seconds, bpm, track_number) VALUES (4718, 618, 'Computer', 273, 61, 3);
INSERT INTO song (song_id, album_id, name, duration_seconds, bpm, track_number) VALUES (4719, 618, 'Deep', 156, 83, 4);
INSERT INTO song (song_id, album_id, name, duration_seconds, bpm, track_number) VALUES (4720, 618, 'Republican difficult', 385, 118, 5);
INSERT INTO song (song_id, album_id, name, duration_seconds, bpm, track_number) VALUES (4721, 618, 'Car', 235, 176, 6);
INSERT INTO album (album_id, artist_id, title, release_year, created_at) VALUES (619, 308, 'Inverse dynamic extranet', 2021, NOW());
INSERT INTO song (song_id, album_id, name, duration_seconds, bpm, track_number) VALUES (4722, 619, 'Five', 125, 87, 1);
INSERT INTO song (song_id, album_id, name, duration_seconds, bpm, track_number) VALUES (4723, 619, 'Line', 387, 129, 2);
INSERT INTO song (song_id, album_id, name, duration_seconds, bpm, track_number) VALUES (4724, 619, 'Partner', 133, 129, 3);
INSERT INTO song (song_id, album_id, name, duration_seconds, bpm, track_number) VALUES (4725, 619, 'Magazine woman remain', 385, 85, 4);
INSERT INTO song (song_id, album_id, name, duration_seconds, bpm, track_number) VALUES (4726, 619, 'Drop', 332, 74, 5);
INSERT INTO song (song_id, album_id, name, duration_seconds, bpm, track_number) VALUES (4727, 619, 'Official set', 135, 136, 6);
INSERT INTO album (album_id, artist_id, title, release_year, created_at) VALUES (620, 309, 'Focused static software', 2005, NOW());
INSERT INTO song (song_id, album_id, name, duration_seconds, bpm, track_number) VALUES (4728, 620, 'Continue school day throughout', 127, 106, 1);
INSERT INTO song (song_id, album_id, name, duration_seconds, bpm, track_number) VALUES (4729, 620, 'Eight amount property', 374, 148, 2);
INSERT INTO song (song_id, album_id, name, duration_seconds, bpm, track_number) VALUES (4730, 620, 'Economic just', 150, 65, 3);
INSERT INTO song (song_id, album_id, name, duration_seconds, bpm, track_number) VALUES (4731, 620, 'Strong', 252, 82, 4);
INSERT INTO song (song_id, album_id, name, duration_seconds, bpm, track_number) VALUES (4732, 620, 'He some claim continue cut', 223, 96, 5);
INSERT INTO song (song_id, album_id, name, duration_seconds, bpm, track_number) VALUES (4733, 620, 'Blood', 194, 89, 6);
INSERT INTO song (song_id, album_id, name, duration_seconds, bpm, track_number) VALUES (4734, 620, 'Population hot speech build individual', 456, 94, 7);
INSERT INTO song (song_id, album_id, name, duration_seconds, bpm, track_number) VALUES (4735, 620, 'Community already', 187, 85, 8);
INSERT INTO album (album_id, artist_id, title, release_year, created_at) VALUES (621, 310, 'Business-focused heuristic focus group', 1982, NOW());
INSERT INTO song (song_id, album_id, name, duration_seconds, bpm, track_number) VALUES (4736, 621, 'Before ever', 290, 85, 1);
INSERT INTO song (song_id, album_id, name, duration_seconds, bpm, track_number) VALUES (4737, 621, 'Have later', 341, 93, 2);
INSERT INTO song (song_id, album_id, name, duration_seconds, bpm, track_number) VALUES (4738, 621, 'Behind set amount kid', 296, 72, 3);
INSERT INTO song (song_id, album_id, name, duration_seconds, bpm, track_number) VALUES (4739, 621, 'Whatever', 150, 178, 4);
INSERT INTO song (song_id, album_id, name, duration_seconds, bpm, track_number) VALUES (4740, 621, 'Concern', 409, 139, 5);
INSERT INTO song (song_id, album_id, name, duration_seconds, bpm, track_number) VALUES (4741, 621, 'Century rate', 161, 143, 6);
INSERT INTO song (song_id, album_id, name, duration_seconds, bpm, track_number) VALUES (4742, 621, 'Agency money think', 478, 115, 7);
INSERT INTO album (album_id, artist_id, title, release_year, created_at) VALUES (622, 311, 'Integrated impactful budgetary management', 2002, NOW());
INSERT INTO song (song_id, album_id, name, duration_seconds, bpm, track_number) VALUES (4743, 622, 'Several rate', 459, 96, 1);
INSERT INTO song (song_id, album_id, name, duration_seconds, bpm, track_number) VALUES (4744, 622, 'Able', 150, 146, 2);
INSERT INTO song (song_id, album_id, name, duration_seconds, bpm, track_number) VALUES (4745, 622, 'Wish only can result keep', 457, 76, 3);
INSERT INTO song (song_id, album_id, name, duration_seconds, bpm, track_number) VALUES (4746, 622, 'Employee strategy', 315, 94, 4);
INSERT INTO song (song_id, album_id, name, duration_seconds, bpm, track_number) VALUES (4747, 622, 'Hospital', 282, 111, 5);
INSERT INTO song (song_id, album_id, name, duration_seconds, bpm, track_number) VALUES (4748, 622, 'Appear realize into interest', 308, 97, 6);
INSERT INTO album (album_id, artist_id, title, release_year, created_at) VALUES (623, 312, 'Enhanced object-oriented forecast', 1981, NOW());
INSERT INTO song (song_id, album_id, name, duration_seconds, bpm, track_number) VALUES (4749, 623, 'Form', 133, 101, 1);
INSERT INTO song (song_id, album_id, name, duration_seconds, bpm, track_number) VALUES (4750, 623, 'Cut stage Democrat', 187, 110, 2);
INSERT INTO song (song_id, album_id, name, duration_seconds, bpm, track_number) VALUES (4751, 623, 'Follow', 133, 155, 3);
INSERT INTO song (song_id, album_id, name, duration_seconds, bpm, track_number) VALUES (4752, 623, 'Support figure already quickly', 349, 70, 4);
INSERT INTO song (song_id, album_id, name, duration_seconds, bpm, track_number) VALUES (4753, 623, 'Catch economic since recent', 292, 126, 5);
INSERT INTO song (song_id, album_id, name, duration_seconds, bpm, track_number) VALUES (4754, 623, 'Guess skin', 136, 155, 6);
INSERT INTO song (song_id, album_id, name, duration_seconds, bpm, track_number) VALUES (4755, 623, 'Lead charge', 184, 124, 7);
INSERT INTO song (song_id, album_id, name, duration_seconds, bpm, track_number) VALUES (4756, 623, 'Model hard', 168, 173, 8);
INSERT INTO album (album_id, artist_id, title, release_year, created_at) VALUES (624, 312, 'Adaptive leadingedge toolset', 2000, NOW());
INSERT INTO song (song_id, album_id, name, duration_seconds, bpm, track_number) VALUES (4757, 624, 'Per purpose', 402, 122, 1);
INSERT INTO song (song_id, album_id, name, duration_seconds, bpm, track_number) VALUES (4758, 624, 'Growth whatever', 442, 151, 2);
INSERT INTO song (song_id, album_id, name, duration_seconds, bpm, track_number) VALUES (4759, 624, 'Magazine organization kitchen notice', 308, 178, 3);
INSERT INTO song (song_id, album_id, name, duration_seconds, bpm, track_number) VALUES (4760, 624, 'Coach class', 306, 91, 4);
INSERT INTO song (song_id, album_id, name, duration_seconds, bpm, track_number) VALUES (4761, 624, 'Reality practice major parent', 426, 89, 5);
INSERT INTO song (song_id, album_id, name, duration_seconds, bpm, track_number) VALUES (4762, 624, 'Before mother age student', 385, 82, 6);
INSERT INTO song (song_id, album_id, name, duration_seconds, bpm, track_number) VALUES (4763, 624, 'Interesting career research program', 399, 147, 7);
INSERT INTO album (album_id, artist_id, title, release_year, created_at) VALUES (625, 312, 'Universal scalable collaboration', 1993, NOW());
INSERT INTO song (song_id, album_id, name, duration_seconds, bpm, track_number) VALUES (4764, 625, 'Market picture', 334, 76, 1);
INSERT INTO song (song_id, album_id, name, duration_seconds, bpm, track_number) VALUES (4765, 625, 'Hospital', 432, 148, 2);
INSERT INTO song (song_id, album_id, name, duration_seconds, bpm, track_number) VALUES (4766, 625, 'Rather dog', 149, 86, 3);
INSERT INTO song (song_id, album_id, name, duration_seconds, bpm, track_number) VALUES (4767, 625, 'Somebody space risk', 437, 168, 4);
INSERT INTO song (song_id, album_id, name, duration_seconds, bpm, track_number) VALUES (4768, 625, 'We whole', 428, 91, 5);
INSERT INTO album (album_id, artist_id, title, release_year, created_at) VALUES (626, 313, 'Reverse-engineered zero administration capability', 1979, NOW());
INSERT INTO song (song_id, album_id, name, duration_seconds, bpm, track_number) VALUES (4769, 626, 'Top leg', 199, 65, 1);
INSERT INTO song (song_id, album_id, name, duration_seconds, bpm, track_number) VALUES (4770, 626, 'Never', 211, 85, 2);
INSERT INTO song (song_id, album_id, name, duration_seconds, bpm, track_number) VALUES (4771, 626, 'Present institution popular fact whom', 245, 139, 3);
INSERT INTO song (song_id, album_id, name, duration_seconds, bpm, track_number) VALUES (4772, 626, 'Same west management', 435, 100, 4);
INSERT INTO song (song_id, album_id, name, duration_seconds, bpm, track_number) VALUES (4773, 626, 'Collection beat main too', 478, 156, 5);
INSERT INTO song (song_id, album_id, name, duration_seconds, bpm, track_number) VALUES (4774, 626, 'Lose', 141, 90, 6);
INSERT INTO song (song_id, album_id, name, duration_seconds, bpm, track_number) VALUES (4775, 626, 'Medical', 151, 84, 7);
INSERT INTO song (song_id, album_id, name, duration_seconds, bpm, track_number) VALUES (4776, 626, 'Fall', 163, 104, 8);
INSERT INTO song (song_id, album_id, name, duration_seconds, bpm, track_number) VALUES (4777, 626, 'That', 351, 66, 9);
INSERT INTO album (album_id, artist_id, title, release_year, created_at) VALUES (627, 313, 'Intuitive full-range knowledgebase', 2014, NOW());
INSERT INTO song (song_id, album_id, name, duration_seconds, bpm, track_number) VALUES (4778, 627, 'Eight raise what society', 154, 122, 1);
INSERT INTO song (song_id, album_id, name, duration_seconds, bpm, track_number) VALUES (4779, 627, 'Forward', 388, 152, 2);
INSERT INTO song (song_id, album_id, name, duration_seconds, bpm, track_number) VALUES (4780, 627, 'Similar', 236, 124, 3);
INSERT INTO song (song_id, album_id, name, duration_seconds, bpm, track_number) VALUES (4781, 627, 'Camera again', 446, 63, 4);
INSERT INTO song (song_id, album_id, name, duration_seconds, bpm, track_number) VALUES (4782, 627, 'Compare place', 399, 61, 5);
INSERT INTO album (album_id, artist_id, title, release_year, created_at) VALUES (628, 313, 'Phased radical encryption', 2004, NOW());
INSERT INTO song (song_id, album_id, name, duration_seconds, bpm, track_number) VALUES (4783, 628, 'Number summer lose', 184, 158, 1);
INSERT INTO song (song_id, album_id, name, duration_seconds, bpm, track_number) VALUES (4784, 628, 'Than reveal above', 309, 123, 2);
INSERT INTO song (song_id, album_id, name, duration_seconds, bpm, track_number) VALUES (4785, 628, 'Share region early', 321, 134, 3);
INSERT INTO song (song_id, album_id, name, duration_seconds, bpm, track_number) VALUES (4786, 628, 'Question nor', 185, 166, 4);
INSERT INTO song (song_id, album_id, name, duration_seconds, bpm, track_number) VALUES (4787, 628, 'Number bad area ability', 289, 104, 5);
INSERT INTO song (song_id, album_id, name, duration_seconds, bpm, track_number) VALUES (4788, 628, 'At', 268, 75, 6);
INSERT INTO song (song_id, album_id, name, duration_seconds, bpm, track_number) VALUES (4789, 628, 'Probably suggest', 225, 87, 7);
INSERT INTO album (album_id, artist_id, title, release_year, created_at) VALUES (629, 314, 'De-engineered 24/7 knowledge user', 2015, NOW());
INSERT INTO song (song_id, album_id, name, duration_seconds, bpm, track_number) VALUES (4790, 629, 'Per', 329, 109, 1);
INSERT INTO song (song_id, album_id, name, duration_seconds, bpm, track_number) VALUES (4791, 629, 'Hospital stay four', 215, 177, 2);
INSERT INTO song (song_id, album_id, name, duration_seconds, bpm, track_number) VALUES (4792, 629, 'Strategy time', 404, 150, 3);
INSERT INTO song (song_id, album_id, name, duration_seconds, bpm, track_number) VALUES (4793, 629, 'Practice city upon', 256, 129, 4);
INSERT INTO song (song_id, album_id, name, duration_seconds, bpm, track_number) VALUES (4794, 629, 'All election figure successful', 165, 140, 5);
INSERT INTO song (song_id, album_id, name, duration_seconds, bpm, track_number) VALUES (4795, 629, 'Question debate', 365, 76, 6);
INSERT INTO album (album_id, artist_id, title, release_year, created_at) VALUES (630, 314, 'Front-line cohesive core', 2011, NOW());
INSERT INTO song (song_id, album_id, name, duration_seconds, bpm, track_number) VALUES (4796, 630, 'Realize', 163, 178, 1);
INSERT INTO song (song_id, album_id, name, duration_seconds, bpm, track_number) VALUES (4797, 630, 'Really', 338, 99, 2);
INSERT INTO song (song_id, album_id, name, duration_seconds, bpm, track_number) VALUES (4798, 630, 'Area trial lawyer', 236, 160, 3);
INSERT INTO song (song_id, album_id, name, duration_seconds, bpm, track_number) VALUES (4799, 630, 'Society coach successful', 207, 143, 4);
INSERT INTO song (song_id, album_id, name, duration_seconds, bpm, track_number) VALUES (4800, 630, 'Treat', 131, 100, 5);
INSERT INTO song (song_id, album_id, name, duration_seconds, bpm, track_number) VALUES (4801, 630, 'Million', 472, 160, 6);
INSERT INTO song (song_id, album_id, name, duration_seconds, bpm, track_number) VALUES (4802, 630, 'That six clearly knowledge heavy', 438, 142, 7);
INSERT INTO album (album_id, artist_id, title, release_year, created_at) VALUES (631, 314, 'Self-enabling methodical archive', 1991, NOW());
INSERT INTO song (song_id, album_id, name, duration_seconds, bpm, track_number) VALUES (4803, 631, 'Then', 261, 98, 1);
INSERT INTO song (song_id, album_id, name, duration_seconds, bpm, track_number) VALUES (4804, 631, 'Throw', 244, 146, 2);
INSERT INTO song (song_id, album_id, name, duration_seconds, bpm, track_number) VALUES (4805, 631, 'Heart art visit offer', 184, 103, 3);
INSERT INTO song (song_id, album_id, name, duration_seconds, bpm, track_number) VALUES (4806, 631, 'Case blood', 478, 149, 4);
INSERT INTO song (song_id, album_id, name, duration_seconds, bpm, track_number) VALUES (4807, 631, 'Technology student', 257, 180, 5);
INSERT INTO song (song_id, album_id, name, duration_seconds, bpm, track_number) VALUES (4808, 631, 'Fact and', 188, 166, 6);
INSERT INTO song (song_id, album_id, name, duration_seconds, bpm, track_number) VALUES (4809, 631, 'Their break can air audience', 188, 132, 7);
INSERT INTO song (song_id, album_id, name, duration_seconds, bpm, track_number) VALUES (4810, 631, 'Pm kind', 436, 133, 8);
INSERT INTO song (song_id, album_id, name, duration_seconds, bpm, track_number) VALUES (4811, 631, 'Remain', 201, 112, 9);
INSERT INTO album (album_id, artist_id, title, release_year, created_at) VALUES (632, 315, 'Multi-tiered optimal approach', 2019, NOW());
INSERT INTO song (song_id, album_id, name, duration_seconds, bpm, track_number) VALUES (4812, 632, 'Spend follow a', 447, 155, 1);
INSERT INTO song (song_id, album_id, name, duration_seconds, bpm, track_number) VALUES (4813, 632, 'Nature character', 456, 125, 2);
INSERT INTO song (song_id, album_id, name, duration_seconds, bpm, track_number) VALUES (4814, 632, 'One but', 372, 111, 3);
INSERT INTO song (song_id, album_id, name, duration_seconds, bpm, track_number) VALUES (4815, 632, 'Computer reach', 143, 163, 4);
INSERT INTO song (song_id, album_id, name, duration_seconds, bpm, track_number) VALUES (4816, 632, 'Concern world', 342, 151, 5);
INSERT INTO song (song_id, album_id, name, duration_seconds, bpm, track_number) VALUES (4817, 632, 'Side', 358, 180, 6);
INSERT INTO album (album_id, artist_id, title, release_year, created_at) VALUES (633, 315, 'Triple-buffered client-server open system', 2002, NOW());
INSERT INTO song (song_id, album_id, name, duration_seconds, bpm, track_number) VALUES (4818, 633, 'Loss', 168, 174, 1);
INSERT INTO song (song_id, album_id, name, duration_seconds, bpm, track_number) VALUES (4819, 633, 'Especially million', 199, 156, 2);
INSERT INTO song (song_id, album_id, name, duration_seconds, bpm, track_number) VALUES (4820, 633, 'Important', 422, 159, 3);
INSERT INTO song (song_id, album_id, name, duration_seconds, bpm, track_number) VALUES (4821, 633, 'Behavior', 128, 158, 4);
INSERT INTO song (song_id, album_id, name, duration_seconds, bpm, track_number) VALUES (4822, 633, 'During drive born', 221, 159, 5);
INSERT INTO song (song_id, album_id, name, duration_seconds, bpm, track_number) VALUES (4823, 633, 'Us maintain prove', 471, 138, 6);
INSERT INTO song (song_id, album_id, name, duration_seconds, bpm, track_number) VALUES (4824, 633, 'Southern almost investment', 456, 123, 7);
INSERT INTO song (song_id, album_id, name, duration_seconds, bpm, track_number) VALUES (4825, 633, 'Price', 157, 130, 8);
INSERT INTO song (song_id, album_id, name, duration_seconds, bpm, track_number) VALUES (4826, 633, 'Place', 349, 130, 9);
INSERT INTO song (song_id, album_id, name, duration_seconds, bpm, track_number) VALUES (4827, 633, 'Total performance soldier arm race', 177, 83, 10);
INSERT INTO album (album_id, artist_id, title, release_year, created_at) VALUES (634, 315, 'Centralized scalable monitoring', 1997, NOW());
INSERT INTO song (song_id, album_id, name, duration_seconds, bpm, track_number) VALUES (4828, 634, 'Parent bit', 426, 134, 1);
INSERT INTO song (song_id, album_id, name, duration_seconds, bpm, track_number) VALUES (4829, 634, 'Hot service', 141, 86, 2);
INSERT INTO song (song_id, album_id, name, duration_seconds, bpm, track_number) VALUES (4830, 634, 'Need', 367, 171, 3);
INSERT INTO song (song_id, album_id, name, duration_seconds, bpm, track_number) VALUES (4831, 634, 'Thus for project suggest practice', 379, 118, 4);
INSERT INTO song (song_id, album_id, name, duration_seconds, bpm, track_number) VALUES (4832, 634, 'Main even impact', 315, 68, 5);
INSERT INTO song (song_id, album_id, name, duration_seconds, bpm, track_number) VALUES (4833, 634, 'Star', 152, 127, 6);
INSERT INTO song (song_id, album_id, name, duration_seconds, bpm, track_number) VALUES (4834, 634, 'Itself cold', 132, 152, 7);
INSERT INTO song (song_id, album_id, name, duration_seconds, bpm, track_number) VALUES (4835, 634, 'History', 271, 111, 8);
INSERT INTO song (song_id, album_id, name, duration_seconds, bpm, track_number) VALUES (4836, 634, 'Civil good', 465, 169, 9);
INSERT INTO song (song_id, album_id, name, duration_seconds, bpm, track_number) VALUES (4837, 634, 'Involve model energy', 186, 119, 10);
INSERT INTO album (album_id, artist_id, title, release_year, created_at) VALUES (635, 316, 'User-friendly optimizing encoding', 1994, NOW());
INSERT INTO song (song_id, album_id, name, duration_seconds, bpm, track_number) VALUES (4838, 635, 'Evening whether', 428, 117, 1);
INSERT INTO song (song_id, album_id, name, duration_seconds, bpm, track_number) VALUES (4839, 635, 'Car', 460, 81, 2);
INSERT INTO song (song_id, album_id, name, duration_seconds, bpm, track_number) VALUES (4840, 635, 'Local idea', 426, 155, 3);
INSERT INTO song (song_id, album_id, name, duration_seconds, bpm, track_number) VALUES (4841, 635, 'Heavy area', 313, 118, 4);
INSERT INTO song (song_id, album_id, name, duration_seconds, bpm, track_number) VALUES (4842, 635, 'Action feeling people office', 229, 121, 5);
INSERT INTO song (song_id, album_id, name, duration_seconds, bpm, track_number) VALUES (4843, 635, 'Because market Mr here dark', 375, 85, 6);
INSERT INTO album (album_id, artist_id, title, release_year, created_at) VALUES (636, 317, 'Universal impactful array', 1999, NOW());
INSERT INTO song (song_id, album_id, name, duration_seconds, bpm, track_number) VALUES (4844, 636, 'He miss during', 120, 66, 1);
INSERT INTO song (song_id, album_id, name, duration_seconds, bpm, track_number) VALUES (4845, 636, 'Pressure', 405, 167, 2);
INSERT INTO song (song_id, album_id, name, duration_seconds, bpm, track_number) VALUES (4846, 636, 'Son attack sense nor method', 247, 99, 3);
INSERT INTO song (song_id, album_id, name, duration_seconds, bpm, track_number) VALUES (4847, 636, 'Know', 137, 152, 4);
INSERT INTO song (song_id, album_id, name, duration_seconds, bpm, track_number) VALUES (4848, 636, 'Enough parent', 201, 126, 5);
INSERT INTO song (song_id, album_id, name, duration_seconds, bpm, track_number) VALUES (4849, 636, 'Right each', 393, 126, 6);
INSERT INTO song (song_id, album_id, name, duration_seconds, bpm, track_number) VALUES (4850, 636, 'Administration this it he', 246, 160, 7);
INSERT INTO song (song_id, album_id, name, duration_seconds, bpm, track_number) VALUES (4851, 636, 'Ahead listen', 202, 148, 8);
INSERT INTO album (album_id, artist_id, title, release_year, created_at) VALUES (637, 317, 'Adaptive transitional portal', 2003, NOW());
INSERT INTO song (song_id, album_id, name, duration_seconds, bpm, track_number) VALUES (4852, 637, 'Magazine visit', 145, 130, 1);
INSERT INTO song (song_id, album_id, name, duration_seconds, bpm, track_number) VALUES (4853, 637, 'Sport', 143, 71, 2);
INSERT INTO song (song_id, album_id, name, duration_seconds, bpm, track_number) VALUES (4854, 637, 'Allow throughout', 354, 136, 3);
INSERT INTO song (song_id, album_id, name, duration_seconds, bpm, track_number) VALUES (4855, 637, 'Field whether leg site agent', 271, 129, 4);
INSERT INTO song (song_id, album_id, name, duration_seconds, bpm, track_number) VALUES (4856, 637, 'Congress year middle', 387, 72, 5);
INSERT INTO song (song_id, album_id, name, duration_seconds, bpm, track_number) VALUES (4857, 637, 'Series', 198, 139, 6);
INSERT INTO song (song_id, album_id, name, duration_seconds, bpm, track_number) VALUES (4858, 637, 'Beautiful source fear threat', 361, 97, 7);
INSERT INTO song (song_id, album_id, name, duration_seconds, bpm, track_number) VALUES (4859, 637, 'Child mind trip', 289, 67, 8);
INSERT INTO album (album_id, artist_id, title, release_year, created_at) VALUES (638, 318, 'Versatile cohesive encryption', 2012, NOW());
INSERT INTO song (song_id, album_id, name, duration_seconds, bpm, track_number) VALUES (4860, 638, 'Many career bad ten', 346, 109, 1);
INSERT INTO song (song_id, album_id, name, duration_seconds, bpm, track_number) VALUES (4861, 638, 'School necessary thing', 403, 141, 2);
INSERT INTO song (song_id, album_id, name, duration_seconds, bpm, track_number) VALUES (4862, 638, 'Seat', 334, 131, 3);
INSERT INTO song (song_id, album_id, name, duration_seconds, bpm, track_number) VALUES (4863, 638, 'Fact southern', 367, 167, 4);
INSERT INTO song (song_id, album_id, name, duration_seconds, bpm, track_number) VALUES (4864, 638, 'Republican position', 339, 163, 5);
INSERT INTO song (song_id, album_id, name, duration_seconds, bpm, track_number) VALUES (4865, 638, 'Thing', 298, 94, 6);
INSERT INTO song (song_id, album_id, name, duration_seconds, bpm, track_number) VALUES (4866, 638, 'Today gun', 242, 115, 7);
INSERT INTO album (album_id, artist_id, title, release_year, created_at) VALUES (639, 319, 'Face-to-face composite utilization', 1982, NOW());
INSERT INTO song (song_id, album_id, name, duration_seconds, bpm, track_number) VALUES (4867, 639, 'Accept', 440, 61, 1);
INSERT INTO song (song_id, album_id, name, duration_seconds, bpm, track_number) VALUES (4868, 639, 'Tonight', 292, 140, 2);
INSERT INTO song (song_id, album_id, name, duration_seconds, bpm, track_number) VALUES (4869, 639, 'Huge price', 419, 116, 3);
INSERT INTO song (song_id, album_id, name, duration_seconds, bpm, track_number) VALUES (4870, 639, 'Practice section', 458, 62, 4);
INSERT INTO song (song_id, album_id, name, duration_seconds, bpm, track_number) VALUES (4871, 639, 'Six', 163, 158, 5);
INSERT INTO song (song_id, album_id, name, duration_seconds, bpm, track_number) VALUES (4872, 639, 'But thing', 359, 171, 6);
INSERT INTO song (song_id, album_id, name, duration_seconds, bpm, track_number) VALUES (4873, 639, 'Report fall in', 264, 127, 7);
INSERT INTO song (song_id, album_id, name, duration_seconds, bpm, track_number) VALUES (4874, 639, 'Of', 243, 98, 8);
INSERT INTO song (song_id, album_id, name, duration_seconds, bpm, track_number) VALUES (4875, 639, 'Me street', 445, 120, 9);
INSERT INTO album (album_id, artist_id, title, release_year, created_at) VALUES (640, 320, 'Horizontal dynamic infrastructure', 2002, NOW());
INSERT INTO song (song_id, album_id, name, duration_seconds, bpm, track_number) VALUES (4876, 640, 'Choice picture', 212, 121, 1);
INSERT INTO song (song_id, album_id, name, duration_seconds, bpm, track_number) VALUES (4877, 640, 'Eat page reason into', 204, 89, 2);
INSERT INTO song (song_id, album_id, name, duration_seconds, bpm, track_number) VALUES (4878, 640, 'Close late game moment', 477, 123, 3);
INSERT INTO song (song_id, album_id, name, duration_seconds, bpm, track_number) VALUES (4879, 640, 'Small goal how up ahead', 428, 99, 4);
INSERT INTO song (song_id, album_id, name, duration_seconds, bpm, track_number) VALUES (4880, 640, 'Citizen', 467, 88, 5);
INSERT INTO song (song_id, album_id, name, duration_seconds, bpm, track_number) VALUES (4881, 640, 'Yet', 246, 157, 6);
INSERT INTO album (album_id, artist_id, title, release_year, created_at) VALUES (641, 320, 'Universal modular functionalities', 1983, NOW());
INSERT INTO song (song_id, album_id, name, duration_seconds, bpm, track_number) VALUES (4882, 641, 'For', 354, 156, 1);
INSERT INTO song (song_id, album_id, name, duration_seconds, bpm, track_number) VALUES (4883, 641, 'Until', 410, 131, 2);
INSERT INTO song (song_id, album_id, name, duration_seconds, bpm, track_number) VALUES (4884, 641, 'Five', 458, 107, 3);
INSERT INTO song (song_id, album_id, name, duration_seconds, bpm, track_number) VALUES (4885, 641, 'Discussion', 298, 90, 4);
INSERT INTO song (song_id, album_id, name, duration_seconds, bpm, track_number) VALUES (4886, 641, 'Purpose behind', 421, 154, 5);
INSERT INTO song (song_id, album_id, name, duration_seconds, bpm, track_number) VALUES (4887, 641, 'Crime', 415, 162, 6);
INSERT INTO song (song_id, album_id, name, duration_seconds, bpm, track_number) VALUES (4888, 641, 'Idea table', 322, 92, 7);
INSERT INTO song (song_id, album_id, name, duration_seconds, bpm, track_number) VALUES (4889, 641, 'Number', 193, 125, 8);
INSERT INTO album (album_id, artist_id, title, release_year, created_at) VALUES (642, 320, 'Configurable tangible initiative', 2012, NOW());
INSERT INTO song (song_id, album_id, name, duration_seconds, bpm, track_number) VALUES (4890, 642, 'Light', 372, 119, 1);
INSERT INTO song (song_id, album_id, name, duration_seconds, bpm, track_number) VALUES (4891, 642, 'Vote', 423, 153, 2);
INSERT INTO song (song_id, album_id, name, duration_seconds, bpm, track_number) VALUES (4892, 642, 'They', 291, 88, 3);
INSERT INTO song (song_id, album_id, name, duration_seconds, bpm, track_number) VALUES (4893, 642, 'Coach size hit', 367, 149, 4);
INSERT INTO song (song_id, album_id, name, duration_seconds, bpm, track_number) VALUES (4894, 642, 'Go responsibility society', 443, 134, 5);
INSERT INTO song (song_id, album_id, name, duration_seconds, bpm, track_number) VALUES (4895, 642, 'Run animal', 232, 176, 6);
INSERT INTO song (song_id, album_id, name, duration_seconds, bpm, track_number) VALUES (4896, 642, 'More', 473, 168, 7);
INSERT INTO song (song_id, album_id, name, duration_seconds, bpm, track_number) VALUES (4897, 642, 'Message', 369, 98, 8);
INSERT INTO song (song_id, album_id, name, duration_seconds, bpm, track_number) VALUES (4898, 642, 'Machine stuff', 336, 153, 9);
INSERT INTO song (song_id, album_id, name, duration_seconds, bpm, track_number) VALUES (4899, 642, 'For', 250, 131, 10);
INSERT INTO album (album_id, artist_id, title, release_year, created_at) VALUES (643, 321, 'Distributed human-resource hierarchy', 2015, NOW());
INSERT INTO song (song_id, album_id, name, duration_seconds, bpm, track_number) VALUES (4900, 643, 'Technology', 272, 82, 1);
INSERT INTO song (song_id, album_id, name, duration_seconds, bpm, track_number) VALUES (4901, 643, 'Seek job design', 191, 111, 2);
INSERT INTO song (song_id, album_id, name, duration_seconds, bpm, track_number) VALUES (4902, 643, 'Much wonder', 402, 154, 3);
INSERT INTO song (song_id, album_id, name, duration_seconds, bpm, track_number) VALUES (4903, 643, 'Child once try', 359, 75, 4);
INSERT INTO song (song_id, album_id, name, duration_seconds, bpm, track_number) VALUES (4904, 643, 'Home serve', 157, 128, 5);
INSERT INTO song (song_id, album_id, name, duration_seconds, bpm, track_number) VALUES (4905, 643, 'Mrs life', 315, 144, 6);
INSERT INTO album (album_id, artist_id, title, release_year, created_at) VALUES (644, 322, 'Synergized tangible Graphic Interface', 1972, NOW());
INSERT INTO song (song_id, album_id, name, duration_seconds, bpm, track_number) VALUES (4906, 644, 'Appear yeah', 272, 86, 1);
INSERT INTO song (song_id, album_id, name, duration_seconds, bpm, track_number) VALUES (4907, 644, 'Small major', 385, 100, 2);
INSERT INTO song (song_id, album_id, name, duration_seconds, bpm, track_number) VALUES (4908, 644, 'Off', 446, 101, 3);
INSERT INTO song (song_id, album_id, name, duration_seconds, bpm, track_number) VALUES (4909, 644, 'Already record', 413, 135, 4);
INSERT INTO song (song_id, album_id, name, duration_seconds, bpm, track_number) VALUES (4910, 644, 'Upon', 327, 130, 5);
INSERT INTO song (song_id, album_id, name, duration_seconds, bpm, track_number) VALUES (4911, 644, 'Nothing heavy', 313, 69, 6);
INSERT INTO song (song_id, album_id, name, duration_seconds, bpm, track_number) VALUES (4912, 644, 'Natural', 152, 104, 7);
INSERT INTO song (song_id, album_id, name, duration_seconds, bpm, track_number) VALUES (4913, 644, 'Mr beat increase', 340, 147, 8);
INSERT INTO song (song_id, album_id, name, duration_seconds, bpm, track_number) VALUES (4914, 644, 'Building', 445, 107, 9);
INSERT INTO album (album_id, artist_id, title, release_year, created_at) VALUES (645, 323, 'Focused asymmetric strategy', 1978, NOW());
INSERT INTO song (song_id, album_id, name, duration_seconds, bpm, track_number) VALUES (4915, 645, 'Fact', 314, 163, 1);
INSERT INTO song (song_id, album_id, name, duration_seconds, bpm, track_number) VALUES (4916, 645, 'Stock', 251, 115, 2);
INSERT INTO song (song_id, album_id, name, duration_seconds, bpm, track_number) VALUES (4917, 645, 'Stage little', 182, 180, 3);
INSERT INTO song (song_id, album_id, name, duration_seconds, bpm, track_number) VALUES (4918, 645, 'Man movement', 139, 78, 4);
INSERT INTO song (song_id, album_id, name, duration_seconds, bpm, track_number) VALUES (4919, 645, 'Grow build', 471, 165, 5);
INSERT INTO song (song_id, album_id, name, duration_seconds, bpm, track_number) VALUES (4920, 645, 'Record board both', 333, 76, 6);
INSERT INTO song (song_id, album_id, name, duration_seconds, bpm, track_number) VALUES (4921, 645, 'Face', 238, 81, 7);
INSERT INTO song (song_id, album_id, name, duration_seconds, bpm, track_number) VALUES (4922, 645, 'Take', 418, 152, 8);
INSERT INTO song (song_id, album_id, name, duration_seconds, bpm, track_number) VALUES (4923, 645, 'Must that', 419, 129, 9);
INSERT INTO album (album_id, artist_id, title, release_year, created_at) VALUES (646, 323, 'Function-based neutral access', 2007, NOW());
INSERT INTO song (song_id, album_id, name, duration_seconds, bpm, track_number) VALUES (4924, 646, 'Myself', 226, 167, 1);
INSERT INTO song (song_id, album_id, name, duration_seconds, bpm, track_number) VALUES (4925, 646, 'Game', 292, 152, 2);
INSERT INTO song (song_id, album_id, name, duration_seconds, bpm, track_number) VALUES (4926, 646, 'Baby', 157, 106, 3);
INSERT INTO song (song_id, album_id, name, duration_seconds, bpm, track_number) VALUES (4927, 646, 'Base decide', 169, 91, 4);
INSERT INTO song (song_id, album_id, name, duration_seconds, bpm, track_number) VALUES (4928, 646, 'Group', 407, 98, 5);
INSERT INTO album (album_id, artist_id, title, release_year, created_at) VALUES (647, 323, 'Optional uniform projection', 2021, NOW());
INSERT INTO song (song_id, album_id, name, duration_seconds, bpm, track_number) VALUES (4929, 647, 'Phone beyond', 273, 71, 1);
INSERT INTO song (song_id, album_id, name, duration_seconds, bpm, track_number) VALUES (4930, 647, 'Nothing join north through', 268, 146, 2);
INSERT INTO song (song_id, album_id, name, duration_seconds, bpm, track_number) VALUES (4931, 647, 'Boy ground growth', 301, 82, 3);
INSERT INTO song (song_id, album_id, name, duration_seconds, bpm, track_number) VALUES (4932, 647, 'There popular', 255, 115, 4);
INSERT INTO song (song_id, album_id, name, duration_seconds, bpm, track_number) VALUES (4933, 647, 'Instead', 195, 119, 5);
INSERT INTO song (song_id, album_id, name, duration_seconds, bpm, track_number) VALUES (4934, 647, 'Model', 200, 104, 6);
INSERT INTO song (song_id, album_id, name, duration_seconds, bpm, track_number) VALUES (4935, 647, 'Able agreement moment', 146, 156, 7);
INSERT INTO album (album_id, artist_id, title, release_year, created_at) VALUES (648, 324, 'Inverse foreground capacity', 2022, NOW());
INSERT INTO song (song_id, album_id, name, duration_seconds, bpm, track_number) VALUES (4936, 648, 'Share', 328, 139, 1);
INSERT INTO song (song_id, album_id, name, duration_seconds, bpm, track_number) VALUES (4937, 648, 'Too', 221, 72, 2);
INSERT INTO song (song_id, album_id, name, duration_seconds, bpm, track_number) VALUES (4938, 648, 'Rather', 349, 76, 3);
INSERT INTO song (song_id, album_id, name, duration_seconds, bpm, track_number) VALUES (4939, 648, 'Pass available', 385, 94, 4);
INSERT INTO song (song_id, album_id, name, duration_seconds, bpm, track_number) VALUES (4940, 648, 'Lay', 248, 140, 5);
INSERT INTO song (song_id, album_id, name, duration_seconds, bpm, track_number) VALUES (4941, 648, 'Policy against', 389, 74, 6);
INSERT INTO song (song_id, album_id, name, duration_seconds, bpm, track_number) VALUES (4942, 648, 'Owner', 400, 83, 7);
INSERT INTO song (song_id, album_id, name, duration_seconds, bpm, track_number) VALUES (4943, 648, 'Want nothing', 391, 114, 8);
INSERT INTO song (song_id, album_id, name, duration_seconds, bpm, track_number) VALUES (4944, 648, 'Admit until report yourself speak', 173, 88, 9);
INSERT INTO song (song_id, album_id, name, duration_seconds, bpm, track_number) VALUES (4945, 648, 'Often near claim', 393, 100, 10);
INSERT INTO album (album_id, artist_id, title, release_year, created_at) VALUES (649, 324, 'Configurable needs-based concept', 1998, NOW());
INSERT INTO song (song_id, album_id, name, duration_seconds, bpm, track_number) VALUES (4946, 649, 'Risk', 180, 139, 1);
INSERT INTO song (song_id, album_id, name, duration_seconds, bpm, track_number) VALUES (4947, 649, 'Glass', 426, 124, 2);
INSERT INTO song (song_id, album_id, name, duration_seconds, bpm, track_number) VALUES (4948, 649, 'Skin yet', 380, 180, 3);
INSERT INTO song (song_id, album_id, name, duration_seconds, bpm, track_number) VALUES (4949, 649, 'Loss cell', 134, 80, 4);
INSERT INTO song (song_id, album_id, name, duration_seconds, bpm, track_number) VALUES (4950, 649, 'Key couple away', 419, 176, 5);
INSERT INTO song (song_id, album_id, name, duration_seconds, bpm, track_number) VALUES (4951, 649, 'East', 348, 115, 6);
INSERT INTO album (album_id, artist_id, title, release_year, created_at) VALUES (650, 324, 'Vision-oriented secondary alliance', 2025, NOW());
INSERT INTO song (song_id, album_id, name, duration_seconds, bpm, track_number) VALUES (4952, 650, 'Simply', 362, 105, 1);
INSERT INTO song (song_id, album_id, name, duration_seconds, bpm, track_number) VALUES (4953, 650, 'Research', 247, 127, 2);
INSERT INTO song (song_id, album_id, name, duration_seconds, bpm, track_number) VALUES (4954, 650, 'Serve', 443, 68, 3);
INSERT INTO song (song_id, album_id, name, duration_seconds, bpm, track_number) VALUES (4955, 650, 'Ok season activity work', 452, 164, 4);
INSERT INTO song (song_id, album_id, name, duration_seconds, bpm, track_number) VALUES (4956, 650, 'They', 383, 107, 5);
INSERT INTO album (album_id, artist_id, title, release_year, created_at) VALUES (651, 325, 'Monitored scalable leverage', 1971, NOW());
INSERT INTO song (song_id, album_id, name, duration_seconds, bpm, track_number) VALUES (4957, 651, 'Politics public room', 421, 105, 1);
INSERT INTO song (song_id, album_id, name, duration_seconds, bpm, track_number) VALUES (4958, 651, 'Better bag', 153, 148, 2);
INSERT INTO song (song_id, album_id, name, duration_seconds, bpm, track_number) VALUES (4959, 651, 'Then week', 138, 104, 3);
INSERT INTO song (song_id, album_id, name, duration_seconds, bpm, track_number) VALUES (4960, 651, 'Firm mention either', 427, 126, 4);
INSERT INTO song (song_id, album_id, name, duration_seconds, bpm, track_number) VALUES (4961, 651, 'Mind board', 179, 152, 5);
INSERT INTO song (song_id, album_id, name, duration_seconds, bpm, track_number) VALUES (4962, 651, 'Social fine evening police', 131, 148, 6);
INSERT INTO song (song_id, album_id, name, duration_seconds, bpm, track_number) VALUES (4963, 651, 'Tv enter teach', 182, 169, 7);
INSERT INTO song (song_id, album_id, name, duration_seconds, bpm, track_number) VALUES (4964, 651, 'Visit', 275, 133, 8);
INSERT INTO song (song_id, album_id, name, duration_seconds, bpm, track_number) VALUES (4965, 651, 'Office', 413, 132, 9);
INSERT INTO song (song_id, album_id, name, duration_seconds, bpm, track_number) VALUES (4966, 651, 'Conference do south practice', 363, 179, 10);
INSERT INTO album (album_id, artist_id, title, release_year, created_at) VALUES (652, 325, 'Enterprise-wide content-based Graphical User Interface', 1976, NOW());
INSERT INTO song (song_id, album_id, name, duration_seconds, bpm, track_number) VALUES (4967, 652, 'Early recently whose chance', 172, 78, 1);
INSERT INTO song (song_id, album_id, name, duration_seconds, bpm, track_number) VALUES (4968, 652, 'Yes', 363, 97, 2);
INSERT INTO song (song_id, album_id, name, duration_seconds, bpm, track_number) VALUES (4969, 652, 'Pull still', 128, 165, 3);
INSERT INTO song (song_id, album_id, name, duration_seconds, bpm, track_number) VALUES (4970, 652, 'Drop seat institution recent away', 384, 158, 4);
INSERT INTO song (song_id, album_id, name, duration_seconds, bpm, track_number) VALUES (4971, 652, 'Whom situation', 368, 107, 5);
INSERT INTO song (song_id, album_id, name, duration_seconds, bpm, track_number) VALUES (4972, 652, 'Career', 466, 75, 6);
INSERT INTO song (song_id, album_id, name, duration_seconds, bpm, track_number) VALUES (4973, 652, 'Find', 357, 95, 7);
INSERT INTO album (album_id, artist_id, title, release_year, created_at) VALUES (653, 325, 'Quality-focused upward-trending approach', 2014, NOW());
INSERT INTO song (song_id, album_id, name, duration_seconds, bpm, track_number) VALUES (4974, 653, 'Strong official size', 138, 120, 1);
INSERT INTO song (song_id, album_id, name, duration_seconds, bpm, track_number) VALUES (4975, 653, 'Decide', 175, 96, 2);
INSERT INTO song (song_id, album_id, name, duration_seconds, bpm, track_number) VALUES (4976, 653, 'Month both', 402, 120, 3);
INSERT INTO song (song_id, album_id, name, duration_seconds, bpm, track_number) VALUES (4977, 653, 'Particular', 225, 111, 4);
INSERT INTO song (song_id, album_id, name, duration_seconds, bpm, track_number) VALUES (4978, 653, 'Dream factor allow', 295, 62, 5);
INSERT INTO song (song_id, album_id, name, duration_seconds, bpm, track_number) VALUES (4979, 653, 'Study', 301, 118, 6);
INSERT INTO song (song_id, album_id, name, duration_seconds, bpm, track_number) VALUES (4980, 653, 'Future base good professor', 342, 148, 7);
INSERT INTO song (song_id, album_id, name, duration_seconds, bpm, track_number) VALUES (4981, 653, 'Lose', 436, 158, 8);
INSERT INTO song (song_id, album_id, name, duration_seconds, bpm, track_number) VALUES (4982, 653, 'Almost', 453, 160, 9);
INSERT INTO song (song_id, album_id, name, duration_seconds, bpm, track_number) VALUES (4983, 653, 'Great put she choose', 319, 127, 10);
INSERT INTO album (album_id, artist_id, title, release_year, created_at) VALUES (654, 326, 'Future-proofed stable Graphic Interface', 1977, NOW());
INSERT INTO song (song_id, album_id, name, duration_seconds, bpm, track_number) VALUES (4984, 654, 'Give center', 442, 78, 1);
INSERT INTO song (song_id, album_id, name, duration_seconds, bpm, track_number) VALUES (4985, 654, 'Compare bill', 315, 164, 2);
INSERT INTO song (song_id, album_id, name, duration_seconds, bpm, track_number) VALUES (4986, 654, 'Season century', 124, 124, 3);
INSERT INTO song (song_id, album_id, name, duration_seconds, bpm, track_number) VALUES (4987, 654, 'Picture hair while bring rule', 466, 164, 4);
INSERT INTO song (song_id, album_id, name, duration_seconds, bpm, track_number) VALUES (4988, 654, 'One fish', 338, 176, 5);
INSERT INTO song (song_id, album_id, name, duration_seconds, bpm, track_number) VALUES (4989, 654, 'Them', 330, 103, 6);
INSERT INTO song (song_id, album_id, name, duration_seconds, bpm, track_number) VALUES (4990, 654, 'Crime', 463, 86, 7);
INSERT INTO album (album_id, artist_id, title, release_year, created_at) VALUES (655, 326, 'Innovative user-facing task-force', 1980, NOW());
INSERT INTO song (song_id, album_id, name, duration_seconds, bpm, track_number) VALUES (4991, 655, 'Respond no', 466, 149, 1);
INSERT INTO song (song_id, album_id, name, duration_seconds, bpm, track_number) VALUES (4992, 655, 'Story', 192, 107, 2);
INSERT INTO song (song_id, album_id, name, duration_seconds, bpm, track_number) VALUES (4993, 655, 'Official', 415, 135, 3);
INSERT INTO song (song_id, album_id, name, duration_seconds, bpm, track_number) VALUES (4994, 655, 'Receive', 223, 175, 4);
INSERT INTO song (song_id, album_id, name, duration_seconds, bpm, track_number) VALUES (4995, 655, 'Born', 149, 137, 5);
INSERT INTO song (song_id, album_id, name, duration_seconds, bpm, track_number) VALUES (4996, 655, 'Fine part within drop plant', 192, 135, 6);
INSERT INTO song (song_id, album_id, name, duration_seconds, bpm, track_number) VALUES (4997, 655, 'Can', 335, 116, 7);
INSERT INTO album (album_id, artist_id, title, release_year, created_at) VALUES (656, 327, 'Adaptive bifurcated website', 2013, NOW());
INSERT INTO song (song_id, album_id, name, duration_seconds, bpm, track_number) VALUES (4998, 656, 'Traditional it', 404, 90, 1);
INSERT INTO song (song_id, album_id, name, duration_seconds, bpm, track_number) VALUES (4999, 656, 'Manager different', 258, 151, 2);
INSERT INTO song (song_id, album_id, name, duration_seconds, bpm, track_number) VALUES (5000, 656, 'Owner little wide', 302, 156, 3);
INSERT INTO song (song_id, album_id, name, duration_seconds, bpm, track_number) VALUES (5001, 656, 'Sense', 270, 178, 4);
INSERT INTO song (song_id, album_id, name, duration_seconds, bpm, track_number) VALUES (5002, 656, 'Quite fund main unit', 182, 100, 5);
INSERT INTO album (album_id, artist_id, title, release_year, created_at) VALUES (657, 327, 'Quality-focused interactive function', 1973, NOW());
INSERT INTO song (song_id, album_id, name, duration_seconds, bpm, track_number) VALUES (5003, 657, 'Admit', 246, 173, 1);
INSERT INTO song (song_id, album_id, name, duration_seconds, bpm, track_number) VALUES (5004, 657, 'Enough seat mission', 431, 93, 2);
INSERT INTO song (song_id, album_id, name, duration_seconds, bpm, track_number) VALUES (5005, 657, 'After', 373, 68, 3);
INSERT INTO song (song_id, album_id, name, duration_seconds, bpm, track_number) VALUES (5006, 657, 'Give', 450, 133, 4);
INSERT INTO song (song_id, album_id, name, duration_seconds, bpm, track_number) VALUES (5007, 657, 'Scientist', 170, 67, 5);
INSERT INTO song (song_id, album_id, name, duration_seconds, bpm, track_number) VALUES (5008, 657, 'Thought that', 269, 133, 6);
INSERT INTO album (album_id, artist_id, title, release_year, created_at) VALUES (658, 328, 'Right-sized zero administration synergy', 2015, NOW());
INSERT INTO song (song_id, album_id, name, duration_seconds, bpm, track_number) VALUES (5009, 658, 'Need turn', 205, 115, 1);
INSERT INTO song (song_id, album_id, name, duration_seconds, bpm, track_number) VALUES (5010, 658, 'Clearly behind put nothing', 325, 74, 2);
INSERT INTO song (song_id, album_id, name, duration_seconds, bpm, track_number) VALUES (5011, 658, 'Southern grow go step', 441, 75, 3);
INSERT INTO song (song_id, album_id, name, duration_seconds, bpm, track_number) VALUES (5012, 658, 'Include', 312, 157, 4);
INSERT INTO song (song_id, album_id, name, duration_seconds, bpm, track_number) VALUES (5013, 658, 'Including current wife', 182, 66, 5);
INSERT INTO song (song_id, album_id, name, duration_seconds, bpm, track_number) VALUES (5014, 658, 'Oil that', 160, 102, 6);
INSERT INTO song (song_id, album_id, name, duration_seconds, bpm, track_number) VALUES (5015, 658, 'City', 132, 108, 7);
INSERT INTO song (song_id, album_id, name, duration_seconds, bpm, track_number) VALUES (5016, 658, 'Hotel in skin', 240, 110, 8);
INSERT INTO album (album_id, artist_id, title, release_year, created_at) VALUES (659, 328, 'User-centric mobile emulation', 2011, NOW());
INSERT INTO song (song_id, album_id, name, duration_seconds, bpm, track_number) VALUES (5017, 659, 'Center', 359, 95, 1);
INSERT INTO song (song_id, album_id, name, duration_seconds, bpm, track_number) VALUES (5018, 659, 'Trouble without environmental', 337, 119, 2);
INSERT INTO song (song_id, album_id, name, duration_seconds, bpm, track_number) VALUES (5019, 659, 'Challenge', 276, 150, 3);
INSERT INTO song (song_id, album_id, name, duration_seconds, bpm, track_number) VALUES (5020, 659, 'Rest however whether', 213, 137, 4);
INSERT INTO song (song_id, album_id, name, duration_seconds, bpm, track_number) VALUES (5021, 659, 'Including wide might', 181, 62, 5);
INSERT INTO song (song_id, album_id, name, duration_seconds, bpm, track_number) VALUES (5022, 659, 'Seek and everything', 385, 82, 6);
INSERT INTO song (song_id, album_id, name, duration_seconds, bpm, track_number) VALUES (5023, 659, 'Range', 213, 176, 7);
INSERT INTO song (song_id, album_id, name, duration_seconds, bpm, track_number) VALUES (5024, 659, 'Pay much', 298, 132, 8);
INSERT INTO song (song_id, album_id, name, duration_seconds, bpm, track_number) VALUES (5025, 659, 'Defense Mr', 293, 168, 9);
INSERT INTO song (song_id, album_id, name, duration_seconds, bpm, track_number) VALUES (5026, 659, 'Similar challenge', 213, 93, 10);
INSERT INTO album (album_id, artist_id, title, release_year, created_at) VALUES (660, 328, 'Synergized optimal adapter', 1987, NOW());
INSERT INTO song (song_id, album_id, name, duration_seconds, bpm, track_number) VALUES (5027, 660, 'Doctor', 152, 172, 1);
INSERT INTO song (song_id, album_id, name, duration_seconds, bpm, track_number) VALUES (5028, 660, 'Five finally', 276, 126, 2);
INSERT INTO song (song_id, album_id, name, duration_seconds, bpm, track_number) VALUES (5029, 660, 'Every', 166, 70, 3);
INSERT INTO song (song_id, album_id, name, duration_seconds, bpm, track_number) VALUES (5030, 660, 'Draw', 148, 90, 4);
INSERT INTO song (song_id, album_id, name, duration_seconds, bpm, track_number) VALUES (5031, 660, 'International throughout', 449, 89, 5);
INSERT INTO song (song_id, album_id, name, duration_seconds, bpm, track_number) VALUES (5032, 660, 'Since yard everybody', 364, 97, 6);
INSERT INTO song (song_id, album_id, name, duration_seconds, bpm, track_number) VALUES (5033, 660, 'Form different star', 350, 159, 7);
INSERT INTO album (album_id, artist_id, title, release_year, created_at) VALUES (661, 329, 'Automated 24/7 contingency', 1984, NOW());
INSERT INTO song (song_id, album_id, name, duration_seconds, bpm, track_number) VALUES (5034, 661, 'Have', 394, 164, 1);
INSERT INTO song (song_id, album_id, name, duration_seconds, bpm, track_number) VALUES (5035, 661, 'Feel common hope by smile', 380, 176, 2);
INSERT INTO song (song_id, album_id, name, duration_seconds, bpm, track_number) VALUES (5036, 661, 'Reduce', 350, 136, 3);
INSERT INTO song (song_id, album_id, name, duration_seconds, bpm, track_number) VALUES (5037, 661, 'Form ago', 299, 112, 4);
INSERT INTO song (song_id, album_id, name, duration_seconds, bpm, track_number) VALUES (5038, 661, 'Worker', 412, 163, 5);
INSERT INTO song (song_id, album_id, name, duration_seconds, bpm, track_number) VALUES (5039, 661, 'Nation item', 273, 148, 6);
INSERT INTO album (album_id, artist_id, title, release_year, created_at) VALUES (662, 329, 'Reduced multimedia help-desk', 2008, NOW());
INSERT INTO song (song_id, album_id, name, duration_seconds, bpm, track_number) VALUES (5040, 662, 'Place fact science', 232, 66, 1);
INSERT INTO song (song_id, album_id, name, duration_seconds, bpm, track_number) VALUES (5041, 662, 'Model return discover', 397, 62, 2);
INSERT INTO song (song_id, album_id, name, duration_seconds, bpm, track_number) VALUES (5042, 662, 'Attorney perform', 214, 121, 3);
INSERT INTO song (song_id, album_id, name, duration_seconds, bpm, track_number) VALUES (5043, 662, 'Available million television', 317, 62, 4);
INSERT INTO song (song_id, album_id, name, duration_seconds, bpm, track_number) VALUES (5044, 662, 'Their computer', 377, 170, 5);
INSERT INTO song (song_id, album_id, name, duration_seconds, bpm, track_number) VALUES (5045, 662, 'Thank among', 380, 151, 6);
INSERT INTO song (song_id, album_id, name, duration_seconds, bpm, track_number) VALUES (5046, 662, 'Not experience give experience', 345, 139, 7);
INSERT INTO song (song_id, album_id, name, duration_seconds, bpm, track_number) VALUES (5047, 662, 'Example', 131, 129, 8);
INSERT INTO album (album_id, artist_id, title, release_year, created_at) VALUES (663, 329, 'Vision-oriented 3rdgeneration migration', 1971, NOW());
INSERT INTO song (song_id, album_id, name, duration_seconds, bpm, track_number) VALUES (5048, 663, 'Radio need', 164, 98, 1);
INSERT INTO song (song_id, album_id, name, duration_seconds, bpm, track_number) VALUES (5049, 663, 'Concern million firm', 463, 139, 2);
INSERT INTO song (song_id, album_id, name, duration_seconds, bpm, track_number) VALUES (5050, 663, 'Assume possible', 189, 110, 3);
INSERT INTO song (song_id, album_id, name, duration_seconds, bpm, track_number) VALUES (5051, 663, 'Enjoy million image', 193, 137, 4);
INSERT INTO song (song_id, album_id, name, duration_seconds, bpm, track_number) VALUES (5052, 663, 'Hot reach reduce', 346, 168, 5);
INSERT INTO song (song_id, album_id, name, duration_seconds, bpm, track_number) VALUES (5053, 663, 'Want me', 419, 131, 6);
INSERT INTO song (song_id, album_id, name, duration_seconds, bpm, track_number) VALUES (5054, 663, 'Idea', 433, 139, 7);
INSERT INTO song (song_id, album_id, name, duration_seconds, bpm, track_number) VALUES (5055, 663, 'Either', 465, 69, 8);
INSERT INTO album (album_id, artist_id, title, release_year, created_at) VALUES (664, 330, 'Fundamental full-range array', 1994, NOW());
INSERT INTO song (song_id, album_id, name, duration_seconds, bpm, track_number) VALUES (5056, 664, 'Media color modern else', 187, 176, 1);
INSERT INTO song (song_id, album_id, name, duration_seconds, bpm, track_number) VALUES (5057, 664, 'Choose cold economy', 144, 152, 2);
INSERT INTO song (song_id, album_id, name, duration_seconds, bpm, track_number) VALUES (5058, 664, 'Box', 450, 87, 3);
INSERT INTO song (song_id, album_id, name, duration_seconds, bpm, track_number) VALUES (5059, 664, 'There various sea page', 402, 175, 4);
INSERT INTO song (song_id, album_id, name, duration_seconds, bpm, track_number) VALUES (5060, 664, 'Range', 132, 168, 5);
INSERT INTO song (song_id, album_id, name, duration_seconds, bpm, track_number) VALUES (5061, 664, 'Pretty', 423, 134, 6);
INSERT INTO song (song_id, album_id, name, duration_seconds, bpm, track_number) VALUES (5062, 664, 'My thought', 336, 94, 7);
INSERT INTO song (song_id, album_id, name, duration_seconds, bpm, track_number) VALUES (5063, 664, 'Conference practice', 452, 64, 8);
INSERT INTO song (song_id, album_id, name, duration_seconds, bpm, track_number) VALUES (5064, 664, 'Important look full nice', 385, 90, 9);
INSERT INTO song (song_id, album_id, name, duration_seconds, bpm, track_number) VALUES (5065, 664, 'Sport', 299, 96, 10);
INSERT INTO album (album_id, artist_id, title, release_year, created_at) VALUES (665, 330, 'Intuitive solution-oriented contingency', 2016, NOW());
INSERT INTO song (song_id, album_id, name, duration_seconds, bpm, track_number) VALUES (5066, 665, 'Tell', 269, 110, 1);
INSERT INTO song (song_id, album_id, name, duration_seconds, bpm, track_number) VALUES (5067, 665, 'Soon letter chance', 305, 82, 2);
INSERT INTO song (song_id, album_id, name, duration_seconds, bpm, track_number) VALUES (5068, 665, 'Television ground ever', 151, 78, 3);
INSERT INTO song (song_id, album_id, name, duration_seconds, bpm, track_number) VALUES (5069, 665, 'Well', 307, 125, 4);
INSERT INTO song (song_id, album_id, name, duration_seconds, bpm, track_number) VALUES (5070, 665, 'Discuss blood key', 203, 169, 5);
INSERT INTO song (song_id, album_id, name, duration_seconds, bpm, track_number) VALUES (5071, 665, 'Quickly', 189, 168, 6);
INSERT INTO song (song_id, album_id, name, duration_seconds, bpm, track_number) VALUES (5072, 665, 'Six himself rule', 197, 114, 7);
INSERT INTO song (song_id, album_id, name, duration_seconds, bpm, track_number) VALUES (5073, 665, 'Per', 129, 120, 8);
INSERT INTO song (song_id, album_id, name, duration_seconds, bpm, track_number) VALUES (5074, 665, 'Sport say choose theory', 314, 139, 9);
INSERT INTO album (album_id, artist_id, title, release_year, created_at) VALUES (666, 330, 'Multi-lateral executive challenge', 2018, NOW());
INSERT INTO song (song_id, album_id, name, duration_seconds, bpm, track_number) VALUES (5075, 666, 'Management', 425, 121, 1);
INSERT INTO song (song_id, album_id, name, duration_seconds, bpm, track_number) VALUES (5076, 666, 'Building these kind', 417, 110, 2);
INSERT INTO song (song_id, album_id, name, duration_seconds, bpm, track_number) VALUES (5077, 666, 'Vote today', 474, 134, 3);
INSERT INTO song (song_id, album_id, name, duration_seconds, bpm, track_number) VALUES (5078, 666, 'Pressure', 154, 74, 4);
INSERT INTO song (song_id, album_id, name, duration_seconds, bpm, track_number) VALUES (5079, 666, 'Only', 131, 116, 5);
INSERT INTO song (song_id, album_id, name, duration_seconds, bpm, track_number) VALUES (5080, 666, 'Break think open tax future', 186, 146, 6);
INSERT INTO song (song_id, album_id, name, duration_seconds, bpm, track_number) VALUES (5081, 666, 'Meeting', 133, 130, 7);
INSERT INTO song (song_id, album_id, name, duration_seconds, bpm, track_number) VALUES (5082, 666, 'Everything', 219, 83, 8);
INSERT INTO album (album_id, artist_id, title, release_year, created_at) VALUES (667, 331, 'Ameliorated content-based product', 1984, NOW());
INSERT INTO song (song_id, album_id, name, duration_seconds, bpm, track_number) VALUES (5083, 667, 'Stage', 443, 179, 1);
INSERT INTO song (song_id, album_id, name, duration_seconds, bpm, track_number) VALUES (5084, 667, 'Middle support fine', 410, 67, 2);
INSERT INTO song (song_id, album_id, name, duration_seconds, bpm, track_number) VALUES (5085, 667, 'Group relate', 162, 124, 3);
INSERT INTO song (song_id, album_id, name, duration_seconds, bpm, track_number) VALUES (5086, 667, 'Beat dinner', 460, 122, 4);
INSERT INTO song (song_id, album_id, name, duration_seconds, bpm, track_number) VALUES (5087, 667, 'Ok east', 416, 138, 5);
INSERT INTO song (song_id, album_id, name, duration_seconds, bpm, track_number) VALUES (5088, 667, 'Raise', 179, 138, 6);
INSERT INTO song (song_id, album_id, name, duration_seconds, bpm, track_number) VALUES (5089, 667, 'Cultural environment', 216, 102, 7);
INSERT INTO song (song_id, album_id, name, duration_seconds, bpm, track_number) VALUES (5090, 667, 'Traditional season', 290, 109, 8);
INSERT INTO song (song_id, album_id, name, duration_seconds, bpm, track_number) VALUES (5091, 667, 'Paper', 277, 80, 9);
INSERT INTO album (album_id, artist_id, title, release_year, created_at) VALUES (668, 331, 'Distributed 3rdgeneration focus group', 1996, NOW());
INSERT INTO song (song_id, album_id, name, duration_seconds, bpm, track_number) VALUES (5092, 668, 'Teacher development', 430, 61, 1);
INSERT INTO song (song_id, album_id, name, duration_seconds, bpm, track_number) VALUES (5093, 668, 'These step this', 337, 125, 2);
INSERT INTO song (song_id, album_id, name, duration_seconds, bpm, track_number) VALUES (5094, 668, 'Subject', 461, 82, 3);
INSERT INTO song (song_id, album_id, name, duration_seconds, bpm, track_number) VALUES (5095, 668, 'While', 192, 168, 4);
INSERT INTO song (song_id, album_id, name, duration_seconds, bpm, track_number) VALUES (5096, 668, 'When win enough', 258, 121, 5);
INSERT INTO song (song_id, album_id, name, duration_seconds, bpm, track_number) VALUES (5097, 668, 'Could', 398, 123, 6);
INSERT INTO song (song_id, album_id, name, duration_seconds, bpm, track_number) VALUES (5098, 668, 'While inside least goal', 371, 84, 7);
INSERT INTO album (album_id, artist_id, title, release_year, created_at) VALUES (669, 332, 'Expanded heuristic Local Area Network', 1998, NOW());
INSERT INTO song (song_id, album_id, name, duration_seconds, bpm, track_number) VALUES (5099, 669, 'Include guess help marriage', 239, 91, 1);
INSERT INTO song (song_id, album_id, name, duration_seconds, bpm, track_number) VALUES (5100, 669, 'Action', 333, 127, 2);
INSERT INTO song (song_id, album_id, name, duration_seconds, bpm, track_number) VALUES (5101, 669, 'Consumer light', 348, 96, 3);
INSERT INTO song (song_id, album_id, name, duration_seconds, bpm, track_number) VALUES (5102, 669, 'Loss', 445, 96, 4);
INSERT INTO song (song_id, album_id, name, duration_seconds, bpm, track_number) VALUES (5103, 669, 'Big', 381, 123, 5);
INSERT INTO song (song_id, album_id, name, duration_seconds, bpm, track_number) VALUES (5104, 669, 'Sense building behavior', 158, 84, 6);
INSERT INTO song (song_id, album_id, name, duration_seconds, bpm, track_number) VALUES (5105, 669, 'Like between wait fear', 175, 145, 7);
INSERT INTO song (song_id, album_id, name, duration_seconds, bpm, track_number) VALUES (5106, 669, 'Bring', 354, 96, 8);
INSERT INTO album (album_id, artist_id, title, release_year, created_at) VALUES (670, 332, 'Down-sized 4thgeneration circuit', 1983, NOW());
INSERT INTO song (song_id, album_id, name, duration_seconds, bpm, track_number) VALUES (5107, 670, 'Young', 438, 144, 1);
INSERT INTO song (song_id, album_id, name, duration_seconds, bpm, track_number) VALUES (5108, 670, 'Pull public during', 314, 94, 2);
INSERT INTO song (song_id, album_id, name, duration_seconds, bpm, track_number) VALUES (5109, 670, 'Over', 212, 134, 3);
INSERT INTO song (song_id, album_id, name, duration_seconds, bpm, track_number) VALUES (5110, 670, 'Final', 155, 95, 4);
INSERT INTO song (song_id, album_id, name, duration_seconds, bpm, track_number) VALUES (5111, 670, 'Somebody', 454, 76, 5);
INSERT INTO song (song_id, album_id, name, duration_seconds, bpm, track_number) VALUES (5112, 670, 'Standard watch', 273, 154, 6);
INSERT INTO song (song_id, album_id, name, duration_seconds, bpm, track_number) VALUES (5113, 670, 'Page', 142, 155, 7);
INSERT INTO song (song_id, album_id, name, duration_seconds, bpm, track_number) VALUES (5114, 670, 'Like room civil them', 397, 171, 8);
INSERT INTO song (song_id, album_id, name, duration_seconds, bpm, track_number) VALUES (5115, 670, 'Fact', 177, 87, 9);
INSERT INTO song (song_id, album_id, name, duration_seconds, bpm, track_number) VALUES (5116, 670, 'Although again', 186, 101, 10);
INSERT INTO album (album_id, artist_id, title, release_year, created_at) VALUES (671, 333, 'Advanced fresh-thinking methodology', 1986, NOW());
INSERT INTO song (song_id, album_id, name, duration_seconds, bpm, track_number) VALUES (5117, 671, 'Back', 186, 82, 1);
INSERT INTO song (song_id, album_id, name, duration_seconds, bpm, track_number) VALUES (5118, 671, 'Provide must', 473, 135, 2);
INSERT INTO song (song_id, album_id, name, duration_seconds, bpm, track_number) VALUES (5119, 671, 'Know result', 300, 93, 3);
INSERT INTO song (song_id, album_id, name, duration_seconds, bpm, track_number) VALUES (5120, 671, 'Leave', 159, 152, 4);
INSERT INTO song (song_id, album_id, name, duration_seconds, bpm, track_number) VALUES (5121, 671, 'Quickly bank inside', 229, 68, 5);
INSERT INTO song (song_id, album_id, name, duration_seconds, bpm, track_number) VALUES (5122, 671, 'Person provide information road religious', 316, 135, 6);
INSERT INTO album (album_id, artist_id, title, release_year, created_at) VALUES (672, 333, 'Visionary asymmetric website', 2011, NOW());
INSERT INTO song (song_id, album_id, name, duration_seconds, bpm, track_number) VALUES (5123, 672, 'Democrat candidate style', 311, 88, 1);
INSERT INTO song (song_id, album_id, name, duration_seconds, bpm, track_number) VALUES (5124, 672, 'Green', 428, 116, 2);
INSERT INTO song (song_id, album_id, name, duration_seconds, bpm, track_number) VALUES (5125, 672, 'Business', 419, 156, 3);
INSERT INTO song (song_id, album_id, name, duration_seconds, bpm, track_number) VALUES (5126, 672, 'Air', 319, 83, 4);
INSERT INTO song (song_id, album_id, name, duration_seconds, bpm, track_number) VALUES (5127, 672, 'Central', 388, 69, 5);
INSERT INTO song (song_id, album_id, name, duration_seconds, bpm, track_number) VALUES (5128, 672, 'Heart world', 147, 90, 6);
INSERT INTO song (song_id, album_id, name, duration_seconds, bpm, track_number) VALUES (5129, 672, 'Guess cold really economic', 452, 172, 7);
INSERT INTO song (song_id, album_id, name, duration_seconds, bpm, track_number) VALUES (5130, 672, 'Firm behavior', 297, 136, 8);
INSERT INTO song (song_id, album_id, name, duration_seconds, bpm, track_number) VALUES (5131, 672, 'Hard', 417, 69, 9);
INSERT INTO song (song_id, album_id, name, duration_seconds, bpm, track_number) VALUES (5132, 672, 'On amount couple', 354, 116, 10);
INSERT INTO album (album_id, artist_id, title, release_year, created_at) VALUES (673, 333, 'Cross-group systematic orchestration', 2000, NOW());
INSERT INTO song (song_id, album_id, name, duration_seconds, bpm, track_number) VALUES (5133, 673, 'Person so weight executive', 298, 100, 1);
INSERT INTO song (song_id, album_id, name, duration_seconds, bpm, track_number) VALUES (5134, 673, 'Day brother medical', 464, 91, 2);
INSERT INTO song (song_id, album_id, name, duration_seconds, bpm, track_number) VALUES (5135, 673, 'Create at machine', 149, 126, 3);
INSERT INTO song (song_id, album_id, name, duration_seconds, bpm, track_number) VALUES (5136, 673, 'Part or soldier hope', 385, 85, 4);
INSERT INTO song (song_id, album_id, name, duration_seconds, bpm, track_number) VALUES (5137, 673, 'Mission', 479, 144, 5);
INSERT INTO song (song_id, album_id, name, duration_seconds, bpm, track_number) VALUES (5138, 673, 'Plant', 455, 116, 6);
INSERT INTO song (song_id, album_id, name, duration_seconds, bpm, track_number) VALUES (5139, 673, 'Box although', 323, 73, 7);
INSERT INTO song (song_id, album_id, name, duration_seconds, bpm, track_number) VALUES (5140, 673, 'Compare so account camera', 182, 160, 8);
INSERT INTO song (song_id, album_id, name, duration_seconds, bpm, track_number) VALUES (5141, 673, 'Eye', 126, 98, 9);
INSERT INTO album (album_id, artist_id, title, release_year, created_at) VALUES (674, 334, 'Sharable zero tolerance matrix', 2020, NOW());
INSERT INTO song (song_id, album_id, name, duration_seconds, bpm, track_number) VALUES (5142, 674, 'Vote medical likely', 345, 115, 1);
INSERT INTO song (song_id, album_id, name, duration_seconds, bpm, track_number) VALUES (5143, 674, 'Member', 354, 73, 2);
INSERT INTO song (song_id, album_id, name, duration_seconds, bpm, track_number) VALUES (5144, 674, 'Key', 271, 168, 3);
INSERT INTO song (song_id, album_id, name, duration_seconds, bpm, track_number) VALUES (5145, 674, 'Movement be some', 460, 134, 4);
INSERT INTO song (song_id, album_id, name, duration_seconds, bpm, track_number) VALUES (5146, 674, 'Maybe', 283, 81, 5);
INSERT INTO song (song_id, album_id, name, duration_seconds, bpm, track_number) VALUES (5147, 674, 'Issue', 188, 102, 6);
INSERT INTO album (album_id, artist_id, title, release_year, created_at) VALUES (675, 334, 'Streamlined 3rdgeneration knowledgebase', 1997, NOW());
INSERT INTO song (song_id, album_id, name, duration_seconds, bpm, track_number) VALUES (5148, 675, 'Take ball', 381, 62, 1);
INSERT INTO song (song_id, album_id, name, duration_seconds, bpm, track_number) VALUES (5149, 675, 'Source', 437, 82, 2);
INSERT INTO song (song_id, album_id, name, duration_seconds, bpm, track_number) VALUES (5150, 675, 'Subject whole', 192, 172, 3);
INSERT INTO song (song_id, album_id, name, duration_seconds, bpm, track_number) VALUES (5151, 675, 'Type money my', 306, 90, 4);
INSERT INTO song (song_id, album_id, name, duration_seconds, bpm, track_number) VALUES (5152, 675, 'The claim enough', 477, 136, 5);
INSERT INTO album (album_id, artist_id, title, release_year, created_at) VALUES (676, 334, 'Reduced reciprocal open system', 1994, NOW());
INSERT INTO song (song_id, album_id, name, duration_seconds, bpm, track_number) VALUES (5153, 676, 'Art', 128, 180, 1);
INSERT INTO song (song_id, album_id, name, duration_seconds, bpm, track_number) VALUES (5154, 676, 'Read large record', 252, 159, 2);
INSERT INTO song (song_id, album_id, name, duration_seconds, bpm, track_number) VALUES (5155, 676, 'Lead', 381, 175, 3);
INSERT INTO song (song_id, album_id, name, duration_seconds, bpm, track_number) VALUES (5156, 676, 'Year', 402, 99, 4);
INSERT INTO song (song_id, album_id, name, duration_seconds, bpm, track_number) VALUES (5157, 676, 'Risk notice', 357, 89, 5);
INSERT INTO album (album_id, artist_id, title, release_year, created_at) VALUES (677, 335, 'Up-sized directional leverage', 2018, NOW());
INSERT INTO song (song_id, album_id, name, duration_seconds, bpm, track_number) VALUES (5158, 677, 'Agreement like', 406, 143, 1);
INSERT INTO song (song_id, album_id, name, duration_seconds, bpm, track_number) VALUES (5159, 677, 'Economy language difference', 271, 63, 2);
INSERT INTO song (song_id, album_id, name, duration_seconds, bpm, track_number) VALUES (5160, 677, 'Page', 285, 150, 3);
INSERT INTO song (song_id, album_id, name, duration_seconds, bpm, track_number) VALUES (5161, 677, 'City floor budget', 466, 82, 4);
INSERT INTO song (song_id, album_id, name, duration_seconds, bpm, track_number) VALUES (5162, 677, 'Organization heavy', 165, 81, 5);
INSERT INTO song (song_id, album_id, name, duration_seconds, bpm, track_number) VALUES (5163, 677, 'Themselves score', 284, 63, 6);
INSERT INTO song (song_id, album_id, name, duration_seconds, bpm, track_number) VALUES (5164, 677, 'South', 432, 165, 7);
INSERT INTO song (song_id, album_id, name, duration_seconds, bpm, track_number) VALUES (5165, 677, 'Position energy town', 169, 176, 8);
INSERT INTO song (song_id, album_id, name, duration_seconds, bpm, track_number) VALUES (5166, 677, 'Standard', 449, 143, 9);
INSERT INTO song (song_id, album_id, name, duration_seconds, bpm, track_number) VALUES (5167, 677, 'Current enter two eat', 209, 108, 10);
INSERT INTO album (album_id, artist_id, title, release_year, created_at) VALUES (678, 335, 'Enterprise-wide empowering hardware', 2020, NOW());
INSERT INTO song (song_id, album_id, name, duration_seconds, bpm, track_number) VALUES (5168, 678, 'Outside', 321, 135, 1);
INSERT INTO song (song_id, album_id, name, duration_seconds, bpm, track_number) VALUES (5169, 678, 'City', 255, 70, 2);
INSERT INTO song (song_id, album_id, name, duration_seconds, bpm, track_number) VALUES (5170, 678, 'Night section enter this third', 349, 109, 3);
INSERT INTO song (song_id, album_id, name, duration_seconds, bpm, track_number) VALUES (5171, 678, 'Although', 433, 118, 4);
INSERT INTO song (song_id, album_id, name, duration_seconds, bpm, track_number) VALUES (5172, 678, 'Past expert', 366, 130, 5);
INSERT INTO song (song_id, album_id, name, duration_seconds, bpm, track_number) VALUES (5173, 678, 'Social', 315, 117, 6);
INSERT INTO song (song_id, album_id, name, duration_seconds, bpm, track_number) VALUES (5174, 678, 'Deal grow', 352, 169, 7);
INSERT INTO song (song_id, album_id, name, duration_seconds, bpm, track_number) VALUES (5175, 678, 'Something by', 282, 111, 8);
INSERT INTO song (song_id, album_id, name, duration_seconds, bpm, track_number) VALUES (5176, 678, 'Energy', 166, 92, 9);
INSERT INTO song (song_id, album_id, name, duration_seconds, bpm, track_number) VALUES (5177, 678, 'Resource science', 472, 173, 10);
INSERT INTO album (album_id, artist_id, title, release_year, created_at) VALUES (679, 336, 'Automated needs-based Internet solution', 1990, NOW());
INSERT INTO song (song_id, album_id, name, duration_seconds, bpm, track_number) VALUES (5178, 679, 'Organization', 215, 150, 1);
INSERT INTO song (song_id, album_id, name, duration_seconds, bpm, track_number) VALUES (5179, 679, 'Possible treatment', 329, 81, 2);
INSERT INTO song (song_id, album_id, name, duration_seconds, bpm, track_number) VALUES (5180, 679, 'Resource ground', 372, 177, 3);
INSERT INTO song (song_id, album_id, name, duration_seconds, bpm, track_number) VALUES (5181, 679, 'Soldier almost forget general field', 281, 65, 4);
INSERT INTO song (song_id, album_id, name, duration_seconds, bpm, track_number) VALUES (5182, 679, 'Dinner', 169, 171, 5);
INSERT INTO song (song_id, album_id, name, duration_seconds, bpm, track_number) VALUES (5183, 679, 'Perhaps low something available politics', 469, 170, 6);
INSERT INTO song (song_id, album_id, name, duration_seconds, bpm, track_number) VALUES (5184, 679, 'Just', 286, 126, 7);
INSERT INTO song (song_id, album_id, name, duration_seconds, bpm, track_number) VALUES (5185, 679, 'National', 229, 61, 8);
INSERT INTO song (song_id, album_id, name, duration_seconds, bpm, track_number) VALUES (5186, 679, 'Culture recently early', 299, 81, 9);
INSERT INTO album (album_id, artist_id, title, release_year, created_at) VALUES (680, 336, 'Face-to-face clear-thinking complexity', 2013, NOW());
INSERT INTO song (song_id, album_id, name, duration_seconds, bpm, track_number) VALUES (5187, 680, 'Should number', 206, 126, 1);
INSERT INTO song (song_id, album_id, name, duration_seconds, bpm, track_number) VALUES (5188, 680, 'Myself', 244, 111, 2);
INSERT INTO song (song_id, album_id, name, duration_seconds, bpm, track_number) VALUES (5189, 680, 'Guess', 231, 73, 3);
INSERT INTO song (song_id, album_id, name, duration_seconds, bpm, track_number) VALUES (5190, 680, 'Worry', 310, 179, 4);
INSERT INTO song (song_id, album_id, name, duration_seconds, bpm, track_number) VALUES (5191, 680, 'Start', 202, 73, 5);
INSERT INTO song (song_id, album_id, name, duration_seconds, bpm, track_number) VALUES (5192, 680, 'Fall', 209, 158, 6);
INSERT INTO song (song_id, album_id, name, duration_seconds, bpm, track_number) VALUES (5193, 680, 'Serious capital', 148, 156, 7);
INSERT INTO song (song_id, album_id, name, duration_seconds, bpm, track_number) VALUES (5194, 680, 'Nature morning', 277, 90, 8);
INSERT INTO song (song_id, album_id, name, duration_seconds, bpm, track_number) VALUES (5195, 680, 'Key', 418, 137, 9);
INSERT INTO album (album_id, artist_id, title, release_year, created_at) VALUES (681, 337, 'Re-engineered interactive focus group', 1991, NOW());
INSERT INTO song (song_id, album_id, name, duration_seconds, bpm, track_number) VALUES (5196, 681, 'Later contain', 359, 178, 1);
INSERT INTO song (song_id, album_id, name, duration_seconds, bpm, track_number) VALUES (5197, 681, 'Recognize suggest', 346, 144, 2);
INSERT INTO song (song_id, album_id, name, duration_seconds, bpm, track_number) VALUES (5198, 681, 'Your', 198, 97, 3);
INSERT INTO song (song_id, album_id, name, duration_seconds, bpm, track_number) VALUES (5199, 681, 'Alone plan', 224, 153, 4);
INSERT INTO song (song_id, album_id, name, duration_seconds, bpm, track_number) VALUES (5200, 681, 'Deal place TV', 178, 140, 5);
INSERT INTO song (song_id, album_id, name, duration_seconds, bpm, track_number) VALUES (5201, 681, 'Finish response standard watch', 446, 156, 6);
INSERT INTO song (song_id, album_id, name, duration_seconds, bpm, track_number) VALUES (5202, 681, 'Second', 176, 110, 7);
INSERT INTO album (album_id, artist_id, title, release_year, created_at) VALUES (682, 337, 'Persistent bandwidth-monitored neural-net', 2009, NOW());
INSERT INTO song (song_id, album_id, name, duration_seconds, bpm, track_number) VALUES (5203, 682, 'Management area', 339, 91, 1);
INSERT INTO song (song_id, album_id, name, duration_seconds, bpm, track_number) VALUES (5204, 682, 'Low somebody', 212, 71, 2);
INSERT INTO song (song_id, album_id, name, duration_seconds, bpm, track_number) VALUES (5205, 682, 'Nothing behavior', 302, 162, 3);
INSERT INTO song (song_id, album_id, name, duration_seconds, bpm, track_number) VALUES (5206, 682, 'Past write', 328, 155, 4);
INSERT INTO song (song_id, album_id, name, duration_seconds, bpm, track_number) VALUES (5207, 682, 'Popular itself prepare', 354, 133, 5);
INSERT INTO song (song_id, album_id, name, duration_seconds, bpm, track_number) VALUES (5208, 682, 'Decade suddenly', 242, 99, 6);
INSERT INTO album (album_id, artist_id, title, release_year, created_at) VALUES (683, 338, 'Object-based multi-tasking Graphic Interface', 2012, NOW());
INSERT INTO song (song_id, album_id, name, duration_seconds, bpm, track_number) VALUES (5209, 683, 'Just', 479, 114, 1);
INSERT INTO song (song_id, album_id, name, duration_seconds, bpm, track_number) VALUES (5210, 683, 'Understand much particular enter', 382, 61, 2);
INSERT INTO song (song_id, album_id, name, duration_seconds, bpm, track_number) VALUES (5211, 683, 'Hit imagine', 314, 163, 3);
INSERT INTO song (song_id, album_id, name, duration_seconds, bpm, track_number) VALUES (5212, 683, 'Gas', 329, 94, 4);
INSERT INTO song (song_id, album_id, name, duration_seconds, bpm, track_number) VALUES (5213, 683, 'Difference quality finally', 268, 95, 5);
INSERT INTO song (song_id, album_id, name, duration_seconds, bpm, track_number) VALUES (5214, 683, 'Add condition accept', 199, 84, 6);
INSERT INTO song (song_id, album_id, name, duration_seconds, bpm, track_number) VALUES (5215, 683, 'National hope item', 397, 62, 7);
INSERT INTO song (song_id, album_id, name, duration_seconds, bpm, track_number) VALUES (5216, 683, 'Wish raise', 474, 115, 8);
INSERT INTO album (album_id, artist_id, title, release_year, created_at) VALUES (684, 338, 'Up-sized 24hour secured line', 2023, NOW());
INSERT INTO song (song_id, album_id, name, duration_seconds, bpm, track_number) VALUES (5217, 684, 'Feel sea keep', 393, 75, 1);
INSERT INTO song (song_id, album_id, name, duration_seconds, bpm, track_number) VALUES (5218, 684, 'Feel little Democrat', 143, 170, 2);
INSERT INTO song (song_id, album_id, name, duration_seconds, bpm, track_number) VALUES (5219, 684, 'Good hit', 191, 94, 3);
INSERT INTO song (song_id, album_id, name, duration_seconds, bpm, track_number) VALUES (5220, 684, 'Record', 260, 113, 4);
INSERT INTO song (song_id, album_id, name, duration_seconds, bpm, track_number) VALUES (5221, 684, 'Industry', 314, 146, 5);
INSERT INTO song (song_id, album_id, name, duration_seconds, bpm, track_number) VALUES (5222, 684, 'Area growth', 328, 74, 6);
INSERT INTO song (song_id, album_id, name, duration_seconds, bpm, track_number) VALUES (5223, 684, 'Paper material discussion', 437, 171, 7);
INSERT INTO song (song_id, album_id, name, duration_seconds, bpm, track_number) VALUES (5224, 684, 'National glass', 259, 126, 8);
INSERT INTO album (album_id, artist_id, title, release_year, created_at) VALUES (685, 338, 'Self-enabling zero-defect Graphic Interface', 1982, NOW());
INSERT INTO song (song_id, album_id, name, duration_seconds, bpm, track_number) VALUES (5225, 685, 'Realize car throughout suggest', 388, 65, 1);
INSERT INTO song (song_id, album_id, name, duration_seconds, bpm, track_number) VALUES (5226, 685, 'Serve local good', 464, 109, 2);
INSERT INTO song (song_id, album_id, name, duration_seconds, bpm, track_number) VALUES (5227, 685, 'Western in', 279, 141, 3);
INSERT INTO song (song_id, album_id, name, duration_seconds, bpm, track_number) VALUES (5228, 685, 'Part fill', 343, 72, 4);
INSERT INTO song (song_id, album_id, name, duration_seconds, bpm, track_number) VALUES (5229, 685, 'North', 207, 87, 5);
INSERT INTO song (song_id, album_id, name, duration_seconds, bpm, track_number) VALUES (5230, 685, 'Particularly benefit would course again', 137, 169, 6);
INSERT INTO song (song_id, album_id, name, duration_seconds, bpm, track_number) VALUES (5231, 685, 'Quickly that', 405, 163, 7);
INSERT INTO album (album_id, artist_id, title, release_year, created_at) VALUES (686, 339, 'Optional national protocol', 2006, NOW());
INSERT INTO song (song_id, album_id, name, duration_seconds, bpm, track_number) VALUES (5232, 686, 'Nice', 294, 75, 1);
INSERT INTO song (song_id, album_id, name, duration_seconds, bpm, track_number) VALUES (5233, 686, 'Position maintain body understand alone', 369, 155, 2);
INSERT INTO song (song_id, album_id, name, duration_seconds, bpm, track_number) VALUES (5234, 686, 'Easy', 382, 87, 3);
INSERT INTO song (song_id, album_id, name, duration_seconds, bpm, track_number) VALUES (5235, 686, 'Audience three thought until', 323, 134, 4);
INSERT INTO song (song_id, album_id, name, duration_seconds, bpm, track_number) VALUES (5236, 686, 'Those speak security', 407, 73, 5);
INSERT INTO song (song_id, album_id, name, duration_seconds, bpm, track_number) VALUES (5237, 686, 'Member', 427, 135, 6);
INSERT INTO album (album_id, artist_id, title, release_year, created_at) VALUES (687, 340, 'Grass-roots heuristic success', 1981, NOW());
INSERT INTO song (song_id, album_id, name, duration_seconds, bpm, track_number) VALUES (5238, 687, 'Business field', 378, 123, 1);
INSERT INTO song (song_id, album_id, name, duration_seconds, bpm, track_number) VALUES (5239, 687, 'Five general major', 307, 105, 2);
INSERT INTO song (song_id, album_id, name, duration_seconds, bpm, track_number) VALUES (5240, 687, 'First suffer', 261, 178, 3);
INSERT INTO song (song_id, album_id, name, duration_seconds, bpm, track_number) VALUES (5241, 687, 'Test treatment organization tree', 450, 124, 4);
INSERT INTO song (song_id, album_id, name, duration_seconds, bpm, track_number) VALUES (5242, 687, 'Tree huge also response', 203, 143, 5);
INSERT INTO song (song_id, album_id, name, duration_seconds, bpm, track_number) VALUES (5243, 687, 'Attack', 476, 123, 6);
INSERT INTO song (song_id, album_id, name, duration_seconds, bpm, track_number) VALUES (5244, 687, 'To college discuss', 327, 166, 7);
INSERT INTO song (song_id, album_id, name, duration_seconds, bpm, track_number) VALUES (5245, 687, 'Writer', 374, 150, 8);
INSERT INTO song (song_id, album_id, name, duration_seconds, bpm, track_number) VALUES (5246, 687, 'Where', 344, 156, 9);
INSERT INTO song (song_id, album_id, name, duration_seconds, bpm, track_number) VALUES (5247, 687, 'Debate with', 390, 135, 10);
INSERT INTO album (album_id, artist_id, title, release_year, created_at) VALUES (688, 340, 'Profound eco-centric moderator', 1973, NOW());
INSERT INTO song (song_id, album_id, name, duration_seconds, bpm, track_number) VALUES (5248, 688, 'People line', 225, 87, 1);
INSERT INTO song (song_id, album_id, name, duration_seconds, bpm, track_number) VALUES (5249, 688, 'Fill picture', 233, 158, 2);
INSERT INTO song (song_id, album_id, name, duration_seconds, bpm, track_number) VALUES (5250, 688, 'Increase professional class serve', 457, 93, 3);
INSERT INTO song (song_id, album_id, name, duration_seconds, bpm, track_number) VALUES (5251, 688, 'Enjoy moment', 420, 146, 4);
INSERT INTO song (song_id, album_id, name, duration_seconds, bpm, track_number) VALUES (5252, 688, 'Send threat', 312, 89, 5);
INSERT INTO song (song_id, album_id, name, duration_seconds, bpm, track_number) VALUES (5253, 688, 'Area huge subject', 290, 155, 6);
INSERT INTO album (album_id, artist_id, title, release_year, created_at) VALUES (689, 341, 'Optimized value-added help-desk', 2011, NOW());
INSERT INTO song (song_id, album_id, name, duration_seconds, bpm, track_number) VALUES (5254, 689, 'Until', 209, 74, 1);
INSERT INTO song (song_id, album_id, name, duration_seconds, bpm, track_number) VALUES (5255, 689, 'Time', 283, 83, 2);
INSERT INTO song (song_id, album_id, name, duration_seconds, bpm, track_number) VALUES (5256, 689, 'Argue eat', 130, 73, 3);
INSERT INTO song (song_id, album_id, name, duration_seconds, bpm, track_number) VALUES (5257, 689, 'Wear down', 216, 102, 4);
INSERT INTO song (song_id, album_id, name, duration_seconds, bpm, track_number) VALUES (5258, 689, 'Worker compare', 411, 179, 5);
INSERT INTO song (song_id, album_id, name, duration_seconds, bpm, track_number) VALUES (5259, 689, 'Big', 262, 180, 6);
INSERT INTO song (song_id, album_id, name, duration_seconds, bpm, track_number) VALUES (5260, 689, 'During', 122, 63, 7);
INSERT INTO song (song_id, album_id, name, duration_seconds, bpm, track_number) VALUES (5261, 689, 'So', 266, 150, 8);
INSERT INTO song (song_id, album_id, name, duration_seconds, bpm, track_number) VALUES (5262, 689, 'Up', 301, 142, 9);
INSERT INTO album (album_id, artist_id, title, release_year, created_at) VALUES (690, 342, 'Horizontal value-added frame', 2018, NOW());
INSERT INTO song (song_id, album_id, name, duration_seconds, bpm, track_number) VALUES (5263, 690, 'Friend off one three best', 216, 107, 1);
INSERT INTO song (song_id, album_id, name, duration_seconds, bpm, track_number) VALUES (5264, 690, 'Glass prepare technology second skill', 369, 106, 2);
INSERT INTO song (song_id, album_id, name, duration_seconds, bpm, track_number) VALUES (5265, 690, 'Perform hotel benefit', 453, 144, 3);
INSERT INTO song (song_id, album_id, name, duration_seconds, bpm, track_number) VALUES (5266, 690, 'Kid area', 218, 114, 4);
INSERT INTO song (song_id, album_id, name, duration_seconds, bpm, track_number) VALUES (5267, 690, 'Blue', 328, 154, 5);
INSERT INTO song (song_id, album_id, name, duration_seconds, bpm, track_number) VALUES (5268, 690, 'Reality', 120, 70, 6);
INSERT INTO song (song_id, album_id, name, duration_seconds, bpm, track_number) VALUES (5269, 690, 'However enough', 161, 103, 7);
INSERT INTO album (album_id, artist_id, title, release_year, created_at) VALUES (691, 342, 'Decentralized composite alliance', 1993, NOW());
INSERT INTO song (song_id, album_id, name, duration_seconds, bpm, track_number) VALUES (5270, 691, 'Example everything visit type', 262, 93, 1);
INSERT INTO song (song_id, album_id, name, duration_seconds, bpm, track_number) VALUES (5271, 691, 'Off', 279, 156, 2);
INSERT INTO song (song_id, album_id, name, duration_seconds, bpm, track_number) VALUES (5272, 691, 'Wish these', 175, 113, 3);
INSERT INTO song (song_id, album_id, name, duration_seconds, bpm, track_number) VALUES (5273, 691, 'Themselves', 185, 159, 4);
INSERT INTO song (song_id, album_id, name, duration_seconds, bpm, track_number) VALUES (5274, 691, 'Least sea', 194, 61, 5);
INSERT INTO song (song_id, album_id, name, duration_seconds, bpm, track_number) VALUES (5275, 691, 'Have name', 188, 161, 6);
INSERT INTO album (album_id, artist_id, title, release_year, created_at) VALUES (692, 342, 'Proactive needs-based strategy', 1995, NOW());
INSERT INTO song (song_id, album_id, name, duration_seconds, bpm, track_number) VALUES (5276, 692, 'Public', 425, 113, 1);
INSERT INTO song (song_id, album_id, name, duration_seconds, bpm, track_number) VALUES (5277, 692, 'Drug', 446, 75, 2);
INSERT INTO song (song_id, album_id, name, duration_seconds, bpm, track_number) VALUES (5278, 692, 'Risk soldier', 284, 170, 3);
INSERT INTO song (song_id, album_id, name, duration_seconds, bpm, track_number) VALUES (5279, 692, 'Dark wrong fish hard product', 391, 73, 4);
INSERT INTO song (song_id, album_id, name, duration_seconds, bpm, track_number) VALUES (5280, 692, 'Government form quality', 296, 101, 5);
INSERT INTO song (song_id, album_id, name, duration_seconds, bpm, track_number) VALUES (5281, 692, 'Around', 463, 67, 6);
INSERT INTO song (song_id, album_id, name, duration_seconds, bpm, track_number) VALUES (5282, 692, 'Catch', 430, 105, 7);
INSERT INTO album (album_id, artist_id, title, release_year, created_at) VALUES (693, 343, 'Reactive exuding implementation', 2026, NOW());
INSERT INTO song (song_id, album_id, name, duration_seconds, bpm, track_number) VALUES (5283, 693, 'All year', 300, 101, 1);
INSERT INTO song (song_id, album_id, name, duration_seconds, bpm, track_number) VALUES (5284, 693, 'Hundred look', 152, 132, 2);
INSERT INTO song (song_id, album_id, name, duration_seconds, bpm, track_number) VALUES (5285, 693, 'Inside light', 470, 162, 3);
INSERT INTO song (song_id, album_id, name, duration_seconds, bpm, track_number) VALUES (5286, 693, 'Benefit', 369, 135, 4);
INSERT INTO song (song_id, album_id, name, duration_seconds, bpm, track_number) VALUES (5287, 693, 'Popular tough action', 401, 163, 5);
INSERT INTO song (song_id, album_id, name, duration_seconds, bpm, track_number) VALUES (5288, 693, 'Last coach', 349, 74, 6);
INSERT INTO song (song_id, album_id, name, duration_seconds, bpm, track_number) VALUES (5289, 693, 'Recognize', 443, 175, 7);
INSERT INTO song (song_id, album_id, name, duration_seconds, bpm, track_number) VALUES (5290, 693, 'Relationship', 284, 140, 8);
INSERT INTO album (album_id, artist_id, title, release_year, created_at) VALUES (694, 343, 'Proactive full-range interface', 1971, NOW());
INSERT INTO song (song_id, album_id, name, duration_seconds, bpm, track_number) VALUES (5291, 694, 'First', 311, 143, 1);
INSERT INTO song (song_id, album_id, name, duration_seconds, bpm, track_number) VALUES (5292, 694, 'Sort spend ground discussion', 474, 144, 2);
INSERT INTO song (song_id, album_id, name, duration_seconds, bpm, track_number) VALUES (5293, 694, 'Concern', 461, 106, 3);
INSERT INTO song (song_id, album_id, name, duration_seconds, bpm, track_number) VALUES (5294, 694, 'Decide require', 361, 73, 4);
INSERT INTO song (song_id, album_id, name, duration_seconds, bpm, track_number) VALUES (5295, 694, 'Notice', 439, 70, 5);
INSERT INTO album (album_id, artist_id, title, release_year, created_at) VALUES (695, 344, 'Profound executive groupware', 2008, NOW());
INSERT INTO song (song_id, album_id, name, duration_seconds, bpm, track_number) VALUES (5296, 695, 'Conference', 340, 60, 1);
INSERT INTO song (song_id, album_id, name, duration_seconds, bpm, track_number) VALUES (5297, 695, 'Special ability experience', 463, 109, 2);
INSERT INTO song (song_id, album_id, name, duration_seconds, bpm, track_number) VALUES (5298, 695, 'Herself energy', 388, 153, 3);
INSERT INTO song (song_id, album_id, name, duration_seconds, bpm, track_number) VALUES (5299, 695, 'General', 372, 147, 4);
INSERT INTO song (song_id, album_id, name, duration_seconds, bpm, track_number) VALUES (5300, 695, 'Buy decade', 161, 82, 5);
INSERT INTO album (album_id, artist_id, title, release_year, created_at) VALUES (696, 344, 'Extended disintermediate policy', 1974, NOW());
INSERT INTO song (song_id, album_id, name, duration_seconds, bpm, track_number) VALUES (5301, 696, 'Blood little', 142, 174, 1);
INSERT INTO song (song_id, album_id, name, duration_seconds, bpm, track_number) VALUES (5302, 696, 'Deep moment', 419, 108, 2);
INSERT INTO song (song_id, album_id, name, duration_seconds, bpm, track_number) VALUES (5303, 696, 'Other', 312, 169, 3);
INSERT INTO song (song_id, album_id, name, duration_seconds, bpm, track_number) VALUES (5304, 696, 'If recently may', 333, 60, 4);
INSERT INTO song (song_id, album_id, name, duration_seconds, bpm, track_number) VALUES (5305, 696, 'Today why know', 177, 106, 5);
INSERT INTO album (album_id, artist_id, title, release_year, created_at) VALUES (697, 344, 'Customizable client-server function', 1993, NOW());
INSERT INTO song (song_id, album_id, name, duration_seconds, bpm, track_number) VALUES (5306, 697, 'Front cost avoid name', 347, 101, 1);
INSERT INTO song (song_id, album_id, name, duration_seconds, bpm, track_number) VALUES (5307, 697, 'Popular region partner', 338, 62, 2);
INSERT INTO song (song_id, album_id, name, duration_seconds, bpm, track_number) VALUES (5308, 697, 'Hope', 277, 101, 3);
INSERT INTO song (song_id, album_id, name, duration_seconds, bpm, track_number) VALUES (5309, 697, 'Shake tonight', 458, 127, 4);
INSERT INTO song (song_id, album_id, name, duration_seconds, bpm, track_number) VALUES (5310, 697, 'Often', 319, 135, 5);
INSERT INTO album (album_id, artist_id, title, release_year, created_at) VALUES (698, 345, 'Advanced asymmetric algorithm', 2021, NOW());
INSERT INTO song (song_id, album_id, name, duration_seconds, bpm, track_number) VALUES (5311, 698, 'Modern will Congress happen', 142, 99, 1);
INSERT INTO song (song_id, album_id, name, duration_seconds, bpm, track_number) VALUES (5312, 698, 'Husband', 322, 156, 2);
INSERT INTO song (song_id, album_id, name, duration_seconds, bpm, track_number) VALUES (5313, 698, 'Production least', 247, 79, 3);
INSERT INTO song (song_id, album_id, name, duration_seconds, bpm, track_number) VALUES (5314, 698, 'Along', 129, 72, 4);
INSERT INTO song (song_id, album_id, name, duration_seconds, bpm, track_number) VALUES (5315, 698, 'Identify want you time about', 384, 69, 5);
INSERT INTO song (song_id, album_id, name, duration_seconds, bpm, track_number) VALUES (5316, 698, 'Just determine American', 246, 157, 6);
INSERT INTO song (song_id, album_id, name, duration_seconds, bpm, track_number) VALUES (5317, 698, 'House', 478, 130, 7);
INSERT INTO song (song_id, album_id, name, duration_seconds, bpm, track_number) VALUES (5318, 698, 'Pull', 252, 136, 8);
INSERT INTO album (album_id, artist_id, title, release_year, created_at) VALUES (699, 346, 'Centralized client-server service-desk', 2013, NOW());
INSERT INTO song (song_id, album_id, name, duration_seconds, bpm, track_number) VALUES (5319, 699, 'Seven', 445, 95, 1);
INSERT INTO song (song_id, album_id, name, duration_seconds, bpm, track_number) VALUES (5320, 699, 'Method Mr race run choose', 360, 175, 2);
INSERT INTO song (song_id, album_id, name, duration_seconds, bpm, track_number) VALUES (5321, 699, 'Wrong', 298, 94, 3);
INSERT INTO song (song_id, album_id, name, duration_seconds, bpm, track_number) VALUES (5322, 699, 'Trip', 225, 86, 4);
INSERT INTO song (song_id, album_id, name, duration_seconds, bpm, track_number) VALUES (5323, 699, 'Radio', 280, 61, 5);
INSERT INTO song (song_id, album_id, name, duration_seconds, bpm, track_number) VALUES (5324, 699, 'Work', 123, 157, 6);
INSERT INTO song (song_id, album_id, name, duration_seconds, bpm, track_number) VALUES (5325, 699, 'Decision movement activity', 403, 86, 7);
INSERT INTO song (song_id, album_id, name, duration_seconds, bpm, track_number) VALUES (5326, 699, 'Financial', 302, 142, 8);
INSERT INTO song (song_id, album_id, name, duration_seconds, bpm, track_number) VALUES (5327, 699, 'Cultural hear like here', 138, 122, 9);
INSERT INTO song (song_id, album_id, name, duration_seconds, bpm, track_number) VALUES (5328, 699, 'Through customer option', 166, 61, 10);
INSERT INTO album (album_id, artist_id, title, release_year, created_at) VALUES (700, 347, 'Ergonomic bottom-line utilization', 1983, NOW());
INSERT INTO song (song_id, album_id, name, duration_seconds, bpm, track_number) VALUES (5329, 700, 'Boy day', 186, 116, 1);
INSERT INTO song (song_id, album_id, name, duration_seconds, bpm, track_number) VALUES (5330, 700, 'Ask', 323, 109, 2);
INSERT INTO song (song_id, album_id, name, duration_seconds, bpm, track_number) VALUES (5331, 700, 'Buy least', 198, 161, 3);
INSERT INTO song (song_id, album_id, name, duration_seconds, bpm, track_number) VALUES (5332, 700, 'Question sometimes leader', 415, 158, 4);
INSERT INTO song (song_id, album_id, name, duration_seconds, bpm, track_number) VALUES (5333, 700, 'Goal your painting', 408, 101, 5);
INSERT INTO song (song_id, album_id, name, duration_seconds, bpm, track_number) VALUES (5334, 700, 'Operation necessary agreement force', 178, 81, 6);
INSERT INTO song (song_id, album_id, name, duration_seconds, bpm, track_number) VALUES (5335, 700, 'Trade bed chair', 353, 91, 7);
INSERT INTO song (song_id, album_id, name, duration_seconds, bpm, track_number) VALUES (5336, 700, 'Him', 124, 160, 8);
INSERT INTO album (album_id, artist_id, title, release_year, created_at) VALUES (701, 348, 'Stand-alone background methodology', 2020, NOW());
INSERT INTO song (song_id, album_id, name, duration_seconds, bpm, track_number) VALUES (5337, 701, 'These open yes market', 408, 80, 1);
INSERT INTO song (song_id, album_id, name, duration_seconds, bpm, track_number) VALUES (5338, 701, 'Help', 454, 96, 2);
INSERT INTO song (song_id, album_id, name, duration_seconds, bpm, track_number) VALUES (5339, 701, 'Health dark finish', 193, 131, 3);
INSERT INTO song (song_id, album_id, name, duration_seconds, bpm, track_number) VALUES (5340, 701, 'Much fact', 479, 77, 4);
INSERT INTO song (song_id, album_id, name, duration_seconds, bpm, track_number) VALUES (5341, 701, 'Eat trial by', 273, 179, 5);
INSERT INTO song (song_id, album_id, name, duration_seconds, bpm, track_number) VALUES (5342, 701, 'Few', 186, 126, 6);
INSERT INTO song (song_id, album_id, name, duration_seconds, bpm, track_number) VALUES (5343, 701, 'Behavior', 365, 105, 7);
INSERT INTO song (song_id, album_id, name, duration_seconds, bpm, track_number) VALUES (5344, 701, 'Thought act', 335, 134, 8);
INSERT INTO album (album_id, artist_id, title, release_year, created_at) VALUES (702, 349, 'Managed context-sensitive flexibility', 1995, NOW());
INSERT INTO song (song_id, album_id, name, duration_seconds, bpm, track_number) VALUES (5345, 702, 'Address determine lay language step', 219, 110, 1);
INSERT INTO song (song_id, album_id, name, duration_seconds, bpm, track_number) VALUES (5346, 702, 'Pattern', 180, 85, 2);
INSERT INTO song (song_id, album_id, name, duration_seconds, bpm, track_number) VALUES (5347, 702, 'Key public can represent until', 379, 157, 3);
INSERT INTO song (song_id, album_id, name, duration_seconds, bpm, track_number) VALUES (5348, 702, 'Task small marriage', 380, 147, 4);
INSERT INTO song (song_id, album_id, name, duration_seconds, bpm, track_number) VALUES (5349, 702, 'Consumer', 131, 157, 5);
INSERT INTO song (song_id, album_id, name, duration_seconds, bpm, track_number) VALUES (5350, 702, 'Production', 159, 170, 6);
INSERT INTO album (album_id, artist_id, title, release_year, created_at) VALUES (703, 349, 'Adaptive well-modulated system engine', 1982, NOW());
INSERT INTO song (song_id, album_id, name, duration_seconds, bpm, track_number) VALUES (5351, 703, 'Approach close', 138, 177, 1);
INSERT INTO song (song_id, album_id, name, duration_seconds, bpm, track_number) VALUES (5352, 703, 'Yard lead', 182, 131, 2);
INSERT INTO song (song_id, album_id, name, duration_seconds, bpm, track_number) VALUES (5353, 703, 'Into season marriage', 422, 67, 3);
INSERT INTO song (song_id, album_id, name, duration_seconds, bpm, track_number) VALUES (5354, 703, 'Should control', 322, 180, 4);
INSERT INTO song (song_id, album_id, name, duration_seconds, bpm, track_number) VALUES (5355, 703, 'Power', 310, 105, 5);
INSERT INTO song (song_id, album_id, name, duration_seconds, bpm, track_number) VALUES (5356, 703, 'Trip mouth think', 467, 180, 6);
INSERT INTO song (song_id, album_id, name, duration_seconds, bpm, track_number) VALUES (5357, 703, 'Throw', 296, 124, 7);
INSERT INTO album (album_id, artist_id, title, release_year, created_at) VALUES (704, 350, 'Balanced needs-based monitoring', 1981, NOW());
INSERT INTO song (song_id, album_id, name, duration_seconds, bpm, track_number) VALUES (5358, 704, 'Friend his', 175, 126, 1);
INSERT INTO song (song_id, album_id, name, duration_seconds, bpm, track_number) VALUES (5359, 704, 'Standard report', 476, 114, 2);
INSERT INTO song (song_id, album_id, name, duration_seconds, bpm, track_number) VALUES (5360, 704, 'Put hold major the', 254, 160, 3);
INSERT INTO song (song_id, album_id, name, duration_seconds, bpm, track_number) VALUES (5361, 704, 'Hear', 306, 83, 4);
INSERT INTO song (song_id, album_id, name, duration_seconds, bpm, track_number) VALUES (5362, 704, 'It treat', 158, 76, 5);
INSERT INTO song (song_id, album_id, name, duration_seconds, bpm, track_number) VALUES (5363, 704, 'Show stock conference pick', 156, 132, 6);
INSERT INTO album (album_id, artist_id, title, release_year, created_at) VALUES (705, 350, 'Realigned upward-trending intranet', 2001, NOW());
INSERT INTO song (song_id, album_id, name, duration_seconds, bpm, track_number) VALUES (5364, 705, 'Expect school', 344, 130, 1);
INSERT INTO song (song_id, album_id, name, duration_seconds, bpm, track_number) VALUES (5365, 705, 'Matter nothing decision', 394, 122, 2);
INSERT INTO song (song_id, album_id, name, duration_seconds, bpm, track_number) VALUES (5366, 705, 'Every report animal', 418, 170, 3);
INSERT INTO song (song_id, album_id, name, duration_seconds, bpm, track_number) VALUES (5367, 705, 'Too', 210, 125, 4);
INSERT INTO song (song_id, album_id, name, duration_seconds, bpm, track_number) VALUES (5368, 705, 'Probably', 412, 83, 5);
INSERT INTO song (song_id, album_id, name, duration_seconds, bpm, track_number) VALUES (5369, 705, 'While', 419, 171, 6);
INSERT INTO song (song_id, album_id, name, duration_seconds, bpm, track_number) VALUES (5370, 705, 'Power', 414, 61, 7);
INSERT INTO song (song_id, album_id, name, duration_seconds, bpm, track_number) VALUES (5371, 705, 'Perhaps religious', 451, 134, 8);
INSERT INTO album (album_id, artist_id, title, release_year, created_at) VALUES (706, 350, 'Versatile modular knowledge user', 1973, NOW());
INSERT INTO song (song_id, album_id, name, duration_seconds, bpm, track_number) VALUES (5372, 706, 'Protect', 382, 63, 1);
INSERT INTO song (song_id, album_id, name, duration_seconds, bpm, track_number) VALUES (5373, 706, 'Save language', 355, 83, 2);
INSERT INTO song (song_id, album_id, name, duration_seconds, bpm, track_number) VALUES (5374, 706, 'Sell', 281, 91, 3);
INSERT INTO song (song_id, album_id, name, duration_seconds, bpm, track_number) VALUES (5375, 706, 'By force', 160, 128, 4);
INSERT INTO song (song_id, album_id, name, duration_seconds, bpm, track_number) VALUES (5376, 706, 'Majority experience energy', 385, 179, 5);
INSERT INTO song (song_id, album_id, name, duration_seconds, bpm, track_number) VALUES (5377, 706, 'Culture successful', 122, 106, 6);
INSERT INTO song (song_id, album_id, name, duration_seconds, bpm, track_number) VALUES (5378, 706, 'Effort', 307, 61, 7);
INSERT INTO song (song_id, album_id, name, duration_seconds, bpm, track_number) VALUES (5379, 706, 'Street', 450, 111, 8);
INSERT INTO song (song_id, album_id, name, duration_seconds, bpm, track_number) VALUES (5380, 706, 'Against', 160, 173, 9);
INSERT INTO album (album_id, artist_id, title, release_year, created_at) VALUES (707, 351, 'Ameliorated exuding Graphical User Interface', 2004, NOW());
INSERT INTO song (song_id, album_id, name, duration_seconds, bpm, track_number) VALUES (5381, 707, 'Young', 436, 96, 1);
INSERT INTO song (song_id, album_id, name, duration_seconds, bpm, track_number) VALUES (5382, 707, 'Office', 397, 180, 2);
INSERT INTO song (song_id, album_id, name, duration_seconds, bpm, track_number) VALUES (5383, 707, 'Age not authority', 461, 65, 3);
INSERT INTO song (song_id, album_id, name, duration_seconds, bpm, track_number) VALUES (5384, 707, 'Conference', 458, 69, 4);
INSERT INTO song (song_id, album_id, name, duration_seconds, bpm, track_number) VALUES (5385, 707, 'Majority be win fast mean', 463, 63, 5);
INSERT INTO song (song_id, album_id, name, duration_seconds, bpm, track_number) VALUES (5386, 707, 'Bill', 276, 146, 6);
INSERT INTO song (song_id, album_id, name, duration_seconds, bpm, track_number) VALUES (5387, 707, 'Group floor', 430, 133, 7);
INSERT INTO song (song_id, album_id, name, duration_seconds, bpm, track_number) VALUES (5388, 707, 'Gun understand', 281, 153, 8);
INSERT INTO album (album_id, artist_id, title, release_year, created_at) VALUES (708, 351, 'Sharable client-server infrastructure', 1989, NOW());
INSERT INTO song (song_id, album_id, name, duration_seconds, bpm, track_number) VALUES (5389, 708, 'Part green', 255, 180, 1);
INSERT INTO song (song_id, album_id, name, duration_seconds, bpm, track_number) VALUES (5390, 708, 'Officer tree', 446, 68, 2);
INSERT INTO song (song_id, album_id, name, duration_seconds, bpm, track_number) VALUES (5391, 708, 'Prepare sense', 158, 131, 3);
INSERT INTO song (song_id, album_id, name, duration_seconds, bpm, track_number) VALUES (5392, 708, 'War', 246, 137, 4);
INSERT INTO song (song_id, album_id, name, duration_seconds, bpm, track_number) VALUES (5393, 708, 'Story', 374, 158, 5);
INSERT INTO album (album_id, artist_id, title, release_year, created_at) VALUES (709, 352, 'Compatible explicit migration', 1988, NOW());
INSERT INTO song (song_id, album_id, name, duration_seconds, bpm, track_number) VALUES (5394, 709, 'Radio', 238, 102, 1);
INSERT INTO song (song_id, album_id, name, duration_seconds, bpm, track_number) VALUES (5395, 709, 'Agent sister make likely', 139, 174, 2);
INSERT INTO song (song_id, album_id, name, duration_seconds, bpm, track_number) VALUES (5396, 709, 'Successful within', 186, 90, 3);
INSERT INTO song (song_id, album_id, name, duration_seconds, bpm, track_number) VALUES (5397, 709, 'Plant', 172, 82, 4);
INSERT INTO song (song_id, album_id, name, duration_seconds, bpm, track_number) VALUES (5398, 709, 'Responsibility explain and rock later', 220, 174, 5);
INSERT INTO song (song_id, album_id, name, duration_seconds, bpm, track_number) VALUES (5399, 709, 'Decade share', 271, 178, 6);
INSERT INTO song (song_id, album_id, name, duration_seconds, bpm, track_number) VALUES (5400, 709, 'Show may green enjoy challenge', 155, 124, 7);
INSERT INTO album (album_id, artist_id, title, release_year, created_at) VALUES (710, 352, 'Stand-alone mobile Graphical User Interface', 1987, NOW());
INSERT INTO song (song_id, album_id, name, duration_seconds, bpm, track_number) VALUES (5401, 710, 'Authority', 287, 79, 1);
INSERT INTO song (song_id, album_id, name, duration_seconds, bpm, track_number) VALUES (5402, 710, 'Mean data identify', 357, 150, 2);
INSERT INTO song (song_id, album_id, name, duration_seconds, bpm, track_number) VALUES (5403, 710, 'Against government', 293, 119, 3);
INSERT INTO song (song_id, album_id, name, duration_seconds, bpm, track_number) VALUES (5404, 710, 'Day', 332, 166, 4);
INSERT INTO song (song_id, album_id, name, duration_seconds, bpm, track_number) VALUES (5405, 710, 'Rule garden', 127, 171, 5);
INSERT INTO song (song_id, album_id, name, duration_seconds, bpm, track_number) VALUES (5406, 710, 'Grow since', 186, 178, 6);
INSERT INTO album (album_id, artist_id, title, release_year, created_at) VALUES (711, 352, 'Adaptive motivating hardware', 2012, NOW());
INSERT INTO song (song_id, album_id, name, duration_seconds, bpm, track_number) VALUES (5407, 711, 'Police', 230, 173, 1);
INSERT INTO song (song_id, album_id, name, duration_seconds, bpm, track_number) VALUES (5408, 711, 'Garden threat strong', 417, 118, 2);
INSERT INTO song (song_id, album_id, name, duration_seconds, bpm, track_number) VALUES (5409, 711, 'Admit', 435, 175, 3);
INSERT INTO song (song_id, album_id, name, duration_seconds, bpm, track_number) VALUES (5410, 711, 'So', 257, 108, 4);
INSERT INTO song (song_id, album_id, name, duration_seconds, bpm, track_number) VALUES (5411, 711, 'Great hotel structure lose', 446, 146, 5);
INSERT INTO song (song_id, album_id, name, duration_seconds, bpm, track_number) VALUES (5412, 711, 'Network group lay', 375, 109, 6);
INSERT INTO song (song_id, album_id, name, duration_seconds, bpm, track_number) VALUES (5413, 711, 'End upon', 200, 126, 7);
INSERT INTO album (album_id, artist_id, title, release_year, created_at) VALUES (712, 353, 'De-engineered holistic conglomeration', 1980, NOW());
INSERT INTO song (song_id, album_id, name, duration_seconds, bpm, track_number) VALUES (5414, 712, 'Stock third off certainly', 368, 138, 1);
INSERT INTO song (song_id, album_id, name, duration_seconds, bpm, track_number) VALUES (5415, 712, 'Carry', 134, 133, 2);
INSERT INTO song (song_id, album_id, name, duration_seconds, bpm, track_number) VALUES (5416, 712, 'Way all', 261, 176, 3);
INSERT INTO song (song_id, album_id, name, duration_seconds, bpm, track_number) VALUES (5417, 712, 'Involve might project along', 281, 61, 4);
INSERT INTO song (song_id, album_id, name, duration_seconds, bpm, track_number) VALUES (5418, 712, 'Everyone air', 179, 120, 5);
INSERT INTO song (song_id, album_id, name, duration_seconds, bpm, track_number) VALUES (5419, 712, 'Type', 248, 137, 6);
INSERT INTO song (song_id, album_id, name, duration_seconds, bpm, track_number) VALUES (5420, 712, 'Nice couple middle', 415, 82, 7);
INSERT INTO song (song_id, album_id, name, duration_seconds, bpm, track_number) VALUES (5421, 712, 'Decade', 320, 149, 8);
INSERT INTO album (album_id, artist_id, title, release_year, created_at) VALUES (713, 353, 'Balanced multi-tasking concept', 1975, NOW());
INSERT INTO song (song_id, album_id, name, duration_seconds, bpm, track_number) VALUES (5422, 713, 'Her others', 161, 164, 1);
INSERT INTO song (song_id, album_id, name, duration_seconds, bpm, track_number) VALUES (5423, 713, 'Mouth piece', 271, 159, 2);
INSERT INTO song (song_id, album_id, name, duration_seconds, bpm, track_number) VALUES (5424, 713, 'Finish', 462, 176, 3);
INSERT INTO song (song_id, album_id, name, duration_seconds, bpm, track_number) VALUES (5425, 713, 'Over use than', 323, 96, 4);
INSERT INTO song (song_id, album_id, name, duration_seconds, bpm, track_number) VALUES (5426, 713, 'State', 178, 106, 5);
INSERT INTO album (album_id, artist_id, title, release_year, created_at) VALUES (714, 354, 'Persevering 4thgeneration website', 2014, NOW());
INSERT INTO song (song_id, album_id, name, duration_seconds, bpm, track_number) VALUES (5427, 714, 'Probably', 409, 96, 1);
INSERT INTO song (song_id, album_id, name, duration_seconds, bpm, track_number) VALUES (5428, 714, 'Drive', 358, 155, 2);
INSERT INTO song (song_id, album_id, name, duration_seconds, bpm, track_number) VALUES (5429, 714, 'Couple', 433, 167, 3);
INSERT INTO song (song_id, album_id, name, duration_seconds, bpm, track_number) VALUES (5430, 714, 'Task', 222, 60, 4);
INSERT INTO song (song_id, album_id, name, duration_seconds, bpm, track_number) VALUES (5431, 714, 'All similar', 318, 155, 5);
INSERT INTO song (song_id, album_id, name, duration_seconds, bpm, track_number) VALUES (5432, 714, 'His green in pretty', 451, 62, 6);
INSERT INTO song (song_id, album_id, name, duration_seconds, bpm, track_number) VALUES (5433, 714, 'Make', 323, 95, 7);
INSERT INTO song (song_id, album_id, name, duration_seconds, bpm, track_number) VALUES (5434, 714, 'Soldier', 209, 150, 8);
INSERT INTO song (song_id, album_id, name, duration_seconds, bpm, track_number) VALUES (5435, 714, 'Series nation commercial operation father', 211, 151, 9);
INSERT INTO song (song_id, album_id, name, duration_seconds, bpm, track_number) VALUES (5436, 714, 'Provide respond', 299, 175, 10);
INSERT INTO album (album_id, artist_id, title, release_year, created_at) VALUES (715, 354, 'Profit-focused fault-tolerant core', 2013, NOW());
INSERT INTO song (song_id, album_id, name, duration_seconds, bpm, track_number) VALUES (5437, 715, 'Year', 441, 69, 1);
INSERT INTO song (song_id, album_id, name, duration_seconds, bpm, track_number) VALUES (5438, 715, 'Civil', 232, 100, 2);
INSERT INTO song (song_id, album_id, name, duration_seconds, bpm, track_number) VALUES (5439, 715, 'Site choose style', 307, 109, 3);
INSERT INTO song (song_id, album_id, name, duration_seconds, bpm, track_number) VALUES (5440, 715, 'Then reduce culture affect', 415, 96, 4);
INSERT INTO song (song_id, album_id, name, duration_seconds, bpm, track_number) VALUES (5441, 715, 'Cup cell join hotel white', 271, 91, 5);
INSERT INTO song (song_id, album_id, name, duration_seconds, bpm, track_number) VALUES (5442, 715, 'Into certainly year', 421, 79, 6);
INSERT INTO song (song_id, album_id, name, duration_seconds, bpm, track_number) VALUES (5443, 715, 'Sit', 413, 91, 7);
INSERT INTO song (song_id, album_id, name, duration_seconds, bpm, track_number) VALUES (5444, 715, 'Consumer later', 342, 121, 8);
INSERT INTO song (song_id, album_id, name, duration_seconds, bpm, track_number) VALUES (5445, 715, 'Opportunity at summer election', 472, 166, 9);
INSERT INTO song (song_id, album_id, name, duration_seconds, bpm, track_number) VALUES (5446, 715, 'Goal food', 367, 111, 10);
INSERT INTO album (album_id, artist_id, title, release_year, created_at) VALUES (716, 355, 'Function-based composite intranet', 1995, NOW());
INSERT INTO song (song_id, album_id, name, duration_seconds, bpm, track_number) VALUES (5447, 716, 'Wide camera', 432, 67, 1);
INSERT INTO song (song_id, album_id, name, duration_seconds, bpm, track_number) VALUES (5448, 716, 'Hard', 120, 167, 2);
INSERT INTO song (song_id, album_id, name, duration_seconds, bpm, track_number) VALUES (5449, 716, 'Might money', 354, 159, 3);
INSERT INTO song (song_id, album_id, name, duration_seconds, bpm, track_number) VALUES (5450, 716, 'So career play', 439, 139, 4);
INSERT INTO song (song_id, album_id, name, duration_seconds, bpm, track_number) VALUES (5451, 716, 'Mean', 182, 77, 5);
INSERT INTO song (song_id, album_id, name, duration_seconds, bpm, track_number) VALUES (5452, 716, 'Yeah allow', 173, 74, 6);
INSERT INTO album (album_id, artist_id, title, release_year, created_at) VALUES (717, 356, 'Virtual 4thgeneration Graphical User Interface', 1973, NOW());
INSERT INTO song (song_id, album_id, name, duration_seconds, bpm, track_number) VALUES (5453, 717, 'Young machine join', 188, 113, 1);
INSERT INTO song (song_id, album_id, name, duration_seconds, bpm, track_number) VALUES (5454, 717, 'Poor', 246, 71, 2);
INSERT INTO song (song_id, album_id, name, duration_seconds, bpm, track_number) VALUES (5455, 717, 'Wrong action', 303, 81, 3);
INSERT INTO song (song_id, album_id, name, duration_seconds, bpm, track_number) VALUES (5456, 717, 'Among', 214, 79, 4);
INSERT INTO song (song_id, album_id, name, duration_seconds, bpm, track_number) VALUES (5457, 717, 'Show ahead notice unit red', 141, 157, 5);
INSERT INTO song (song_id, album_id, name, duration_seconds, bpm, track_number) VALUES (5458, 717, 'Find', 385, 80, 6);
INSERT INTO song (song_id, album_id, name, duration_seconds, bpm, track_number) VALUES (5459, 717, 'Church else bring', 441, 175, 7);
INSERT INTO song (song_id, album_id, name, duration_seconds, bpm, track_number) VALUES (5460, 717, 'Together', 461, 162, 8);
INSERT INTO song (song_id, album_id, name, duration_seconds, bpm, track_number) VALUES (5461, 717, 'Sport wear offer born', 216, 92, 9);
INSERT INTO album (album_id, artist_id, title, release_year, created_at) VALUES (718, 357, 'Cross-group attitude-oriented website', 1991, NOW());
INSERT INTO song (song_id, album_id, name, duration_seconds, bpm, track_number) VALUES (5462, 718, 'Record western record', 425, 78, 1);
INSERT INTO song (song_id, album_id, name, duration_seconds, bpm, track_number) VALUES (5463, 718, 'Tree strategy bag region operation', 478, 170, 2);
INSERT INTO song (song_id, album_id, name, duration_seconds, bpm, track_number) VALUES (5464, 718, 'Free help', 302, 164, 3);
INSERT INTO song (song_id, album_id, name, duration_seconds, bpm, track_number) VALUES (5465, 718, 'Property even', 147, 69, 4);
INSERT INTO song (song_id, album_id, name, duration_seconds, bpm, track_number) VALUES (5466, 718, 'Far appear economy', 399, 126, 5);
INSERT INTO song (song_id, album_id, name, duration_seconds, bpm, track_number) VALUES (5467, 718, 'Hundred quickly few seek high', 122, 119, 6);
INSERT INTO song (song_id, album_id, name, duration_seconds, bpm, track_number) VALUES (5468, 718, 'Office', 186, 159, 7);
INSERT INTO album (album_id, artist_id, title, release_year, created_at) VALUES (719, 358, 'User-centric system-worthy projection', 1994, NOW());
INSERT INTO song (song_id, album_id, name, duration_seconds, bpm, track_number) VALUES (5469, 719, 'Worker range', 292, 115, 1);
INSERT INTO song (song_id, album_id, name, duration_seconds, bpm, track_number) VALUES (5470, 719, 'Special', 125, 163, 2);
INSERT INTO song (song_id, album_id, name, duration_seconds, bpm, track_number) VALUES (5471, 719, 'Value power', 248, 163, 3);
INSERT INTO song (song_id, album_id, name, duration_seconds, bpm, track_number) VALUES (5472, 719, 'Image cold phone bag', 341, 149, 4);
INSERT INTO song (song_id, album_id, name, duration_seconds, bpm, track_number) VALUES (5473, 719, 'What though', 297, 109, 5);
INSERT INTO song (song_id, album_id, name, duration_seconds, bpm, track_number) VALUES (5474, 719, 'And', 419, 70, 6);
INSERT INTO song (song_id, album_id, name, duration_seconds, bpm, track_number) VALUES (5475, 719, 'Ahead', 259, 148, 7);
INSERT INTO song (song_id, album_id, name, duration_seconds, bpm, track_number) VALUES (5476, 719, 'Fill security guess whether', 223, 137, 8);
INSERT INTO song (song_id, album_id, name, duration_seconds, bpm, track_number) VALUES (5477, 719, 'Significant respond three', 388, 82, 9);
INSERT INTO album (album_id, artist_id, title, release_year, created_at) VALUES (720, 358, 'Organized eco-centric contingency', 1991, NOW());
INSERT INTO song (song_id, album_id, name, duration_seconds, bpm, track_number) VALUES (5478, 720, 'Event trial practice model', 352, 115, 1);
INSERT INTO song (song_id, album_id, name, duration_seconds, bpm, track_number) VALUES (5479, 720, 'School everyone', 338, 153, 2);
INSERT INTO song (song_id, album_id, name, duration_seconds, bpm, track_number) VALUES (5480, 720, 'Employee', 425, 70, 3);
INSERT INTO song (song_id, album_id, name, duration_seconds, bpm, track_number) VALUES (5481, 720, 'Ball choose course', 399, 139, 4);
INSERT INTO song (song_id, album_id, name, duration_seconds, bpm, track_number) VALUES (5482, 720, 'Win', 427, 167, 5);
INSERT INTO song (song_id, album_id, name, duration_seconds, bpm, track_number) VALUES (5483, 720, 'Always standard agency', 208, 166, 6);
INSERT INTO song (song_id, album_id, name, duration_seconds, bpm, track_number) VALUES (5484, 720, 'Respond include tax ten also', 189, 90, 7);
INSERT INTO album (album_id, artist_id, title, release_year, created_at) VALUES (721, 359, 'Advanced neutral capability', 2021, NOW());
INSERT INTO song (song_id, album_id, name, duration_seconds, bpm, track_number) VALUES (5485, 721, 'Military', 277, 81, 1);
INSERT INTO song (song_id, album_id, name, duration_seconds, bpm, track_number) VALUES (5486, 721, 'Leader response', 268, 69, 2);
INSERT INTO song (song_id, album_id, name, duration_seconds, bpm, track_number) VALUES (5487, 721, 'Word party your skin', 366, 113, 3);
INSERT INTO song (song_id, album_id, name, duration_seconds, bpm, track_number) VALUES (5488, 721, 'Benefit', 344, 93, 4);
INSERT INTO song (song_id, album_id, name, duration_seconds, bpm, track_number) VALUES (5489, 721, 'Way benefit', 187, 69, 5);
INSERT INTO song (song_id, album_id, name, duration_seconds, bpm, track_number) VALUES (5490, 721, 'My usually', 240, 154, 6);
INSERT INTO album (album_id, artist_id, title, release_year, created_at) VALUES (722, 359, 'Streamlined dedicated analyzer', 2001, NOW());
INSERT INTO song (song_id, album_id, name, duration_seconds, bpm, track_number) VALUES (5491, 722, 'Strategy standard series', 239, 145, 1);
INSERT INTO song (song_id, album_id, name, duration_seconds, bpm, track_number) VALUES (5492, 722, 'Six', 132, 79, 2);
INSERT INTO song (song_id, album_id, name, duration_seconds, bpm, track_number) VALUES (5493, 722, 'Role share turn class baby', 290, 106, 3);
INSERT INTO song (song_id, album_id, name, duration_seconds, bpm, track_number) VALUES (5494, 722, 'Data table', 254, 121, 4);
INSERT INTO song (song_id, album_id, name, duration_seconds, bpm, track_number) VALUES (5495, 722, 'Measure air down conference', 140, 173, 5);
INSERT INTO song (song_id, album_id, name, duration_seconds, bpm, track_number) VALUES (5496, 722, 'Data', 252, 155, 6);
INSERT INTO song (song_id, album_id, name, duration_seconds, bpm, track_number) VALUES (5497, 722, 'Section say', 406, 82, 7);
INSERT INTO song (song_id, album_id, name, duration_seconds, bpm, track_number) VALUES (5498, 722, 'See feel', 329, 121, 8);
INSERT INTO song (song_id, album_id, name, duration_seconds, bpm, track_number) VALUES (5499, 722, 'Own enter herself total', 297, 82, 9);
INSERT INTO song (song_id, album_id, name, duration_seconds, bpm, track_number) VALUES (5500, 722, 'These player clearly either', 274, 69, 10);
INSERT INTO album (album_id, artist_id, title, release_year, created_at) VALUES (723, 359, 'Multi-layered logistical attitude', 2008, NOW());
INSERT INTO song (song_id, album_id, name, duration_seconds, bpm, track_number) VALUES (5501, 723, 'Every computer', 125, 119, 1);
INSERT INTO song (song_id, album_id, name, duration_seconds, bpm, track_number) VALUES (5502, 723, 'Still city visit personal', 271, 99, 2);
INSERT INTO song (song_id, album_id, name, duration_seconds, bpm, track_number) VALUES (5503, 723, 'Former', 318, 169, 3);
INSERT INTO song (song_id, album_id, name, duration_seconds, bpm, track_number) VALUES (5504, 723, 'Detail matter', 274, 68, 4);
INSERT INTO song (song_id, album_id, name, duration_seconds, bpm, track_number) VALUES (5505, 723, 'First light country', 263, 160, 5);
INSERT INTO song (song_id, album_id, name, duration_seconds, bpm, track_number) VALUES (5506, 723, 'Work', 344, 108, 6);
INSERT INTO song (song_id, album_id, name, duration_seconds, bpm, track_number) VALUES (5507, 723, 'Unit', 379, 118, 7);
INSERT INTO song (song_id, album_id, name, duration_seconds, bpm, track_number) VALUES (5508, 723, 'Teacher material', 338, 65, 8);
INSERT INTO song (song_id, album_id, name, duration_seconds, bpm, track_number) VALUES (5509, 723, 'Around girl career particularly', 397, 127, 9);
INSERT INTO song (song_id, album_id, name, duration_seconds, bpm, track_number) VALUES (5510, 723, 'Modern major', 403, 112, 10);
INSERT INTO album (album_id, artist_id, title, release_year, created_at) VALUES (724, 360, 'Progressive 6thgeneration attitude', 2013, NOW());
INSERT INTO song (song_id, album_id, name, duration_seconds, bpm, track_number) VALUES (5511, 724, 'Difference free', 451, 130, 1);
INSERT INTO song (song_id, album_id, name, duration_seconds, bpm, track_number) VALUES (5512, 724, 'Range realize', 455, 133, 2);
INSERT INTO song (song_id, album_id, name, duration_seconds, bpm, track_number) VALUES (5513, 724, 'Candidate', 476, 130, 3);
INSERT INTO song (song_id, album_id, name, duration_seconds, bpm, track_number) VALUES (5514, 724, 'Star table', 132, 77, 4);
INSERT INTO song (song_id, album_id, name, duration_seconds, bpm, track_number) VALUES (5515, 724, 'Threat add', 272, 149, 5);
INSERT INTO song (song_id, album_id, name, duration_seconds, bpm, track_number) VALUES (5516, 724, 'Wife campaign discuss and simple', 372, 120, 6);
INSERT INTO song (song_id, album_id, name, duration_seconds, bpm, track_number) VALUES (5517, 724, 'Pull', 123, 120, 7);
INSERT INTO song (song_id, album_id, name, duration_seconds, bpm, track_number) VALUES (5518, 724, 'Firm whose', 417, 65, 8);
INSERT INTO song (song_id, album_id, name, duration_seconds, bpm, track_number) VALUES (5519, 724, 'Issue when', 441, 158, 9);
INSERT INTO song (song_id, album_id, name, duration_seconds, bpm, track_number) VALUES (5520, 724, 'Fine', 322, 103, 10);
INSERT INTO album (album_id, artist_id, title, release_year, created_at) VALUES (725, 360, 'Exclusive bi-directional model', 1971, NOW());
INSERT INTO song (song_id, album_id, name, duration_seconds, bpm, track_number) VALUES (5521, 725, 'Management whole ask region majority', 418, 162, 1);
INSERT INTO song (song_id, album_id, name, duration_seconds, bpm, track_number) VALUES (5522, 725, 'Guy although', 147, 100, 2);
INSERT INTO song (song_id, album_id, name, duration_seconds, bpm, track_number) VALUES (5523, 725, 'Popular', 403, 60, 3);
INSERT INTO song (song_id, album_id, name, duration_seconds, bpm, track_number) VALUES (5524, 725, 'Game or machine', 346, 149, 4);
INSERT INTO song (song_id, album_id, name, duration_seconds, bpm, track_number) VALUES (5525, 725, 'Over mind hair require', 440, 129, 5);
INSERT INTO song (song_id, album_id, name, duration_seconds, bpm, track_number) VALUES (5526, 725, 'Really nation', 164, 100, 6);
INSERT INTO song (song_id, album_id, name, duration_seconds, bpm, track_number) VALUES (5527, 725, 'Trouble get', 474, 120, 7);
INSERT INTO album (album_id, artist_id, title, release_year, created_at) VALUES (726, 360, 'Multi-lateral content-based architecture', 2008, NOW());
INSERT INTO song (song_id, album_id, name, duration_seconds, bpm, track_number) VALUES (5528, 726, 'Conference', 376, 89, 1);
INSERT INTO song (song_id, album_id, name, duration_seconds, bpm, track_number) VALUES (5529, 726, 'Black those former run', 440, 160, 2);
INSERT INTO song (song_id, album_id, name, duration_seconds, bpm, track_number) VALUES (5530, 726, 'Party large eight campaign interesting', 162, 154, 3);
INSERT INTO song (song_id, album_id, name, duration_seconds, bpm, track_number) VALUES (5531, 726, 'Account popular bar writer', 259, 113, 4);
INSERT INTO song (song_id, album_id, name, duration_seconds, bpm, track_number) VALUES (5532, 726, 'Admit service thought', 124, 162, 5);
INSERT INTO album (album_id, artist_id, title, release_year, created_at) VALUES (727, 361, 'Team-oriented optimal focus group', 1984, NOW());
INSERT INTO song (song_id, album_id, name, duration_seconds, bpm, track_number) VALUES (5533, 727, 'They from activity', 295, 154, 1);
INSERT INTO song (song_id, album_id, name, duration_seconds, bpm, track_number) VALUES (5534, 727, 'Student bit service', 246, 71, 2);
INSERT INTO song (song_id, album_id, name, duration_seconds, bpm, track_number) VALUES (5535, 727, 'Fear within task subject', 283, 169, 3);
INSERT INTO song (song_id, album_id, name, duration_seconds, bpm, track_number) VALUES (5536, 727, 'Order executive sister goal', 229, 84, 4);
INSERT INTO song (song_id, album_id, name, duration_seconds, bpm, track_number) VALUES (5537, 727, 'Senior military Democrat', 165, 142, 5);
INSERT INTO song (song_id, album_id, name, duration_seconds, bpm, track_number) VALUES (5538, 727, 'New', 184, 145, 6);
INSERT INTO song (song_id, album_id, name, duration_seconds, bpm, track_number) VALUES (5539, 727, 'Go information', 226, 86, 7);
INSERT INTO song (song_id, album_id, name, duration_seconds, bpm, track_number) VALUES (5540, 727, 'Mean reality', 213, 124, 8);
INSERT INTO song (song_id, album_id, name, duration_seconds, bpm, track_number) VALUES (5541, 727, 'Mean make interview key', 194, 180, 9);
INSERT INTO song (song_id, album_id, name, duration_seconds, bpm, track_number) VALUES (5542, 727, 'Fall life', 335, 70, 10);
INSERT INTO album (album_id, artist_id, title, release_year, created_at) VALUES (728, 362, 'Customizable grid-enabled framework', 2006, NOW());
INSERT INTO song (song_id, album_id, name, duration_seconds, bpm, track_number) VALUES (5543, 728, 'Might police cut', 468, 115, 1);
INSERT INTO song (song_id, album_id, name, duration_seconds, bpm, track_number) VALUES (5544, 728, 'Political', 293, 99, 2);
INSERT INTO song (song_id, album_id, name, duration_seconds, bpm, track_number) VALUES (5545, 728, 'Easy face', 358, 135, 3);
INSERT INTO song (song_id, album_id, name, duration_seconds, bpm, track_number) VALUES (5546, 728, 'Mind too evidence say', 138, 149, 4);
INSERT INTO song (song_id, album_id, name, duration_seconds, bpm, track_number) VALUES (5547, 728, 'Apply mouth', 360, 134, 5);
INSERT INTO song (song_id, album_id, name, duration_seconds, bpm, track_number) VALUES (5548, 728, 'Road scene', 270, 81, 6);
INSERT INTO song (song_id, album_id, name, duration_seconds, bpm, track_number) VALUES (5549, 728, 'Skill above agent above', 282, 138, 7);
INSERT INTO song (song_id, album_id, name, duration_seconds, bpm, track_number) VALUES (5550, 728, 'One red', 374, 105, 8);
INSERT INTO album (album_id, artist_id, title, release_year, created_at) VALUES (729, 362, 'Compatible incremental core', 2026, NOW());
INSERT INTO song (song_id, album_id, name, duration_seconds, bpm, track_number) VALUES (5551, 729, 'No police return change', 236, 175, 1);
INSERT INTO song (song_id, album_id, name, duration_seconds, bpm, track_number) VALUES (5552, 729, 'Year', 144, 139, 2);
INSERT INTO song (song_id, album_id, name, duration_seconds, bpm, track_number) VALUES (5553, 729, 'Gun', 130, 160, 3);
INSERT INTO song (song_id, album_id, name, duration_seconds, bpm, track_number) VALUES (5554, 729, 'Analysis', 225, 82, 4);
INSERT INTO song (song_id, album_id, name, duration_seconds, bpm, track_number) VALUES (5555, 729, 'Forget act campaign', 259, 130, 5);
INSERT INTO song (song_id, album_id, name, duration_seconds, bpm, track_number) VALUES (5556, 729, 'Republican newspaper federal five low', 137, 174, 6);
INSERT INTO song (song_id, album_id, name, duration_seconds, bpm, track_number) VALUES (5557, 729, 'Avoid', 260, 151, 7);
INSERT INTO song (song_id, album_id, name, duration_seconds, bpm, track_number) VALUES (5558, 729, 'Feeling which mission college', 313, 162, 8);
INSERT INTO song (song_id, album_id, name, duration_seconds, bpm, track_number) VALUES (5559, 729, 'Happy recognize edge', 207, 66, 9);
INSERT INTO song (song_id, album_id, name, duration_seconds, bpm, track_number) VALUES (5560, 729, 'Official', 412, 123, 10);
INSERT INTO album (album_id, artist_id, title, release_year, created_at) VALUES (730, 363, 'Configurable didactic framework', 2007, NOW());
INSERT INTO song (song_id, album_id, name, duration_seconds, bpm, track_number) VALUES (5561, 730, 'Company measure statement', 384, 104, 1);
INSERT INTO song (song_id, album_id, name, duration_seconds, bpm, track_number) VALUES (5562, 730, 'Fight', 360, 173, 2);
INSERT INTO song (song_id, album_id, name, duration_seconds, bpm, track_number) VALUES (5563, 730, 'Instead ten', 289, 174, 3);
INSERT INTO song (song_id, album_id, name, duration_seconds, bpm, track_number) VALUES (5564, 730, 'Forget during', 147, 120, 4);
INSERT INTO song (song_id, album_id, name, duration_seconds, bpm, track_number) VALUES (5565, 730, 'Serve think', 375, 126, 5);
INSERT INTO song (song_id, album_id, name, duration_seconds, bpm, track_number) VALUES (5566, 730, 'Read involve site scientist my', 257, 93, 6);
INSERT INTO song (song_id, album_id, name, duration_seconds, bpm, track_number) VALUES (5567, 730, 'Force top activity', 211, 92, 7);
INSERT INTO song (song_id, album_id, name, duration_seconds, bpm, track_number) VALUES (5568, 730, 'Within rock', 142, 156, 8);
INSERT INTO song (song_id, album_id, name, duration_seconds, bpm, track_number) VALUES (5569, 730, 'Various edge', 346, 73, 9);
INSERT INTO album (album_id, artist_id, title, release_year, created_at) VALUES (731, 363, 'Digitized well-modulated collaboration', 1994, NOW());
INSERT INTO song (song_id, album_id, name, duration_seconds, bpm, track_number) VALUES (5570, 731, 'Give', 361, 72, 1);
INSERT INTO song (song_id, album_id, name, duration_seconds, bpm, track_number) VALUES (5571, 731, 'Pm', 327, 69, 2);
INSERT INTO song (song_id, album_id, name, duration_seconds, bpm, track_number) VALUES (5572, 731, 'Water gas four trip arm', 132, 143, 3);
INSERT INTO song (song_id, album_id, name, duration_seconds, bpm, track_number) VALUES (5573, 731, 'Car', 207, 140, 4);
INSERT INTO song (song_id, album_id, name, duration_seconds, bpm, track_number) VALUES (5574, 731, 'Environmental anyone', 384, 141, 5);
INSERT INTO song (song_id, album_id, name, duration_seconds, bpm, track_number) VALUES (5575, 731, 'Method development', 128, 104, 6);
INSERT INTO song (song_id, album_id, name, duration_seconds, bpm, track_number) VALUES (5576, 731, 'Big', 355, 136, 7);
INSERT INTO song (song_id, album_id, name, duration_seconds, bpm, track_number) VALUES (5577, 731, 'Spend enough', 146, 165, 8);
INSERT INTO song (song_id, album_id, name, duration_seconds, bpm, track_number) VALUES (5578, 731, 'Modern', 468, 141, 9);
INSERT INTO song (song_id, album_id, name, duration_seconds, bpm, track_number) VALUES (5579, 731, 'No address indicate', 303, 151, 10);
INSERT INTO album (album_id, artist_id, title, release_year, created_at) VALUES (732, 363, 'Face-to-face human-resource capability', 2024, NOW());
INSERT INTO song (song_id, album_id, name, duration_seconds, bpm, track_number) VALUES (5580, 732, 'Husband strategy', 309, 86, 1);
INSERT INTO song (song_id, album_id, name, duration_seconds, bpm, track_number) VALUES (5581, 732, 'Court land southern', 444, 170, 2);
INSERT INTO song (song_id, album_id, name, duration_seconds, bpm, track_number) VALUES (5582, 732, 'Need', 173, 140, 3);
INSERT INTO song (song_id, album_id, name, duration_seconds, bpm, track_number) VALUES (5583, 732, 'About', 286, 140, 4);
INSERT INTO song (song_id, album_id, name, duration_seconds, bpm, track_number) VALUES (5584, 732, 'Wall', 159, 128, 5);
INSERT INTO song (song_id, album_id, name, duration_seconds, bpm, track_number) VALUES (5585, 732, 'Among drop', 427, 156, 6);
INSERT INTO album (album_id, artist_id, title, release_year, created_at) VALUES (733, 364, 'Advanced logistical workforce', 1972, NOW());
INSERT INTO song (song_id, album_id, name, duration_seconds, bpm, track_number) VALUES (5586, 733, 'Scientist', 183, 178, 1);
INSERT INTO song (song_id, album_id, name, duration_seconds, bpm, track_number) VALUES (5587, 733, 'Represent admit', 359, 158, 2);
INSERT INTO song (song_id, album_id, name, duration_seconds, bpm, track_number) VALUES (5588, 733, 'Issue', 299, 175, 3);
INSERT INTO song (song_id, album_id, name, duration_seconds, bpm, track_number) VALUES (5589, 733, 'Wrong debate', 402, 115, 4);
INSERT INTO song (song_id, album_id, name, duration_seconds, bpm, track_number) VALUES (5590, 733, 'Message', 476, 159, 5);
INSERT INTO album (album_id, artist_id, title, release_year, created_at) VALUES (734, 365, 'Fundamental uniform data-warehouse', 1991, NOW());
INSERT INTO song (song_id, album_id, name, duration_seconds, bpm, track_number) VALUES (5591, 734, 'Whether', 167, 172, 1);
INSERT INTO song (song_id, album_id, name, duration_seconds, bpm, track_number) VALUES (5592, 734, 'Central', 165, 105, 2);
INSERT INTO song (song_id, album_id, name, duration_seconds, bpm, track_number) VALUES (5593, 734, 'Small rock yourself responsibility radio', 472, 108, 3);
INSERT INTO song (song_id, album_id, name, duration_seconds, bpm, track_number) VALUES (5594, 734, 'Number detail nor blue', 121, 62, 4);
INSERT INTO song (song_id, album_id, name, duration_seconds, bpm, track_number) VALUES (5595, 734, 'Thank letter security remember rather', 366, 126, 5);
INSERT INTO song (song_id, album_id, name, duration_seconds, bpm, track_number) VALUES (5596, 734, 'Majority', 369, 143, 6);
INSERT INTO song (song_id, album_id, name, duration_seconds, bpm, track_number) VALUES (5597, 734, 'How move bed join', 340, 96, 7);
INSERT INTO album (album_id, artist_id, title, release_year, created_at) VALUES (735, 365, 'Extended eco-centric project', 1985, NOW());
INSERT INTO song (song_id, album_id, name, duration_seconds, bpm, track_number) VALUES (5598, 735, 'By senior effect', 262, 81, 1);
INSERT INTO song (song_id, album_id, name, duration_seconds, bpm, track_number) VALUES (5599, 735, 'Place mission large', 188, 125, 2);
INSERT INTO song (song_id, album_id, name, duration_seconds, bpm, track_number) VALUES (5600, 735, 'Four', 251, 81, 3);
INSERT INTO song (song_id, album_id, name, duration_seconds, bpm, track_number) VALUES (5601, 735, 'Voice game operation', 302, 112, 4);
INSERT INTO song (song_id, album_id, name, duration_seconds, bpm, track_number) VALUES (5602, 735, 'Option', 453, 122, 5);
INSERT INTO song (song_id, album_id, name, duration_seconds, bpm, track_number) VALUES (5603, 735, 'Enter', 338, 88, 6);
INSERT INTO song (song_id, album_id, name, duration_seconds, bpm, track_number) VALUES (5604, 735, 'Nature those sea', 342, 81, 7);
INSERT INTO song (song_id, album_id, name, duration_seconds, bpm, track_number) VALUES (5605, 735, 'Attack out', 169, 113, 8);
INSERT INTO album (album_id, artist_id, title, release_year, created_at) VALUES (736, 365, 'Future-proofed global frame', 1977, NOW());
INSERT INTO song (song_id, album_id, name, duration_seconds, bpm, track_number) VALUES (5606, 736, 'Light course successful gun', 401, 131, 1);
INSERT INTO song (song_id, album_id, name, duration_seconds, bpm, track_number) VALUES (5607, 736, 'Probably', 320, 159, 2);
INSERT INTO song (song_id, album_id, name, duration_seconds, bpm, track_number) VALUES (5608, 736, 'Live', 446, 174, 3);
INSERT INTO song (song_id, album_id, name, duration_seconds, bpm, track_number) VALUES (5609, 736, 'Both writer', 138, 74, 4);
INSERT INTO song (song_id, album_id, name, duration_seconds, bpm, track_number) VALUES (5610, 736, 'Few', 133, 171, 5);
INSERT INTO song (song_id, album_id, name, duration_seconds, bpm, track_number) VALUES (5611, 736, 'Contain', 308, 88, 6);
INSERT INTO song (song_id, album_id, name, duration_seconds, bpm, track_number) VALUES (5612, 736, 'Enter', 307, 72, 7);
INSERT INTO song (song_id, album_id, name, duration_seconds, bpm, track_number) VALUES (5613, 736, 'Remain', 168, 71, 8);
INSERT INTO song (song_id, album_id, name, duration_seconds, bpm, track_number) VALUES (5614, 736, 'Goal', 443, 102, 9);
INSERT INTO song (song_id, album_id, name, duration_seconds, bpm, track_number) VALUES (5615, 736, 'Whole', 279, 75, 10);
INSERT INTO album (album_id, artist_id, title, release_year, created_at) VALUES (737, 366, 'Profound needs-based initiative', 1985, NOW());
INSERT INTO song (song_id, album_id, name, duration_seconds, bpm, track_number) VALUES (5616, 737, 'Help defense your successful', 163, 169, 1);
INSERT INTO song (song_id, album_id, name, duration_seconds, bpm, track_number) VALUES (5617, 737, 'Even finish approach direction special', 277, 88, 2);
INSERT INTO song (song_id, album_id, name, duration_seconds, bpm, track_number) VALUES (5618, 737, 'Rock', 327, 178, 3);
INSERT INTO song (song_id, album_id, name, duration_seconds, bpm, track_number) VALUES (5619, 737, 'Keep economic', 429, 72, 4);
INSERT INTO song (song_id, album_id, name, duration_seconds, bpm, track_number) VALUES (5620, 737, 'Summer', 354, 111, 5);
INSERT INTO song (song_id, album_id, name, duration_seconds, bpm, track_number) VALUES (5621, 737, 'Interview far along', 290, 126, 6);
INSERT INTO song (song_id, album_id, name, duration_seconds, bpm, track_number) VALUES (5622, 737, 'Movement', 228, 125, 7);
INSERT INTO song (song_id, album_id, name, duration_seconds, bpm, track_number) VALUES (5623, 737, 'Man I', 294, 154, 8);
INSERT INTO song (song_id, album_id, name, duration_seconds, bpm, track_number) VALUES (5624, 737, 'Toward', 446, 112, 9);
INSERT INTO album (album_id, artist_id, title, release_year, created_at) VALUES (738, 366, 'Up-sized mission-critical model', 2009, NOW());
INSERT INTO song (song_id, album_id, name, duration_seconds, bpm, track_number) VALUES (5625, 738, 'Senior', 457, 179, 1);
INSERT INTO song (song_id, album_id, name, duration_seconds, bpm, track_number) VALUES (5626, 738, 'Early tonight', 123, 104, 2);
INSERT INTO song (song_id, album_id, name, duration_seconds, bpm, track_number) VALUES (5627, 738, 'Green', 369, 164, 3);
INSERT INTO song (song_id, album_id, name, duration_seconds, bpm, track_number) VALUES (5628, 738, 'Record nature', 443, 129, 4);
INSERT INTO song (song_id, album_id, name, duration_seconds, bpm, track_number) VALUES (5629, 738, 'Instead issue study', 149, 178, 5);
INSERT INTO album (album_id, artist_id, title, release_year, created_at) VALUES (739, 367, 'Organic zero-defect contingency', 1980, NOW());
INSERT INTO song (song_id, album_id, name, duration_seconds, bpm, track_number) VALUES (5630, 739, 'Child', 140, 92, 1);
INSERT INTO song (song_id, album_id, name, duration_seconds, bpm, track_number) VALUES (5631, 739, 'Still', 281, 145, 2);
INSERT INTO song (song_id, album_id, name, duration_seconds, bpm, track_number) VALUES (5632, 739, 'Realize bring', 262, 157, 3);
INSERT INTO song (song_id, album_id, name, duration_seconds, bpm, track_number) VALUES (5633, 739, 'Hope film', 360, 122, 4);
INSERT INTO song (song_id, album_id, name, duration_seconds, bpm, track_number) VALUES (5634, 739, 'Single forget news suggest', 477, 180, 5);
INSERT INTO song (song_id, album_id, name, duration_seconds, bpm, track_number) VALUES (5635, 739, 'Follow account story box', 313, 174, 6);
INSERT INTO album (album_id, artist_id, title, release_year, created_at) VALUES (740, 367, 'Object-based even-keeled challenge', 1974, NOW());
INSERT INTO song (song_id, album_id, name, duration_seconds, bpm, track_number) VALUES (5636, 740, 'Trade hospital', 443, 147, 1);
INSERT INTO song (song_id, album_id, name, duration_seconds, bpm, track_number) VALUES (5637, 740, 'Good', 218, 63, 2);
INSERT INTO song (song_id, album_id, name, duration_seconds, bpm, track_number) VALUES (5638, 740, 'Hotel two structure', 222, 175, 3);
INSERT INTO song (song_id, album_id, name, duration_seconds, bpm, track_number) VALUES (5639, 740, 'Center either', 242, 72, 4);
INSERT INTO song (song_id, album_id, name, duration_seconds, bpm, track_number) VALUES (5640, 740, 'Series top her', 468, 130, 5);
INSERT INTO song (song_id, album_id, name, duration_seconds, bpm, track_number) VALUES (5641, 740, 'Increase', 183, 142, 6);
INSERT INTO album (album_id, artist_id, title, release_year, created_at) VALUES (741, 368, 'Multi-layered next generation implementation', 2015, NOW());
INSERT INTO song (song_id, album_id, name, duration_seconds, bpm, track_number) VALUES (5642, 741, 'Style', 199, 60, 1);
INSERT INTO song (song_id, album_id, name, duration_seconds, bpm, track_number) VALUES (5643, 741, 'Network', 440, 111, 2);
INSERT INTO song (song_id, album_id, name, duration_seconds, bpm, track_number) VALUES (5644, 741, 'Sort quite', 157, 62, 3);
INSERT INTO song (song_id, album_id, name, duration_seconds, bpm, track_number) VALUES (5645, 741, 'Hold', 436, 171, 4);
INSERT INTO song (song_id, album_id, name, duration_seconds, bpm, track_number) VALUES (5646, 741, 'Room', 388, 179, 5);
INSERT INTO song (song_id, album_id, name, duration_seconds, bpm, track_number) VALUES (5647, 741, 'Court whom', 369, 161, 6);
INSERT INTO song (song_id, album_id, name, duration_seconds, bpm, track_number) VALUES (5648, 741, 'Week', 437, 111, 7);
INSERT INTO song (song_id, album_id, name, duration_seconds, bpm, track_number) VALUES (5649, 741, 'Eat', 183, 103, 8);
INSERT INTO song (song_id, album_id, name, duration_seconds, bpm, track_number) VALUES (5650, 741, 'Age ready official expert stock', 301, 97, 9);
INSERT INTO song (song_id, album_id, name, duration_seconds, bpm, track_number) VALUES (5651, 741, 'Congress', 225, 163, 10);
INSERT INTO album (album_id, artist_id, title, release_year, created_at) VALUES (742, 368, 'Adaptive methodical info-mediaries', 1983, NOW());
INSERT INTO song (song_id, album_id, name, duration_seconds, bpm, track_number) VALUES (5652, 742, 'Participant', 417, 162, 1);
INSERT INTO song (song_id, album_id, name, duration_seconds, bpm, track_number) VALUES (5653, 742, 'Seem kitchen discuss', 322, 76, 2);
INSERT INTO song (song_id, album_id, name, duration_seconds, bpm, track_number) VALUES (5654, 742, 'Deep', 365, 88, 3);
INSERT INTO song (song_id, album_id, name, duration_seconds, bpm, track_number) VALUES (5655, 742, 'Safe', 465, 89, 4);
INSERT INTO song (song_id, album_id, name, duration_seconds, bpm, track_number) VALUES (5656, 742, 'Everybody knowledge even carry maybe', 369, 115, 5);
INSERT INTO album (album_id, artist_id, title, release_year, created_at) VALUES (743, 369, 'Virtual methodical access', 1994, NOW());
INSERT INTO song (song_id, album_id, name, duration_seconds, bpm, track_number) VALUES (5657, 743, 'Respond', 121, 159, 1);
INSERT INTO song (song_id, album_id, name, duration_seconds, bpm, track_number) VALUES (5658, 743, 'System hard', 452, 96, 2);
INSERT INTO song (song_id, album_id, name, duration_seconds, bpm, track_number) VALUES (5659, 743, 'Identify boy crime trial', 315, 79, 3);
INSERT INTO song (song_id, album_id, name, duration_seconds, bpm, track_number) VALUES (5660, 743, 'Past natural', 477, 138, 4);
INSERT INTO song (song_id, album_id, name, duration_seconds, bpm, track_number) VALUES (5661, 743, 'Organization', 135, 168, 5);
INSERT INTO song (song_id, album_id, name, duration_seconds, bpm, track_number) VALUES (5662, 743, 'Audience', 434, 61, 6);
INSERT INTO song (song_id, album_id, name, duration_seconds, bpm, track_number) VALUES (5663, 743, 'Focus certain lawyer image spring', 282, 173, 7);
INSERT INTO song (song_id, album_id, name, duration_seconds, bpm, track_number) VALUES (5664, 743, 'Nothing situation may', 435, 72, 8);
INSERT INTO song (song_id, album_id, name, duration_seconds, bpm, track_number) VALUES (5665, 743, 'Cost', 161, 85, 9);
INSERT INTO song (song_id, album_id, name, duration_seconds, bpm, track_number) VALUES (5666, 743, 'Deal you example health cell', 195, 171, 10);
INSERT INTO album (album_id, artist_id, title, release_year, created_at) VALUES (744, 369, 'Object-based 5thgeneration capability', 1996, NOW());
INSERT INTO song (song_id, album_id, name, duration_seconds, bpm, track_number) VALUES (5667, 744, 'Or good gas nice the', 225, 175, 1);
INSERT INTO song (song_id, album_id, name, duration_seconds, bpm, track_number) VALUES (5668, 744, 'Improve', 302, 73, 2);
INSERT INTO song (song_id, album_id, name, duration_seconds, bpm, track_number) VALUES (5669, 744, 'Couple', 419, 75, 3);
INSERT INTO song (song_id, album_id, name, duration_seconds, bpm, track_number) VALUES (5670, 744, 'Consider while performance', 355, 150, 4);
INSERT INTO song (song_id, album_id, name, duration_seconds, bpm, track_number) VALUES (5671, 744, 'Ability know', 467, 155, 5);
INSERT INTO album (album_id, artist_id, title, release_year, created_at) VALUES (745, 369, 'Fundamental fresh-thinking policy', 1985, NOW());
INSERT INTO song (song_id, album_id, name, duration_seconds, bpm, track_number) VALUES (5672, 745, 'Surface situation red teacher', 447, 166, 1);
INSERT INTO song (song_id, album_id, name, duration_seconds, bpm, track_number) VALUES (5673, 745, 'Common', 406, 121, 2);
INSERT INTO song (song_id, album_id, name, duration_seconds, bpm, track_number) VALUES (5674, 745, 'Book', 143, 106, 3);
INSERT INTO song (song_id, album_id, name, duration_seconds, bpm, track_number) VALUES (5675, 745, 'Star culture very', 253, 147, 4);
INSERT INTO song (song_id, album_id, name, duration_seconds, bpm, track_number) VALUES (5676, 745, 'Five operation campaign maybe little', 307, 68, 5);
INSERT INTO song (song_id, album_id, name, duration_seconds, bpm, track_number) VALUES (5677, 745, 'Pressure', 356, 149, 6);
INSERT INTO song (song_id, album_id, name, duration_seconds, bpm, track_number) VALUES (5678, 745, 'Return', 138, 65, 7);
INSERT INTO song (song_id, album_id, name, duration_seconds, bpm, track_number) VALUES (5679, 745, 'Table', 202, 74, 8);
INSERT INTO song (song_id, album_id, name, duration_seconds, bpm, track_number) VALUES (5680, 745, 'Total represent government understand back', 184, 144, 9);
INSERT INTO song (song_id, album_id, name, duration_seconds, bpm, track_number) VALUES (5681, 745, 'Our through phone property', 404, 102, 10);
INSERT INTO album (album_id, artist_id, title, release_year, created_at) VALUES (746, 370, 'Ameliorated hybrid groupware', 2013, NOW());
INSERT INTO song (song_id, album_id, name, duration_seconds, bpm, track_number) VALUES (5682, 746, 'Need military air under', 242, 101, 1);
INSERT INTO song (song_id, album_id, name, duration_seconds, bpm, track_number) VALUES (5683, 746, 'Thank', 153, 106, 2);
INSERT INTO song (song_id, album_id, name, duration_seconds, bpm, track_number) VALUES (5684, 746, 'Participant', 211, 109, 3);
INSERT INTO song (song_id, album_id, name, duration_seconds, bpm, track_number) VALUES (5685, 746, 'Create player', 264, 107, 4);
INSERT INTO song (song_id, album_id, name, duration_seconds, bpm, track_number) VALUES (5686, 746, 'Environmental', 341, 80, 5);
INSERT INTO song (song_id, album_id, name, duration_seconds, bpm, track_number) VALUES (5687, 746, 'Process', 255, 150, 6);
INSERT INTO song (song_id, album_id, name, duration_seconds, bpm, track_number) VALUES (5688, 746, 'Father', 187, 154, 7);
INSERT INTO song (song_id, album_id, name, duration_seconds, bpm, track_number) VALUES (5689, 746, 'Know develop medical strong', 180, 140, 8);
INSERT INTO song (song_id, album_id, name, duration_seconds, bpm, track_number) VALUES (5690, 746, 'Magazine agreement plan', 144, 123, 9);
INSERT INTO song (song_id, album_id, name, duration_seconds, bpm, track_number) VALUES (5691, 746, 'Smile', 237, 61, 10);
INSERT INTO album (album_id, artist_id, title, release_year, created_at) VALUES (747, 370, 'Digitized fresh-thinking productivity', 1992, NOW());
INSERT INTO song (song_id, album_id, name, duration_seconds, bpm, track_number) VALUES (5692, 747, 'Find', 150, 134, 1);
INSERT INTO song (song_id, album_id, name, duration_seconds, bpm, track_number) VALUES (5693, 747, 'Million left travel', 253, 67, 2);
INSERT INTO song (song_id, album_id, name, duration_seconds, bpm, track_number) VALUES (5694, 747, 'Little', 281, 78, 3);
INSERT INTO song (song_id, album_id, name, duration_seconds, bpm, track_number) VALUES (5695, 747, 'Who continue', 403, 117, 4);
INSERT INTO song (song_id, album_id, name, duration_seconds, bpm, track_number) VALUES (5696, 747, 'Same', 407, 111, 5);
INSERT INTO song (song_id, album_id, name, duration_seconds, bpm, track_number) VALUES (5697, 747, 'Kitchen animal', 267, 99, 6);
INSERT INTO song (song_id, album_id, name, duration_seconds, bpm, track_number) VALUES (5698, 747, 'Knowledge way score write', 332, 139, 7);
INSERT INTO song (song_id, album_id, name, duration_seconds, bpm, track_number) VALUES (5699, 747, 'Two magazine will', 304, 163, 8);
INSERT INTO song (song_id, album_id, name, duration_seconds, bpm, track_number) VALUES (5700, 747, 'Tend fly', 352, 69, 9);
INSERT INTO song (song_id, album_id, name, duration_seconds, bpm, track_number) VALUES (5701, 747, 'Brother let', 440, 140, 10);
INSERT INTO album (album_id, artist_id, title, release_year, created_at) VALUES (748, 370, 'Synergized disintermediate flexibility', 1974, NOW());
INSERT INTO song (song_id, album_id, name, duration_seconds, bpm, track_number) VALUES (5702, 748, 'Plan wish whether public', 269, 95, 1);
INSERT INTO song (song_id, album_id, name, duration_seconds, bpm, track_number) VALUES (5703, 748, 'Job travel simple', 464, 66, 2);
INSERT INTO song (song_id, album_id, name, duration_seconds, bpm, track_number) VALUES (5704, 748, 'Study thing human', 315, 151, 3);
INSERT INTO song (song_id, album_id, name, duration_seconds, bpm, track_number) VALUES (5705, 748, 'Total', 325, 127, 4);
INSERT INTO song (song_id, album_id, name, duration_seconds, bpm, track_number) VALUES (5706, 748, 'Animal firm other', 324, 176, 5);
INSERT INTO song (song_id, album_id, name, duration_seconds, bpm, track_number) VALUES (5707, 748, 'Leader many', 360, 73, 6);
INSERT INTO album (album_id, artist_id, title, release_year, created_at) VALUES (749, 371, 'Cross-group client-server process improvement', 2005, NOW());
INSERT INTO song (song_id, album_id, name, duration_seconds, bpm, track_number) VALUES (5708, 749, 'Prepare movement interest experience various', 406, 179, 1);
INSERT INTO song (song_id, album_id, name, duration_seconds, bpm, track_number) VALUES (5709, 749, 'Along', 261, 72, 2);
INSERT INTO song (song_id, album_id, name, duration_seconds, bpm, track_number) VALUES (5710, 749, 'Word', 411, 140, 3);
INSERT INTO song (song_id, album_id, name, duration_seconds, bpm, track_number) VALUES (5711, 749, 'Stuff politics', 123, 81, 4);
INSERT INTO song (song_id, album_id, name, duration_seconds, bpm, track_number) VALUES (5712, 749, 'Play represent finally professional', 121, 118, 5);
INSERT INTO song (song_id, album_id, name, duration_seconds, bpm, track_number) VALUES (5713, 749, 'Modern receive those', 377, 86, 6);
INSERT INTO album (album_id, artist_id, title, release_year, created_at) VALUES (750, 371, 'Customer-focused upward-trending intranet', 1984, NOW());
INSERT INTO song (song_id, album_id, name, duration_seconds, bpm, track_number) VALUES (5714, 750, 'Building town concern', 283, 71, 1);
INSERT INTO song (song_id, album_id, name, duration_seconds, bpm, track_number) VALUES (5715, 750, 'Teacher could', 278, 128, 2);
INSERT INTO song (song_id, album_id, name, duration_seconds, bpm, track_number) VALUES (5716, 750, 'Toward heart', 208, 120, 3);
INSERT INTO song (song_id, album_id, name, duration_seconds, bpm, track_number) VALUES (5717, 750, 'Hotel continue attorney between', 464, 147, 4);
INSERT INTO song (song_id, album_id, name, duration_seconds, bpm, track_number) VALUES (5718, 750, 'Site customer data', 305, 171, 5);
INSERT INTO song (song_id, album_id, name, duration_seconds, bpm, track_number) VALUES (5719, 750, 'Soon economic too thought', 184, 70, 6);
INSERT INTO song (song_id, album_id, name, duration_seconds, bpm, track_number) VALUES (5720, 750, 'Sense money', 133, 123, 7);
INSERT INTO song (song_id, album_id, name, duration_seconds, bpm, track_number) VALUES (5721, 750, 'Around word fly', 380, 123, 8);
INSERT INTO album (album_id, artist_id, title, release_year, created_at) VALUES (751, 372, 'Decentralized optimal strategy', 1977, NOW());
INSERT INTO song (song_id, album_id, name, duration_seconds, bpm, track_number) VALUES (5722, 751, 'Deal plant thousand media yard', 403, 81, 1);
INSERT INTO song (song_id, album_id, name, duration_seconds, bpm, track_number) VALUES (5723, 751, 'Return', 318, 154, 2);
INSERT INTO song (song_id, album_id, name, duration_seconds, bpm, track_number) VALUES (5724, 751, 'Huge', 220, 131, 3);
INSERT INTO song (song_id, album_id, name, duration_seconds, bpm, track_number) VALUES (5725, 751, 'Crime so', 264, 135, 4);
INSERT INTO song (song_id, album_id, name, duration_seconds, bpm, track_number) VALUES (5726, 751, 'Job call sure', 419, 94, 5);
INSERT INTO album (album_id, artist_id, title, release_year, created_at) VALUES (752, 372, 'Persevering global support', 1972, NOW());
INSERT INTO song (song_id, album_id, name, duration_seconds, bpm, track_number) VALUES (5727, 752, 'I', 266, 77, 1);
INSERT INTO song (song_id, album_id, name, duration_seconds, bpm, track_number) VALUES (5728, 752, 'Foot American style our everybody', 360, 111, 2);
INSERT INTO song (song_id, album_id, name, duration_seconds, bpm, track_number) VALUES (5729, 752, 'Choice pay', 298, 73, 3);
INSERT INTO song (song_id, album_id, name, duration_seconds, bpm, track_number) VALUES (5730, 752, 'Risk final play', 318, 66, 4);
INSERT INTO song (song_id, album_id, name, duration_seconds, bpm, track_number) VALUES (5731, 752, 'Probably car', 218, 100, 5);
INSERT INTO song (song_id, album_id, name, duration_seconds, bpm, track_number) VALUES (5732, 752, 'Second trial kid rise', 321, 166, 6);
INSERT INTO song (song_id, album_id, name, duration_seconds, bpm, track_number) VALUES (5733, 752, 'Note nor', 226, 180, 7);
INSERT INTO album (album_id, artist_id, title, release_year, created_at) VALUES (753, 373, 'Fully-configurable motivating orchestration', 2018, NOW());
INSERT INTO song (song_id, album_id, name, duration_seconds, bpm, track_number) VALUES (5734, 753, 'Letter break practice', 214, 134, 1);
INSERT INTO song (song_id, album_id, name, duration_seconds, bpm, track_number) VALUES (5735, 753, 'Because away', 152, 99, 2);
INSERT INTO song (song_id, album_id, name, duration_seconds, bpm, track_number) VALUES (5736, 753, 'War course large', 202, 136, 3);
INSERT INTO song (song_id, album_id, name, duration_seconds, bpm, track_number) VALUES (5737, 753, 'Continue', 423, 141, 4);
INSERT INTO song (song_id, album_id, name, duration_seconds, bpm, track_number) VALUES (5738, 753, 'Foot', 245, 126, 5);
INSERT INTO album (album_id, artist_id, title, release_year, created_at) VALUES (754, 374, 'Proactive bi-directional superstructure', 2012, NOW());
INSERT INTO song (song_id, album_id, name, duration_seconds, bpm, track_number) VALUES (5739, 754, 'Difference issue factor', 429, 85, 1);
INSERT INTO song (song_id, album_id, name, duration_seconds, bpm, track_number) VALUES (5740, 754, 'Change describe', 334, 147, 2);
INSERT INTO song (song_id, album_id, name, duration_seconds, bpm, track_number) VALUES (5741, 754, 'Little', 429, 163, 3);
INSERT INTO song (song_id, album_id, name, duration_seconds, bpm, track_number) VALUES (5742, 754, 'Event allow long', 292, 105, 4);
INSERT INTO song (song_id, album_id, name, duration_seconds, bpm, track_number) VALUES (5743, 754, 'Stage message safe', 418, 142, 5);
INSERT INTO song (song_id, album_id, name, duration_seconds, bpm, track_number) VALUES (5744, 754, 'North', 152, 83, 6);
INSERT INTO song (song_id, album_id, name, duration_seconds, bpm, track_number) VALUES (5745, 754, 'Well', 319, 170, 7);
INSERT INTO song (song_id, album_id, name, duration_seconds, bpm, track_number) VALUES (5746, 754, 'Discussion candidate agent', 448, 162, 8);
INSERT INTO song (song_id, album_id, name, duration_seconds, bpm, track_number) VALUES (5747, 754, 'Watch Democrat', 358, 155, 9);
INSERT INTO song (song_id, album_id, name, duration_seconds, bpm, track_number) VALUES (5748, 754, 'Military often dark', 477, 73, 10);
INSERT INTO album (album_id, artist_id, title, release_year, created_at) VALUES (755, 375, 'Open-source cohesive circuit', 1976, NOW());
INSERT INTO song (song_id, album_id, name, duration_seconds, bpm, track_number) VALUES (5749, 755, 'Total', 135, 104, 1);
INSERT INTO song (song_id, album_id, name, duration_seconds, bpm, track_number) VALUES (5750, 755, 'Reality production building', 419, 71, 2);
INSERT INTO song (song_id, album_id, name, duration_seconds, bpm, track_number) VALUES (5751, 755, 'Section', 440, 109, 3);
INSERT INTO song (song_id, album_id, name, duration_seconds, bpm, track_number) VALUES (5752, 755, 'Road', 387, 105, 4);
INSERT INTO song (song_id, album_id, name, duration_seconds, bpm, track_number) VALUES (5753, 755, 'Baby', 455, 104, 5);
INSERT INTO song (song_id, album_id, name, duration_seconds, bpm, track_number) VALUES (5754, 755, 'Right entire', 337, 111, 6);
INSERT INTO album (album_id, artist_id, title, release_year, created_at) VALUES (756, 375, 'Reactive 24hour archive', 1978, NOW());
INSERT INTO song (song_id, album_id, name, duration_seconds, bpm, track_number) VALUES (5755, 756, 'Last', 467, 75, 1);
INSERT INTO song (song_id, album_id, name, duration_seconds, bpm, track_number) VALUES (5756, 756, 'Several remember around return', 464, 151, 2);
INSERT INTO song (song_id, album_id, name, duration_seconds, bpm, track_number) VALUES (5757, 756, 'Specific best', 393, 75, 3);
INSERT INTO song (song_id, album_id, name, duration_seconds, bpm, track_number) VALUES (5758, 756, 'Responsibility investment', 158, 133, 4);
INSERT INTO song (song_id, album_id, name, duration_seconds, bpm, track_number) VALUES (5759, 756, 'Type traditional at', 403, 100, 5);
INSERT INTO song (song_id, album_id, name, duration_seconds, bpm, track_number) VALUES (5760, 756, 'Space', 216, 148, 6);
INSERT INTO song (song_id, album_id, name, duration_seconds, bpm, track_number) VALUES (5761, 756, 'Safe one such', 478, 150, 7);
INSERT INTO song (song_id, album_id, name, duration_seconds, bpm, track_number) VALUES (5762, 756, 'Up compare seem', 240, 165, 8);
INSERT INTO album (album_id, artist_id, title, release_year, created_at) VALUES (757, 376, 'Customizable grid-enabled hierarchy', 2019, NOW());
INSERT INTO song (song_id, album_id, name, duration_seconds, bpm, track_number) VALUES (5763, 757, 'Nation', 259, 166, 1);
INSERT INTO song (song_id, album_id, name, duration_seconds, bpm, track_number) VALUES (5764, 757, 'Improve place offer', 217, 63, 2);
INSERT INTO song (song_id, album_id, name, duration_seconds, bpm, track_number) VALUES (5765, 757, 'Charge thousand hard table', 441, 95, 3);
INSERT INTO song (song_id, album_id, name, duration_seconds, bpm, track_number) VALUES (5766, 757, 'Card', 155, 82, 4);
INSERT INTO song (song_id, album_id, name, duration_seconds, bpm, track_number) VALUES (5767, 757, 'Production or', 314, 93, 5);
INSERT INTO song (song_id, album_id, name, duration_seconds, bpm, track_number) VALUES (5768, 757, 'Peace', 253, 101, 6);
INSERT INTO song (song_id, album_id, name, duration_seconds, bpm, track_number) VALUES (5769, 757, 'Rise child', 145, 105, 7);
INSERT INTO song (song_id, album_id, name, duration_seconds, bpm, track_number) VALUES (5770, 757, 'At', 170, 73, 8);
INSERT INTO song (song_id, album_id, name, duration_seconds, bpm, track_number) VALUES (5771, 757, 'Home', 316, 117, 9);
INSERT INTO album (album_id, artist_id, title, release_year, created_at) VALUES (758, 377, 'Synergized discrete flexibility', 1993, NOW());
INSERT INTO song (song_id, album_id, name, duration_seconds, bpm, track_number) VALUES (5772, 758, 'Business', 302, 64, 1);
INSERT INTO song (song_id, album_id, name, duration_seconds, bpm, track_number) VALUES (5773, 758, 'Visit court', 126, 120, 2);
INSERT INTO song (song_id, album_id, name, duration_seconds, bpm, track_number) VALUES (5774, 758, 'Community', 156, 112, 3);
INSERT INTO song (song_id, album_id, name, duration_seconds, bpm, track_number) VALUES (5775, 758, 'Think fish', 376, 120, 4);
INSERT INTO song (song_id, album_id, name, duration_seconds, bpm, track_number) VALUES (5776, 758, 'Sometimes', 373, 86, 5);
INSERT INTO song (song_id, album_id, name, duration_seconds, bpm, track_number) VALUES (5777, 758, 'Often', 358, 106, 6);
INSERT INTO song (song_id, album_id, name, duration_seconds, bpm, track_number) VALUES (5778, 758, 'Late', 287, 100, 7);
INSERT INTO album (album_id, artist_id, title, release_year, created_at) VALUES (759, 377, 'Customer-focused interactive Local Area Network', 2005, NOW());
INSERT INTO song (song_id, album_id, name, duration_seconds, bpm, track_number) VALUES (5779, 759, 'Several year', 130, 81, 1);
INSERT INTO song (song_id, album_id, name, duration_seconds, bpm, track_number) VALUES (5780, 759, 'Debate white prepare from rich', 420, 64, 2);
INSERT INTO song (song_id, album_id, name, duration_seconds, bpm, track_number) VALUES (5781, 759, 'Great', 425, 108, 3);
INSERT INTO song (song_id, album_id, name, duration_seconds, bpm, track_number) VALUES (5782, 759, 'Agency', 154, 133, 4);
INSERT INTO song (song_id, album_id, name, duration_seconds, bpm, track_number) VALUES (5783, 759, 'Child own low personal', 447, 76, 5);
INSERT INTO song (song_id, album_id, name, duration_seconds, bpm, track_number) VALUES (5784, 759, 'Else culture black', 220, 162, 6);
INSERT INTO song (song_id, album_id, name, duration_seconds, bpm, track_number) VALUES (5785, 759, 'Big', 413, 81, 7);
INSERT INTO song (song_id, album_id, name, duration_seconds, bpm, track_number) VALUES (5786, 759, 'Kind', 309, 107, 8);
INSERT INTO album (album_id, artist_id, title, release_year, created_at) VALUES (760, 378, 'Upgradable uniform projection', 2014, NOW());
INSERT INTO song (song_id, album_id, name, duration_seconds, bpm, track_number) VALUES (5787, 760, 'And', 204, 95, 1);
INSERT INTO song (song_id, album_id, name, duration_seconds, bpm, track_number) VALUES (5788, 760, 'Than', 345, 103, 2);
INSERT INTO song (song_id, album_id, name, duration_seconds, bpm, track_number) VALUES (5789, 760, 'Back', 465, 78, 3);
INSERT INTO song (song_id, album_id, name, duration_seconds, bpm, track_number) VALUES (5790, 760, 'Bank', 401, 84, 4);
INSERT INTO song (song_id, album_id, name, duration_seconds, bpm, track_number) VALUES (5791, 760, 'Nor light', 301, 91, 5);
INSERT INTO song (song_id, album_id, name, duration_seconds, bpm, track_number) VALUES (5792, 760, 'Why box', 419, 136, 6);
INSERT INTO song (song_id, album_id, name, duration_seconds, bpm, track_number) VALUES (5793, 760, 'Yes national billion world true', 197, 143, 7);
INSERT INTO song (song_id, album_id, name, duration_seconds, bpm, track_number) VALUES (5794, 760, 'Pick technology', 442, 132, 8);
INSERT INTO song (song_id, album_id, name, duration_seconds, bpm, track_number) VALUES (5795, 760, 'Better perform somebody', 288, 93, 9);
INSERT INTO album (album_id, artist_id, title, release_year, created_at) VALUES (761, 378, 'Ameliorated background hardware', 2010, NOW());
INSERT INTO song (song_id, album_id, name, duration_seconds, bpm, track_number) VALUES (5796, 761, 'Upon', 336, 162, 1);
INSERT INTO song (song_id, album_id, name, duration_seconds, bpm, track_number) VALUES (5797, 761, 'Start', 346, 64, 2);
INSERT INTO song (song_id, album_id, name, duration_seconds, bpm, track_number) VALUES (5798, 761, 'Cost shoulder', 330, 117, 3);
INSERT INTO song (song_id, album_id, name, duration_seconds, bpm, track_number) VALUES (5799, 761, 'Performance', 466, 66, 4);
INSERT INTO song (song_id, album_id, name, duration_seconds, bpm, track_number) VALUES (5800, 761, 'Direction quickly', 480, 163, 5);
INSERT INTO song (song_id, album_id, name, duration_seconds, bpm, track_number) VALUES (5801, 761, 'Do detail power both', 357, 154, 6);
INSERT INTO song (song_id, album_id, name, duration_seconds, bpm, track_number) VALUES (5802, 761, 'Side participant under give', 315, 153, 7);
INSERT INTO song (song_id, album_id, name, duration_seconds, bpm, track_number) VALUES (5803, 761, 'Tell far table', 282, 105, 8);
INSERT INTO song (song_id, album_id, name, duration_seconds, bpm, track_number) VALUES (5804, 761, 'Campaign', 129, 119, 9);
INSERT INTO album (album_id, artist_id, title, release_year, created_at) VALUES (762, 379, 'Re-engineered heuristic success', 1991, NOW());
INSERT INTO song (song_id, album_id, name, duration_seconds, bpm, track_number) VALUES (5805, 762, 'Finish quality investment', 187, 168, 1);
INSERT INTO song (song_id, album_id, name, duration_seconds, bpm, track_number) VALUES (5806, 762, 'Company safe less thing us', 366, 134, 2);
INSERT INTO song (song_id, album_id, name, duration_seconds, bpm, track_number) VALUES (5807, 762, 'Drive', 171, 159, 3);
INSERT INTO song (song_id, album_id, name, duration_seconds, bpm, track_number) VALUES (5808, 762, 'Beautiful traditional show', 342, 122, 4);
INSERT INTO song (song_id, album_id, name, duration_seconds, bpm, track_number) VALUES (5809, 762, 'Director my', 124, 112, 5);
INSERT INTO song (song_id, album_id, name, duration_seconds, bpm, track_number) VALUES (5810, 762, 'Believe', 443, 96, 6);
INSERT INTO song (song_id, album_id, name, duration_seconds, bpm, track_number) VALUES (5811, 762, 'Remain material approach stage', 300, 65, 7);
INSERT INTO song (song_id, album_id, name, duration_seconds, bpm, track_number) VALUES (5812, 762, 'Activity open system', 432, 117, 8);
INSERT INTO album (album_id, artist_id, title, release_year, created_at) VALUES (763, 379, 'Focused dynamic concept', 2007, NOW());
INSERT INTO song (song_id, album_id, name, duration_seconds, bpm, track_number) VALUES (5813, 763, 'Reduce', 351, 154, 1);
INSERT INTO song (song_id, album_id, name, duration_seconds, bpm, track_number) VALUES (5814, 763, 'Sister model base spring', 134, 156, 2);
INSERT INTO song (song_id, album_id, name, duration_seconds, bpm, track_number) VALUES (5815, 763, 'Approach', 364, 119, 3);
INSERT INTO song (song_id, album_id, name, duration_seconds, bpm, track_number) VALUES (5816, 763, 'Finish', 227, 153, 4);
INSERT INTO song (song_id, album_id, name, duration_seconds, bpm, track_number) VALUES (5817, 763, 'Hard particular', 427, 137, 5);
INSERT INTO song (song_id, album_id, name, duration_seconds, bpm, track_number) VALUES (5818, 763, 'Shake', 244, 86, 6);
INSERT INTO song (song_id, album_id, name, duration_seconds, bpm, track_number) VALUES (5819, 763, 'Case skill', 252, 108, 7);
INSERT INTO song (song_id, album_id, name, duration_seconds, bpm, track_number) VALUES (5820, 763, 'Majority skill later system', 353, 152, 8);
INSERT INTO song (song_id, album_id, name, duration_seconds, bpm, track_number) VALUES (5821, 763, 'Stage', 179, 69, 9);
INSERT INTO song (song_id, album_id, name, duration_seconds, bpm, track_number) VALUES (5822, 763, 'Despite', 471, 129, 10);
INSERT INTO album (album_id, artist_id, title, release_year, created_at) VALUES (764, 379, 'Organized client-server array', 2010, NOW());
INSERT INTO song (song_id, album_id, name, duration_seconds, bpm, track_number) VALUES (5823, 764, 'Evidence sign', 197, 143, 1);
INSERT INTO song (song_id, album_id, name, duration_seconds, bpm, track_number) VALUES (5824, 764, 'Different short', 424, 159, 2);
INSERT INTO song (song_id, album_id, name, duration_seconds, bpm, track_number) VALUES (5825, 764, 'By full arm maintain', 320, 78, 3);
INSERT INTO song (song_id, album_id, name, duration_seconds, bpm, track_number) VALUES (5826, 764, 'Relationship than collection', 422, 162, 4);
INSERT INTO song (song_id, album_id, name, duration_seconds, bpm, track_number) VALUES (5827, 764, 'Cold effort health', 324, 152, 5);
INSERT INTO song (song_id, album_id, name, duration_seconds, bpm, track_number) VALUES (5828, 764, 'Sit', 371, 96, 6);
INSERT INTO song (song_id, album_id, name, duration_seconds, bpm, track_number) VALUES (5829, 764, 'Short save', 430, 116, 7);
INSERT INTO song (song_id, album_id, name, duration_seconds, bpm, track_number) VALUES (5830, 764, 'Central political and effect eat', 371, 156, 8);
INSERT INTO song (song_id, album_id, name, duration_seconds, bpm, track_number) VALUES (5831, 764, 'Job', 240, 138, 9);
INSERT INTO song (song_id, album_id, name, duration_seconds, bpm, track_number) VALUES (5832, 764, 'Turn', 121, 79, 10);
INSERT INTO album (album_id, artist_id, title, release_year, created_at) VALUES (765, 380, 'Polarized logistical task-force', 1985, NOW());
INSERT INTO song (song_id, album_id, name, duration_seconds, bpm, track_number) VALUES (5833, 765, 'Order', 376, 132, 1);
INSERT INTO song (song_id, album_id, name, duration_seconds, bpm, track_number) VALUES (5834, 765, 'Week art', 174, 134, 2);
INSERT INTO song (song_id, album_id, name, duration_seconds, bpm, track_number) VALUES (5835, 765, 'Design thing after', 237, 109, 3);
INSERT INTO song (song_id, album_id, name, duration_seconds, bpm, track_number) VALUES (5836, 765, 'Real', 364, 62, 4);
INSERT INTO song (song_id, album_id, name, duration_seconds, bpm, track_number) VALUES (5837, 765, 'Follow town', 336, 164, 5);
INSERT INTO song (song_id, album_id, name, duration_seconds, bpm, track_number) VALUES (5838, 765, 'Water nor', 246, 60, 6);
INSERT INTO album (album_id, artist_id, title, release_year, created_at) VALUES (766, 380, 'Mandatory high-level workforce', 1977, NOW());
INSERT INTO song (song_id, album_id, name, duration_seconds, bpm, track_number) VALUES (5839, 766, 'Project', 398, 63, 1);
INSERT INTO song (song_id, album_id, name, duration_seconds, bpm, track_number) VALUES (5840, 766, 'Reason case imagine', 212, 112, 2);
INSERT INTO song (song_id, album_id, name, duration_seconds, bpm, track_number) VALUES (5841, 766, 'Away various institution local pay', 184, 167, 3);
INSERT INTO song (song_id, album_id, name, duration_seconds, bpm, track_number) VALUES (5842, 766, 'Company someone put music', 317, 82, 4);
INSERT INTO song (song_id, album_id, name, duration_seconds, bpm, track_number) VALUES (5843, 766, 'Either', 230, 85, 5);
INSERT INTO song (song_id, album_id, name, duration_seconds, bpm, track_number) VALUES (5844, 766, 'Edge', 247, 134, 6);
INSERT INTO song (song_id, album_id, name, duration_seconds, bpm, track_number) VALUES (5845, 766, 'Remember total', 464, 79, 7);
INSERT INTO song (song_id, album_id, name, duration_seconds, bpm, track_number) VALUES (5846, 766, 'Avoid along', 228, 162, 8);
INSERT INTO album (album_id, artist_id, title, release_year, created_at) VALUES (767, 381, 'Cross-platform responsive process improvement', 1997, NOW());
INSERT INTO song (song_id, album_id, name, duration_seconds, bpm, track_number) VALUES (5847, 767, 'Nation', 391, 128, 1);
INSERT INTO song (song_id, album_id, name, duration_seconds, bpm, track_number) VALUES (5848, 767, 'No want back collection', 340, 152, 2);
INSERT INTO song (song_id, album_id, name, duration_seconds, bpm, track_number) VALUES (5849, 767, 'Week', 171, 113, 3);
INSERT INTO song (song_id, album_id, name, duration_seconds, bpm, track_number) VALUES (5850, 767, 'Company food', 452, 175, 4);
INSERT INTO song (song_id, album_id, name, duration_seconds, bpm, track_number) VALUES (5851, 767, 'Democrat worry', 243, 114, 5);
INSERT INTO song (song_id, album_id, name, duration_seconds, bpm, track_number) VALUES (5852, 767, 'Voice ability section sell', 145, 115, 6);
INSERT INTO song (song_id, album_id, name, duration_seconds, bpm, track_number) VALUES (5853, 767, 'Miss return film', 184, 162, 7);
INSERT INTO song (song_id, album_id, name, duration_seconds, bpm, track_number) VALUES (5854, 767, 'Character', 373, 83, 8);
INSERT INTO album (album_id, artist_id, title, release_year, created_at) VALUES (768, 381, 'Profit-focused 6thgeneration standardization', 1972, NOW());
INSERT INTO song (song_id, album_id, name, duration_seconds, bpm, track_number) VALUES (5855, 768, 'Research cultural either weight', 417, 122, 1);
INSERT INTO song (song_id, album_id, name, duration_seconds, bpm, track_number) VALUES (5856, 768, 'Forward ten', 174, 95, 2);
INSERT INTO song (song_id, album_id, name, duration_seconds, bpm, track_number) VALUES (5857, 768, 'Two', 382, 179, 3);
INSERT INTO song (song_id, album_id, name, duration_seconds, bpm, track_number) VALUES (5858, 768, 'Either year', 229, 148, 4);
INSERT INTO song (song_id, album_id, name, duration_seconds, bpm, track_number) VALUES (5859, 768, 'Value', 260, 103, 5);
INSERT INTO song (song_id, album_id, name, duration_seconds, bpm, track_number) VALUES (5860, 768, 'Radio', 391, 174, 6);
INSERT INTO song (song_id, album_id, name, duration_seconds, bpm, track_number) VALUES (5861, 768, 'No', 202, 172, 7);
INSERT INTO song (song_id, album_id, name, duration_seconds, bpm, track_number) VALUES (5862, 768, 'Instead', 146, 148, 8);
INSERT INTO album (album_id, artist_id, title, release_year, created_at) VALUES (769, 382, 'Public-key content-based website', 2011, NOW());
INSERT INTO song (song_id, album_id, name, duration_seconds, bpm, track_number) VALUES (5863, 769, 'Head', 350, 170, 1);
INSERT INTO song (song_id, album_id, name, duration_seconds, bpm, track_number) VALUES (5864, 769, 'Body subject', 352, 113, 2);
INSERT INTO song (song_id, album_id, name, duration_seconds, bpm, track_number) VALUES (5865, 769, 'Full foot', 397, 150, 3);
INSERT INTO song (song_id, album_id, name, duration_seconds, bpm, track_number) VALUES (5866, 769, 'Data', 454, 179, 4);
INSERT INTO song (song_id, album_id, name, duration_seconds, bpm, track_number) VALUES (5867, 769, 'Blue north stop possible dark', 194, 137, 5);
INSERT INTO album (album_id, artist_id, title, release_year, created_at) VALUES (770, 382, 'Grass-roots multi-tasking encoding', 2006, NOW());
INSERT INTO song (song_id, album_id, name, duration_seconds, bpm, track_number) VALUES (5868, 770, 'Something exactly', 408, 97, 1);
INSERT INTO song (song_id, album_id, name, duration_seconds, bpm, track_number) VALUES (5869, 770, 'Drive film ask still also', 297, 152, 2);
INSERT INTO song (song_id, album_id, name, duration_seconds, bpm, track_number) VALUES (5870, 770, 'Red into', 275, 67, 3);
INSERT INTO song (song_id, album_id, name, duration_seconds, bpm, track_number) VALUES (5871, 770, 'Million friend', 460, 147, 4);
INSERT INTO song (song_id, album_id, name, duration_seconds, bpm, track_number) VALUES (5872, 770, 'Together', 274, 132, 5);
INSERT INTO song (song_id, album_id, name, duration_seconds, bpm, track_number) VALUES (5873, 770, 'Congress stuff year', 296, 157, 6);
INSERT INTO song (song_id, album_id, name, duration_seconds, bpm, track_number) VALUES (5874, 770, 'Program lay many', 370, 157, 7);
INSERT INTO album (album_id, artist_id, title, release_year, created_at) VALUES (771, 382, 'Re-contextualized impactful instruction set', 2007, NOW());
INSERT INTO song (song_id, album_id, name, duration_seconds, bpm, track_number) VALUES (5875, 771, 'Three', 211, 95, 1);
INSERT INTO song (song_id, album_id, name, duration_seconds, bpm, track_number) VALUES (5876, 771, 'Main expert', 128, 156, 2);
INSERT INTO song (song_id, album_id, name, duration_seconds, bpm, track_number) VALUES (5877, 771, 'Sing', 293, 162, 3);
INSERT INTO song (song_id, album_id, name, duration_seconds, bpm, track_number) VALUES (5878, 771, 'Quality box modern', 151, 170, 4);
INSERT INTO song (song_id, album_id, name, duration_seconds, bpm, track_number) VALUES (5879, 771, 'Some anything', 286, 143, 5);
INSERT INTO song (song_id, album_id, name, duration_seconds, bpm, track_number) VALUES (5880, 771, 'Animal reality data', 400, 159, 6);
INSERT INTO song (song_id, album_id, name, duration_seconds, bpm, track_number) VALUES (5881, 771, 'Model both indeed', 408, 76, 7);
INSERT INTO song (song_id, album_id, name, duration_seconds, bpm, track_number) VALUES (5882, 771, 'Financial', 249, 174, 8);
INSERT INTO song (song_id, album_id, name, duration_seconds, bpm, track_number) VALUES (5883, 771, 'Camera', 358, 174, 9);
INSERT INTO album (album_id, artist_id, title, release_year, created_at) VALUES (772, 383, 'Face-to-face system-worthy support', 2021, NOW());
INSERT INTO song (song_id, album_id, name, duration_seconds, bpm, track_number) VALUES (5884, 772, 'General and', 233, 60, 1);
INSERT INTO song (song_id, album_id, name, duration_seconds, bpm, track_number) VALUES (5885, 772, 'Record relationship', 193, 99, 2);
INSERT INTO song (song_id, album_id, name, duration_seconds, bpm, track_number) VALUES (5886, 772, 'Home as also do significant', 403, 122, 3);
INSERT INTO song (song_id, album_id, name, duration_seconds, bpm, track_number) VALUES (5887, 772, 'Total agreement collection memory', 343, 144, 4);
INSERT INTO song (song_id, album_id, name, duration_seconds, bpm, track_number) VALUES (5888, 772, 'Drug send establish west', 273, 149, 5);
INSERT INTO album (album_id, artist_id, title, release_year, created_at) VALUES (773, 383, 'Balanced tertiary algorithm', 2025, NOW());
INSERT INTO song (song_id, album_id, name, duration_seconds, bpm, track_number) VALUES (5889, 773, 'Week you stage', 327, 162, 1);
INSERT INTO song (song_id, album_id, name, duration_seconds, bpm, track_number) VALUES (5890, 773, 'Rise beautiful', 444, 70, 2);
INSERT INTO song (song_id, album_id, name, duration_seconds, bpm, track_number) VALUES (5891, 773, 'Sense reflect model', 212, 167, 3);
INSERT INTO song (song_id, album_id, name, duration_seconds, bpm, track_number) VALUES (5892, 773, 'All imagine magazine know', 432, 169, 4);
INSERT INTO song (song_id, album_id, name, duration_seconds, bpm, track_number) VALUES (5893, 773, 'Beautiful recognize', 346, 100, 5);
INSERT INTO song (song_id, album_id, name, duration_seconds, bpm, track_number) VALUES (5894, 773, 'Concern usually', 239, 77, 6);
INSERT INTO song (song_id, album_id, name, duration_seconds, bpm, track_number) VALUES (5895, 773, 'Major', 304, 101, 7);
INSERT INTO album (album_id, artist_id, title, release_year, created_at) VALUES (774, 384, 'Reverse-engineered human-resource collaboration', 1972, NOW());
INSERT INTO song (song_id, album_id, name, duration_seconds, bpm, track_number) VALUES (5896, 774, 'Power free', 158, 124, 1);
INSERT INTO song (song_id, album_id, name, duration_seconds, bpm, track_number) VALUES (5897, 774, 'Brother', 169, 132, 2);
INSERT INTO song (song_id, album_id, name, duration_seconds, bpm, track_number) VALUES (5898, 774, 'Similar', 216, 136, 3);
INSERT INTO song (song_id, album_id, name, duration_seconds, bpm, track_number) VALUES (5899, 774, 'That question adult', 250, 97, 4);
INSERT INTO song (song_id, album_id, name, duration_seconds, bpm, track_number) VALUES (5900, 774, 'Growth', 283, 95, 5);
INSERT INTO song (song_id, album_id, name, duration_seconds, bpm, track_number) VALUES (5901, 774, 'Military I court remain', 305, 93, 6);
INSERT INTO album (album_id, artist_id, title, release_year, created_at) VALUES (775, 384, 'Exclusive demand-driven approach', 2015, NOW());
INSERT INTO song (song_id, album_id, name, duration_seconds, bpm, track_number) VALUES (5902, 775, 'Writer', 168, 71, 1);
INSERT INTO song (song_id, album_id, name, duration_seconds, bpm, track_number) VALUES (5903, 775, 'Lawyer', 218, 73, 2);
INSERT INTO song (song_id, album_id, name, duration_seconds, bpm, track_number) VALUES (5904, 775, 'Represent time field', 142, 172, 3);
INSERT INTO song (song_id, album_id, name, duration_seconds, bpm, track_number) VALUES (5905, 775, 'Central available', 408, 71, 4);
INSERT INTO song (song_id, album_id, name, duration_seconds, bpm, track_number) VALUES (5906, 775, 'Western student create', 474, 120, 5);
INSERT INTO song (song_id, album_id, name, duration_seconds, bpm, track_number) VALUES (5907, 775, 'Relate itself', 326, 62, 6);
INSERT INTO song (song_id, album_id, name, duration_seconds, bpm, track_number) VALUES (5908, 775, 'Sing process', 272, 114, 7);
INSERT INTO song (song_id, album_id, name, duration_seconds, bpm, track_number) VALUES (5909, 775, 'Tonight very free executive power', 177, 176, 8);
INSERT INTO song (song_id, album_id, name, duration_seconds, bpm, track_number) VALUES (5910, 775, 'Training', 126, 93, 9);
INSERT INTO album (album_id, artist_id, title, release_year, created_at) VALUES (776, 385, 'Optional systematic middleware', 1988, NOW());
INSERT INTO song (song_id, album_id, name, duration_seconds, bpm, track_number) VALUES (5911, 776, 'Campaign', 279, 175, 1);
INSERT INTO song (song_id, album_id, name, duration_seconds, bpm, track_number) VALUES (5912, 776, 'Citizen', 268, 178, 2);
INSERT INTO song (song_id, album_id, name, duration_seconds, bpm, track_number) VALUES (5913, 776, 'Prove find must', 391, 130, 3);
INSERT INTO song (song_id, album_id, name, duration_seconds, bpm, track_number) VALUES (5914, 776, 'Deep', 440, 102, 4);
INSERT INTO song (song_id, album_id, name, duration_seconds, bpm, track_number) VALUES (5915, 776, 'Trip remain', 451, 64, 5);
INSERT INTO song (song_id, album_id, name, duration_seconds, bpm, track_number) VALUES (5916, 776, 'Consumer', 310, 66, 6);
INSERT INTO song (song_id, album_id, name, duration_seconds, bpm, track_number) VALUES (5917, 776, 'Quality mother would', 153, 121, 7);
INSERT INTO song (song_id, album_id, name, duration_seconds, bpm, track_number) VALUES (5918, 776, 'Any', 386, 123, 8);
INSERT INTO song (song_id, album_id, name, duration_seconds, bpm, track_number) VALUES (5919, 776, 'Fight', 322, 74, 9);
INSERT INTO song (song_id, album_id, name, duration_seconds, bpm, track_number) VALUES (5920, 776, 'Skill avoid prevent', 128, 120, 10);
INSERT INTO album (album_id, artist_id, title, release_year, created_at) VALUES (777, 385, 'Reactive background complexity', 2023, NOW());
INSERT INTO song (song_id, album_id, name, duration_seconds, bpm, track_number) VALUES (5921, 777, 'Each', 440, 168, 1);
INSERT INTO song (song_id, album_id, name, duration_seconds, bpm, track_number) VALUES (5922, 777, 'Month', 141, 128, 2);
INSERT INTO song (song_id, album_id, name, duration_seconds, bpm, track_number) VALUES (5923, 777, 'Stock impact house senior', 424, 102, 3);
INSERT INTO song (song_id, album_id, name, duration_seconds, bpm, track_number) VALUES (5924, 777, 'Seek it', 341, 176, 4);
INSERT INTO song (song_id, album_id, name, duration_seconds, bpm, track_number) VALUES (5925, 777, 'Activity south', 185, 85, 5);
INSERT INTO song (song_id, album_id, name, duration_seconds, bpm, track_number) VALUES (5926, 777, 'Education opportunity', 476, 126, 6);
INSERT INTO song (song_id, album_id, name, duration_seconds, bpm, track_number) VALUES (5927, 777, 'Account region bank', 329, 108, 7);
INSERT INTO song (song_id, album_id, name, duration_seconds, bpm, track_number) VALUES (5928, 777, 'Without candidate newspaper wind', 137, 92, 8);
INSERT INTO song (song_id, album_id, name, duration_seconds, bpm, track_number) VALUES (5929, 777, 'Deal', 244, 62, 9);
INSERT INTO album (album_id, artist_id, title, release_year, created_at) VALUES (778, 386, 'Managed high-level alliance', 1990, NOW());
INSERT INTO song (song_id, album_id, name, duration_seconds, bpm, track_number) VALUES (5930, 778, 'Bring tough', 152, 108, 1);
INSERT INTO song (song_id, album_id, name, duration_seconds, bpm, track_number) VALUES (5931, 778, 'Difficult today', 244, 60, 2);
INSERT INTO song (song_id, album_id, name, duration_seconds, bpm, track_number) VALUES (5932, 778, 'Thus PM', 450, 104, 3);
INSERT INTO song (song_id, album_id, name, duration_seconds, bpm, track_number) VALUES (5933, 778, 'Site', 222, 162, 4);
INSERT INTO song (song_id, album_id, name, duration_seconds, bpm, track_number) VALUES (5934, 778, 'Sea which', 217, 151, 5);
INSERT INTO song (song_id, album_id, name, duration_seconds, bpm, track_number) VALUES (5935, 778, 'Hospital child day', 345, 102, 6);
INSERT INTO song (song_id, album_id, name, duration_seconds, bpm, track_number) VALUES (5936, 778, 'These', 203, 86, 7);
INSERT INTO song (song_id, album_id, name, duration_seconds, bpm, track_number) VALUES (5937, 778, 'Order respond', 165, 179, 8);
INSERT INTO song (song_id, album_id, name, duration_seconds, bpm, track_number) VALUES (5938, 778, 'Weight', 427, 60, 9);
INSERT INTO song (song_id, album_id, name, duration_seconds, bpm, track_number) VALUES (5939, 778, 'Serious moment', 402, 93, 10);
INSERT INTO album (album_id, artist_id, title, release_year, created_at) VALUES (779, 386, 'Innovative directional structure', 1984, NOW());
INSERT INTO song (song_id, album_id, name, duration_seconds, bpm, track_number) VALUES (5940, 779, 'Ok generation', 131, 98, 1);
INSERT INTO song (song_id, album_id, name, duration_seconds, bpm, track_number) VALUES (5941, 779, 'Quickly political maybe', 375, 69, 2);
INSERT INTO song (song_id, album_id, name, duration_seconds, bpm, track_number) VALUES (5942, 779, 'Yes', 168, 129, 3);
INSERT INTO song (song_id, album_id, name, duration_seconds, bpm, track_number) VALUES (5943, 779, 'Admit eight news keep', 145, 129, 4);
INSERT INTO song (song_id, album_id, name, duration_seconds, bpm, track_number) VALUES (5944, 779, 'Subject true', 123, 65, 5);
INSERT INTO song (song_id, album_id, name, duration_seconds, bpm, track_number) VALUES (5945, 779, 'Pretty four', 191, 131, 6);
INSERT INTO album (album_id, artist_id, title, release_year, created_at) VALUES (780, 386, 'Switchable asymmetric project', 2014, NOW());
INSERT INTO song (song_id, album_id, name, duration_seconds, bpm, track_number) VALUES (5946, 780, 'Go interest our leave', 472, 81, 1);
INSERT INTO song (song_id, album_id, name, duration_seconds, bpm, track_number) VALUES (5947, 780, 'Phone figure former century', 375, 69, 2);
INSERT INTO song (song_id, album_id, name, duration_seconds, bpm, track_number) VALUES (5948, 780, 'Skin', 247, 176, 3);
INSERT INTO song (song_id, album_id, name, duration_seconds, bpm, track_number) VALUES (5949, 780, 'Gun offer', 464, 174, 4);
INSERT INTO song (song_id, album_id, name, duration_seconds, bpm, track_number) VALUES (5950, 780, 'Police season visit', 136, 145, 5);
INSERT INTO song (song_id, album_id, name, duration_seconds, bpm, track_number) VALUES (5951, 780, 'Some', 370, 180, 6);
INSERT INTO song (song_id, album_id, name, duration_seconds, bpm, track_number) VALUES (5952, 780, 'Ten issue box rate others', 420, 77, 7);
INSERT INTO song (song_id, album_id, name, duration_seconds, bpm, track_number) VALUES (5953, 780, 'Rest image', 408, 90, 8);
INSERT INTO song (song_id, album_id, name, duration_seconds, bpm, track_number) VALUES (5954, 780, 'Economic force', 201, 95, 9);
INSERT INTO song (song_id, album_id, name, duration_seconds, bpm, track_number) VALUES (5955, 780, 'Reach', 133, 115, 10);
INSERT INTO album (album_id, artist_id, title, release_year, created_at) VALUES (781, 387, 'Progressive heuristic product', 1987, NOW());
INSERT INTO song (song_id, album_id, name, duration_seconds, bpm, track_number) VALUES (5956, 781, 'Pressure say run', 257, 75, 1);
INSERT INTO song (song_id, album_id, name, duration_seconds, bpm, track_number) VALUES (5957, 781, 'My region law', 304, 105, 2);
INSERT INTO song (song_id, album_id, name, duration_seconds, bpm, track_number) VALUES (5958, 781, 'Rather certainly', 241, 111, 3);
INSERT INTO song (song_id, album_id, name, duration_seconds, bpm, track_number) VALUES (5959, 781, 'News', 447, 180, 4);
INSERT INTO song (song_id, album_id, name, duration_seconds, bpm, track_number) VALUES (5960, 781, 'Whether plant company', 370, 130, 5);
INSERT INTO song (song_id, album_id, name, duration_seconds, bpm, track_number) VALUES (5961, 781, 'Parent try', 386, 177, 6);
INSERT INTO song (song_id, album_id, name, duration_seconds, bpm, track_number) VALUES (5962, 781, 'Civil', 138, 82, 7);
INSERT INTO song (song_id, album_id, name, duration_seconds, bpm, track_number) VALUES (5963, 781, 'Decide', 470, 122, 8);
INSERT INTO album (album_id, artist_id, title, release_year, created_at) VALUES (782, 387, 'User-centric motivating system engine', 2009, NOW());
INSERT INTO song (song_id, album_id, name, duration_seconds, bpm, track_number) VALUES (5964, 782, 'At', 322, 75, 1);
INSERT INTO song (song_id, album_id, name, duration_seconds, bpm, track_number) VALUES (5965, 782, 'Above', 281, 167, 2);
INSERT INTO song (song_id, album_id, name, duration_seconds, bpm, track_number) VALUES (5966, 782, 'Ground', 255, 170, 3);
INSERT INTO song (song_id, album_id, name, duration_seconds, bpm, track_number) VALUES (5967, 782, 'Method', 227, 135, 4);
INSERT INTO song (song_id, album_id, name, duration_seconds, bpm, track_number) VALUES (5968, 782, 'Quickly just couple', 198, 109, 5);
INSERT INTO song (song_id, album_id, name, duration_seconds, bpm, track_number) VALUES (5969, 782, 'Safe', 476, 82, 6);
INSERT INTO song (song_id, album_id, name, duration_seconds, bpm, track_number) VALUES (5970, 782, 'Thank property popular life', 187, 144, 7);
INSERT INTO song (song_id, album_id, name, duration_seconds, bpm, track_number) VALUES (5971, 782, 'Short feel', 410, 136, 8);
INSERT INTO song (song_id, album_id, name, duration_seconds, bpm, track_number) VALUES (5972, 782, 'From', 439, 148, 9);
INSERT INTO album (album_id, artist_id, title, release_year, created_at) VALUES (783, 387, 'Persevering global utilization', 2005, NOW());
INSERT INTO song (song_id, album_id, name, duration_seconds, bpm, track_number) VALUES (5973, 783, 'Stop create', 241, 129, 1);
INSERT INTO song (song_id, album_id, name, duration_seconds, bpm, track_number) VALUES (5974, 783, 'Certain', 422, 64, 2);
INSERT INTO song (song_id, album_id, name, duration_seconds, bpm, track_number) VALUES (5975, 783, 'Entire', 197, 167, 3);
INSERT INTO song (song_id, album_id, name, duration_seconds, bpm, track_number) VALUES (5976, 783, 'Now office nature', 190, 149, 4);
INSERT INTO song (song_id, album_id, name, duration_seconds, bpm, track_number) VALUES (5977, 783, 'Light just', 242, 178, 5);
INSERT INTO song (song_id, album_id, name, duration_seconds, bpm, track_number) VALUES (5978, 783, 'Billion choose', 120, 123, 6);
INSERT INTO song (song_id, album_id, name, duration_seconds, bpm, track_number) VALUES (5979, 783, 'Product level', 147, 115, 7);
INSERT INTO song (song_id, album_id, name, duration_seconds, bpm, track_number) VALUES (5980, 783, 'Myself day', 345, 143, 8);
INSERT INTO album (album_id, artist_id, title, release_year, created_at) VALUES (784, 388, 'Centralized composite knowledgebase', 1980, NOW());
INSERT INTO song (song_id, album_id, name, duration_seconds, bpm, track_number) VALUES (5981, 784, 'Shake large once', 414, 154, 1);
INSERT INTO song (song_id, album_id, name, duration_seconds, bpm, track_number) VALUES (5982, 784, 'Scene pressure administration action ask', 197, 148, 2);
INSERT INTO song (song_id, album_id, name, duration_seconds, bpm, track_number) VALUES (5983, 784, 'Old', 211, 162, 3);
INSERT INTO song (song_id, album_id, name, duration_seconds, bpm, track_number) VALUES (5984, 784, 'Catch white manager cost', 297, 75, 4);
INSERT INTO song (song_id, album_id, name, duration_seconds, bpm, track_number) VALUES (5985, 784, 'Travel note', 198, 78, 5);
INSERT INTO song (song_id, album_id, name, duration_seconds, bpm, track_number) VALUES (5986, 784, 'Could might', 295, 82, 6);
INSERT INTO album (album_id, artist_id, title, release_year, created_at) VALUES (785, 389, 'Expanded national groupware', 1992, NOW());
INSERT INTO song (song_id, album_id, name, duration_seconds, bpm, track_number) VALUES (5987, 785, 'Court on effort', 337, 127, 1);
INSERT INTO song (song_id, album_id, name, duration_seconds, bpm, track_number) VALUES (5988, 785, 'Why', 402, 169, 2);
INSERT INTO song (song_id, album_id, name, duration_seconds, bpm, track_number) VALUES (5989, 785, 'Grow area', 241, 158, 3);
INSERT INTO song (song_id, album_id, name, duration_seconds, bpm, track_number) VALUES (5990, 785, 'Program huge line sense gas', 399, 90, 4);
INSERT INTO song (song_id, album_id, name, duration_seconds, bpm, track_number) VALUES (5991, 785, 'Recently forget', 378, 158, 5);
INSERT INTO song (song_id, album_id, name, duration_seconds, bpm, track_number) VALUES (5992, 785, 'Cut late', 396, 155, 6);
INSERT INTO song (song_id, album_id, name, duration_seconds, bpm, track_number) VALUES (5993, 785, 'Discuss should', 173, 63, 7);
INSERT INTO song (song_id, album_id, name, duration_seconds, bpm, track_number) VALUES (5994, 785, 'Even customer', 425, 173, 8);
INSERT INTO album (album_id, artist_id, title, release_year, created_at) VALUES (786, 389, 'Advanced even-keeled toolset', 2025, NOW());
INSERT INTO song (song_id, album_id, name, duration_seconds, bpm, track_number) VALUES (5995, 786, 'Difficult here drop', 283, 148, 1);
INSERT INTO song (song_id, album_id, name, duration_seconds, bpm, track_number) VALUES (5996, 786, 'Pretty government', 247, 159, 2);
INSERT INTO song (song_id, album_id, name, duration_seconds, bpm, track_number) VALUES (5997, 786, 'Body whole', 181, 128, 3);
INSERT INTO song (song_id, album_id, name, duration_seconds, bpm, track_number) VALUES (5998, 786, 'Above', 329, 106, 4);
INSERT INTO song (song_id, album_id, name, duration_seconds, bpm, track_number) VALUES (5999, 786, 'Shake', 285, 170, 5);
INSERT INTO song (song_id, album_id, name, duration_seconds, bpm, track_number) VALUES (6000, 786, 'Down', 285, 97, 6);
INSERT INTO song (song_id, album_id, name, duration_seconds, bpm, track_number) VALUES (6001, 786, 'Out great', 409, 166, 7);
INSERT INTO song (song_id, album_id, name, duration_seconds, bpm, track_number) VALUES (6002, 786, 'Want', 318, 124, 8);
INSERT INTO song (song_id, album_id, name, duration_seconds, bpm, track_number) VALUES (6003, 786, 'House south', 431, 125, 9);
INSERT INTO album (album_id, artist_id, title, release_year, created_at) VALUES (787, 390, 'Object-based stable flexibility', 2010, NOW());
INSERT INTO song (song_id, album_id, name, duration_seconds, bpm, track_number) VALUES (6004, 787, 'Everything', 361, 138, 1);
INSERT INTO song (song_id, album_id, name, duration_seconds, bpm, track_number) VALUES (6005, 787, 'Good college memory particular', 260, 104, 2);
INSERT INTO song (song_id, album_id, name, duration_seconds, bpm, track_number) VALUES (6006, 787, 'Wear cover', 175, 73, 3);
INSERT INTO song (song_id, album_id, name, duration_seconds, bpm, track_number) VALUES (6007, 787, 'Choice', 203, 147, 4);
INSERT INTO song (song_id, album_id, name, duration_seconds, bpm, track_number) VALUES (6008, 787, 'Ability along', 316, 126, 5);
INSERT INTO song (song_id, album_id, name, duration_seconds, bpm, track_number) VALUES (6009, 787, 'Avoid', 436, 106, 6);
INSERT INTO song (song_id, album_id, name, duration_seconds, bpm, track_number) VALUES (6010, 787, 'System protect walk', 400, 175, 7);
INSERT INTO song (song_id, album_id, name, duration_seconds, bpm, track_number) VALUES (6011, 787, 'Conference short', 211, 145, 8);
INSERT INTO song (song_id, album_id, name, duration_seconds, bpm, track_number) VALUES (6012, 787, 'Edge bag', 457, 62, 9);
INSERT INTO album (album_id, artist_id, title, release_year, created_at) VALUES (788, 391, 'Robust real-time installation', 1997, NOW());
INSERT INTO song (song_id, album_id, name, duration_seconds, bpm, track_number) VALUES (6013, 788, 'Evidence letter including', 377, 116, 1);
INSERT INTO song (song_id, album_id, name, duration_seconds, bpm, track_number) VALUES (6014, 788, 'Operation', 224, 166, 2);
INSERT INTO song (song_id, album_id, name, duration_seconds, bpm, track_number) VALUES (6015, 788, 'Apply', 232, 107, 3);
INSERT INTO song (song_id, album_id, name, duration_seconds, bpm, track_number) VALUES (6016, 788, 'Human', 459, 105, 4);
INSERT INTO song (song_id, album_id, name, duration_seconds, bpm, track_number) VALUES (6017, 788, 'Including people', 292, 148, 5);
INSERT INTO song (song_id, album_id, name, duration_seconds, bpm, track_number) VALUES (6018, 788, 'Activity', 354, 161, 6);
INSERT INTO song (song_id, album_id, name, duration_seconds, bpm, track_number) VALUES (6019, 788, 'Easy still', 463, 171, 7);
INSERT INTO album (album_id, artist_id, title, release_year, created_at) VALUES (789, 391, 'Progressive 4thgeneration standardization', 2002, NOW());
INSERT INTO song (song_id, album_id, name, duration_seconds, bpm, track_number) VALUES (6020, 789, 'Pretty lawyer', 348, 136, 1);
INSERT INTO song (song_id, album_id, name, duration_seconds, bpm, track_number) VALUES (6021, 789, 'Wrong note', 205, 87, 2);
INSERT INTO song (song_id, album_id, name, duration_seconds, bpm, track_number) VALUES (6022, 789, 'Look trade', 141, 124, 3);
INSERT INTO song (song_id, album_id, name, duration_seconds, bpm, track_number) VALUES (6023, 789, 'Whether', 232, 162, 4);
INSERT INTO song (song_id, album_id, name, duration_seconds, bpm, track_number) VALUES (6024, 789, 'Husband provide', 151, 104, 5);
INSERT INTO song (song_id, album_id, name, duration_seconds, bpm, track_number) VALUES (6025, 789, 'Practice ball', 132, 106, 6);
INSERT INTO song (song_id, album_id, name, duration_seconds, bpm, track_number) VALUES (6026, 789, 'Threat', 451, 161, 7);
INSERT INTO song (song_id, album_id, name, duration_seconds, bpm, track_number) VALUES (6027, 789, 'Republican method late much party', 287, 97, 8);
INSERT INTO song (song_id, album_id, name, duration_seconds, bpm, track_number) VALUES (6028, 789, 'Note nothing', 182, 82, 9);
INSERT INTO song (song_id, album_id, name, duration_seconds, bpm, track_number) VALUES (6029, 789, 'Successful', 170, 160, 10);
INSERT INTO album (album_id, artist_id, title, release_year, created_at) VALUES (790, 391, 'Pre-emptive modular core', 2016, NOW());
INSERT INTO song (song_id, album_id, name, duration_seconds, bpm, track_number) VALUES (6030, 790, 'Fear provide', 370, 113, 1);
INSERT INTO song (song_id, album_id, name, duration_seconds, bpm, track_number) VALUES (6031, 790, 'Yard company nation meeting', 286, 149, 2);
INSERT INTO song (song_id, album_id, name, duration_seconds, bpm, track_number) VALUES (6032, 790, 'Fish', 316, 79, 3);
INSERT INTO song (song_id, album_id, name, duration_seconds, bpm, track_number) VALUES (6033, 790, 'No', 287, 76, 4);
INSERT INTO song (song_id, album_id, name, duration_seconds, bpm, track_number) VALUES (6034, 790, 'Every bank', 401, 81, 5);
INSERT INTO song (song_id, album_id, name, duration_seconds, bpm, track_number) VALUES (6035, 790, 'Each lay marriage', 332, 154, 6);
INSERT INTO song (song_id, album_id, name, duration_seconds, bpm, track_number) VALUES (6036, 790, 'Hard some', 296, 172, 7);
INSERT INTO album (album_id, artist_id, title, release_year, created_at) VALUES (791, 392, 'Organic human-resource architecture', 1978, NOW());
INSERT INTO song (song_id, album_id, name, duration_seconds, bpm, track_number) VALUES (6037, 791, 'Only fire magazine interest nearly', 417, 91, 1);
INSERT INTO song (song_id, album_id, name, duration_seconds, bpm, track_number) VALUES (6038, 791, 'First win then', 305, 68, 2);
INSERT INTO song (song_id, album_id, name, duration_seconds, bpm, track_number) VALUES (6039, 791, 'Store fish sometimes nature', 389, 179, 3);
INSERT INTO song (song_id, album_id, name, duration_seconds, bpm, track_number) VALUES (6040, 791, 'Cold to also imagine', 256, 105, 4);
INSERT INTO song (song_id, album_id, name, duration_seconds, bpm, track_number) VALUES (6041, 791, 'Success already', 200, 158, 5);
INSERT INTO album (album_id, artist_id, title, release_year, created_at) VALUES (792, 393, 'Horizontal leadingedge matrices', 1990, NOW());
INSERT INTO song (song_id, album_id, name, duration_seconds, bpm, track_number) VALUES (6042, 792, 'Rather cut fund gas', 314, 73, 1);
INSERT INTO song (song_id, album_id, name, duration_seconds, bpm, track_number) VALUES (6043, 792, 'Theory', 443, 66, 2);
INSERT INTO song (song_id, album_id, name, duration_seconds, bpm, track_number) VALUES (6044, 792, 'Bit structure', 159, 146, 3);
INSERT INTO song (song_id, album_id, name, duration_seconds, bpm, track_number) VALUES (6045, 792, 'Ahead as quite effect couple', 337, 141, 4);
INSERT INTO song (song_id, album_id, name, duration_seconds, bpm, track_number) VALUES (6046, 792, 'Child central election best', 131, 158, 5);
INSERT INTO song (song_id, album_id, name, duration_seconds, bpm, track_number) VALUES (6047, 792, 'Couple financial', 190, 117, 6);
INSERT INTO album (album_id, artist_id, title, release_year, created_at) VALUES (793, 393, 'Organic clear-thinking methodology', 2006, NOW());
INSERT INTO song (song_id, album_id, name, duration_seconds, bpm, track_number) VALUES (6048, 793, 'Call quality series before', 408, 99, 1);
INSERT INTO song (song_id, album_id, name, duration_seconds, bpm, track_number) VALUES (6049, 793, 'Effect protect', 301, 128, 2);
INSERT INTO song (song_id, album_id, name, duration_seconds, bpm, track_number) VALUES (6050, 793, 'Buy', 226, 86, 3);
INSERT INTO song (song_id, album_id, name, duration_seconds, bpm, track_number) VALUES (6051, 793, 'Born', 339, 179, 4);
INSERT INTO song (song_id, album_id, name, duration_seconds, bpm, track_number) VALUES (6052, 793, 'Enjoy', 145, 143, 5);
INSERT INTO song (song_id, album_id, name, duration_seconds, bpm, track_number) VALUES (6053, 793, 'Ground fast', 259, 65, 6);
INSERT INTO song (song_id, album_id, name, duration_seconds, bpm, track_number) VALUES (6054, 793, 'Tax', 155, 118, 7);
INSERT INTO song (song_id, album_id, name, duration_seconds, bpm, track_number) VALUES (6055, 793, 'Not', 478, 74, 8);
INSERT INTO song (song_id, album_id, name, duration_seconds, bpm, track_number) VALUES (6056, 793, 'Situation', 391, 144, 9);
INSERT INTO song (song_id, album_id, name, duration_seconds, bpm, track_number) VALUES (6057, 793, 'Mother', 151, 88, 10);
INSERT INTO album (album_id, artist_id, title, release_year, created_at) VALUES (794, 394, 'Synergistic mission-critical functionalities', 1972, NOW());
INSERT INTO song (song_id, album_id, name, duration_seconds, bpm, track_number) VALUES (6058, 794, 'Man', 469, 88, 1);
INSERT INTO song (song_id, album_id, name, duration_seconds, bpm, track_number) VALUES (6059, 794, 'Between far', 367, 157, 2);
INSERT INTO song (song_id, album_id, name, duration_seconds, bpm, track_number) VALUES (6060, 794, 'Trial us maybe', 461, 123, 3);
INSERT INTO song (song_id, album_id, name, duration_seconds, bpm, track_number) VALUES (6061, 794, 'Wall seek', 163, 71, 4);
INSERT INTO song (song_id, album_id, name, duration_seconds, bpm, track_number) VALUES (6062, 794, 'Source', 135, 95, 5);
INSERT INTO album (album_id, artist_id, title, release_year, created_at) VALUES (795, 395, 'Object-based responsive utilization', 1995, NOW());
INSERT INTO song (song_id, album_id, name, duration_seconds, bpm, track_number) VALUES (6063, 795, 'Same put', 195, 158, 1);
INSERT INTO song (song_id, album_id, name, duration_seconds, bpm, track_number) VALUES (6064, 795, 'Close court', 131, 143, 2);
INSERT INTO song (song_id, album_id, name, duration_seconds, bpm, track_number) VALUES (6065, 795, 'Talk finally', 233, 90, 3);
INSERT INTO song (song_id, album_id, name, duration_seconds, bpm, track_number) VALUES (6066, 795, 'Ground', 215, 133, 4);
INSERT INTO song (song_id, album_id, name, duration_seconds, bpm, track_number) VALUES (6067, 795, 'Price really others we television', 273, 162, 5);
INSERT INTO song (song_id, album_id, name, duration_seconds, bpm, track_number) VALUES (6068, 795, 'Hear answer', 463, 111, 6);
INSERT INTO album (album_id, artist_id, title, release_year, created_at) VALUES (796, 395, 'Self-enabling actuating framework', 1976, NOW());
INSERT INTO song (song_id, album_id, name, duration_seconds, bpm, track_number) VALUES (6069, 796, 'Cause', 244, 113, 1);
INSERT INTO song (song_id, album_id, name, duration_seconds, bpm, track_number) VALUES (6070, 796, 'Pay', 395, 160, 2);
INSERT INTO song (song_id, album_id, name, duration_seconds, bpm, track_number) VALUES (6071, 796, 'Someone finish half customer once', 181, 140, 3);
INSERT INTO song (song_id, album_id, name, duration_seconds, bpm, track_number) VALUES (6072, 796, 'Great trouble purpose store law', 180, 104, 4);
INSERT INTO song (song_id, album_id, name, duration_seconds, bpm, track_number) VALUES (6073, 796, 'Operation', 256, 154, 5);
INSERT INTO song (song_id, album_id, name, duration_seconds, bpm, track_number) VALUES (6074, 796, 'Gun', 316, 85, 6);
INSERT INTO song (song_id, album_id, name, duration_seconds, bpm, track_number) VALUES (6075, 796, 'Never', 368, 125, 7);
INSERT INTO song (song_id, album_id, name, duration_seconds, bpm, track_number) VALUES (6076, 796, 'Wind against', 161, 72, 8);
INSERT INTO song (song_id, album_id, name, duration_seconds, bpm, track_number) VALUES (6077, 796, 'Concern environment amount pressure', 428, 100, 9);
INSERT INTO song (song_id, album_id, name, duration_seconds, bpm, track_number) VALUES (6078, 796, 'Fast', 231, 168, 10);
INSERT INTO album (album_id, artist_id, title, release_year, created_at) VALUES (797, 395, 'Mandatory demand-driven extranet', 2023, NOW());
INSERT INTO song (song_id, album_id, name, duration_seconds, bpm, track_number) VALUES (6079, 797, 'Let build close', 294, 109, 1);
INSERT INTO song (song_id, album_id, name, duration_seconds, bpm, track_number) VALUES (6080, 797, 'Lot', 340, 160, 2);
INSERT INTO song (song_id, album_id, name, duration_seconds, bpm, track_number) VALUES (6081, 797, 'Hope send', 474, 157, 3);
INSERT INTO song (song_id, album_id, name, duration_seconds, bpm, track_number) VALUES (6082, 797, 'Picture', 405, 159, 4);
INSERT INTO song (song_id, album_id, name, duration_seconds, bpm, track_number) VALUES (6083, 797, 'Lead alone', 270, 172, 5);
INSERT INTO song (song_id, album_id, name, duration_seconds, bpm, track_number) VALUES (6084, 797, 'Spring', 447, 175, 6);
INSERT INTO album (album_id, artist_id, title, release_year, created_at) VALUES (798, 396, 'Proactive secondary installation', 2004, NOW());
INSERT INTO song (song_id, album_id, name, duration_seconds, bpm, track_number) VALUES (6085, 798, 'Surface somebody', 456, 85, 1);
INSERT INTO song (song_id, album_id, name, duration_seconds, bpm, track_number) VALUES (6086, 798, 'Soldier establish', 350, 114, 2);
INSERT INTO song (song_id, album_id, name, duration_seconds, bpm, track_number) VALUES (6087, 798, 'Report', 306, 126, 3);
INSERT INTO song (song_id, album_id, name, duration_seconds, bpm, track_number) VALUES (6088, 798, 'Relationship scene chair', 472, 148, 4);
INSERT INTO song (song_id, album_id, name, duration_seconds, bpm, track_number) VALUES (6089, 798, 'Commercial', 170, 129, 5);
INSERT INTO song (song_id, album_id, name, duration_seconds, bpm, track_number) VALUES (6090, 798, 'As number ask', 197, 73, 6);
INSERT INTO song (song_id, album_id, name, duration_seconds, bpm, track_number) VALUES (6091, 798, 'Pick', 186, 142, 7);
INSERT INTO album (album_id, artist_id, title, release_year, created_at) VALUES (799, 397, 'Implemented interactive toolset', 2006, NOW());
INSERT INTO song (song_id, album_id, name, duration_seconds, bpm, track_number) VALUES (6092, 799, 'May trouble', 379, 123, 1);
INSERT INTO song (song_id, album_id, name, duration_seconds, bpm, track_number) VALUES (6093, 799, 'Face', 227, 66, 2);
INSERT INTO song (song_id, album_id, name, duration_seconds, bpm, track_number) VALUES (6094, 799, 'Official stay', 447, 84, 3);
INSERT INTO song (song_id, album_id, name, duration_seconds, bpm, track_number) VALUES (6095, 799, 'Question', 320, 159, 4);
INSERT INTO song (song_id, album_id, name, duration_seconds, bpm, track_number) VALUES (6096, 799, 'Be last', 312, 105, 5);
INSERT INTO song (song_id, album_id, name, duration_seconds, bpm, track_number) VALUES (6097, 799, 'Seat left here', 378, 148, 6);
INSERT INTO song (song_id, album_id, name, duration_seconds, bpm, track_number) VALUES (6098, 799, 'Itself challenge commercial', 336, 75, 7);
INSERT INTO song (song_id, album_id, name, duration_seconds, bpm, track_number) VALUES (6099, 799, 'Court sort personal', 225, 66, 8);
INSERT INTO song (song_id, album_id, name, duration_seconds, bpm, track_number) VALUES (6100, 799, 'Product', 222, 134, 9);
INSERT INTO song (song_id, album_id, name, duration_seconds, bpm, track_number) VALUES (6101, 799, 'Article', 452, 174, 10);
INSERT INTO album (album_id, artist_id, title, release_year, created_at) VALUES (800, 397, 'Multi-lateral exuding focus group', 1974, NOW());
INSERT INTO song (song_id, album_id, name, duration_seconds, bpm, track_number) VALUES (6102, 800, 'No back all another', 480, 129, 1);
INSERT INTO song (song_id, album_id, name, duration_seconds, bpm, track_number) VALUES (6103, 800, 'Particular full', 184, 67, 2);
INSERT INTO song (song_id, album_id, name, duration_seconds, bpm, track_number) VALUES (6104, 800, 'Record keep', 132, 145, 3);
INSERT INTO song (song_id, album_id, name, duration_seconds, bpm, track_number) VALUES (6105, 800, 'Use claim author', 355, 121, 4);
INSERT INTO song (song_id, album_id, name, duration_seconds, bpm, track_number) VALUES (6106, 800, 'Culture would turn', 427, 112, 5);
INSERT INTO song (song_id, album_id, name, duration_seconds, bpm, track_number) VALUES (6107, 800, 'They edge avoid', 377, 161, 6);
INSERT INTO song (song_id, album_id, name, duration_seconds, bpm, track_number) VALUES (6108, 800, 'Must despite', 173, 91, 7);
INSERT INTO album (album_id, artist_id, title, release_year, created_at) VALUES (801, 398, 'Open-architected demand-driven implementation', 2012, NOW());
INSERT INTO song (song_id, album_id, name, duration_seconds, bpm, track_number) VALUES (6109, 801, 'All', 464, 139, 1);
INSERT INTO song (song_id, album_id, name, duration_seconds, bpm, track_number) VALUES (6110, 801, 'Skill player break', 152, 152, 2);
INSERT INTO song (song_id, album_id, name, duration_seconds, bpm, track_number) VALUES (6111, 801, 'Popular over good', 280, 80, 3);
INSERT INTO song (song_id, album_id, name, duration_seconds, bpm, track_number) VALUES (6112, 801, 'Radio', 352, 176, 4);
INSERT INTO song (song_id, album_id, name, duration_seconds, bpm, track_number) VALUES (6113, 801, 'How way off', 165, 103, 5);
INSERT INTO song (song_id, album_id, name, duration_seconds, bpm, track_number) VALUES (6114, 801, 'Order they network table nor', 337, 138, 6);
INSERT INTO song (song_id, album_id, name, duration_seconds, bpm, track_number) VALUES (6115, 801, 'Result fund hand raise', 409, 97, 7);
INSERT INTO song (song_id, album_id, name, duration_seconds, bpm, track_number) VALUES (6116, 801, 'Capital', 428, 156, 8);
INSERT INTO song (song_id, album_id, name, duration_seconds, bpm, track_number) VALUES (6117, 801, 'Share', 381, 98, 9);
INSERT INTO song (song_id, album_id, name, duration_seconds, bpm, track_number) VALUES (6118, 801, 'Treatment', 174, 79, 10);
INSERT INTO album (album_id, artist_id, title, release_year, created_at) VALUES (802, 399, 'Managed zero tolerance customer loyalty', 2016, NOW());
INSERT INTO song (song_id, album_id, name, duration_seconds, bpm, track_number) VALUES (6119, 802, 'Make apply', 432, 103, 1);
INSERT INTO song (song_id, album_id, name, duration_seconds, bpm, track_number) VALUES (6120, 802, 'Bad purpose', 374, 92, 2);
INSERT INTO song (song_id, album_id, name, duration_seconds, bpm, track_number) VALUES (6121, 802, 'Third still song', 337, 159, 3);
INSERT INTO song (song_id, album_id, name, duration_seconds, bpm, track_number) VALUES (6122, 802, 'Reality minute any', 134, 160, 4);
INSERT INTO song (song_id, album_id, name, duration_seconds, bpm, track_number) VALUES (6123, 802, 'Early', 162, 133, 5);
INSERT INTO song (song_id, album_id, name, duration_seconds, bpm, track_number) VALUES (6124, 802, 'Value remain list society authority', 230, 83, 6);
INSERT INTO song (song_id, album_id, name, duration_seconds, bpm, track_number) VALUES (6125, 802, 'Ready system', 396, 127, 7);
INSERT INTO album (album_id, artist_id, title, release_year, created_at) VALUES (803, 400, 'Quality-focused analyzing implementation', 2023, NOW());
INSERT INTO song (song_id, album_id, name, duration_seconds, bpm, track_number) VALUES (6126, 803, 'May unit', 269, 135, 1);
INSERT INTO song (song_id, album_id, name, duration_seconds, bpm, track_number) VALUES (6127, 803, 'View near couple', 247, 122, 2);
INSERT INTO song (song_id, album_id, name, duration_seconds, bpm, track_number) VALUES (6128, 803, 'Arrive site good', 151, 102, 3);
INSERT INTO song (song_id, album_id, name, duration_seconds, bpm, track_number) VALUES (6129, 803, 'Country', 406, 157, 4);
INSERT INTO song (song_id, album_id, name, duration_seconds, bpm, track_number) VALUES (6130, 803, 'Room property various', 443, 127, 5);
INSERT INTO song (song_id, album_id, name, duration_seconds, bpm, track_number) VALUES (6131, 803, 'Order', 188, 128, 6);
INSERT INTO song (song_id, album_id, name, duration_seconds, bpm, track_number) VALUES (6132, 803, 'Interesting', 447, 81, 7);
INSERT INTO song (song_id, album_id, name, duration_seconds, bpm, track_number) VALUES (6133, 803, 'Small themselves', 190, 103, 8);

-- INSERT STREAMING HISTORY
INSERT INTO streaming_history (user_id, song_id, played_at, device) VALUES (182, 5936, '2025-06-28 23:37:09', 'smart_tv');
INSERT INTO streaming_history (user_id, song_id, played_at, device) VALUES (100, 2777, '2025-12-27 18:54:12', 'smart_tv');
INSERT INTO streaming_history (user_id, song_id, played_at, device) VALUES (279, 2479, '2025-11-11 11:53:46', 'tablet');
INSERT INTO streaming_history (user_id, song_id, played_at, device) VALUES (156, 5836, '2025-09-18 13:46:20', 'mobile');
INSERT INTO streaming_history (user_id, song_id, played_at, device) VALUES (233, 3731, '2025-07-26 22:36:05', 'desktop');
INSERT INTO streaming_history (user_id, song_id, played_at, device) VALUES (131, 3638, '2025-10-07 22:53:35', 'tablet');
INSERT INTO streaming_history (user_id, song_id, played_at, device) VALUES (175, 831, '2026-01-21 21:38:43', 'mobile');
INSERT INTO streaming_history (user_id, song_id, played_at, device) VALUES (37, 2669, '2025-04-25 15:18:19', 'tablet');
INSERT INTO streaming_history (user_id, song_id, played_at, device) VALUES (71, 6013, '2025-06-12 02:05:37', 'mobile');
INSERT INTO streaming_history (user_id, song_id, played_at, device) VALUES (75, 763, '2025-04-30 18:37:40', 'smart_tv');
INSERT INTO streaming_history (user_id, song_id, played_at, device) VALUES (79, 2284, '2025-04-26 05:33:26', 'tablet');
INSERT INTO streaming_history (user_id, song_id, played_at, device) VALUES (94, 5886, '2025-10-02 01:05:05', 'mobile');
INSERT INTO streaming_history (user_id, song_id, played_at, device) VALUES (8, 5667, '2025-08-23 00:04:40', 'smart_tv');
INSERT INTO streaming_history (user_id, song_id, played_at, device) VALUES (66, 2727, '2026-01-26 00:15:36', 'tablet');
INSERT INTO streaming_history (user_id, song_id, played_at, device) VALUES (28, 5889, '2026-02-26 21:26:39', 'tablet');
INSERT INTO streaming_history (user_id, song_id, played_at, device) VALUES (49, 5848, '2026-01-23 22:53:53', 'desktop');
INSERT INTO streaming_history (user_id, song_id, played_at, device) VALUES (211, 846, '2025-07-01 20:33:59', 'desktop');
INSERT INTO streaming_history (user_id, song_id, played_at, device) VALUES (257, 2215, '2026-02-14 16:55:51', 'mobile');
INSERT INTO streaming_history (user_id, song_id, played_at, device) VALUES (39, 772, '2025-10-06 01:39:06', 'desktop');
INSERT INTO streaming_history (user_id, song_id, played_at, device) VALUES (23, 4341, '2025-12-23 03:46:22', 'smart_tv');
INSERT INTO streaming_history (user_id, song_id, played_at, device) VALUES (212, 1692, '2026-03-24 16:08:46', 'tablet');
INSERT INTO streaming_history (user_id, song_id, played_at, device) VALUES (201, 625, '2025-10-04 01:32:12', 'mobile');
INSERT INTO streaming_history (user_id, song_id, played_at, device) VALUES (7, 2686, '2025-09-25 20:50:57', 'tablet');
INSERT INTO streaming_history (user_id, song_id, played_at, device) VALUES (108, 6014, '2025-07-22 19:55:21', 'desktop');
INSERT INTO streaming_history (user_id, song_id, played_at, device) VALUES (289, 1188, '2025-06-23 08:10:16', 'mobile');
INSERT INTO streaming_history (user_id, song_id, played_at, device) VALUES (274, 225, '2025-08-26 19:33:06', 'mobile');
INSERT INTO streaming_history (user_id, song_id, played_at, device) VALUES (296, 3257, '2026-02-09 09:17:11', 'desktop');
INSERT INTO streaming_history (user_id, song_id, played_at, device) VALUES (35, 4440, '2025-10-31 18:38:54', 'tablet');
INSERT INTO streaming_history (user_id, song_id, played_at, device) VALUES (277, 4819, '2025-07-10 14:34:17', 'tablet');
INSERT INTO streaming_history (user_id, song_id, played_at, device) VALUES (86, 4486, '2025-11-16 19:10:19', 'tablet');
INSERT INTO streaming_history (user_id, song_id, played_at, device) VALUES (271, 5378, '2025-10-29 17:09:19', 'smart_tv');
INSERT INTO streaming_history (user_id, song_id, played_at, device) VALUES (70, 5238, '2025-11-08 20:56:35', 'smart_tv');
INSERT INTO streaming_history (user_id, song_id, played_at, device) VALUES (251, 4610, '2026-03-23 22:13:42', 'smart_tv');
INSERT INTO streaming_history (user_id, song_id, played_at, device) VALUES (266, 5034, '2026-01-19 02:38:25', 'desktop');
INSERT INTO streaming_history (user_id, song_id, played_at, device) VALUES (80, 5016, '2025-08-11 23:36:51', 'tablet');
INSERT INTO streaming_history (user_id, song_id, played_at, device) VALUES (211, 3819, '2025-04-21 15:06:48', 'mobile');
INSERT INTO streaming_history (user_id, song_id, played_at, device) VALUES (60, 2828, '2025-08-19 06:34:44', 'mobile');
INSERT INTO streaming_history (user_id, song_id, played_at, device) VALUES (51, 1962, '2025-11-13 12:04:57', 'desktop');
INSERT INTO streaming_history (user_id, song_id, played_at, device) VALUES (236, 1471, '2025-08-07 06:55:45', 'desktop');
INSERT INTO streaming_history (user_id, song_id, played_at, device) VALUES (202, 4455, '2025-07-09 20:25:54', 'mobile');
INSERT INTO streaming_history (user_id, song_id, played_at, device) VALUES (2, 3863, '2025-07-13 12:51:13', 'smart_tv');
INSERT INTO streaming_history (user_id, song_id, played_at, device) VALUES (191, 4326, '2025-07-27 18:32:22', 'desktop');
INSERT INTO streaming_history (user_id, song_id, played_at, device) VALUES (293, 2023, '2025-08-27 16:48:37', 'desktop');
INSERT INTO streaming_history (user_id, song_id, played_at, device) VALUES (35, 1970, '2025-07-24 00:41:30', 'desktop');
INSERT INTO streaming_history (user_id, song_id, played_at, device) VALUES (74, 1686, '2026-01-02 02:24:47', 'mobile');
INSERT INTO streaming_history (user_id, song_id, played_at, device) VALUES (22, 5052, '2025-09-10 22:07:18', 'smart_tv');
INSERT INTO streaming_history (user_id, song_id, played_at, device) VALUES (185, 1681, '2025-06-03 14:47:44', 'mobile');
INSERT INTO streaming_history (user_id, song_id, played_at, device) VALUES (240, 2396, '2026-03-16 08:30:50', 'mobile');
INSERT INTO streaming_history (user_id, song_id, played_at, device) VALUES (74, 476, '2025-06-27 04:06:58', 'tablet');
INSERT INTO streaming_history (user_id, song_id, played_at, device) VALUES (175, 3856, '2026-03-07 08:27:43', 'tablet');
INSERT INTO streaming_history (user_id, song_id, played_at, device) VALUES (59, 1405, '2025-07-18 23:55:58', 'mobile');
INSERT INTO streaming_history (user_id, song_id, played_at, device) VALUES (268, 1654, '2026-03-09 23:17:14', 'smart_tv');
INSERT INTO streaming_history (user_id, song_id, played_at, device) VALUES (81, 4224, '2025-04-28 15:40:15', 'tablet');
INSERT INTO streaming_history (user_id, song_id, played_at, device) VALUES (188, 2501, '2025-04-01 18:42:00', 'tablet');
INSERT INTO streaming_history (user_id, song_id, played_at, device) VALUES (55, 5579, '2026-02-03 14:15:53', 'mobile');
INSERT INTO streaming_history (user_id, song_id, played_at, device) VALUES (77, 530, '2025-05-16 10:15:09', 'smart_tv');
INSERT INTO streaming_history (user_id, song_id, played_at, device) VALUES (4, 2152, '2026-01-02 00:11:40', 'smart_tv');
INSERT INTO streaming_history (user_id, song_id, played_at, device) VALUES (256, 4661, '2025-12-01 08:09:45', 'mobile');
INSERT INTO streaming_history (user_id, song_id, played_at, device) VALUES (92, 4697, '2025-06-15 12:07:56', 'mobile');
INSERT INTO streaming_history (user_id, song_id, played_at, device) VALUES (197, 743, '2025-11-17 04:02:41', 'tablet');
INSERT INTO streaming_history (user_id, song_id, played_at, device) VALUES (146, 480, '2026-02-03 02:30:59', 'mobile');
INSERT INTO streaming_history (user_id, song_id, played_at, device) VALUES (291, 4104, '2026-01-29 09:27:01', 'smart_tv');
INSERT INTO streaming_history (user_id, song_id, played_at, device) VALUES (145, 5154, '2025-05-13 00:02:05', 'tablet');
INSERT INTO streaming_history (user_id, song_id, played_at, device) VALUES (217, 652, '2026-01-24 18:15:49', 'smart_tv');
INSERT INTO streaming_history (user_id, song_id, played_at, device) VALUES (26, 3214, '2026-03-05 03:17:52', 'smart_tv');
INSERT INTO streaming_history (user_id, song_id, played_at, device) VALUES (139, 4518, '2025-07-01 06:15:52', 'tablet');
INSERT INTO streaming_history (user_id, song_id, played_at, device) VALUES (60, 4885, '2025-06-09 09:24:32', 'mobile');
INSERT INTO streaming_history (user_id, song_id, played_at, device) VALUES (40, 2130, '2026-02-16 11:25:45', 'smart_tv');
INSERT INTO streaming_history (user_id, song_id, played_at, device) VALUES (114, 2916, '2025-07-02 06:12:39', 'smart_tv');
INSERT INTO streaming_history (user_id, song_id, played_at, device) VALUES (210, 3401, '2025-12-06 14:57:24', 'tablet');
INSERT INTO streaming_history (user_id, song_id, played_at, device) VALUES (194, 2055, '2025-11-07 09:26:42', 'mobile');
INSERT INTO streaming_history (user_id, song_id, played_at, device) VALUES (140, 1528, '2025-11-16 02:39:38', 'desktop');
INSERT INTO streaming_history (user_id, song_id, played_at, device) VALUES (173, 5542, '2025-03-31 07:47:22', 'desktop');
INSERT INTO streaming_history (user_id, song_id, played_at, device) VALUES (203, 4145, '2026-01-11 15:51:52', 'smart_tv');
INSERT INTO streaming_history (user_id, song_id, played_at, device) VALUES (10, 5696, '2025-08-22 16:07:58', 'mobile');
INSERT INTO streaming_history (user_id, song_id, played_at, device) VALUES (299, 3087, '2025-05-16 02:20:40', 'desktop');
INSERT INTO streaming_history (user_id, song_id, played_at, device) VALUES (21, 4063, '2025-07-04 14:03:00', 'desktop');
INSERT INTO streaming_history (user_id, song_id, played_at, device) VALUES (200, 4645, '2025-08-24 20:45:56', 'tablet');
INSERT INTO streaming_history (user_id, song_id, played_at, device) VALUES (232, 4594, '2025-06-07 17:48:52', 'desktop');
INSERT INTO streaming_history (user_id, song_id, played_at, device) VALUES (300, 6032, '2025-11-16 21:40:21', 'mobile');
INSERT INTO streaming_history (user_id, song_id, played_at, device) VALUES (181, 4490, '2025-07-07 05:14:57', 'tablet');
INSERT INTO streaming_history (user_id, song_id, played_at, device) VALUES (122, 393, '2025-06-20 06:31:34', 'smart_tv');
INSERT INTO streaming_history (user_id, song_id, played_at, device) VALUES (203, 4873, '2025-09-13 10:18:07', 'smart_tv');
INSERT INTO streaming_history (user_id, song_id, played_at, device) VALUES (54, 864, '2025-07-30 01:57:28', 'tablet');
INSERT INTO streaming_history (user_id, song_id, played_at, device) VALUES (27, 4273, '2025-12-23 16:50:22', 'smart_tv');
INSERT INTO streaming_history (user_id, song_id, played_at, device) VALUES (42, 2279, '2026-03-09 16:19:51', 'tablet');
INSERT INTO streaming_history (user_id, song_id, played_at, device) VALUES (247, 3751, '2025-11-22 13:59:21', 'tablet');
INSERT INTO streaming_history (user_id, song_id, played_at, device) VALUES (236, 6073, '2025-10-09 07:17:38', 'mobile');
INSERT INTO streaming_history (user_id, song_id, played_at, device) VALUES (241, 261, '2025-06-11 18:25:43', 'tablet');
INSERT INTO streaming_history (user_id, song_id, played_at, device) VALUES (280, 4499, '2025-08-23 05:33:29', 'smart_tv');
INSERT INTO streaming_history (user_id, song_id, played_at, device) VALUES (11, 6001, '2025-04-30 00:44:47', 'smart_tv');
INSERT INTO streaming_history (user_id, song_id, played_at, device) VALUES (168, 844, '2025-08-18 18:27:15', 'mobile');
INSERT INTO streaming_history (user_id, song_id, played_at, device) VALUES (39, 4513, '2026-02-14 13:19:13', 'tablet');
INSERT INTO streaming_history (user_id, song_id, played_at, device) VALUES (261, 2732, '2026-03-12 00:39:26', 'desktop');
INSERT INTO streaming_history (user_id, song_id, played_at, device) VALUES (22, 5616, '2025-04-19 01:57:01', 'smart_tv');
INSERT INTO streaming_history (user_id, song_id, played_at, device) VALUES (81, 127, '2025-08-07 04:06:03', 'tablet');
INSERT INTO streaming_history (user_id, song_id, played_at, device) VALUES (118, 4724, '2025-04-13 16:19:47', 'tablet');
INSERT INTO streaming_history (user_id, song_id, played_at, device) VALUES (157, 603, '2025-04-28 08:19:40', 'mobile');
INSERT INTO streaming_history (user_id, song_id, played_at, device) VALUES (193, 416, '2025-08-27 07:34:20', 'mobile');
INSERT INTO streaming_history (user_id, song_id, played_at, device) VALUES (201, 4247, '2026-01-21 05:16:15', 'smart_tv');
INSERT INTO streaming_history (user_id, song_id, played_at, device) VALUES (196, 2422, '2025-09-04 16:21:32', 'desktop');
INSERT INTO streaming_history (user_id, song_id, played_at, device) VALUES (128, 1171, '2026-03-21 13:48:12', 'smart_tv');
INSERT INTO streaming_history (user_id, song_id, played_at, device) VALUES (48, 4458, '2025-07-10 16:44:49', 'tablet');
INSERT INTO streaming_history (user_id, song_id, played_at, device) VALUES (288, 1439, '2025-05-31 13:20:38', 'tablet');
INSERT INTO streaming_history (user_id, song_id, played_at, device) VALUES (293, 5082, '2026-01-09 15:08:40', 'desktop');
INSERT INTO streaming_history (user_id, song_id, played_at, device) VALUES (230, 2712, '2025-11-09 10:16:00', 'tablet');
INSERT INTO streaming_history (user_id, song_id, played_at, device) VALUES (23, 3425, '2025-06-02 23:47:18', 'smart_tv');
INSERT INTO streaming_history (user_id, song_id, played_at, device) VALUES (184, 964, '2025-08-20 13:48:13', 'desktop');
INSERT INTO streaming_history (user_id, song_id, played_at, device) VALUES (3, 4577, '2026-03-07 17:26:06', 'tablet');
INSERT INTO streaming_history (user_id, song_id, played_at, device) VALUES (98, 5186, '2025-03-27 08:19:59', 'tablet');
INSERT INTO streaming_history (user_id, song_id, played_at, device) VALUES (176, 4123, '2025-03-26 20:34:34', 'tablet');
INSERT INTO streaming_history (user_id, song_id, played_at, device) VALUES (226, 5732, '2025-08-15 09:45:56', 'tablet');
INSERT INTO streaming_history (user_id, song_id, played_at, device) VALUES (248, 3719, '2025-05-31 11:04:03', 'desktop');
INSERT INTO streaming_history (user_id, song_id, played_at, device) VALUES (256, 824, '2025-05-17 02:45:45', 'smart_tv');
INSERT INTO streaming_history (user_id, song_id, played_at, device) VALUES (91, 102, '2025-07-30 17:18:46', 'desktop');
INSERT INTO streaming_history (user_id, song_id, played_at, device) VALUES (92, 2611, '2025-08-17 12:28:37', 'mobile');
INSERT INTO streaming_history (user_id, song_id, played_at, device) VALUES (17, 5347, '2026-03-25 13:40:13', 'tablet');
INSERT INTO streaming_history (user_id, song_id, played_at, device) VALUES (252, 1529, '2026-03-03 13:33:26', 'tablet');
INSERT INTO streaming_history (user_id, song_id, played_at, device) VALUES (3, 1701, '2025-07-05 00:12:23', 'smart_tv');
INSERT INTO streaming_history (user_id, song_id, played_at, device) VALUES (62, 5530, '2026-02-03 18:36:46', 'tablet');
INSERT INTO streaming_history (user_id, song_id, played_at, device) VALUES (174, 4669, '2025-10-01 00:13:13', 'tablet');
INSERT INTO streaming_history (user_id, song_id, played_at, device) VALUES (242, 5455, '2025-09-03 21:29:14', 'tablet');
INSERT INTO streaming_history (user_id, song_id, played_at, device) VALUES (245, 659, '2025-08-05 11:54:35', 'smart_tv');
INSERT INTO streaming_history (user_id, song_id, played_at, device) VALUES (97, 1391, '2025-11-18 22:23:14', 'tablet');
INSERT INTO streaming_history (user_id, song_id, played_at, device) VALUES (126, 905, '2025-11-28 23:38:08', 'desktop');
INSERT INTO streaming_history (user_id, song_id, played_at, device) VALUES (274, 6055, '2026-03-02 16:36:14', 'mobile');
INSERT INTO streaming_history (user_id, song_id, played_at, device) VALUES (288, 139, '2025-11-27 17:05:27', 'smart_tv');
INSERT INTO streaming_history (user_id, song_id, played_at, device) VALUES (179, 1147, '2025-06-10 18:44:47', 'smart_tv');
INSERT INTO streaming_history (user_id, song_id, played_at, device) VALUES (129, 4307, '2025-11-06 08:32:57', 'mobile');
INSERT INTO streaming_history (user_id, song_id, played_at, device) VALUES (55, 3682, '2025-06-29 17:17:03', 'mobile');
INSERT INTO streaming_history (user_id, song_id, played_at, device) VALUES (43, 4990, '2026-01-23 21:19:58', 'mobile');
INSERT INTO streaming_history (user_id, song_id, played_at, device) VALUES (88, 2912, '2025-10-22 09:26:22', 'tablet');
INSERT INTO streaming_history (user_id, song_id, played_at, device) VALUES (150, 3485, '2025-04-26 06:48:07', 'mobile');
INSERT INTO streaming_history (user_id, song_id, played_at, device) VALUES (293, 5914, '2025-10-10 22:33:55', 'desktop');
INSERT INTO streaming_history (user_id, song_id, played_at, device) VALUES (43, 5641, '2026-02-16 01:42:11', 'tablet');
INSERT INTO streaming_history (user_id, song_id, played_at, device) VALUES (96, 1334, '2025-04-05 14:25:17', 'smart_tv');
INSERT INTO streaming_history (user_id, song_id, played_at, device) VALUES (8, 4125, '2026-02-15 21:03:07', 'tablet');
INSERT INTO streaming_history (user_id, song_id, played_at, device) VALUES (1, 1227, '2025-04-07 15:04:25', 'desktop');
INSERT INTO streaming_history (user_id, song_id, played_at, device) VALUES (201, 291, '2026-03-18 14:35:09', 'smart_tv');
INSERT INTO streaming_history (user_id, song_id, played_at, device) VALUES (250, 2497, '2025-09-28 12:48:48', 'desktop');
INSERT INTO streaming_history (user_id, song_id, played_at, device) VALUES (56, 1655, '2025-11-18 12:29:14', 'mobile');
INSERT INTO streaming_history (user_id, song_id, played_at, device) VALUES (55, 5563, '2025-11-16 15:31:13', 'smart_tv');
INSERT INTO streaming_history (user_id, song_id, played_at, device) VALUES (199, 2760, '2026-01-12 00:35:00', 'desktop');
INSERT INTO streaming_history (user_id, song_id, played_at, device) VALUES (49, 543, '2025-11-02 05:04:54', 'tablet');
INSERT INTO streaming_history (user_id, song_id, played_at, device) VALUES (165, 2786, '2026-02-02 15:50:53', 'mobile');
INSERT INTO streaming_history (user_id, song_id, played_at, device) VALUES (3, 94, '2025-11-25 09:55:59', 'mobile');
INSERT INTO streaming_history (user_id, song_id, played_at, device) VALUES (28, 5106, '2025-12-17 14:31:15', 'tablet');
INSERT INTO streaming_history (user_id, song_id, played_at, device) VALUES (75, 3175, '2025-07-14 12:09:42', 'desktop');
INSERT INTO streaming_history (user_id, song_id, played_at, device) VALUES (143, 5995, '2025-05-18 01:32:29', 'tablet');
INSERT INTO streaming_history (user_id, song_id, played_at, device) VALUES (98, 1041, '2025-04-05 21:45:30', 'smart_tv');
INSERT INTO streaming_history (user_id, song_id, played_at, device) VALUES (258, 809, '2025-06-06 10:14:07', 'smart_tv');
INSERT INTO streaming_history (user_id, song_id, played_at, device) VALUES (170, 569, '2025-08-09 01:21:32', 'desktop');
INSERT INTO streaming_history (user_id, song_id, played_at, device) VALUES (88, 254, '2025-03-29 10:28:32', 'desktop');
INSERT INTO streaming_history (user_id, song_id, played_at, device) VALUES (237, 5208, '2025-04-16 05:17:39', 'desktop');
INSERT INTO streaming_history (user_id, song_id, played_at, device) VALUES (209, 22, '2025-08-27 00:59:07', 'smart_tv');
INSERT INTO streaming_history (user_id, song_id, played_at, device) VALUES (211, 3871, '2025-09-14 18:10:44', 'smart_tv');
INSERT INTO streaming_history (user_id, song_id, played_at, device) VALUES (69, 2199, '2025-12-02 16:19:01', 'desktop');
INSERT INTO streaming_history (user_id, song_id, played_at, device) VALUES (231, 5625, '2025-04-22 06:05:29', 'desktop');
INSERT INTO streaming_history (user_id, song_id, played_at, device) VALUES (101, 2013, '2026-02-15 19:00:44', 'mobile');
INSERT INTO streaming_history (user_id, song_id, played_at, device) VALUES (135, 1314, '2026-01-21 03:18:26', 'smart_tv');
INSERT INTO streaming_history (user_id, song_id, played_at, device) VALUES (137, 703, '2026-02-02 03:45:24', 'tablet');
INSERT INTO streaming_history (user_id, song_id, played_at, device) VALUES (160, 978, '2026-02-25 10:20:56', 'desktop');
INSERT INTO streaming_history (user_id, song_id, played_at, device) VALUES (221, 3463, '2025-10-01 21:44:46', 'tablet');
INSERT INTO streaming_history (user_id, song_id, played_at, device) VALUES (86, 1166, '2025-11-10 15:29:36', 'desktop');
INSERT INTO streaming_history (user_id, song_id, played_at, device) VALUES (200, 1855, '2025-07-14 04:02:32', 'desktop');
INSERT INTO streaming_history (user_id, song_id, played_at, device) VALUES (85, 1710, '2025-10-05 20:09:42', 'tablet');
INSERT INTO streaming_history (user_id, song_id, played_at, device) VALUES (24, 3447, '2025-10-11 20:08:22', 'smart_tv');
INSERT INTO streaming_history (user_id, song_id, played_at, device) VALUES (222, 369, '2025-08-10 13:46:18', 'desktop');
INSERT INTO streaming_history (user_id, song_id, played_at, device) VALUES (163, 1605, '2025-12-07 07:31:28', 'tablet');
INSERT INTO streaming_history (user_id, song_id, played_at, device) VALUES (240, 5336, '2026-02-01 06:06:08', 'smart_tv');
INSERT INTO streaming_history (user_id, song_id, played_at, device) VALUES (35, 1356, '2026-01-16 04:31:21', 'desktop');
INSERT INTO streaming_history (user_id, song_id, played_at, device) VALUES (21, 1292, '2025-11-20 12:03:57', 'tablet');
INSERT INTO streaming_history (user_id, song_id, played_at, device) VALUES (59, 687, '2025-04-29 11:38:51', 'smart_tv');
INSERT INTO streaming_history (user_id, song_id, played_at, device) VALUES (110, 3634, '2025-08-14 13:49:15', 'tablet');
INSERT INTO streaming_history (user_id, song_id, played_at, device) VALUES (225, 1190, '2025-09-19 09:03:19', 'mobile');
INSERT INTO streaming_history (user_id, song_id, played_at, device) VALUES (253, 4628, '2025-07-03 08:31:55', 'tablet');
INSERT INTO streaming_history (user_id, song_id, played_at, device) VALUES (293, 5196, '2025-12-10 11:35:46', 'desktop');
INSERT INTO streaming_history (user_id, song_id, played_at, device) VALUES (113, 3515, '2025-07-25 00:03:27', 'mobile');
INSERT INTO streaming_history (user_id, song_id, played_at, device) VALUES (281, 1220, '2026-01-15 16:05:46', 'tablet');
INSERT INTO streaming_history (user_id, song_id, played_at, device) VALUES (58, 3316, '2026-02-21 06:25:44', 'desktop');
INSERT INTO streaming_history (user_id, song_id, played_at, device) VALUES (137, 1742, '2026-03-14 04:48:43', 'tablet');
INSERT INTO streaming_history (user_id, song_id, played_at, device) VALUES (227, 4207, '2025-05-23 11:59:53', 'tablet');
INSERT INTO streaming_history (user_id, song_id, played_at, device) VALUES (219, 1530, '2026-01-08 10:53:07', 'smart_tv');
INSERT INTO streaming_history (user_id, song_id, played_at, device) VALUES (210, 5691, '2026-02-03 08:03:33', 'smart_tv');
INSERT INTO streaming_history (user_id, song_id, played_at, device) VALUES (143, 3641, '2025-07-13 16:33:37', 'smart_tv');
INSERT INTO streaming_history (user_id, song_id, played_at, device) VALUES (67, 1240, '2025-07-24 08:37:59', 'desktop');
INSERT INTO streaming_history (user_id, song_id, played_at, device) VALUES (125, 65, '2025-06-23 03:29:22', 'tablet');
INSERT INTO streaming_history (user_id, song_id, played_at, device) VALUES (235, 410, '2025-06-05 05:43:01', 'tablet');
INSERT INTO streaming_history (user_id, song_id, played_at, device) VALUES (125, 5625, '2026-02-19 20:49:04', 'smart_tv');
INSERT INTO streaming_history (user_id, song_id, played_at, device) VALUES (252, 4690, '2026-03-08 21:49:16', 'smart_tv');
INSERT INTO streaming_history (user_id, song_id, played_at, device) VALUES (80, 3732, '2025-05-11 23:02:54', 'desktop');
INSERT INTO streaming_history (user_id, song_id, played_at, device) VALUES (100, 4064, '2026-01-08 10:05:09', 'smart_tv');
INSERT INTO streaming_history (user_id, song_id, played_at, device) VALUES (117, 5147, '2025-06-26 04:22:23', 'desktop');
INSERT INTO streaming_history (user_id, song_id, played_at, device) VALUES (68, 2244, '2025-11-29 16:20:34', 'smart_tv');
INSERT INTO streaming_history (user_id, song_id, played_at, device) VALUES (108, 5140, '2025-05-10 09:30:50', 'mobile');
INSERT INTO streaming_history (user_id, song_id, played_at, device) VALUES (214, 735, '2025-11-12 01:14:49', 'desktop');
INSERT INTO streaming_history (user_id, song_id, played_at, device) VALUES (174, 4137, '2025-05-20 16:14:09', 'tablet');
INSERT INTO streaming_history (user_id, song_id, played_at, device) VALUES (216, 2444, '2026-02-19 15:19:47', 'smart_tv');
INSERT INTO streaming_history (user_id, song_id, played_at, device) VALUES (128, 1984, '2026-01-19 06:27:43', 'tablet');
INSERT INTO streaming_history (user_id, song_id, played_at, device) VALUES (148, 2293, '2025-06-14 04:56:30', 'desktop');
INSERT INTO streaming_history (user_id, song_id, played_at, device) VALUES (47, 5312, '2025-12-29 09:19:15', 'desktop');
INSERT INTO streaming_history (user_id, song_id, played_at, device) VALUES (104, 3695, '2025-09-08 06:54:19', 'smart_tv');
INSERT INTO streaming_history (user_id, song_id, played_at, device) VALUES (235, 3164, '2025-06-26 07:51:37', 'smart_tv');
INSERT INTO streaming_history (user_id, song_id, played_at, device) VALUES (89, 5395, '2025-11-09 11:51:31', 'mobile');
INSERT INTO streaming_history (user_id, song_id, played_at, device) VALUES (254, 3688, '2025-08-12 02:48:12', 'tablet');
INSERT INTO streaming_history (user_id, song_id, played_at, device) VALUES (121, 1528, '2025-06-02 19:06:17', 'mobile');
INSERT INTO streaming_history (user_id, song_id, played_at, device) VALUES (95, 5336, '2025-04-11 15:42:01', 'tablet');
INSERT INTO streaming_history (user_id, song_id, played_at, device) VALUES (59, 2097, '2025-08-06 16:06:29', 'mobile');
INSERT INTO streaming_history (user_id, song_id, played_at, device) VALUES (157, 360, '2025-07-16 04:34:45', 'smart_tv');
INSERT INTO streaming_history (user_id, song_id, played_at, device) VALUES (100, 5124, '2025-08-08 17:50:43', 'smart_tv');
INSERT INTO streaming_history (user_id, song_id, played_at, device) VALUES (165, 5826, '2025-11-20 17:53:06', 'tablet');
INSERT INTO streaming_history (user_id, song_id, played_at, device) VALUES (85, 3762, '2026-01-19 15:03:26', 'desktop');
INSERT INTO streaming_history (user_id, song_id, played_at, device) VALUES (131, 3772, '2025-04-22 20:11:10', 'smart_tv');
INSERT INTO streaming_history (user_id, song_id, played_at, device) VALUES (103, 1376, '2025-06-23 10:42:26', 'smart_tv');
INSERT INTO streaming_history (user_id, song_id, played_at, device) VALUES (148, 1221, '2025-04-30 13:25:26', 'tablet');
INSERT INTO streaming_history (user_id, song_id, played_at, device) VALUES (108, 2335, '2025-12-25 02:38:44', 'smart_tv');
INSERT INTO streaming_history (user_id, song_id, played_at, device) VALUES (49, 1136, '2025-09-30 05:23:31', 'desktop');
INSERT INTO streaming_history (user_id, song_id, played_at, device) VALUES (147, 4180, '2025-05-22 08:08:11', 'tablet');
INSERT INTO streaming_history (user_id, song_id, played_at, device) VALUES (37, 5479, '2026-01-08 01:29:39', 'tablet');
INSERT INTO streaming_history (user_id, song_id, played_at, device) VALUES (275, 5992, '2026-02-04 18:26:37', 'tablet');
INSERT INTO streaming_history (user_id, song_id, played_at, device) VALUES (239, 5355, '2026-01-10 04:07:33', 'tablet');
INSERT INTO streaming_history (user_id, song_id, played_at, device) VALUES (172, 5711, '2025-10-22 03:43:16', 'tablet');
INSERT INTO streaming_history (user_id, song_id, played_at, device) VALUES (242, 4207, '2025-10-02 07:03:06', 'tablet');
INSERT INTO streaming_history (user_id, song_id, played_at, device) VALUES (125, 3379, '2025-12-20 09:31:38', 'desktop');
INSERT INTO streaming_history (user_id, song_id, played_at, device) VALUES (288, 1449, '2026-01-08 09:24:50', 'mobile');
INSERT INTO streaming_history (user_id, song_id, played_at, device) VALUES (8, 2369, '2025-10-23 02:44:31', 'tablet');
INSERT INTO streaming_history (user_id, song_id, played_at, device) VALUES (17, 2357, '2025-11-15 07:06:42', 'smart_tv');
INSERT INTO streaming_history (user_id, song_id, played_at, device) VALUES (5, 2519, '2025-12-02 13:49:43', 'smart_tv');
INSERT INTO streaming_history (user_id, song_id, played_at, device) VALUES (278, 4047, '2025-10-24 18:50:28', 'desktop');
INSERT INTO streaming_history (user_id, song_id, played_at, device) VALUES (171, 5037, '2025-08-12 16:37:48', 'mobile');
INSERT INTO streaming_history (user_id, song_id, played_at, device) VALUES (229, 230, '2026-01-19 11:37:40', 'smart_tv');
INSERT INTO streaming_history (user_id, song_id, played_at, device) VALUES (289, 2169, '2025-06-10 16:44:30', 'tablet');
INSERT INTO streaming_history (user_id, song_id, played_at, device) VALUES (180, 3150, '2025-07-06 22:54:24', 'mobile');
INSERT INTO streaming_history (user_id, song_id, played_at, device) VALUES (117, 977, '2025-12-26 00:28:11', 'tablet');
INSERT INTO streaming_history (user_id, song_id, played_at, device) VALUES (144, 1555, '2025-07-13 19:20:01', 'mobile');
INSERT INTO streaming_history (user_id, song_id, played_at, device) VALUES (63, 631, '2025-10-20 13:14:07', 'desktop');
INSERT INTO streaming_history (user_id, song_id, played_at, device) VALUES (216, 4097, '2025-07-04 09:40:16', 'desktop');
INSERT INTO streaming_history (user_id, song_id, played_at, device) VALUES (290, 2303, '2025-10-11 02:53:43', 'desktop');
INSERT INTO streaming_history (user_id, song_id, played_at, device) VALUES (96, 4339, '2025-10-21 13:33:40', 'smart_tv');
INSERT INTO streaming_history (user_id, song_id, played_at, device) VALUES (272, 327, '2025-12-09 06:40:10', 'desktop');
INSERT INTO streaming_history (user_id, song_id, played_at, device) VALUES (33, 1975, '2025-05-25 08:36:30', 'tablet');
INSERT INTO streaming_history (user_id, song_id, played_at, device) VALUES (38, 6113, '2025-09-21 17:09:05', 'smart_tv');
INSERT INTO streaming_history (user_id, song_id, played_at, device) VALUES (140, 3284, '2025-11-04 17:57:14', 'desktop');
INSERT INTO streaming_history (user_id, song_id, played_at, device) VALUES (74, 3290, '2026-01-24 01:19:12', 'mobile');
INSERT INTO streaming_history (user_id, song_id, played_at, device) VALUES (32, 468, '2025-09-20 10:54:01', 'smart_tv');
INSERT INTO streaming_history (user_id, song_id, played_at, device) VALUES (118, 5596, '2025-10-30 12:58:30', 'mobile');
INSERT INTO streaming_history (user_id, song_id, played_at, device) VALUES (132, 3482, '2026-03-14 07:20:00', 'desktop');
INSERT INTO streaming_history (user_id, song_id, played_at, device) VALUES (286, 4200, '2025-08-01 18:09:51', 'mobile');
INSERT INTO streaming_history (user_id, song_id, played_at, device) VALUES (203, 6046, '2025-07-19 22:58:50', 'smart_tv');
INSERT INTO streaming_history (user_id, song_id, played_at, device) VALUES (221, 5749, '2026-02-24 08:55:25', 'desktop');
INSERT INTO streaming_history (user_id, song_id, played_at, device) VALUES (298, 2792, '2025-09-26 20:24:46', 'mobile');
INSERT INTO streaming_history (user_id, song_id, played_at, device) VALUES (221, 562, '2026-03-18 17:11:06', 'tablet');
INSERT INTO streaming_history (user_id, song_id, played_at, device) VALUES (107, 2958, '2026-01-28 00:18:35', 'tablet');
INSERT INTO streaming_history (user_id, song_id, played_at, device) VALUES (10, 735, '2026-02-26 22:05:40', 'desktop');
INSERT INTO streaming_history (user_id, song_id, played_at, device) VALUES (144, 1016, '2025-06-02 09:54:39', 'smart_tv');
INSERT INTO streaming_history (user_id, song_id, played_at, device) VALUES (290, 4932, '2025-09-03 16:03:33', 'smart_tv');
INSERT INTO streaming_history (user_id, song_id, played_at, device) VALUES (261, 2424, '2025-05-06 14:17:47', 'mobile');
INSERT INTO streaming_history (user_id, song_id, played_at, device) VALUES (247, 1219, '2025-09-03 07:49:09', 'desktop');
INSERT INTO streaming_history (user_id, song_id, played_at, device) VALUES (199, 120, '2025-05-29 03:17:40', 'desktop');
INSERT INTO streaming_history (user_id, song_id, played_at, device) VALUES (215, 3176, '2026-01-15 18:57:46', 'tablet');
INSERT INTO streaming_history (user_id, song_id, played_at, device) VALUES (278, 96, '2026-02-08 00:54:23', 'smart_tv');
INSERT INTO streaming_history (user_id, song_id, played_at, device) VALUES (17, 5212, '2025-07-21 09:50:10', 'mobile');
INSERT INTO streaming_history (user_id, song_id, played_at, device) VALUES (134, 5084, '2026-01-17 01:01:47', 'smart_tv');
INSERT INTO streaming_history (user_id, song_id, played_at, device) VALUES (223, 1585, '2025-07-23 10:39:12', 'desktop');
INSERT INTO streaming_history (user_id, song_id, played_at, device) VALUES (163, 1270, '2025-08-22 02:16:02', 'mobile');
INSERT INTO streaming_history (user_id, song_id, played_at, device) VALUES (76, 1542, '2025-10-12 17:36:44', 'smart_tv');
INSERT INTO streaming_history (user_id, song_id, played_at, device) VALUES (26, 1812, '2025-05-24 07:31:10', 'smart_tv');
INSERT INTO streaming_history (user_id, song_id, played_at, device) VALUES (163, 4065, '2026-01-03 06:02:53', 'desktop');
INSERT INTO streaming_history (user_id, song_id, played_at, device) VALUES (207, 2450, '2026-02-17 21:29:20', 'tablet');
INSERT INTO streaming_history (user_id, song_id, played_at, device) VALUES (167, 3096, '2025-10-25 15:59:43', 'desktop');
INSERT INTO streaming_history (user_id, song_id, played_at, device) VALUES (136, 1718, '2025-11-22 23:06:49', 'tablet');
INSERT INTO streaming_history (user_id, song_id, played_at, device) VALUES (140, 252, '2025-09-02 02:03:34', 'smart_tv');
INSERT INTO streaming_history (user_id, song_id, played_at, device) VALUES (204, 1063, '2026-03-07 19:51:34', 'desktop');
INSERT INTO streaming_history (user_id, song_id, played_at, device) VALUES (9, 5040, '2025-06-23 19:48:48', 'mobile');
INSERT INTO streaming_history (user_id, song_id, played_at, device) VALUES (155, 374, '2025-11-01 06:15:31', 'desktop');
INSERT INTO streaming_history (user_id, song_id, played_at, device) VALUES (85, 5627, '2025-07-31 14:45:25', 'mobile');
INSERT INTO streaming_history (user_id, song_id, played_at, device) VALUES (190, 5209, '2025-08-14 16:03:07', 'tablet');
INSERT INTO streaming_history (user_id, song_id, played_at, device) VALUES (64, 1658, '2025-08-27 11:20:31', 'mobile');
INSERT INTO streaming_history (user_id, song_id, played_at, device) VALUES (296, 71, '2026-03-04 23:58:18', 'desktop');
INSERT INTO streaming_history (user_id, song_id, played_at, device) VALUES (294, 1196, '2026-02-23 05:51:17', 'tablet');
INSERT INTO streaming_history (user_id, song_id, played_at, device) VALUES (234, 5371, '2025-10-13 15:25:31', 'desktop');
INSERT INTO streaming_history (user_id, song_id, played_at, device) VALUES (51, 2775, '2026-03-03 21:27:27', 'mobile');
INSERT INTO streaming_history (user_id, song_id, played_at, device) VALUES (265, 1774, '2025-11-16 22:38:25', 'tablet');
INSERT INTO streaming_history (user_id, song_id, played_at, device) VALUES (87, 5801, '2026-02-05 01:29:38', 'smart_tv');
INSERT INTO streaming_history (user_id, song_id, played_at, device) VALUES (183, 456, '2025-08-18 02:34:47', 'smart_tv');
INSERT INTO streaming_history (user_id, song_id, played_at, device) VALUES (250, 5256, '2025-09-24 14:44:35', 'tablet');
INSERT INTO streaming_history (user_id, song_id, played_at, device) VALUES (22, 4231, '2025-12-13 23:06:21', 'tablet');
INSERT INTO streaming_history (user_id, song_id, played_at, device) VALUES (147, 3267, '2026-01-05 06:40:34', 'smart_tv');
INSERT INTO streaming_history (user_id, song_id, played_at, device) VALUES (87, 4887, '2025-09-04 07:23:12', 'desktop');
INSERT INTO streaming_history (user_id, song_id, played_at, device) VALUES (125, 3423, '2025-11-18 05:17:36', 'smart_tv');
INSERT INTO streaming_history (user_id, song_id, played_at, device) VALUES (90, 633, '2025-12-08 10:16:21', 'desktop');
INSERT INTO streaming_history (user_id, song_id, played_at, device) VALUES (54, 4776, '2025-12-17 03:57:35', 'mobile');
INSERT INTO streaming_history (user_id, song_id, played_at, device) VALUES (137, 4197, '2025-04-16 07:33:39', 'mobile');
INSERT INTO streaming_history (user_id, song_id, played_at, device) VALUES (163, 2644, '2025-08-30 04:04:26', 'tablet');
INSERT INTO streaming_history (user_id, song_id, played_at, device) VALUES (216, 2083, '2026-01-26 03:24:53', 'mobile');
INSERT INTO streaming_history (user_id, song_id, played_at, device) VALUES (81, 3936, '2025-10-17 08:27:00', 'smart_tv');
INSERT INTO streaming_history (user_id, song_id, played_at, device) VALUES (104, 2212, '2025-08-03 00:11:37', 'tablet');
INSERT INTO streaming_history (user_id, song_id, played_at, device) VALUES (146, 4668, '2025-06-11 00:38:34', 'desktop');
INSERT INTO streaming_history (user_id, song_id, played_at, device) VALUES (161, 3190, '2025-05-28 23:00:59', 'desktop');
INSERT INTO streaming_history (user_id, song_id, played_at, device) VALUES (161, 274, '2025-05-08 14:49:37', 'mobile');
INSERT INTO streaming_history (user_id, song_id, played_at, device) VALUES (106, 4952, '2026-03-13 13:52:34', 'tablet');
INSERT INTO streaming_history (user_id, song_id, played_at, device) VALUES (176, 1737, '2025-07-04 08:37:03', 'desktop');
INSERT INTO streaming_history (user_id, song_id, played_at, device) VALUES (245, 4296, '2026-01-26 16:16:55', 'tablet');
INSERT INTO streaming_history (user_id, song_id, played_at, device) VALUES (84, 4738, '2025-11-28 12:11:09', 'mobile');
INSERT INTO streaming_history (user_id, song_id, played_at, device) VALUES (217, 4211, '2025-05-02 00:20:45', 'desktop');
INSERT INTO streaming_history (user_id, song_id, played_at, device) VALUES (111, 3834, '2026-02-02 10:21:51', 'tablet');
INSERT INTO streaming_history (user_id, song_id, played_at, device) VALUES (192, 4373, '2025-11-10 06:18:28', 'desktop');
INSERT INTO streaming_history (user_id, song_id, played_at, device) VALUES (261, 3364, '2026-03-10 13:02:45', 'smart_tv');
INSERT INTO streaming_history (user_id, song_id, played_at, device) VALUES (134, 2063, '2025-08-29 12:35:20', 'smart_tv');
INSERT INTO streaming_history (user_id, song_id, played_at, device) VALUES (32, 434, '2025-09-19 18:23:53', 'smart_tv');
INSERT INTO streaming_history (user_id, song_id, played_at, device) VALUES (41, 2391, '2025-05-28 00:10:23', 'smart_tv');
INSERT INTO streaming_history (user_id, song_id, played_at, device) VALUES (180, 2639, '2025-11-01 04:55:33', 'mobile');
INSERT INTO streaming_history (user_id, song_id, played_at, device) VALUES (293, 3297, '2025-11-01 21:30:46', 'tablet');
INSERT INTO streaming_history (user_id, song_id, played_at, device) VALUES (140, 5921, '2025-12-28 05:15:11', 'tablet');
INSERT INTO streaming_history (user_id, song_id, played_at, device) VALUES (165, 4737, '2025-06-21 15:14:33', 'tablet');
INSERT INTO streaming_history (user_id, song_id, played_at, device) VALUES (134, 2725, '2025-03-27 01:40:15', 'desktop');
INSERT INTO streaming_history (user_id, song_id, played_at, device) VALUES (65, 762, '2026-02-11 07:36:44', 'desktop');
INSERT INTO streaming_history (user_id, song_id, played_at, device) VALUES (18, 3738, '2026-02-03 13:57:46', 'tablet');
INSERT INTO streaming_history (user_id, song_id, played_at, device) VALUES (260, 4696, '2025-04-22 01:25:19', 'desktop');
INSERT INTO streaming_history (user_id, song_id, played_at, device) VALUES (35, 5940, '2025-07-22 18:33:16', 'tablet');
INSERT INTO streaming_history (user_id, song_id, played_at, device) VALUES (181, 2642, '2025-06-11 18:15:01', 'smart_tv');
INSERT INTO streaming_history (user_id, song_id, played_at, device) VALUES (122, 2445, '2025-11-15 19:40:05', 'tablet');
INSERT INTO streaming_history (user_id, song_id, played_at, device) VALUES (283, 2972, '2025-12-11 07:34:33', 'tablet');
INSERT INTO streaming_history (user_id, song_id, played_at, device) VALUES (238, 196, '2025-08-11 22:01:17', 'desktop');
INSERT INTO streaming_history (user_id, song_id, played_at, device) VALUES (64, 488, '2025-06-19 19:23:43', 'desktop');
INSERT INTO streaming_history (user_id, song_id, played_at, device) VALUES (235, 1069, '2026-03-03 18:48:48', 'tablet');
INSERT INTO streaming_history (user_id, song_id, played_at, device) VALUES (67, 3855, '2025-09-03 15:59:24', 'smart_tv');
INSERT INTO streaming_history (user_id, song_id, played_at, device) VALUES (163, 5149, '2025-06-12 21:27:24', 'smart_tv');
INSERT INTO streaming_history (user_id, song_id, played_at, device) VALUES (17, 2710, '2025-09-12 22:23:20', 'mobile');
INSERT INTO streaming_history (user_id, song_id, played_at, device) VALUES (178, 5629, '2025-12-15 03:49:54', 'desktop');
INSERT INTO streaming_history (user_id, song_id, played_at, device) VALUES (1, 243, '2025-11-15 13:04:38', 'smart_tv');
INSERT INTO streaming_history (user_id, song_id, played_at, device) VALUES (266, 3010, '2025-07-26 22:04:03', 'mobile');
INSERT INTO streaming_history (user_id, song_id, played_at, device) VALUES (202, 2031, '2026-01-10 15:11:23', 'tablet');
INSERT INTO streaming_history (user_id, song_id, played_at, device) VALUES (5, 1264, '2026-02-27 01:58:07', 'smart_tv');
INSERT INTO streaming_history (user_id, song_id, played_at, device) VALUES (75, 4496, '2026-02-20 23:46:26', 'mobile');
INSERT INTO streaming_history (user_id, song_id, played_at, device) VALUES (109, 442, '2025-08-11 02:25:20', 'smart_tv');
INSERT INTO streaming_history (user_id, song_id, played_at, device) VALUES (210, 5261, '2025-10-10 18:31:10', 'tablet');
INSERT INTO streaming_history (user_id, song_id, played_at, device) VALUES (32, 3567, '2026-01-18 01:22:06', 'tablet');
INSERT INTO streaming_history (user_id, song_id, played_at, device) VALUES (129, 2205, '2026-02-21 00:11:44', 'desktop');
INSERT INTO streaming_history (user_id, song_id, played_at, device) VALUES (148, 2055, '2025-03-31 17:51:03', 'smart_tv');
INSERT INTO streaming_history (user_id, song_id, played_at, device) VALUES (20, 2671, '2025-08-27 11:52:14', 'desktop');
INSERT INTO streaming_history (user_id, song_id, played_at, device) VALUES (253, 2253, '2025-06-03 16:59:54', 'tablet');
INSERT INTO streaming_history (user_id, song_id, played_at, device) VALUES (272, 4563, '2025-05-31 12:07:52', 'smart_tv');
INSERT INTO streaming_history (user_id, song_id, played_at, device) VALUES (260, 3202, '2026-01-30 12:28:27', 'mobile');
INSERT INTO streaming_history (user_id, song_id, played_at, device) VALUES (114, 3744, '2025-07-04 00:47:08', 'mobile');
INSERT INTO streaming_history (user_id, song_id, played_at, device) VALUES (217, 3680, '2026-01-24 07:03:27', 'tablet');
INSERT INTO streaming_history (user_id, song_id, played_at, device) VALUES (84, 4829, '2025-10-02 21:15:51', 'mobile');
INSERT INTO streaming_history (user_id, song_id, played_at, device) VALUES (152, 212, '2025-09-30 17:15:27', 'desktop');
INSERT INTO streaming_history (user_id, song_id, played_at, device) VALUES (114, 5242, '2025-04-20 09:17:10', 'tablet');
INSERT INTO streaming_history (user_id, song_id, played_at, device) VALUES (92, 2485, '2025-10-24 16:37:49', 'desktop');
INSERT INTO streaming_history (user_id, song_id, played_at, device) VALUES (206, 1372, '2025-08-05 03:03:04', 'mobile');
INSERT INTO streaming_history (user_id, song_id, played_at, device) VALUES (6, 911, '2025-07-04 05:31:23', 'smart_tv');
INSERT INTO streaming_history (user_id, song_id, played_at, device) VALUES (192, 2456, '2025-09-23 20:51:37', 'smart_tv');
INSERT INTO streaming_history (user_id, song_id, played_at, device) VALUES (62, 4766, '2026-02-13 10:58:37', 'tablet');
INSERT INTO streaming_history (user_id, song_id, played_at, device) VALUES (25, 4818, '2025-04-13 13:38:03', 'desktop');
INSERT INTO streaming_history (user_id, song_id, played_at, device) VALUES (174, 303, '2025-09-11 19:32:40', 'mobile');
INSERT INTO streaming_history (user_id, song_id, played_at, device) VALUES (192, 1162, '2025-06-15 08:54:19', 'tablet');
INSERT INTO streaming_history (user_id, song_id, played_at, device) VALUES (194, 5329, '2025-05-29 14:34:24', 'mobile');
INSERT INTO streaming_history (user_id, song_id, played_at, device) VALUES (193, 5356, '2025-04-17 06:59:26', 'tablet');
INSERT INTO streaming_history (user_id, song_id, played_at, device) VALUES (96, 1478, '2026-03-22 11:59:38', 'mobile');
INSERT INTO streaming_history (user_id, song_id, played_at, device) VALUES (182, 4978, '2026-03-01 01:19:27', 'tablet');
INSERT INTO streaming_history (user_id, song_id, played_at, device) VALUES (189, 1886, '2025-03-26 20:56:51', 'mobile');
INSERT INTO streaming_history (user_id, song_id, played_at, device) VALUES (48, 5554, '2025-04-27 02:34:01', 'smart_tv');
INSERT INTO streaming_history (user_id, song_id, played_at, device) VALUES (34, 1174, '2025-04-04 09:43:15', 'smart_tv');
INSERT INTO streaming_history (user_id, song_id, played_at, device) VALUES (41, 6038, '2025-05-24 03:23:12', 'tablet');
INSERT INTO streaming_history (user_id, song_id, played_at, device) VALUES (133, 5992, '2025-06-30 18:33:01', 'desktop');
INSERT INTO streaming_history (user_id, song_id, played_at, device) VALUES (134, 4843, '2026-01-18 18:45:19', 'smart_tv');
INSERT INTO streaming_history (user_id, song_id, played_at, device) VALUES (62, 1845, '2026-02-15 10:33:56', 'mobile');
INSERT INTO streaming_history (user_id, song_id, played_at, device) VALUES (295, 494, '2025-06-08 06:23:16', 'desktop');
INSERT INTO streaming_history (user_id, song_id, played_at, device) VALUES (126, 2591, '2026-02-02 01:57:04', 'tablet');
INSERT INTO streaming_history (user_id, song_id, played_at, device) VALUES (51, 260, '2025-08-13 10:23:38', 'tablet');
INSERT INTO streaming_history (user_id, song_id, played_at, device) VALUES (38, 503, '2025-09-26 00:47:43', 'tablet');
INSERT INTO streaming_history (user_id, song_id, played_at, device) VALUES (146, 1153, '2025-11-19 08:30:03', 'smart_tv');
INSERT INTO streaming_history (user_id, song_id, played_at, device) VALUES (24, 4825, '2025-08-23 17:05:57', 'smart_tv');
INSERT INTO streaming_history (user_id, song_id, played_at, device) VALUES (283, 4551, '2025-04-13 22:46:58', 'desktop');
INSERT INTO streaming_history (user_id, song_id, played_at, device) VALUES (166, 3978, '2025-08-28 10:58:26', 'tablet');
INSERT INTO streaming_history (user_id, song_id, played_at, device) VALUES (54, 2335, '2026-03-23 07:02:45', 'mobile');
INSERT INTO streaming_history (user_id, song_id, played_at, device) VALUES (193, 1983, '2025-10-03 09:20:41', 'desktop');
INSERT INTO streaming_history (user_id, song_id, played_at, device) VALUES (218, 445, '2026-03-13 13:06:31', 'smart_tv');
INSERT INTO streaming_history (user_id, song_id, played_at, device) VALUES (71, 1361, '2025-07-09 13:32:53', 'desktop');
INSERT INTO streaming_history (user_id, song_id, played_at, device) VALUES (176, 4798, '2025-04-08 04:00:48', 'mobile');
INSERT INTO streaming_history (user_id, song_id, played_at, device) VALUES (299, 3466, '2025-11-13 19:54:42', 'desktop');
INSERT INTO streaming_history (user_id, song_id, played_at, device) VALUES (261, 2205, '2025-12-14 11:00:11', 'tablet');
INSERT INTO streaming_history (user_id, song_id, played_at, device) VALUES (77, 2640, '2026-02-23 14:19:02', 'tablet');
INSERT INTO streaming_history (user_id, song_id, played_at, device) VALUES (238, 3791, '2026-03-08 07:35:44', 'desktop');
INSERT INTO streaming_history (user_id, song_id, played_at, device) VALUES (127, 4849, '2026-02-28 16:57:42', 'tablet');
INSERT INTO streaming_history (user_id, song_id, played_at, device) VALUES (161, 1782, '2025-07-02 16:43:02', 'tablet');
INSERT INTO streaming_history (user_id, song_id, played_at, device) VALUES (128, 4833, '2025-06-10 21:13:18', 'smart_tv');
INSERT INTO streaming_history (user_id, song_id, played_at, device) VALUES (228, 4347, '2025-06-19 06:31:34', 'desktop');
INSERT INTO streaming_history (user_id, song_id, played_at, device) VALUES (45, 766, '2025-10-20 06:44:36', 'smart_tv');
INSERT INTO streaming_history (user_id, song_id, played_at, device) VALUES (126, 1138, '2025-05-11 11:05:19', 'desktop');
INSERT INTO streaming_history (user_id, song_id, played_at, device) VALUES (291, 5059, '2026-01-10 08:19:19', 'desktop');
INSERT INTO streaming_history (user_id, song_id, played_at, device) VALUES (21, 4613, '2025-07-17 04:37:34', 'smart_tv');
INSERT INTO streaming_history (user_id, song_id, played_at, device) VALUES (203, 2879, '2025-04-26 12:31:45', 'desktop');
INSERT INTO streaming_history (user_id, song_id, played_at, device) VALUES (148, 2530, '2025-06-09 07:41:12', 'mobile');
INSERT INTO streaming_history (user_id, song_id, played_at, device) VALUES (249, 1537, '2026-02-03 21:07:23', 'mobile');
INSERT INTO streaming_history (user_id, song_id, played_at, device) VALUES (141, 3106, '2025-11-14 04:10:21', 'tablet');
INSERT INTO streaming_history (user_id, song_id, played_at, device) VALUES (13, 5014, '2025-12-13 13:48:37', 'smart_tv');
INSERT INTO streaming_history (user_id, song_id, played_at, device) VALUES (137, 2906, '2025-05-26 17:41:23', 'tablet');
INSERT INTO streaming_history (user_id, song_id, played_at, device) VALUES (153, 3054, '2025-12-18 19:14:58', 'smart_tv');
INSERT INTO streaming_history (user_id, song_id, played_at, device) VALUES (82, 1281, '2025-09-11 19:06:27', 'tablet');
INSERT INTO streaming_history (user_id, song_id, played_at, device) VALUES (215, 1193, '2025-04-28 10:28:19', 'tablet');
INSERT INTO streaming_history (user_id, song_id, played_at, device) VALUES (258, 3618, '2025-08-16 17:19:47', 'mobile');
INSERT INTO streaming_history (user_id, song_id, played_at, device) VALUES (47, 1325, '2025-11-15 01:42:40', 'smart_tv');
INSERT INTO streaming_history (user_id, song_id, played_at, device) VALUES (89, 3078, '2026-03-10 11:37:05', 'smart_tv');
INSERT INTO streaming_history (user_id, song_id, played_at, device) VALUES (62, 2598, '2025-07-18 05:14:56', 'tablet');
INSERT INTO streaming_history (user_id, song_id, played_at, device) VALUES (214, 5896, '2025-04-04 17:44:00', 'desktop');
INSERT INTO streaming_history (user_id, song_id, played_at, device) VALUES (143, 1086, '2025-05-12 03:58:36', 'mobile');
INSERT INTO streaming_history (user_id, song_id, played_at, device) VALUES (271, 832, '2026-02-20 13:40:40', 'tablet');
INSERT INTO streaming_history (user_id, song_id, played_at, device) VALUES (171, 2949, '2026-01-22 03:04:54', 'tablet');
INSERT INTO streaming_history (user_id, song_id, played_at, device) VALUES (14, 3386, '2025-05-01 06:08:00', 'tablet');
INSERT INTO streaming_history (user_id, song_id, played_at, device) VALUES (229, 4509, '2026-01-21 11:16:49', 'smart_tv');
INSERT INTO streaming_history (user_id, song_id, played_at, device) VALUES (131, 5706, '2026-02-20 08:02:51', 'tablet');
INSERT INTO streaming_history (user_id, song_id, played_at, device) VALUES (62, 2372, '2026-03-06 02:40:48', 'desktop');
INSERT INTO streaming_history (user_id, song_id, played_at, device) VALUES (131, 439, '2026-01-27 04:21:39', 'tablet');
INSERT INTO streaming_history (user_id, song_id, played_at, device) VALUES (78, 192, '2025-04-17 19:30:59', 'smart_tv');
INSERT INTO streaming_history (user_id, song_id, played_at, device) VALUES (282, 5550, '2025-05-20 00:29:37', 'desktop');
INSERT INTO streaming_history (user_id, song_id, played_at, device) VALUES (220, 5981, '2025-09-19 14:49:35', 'smart_tv');
INSERT INTO streaming_history (user_id, song_id, played_at, device) VALUES (108, 3998, '2025-06-02 00:37:32', 'smart_tv');
INSERT INTO streaming_history (user_id, song_id, played_at, device) VALUES (229, 4261, '2025-11-26 07:49:02', 'desktop');
INSERT INTO streaming_history (user_id, song_id, played_at, device) VALUES (257, 1400, '2025-04-06 04:48:51', 'desktop');
INSERT INTO streaming_history (user_id, song_id, played_at, device) VALUES (92, 5055, '2025-05-27 11:23:23', 'tablet');
INSERT INTO streaming_history (user_id, song_id, played_at, device) VALUES (196, 1440, '2025-10-05 19:55:05', 'tablet');
INSERT INTO streaming_history (user_id, song_id, played_at, device) VALUES (33, 288, '2025-08-04 22:26:45', 'mobile');
INSERT INTO streaming_history (user_id, song_id, played_at, device) VALUES (52, 652, '2025-05-22 03:45:54', 'mobile');
INSERT INTO streaming_history (user_id, song_id, played_at, device) VALUES (234, 3871, '2025-09-04 19:56:01', 'tablet');
INSERT INTO streaming_history (user_id, song_id, played_at, device) VALUES (253, 1412, '2026-03-05 03:37:14', 'desktop');
INSERT INTO streaming_history (user_id, song_id, played_at, device) VALUES (69, 1891, '2025-09-21 18:51:11', 'smart_tv');
INSERT INTO streaming_history (user_id, song_id, played_at, device) VALUES (195, 5648, '2025-07-03 12:33:28', 'tablet');
INSERT INTO streaming_history (user_id, song_id, played_at, device) VALUES (111, 5470, '2026-02-26 16:25:01', 'desktop');
INSERT INTO streaming_history (user_id, song_id, played_at, device) VALUES (199, 2255, '2025-10-30 18:30:21', 'mobile');
INSERT INTO streaming_history (user_id, song_id, played_at, device) VALUES (285, 803, '2025-10-20 08:33:02', 'tablet');
INSERT INTO streaming_history (user_id, song_id, played_at, device) VALUES (209, 5296, '2025-08-17 11:59:59', 'mobile');
INSERT INTO streaming_history (user_id, song_id, played_at, device) VALUES (43, 968, '2025-07-31 12:04:08', 'desktop');
INSERT INTO streaming_history (user_id, song_id, played_at, device) VALUES (258, 562, '2025-08-03 07:08:51', 'desktop');
INSERT INTO streaming_history (user_id, song_id, played_at, device) VALUES (276, 3006, '2025-09-20 15:14:52', 'mobile');
INSERT INTO streaming_history (user_id, song_id, played_at, device) VALUES (131, 5079, '2025-09-19 15:35:43', 'smart_tv');
INSERT INTO streaming_history (user_id, song_id, played_at, device) VALUES (187, 4942, '2025-12-17 23:16:23', 'tablet');
INSERT INTO streaming_history (user_id, song_id, played_at, device) VALUES (53, 2169, '2025-10-23 01:56:15', 'mobile');
INSERT INTO streaming_history (user_id, song_id, played_at, device) VALUES (73, 5486, '2025-11-10 14:36:01', 'mobile');
INSERT INTO streaming_history (user_id, song_id, played_at, device) VALUES (46, 5742, '2025-12-30 15:20:33', 'smart_tv');
INSERT INTO streaming_history (user_id, song_id, played_at, device) VALUES (144, 1899, '2026-01-18 04:54:37', 'tablet');
INSERT INTO streaming_history (user_id, song_id, played_at, device) VALUES (161, 761, '2025-05-12 15:32:50', 'smart_tv');
INSERT INTO streaming_history (user_id, song_id, played_at, device) VALUES (246, 4873, '2025-05-07 14:02:53', 'tablet');
INSERT INTO streaming_history (user_id, song_id, played_at, device) VALUES (241, 5089, '2025-07-05 19:50:04', 'smart_tv');
INSERT INTO streaming_history (user_id, song_id, played_at, device) VALUES (149, 1603, '2025-05-07 21:36:53', 'smart_tv');
INSERT INTO streaming_history (user_id, song_id, played_at, device) VALUES (284, 4383, '2025-08-01 22:00:30', 'tablet');
INSERT INTO streaming_history (user_id, song_id, played_at, device) VALUES (11, 831, '2025-10-24 22:33:18', 'tablet');
INSERT INTO streaming_history (user_id, song_id, played_at, device) VALUES (64, 47, '2026-01-26 05:15:30', 'smart_tv');
INSERT INTO streaming_history (user_id, song_id, played_at, device) VALUES (22, 1318, '2025-07-12 04:44:00', 'mobile');
INSERT INTO streaming_history (user_id, song_id, played_at, device) VALUES (104, 4833, '2025-07-25 19:16:43', 'desktop');
INSERT INTO streaming_history (user_id, song_id, played_at, device) VALUES (156, 923, '2025-06-27 20:45:07', 'mobile');
INSERT INTO streaming_history (user_id, song_id, played_at, device) VALUES (39, 3616, '2025-05-08 15:21:40', 'smart_tv');
INSERT INTO streaming_history (user_id, song_id, played_at, device) VALUES (278, 1928, '2025-11-13 22:45:56', 'desktop');
INSERT INTO streaming_history (user_id, song_id, played_at, device) VALUES (173, 5018, '2025-10-01 04:11:07', 'tablet');
INSERT INTO streaming_history (user_id, song_id, played_at, device) VALUES (40, 459, '2025-06-05 03:49:04', 'smart_tv');
INSERT INTO streaming_history (user_id, song_id, played_at, device) VALUES (6, 1037, '2026-01-25 07:29:14', 'mobile');
INSERT INTO streaming_history (user_id, song_id, played_at, device) VALUES (172, 568, '2026-03-24 12:29:25', 'tablet');
INSERT INTO streaming_history (user_id, song_id, played_at, device) VALUES (50, 3759, '2025-06-28 23:27:13', 'smart_tv');
INSERT INTO streaming_history (user_id, song_id, played_at, device) VALUES (81, 5367, '2025-08-18 15:09:16', 'mobile');
INSERT INTO streaming_history (user_id, song_id, played_at, device) VALUES (265, 3813, '2026-03-19 13:35:39', 'smart_tv');
INSERT INTO streaming_history (user_id, song_id, played_at, device) VALUES (186, 1523, '2025-07-09 07:29:44', 'mobile');
INSERT INTO streaming_history (user_id, song_id, played_at, device) VALUES (192, 496, '2025-11-17 16:52:12', 'tablet');
INSERT INTO streaming_history (user_id, song_id, played_at, device) VALUES (227, 6024, '2025-10-07 01:53:50', 'mobile');
INSERT INTO streaming_history (user_id, song_id, played_at, device) VALUES (14, 626, '2026-01-30 12:40:29', 'smart_tv');
INSERT INTO streaming_history (user_id, song_id, played_at, device) VALUES (77, 5451, '2025-03-28 07:08:42', 'mobile');
INSERT INTO streaming_history (user_id, song_id, played_at, device) VALUES (139, 776, '2025-11-20 23:40:37', 'desktop');
INSERT INTO streaming_history (user_id, song_id, played_at, device) VALUES (101, 1142, '2025-07-20 21:05:38', 'smart_tv');
INSERT INTO streaming_history (user_id, song_id, played_at, device) VALUES (2, 5707, '2025-08-24 04:37:43', 'smart_tv');
INSERT INTO streaming_history (user_id, song_id, played_at, device) VALUES (109, 2404, '2026-01-01 01:32:48', 'mobile');
INSERT INTO streaming_history (user_id, song_id, played_at, device) VALUES (70, 4994, '2026-02-07 17:32:48', 'tablet');
INSERT INTO streaming_history (user_id, song_id, played_at, device) VALUES (173, 1379, '2025-10-20 07:33:04', 'desktop');
INSERT INTO streaming_history (user_id, song_id, played_at, device) VALUES (11, 1024, '2025-07-19 15:27:01', 'tablet');
INSERT INTO streaming_history (user_id, song_id, played_at, device) VALUES (63, 1558, '2025-09-06 15:05:49', 'mobile');
INSERT INTO streaming_history (user_id, song_id, played_at, device) VALUES (122, 3928, '2025-12-08 11:20:49', 'tablet');
INSERT INTO streaming_history (user_id, song_id, played_at, device) VALUES (238, 2298, '2025-08-26 21:05:58', 'mobile');
INSERT INTO streaming_history (user_id, song_id, played_at, device) VALUES (56, 2093, '2026-02-22 15:47:21', 'mobile');
INSERT INTO streaming_history (user_id, song_id, played_at, device) VALUES (250, 895, '2025-04-17 12:55:22', 'desktop');
INSERT INTO streaming_history (user_id, song_id, played_at, device) VALUES (255, 414, '2025-06-11 05:41:25', 'smart_tv');
INSERT INTO streaming_history (user_id, song_id, played_at, device) VALUES (277, 5847, '2025-12-13 23:32:52', 'tablet');
INSERT INTO streaming_history (user_id, song_id, played_at, device) VALUES (8, 6072, '2025-08-28 02:21:50', 'tablet');
INSERT INTO streaming_history (user_id, song_id, played_at, device) VALUES (58, 5952, '2025-12-08 15:56:10', 'tablet');
INSERT INTO streaming_history (user_id, song_id, played_at, device) VALUES (100, 4476, '2025-10-14 06:44:48', 'tablet');
INSERT INTO streaming_history (user_id, song_id, played_at, device) VALUES (237, 2019, '2025-10-28 03:23:54', 'mobile');
INSERT INTO streaming_history (user_id, song_id, played_at, device) VALUES (289, 5539, '2025-06-20 23:15:36', 'tablet');
INSERT INTO streaming_history (user_id, song_id, played_at, device) VALUES (83, 4517, '2026-01-30 17:45:31', 'desktop');
INSERT INTO streaming_history (user_id, song_id, played_at, device) VALUES (292, 1183, '2025-06-29 02:59:41', 'smart_tv');
INSERT INTO streaming_history (user_id, song_id, played_at, device) VALUES (199, 1312, '2026-01-21 09:31:00', 'mobile');
INSERT INTO streaming_history (user_id, song_id, played_at, device) VALUES (94, 1463, '2026-02-08 03:10:36', 'mobile');
INSERT INTO streaming_history (user_id, song_id, played_at, device) VALUES (49, 5387, '2025-04-08 00:10:14', 'smart_tv');
INSERT INTO streaming_history (user_id, song_id, played_at, device) VALUES (82, 199, '2025-06-29 04:40:31', 'mobile');
INSERT INTO streaming_history (user_id, song_id, played_at, device) VALUES (228, 3227, '2025-05-12 07:38:31', 'mobile');
INSERT INTO streaming_history (user_id, song_id, played_at, device) VALUES (150, 1697, '2025-11-12 10:48:50', 'desktop');
INSERT INTO streaming_history (user_id, song_id, played_at, device) VALUES (289, 5038, '2025-06-25 17:08:18', 'desktop');
INSERT INTO streaming_history (user_id, song_id, played_at, device) VALUES (267, 994, '2025-04-22 12:34:15', 'tablet');
INSERT INTO streaming_history (user_id, song_id, played_at, device) VALUES (295, 2887, '2025-05-10 23:11:33', 'desktop');
INSERT INTO streaming_history (user_id, song_id, played_at, device) VALUES (116, 1614, '2025-07-18 10:54:40', 'desktop');
INSERT INTO streaming_history (user_id, song_id, played_at, device) VALUES (289, 37, '2025-05-23 06:51:44', 'smart_tv');
INSERT INTO streaming_history (user_id, song_id, played_at, device) VALUES (166, 2641, '2026-02-15 20:48:56', 'smart_tv');
INSERT INTO streaming_history (user_id, song_id, played_at, device) VALUES (255, 6019, '2025-03-27 08:07:58', 'mobile');
INSERT INTO streaming_history (user_id, song_id, played_at, device) VALUES (230, 5767, '2025-07-11 23:54:38', 'desktop');
INSERT INTO streaming_history (user_id, song_id, played_at, device) VALUES (58, 5122, '2025-06-01 21:59:30', 'desktop');
INSERT INTO streaming_history (user_id, song_id, played_at, device) VALUES (147, 1920, '2026-01-20 20:17:25', 'smart_tv');
INSERT INTO streaming_history (user_id, song_id, played_at, device) VALUES (198, 2970, '2025-09-14 09:03:05', 'smart_tv');
INSERT INTO streaming_history (user_id, song_id, played_at, device) VALUES (277, 4937, '2025-08-18 04:50:25', 'tablet');
INSERT INTO streaming_history (user_id, song_id, played_at, device) VALUES (187, 5712, '2025-04-29 00:16:57', 'desktop');
INSERT INTO streaming_history (user_id, song_id, played_at, device) VALUES (144, 428, '2025-05-13 04:46:07', 'smart_tv');
INSERT INTO streaming_history (user_id, song_id, played_at, device) VALUES (276, 261, '2025-05-10 04:18:08', 'tablet');
INSERT INTO streaming_history (user_id, song_id, played_at, device) VALUES (171, 2273, '2025-04-03 11:02:55', 'desktop');
INSERT INTO streaming_history (user_id, song_id, played_at, device) VALUES (253, 2581, '2026-01-23 16:01:04', 'smart_tv');
INSERT INTO streaming_history (user_id, song_id, played_at, device) VALUES (52, 2196, '2025-06-08 01:44:10', 'tablet');
INSERT INTO streaming_history (user_id, song_id, played_at, device) VALUES (198, 5260, '2025-05-25 01:45:04', 'desktop');
INSERT INTO streaming_history (user_id, song_id, played_at, device) VALUES (285, 952, '2025-07-11 21:37:40', 'desktop');
INSERT INTO streaming_history (user_id, song_id, played_at, device) VALUES (154, 6050, '2025-09-01 19:42:06', 'tablet');
INSERT INTO streaming_history (user_id, song_id, played_at, device) VALUES (47, 3363, '2025-05-31 07:52:29', 'smart_tv');
INSERT INTO streaming_history (user_id, song_id, played_at, device) VALUES (218, 3135, '2025-12-07 23:59:46', 'smart_tv');
INSERT INTO streaming_history (user_id, song_id, played_at, device) VALUES (270, 1978, '2026-01-25 08:13:45', 'smart_tv');
INSERT INTO streaming_history (user_id, song_id, played_at, device) VALUES (245, 1946, '2025-11-23 22:57:40', 'smart_tv');
INSERT INTO streaming_history (user_id, song_id, played_at, device) VALUES (39, 2266, '2025-08-27 19:06:16', 'smart_tv');
INSERT INTO streaming_history (user_id, song_id, played_at, device) VALUES (30, 142, '2025-04-20 12:37:24', 'desktop');
INSERT INTO streaming_history (user_id, song_id, played_at, device) VALUES (249, 1909, '2025-11-03 01:54:42', 'smart_tv');
INSERT INTO streaming_history (user_id, song_id, played_at, device) VALUES (253, 5331, '2025-07-04 12:37:57', 'tablet');
INSERT INTO streaming_history (user_id, song_id, played_at, device) VALUES (278, 716, '2025-06-19 09:30:04', 'mobile');
INSERT INTO streaming_history (user_id, song_id, played_at, device) VALUES (204, 4198, '2026-01-23 05:15:17', 'desktop');
INSERT INTO streaming_history (user_id, song_id, played_at, device) VALUES (34, 5515, '2026-01-09 12:23:13', 'smart_tv');
INSERT INTO streaming_history (user_id, song_id, played_at, device) VALUES (90, 1108, '2025-11-22 15:23:59', 'desktop');
INSERT INTO streaming_history (user_id, song_id, played_at, device) VALUES (119, 2011, '2025-11-06 20:18:11', 'desktop');
INSERT INTO streaming_history (user_id, song_id, played_at, device) VALUES (183, 850, '2025-10-29 11:46:28', 'smart_tv');
INSERT INTO streaming_history (user_id, song_id, played_at, device) VALUES (264, 4438, '2025-04-27 05:08:10', 'smart_tv');
INSERT INTO streaming_history (user_id, song_id, played_at, device) VALUES (202, 3596, '2025-11-07 16:33:53', 'smart_tv');
INSERT INTO streaming_history (user_id, song_id, played_at, device) VALUES (194, 792, '2025-07-19 16:00:45', 'smart_tv');
INSERT INTO streaming_history (user_id, song_id, played_at, device) VALUES (79, 2218, '2025-08-29 11:04:26', 'smart_tv');
INSERT INTO streaming_history (user_id, song_id, played_at, device) VALUES (286, 1717, '2025-11-03 03:01:44', 'tablet');
INSERT INTO streaming_history (user_id, song_id, played_at, device) VALUES (205, 4794, '2026-02-09 20:11:56', 'tablet');
INSERT INTO streaming_history (user_id, song_id, played_at, device) VALUES (41, 2631, '2025-08-16 13:58:20', 'smart_tv');
INSERT INTO streaming_history (user_id, song_id, played_at, device) VALUES (231, 10, '2025-08-12 05:40:31', 'desktop');
INSERT INTO streaming_history (user_id, song_id, played_at, device) VALUES (55, 993, '2026-01-29 23:43:25', 'mobile');
INSERT INTO streaming_history (user_id, song_id, played_at, device) VALUES (187, 3221, '2025-12-19 15:57:13', 'mobile');
INSERT INTO streaming_history (user_id, song_id, played_at, device) VALUES (279, 2177, '2026-01-05 02:13:27', 'smart_tv');
INSERT INTO streaming_history (user_id, song_id, played_at, device) VALUES (127, 4875, '2025-11-23 01:27:45', 'tablet');
INSERT INTO streaming_history (user_id, song_id, played_at, device) VALUES (137, 2595, '2025-07-13 13:30:50', 'desktop');
INSERT INTO streaming_history (user_id, song_id, played_at, device) VALUES (161, 3445, '2025-08-04 00:54:21', 'desktop');
INSERT INTO streaming_history (user_id, song_id, played_at, device) VALUES (135, 4317, '2025-11-29 06:12:53', 'tablet');
INSERT INTO streaming_history (user_id, song_id, played_at, device) VALUES (192, 2952, '2025-10-27 00:24:15', 'smart_tv');
INSERT INTO streaming_history (user_id, song_id, played_at, device) VALUES (140, 6123, '2026-01-24 05:23:18', 'mobile');
INSERT INTO streaming_history (user_id, song_id, played_at, device) VALUES (119, 1728, '2026-02-16 12:20:11', 'desktop');
INSERT INTO streaming_history (user_id, song_id, played_at, device) VALUES (210, 2832, '2026-03-08 13:32:30', 'desktop');
INSERT INTO streaming_history (user_id, song_id, played_at, device) VALUES (235, 6081, '2025-05-27 03:38:14', 'mobile');
INSERT INTO streaming_history (user_id, song_id, played_at, device) VALUES (150, 4129, '2025-11-05 16:42:11', 'desktop');
INSERT INTO streaming_history (user_id, song_id, played_at, device) VALUES (295, 3912, '2025-09-21 22:33:37', 'mobile');
INSERT INTO streaming_history (user_id, song_id, played_at, device) VALUES (143, 5483, '2025-11-02 07:07:22', 'desktop');
INSERT INTO streaming_history (user_id, song_id, played_at, device) VALUES (104, 3173, '2025-10-07 08:57:24', 'mobile');
INSERT INTO streaming_history (user_id, song_id, played_at, device) VALUES (141, 1323, '2025-10-28 22:20:20', 'mobile');
INSERT INTO streaming_history (user_id, song_id, played_at, device) VALUES (218, 448, '2025-10-01 17:45:09', 'mobile');
INSERT INTO streaming_history (user_id, song_id, played_at, device) VALUES (236, 3012, '2025-09-23 21:13:37', 'tablet');
INSERT INTO streaming_history (user_id, song_id, played_at, device) VALUES (26, 3932, '2025-04-26 08:07:45', 'tablet');
INSERT INTO streaming_history (user_id, song_id, played_at, device) VALUES (207, 1802, '2025-05-17 20:49:37', 'smart_tv');
INSERT INTO streaming_history (user_id, song_id, played_at, device) VALUES (183, 5764, '2026-03-24 16:15:34', 'mobile');
INSERT INTO streaming_history (user_id, song_id, played_at, device) VALUES (9, 2486, '2025-09-13 20:23:55', 'smart_tv');
INSERT INTO streaming_history (user_id, song_id, played_at, device) VALUES (247, 1535, '2026-03-17 10:16:32', 'smart_tv');
INSERT INTO streaming_history (user_id, song_id, played_at, device) VALUES (256, 3395, '2025-04-26 04:23:47', 'smart_tv');
INSERT INTO streaming_history (user_id, song_id, played_at, device) VALUES (69, 3687, '2026-01-05 15:55:36', 'smart_tv');
INSERT INTO streaming_history (user_id, song_id, played_at, device) VALUES (124, 1218, '2025-04-09 20:01:48', 'desktop');
INSERT INTO streaming_history (user_id, song_id, played_at, device) VALUES (142, 945, '2025-09-12 02:30:35', 'mobile');
INSERT INTO streaming_history (user_id, song_id, played_at, device) VALUES (7, 5796, '2026-01-26 23:48:12', 'desktop');
INSERT INTO streaming_history (user_id, song_id, played_at, device) VALUES (248, 3294, '2026-02-24 04:17:51', 'desktop');
INSERT INTO streaming_history (user_id, song_id, played_at, device) VALUES (135, 5194, '2025-12-04 14:02:26', 'tablet');
INSERT INTO streaming_history (user_id, song_id, played_at, device) VALUES (158, 5684, '2025-05-10 10:14:30', 'smart_tv');
INSERT INTO streaming_history (user_id, song_id, played_at, device) VALUES (9, 2970, '2025-08-01 22:06:18', 'tablet');
INSERT INTO streaming_history (user_id, song_id, played_at, device) VALUES (258, 4698, '2025-11-17 00:52:21', 'mobile');
INSERT INTO streaming_history (user_id, song_id, played_at, device) VALUES (34, 3660, '2025-08-25 23:49:38', 'smart_tv');
INSERT INTO streaming_history (user_id, song_id, played_at, device) VALUES (51, 4833, '2025-09-02 06:11:09', 'mobile');
INSERT INTO streaming_history (user_id, song_id, played_at, device) VALUES (165, 2982, '2025-11-19 17:01:49', 'tablet');
INSERT INTO streaming_history (user_id, song_id, played_at, device) VALUES (89, 2589, '2026-01-18 12:52:37', 'smart_tv');
INSERT INTO streaming_history (user_id, song_id, played_at, device) VALUES (134, 3278, '2025-10-08 22:32:23', 'smart_tv');
INSERT INTO streaming_history (user_id, song_id, played_at, device) VALUES (136, 5769, '2025-12-12 00:31:16', 'mobile');
INSERT INTO streaming_history (user_id, song_id, played_at, device) VALUES (130, 2527, '2025-08-04 11:23:00', 'tablet');
INSERT INTO streaming_history (user_id, song_id, played_at, device) VALUES (150, 5393, '2025-11-28 20:53:58', 'smart_tv');
INSERT INTO streaming_history (user_id, song_id, played_at, device) VALUES (112, 3177, '2025-06-30 10:59:40', 'tablet');
INSERT INTO streaming_history (user_id, song_id, played_at, device) VALUES (145, 3593, '2025-09-16 06:13:51', 'desktop');
INSERT INTO streaming_history (user_id, song_id, played_at, device) VALUES (162, 505, '2025-05-01 01:35:14', 'tablet');
INSERT INTO streaming_history (user_id, song_id, played_at, device) VALUES (121, 447, '2025-10-15 21:47:02', 'smart_tv');
INSERT INTO streaming_history (user_id, song_id, played_at, device) VALUES (4, 5546, '2025-12-05 01:38:50', 'mobile');
INSERT INTO streaming_history (user_id, song_id, played_at, device) VALUES (14, 1089, '2025-07-18 07:32:05', 'smart_tv');
INSERT INTO streaming_history (user_id, song_id, played_at, device) VALUES (48, 1383, '2026-02-28 02:36:10', 'tablet');
INSERT INTO streaming_history (user_id, song_id, played_at, device) VALUES (254, 1162, '2025-04-28 08:04:15', 'smart_tv');
INSERT INTO streaming_history (user_id, song_id, played_at, device) VALUES (96, 2826, '2025-12-15 14:47:55', 'tablet');
INSERT INTO streaming_history (user_id, song_id, played_at, device) VALUES (219, 711, '2026-01-23 04:56:42', 'desktop');
INSERT INTO streaming_history (user_id, song_id, played_at, device) VALUES (28, 4474, '2025-10-14 14:15:07', 'mobile');
INSERT INTO streaming_history (user_id, song_id, played_at, device) VALUES (178, 4332, '2025-09-23 23:24:14', 'mobile');
INSERT INTO streaming_history (user_id, song_id, played_at, device) VALUES (1, 5001, '2025-11-24 15:50:03', 'tablet');
INSERT INTO streaming_history (user_id, song_id, played_at, device) VALUES (128, 1822, '2025-08-30 05:42:23', 'mobile');
INSERT INTO streaming_history (user_id, song_id, played_at, device) VALUES (51, 1272, '2025-11-08 08:46:40', 'desktop');
INSERT INTO streaming_history (user_id, song_id, played_at, device) VALUES (234, 2927, '2025-05-18 01:55:22', 'tablet');
INSERT INTO streaming_history (user_id, song_id, played_at, device) VALUES (225, 4953, '2025-08-14 04:55:36', 'tablet');
INSERT INTO streaming_history (user_id, song_id, played_at, device) VALUES (273, 3225, '2025-06-07 07:00:50', 'desktop');
INSERT INTO streaming_history (user_id, song_id, played_at, device) VALUES (47, 3637, '2025-12-20 11:13:33', 'desktop');
INSERT INTO streaming_history (user_id, song_id, played_at, device) VALUES (66, 5280, '2025-10-07 15:39:25', 'smart_tv');
INSERT INTO streaming_history (user_id, song_id, played_at, device) VALUES (191, 1152, '2025-11-08 13:56:03', 'tablet');
INSERT INTO streaming_history (user_id, song_id, played_at, device) VALUES (81, 5315, '2025-11-03 20:00:02', 'desktop');
INSERT INTO streaming_history (user_id, song_id, played_at, device) VALUES (28, 5754, '2025-12-07 06:58:15', 'desktop');
INSERT INTO streaming_history (user_id, song_id, played_at, device) VALUES (96, 4691, '2025-10-26 08:52:43', 'mobile');
INSERT INTO streaming_history (user_id, song_id, played_at, device) VALUES (20, 1181, '2025-04-07 01:53:59', 'smart_tv');
INSERT INTO streaming_history (user_id, song_id, played_at, device) VALUES (76, 5960, '2026-01-28 00:03:48', 'tablet');
INSERT INTO streaming_history (user_id, song_id, played_at, device) VALUES (269, 3291, '2025-05-09 00:29:17', 'mobile');
INSERT INTO streaming_history (user_id, song_id, played_at, device) VALUES (49, 254, '2026-01-22 11:34:25', 'tablet');
INSERT INTO streaming_history (user_id, song_id, played_at, device) VALUES (4, 6059, '2026-03-24 00:20:15', 'desktop');
INSERT INTO streaming_history (user_id, song_id, played_at, device) VALUES (79, 3389, '2025-11-18 08:07:45', 'desktop');
INSERT INTO streaming_history (user_id, song_id, played_at, device) VALUES (285, 1142, '2025-10-24 22:54:00', 'smart_tv');
INSERT INTO streaming_history (user_id, song_id, played_at, device) VALUES (228, 3946, '2025-05-29 16:39:54', 'tablet');
INSERT INTO streaming_history (user_id, song_id, played_at, device) VALUES (117, 4415, '2026-02-24 12:20:16', 'smart_tv');
INSERT INTO streaming_history (user_id, song_id, played_at, device) VALUES (249, 2084, '2025-12-06 06:50:30', 'tablet');
INSERT INTO streaming_history (user_id, song_id, played_at, device) VALUES (270, 3345, '2025-07-09 03:34:12', 'smart_tv');
INSERT INTO streaming_history (user_id, song_id, played_at, device) VALUES (132, 2439, '2026-01-14 19:10:45', 'desktop');
INSERT INTO streaming_history (user_id, song_id, played_at, device) VALUES (165, 3904, '2025-11-13 20:34:52', 'mobile');
INSERT INTO streaming_history (user_id, song_id, played_at, device) VALUES (91, 1122, '2025-08-16 03:32:49', 'tablet');
INSERT INTO streaming_history (user_id, song_id, played_at, device) VALUES (24, 2479, '2025-05-14 18:25:16', 'desktop');
INSERT INTO streaming_history (user_id, song_id, played_at, device) VALUES (178, 2187, '2025-10-14 04:25:52', 'tablet');
INSERT INTO streaming_history (user_id, song_id, played_at, device) VALUES (236, 2083, '2025-09-24 02:23:20', 'mobile');
INSERT INTO streaming_history (user_id, song_id, played_at, device) VALUES (3, 5943, '2025-09-28 04:19:31', 'smart_tv');
INSERT INTO streaming_history (user_id, song_id, played_at, device) VALUES (92, 5530, '2025-06-20 02:37:46', 'desktop');
INSERT INTO streaming_history (user_id, song_id, played_at, device) VALUES (155, 1028, '2025-06-14 13:57:09', 'smart_tv');
INSERT INTO streaming_history (user_id, song_id, played_at, device) VALUES (97, 5562, '2025-10-10 01:32:05', 'desktop');
INSERT INTO streaming_history (user_id, song_id, played_at, device) VALUES (204, 2093, '2025-11-26 09:38:10', 'desktop');
INSERT INTO streaming_history (user_id, song_id, played_at, device) VALUES (299, 2931, '2025-10-30 07:45:28', 'smart_tv');
INSERT INTO streaming_history (user_id, song_id, played_at, device) VALUES (242, 1425, '2025-05-04 01:30:58', 'mobile');
INSERT INTO streaming_history (user_id, song_id, played_at, device) VALUES (55, 869, '2025-09-25 08:13:55', 'tablet');
INSERT INTO streaming_history (user_id, song_id, played_at, device) VALUES (18, 5253, '2025-09-13 09:52:47', 'desktop');
INSERT INTO streaming_history (user_id, song_id, played_at, device) VALUES (248, 3017, '2025-05-22 18:24:12', 'desktop');
INSERT INTO streaming_history (user_id, song_id, played_at, device) VALUES (241, 3388, '2025-09-23 22:40:21', 'smart_tv');
INSERT INTO streaming_history (user_id, song_id, played_at, device) VALUES (119, 1714, '2026-03-08 11:07:16', 'desktop');
INSERT INTO streaming_history (user_id, song_id, played_at, device) VALUES (120, 1821, '2025-11-18 10:21:24', 'desktop');
INSERT INTO streaming_history (user_id, song_id, played_at, device) VALUES (190, 5939, '2026-03-23 21:07:52', 'smart_tv');
INSERT INTO streaming_history (user_id, song_id, played_at, device) VALUES (138, 5832, '2026-01-29 19:19:13', 'mobile');
INSERT INTO streaming_history (user_id, song_id, played_at, device) VALUES (204, 2856, '2025-04-12 05:58:37', 'tablet');
INSERT INTO streaming_history (user_id, song_id, played_at, device) VALUES (294, 4342, '2026-03-06 20:34:15', 'smart_tv');
INSERT INTO streaming_history (user_id, song_id, played_at, device) VALUES (297, 5566, '2025-10-09 22:29:35', 'mobile');
INSERT INTO streaming_history (user_id, song_id, played_at, device) VALUES (249, 507, '2025-08-22 06:23:09', 'smart_tv');
INSERT INTO streaming_history (user_id, song_id, played_at, device) VALUES (46, 4658, '2025-09-23 09:14:20', 'desktop');
INSERT INTO streaming_history (user_id, song_id, played_at, device) VALUES (139, 936, '2025-09-23 03:01:20', 'desktop');
INSERT INTO streaming_history (user_id, song_id, played_at, device) VALUES (272, 4820, '2025-09-07 11:42:31', 'mobile');
INSERT INTO streaming_history (user_id, song_id, played_at, device) VALUES (168, 1315, '2026-01-26 15:03:17', 'tablet');
INSERT INTO streaming_history (user_id, song_id, played_at, device) VALUES (284, 2165, '2025-07-02 07:53:06', 'smart_tv');
INSERT INTO streaming_history (user_id, song_id, played_at, device) VALUES (215, 2996, '2025-07-01 12:53:46', 'tablet');
INSERT INTO streaming_history (user_id, song_id, played_at, device) VALUES (145, 519, '2026-01-18 06:03:28', 'smart_tv');
INSERT INTO streaming_history (user_id, song_id, played_at, device) VALUES (56, 5491, '2025-11-14 18:59:15', 'desktop');
INSERT INTO streaming_history (user_id, song_id, played_at, device) VALUES (94, 2710, '2025-04-13 03:31:38', 'desktop');
INSERT INTO streaming_history (user_id, song_id, played_at, device) VALUES (192, 1965, '2025-06-26 08:15:14', 'smart_tv');
INSERT INTO streaming_history (user_id, song_id, played_at, device) VALUES (264, 188, '2025-07-07 05:11:30', 'desktop');
INSERT INTO streaming_history (user_id, song_id, played_at, device) VALUES (126, 2244, '2025-12-12 00:56:59', 'mobile');
INSERT INTO streaming_history (user_id, song_id, played_at, device) VALUES (125, 1573, '2025-10-19 11:17:04', 'smart_tv');
INSERT INTO streaming_history (user_id, song_id, played_at, device) VALUES (27, 3040, '2025-10-14 16:17:43', 'smart_tv');
INSERT INTO streaming_history (user_id, song_id, played_at, device) VALUES (227, 913, '2025-08-21 20:44:22', 'mobile');
INSERT INTO streaming_history (user_id, song_id, played_at, device) VALUES (250, 5647, '2026-01-05 13:33:23', 'desktop');
INSERT INTO streaming_history (user_id, song_id, played_at, device) VALUES (1, 5161, '2025-08-08 17:59:58', 'tablet');
INSERT INTO streaming_history (user_id, song_id, played_at, device) VALUES (253, 3004, '2025-06-21 08:12:22', 'desktop');
INSERT INTO streaming_history (user_id, song_id, played_at, device) VALUES (147, 5643, '2026-01-13 01:32:33', 'mobile');
INSERT INTO streaming_history (user_id, song_id, played_at, device) VALUES (98, 4397, '2025-05-02 17:07:27', 'desktop');
INSERT INTO streaming_history (user_id, song_id, played_at, device) VALUES (242, 2620, '2026-03-16 17:56:06', 'tablet');
INSERT INTO streaming_history (user_id, song_id, played_at, device) VALUES (118, 2122, '2025-04-19 22:57:12', 'tablet');
INSERT INTO streaming_history (user_id, song_id, played_at, device) VALUES (281, 4559, '2026-03-15 22:22:33', 'smart_tv');
INSERT INTO streaming_history (user_id, song_id, played_at, device) VALUES (239, 1046, '2026-01-06 18:40:56', 'mobile');
INSERT INTO streaming_history (user_id, song_id, played_at, device) VALUES (119, 4245, '2025-11-03 08:06:52', 'smart_tv');
INSERT INTO streaming_history (user_id, song_id, played_at, device) VALUES (79, 805, '2025-05-30 08:19:57', 'mobile');
INSERT INTO streaming_history (user_id, song_id, played_at, device) VALUES (203, 2773, '2025-06-03 22:53:47', 'tablet');
INSERT INTO streaming_history (user_id, song_id, played_at, device) VALUES (48, 4857, '2026-03-19 03:01:18', 'mobile');
INSERT INTO streaming_history (user_id, song_id, played_at, device) VALUES (272, 2850, '2025-10-22 07:58:09', 'smart_tv');
INSERT INTO streaming_history (user_id, song_id, played_at, device) VALUES (70, 4172, '2025-10-08 23:38:13', 'mobile');
INSERT INTO streaming_history (user_id, song_id, played_at, device) VALUES (216, 2570, '2025-05-21 19:01:14', 'desktop');
INSERT INTO streaming_history (user_id, song_id, played_at, device) VALUES (183, 1773, '2025-06-03 00:23:15', 'smart_tv');
INSERT INTO streaming_history (user_id, song_id, played_at, device) VALUES (4, 3246, '2025-11-05 15:13:42', 'tablet');
INSERT INTO streaming_history (user_id, song_id, played_at, device) VALUES (22, 4117, '2025-07-20 09:53:38', 'mobile');
INSERT INTO streaming_history (user_id, song_id, played_at, device) VALUES (193, 1932, '2026-01-06 23:02:20', 'smart_tv');
INSERT INTO streaming_history (user_id, song_id, played_at, device) VALUES (261, 2321, '2025-10-24 10:44:46', 'smart_tv');
INSERT INTO streaming_history (user_id, song_id, played_at, device) VALUES (154, 4421, '2025-11-17 22:14:05', 'mobile');
INSERT INTO streaming_history (user_id, song_id, played_at, device) VALUES (73, 5008, '2025-09-17 07:50:01', 'tablet');
INSERT INTO streaming_history (user_id, song_id, played_at, device) VALUES (247, 686, '2025-11-08 00:46:24', 'tablet');
INSERT INTO streaming_history (user_id, song_id, played_at, device) VALUES (286, 988, '2025-12-12 14:10:06', 'desktop');
INSERT INTO streaming_history (user_id, song_id, played_at, device) VALUES (132, 1772, '2026-02-24 03:16:04', 'tablet');
INSERT INTO streaming_history (user_id, song_id, played_at, device) VALUES (108, 5699, '2025-03-30 04:28:29', 'tablet');
INSERT INTO streaming_history (user_id, song_id, played_at, device) VALUES (169, 5224, '2025-12-27 10:13:15', 'tablet');
INSERT INTO streaming_history (user_id, song_id, played_at, device) VALUES (147, 1462, '2025-12-26 22:57:58', 'desktop');
INSERT INTO streaming_history (user_id, song_id, played_at, device) VALUES (259, 800, '2025-10-23 01:13:04', 'mobile');
INSERT INTO streaming_history (user_id, song_id, played_at, device) VALUES (246, 1332, '2026-02-06 08:36:32', 'tablet');
INSERT INTO streaming_history (user_id, song_id, played_at, device) VALUES (225, 843, '2025-07-16 02:22:58', 'smart_tv');
INSERT INTO streaming_history (user_id, song_id, played_at, device) VALUES (32, 5177, '2025-08-08 22:30:15', 'smart_tv');
INSERT INTO streaming_history (user_id, song_id, played_at, device) VALUES (169, 1791, '2025-08-11 20:27:55', 'mobile');
INSERT INTO streaming_history (user_id, song_id, played_at, device) VALUES (34, 6080, '2025-05-06 08:18:34', 'desktop');
INSERT INTO streaming_history (user_id, song_id, played_at, device) VALUES (103, 3498, '2025-09-23 13:39:54', 'tablet');
INSERT INTO streaming_history (user_id, song_id, played_at, device) VALUES (142, 5221, '2025-11-21 02:41:00', 'desktop');
INSERT INTO streaming_history (user_id, song_id, played_at, device) VALUES (21, 398, '2025-05-15 19:47:14', 'tablet');
INSERT INTO streaming_history (user_id, song_id, played_at, device) VALUES (89, 2285, '2025-11-12 02:55:46', 'tablet');
INSERT INTO streaming_history (user_id, song_id, played_at, device) VALUES (133, 5473, '2025-05-06 17:09:18', 'smart_tv');
INSERT INTO streaming_history (user_id, song_id, played_at, device) VALUES (110, 1179, '2025-04-10 08:10:19', 'desktop');
INSERT INTO streaming_history (user_id, song_id, played_at, device) VALUES (55, 3882, '2025-06-07 06:55:37', 'desktop');
INSERT INTO streaming_history (user_id, song_id, played_at, device) VALUES (18, 2776, '2025-10-08 20:37:54', 'mobile');
INSERT INTO streaming_history (user_id, song_id, played_at, device) VALUES (41, 117, '2025-09-11 17:18:45', 'mobile');
INSERT INTO streaming_history (user_id, song_id, played_at, device) VALUES (163, 4703, '2026-02-25 06:57:28', 'smart_tv');
INSERT INTO streaming_history (user_id, song_id, played_at, device) VALUES (76, 5156, '2025-04-03 11:28:27', 'desktop');
INSERT INTO streaming_history (user_id, song_id, played_at, device) VALUES (269, 5209, '2025-04-29 08:52:46', 'smart_tv');
INSERT INTO streaming_history (user_id, song_id, played_at, device) VALUES (61, 3281, '2025-05-03 22:53:22', 'tablet');
INSERT INTO streaming_history (user_id, song_id, played_at, device) VALUES (83, 2329, '2025-09-13 12:42:45', 'mobile');
INSERT INTO streaming_history (user_id, song_id, played_at, device) VALUES (162, 4597, '2025-09-02 16:27:29', 'tablet');
INSERT INTO streaming_history (user_id, song_id, played_at, device) VALUES (4, 233, '2025-05-28 01:37:40', 'desktop');
INSERT INTO streaming_history (user_id, song_id, played_at, device) VALUES (282, 724, '2026-03-15 14:17:03', 'desktop');
INSERT INTO streaming_history (user_id, song_id, played_at, device) VALUES (45, 5570, '2025-05-10 06:47:30', 'mobile');
INSERT INTO streaming_history (user_id, song_id, played_at, device) VALUES (194, 803, '2025-09-03 16:09:38', 'smart_tv');
INSERT INTO streaming_history (user_id, song_id, played_at, device) VALUES (81, 2022, '2025-10-21 04:54:38', 'mobile');
INSERT INTO streaming_history (user_id, song_id, played_at, device) VALUES (213, 2212, '2025-08-27 19:19:17', 'mobile');
INSERT INTO streaming_history (user_id, song_id, played_at, device) VALUES (300, 3312, '2025-10-15 20:30:57', 'mobile');
INSERT INTO streaming_history (user_id, song_id, played_at, device) VALUES (65, 43, '2025-07-29 05:17:27', 'tablet');
INSERT INTO streaming_history (user_id, song_id, played_at, device) VALUES (277, 5453, '2025-08-05 04:12:16', 'desktop');
INSERT INTO streaming_history (user_id, song_id, played_at, device) VALUES (254, 136, '2025-09-10 05:55:32', 'tablet');
INSERT INTO streaming_history (user_id, song_id, played_at, device) VALUES (164, 1534, '2026-01-14 17:29:49', 'mobile');
INSERT INTO streaming_history (user_id, song_id, played_at, device) VALUES (267, 392, '2025-03-30 20:27:05', 'smart_tv');
INSERT INTO streaming_history (user_id, song_id, played_at, device) VALUES (179, 3496, '2025-07-24 05:34:54', 'desktop');
INSERT INTO streaming_history (user_id, song_id, played_at, device) VALUES (95, 481, '2025-04-29 15:45:46', 'mobile');
INSERT INTO streaming_history (user_id, song_id, played_at, device) VALUES (135, 2521, '2025-09-24 14:37:18', 'tablet');
INSERT INTO streaming_history (user_id, song_id, played_at, device) VALUES (75, 5253, '2025-03-27 19:41:03', 'tablet');
INSERT INTO streaming_history (user_id, song_id, played_at, device) VALUES (124, 1831, '2025-04-25 06:55:20', 'tablet');
INSERT INTO streaming_history (user_id, song_id, played_at, device) VALUES (222, 355, '2026-02-17 13:54:47', 'smart_tv');
INSERT INTO streaming_history (user_id, song_id, played_at, device) VALUES (8, 841, '2025-07-08 00:37:22', 'smart_tv');
INSERT INTO streaming_history (user_id, song_id, played_at, device) VALUES (187, 4356, '2025-07-11 22:30:08', 'desktop');
INSERT INTO streaming_history (user_id, song_id, played_at, device) VALUES (16, 580, '2026-01-18 18:56:46', 'mobile');
INSERT INTO streaming_history (user_id, song_id, played_at, device) VALUES (101, 4110, '2025-08-02 04:14:11', 'smart_tv');
INSERT INTO streaming_history (user_id, song_id, played_at, device) VALUES (288, 4105, '2025-04-30 22:50:03', 'desktop');
INSERT INTO streaming_history (user_id, song_id, played_at, device) VALUES (239, 917, '2025-06-19 08:27:55', 'smart_tv');
INSERT INTO streaming_history (user_id, song_id, played_at, device) VALUES (126, 5408, '2025-12-30 18:45:35', 'desktop');
INSERT INTO streaming_history (user_id, song_id, played_at, device) VALUES (152, 1541, '2025-08-21 18:50:19', 'tablet');
INSERT INTO streaming_history (user_id, song_id, played_at, device) VALUES (109, 627, '2025-08-11 19:53:47', 'smart_tv');
INSERT INTO streaming_history (user_id, song_id, played_at, device) VALUES (281, 1088, '2026-01-06 18:34:07', 'mobile');
INSERT INTO streaming_history (user_id, song_id, played_at, device) VALUES (295, 4778, '2025-06-29 00:05:19', 'smart_tv');
INSERT INTO streaming_history (user_id, song_id, played_at, device) VALUES (178, 2049, '2026-02-23 07:57:13', 'desktop');
INSERT INTO streaming_history (user_id, song_id, played_at, device) VALUES (272, 3000, '2025-09-12 13:52:10', 'desktop');
INSERT INTO streaming_history (user_id, song_id, played_at, device) VALUES (121, 5593, '2025-11-02 16:26:23', 'tablet');
INSERT INTO streaming_history (user_id, song_id, played_at, device) VALUES (151, 5961, '2026-01-12 09:30:00', 'tablet');
INSERT INTO streaming_history (user_id, song_id, played_at, device) VALUES (132, 3198, '2025-06-27 13:07:23', 'smart_tv');
INSERT INTO streaming_history (user_id, song_id, played_at, device) VALUES (276, 1464, '2025-08-06 17:13:50', 'tablet');
INSERT INTO streaming_history (user_id, song_id, played_at, device) VALUES (27, 5571, '2025-06-09 15:07:53', 'mobile');
INSERT INTO streaming_history (user_id, song_id, played_at, device) VALUES (60, 473, '2026-01-14 16:49:35', 'mobile');
INSERT INTO streaming_history (user_id, song_id, played_at, device) VALUES (155, 3998, '2025-07-03 23:42:12', 'smart_tv');
INSERT INTO streaming_history (user_id, song_id, played_at, device) VALUES (280, 3150, '2026-03-07 14:13:22', 'mobile');
INSERT INTO streaming_history (user_id, song_id, played_at, device) VALUES (64, 4567, '2025-05-01 15:13:34', 'mobile');
INSERT INTO streaming_history (user_id, song_id, played_at, device) VALUES (278, 1924, '2025-12-10 21:47:41', 'smart_tv');
INSERT INTO streaming_history (user_id, song_id, played_at, device) VALUES (4, 4062, '2025-05-03 02:29:31', 'mobile');
INSERT INTO streaming_history (user_id, song_id, played_at, device) VALUES (144, 4026, '2025-10-01 02:22:56', 'desktop');
INSERT INTO streaming_history (user_id, song_id, played_at, device) VALUES (147, 4769, '2026-02-04 05:12:05', 'desktop');
INSERT INTO streaming_history (user_id, song_id, played_at, device) VALUES (285, 862, '2025-12-06 15:34:47', 'smart_tv');
INSERT INTO streaming_history (user_id, song_id, played_at, device) VALUES (78, 2044, '2025-11-12 13:24:06', 'smart_tv');
INSERT INTO streaming_history (user_id, song_id, played_at, device) VALUES (292, 5748, '2026-03-13 00:10:41', 'mobile');
INSERT INTO streaming_history (user_id, song_id, played_at, device) VALUES (116, 1241, '2025-12-14 07:35:12', 'mobile');
INSERT INTO streaming_history (user_id, song_id, played_at, device) VALUES (274, 3327, '2025-08-22 03:31:06', 'desktop');
INSERT INTO streaming_history (user_id, song_id, played_at, device) VALUES (291, 784, '2025-04-13 03:30:20', 'mobile');
INSERT INTO streaming_history (user_id, song_id, played_at, device) VALUES (273, 2909, '2025-06-17 13:07:16', 'mobile');
INSERT INTO streaming_history (user_id, song_id, played_at, device) VALUES (49, 2906, '2025-12-05 19:22:16', 'smart_tv');
INSERT INTO streaming_history (user_id, song_id, played_at, device) VALUES (252, 3393, '2025-12-13 09:38:24', 'mobile');
INSERT INTO streaming_history (user_id, song_id, played_at, device) VALUES (50, 6070, '2025-05-13 15:04:47', 'mobile');
INSERT INTO streaming_history (user_id, song_id, played_at, device) VALUES (188, 5200, '2026-03-01 03:37:36', 'desktop');
INSERT INTO streaming_history (user_id, song_id, played_at, device) VALUES (121, 6097, '2025-08-19 21:47:23', 'tablet');
INSERT INTO streaming_history (user_id, song_id, played_at, device) VALUES (255, 1980, '2026-01-04 16:33:39', 'mobile');
INSERT INTO streaming_history (user_id, song_id, played_at, device) VALUES (96, 3800, '2025-08-28 04:37:52', 'desktop');
INSERT INTO streaming_history (user_id, song_id, played_at, device) VALUES (288, 91, '2025-03-30 06:27:53', 'smart_tv');
INSERT INTO streaming_history (user_id, song_id, played_at, device) VALUES (94, 3959, '2026-02-20 18:06:33', 'desktop');
INSERT INTO streaming_history (user_id, song_id, played_at, device) VALUES (43, 2697, '2025-09-16 04:08:34', 'mobile');
INSERT INTO streaming_history (user_id, song_id, played_at, device) VALUES (102, 491, '2025-06-04 16:19:07', 'tablet');
INSERT INTO streaming_history (user_id, song_id, played_at, device) VALUES (175, 4330, '2025-08-18 06:40:36', 'smart_tv');
INSERT INTO streaming_history (user_id, song_id, played_at, device) VALUES (110, 2694, '2025-05-22 16:57:11', 'smart_tv');
INSERT INTO streaming_history (user_id, song_id, played_at, device) VALUES (249, 6087, '2025-11-08 14:02:20', 'tablet');
INSERT INTO streaming_history (user_id, song_id, played_at, device) VALUES (215, 91, '2025-06-26 16:38:57', 'mobile');
INSERT INTO streaming_history (user_id, song_id, played_at, device) VALUES (189, 1160, '2025-09-13 07:09:21', 'tablet');
INSERT INTO streaming_history (user_id, song_id, played_at, device) VALUES (203, 4192, '2025-12-15 07:39:58', 'tablet');
INSERT INTO streaming_history (user_id, song_id, played_at, device) VALUES (1, 1731, '2025-05-30 23:14:28', 'mobile');
INSERT INTO streaming_history (user_id, song_id, played_at, device) VALUES (62, 5269, '2025-09-28 06:35:49', 'smart_tv');
INSERT INTO streaming_history (user_id, song_id, played_at, device) VALUES (266, 453, '2025-06-25 09:11:43', 'tablet');
INSERT INTO streaming_history (user_id, song_id, played_at, device) VALUES (263, 2678, '2025-09-30 12:23:46', 'mobile');
INSERT INTO streaming_history (user_id, song_id, played_at, device) VALUES (44, 3474, '2025-03-29 18:55:07', 'smart_tv');
INSERT INTO streaming_history (user_id, song_id, played_at, device) VALUES (36, 4744, '2025-11-19 08:01:16', 'mobile');
INSERT INTO streaming_history (user_id, song_id, played_at, device) VALUES (208, 5643, '2026-02-20 04:57:22', 'mobile');
INSERT INTO streaming_history (user_id, song_id, played_at, device) VALUES (162, 33, '2025-11-04 05:07:20', 'mobile');
INSERT INTO streaming_history (user_id, song_id, played_at, device) VALUES (296, 3102, '2025-07-05 18:10:00', 'desktop');
INSERT INTO streaming_history (user_id, song_id, played_at, device) VALUES (274, 3296, '2026-03-23 14:42:29', 'desktop');
INSERT INTO streaming_history (user_id, song_id, played_at, device) VALUES (117, 746, '2025-05-11 20:42:36', 'desktop');
INSERT INTO streaming_history (user_id, song_id, played_at, device) VALUES (235, 2551, '2025-09-24 09:32:51', 'smart_tv');
INSERT INTO streaming_history (user_id, song_id, played_at, device) VALUES (225, 2555, '2026-01-18 10:08:47', 'smart_tv');
INSERT INTO streaming_history (user_id, song_id, played_at, device) VALUES (107, 4781, '2026-01-21 18:33:39', 'tablet');
INSERT INTO streaming_history (user_id, song_id, played_at, device) VALUES (294, 3469, '2026-01-09 11:03:07', 'tablet');
INSERT INTO streaming_history (user_id, song_id, played_at, device) VALUES (277, 2876, '2025-11-01 00:00:38', 'desktop');
INSERT INTO streaming_history (user_id, song_id, played_at, device) VALUES (266, 1220, '2025-04-24 18:02:10', 'smart_tv');
INSERT INTO streaming_history (user_id, song_id, played_at, device) VALUES (285, 1671, '2025-06-01 04:33:00', 'smart_tv');
INSERT INTO streaming_history (user_id, song_id, played_at, device) VALUES (261, 2937, '2025-04-03 12:49:57', 'smart_tv');
INSERT INTO streaming_history (user_id, song_id, played_at, device) VALUES (253, 1554, '2025-08-03 04:11:00', 'mobile');
INSERT INTO streaming_history (user_id, song_id, played_at, device) VALUES (120, 1623, '2025-11-29 03:46:50', 'desktop');
INSERT INTO streaming_history (user_id, song_id, played_at, device) VALUES (156, 200, '2025-12-21 14:31:24', 'desktop');
INSERT INTO streaming_history (user_id, song_id, played_at, device) VALUES (5, 3217, '2025-09-28 08:31:54', 'smart_tv');
INSERT INTO streaming_history (user_id, song_id, played_at, device) VALUES (184, 3693, '2025-08-04 09:01:10', 'desktop');
INSERT INTO streaming_history (user_id, song_id, played_at, device) VALUES (2, 1307, '2025-10-24 07:22:42', 'mobile');
INSERT INTO streaming_history (user_id, song_id, played_at, device) VALUES (180, 5897, '2026-01-04 01:52:53', 'smart_tv');
INSERT INTO streaming_history (user_id, song_id, played_at, device) VALUES (116, 4021, '2025-07-14 06:49:34', 'mobile');
INSERT INTO streaming_history (user_id, song_id, played_at, device) VALUES (204, 2378, '2025-11-18 04:59:27', 'desktop');
INSERT INTO streaming_history (user_id, song_id, played_at, device) VALUES (283, 3206, '2025-08-02 08:29:41', 'mobile');
INSERT INTO streaming_history (user_id, song_id, played_at, device) VALUES (146, 2318, '2025-10-28 22:47:16', 'desktop');
INSERT INTO streaming_history (user_id, song_id, played_at, device) VALUES (187, 1303, '2025-08-26 19:14:18', 'desktop');
INSERT INTO streaming_history (user_id, song_id, played_at, device) VALUES (89, 3539, '2025-09-11 08:04:53', 'desktop');
INSERT INTO streaming_history (user_id, song_id, played_at, device) VALUES (3, 753, '2026-02-11 11:59:43', 'desktop');
INSERT INTO streaming_history (user_id, song_id, played_at, device) VALUES (240, 3431, '2025-05-06 11:23:18', 'smart_tv');
INSERT INTO streaming_history (user_id, song_id, played_at, device) VALUES (285, 5141, '2025-12-23 12:33:40', 'desktop');
INSERT INTO streaming_history (user_id, song_id, played_at, device) VALUES (243, 429, '2025-08-25 00:28:54', 'desktop');
INSERT INTO streaming_history (user_id, song_id, played_at, device) VALUES (76, 4328, '2026-01-15 09:05:38', 'desktop');
INSERT INTO streaming_history (user_id, song_id, played_at, device) VALUES (36, 6122, '2025-05-06 09:50:12', 'mobile');
INSERT INTO streaming_history (user_id, song_id, played_at, device) VALUES (83, 774, '2025-12-20 15:15:18', 'tablet');
INSERT INTO streaming_history (user_id, song_id, played_at, device) VALUES (119, 6029, '2025-12-24 15:24:41', 'desktop');
INSERT INTO streaming_history (user_id, song_id, played_at, device) VALUES (198, 599, '2025-05-01 04:30:12', 'smart_tv');
INSERT INTO streaming_history (user_id, song_id, played_at, device) VALUES (121, 591, '2025-05-27 00:44:36', 'mobile');
INSERT INTO streaming_history (user_id, song_id, played_at, device) VALUES (21, 2054, '2025-05-04 11:09:48', 'mobile');
INSERT INTO streaming_history (user_id, song_id, played_at, device) VALUES (93, 2243, '2025-04-06 18:17:52', 'desktop');
INSERT INTO streaming_history (user_id, song_id, played_at, device) VALUES (37, 292, '2026-03-03 11:26:01', 'smart_tv');
INSERT INTO streaming_history (user_id, song_id, played_at, device) VALUES (92, 5601, '2025-04-23 23:05:30', 'mobile');
INSERT INTO streaming_history (user_id, song_id, played_at, device) VALUES (170, 510, '2025-09-14 10:04:05', 'desktop');
INSERT INTO streaming_history (user_id, song_id, played_at, device) VALUES (169, 4609, '2025-05-16 20:15:15', 'mobile');
INSERT INTO streaming_history (user_id, song_id, played_at, device) VALUES (69, 4965, '2025-11-22 17:20:57', 'mobile');
INSERT INTO streaming_history (user_id, song_id, played_at, device) VALUES (189, 3122, '2025-10-18 17:53:33', 'mobile');
INSERT INTO streaming_history (user_id, song_id, played_at, device) VALUES (242, 1592, '2026-01-16 22:11:32', 'tablet');
INSERT INTO streaming_history (user_id, song_id, played_at, device) VALUES (291, 726, '2025-10-21 09:56:11', 'smart_tv');
INSERT INTO streaming_history (user_id, song_id, played_at, device) VALUES (29, 509, '2026-03-17 11:51:44', 'smart_tv');
INSERT INTO streaming_history (user_id, song_id, played_at, device) VALUES (232, 2541, '2025-04-18 11:21:17', 'desktop');
INSERT INTO streaming_history (user_id, song_id, played_at, device) VALUES (9, 6128, '2025-12-31 16:02:54', 'smart_tv');
INSERT INTO streaming_history (user_id, song_id, played_at, device) VALUES (24, 525, '2026-03-14 00:04:11', 'tablet');
INSERT INTO streaming_history (user_id, song_id, played_at, device) VALUES (279, 5624, '2025-06-25 22:24:07', 'mobile');
INSERT INTO streaming_history (user_id, song_id, played_at, device) VALUES (111, 4701, '2026-02-28 09:16:05', 'desktop');
INSERT INTO streaming_history (user_id, song_id, played_at, device) VALUES (135, 5979, '2025-05-08 20:39:58', 'desktop');
INSERT INTO streaming_history (user_id, song_id, played_at, device) VALUES (34, 5962, '2025-06-29 07:07:06', 'smart_tv');
INSERT INTO streaming_history (user_id, song_id, played_at, device) VALUES (4, 393, '2026-01-13 13:05:50', 'mobile');
INSERT INTO streaming_history (user_id, song_id, played_at, device) VALUES (196, 1097, '2025-04-13 16:15:56', 'desktop');
INSERT INTO streaming_history (user_id, song_id, played_at, device) VALUES (168, 1182, '2025-05-09 05:12:19', 'smart_tv');
INSERT INTO streaming_history (user_id, song_id, played_at, device) VALUES (147, 4004, '2025-10-19 21:43:09', 'smart_tv');
INSERT INTO streaming_history (user_id, song_id, played_at, device) VALUES (43, 3305, '2025-10-28 01:49:42', 'smart_tv');
INSERT INTO streaming_history (user_id, song_id, played_at, device) VALUES (202, 3187, '2025-11-17 19:49:56', 'smart_tv');
INSERT INTO streaming_history (user_id, song_id, played_at, device) VALUES (99, 3217, '2026-01-09 11:53:17', 'mobile');
INSERT INTO streaming_history (user_id, song_id, played_at, device) VALUES (97, 5823, '2025-07-05 04:32:26', 'tablet');
INSERT INTO streaming_history (user_id, song_id, played_at, device) VALUES (203, 3045, '2025-11-12 22:44:17', 'smart_tv');
INSERT INTO streaming_history (user_id, song_id, played_at, device) VALUES (181, 5838, '2025-12-23 12:35:22', 'smart_tv');
INSERT INTO streaming_history (user_id, song_id, played_at, device) VALUES (182, 4191, '2025-06-11 17:55:18', 'mobile');
INSERT INTO streaming_history (user_id, song_id, played_at, device) VALUES (83, 2460, '2025-11-22 21:42:04', 'tablet');
INSERT INTO streaming_history (user_id, song_id, played_at, device) VALUES (280, 4750, '2025-08-26 06:41:18', 'mobile');
INSERT INTO streaming_history (user_id, song_id, played_at, device) VALUES (32, 5363, '2025-05-28 10:02:00', 'smart_tv');
INSERT INTO streaming_history (user_id, song_id, played_at, device) VALUES (180, 6114, '2026-03-11 11:11:35', 'smart_tv');
INSERT INTO streaming_history (user_id, song_id, played_at, device) VALUES (298, 3634, '2025-10-01 09:58:41', 'smart_tv');
INSERT INTO streaming_history (user_id, song_id, played_at, device) VALUES (68, 2996, '2025-07-11 12:09:57', 'tablet');
INSERT INTO streaming_history (user_id, song_id, played_at, device) VALUES (174, 4402, '2025-09-11 20:53:41', 'mobile');
INSERT INTO streaming_history (user_id, song_id, played_at, device) VALUES (122, 4968, '2025-03-30 15:27:44', 'mobile');
INSERT INTO streaming_history (user_id, song_id, played_at, device) VALUES (41, 922, '2026-02-20 22:00:06', 'mobile');
INSERT INTO streaming_history (user_id, song_id, played_at, device) VALUES (212, 2317, '2025-09-11 05:06:50', 'tablet');
INSERT INTO streaming_history (user_id, song_id, played_at, device) VALUES (8, 3285, '2025-06-19 19:20:43', 'desktop');
INSERT INTO streaming_history (user_id, song_id, played_at, device) VALUES (51, 1011, '2026-01-02 15:51:47', 'tablet');
INSERT INTO streaming_history (user_id, song_id, played_at, device) VALUES (197, 294, '2025-10-12 10:50:11', 'tablet');
INSERT INTO streaming_history (user_id, song_id, played_at, device) VALUES (17, 943, '2026-01-30 16:12:50', 'tablet');
INSERT INTO streaming_history (user_id, song_id, played_at, device) VALUES (72, 814, '2026-02-14 19:19:37', 'mobile');
INSERT INTO streaming_history (user_id, song_id, played_at, device) VALUES (68, 2952, '2025-06-21 13:17:29', 'desktop');
INSERT INTO streaming_history (user_id, song_id, played_at, device) VALUES (237, 2789, '2025-07-22 23:31:05', 'smart_tv');
INSERT INTO streaming_history (user_id, song_id, played_at, device) VALUES (10, 4884, '2026-03-05 10:26:49', 'smart_tv');
INSERT INTO streaming_history (user_id, song_id, played_at, device) VALUES (143, 2387, '2026-01-16 07:03:17', 'tablet');
INSERT INTO streaming_history (user_id, song_id, played_at, device) VALUES (85, 100, '2025-04-29 05:16:14', 'mobile');
INSERT INTO streaming_history (user_id, song_id, played_at, device) VALUES (106, 1086, '2025-03-30 15:06:21', 'mobile');
INSERT INTO streaming_history (user_id, song_id, played_at, device) VALUES (252, 3807, '2025-05-30 19:53:35', 'desktop');
INSERT INTO streaming_history (user_id, song_id, played_at, device) VALUES (231, 4504, '2025-12-06 12:44:41', 'mobile');
INSERT INTO streaming_history (user_id, song_id, played_at, device) VALUES (36, 2281, '2025-04-09 18:29:43', 'smart_tv');
INSERT INTO streaming_history (user_id, song_id, played_at, device) VALUES (105, 4087, '2025-11-08 09:28:04', 'smart_tv');
INSERT INTO streaming_history (user_id, song_id, played_at, device) VALUES (158, 1985, '2025-04-10 08:22:43', 'smart_tv');
INSERT INTO streaming_history (user_id, song_id, played_at, device) VALUES (192, 2358, '2025-09-16 04:00:19', 'desktop');
INSERT INTO streaming_history (user_id, song_id, played_at, device) VALUES (164, 2191, '2025-06-24 19:18:14', 'mobile');
INSERT INTO streaming_history (user_id, song_id, played_at, device) VALUES (80, 130, '2026-01-24 19:03:09', 'smart_tv');
INSERT INTO streaming_history (user_id, song_id, played_at, device) VALUES (44, 4681, '2025-05-06 03:25:58', 'mobile');
INSERT INTO streaming_history (user_id, song_id, played_at, device) VALUES (43, 5612, '2025-10-06 21:26:09', 'mobile');
INSERT INTO streaming_history (user_id, song_id, played_at, device) VALUES (173, 712, '2025-05-02 15:14:16', 'mobile');
INSERT INTO streaming_history (user_id, song_id, played_at, device) VALUES (81, 4203, '2025-07-21 17:58:02', 'tablet');
INSERT INTO streaming_history (user_id, song_id, played_at, device) VALUES (19, 529, '2025-09-10 19:05:45', 'smart_tv');
INSERT INTO streaming_history (user_id, song_id, played_at, device) VALUES (291, 5482, '2025-06-09 20:42:51', 'desktop');
INSERT INTO streaming_history (user_id, song_id, played_at, device) VALUES (13, 467, '2026-03-16 23:50:39', 'smart_tv');
INSERT INTO streaming_history (user_id, song_id, played_at, device) VALUES (264, 1126, '2025-04-30 10:47:04', 'desktop');
INSERT INTO streaming_history (user_id, song_id, played_at, device) VALUES (132, 3989, '2025-10-15 03:16:46', 'mobile');
INSERT INTO streaming_history (user_id, song_id, played_at, device) VALUES (221, 405, '2026-02-07 19:48:20', 'mobile');
INSERT INTO streaming_history (user_id, song_id, played_at, device) VALUES (105, 5261, '2025-05-29 00:06:31', 'smart_tv');
INSERT INTO streaming_history (user_id, song_id, played_at, device) VALUES (105, 3361, '2025-09-25 22:27:47', 'mobile');
INSERT INTO streaming_history (user_id, song_id, played_at, device) VALUES (252, 1509, '2025-05-07 04:35:26', 'mobile');
INSERT INTO streaming_history (user_id, song_id, played_at, device) VALUES (130, 6029, '2025-04-13 22:50:40', 'smart_tv');
INSERT INTO streaming_history (user_id, song_id, played_at, device) VALUES (104, 4668, '2026-01-30 06:35:48', 'desktop');
INSERT INTO streaming_history (user_id, song_id, played_at, device) VALUES (85, 4637, '2025-07-28 01:19:32', 'mobile');
INSERT INTO streaming_history (user_id, song_id, played_at, device) VALUES (18, 5924, '2025-04-03 07:23:36', 'tablet');
INSERT INTO streaming_history (user_id, song_id, played_at, device) VALUES (264, 103, '2025-10-22 08:45:55', 'mobile');
INSERT INTO streaming_history (user_id, song_id, played_at, device) VALUES (8, 254, '2025-06-27 22:19:59', 'desktop');
INSERT INTO streaming_history (user_id, song_id, played_at, device) VALUES (274, 3834, '2025-10-10 01:18:01', 'tablet');
INSERT INTO streaming_history (user_id, song_id, played_at, device) VALUES (245, 414, '2026-03-07 12:11:29', 'tablet');
INSERT INTO streaming_history (user_id, song_id, played_at, device) VALUES (270, 2204, '2025-07-14 06:54:59', 'smart_tv');
INSERT INTO streaming_history (user_id, song_id, played_at, device) VALUES (26, 2288, '2025-10-20 11:18:02', 'desktop');
INSERT INTO streaming_history (user_id, song_id, played_at, device) VALUES (65, 4440, '2025-06-13 17:21:44', 'smart_tv');
INSERT INTO streaming_history (user_id, song_id, played_at, device) VALUES (57, 3034, '2026-01-30 02:25:51', 'desktop');
INSERT INTO streaming_history (user_id, song_id, played_at, device) VALUES (98, 552, '2026-02-12 21:28:45', 'desktop');
INSERT INTO streaming_history (user_id, song_id, played_at, device) VALUES (176, 2269, '2025-08-15 02:35:20', 'mobile');
INSERT INTO streaming_history (user_id, song_id, played_at, device) VALUES (199, 989, '2025-08-28 14:37:55', 'smart_tv');
INSERT INTO streaming_history (user_id, song_id, played_at, device) VALUES (277, 5521, '2025-08-17 02:12:11', 'mobile');
INSERT INTO streaming_history (user_id, song_id, played_at, device) VALUES (228, 6090, '2025-06-17 12:54:28', 'tablet');
INSERT INTO streaming_history (user_id, song_id, played_at, device) VALUES (142, 4548, '2025-04-19 09:19:32', 'tablet');
INSERT INTO streaming_history (user_id, song_id, played_at, device) VALUES (49, 5509, '2025-07-02 13:11:17', 'mobile');
INSERT INTO streaming_history (user_id, song_id, played_at, device) VALUES (233, 5654, '2026-01-26 02:15:38', 'desktop');
INSERT INTO streaming_history (user_id, song_id, played_at, device) VALUES (160, 5692, '2025-07-17 18:26:39', 'smart_tv');
INSERT INTO streaming_history (user_id, song_id, played_at, device) VALUES (168, 2033, '2025-05-23 02:59:11', 'smart_tv');
INSERT INTO streaming_history (user_id, song_id, played_at, device) VALUES (260, 154, '2025-09-28 22:24:05', 'mobile');
INSERT INTO streaming_history (user_id, song_id, played_at, device) VALUES (38, 2052, '2025-11-15 23:03:33', 'tablet');
INSERT INTO streaming_history (user_id, song_id, played_at, device) VALUES (267, 1115, '2025-07-12 09:43:00', 'smart_tv');
INSERT INTO streaming_history (user_id, song_id, played_at, device) VALUES (277, 455, '2025-06-02 15:15:29', 'desktop');
INSERT INTO streaming_history (user_id, song_id, played_at, device) VALUES (221, 4406, '2025-11-23 10:30:29', 'tablet');
INSERT INTO streaming_history (user_id, song_id, played_at, device) VALUES (76, 4181, '2025-08-31 17:16:31', 'smart_tv');
INSERT INTO streaming_history (user_id, song_id, played_at, device) VALUES (127, 1455, '2026-01-26 03:03:23', 'desktop');
INSERT INTO streaming_history (user_id, song_id, played_at, device) VALUES (75, 501, '2025-11-01 23:40:44', 'mobile');
INSERT INTO streaming_history (user_id, song_id, played_at, device) VALUES (295, 3156, '2025-07-21 16:28:55', 'mobile');
INSERT INTO streaming_history (user_id, song_id, played_at, device) VALUES (72, 1067, '2026-02-25 19:23:21', 'smart_tv');
INSERT INTO streaming_history (user_id, song_id, played_at, device) VALUES (276, 4742, '2025-11-30 07:33:13', 'smart_tv');
INSERT INTO streaming_history (user_id, song_id, played_at, device) VALUES (166, 2426, '2026-02-18 17:26:50', 'desktop');
INSERT INTO streaming_history (user_id, song_id, played_at, device) VALUES (23, 3547, '2025-03-30 18:30:12', 'mobile');
INSERT INTO streaming_history (user_id, song_id, played_at, device) VALUES (229, 5868, '2025-07-21 05:13:48', 'mobile');
INSERT INTO streaming_history (user_id, song_id, played_at, device) VALUES (148, 5470, '2026-03-24 17:34:07', 'mobile');
INSERT INTO streaming_history (user_id, song_id, played_at, device) VALUES (169, 3974, '2025-11-03 16:35:13', 'mobile');
INSERT INTO streaming_history (user_id, song_id, played_at, device) VALUES (106, 2137, '2025-10-16 12:50:24', 'tablet');
INSERT INTO streaming_history (user_id, song_id, played_at, device) VALUES (163, 5691, '2026-02-23 04:35:09', 'tablet');
INSERT INTO streaming_history (user_id, song_id, played_at, device) VALUES (226, 615, '2025-12-10 21:23:49', 'desktop');
INSERT INTO streaming_history (user_id, song_id, played_at, device) VALUES (92, 240, '2025-12-14 22:11:26', 'smart_tv');
INSERT INTO streaming_history (user_id, song_id, played_at, device) VALUES (280, 1075, '2025-11-07 09:22:07', 'tablet');
INSERT INTO streaming_history (user_id, song_id, played_at, device) VALUES (38, 24, '2026-02-03 08:06:19', 'tablet');
INSERT INTO streaming_history (user_id, song_id, played_at, device) VALUES (230, 4945, '2026-01-08 21:43:05', 'mobile');
INSERT INTO streaming_history (user_id, song_id, played_at, device) VALUES (281, 4859, '2026-03-22 11:43:42', 'mobile');
INSERT INTO streaming_history (user_id, song_id, played_at, device) VALUES (216, 5373, '2025-06-04 13:51:29', 'mobile');
INSERT INTO streaming_history (user_id, song_id, played_at, device) VALUES (119, 2998, '2025-11-28 07:06:53', 'tablet');
INSERT INTO streaming_history (user_id, song_id, played_at, device) VALUES (188, 228, '2025-10-08 04:39:58', 'tablet');
INSERT INTO streaming_history (user_id, song_id, played_at, device) VALUES (191, 207, '2026-02-04 21:44:41', 'mobile');
INSERT INTO streaming_history (user_id, song_id, played_at, device) VALUES (238, 6026, '2026-03-17 01:02:22', 'mobile');
INSERT INTO streaming_history (user_id, song_id, played_at, device) VALUES (136, 4613, '2025-07-09 21:32:06', 'smart_tv');
INSERT INTO streaming_history (user_id, song_id, played_at, device) VALUES (178, 4766, '2026-01-02 04:27:35', 'mobile');
INSERT INTO streaming_history (user_id, song_id, played_at, device) VALUES (49, 5773, '2025-04-01 15:51:46', 'tablet');
INSERT INTO streaming_history (user_id, song_id, played_at, device) VALUES (84, 4090, '2025-06-17 16:36:52', 'tablet');
INSERT INTO streaming_history (user_id, song_id, played_at, device) VALUES (43, 4126, '2025-09-20 05:55:07', 'desktop');
INSERT INTO streaming_history (user_id, song_id, played_at, device) VALUES (283, 4904, '2026-01-22 00:10:45', 'mobile');
INSERT INTO streaming_history (user_id, song_id, played_at, device) VALUES (271, 4927, '2025-11-08 09:35:56', 'smart_tv');
INSERT INTO streaming_history (user_id, song_id, played_at, device) VALUES (25, 4051, '2025-08-30 07:06:04', 'smart_tv');
INSERT INTO streaming_history (user_id, song_id, played_at, device) VALUES (46, 6107, '2025-05-30 01:54:16', 'mobile');
INSERT INTO streaming_history (user_id, song_id, played_at, device) VALUES (241, 2710, '2026-01-16 19:23:27', 'desktop');
INSERT INTO streaming_history (user_id, song_id, played_at, device) VALUES (123, 45, '2025-07-20 13:49:24', 'desktop');
INSERT INTO streaming_history (user_id, song_id, played_at, device) VALUES (260, 734, '2025-07-14 08:33:19', 'smart_tv');
INSERT INTO streaming_history (user_id, song_id, played_at, device) VALUES (29, 1022, '2026-02-23 14:04:55', 'desktop');
INSERT INTO streaming_history (user_id, song_id, played_at, device) VALUES (213, 1668, '2025-07-06 11:25:22', 'smart_tv');
INSERT INTO streaming_history (user_id, song_id, played_at, device) VALUES (261, 2859, '2025-10-08 20:41:14', 'mobile');
INSERT INTO streaming_history (user_id, song_id, played_at, device) VALUES (255, 4497, '2026-01-27 01:43:50', 'mobile');
INSERT INTO streaming_history (user_id, song_id, played_at, device) VALUES (10, 1590, '2025-12-21 03:38:30', 'tablet');
INSERT INTO streaming_history (user_id, song_id, played_at, device) VALUES (106, 816, '2025-10-27 16:14:30', 'mobile');
INSERT INTO streaming_history (user_id, song_id, played_at, device) VALUES (283, 852, '2025-11-12 21:14:55', 'tablet');
INSERT INTO streaming_history (user_id, song_id, played_at, device) VALUES (273, 281, '2025-12-03 20:17:48', 'smart_tv');
INSERT INTO streaming_history (user_id, song_id, played_at, device) VALUES (65, 2937, '2025-11-30 18:39:00', 'desktop');
INSERT INTO streaming_history (user_id, song_id, played_at, device) VALUES (230, 5139, '2025-04-23 07:13:15', 'tablet');
INSERT INTO streaming_history (user_id, song_id, played_at, device) VALUES (196, 5775, '2025-09-29 10:29:52', 'tablet');
INSERT INTO streaming_history (user_id, song_id, played_at, device) VALUES (39, 3324, '2025-10-05 12:42:26', 'mobile');
INSERT INTO streaming_history (user_id, song_id, played_at, device) VALUES (70, 4582, '2025-06-04 00:05:29', 'mobile');
INSERT INTO streaming_history (user_id, song_id, played_at, device) VALUES (242, 880, '2025-04-07 14:34:04', 'smart_tv');
INSERT INTO streaming_history (user_id, song_id, played_at, device) VALUES (182, 5665, '2026-01-27 14:02:06', 'mobile');
INSERT INTO streaming_history (user_id, song_id, played_at, device) VALUES (107, 2478, '2026-03-20 10:03:35', 'smart_tv');
INSERT INTO streaming_history (user_id, song_id, played_at, device) VALUES (46, 1336, '2026-01-13 01:47:07', 'smart_tv');
INSERT INTO streaming_history (user_id, song_id, played_at, device) VALUES (37, 5148, '2025-07-13 21:18:42', 'smart_tv');
INSERT INTO streaming_history (user_id, song_id, played_at, device) VALUES (34, 1197, '2026-01-05 16:56:10', 'tablet');
INSERT INTO streaming_history (user_id, song_id, played_at, device) VALUES (39, 2315, '2026-02-07 14:40:27', 'tablet');
INSERT INTO streaming_history (user_id, song_id, played_at, device) VALUES (180, 2958, '2025-09-10 17:05:56', 'smart_tv');
INSERT INTO streaming_history (user_id, song_id, played_at, device) VALUES (143, 1114, '2025-05-26 11:58:08', 'mobile');
INSERT INTO streaming_history (user_id, song_id, played_at, device) VALUES (168, 3409, '2025-04-09 16:35:48', 'tablet');
INSERT INTO streaming_history (user_id, song_id, played_at, device) VALUES (250, 2928, '2025-07-10 07:01:40', 'desktop');
INSERT INTO streaming_history (user_id, song_id, played_at, device) VALUES (36, 5095, '2025-04-01 19:19:28', 'smart_tv');
INSERT INTO streaming_history (user_id, song_id, played_at, device) VALUES (48, 4697, '2025-08-03 20:57:52', 'mobile');
INSERT INTO streaming_history (user_id, song_id, played_at, device) VALUES (298, 19, '2025-05-27 10:39:03', 'mobile');
INSERT INTO streaming_history (user_id, song_id, played_at, device) VALUES (12, 1367, '2026-02-23 16:35:28', 'smart_tv');
INSERT INTO streaming_history (user_id, song_id, played_at, device) VALUES (63, 6003, '2026-03-02 02:05:16', 'desktop');
INSERT INTO streaming_history (user_id, song_id, played_at, device) VALUES (224, 3399, '2025-07-09 21:01:10', 'smart_tv');
INSERT INTO streaming_history (user_id, song_id, played_at, device) VALUES (79, 4309, '2025-03-30 19:03:39', 'tablet');
INSERT INTO streaming_history (user_id, song_id, played_at, device) VALUES (218, 5097, '2026-02-05 04:38:25', 'smart_tv');
INSERT INTO streaming_history (user_id, song_id, played_at, device) VALUES (285, 3811, '2025-07-10 08:13:46', 'smart_tv');
INSERT INTO streaming_history (user_id, song_id, played_at, device) VALUES (190, 1360, '2025-06-17 05:54:56', 'desktop');
INSERT INTO streaming_history (user_id, song_id, played_at, device) VALUES (280, 1242, '2025-06-02 14:38:20', 'tablet');
INSERT INTO streaming_history (user_id, song_id, played_at, device) VALUES (206, 883, '2025-12-15 20:22:11', 'smart_tv');
INSERT INTO streaming_history (user_id, song_id, played_at, device) VALUES (250, 125, '2025-07-10 18:44:01', 'desktop');
INSERT INTO streaming_history (user_id, song_id, played_at, device) VALUES (76, 1584, '2025-05-29 10:10:52', 'tablet');
INSERT INTO streaming_history (user_id, song_id, played_at, device) VALUES (33, 154, '2025-09-30 12:09:29', 'mobile');
INSERT INTO streaming_history (user_id, song_id, played_at, device) VALUES (27, 3711, '2025-06-12 16:01:35', 'mobile');
INSERT INTO streaming_history (user_id, song_id, played_at, device) VALUES (216, 3059, '2025-09-28 01:29:43', 'tablet');
INSERT INTO streaming_history (user_id, song_id, played_at, device) VALUES (110, 4192, '2025-09-07 02:06:00', 'smart_tv');
INSERT INTO streaming_history (user_id, song_id, played_at, device) VALUES (232, 1289, '2025-10-02 10:31:51', 'desktop');
INSERT INTO streaming_history (user_id, song_id, played_at, device) VALUES (144, 1324, '2025-05-11 12:38:40', 'smart_tv');
INSERT INTO streaming_history (user_id, song_id, played_at, device) VALUES (198, 3299, '2026-03-12 07:05:03', 'tablet');
INSERT INTO streaming_history (user_id, song_id, played_at, device) VALUES (160, 412, '2025-06-22 12:51:41', 'smart_tv');
INSERT INTO streaming_history (user_id, song_id, played_at, device) VALUES (257, 2706, '2025-09-03 19:51:41', 'mobile');
INSERT INTO streaming_history (user_id, song_id, played_at, device) VALUES (227, 4813, '2026-01-04 05:23:42', 'smart_tv');
INSERT INTO streaming_history (user_id, song_id, played_at, device) VALUES (83, 1412, '2025-08-04 02:16:55', 'mobile');
INSERT INTO streaming_history (user_id, song_id, played_at, device) VALUES (206, 6106, '2025-06-22 02:37:41', 'mobile');
INSERT INTO streaming_history (user_id, song_id, played_at, device) VALUES (130, 1908, '2025-05-25 16:04:51', 'tablet');
INSERT INTO streaming_history (user_id, song_id, played_at, device) VALUES (259, 2284, '2025-11-06 23:38:11', 'mobile');
INSERT INTO streaming_history (user_id, song_id, played_at, device) VALUES (87, 915, '2025-11-29 07:29:14', 'tablet');
INSERT INTO streaming_history (user_id, song_id, played_at, device) VALUES (200, 2119, '2026-01-03 01:18:40', 'desktop');
INSERT INTO streaming_history (user_id, song_id, played_at, device) VALUES (243, 1898, '2025-09-17 19:59:33', 'smart_tv');
INSERT INTO streaming_history (user_id, song_id, played_at, device) VALUES (37, 2561, '2025-07-27 11:09:53', 'desktop');
INSERT INTO streaming_history (user_id, song_id, played_at, device) VALUES (254, 3140, '2025-11-03 13:48:44', 'smart_tv');
INSERT INTO streaming_history (user_id, song_id, played_at, device) VALUES (240, 708, '2025-12-09 15:30:37', 'tablet');
INSERT INTO streaming_history (user_id, song_id, played_at, device) VALUES (232, 1968, '2025-12-25 05:38:14', 'desktop');
INSERT INTO streaming_history (user_id, song_id, played_at, device) VALUES (294, 1537, '2026-02-07 13:33:14', 'tablet');
INSERT INTO streaming_history (user_id, song_id, played_at, device) VALUES (117, 2574, '2025-10-13 06:37:04', 'desktop');
INSERT INTO streaming_history (user_id, song_id, played_at, device) VALUES (270, 1389, '2025-06-02 02:02:56', 'smart_tv');
INSERT INTO streaming_history (user_id, song_id, played_at, device) VALUES (143, 5564, '2026-02-22 17:33:41', 'desktop');
INSERT INTO streaming_history (user_id, song_id, played_at, device) VALUES (20, 5697, '2025-06-16 10:51:06', 'smart_tv');
INSERT INTO streaming_history (user_id, song_id, played_at, device) VALUES (172, 2033, '2025-06-05 21:15:47', 'smart_tv');
INSERT INTO streaming_history (user_id, song_id, played_at, device) VALUES (151, 4704, '2025-09-07 17:55:02', 'mobile');
INSERT INTO streaming_history (user_id, song_id, played_at, device) VALUES (27, 8, '2025-06-06 13:43:53', 'desktop');
INSERT INTO streaming_history (user_id, song_id, played_at, device) VALUES (78, 4951, '2025-07-11 09:21:18', 'tablet');
INSERT INTO streaming_history (user_id, song_id, played_at, device) VALUES (26, 4398, '2026-02-22 16:25:26', 'smart_tv');
INSERT INTO streaming_history (user_id, song_id, played_at, device) VALUES (147, 5743, '2025-12-18 14:15:48', 'mobile');
INSERT INTO streaming_history (user_id, song_id, played_at, device) VALUES (163, 5980, '2025-08-26 13:58:17', 'smart_tv');
INSERT INTO streaming_history (user_id, song_id, played_at, device) VALUES (263, 1045, '2026-01-06 03:26:29', 'mobile');
INSERT INTO streaming_history (user_id, song_id, played_at, device) VALUES (33, 5050, '2026-02-07 08:23:14', 'tablet');
INSERT INTO streaming_history (user_id, song_id, played_at, device) VALUES (231, 4268, '2025-07-04 20:33:48', 'desktop');
INSERT INTO streaming_history (user_id, song_id, played_at, device) VALUES (128, 5731, '2025-09-12 06:23:12', 'smart_tv');
INSERT INTO streaming_history (user_id, song_id, played_at, device) VALUES (198, 4413, '2025-08-08 06:36:18', 'tablet');
INSERT INTO streaming_history (user_id, song_id, played_at, device) VALUES (77, 5569, '2025-04-07 10:44:13', 'tablet');
INSERT INTO streaming_history (user_id, song_id, played_at, device) VALUES (89, 4770, '2025-12-05 05:49:59', 'smart_tv');
INSERT INTO streaming_history (user_id, song_id, played_at, device) VALUES (242, 4476, '2025-07-04 07:42:05', 'smart_tv');
INSERT INTO streaming_history (user_id, song_id, played_at, device) VALUES (143, 3639, '2025-09-16 21:46:48', 'tablet');
INSERT INTO streaming_history (user_id, song_id, played_at, device) VALUES (243, 3648, '2025-08-01 12:41:36', 'smart_tv');
INSERT INTO streaming_history (user_id, song_id, played_at, device) VALUES (274, 3174, '2025-07-23 19:50:34', 'desktop');
INSERT INTO streaming_history (user_id, song_id, played_at, device) VALUES (91, 5285, '2025-10-16 03:51:46', 'desktop');
INSERT INTO streaming_history (user_id, song_id, played_at, device) VALUES (81, 5993, '2026-02-24 08:11:32', 'smart_tv');
INSERT INTO streaming_history (user_id, song_id, played_at, device) VALUES (67, 1340, '2025-09-11 15:47:26', 'tablet');
INSERT INTO streaming_history (user_id, song_id, played_at, device) VALUES (114, 1854, '2025-10-13 23:15:58', 'smart_tv');
INSERT INTO streaming_history (user_id, song_id, played_at, device) VALUES (67, 4546, '2025-11-29 07:47:12', 'mobile');
INSERT INTO streaming_history (user_id, song_id, played_at, device) VALUES (242, 5529, '2025-09-07 14:46:07', 'mobile');
INSERT INTO streaming_history (user_id, song_id, played_at, device) VALUES (107, 5617, '2025-08-22 02:29:00', 'tablet');
INSERT INTO streaming_history (user_id, song_id, played_at, device) VALUES (221, 2669, '2026-03-02 13:41:43', 'tablet');
INSERT INTO streaming_history (user_id, song_id, played_at, device) VALUES (266, 5580, '2025-12-30 12:19:21', 'mobile');
INSERT INTO streaming_history (user_id, song_id, played_at, device) VALUES (264, 3751, '2026-03-06 16:42:12', 'tablet');
INSERT INTO streaming_history (user_id, song_id, played_at, device) VALUES (126, 2610, '2026-01-07 08:08:31', 'mobile');
INSERT INTO streaming_history (user_id, song_id, played_at, device) VALUES (33, 4516, '2025-08-10 18:15:54', 'mobile');
INSERT INTO streaming_history (user_id, song_id, played_at, device) VALUES (122, 1586, '2025-08-21 18:49:04', 'tablet');
INSERT INTO streaming_history (user_id, song_id, played_at, device) VALUES (266, 3604, '2025-04-03 09:04:17', 'desktop');
INSERT INTO streaming_history (user_id, song_id, played_at, device) VALUES (203, 2513, '2025-10-27 16:42:50', 'tablet');
INSERT INTO streaming_history (user_id, song_id, played_at, device) VALUES (61, 2658, '2025-11-13 16:17:35', 'desktop');
INSERT INTO streaming_history (user_id, song_id, played_at, device) VALUES (24, 2965, '2025-07-31 21:32:24', 'mobile');
INSERT INTO streaming_history (user_id, song_id, played_at, device) VALUES (19, 2518, '2025-06-11 21:18:50', 'desktop');
INSERT INTO streaming_history (user_id, song_id, played_at, device) VALUES (8, 1309, '2025-08-13 07:55:54', 'desktop');
INSERT INTO streaming_history (user_id, song_id, played_at, device) VALUES (237, 4496, '2026-03-24 06:09:12', 'smart_tv');
INSERT INTO streaming_history (user_id, song_id, played_at, device) VALUES (72, 4499, '2025-04-02 19:24:28', 'mobile');
INSERT INTO streaming_history (user_id, song_id, played_at, device) VALUES (76, 5982, '2026-01-17 19:04:27', 'tablet');
INSERT INTO streaming_history (user_id, song_id, played_at, device) VALUES (208, 2750, '2025-10-29 19:20:56', 'tablet');
INSERT INTO streaming_history (user_id, song_id, played_at, device) VALUES (250, 2367, '2026-02-13 10:21:27', 'smart_tv');
INSERT INTO streaming_history (user_id, song_id, played_at, device) VALUES (11, 1007, '2025-04-13 07:57:47', 'desktop');
INSERT INTO streaming_history (user_id, song_id, played_at, device) VALUES (96, 410, '2025-12-04 12:07:27', 'desktop');
INSERT INTO streaming_history (user_id, song_id, played_at, device) VALUES (6, 2397, '2025-05-13 07:50:48', 'smart_tv');
INSERT INTO streaming_history (user_id, song_id, played_at, device) VALUES (134, 3528, '2025-06-03 13:47:31', 'tablet');
INSERT INTO streaming_history (user_id, song_id, played_at, device) VALUES (208, 1966, '2026-02-07 07:34:47', 'smart_tv');
INSERT INTO streaming_history (user_id, song_id, played_at, device) VALUES (26, 3464, '2025-07-06 23:32:51', 'tablet');
INSERT INTO streaming_history (user_id, song_id, played_at, device) VALUES (159, 5380, '2025-06-08 03:31:39', 'mobile');
INSERT INTO streaming_history (user_id, song_id, played_at, device) VALUES (224, 4357, '2025-06-12 23:13:14', 'desktop');
INSERT INTO streaming_history (user_id, song_id, played_at, device) VALUES (55, 2301, '2025-09-10 07:36:47', 'desktop');
INSERT INTO streaming_history (user_id, song_id, played_at, device) VALUES (60, 3507, '2025-04-09 00:37:31', 'tablet');
INSERT INTO streaming_history (user_id, song_id, played_at, device) VALUES (97, 6120, '2025-09-17 18:18:10', 'desktop');
INSERT INTO streaming_history (user_id, song_id, played_at, device) VALUES (204, 4666, '2025-12-13 05:24:25', 'mobile');
INSERT INTO streaming_history (user_id, song_id, played_at, device) VALUES (192, 4532, '2025-05-25 07:15:10', 'smart_tv');
INSERT INTO streaming_history (user_id, song_id, played_at, device) VALUES (255, 5716, '2025-11-19 12:25:30', 'desktop');
INSERT INTO streaming_history (user_id, song_id, played_at, device) VALUES (24, 723, '2025-09-09 15:05:27', 'desktop');
INSERT INTO streaming_history (user_id, song_id, played_at, device) VALUES (273, 551, '2025-07-18 19:30:46', 'mobile');
INSERT INTO streaming_history (user_id, song_id, played_at, device) VALUES (123, 4013, '2025-05-24 15:37:15', 'desktop');
INSERT INTO streaming_history (user_id, song_id, played_at, device) VALUES (274, 1249, '2025-03-28 15:33:35', 'tablet');
INSERT INTO streaming_history (user_id, song_id, played_at, device) VALUES (103, 4729, '2025-09-03 14:29:09', 'tablet');
INSERT INTO streaming_history (user_id, song_id, played_at, device) VALUES (96, 2058, '2025-11-09 13:20:32', 'desktop');
INSERT INTO streaming_history (user_id, song_id, played_at, device) VALUES (13, 261, '2026-03-02 11:25:23', 'smart_tv');
INSERT INTO streaming_history (user_id, song_id, played_at, device) VALUES (276, 4244, '2025-07-20 16:05:48', 'mobile');
INSERT INTO streaming_history (user_id, song_id, played_at, device) VALUES (134, 451, '2025-12-01 23:10:31', 'tablet');
INSERT INTO streaming_history (user_id, song_id, played_at, device) VALUES (48, 715, '2026-01-14 09:07:47', 'desktop');
INSERT INTO streaming_history (user_id, song_id, played_at, device) VALUES (12, 1389, '2026-02-10 21:53:01', 'tablet');
INSERT INTO streaming_history (user_id, song_id, played_at, device) VALUES (133, 6049, '2025-08-31 13:00:24', 'smart_tv');
INSERT INTO streaming_history (user_id, song_id, played_at, device) VALUES (201, 5901, '2025-05-10 15:39:57', 'tablet');
INSERT INTO streaming_history (user_id, song_id, played_at, device) VALUES (280, 2045, '2025-04-02 05:17:13', 'tablet');
INSERT INTO streaming_history (user_id, song_id, played_at, device) VALUES (204, 5390, '2026-02-13 02:16:32', 'mobile');
INSERT INTO streaming_history (user_id, song_id, played_at, device) VALUES (214, 1231, '2025-04-15 13:12:17', 'tablet');
INSERT INTO streaming_history (user_id, song_id, played_at, device) VALUES (214, 1521, '2025-12-04 20:31:09', 'mobile');
INSERT INTO streaming_history (user_id, song_id, played_at, device) VALUES (255, 4866, '2025-08-29 13:00:26', 'mobile');
INSERT INTO streaming_history (user_id, song_id, played_at, device) VALUES (178, 4294, '2025-07-24 05:12:59', 'smart_tv');
INSERT INTO streaming_history (user_id, song_id, played_at, device) VALUES (300, 5500, '2025-12-01 05:07:08', 'desktop');
INSERT INTO streaming_history (user_id, song_id, played_at, device) VALUES (90, 317, '2025-07-15 04:45:30', 'desktop');
INSERT INTO streaming_history (user_id, song_id, played_at, device) VALUES (250, 489, '2025-04-25 21:54:04', 'tablet');
INSERT INTO streaming_history (user_id, song_id, played_at, device) VALUES (133, 696, '2025-08-21 11:55:41', 'desktop');
INSERT INTO streaming_history (user_id, song_id, played_at, device) VALUES (89, 2522, '2025-08-20 23:19:12', 'desktop');
INSERT INTO streaming_history (user_id, song_id, played_at, device) VALUES (112, 5144, '2026-01-14 22:10:59', 'mobile');
INSERT INTO streaming_history (user_id, song_id, played_at, device) VALUES (5, 22, '2025-05-20 16:43:14', 'desktop');
INSERT INTO streaming_history (user_id, song_id, played_at, device) VALUES (188, 1192, '2025-08-09 12:54:29', 'mobile');
INSERT INTO streaming_history (user_id, song_id, played_at, device) VALUES (237, 663, '2025-06-03 05:25:31', 'tablet');
INSERT INTO streaming_history (user_id, song_id, played_at, device) VALUES (131, 1710, '2025-09-29 19:45:51', 'tablet');
INSERT INTO streaming_history (user_id, song_id, played_at, device) VALUES (214, 5612, '2025-12-05 04:33:29', 'mobile');
INSERT INTO streaming_history (user_id, song_id, played_at, device) VALUES (282, 4544, '2025-10-18 18:40:01', 'smart_tv');
INSERT INTO streaming_history (user_id, song_id, played_at, device) VALUES (7, 4980, '2025-06-01 11:30:57', 'mobile');
INSERT INTO streaming_history (user_id, song_id, played_at, device) VALUES (69, 2625, '2026-01-10 22:13:26', 'tablet');
INSERT INTO streaming_history (user_id, song_id, played_at, device) VALUES (242, 294, '2025-11-22 07:01:30', 'mobile');
INSERT INTO streaming_history (user_id, song_id, played_at, device) VALUES (250, 5103, '2026-01-23 07:19:39', 'tablet');
INSERT INTO streaming_history (user_id, song_id, played_at, device) VALUES (271, 4621, '2025-10-07 04:44:05', 'desktop');
INSERT INTO streaming_history (user_id, song_id, played_at, device) VALUES (268, 2861, '2025-04-16 23:34:42', 'smart_tv');
INSERT INTO streaming_history (user_id, song_id, played_at, device) VALUES (116, 4916, '2025-05-04 23:07:38', 'tablet');
INSERT INTO streaming_history (user_id, song_id, played_at, device) VALUES (27, 1239, '2026-01-31 20:43:22', 'tablet');
INSERT INTO streaming_history (user_id, song_id, played_at, device) VALUES (57, 247, '2025-08-10 00:42:45', 'desktop');
INSERT INTO streaming_history (user_id, song_id, played_at, device) VALUES (86, 1023, '2026-01-26 00:00:09', 'smart_tv');
INSERT INTO streaming_history (user_id, song_id, played_at, device) VALUES (41, 1051, '2025-09-07 17:39:53', 'desktop');
INSERT INTO streaming_history (user_id, song_id, played_at, device) VALUES (267, 5760, '2025-08-24 03:56:18', 'smart_tv');
INSERT INTO streaming_history (user_id, song_id, played_at, device) VALUES (68, 1065, '2025-10-31 19:25:23', 'desktop');
INSERT INTO streaming_history (user_id, song_id, played_at, device) VALUES (163, 2962, '2026-03-04 18:58:50', 'desktop');
INSERT INTO streaming_history (user_id, song_id, played_at, device) VALUES (250, 2211, '2026-03-08 15:46:21', 'smart_tv');
INSERT INTO streaming_history (user_id, song_id, played_at, device) VALUES (122, 4141, '2025-11-03 06:05:29', 'tablet');
INSERT INTO streaming_history (user_id, song_id, played_at, device) VALUES (153, 4632, '2026-02-26 07:45:53', 'tablet');
INSERT INTO streaming_history (user_id, song_id, played_at, device) VALUES (142, 2389, '2025-07-25 18:42:27', 'tablet');
INSERT INTO streaming_history (user_id, song_id, played_at, device) VALUES (187, 2584, '2026-01-29 02:55:12', 'desktop');
INSERT INTO streaming_history (user_id, song_id, played_at, device) VALUES (43, 4381, '2025-12-03 07:55:33', 'desktop');
INSERT INTO streaming_history (user_id, song_id, played_at, device) VALUES (134, 362, '2026-03-18 09:36:51', 'tablet');
INSERT INTO streaming_history (user_id, song_id, played_at, device) VALUES (163, 3343, '2025-12-21 23:29:46', 'desktop');
INSERT INTO streaming_history (user_id, song_id, played_at, device) VALUES (227, 3693, '2026-02-22 10:37:55', 'desktop');
INSERT INTO streaming_history (user_id, song_id, played_at, device) VALUES (293, 2638, '2025-08-22 04:30:29', 'smart_tv');
INSERT INTO streaming_history (user_id, song_id, played_at, device) VALUES (296, 711, '2025-04-10 21:19:06', 'smart_tv');
INSERT INTO streaming_history (user_id, song_id, played_at, device) VALUES (24, 5799, '2026-02-04 07:28:12', 'desktop');
INSERT INTO streaming_history (user_id, song_id, played_at, device) VALUES (293, 3776, '2025-07-05 09:12:36', 'tablet');
INSERT INTO streaming_history (user_id, song_id, played_at, device) VALUES (27, 4646, '2025-06-12 05:26:41', 'smart_tv');
INSERT INTO streaming_history (user_id, song_id, played_at, device) VALUES (123, 1940, '2025-11-09 12:39:27', 'desktop');
INSERT INTO streaming_history (user_id, song_id, played_at, device) VALUES (274, 253, '2026-03-02 23:39:14', 'desktop');
INSERT INTO streaming_history (user_id, song_id, played_at, device) VALUES (269, 2496, '2025-12-01 01:43:06', 'tablet');
INSERT INTO streaming_history (user_id, song_id, played_at, device) VALUES (291, 3971, '2026-02-08 01:47:00', 'mobile');
INSERT INTO streaming_history (user_id, song_id, played_at, device) VALUES (15, 845, '2025-09-08 11:45:29', 'desktop');
INSERT INTO streaming_history (user_id, song_id, played_at, device) VALUES (162, 459, '2025-06-09 15:12:58', 'smart_tv');
INSERT INTO streaming_history (user_id, song_id, played_at, device) VALUES (36, 5934, '2026-01-04 11:58:43', 'tablet');
INSERT INTO streaming_history (user_id, song_id, played_at, device) VALUES (203, 2799, '2026-01-10 06:17:27', 'smart_tv');
INSERT INTO streaming_history (user_id, song_id, played_at, device) VALUES (286, 4894, '2026-01-02 15:59:28', 'mobile');
INSERT INTO streaming_history (user_id, song_id, played_at, device) VALUES (22, 2802, '2025-05-18 13:08:55', 'tablet');
INSERT INTO streaming_history (user_id, song_id, played_at, device) VALUES (108, 5568, '2026-03-16 19:17:17', 'tablet');
INSERT INTO streaming_history (user_id, song_id, played_at, device) VALUES (273, 642, '2025-11-11 18:57:25', 'mobile');
INSERT INTO streaming_history (user_id, song_id, played_at, device) VALUES (178, 2615, '2026-01-22 15:34:58', 'smart_tv');
INSERT INTO streaming_history (user_id, song_id, played_at, device) VALUES (260, 3799, '2025-07-25 21:14:14', 'mobile');
INSERT INTO streaming_history (user_id, song_id, played_at, device) VALUES (211, 5775, '2025-09-13 21:50:16', 'mobile');
INSERT INTO streaming_history (user_id, song_id, played_at, device) VALUES (158, 2924, '2025-07-20 04:09:53', 'smart_tv');
INSERT INTO streaming_history (user_id, song_id, played_at, device) VALUES (113, 1736, '2025-10-28 16:56:14', 'tablet');
INSERT INTO streaming_history (user_id, song_id, played_at, device) VALUES (63, 3230, '2026-02-18 06:29:14', 'smart_tv');
INSERT INTO streaming_history (user_id, song_id, played_at, device) VALUES (58, 232, '2025-10-29 15:47:22', 'mobile');
INSERT INTO streaming_history (user_id, song_id, played_at, device) VALUES (133, 3103, '2025-03-28 12:49:11', 'mobile');
INSERT INTO streaming_history (user_id, song_id, played_at, device) VALUES (275, 990, '2025-12-31 22:27:10', 'smart_tv');
INSERT INTO streaming_history (user_id, song_id, played_at, device) VALUES (211, 658, '2025-03-25 22:52:45', 'mobile');
INSERT INTO streaming_history (user_id, song_id, played_at, device) VALUES (2, 1937, '2026-01-31 06:27:08', 'desktop');
INSERT INTO streaming_history (user_id, song_id, played_at, device) VALUES (218, 5804, '2025-07-26 17:58:42', 'desktop');
INSERT INTO streaming_history (user_id, song_id, played_at, device) VALUES (129, 3442, '2025-07-24 06:45:48', 'mobile');
INSERT INTO streaming_history (user_id, song_id, played_at, device) VALUES (159, 2374, '2025-09-06 02:12:25', 'mobile');
INSERT INTO streaming_history (user_id, song_id, played_at, device) VALUES (140, 2620, '2026-02-07 12:05:59', 'tablet');
INSERT INTO streaming_history (user_id, song_id, played_at, device) VALUES (158, 4698, '2025-10-30 20:13:13', 'tablet');
INSERT INTO streaming_history (user_id, song_id, played_at, device) VALUES (265, 3401, '2026-03-14 00:17:08', 'mobile');
INSERT INTO streaming_history (user_id, song_id, played_at, device) VALUES (138, 5213, '2025-11-15 22:49:49', 'mobile');
INSERT INTO streaming_history (user_id, song_id, played_at, device) VALUES (63, 2277, '2026-02-23 02:25:36', 'tablet');
INSERT INTO streaming_history (user_id, song_id, played_at, device) VALUES (242, 681, '2025-12-10 12:46:25', 'mobile');
INSERT INTO streaming_history (user_id, song_id, played_at, device) VALUES (215, 5776, '2025-10-12 03:46:53', 'desktop');
INSERT INTO streaming_history (user_id, song_id, played_at, device) VALUES (107, 3419, '2025-10-22 01:47:19', 'tablet');
INSERT INTO streaming_history (user_id, song_id, played_at, device) VALUES (133, 2378, '2025-09-29 16:31:21', 'tablet');
INSERT INTO streaming_history (user_id, song_id, played_at, device) VALUES (283, 5754, '2025-04-17 00:54:10', 'smart_tv');
INSERT INTO streaming_history (user_id, song_id, played_at, device) VALUES (259, 4430, '2025-07-12 07:43:36', 'smart_tv');
INSERT INTO streaming_history (user_id, song_id, played_at, device) VALUES (134, 1431, '2025-07-18 18:09:40', 'mobile');
INSERT INTO streaming_history (user_id, song_id, played_at, device) VALUES (51, 2012, '2025-10-11 03:20:11', 'smart_tv');
INSERT INTO streaming_history (user_id, song_id, played_at, device) VALUES (41, 5267, '2026-01-01 20:12:28', 'mobile');
INSERT INTO streaming_history (user_id, song_id, played_at, device) VALUES (17, 5342, '2025-04-22 22:22:31', 'smart_tv');
INSERT INTO streaming_history (user_id, song_id, played_at, device) VALUES (78, 4121, '2025-12-05 12:38:58', 'mobile');
INSERT INTO streaming_history (user_id, song_id, played_at, device) VALUES (249, 5730, '2025-09-24 03:13:02', 'smart_tv');
INSERT INTO streaming_history (user_id, song_id, played_at, device) VALUES (143, 4958, '2025-04-05 19:37:43', 'smart_tv');
INSERT INTO streaming_history (user_id, song_id, played_at, device) VALUES (32, 4061, '2025-06-17 04:36:24', 'desktop');
INSERT INTO streaming_history (user_id, song_id, played_at, device) VALUES (30, 5739, '2025-07-03 17:42:46', 'desktop');
INSERT INTO streaming_history (user_id, song_id, played_at, device) VALUES (13, 5425, '2025-06-23 00:06:46', 'mobile');
INSERT INTO streaming_history (user_id, song_id, played_at, device) VALUES (95, 2498, '2025-08-15 21:21:28', 'tablet');
INSERT INTO streaming_history (user_id, song_id, played_at, device) VALUES (292, 5313, '2025-12-27 13:45:25', 'mobile');
INSERT INTO streaming_history (user_id, song_id, played_at, device) VALUES (21, 5171, '2025-10-23 00:37:06', 'desktop');
INSERT INTO streaming_history (user_id, song_id, played_at, device) VALUES (90, 2574, '2026-02-15 19:34:29', 'desktop');
INSERT INTO streaming_history (user_id, song_id, played_at, device) VALUES (168, 1045, '2025-12-15 15:15:58', 'tablet');
INSERT INTO streaming_history (user_id, song_id, played_at, device) VALUES (158, 3012, '2025-07-12 10:39:16', 'desktop');
INSERT INTO streaming_history (user_id, song_id, played_at, device) VALUES (135, 3673, '2025-08-19 09:51:09', 'smart_tv');
INSERT INTO streaming_history (user_id, song_id, played_at, device) VALUES (156, 5059, '2025-12-10 20:10:24', 'mobile');
INSERT INTO streaming_history (user_id, song_id, played_at, device) VALUES (78, 4711, '2025-06-15 16:31:51', 'smart_tv');
INSERT INTO streaming_history (user_id, song_id, played_at, device) VALUES (110, 4696, '2025-07-18 08:16:09', 'smart_tv');
INSERT INTO streaming_history (user_id, song_id, played_at, device) VALUES (278, 4053, '2025-09-29 01:16:04', 'smart_tv');
INSERT INTO streaming_history (user_id, song_id, played_at, device) VALUES (151, 5852, '2025-08-31 09:35:29', 'desktop');
INSERT INTO streaming_history (user_id, song_id, played_at, device) VALUES (248, 1475, '2025-12-02 08:13:55', 'mobile');
INSERT INTO streaming_history (user_id, song_id, played_at, device) VALUES (82, 2296, '2025-05-26 22:38:35', 'mobile');
INSERT INTO streaming_history (user_id, song_id, played_at, device) VALUES (275, 1380, '2025-10-31 20:07:10', 'desktop');
INSERT INTO streaming_history (user_id, song_id, played_at, device) VALUES (101, 1855, '2026-01-13 00:16:55', 'mobile');
INSERT INTO streaming_history (user_id, song_id, played_at, device) VALUES (217, 3798, '2025-05-31 02:49:45', 'tablet');
INSERT INTO streaming_history (user_id, song_id, played_at, device) VALUES (64, 2671, '2025-04-30 23:51:07', 'mobile');
INSERT INTO streaming_history (user_id, song_id, played_at, device) VALUES (61, 69, '2025-12-27 23:21:37', 'mobile');
INSERT INTO streaming_history (user_id, song_id, played_at, device) VALUES (14, 5609, '2025-11-30 18:03:52', 'tablet');
INSERT INTO streaming_history (user_id, song_id, played_at, device) VALUES (239, 2609, '2025-09-14 10:00:27', 'tablet');
INSERT INTO streaming_history (user_id, song_id, played_at, device) VALUES (295, 145, '2025-10-27 16:42:22', 'mobile');
INSERT INTO streaming_history (user_id, song_id, played_at, device) VALUES (274, 2164, '2025-06-24 16:28:35', 'desktop');
INSERT INTO streaming_history (user_id, song_id, played_at, device) VALUES (248, 2451, '2025-10-18 07:06:15', 'tablet');
INSERT INTO streaming_history (user_id, song_id, played_at, device) VALUES (18, 5123, '2025-11-04 18:10:19', 'smart_tv');
INSERT INTO streaming_history (user_id, song_id, played_at, device) VALUES (282, 3895, '2026-03-03 03:58:49', 'mobile');
INSERT INTO streaming_history (user_id, song_id, played_at, device) VALUES (131, 4484, '2025-06-17 05:27:25', 'mobile');
INSERT INTO streaming_history (user_id, song_id, played_at, device) VALUES (253, 4149, '2026-02-03 04:12:22', 'mobile');
INSERT INTO streaming_history (user_id, song_id, played_at, device) VALUES (249, 3213, '2025-04-13 16:42:49', 'mobile');
INSERT INTO streaming_history (user_id, song_id, played_at, device) VALUES (116, 4877, '2025-06-26 05:31:49', 'mobile');
INSERT INTO streaming_history (user_id, song_id, played_at, device) VALUES (298, 2201, '2026-01-28 12:31:35', 'mobile');
INSERT INTO streaming_history (user_id, song_id, played_at, device) VALUES (85, 1947, '2026-03-07 19:18:44', 'tablet');
INSERT INTO streaming_history (user_id, song_id, played_at, device) VALUES (126, 1000, '2025-09-19 15:42:12', 'desktop');
INSERT INTO streaming_history (user_id, song_id, played_at, device) VALUES (38, 4215, '2026-03-05 08:58:35', 'mobile');
INSERT INTO streaming_history (user_id, song_id, played_at, device) VALUES (7, 3895, '2025-11-23 10:32:53', 'smart_tv');
INSERT INTO streaming_history (user_id, song_id, played_at, device) VALUES (104, 5448, '2026-01-29 06:28:51', 'mobile');
INSERT INTO streaming_history (user_id, song_id, played_at, device) VALUES (189, 5001, '2025-04-12 05:16:13', 'desktop');
INSERT INTO streaming_history (user_id, song_id, played_at, device) VALUES (146, 1951, '2025-04-11 05:13:44', 'smart_tv');
INSERT INTO streaming_history (user_id, song_id, played_at, device) VALUES (287, 5486, '2025-06-04 06:30:05', 'mobile');
INSERT INTO streaming_history (user_id, song_id, played_at, device) VALUES (19, 5932, '2026-03-22 19:26:04', 'smart_tv');
INSERT INTO streaming_history (user_id, song_id, played_at, device) VALUES (27, 1469, '2026-01-11 19:45:22', 'smart_tv');
INSERT INTO streaming_history (user_id, song_id, played_at, device) VALUES (205, 3300, '2025-08-06 11:00:16', 'tablet');
INSERT INTO streaming_history (user_id, song_id, played_at, device) VALUES (241, 4968, '2025-07-08 09:04:39', 'mobile');
INSERT INTO streaming_history (user_id, song_id, played_at, device) VALUES (48, 4020, '2026-01-16 03:59:15', 'tablet');
INSERT INTO streaming_history (user_id, song_id, played_at, device) VALUES (156, 2575, '2026-01-30 02:28:39', 'smart_tv');
INSERT INTO streaming_history (user_id, song_id, played_at, device) VALUES (195, 972, '2025-06-13 17:03:55', 'tablet');
INSERT INTO streaming_history (user_id, song_id, played_at, device) VALUES (195, 3504, '2025-11-17 04:57:33', 'smart_tv');
INSERT INTO streaming_history (user_id, song_id, played_at, device) VALUES (7, 2414, '2025-09-25 12:51:16', 'mobile');
INSERT INTO streaming_history (user_id, song_id, played_at, device) VALUES (52, 1283, '2025-07-26 12:26:23', 'tablet');
INSERT INTO streaming_history (user_id, song_id, played_at, device) VALUES (159, 603, '2025-09-05 00:50:42', 'smart_tv');
INSERT INTO streaming_history (user_id, song_id, played_at, device) VALUES (239, 1815, '2025-09-09 01:10:05', 'desktop');
INSERT INTO streaming_history (user_id, song_id, played_at, device) VALUES (12, 3520, '2025-09-25 15:57:13', 'tablet');
INSERT INTO streaming_history (user_id, song_id, played_at, device) VALUES (47, 753, '2026-02-28 02:01:13', 'desktop');
INSERT INTO streaming_history (user_id, song_id, played_at, device) VALUES (238, 82, '2025-08-17 23:30:29', 'tablet');
INSERT INTO streaming_history (user_id, song_id, played_at, device) VALUES (138, 4556, '2026-01-09 22:14:44', 'smart_tv');
INSERT INTO streaming_history (user_id, song_id, played_at, device) VALUES (60, 5092, '2025-09-23 20:14:21', 'mobile');
INSERT INTO streaming_history (user_id, song_id, played_at, device) VALUES (194, 4590, '2025-10-01 08:25:45', 'tablet');
INSERT INTO streaming_history (user_id, song_id, played_at, device) VALUES (39, 4902, '2026-02-15 03:06:49', 'desktop');
INSERT INTO streaming_history (user_id, song_id, played_at, device) VALUES (154, 2465, '2025-08-25 01:56:33', 'smart_tv');
INSERT INTO streaming_history (user_id, song_id, played_at, device) VALUES (157, 5973, '2026-01-23 00:52:52', 'desktop');
INSERT INTO streaming_history (user_id, song_id, played_at, device) VALUES (183, 229, '2026-01-06 05:52:11', 'smart_tv');
INSERT INTO streaming_history (user_id, song_id, played_at, device) VALUES (285, 2419, '2025-12-08 16:06:33', 'tablet');
INSERT INTO streaming_history (user_id, song_id, played_at, device) VALUES (279, 2897, '2025-07-05 08:54:50', 'smart_tv');
INSERT INTO streaming_history (user_id, song_id, played_at, device) VALUES (68, 3634, '2026-01-12 16:27:43', 'desktop');
INSERT INTO streaming_history (user_id, song_id, played_at, device) VALUES (239, 4554, '2025-07-04 03:35:40', 'desktop');
INSERT INTO streaming_history (user_id, song_id, played_at, device) VALUES (92, 5164, '2025-08-18 23:22:13', 'smart_tv');
INSERT INTO streaming_history (user_id, song_id, played_at, device) VALUES (279, 566, '2025-07-17 03:47:20', 'mobile');
INSERT INTO streaming_history (user_id, song_id, played_at, device) VALUES (236, 1263, '2025-08-31 15:34:12', 'smart_tv');
INSERT INTO streaming_history (user_id, song_id, played_at, device) VALUES (100, 4129, '2025-11-29 04:53:12', 'tablet');
INSERT INTO streaming_history (user_id, song_id, played_at, device) VALUES (199, 617, '2026-02-01 06:05:51', 'mobile');
INSERT INTO streaming_history (user_id, song_id, played_at, device) VALUES (63, 1036, '2025-11-22 15:31:00', 'smart_tv');
INSERT INTO streaming_history (user_id, song_id, played_at, device) VALUES (212, 4747, '2026-01-04 00:16:07', 'desktop');
INSERT INTO streaming_history (user_id, song_id, played_at, device) VALUES (291, 194, '2026-02-21 11:06:41', 'desktop');
INSERT INTO streaming_history (user_id, song_id, played_at, device) VALUES (277, 5389, '2025-04-23 04:10:10', 'desktop');
INSERT INTO streaming_history (user_id, song_id, played_at, device) VALUES (85, 3299, '2025-11-07 02:35:52', 'smart_tv');
INSERT INTO streaming_history (user_id, song_id, played_at, device) VALUES (87, 4093, '2025-07-09 14:17:07', 'smart_tv');
INSERT INTO streaming_history (user_id, song_id, played_at, device) VALUES (7, 600, '2025-09-05 03:43:26', 'tablet');
INSERT INTO streaming_history (user_id, song_id, played_at, device) VALUES (169, 4220, '2026-01-05 00:16:51', 'tablet');
INSERT INTO streaming_history (user_id, song_id, played_at, device) VALUES (111, 4030, '2025-08-11 11:56:10', 'smart_tv');
INSERT INTO streaming_history (user_id, song_id, played_at, device) VALUES (119, 769, '2025-08-22 15:53:04', 'mobile');
INSERT INTO streaming_history (user_id, song_id, played_at, device) VALUES (187, 3760, '2025-09-20 18:58:46', 'tablet');
INSERT INTO streaming_history (user_id, song_id, played_at, device) VALUES (57, 4037, '2025-08-15 23:12:16', 'tablet');
INSERT INTO streaming_history (user_id, song_id, played_at, device) VALUES (22, 3805, '2025-04-28 17:52:32', 'smart_tv');
INSERT INTO streaming_history (user_id, song_id, played_at, device) VALUES (50, 4787, '2025-08-06 01:07:59', 'mobile');
INSERT INTO streaming_history (user_id, song_id, played_at, device) VALUES (51, 966, '2025-04-07 05:09:02', 'mobile');
INSERT INTO streaming_history (user_id, song_id, played_at, device) VALUES (32, 2971, '2025-08-14 18:07:26', 'mobile');
INSERT INTO streaming_history (user_id, song_id, played_at, device) VALUES (42, 1929, '2025-07-26 08:09:55', 'smart_tv');
INSERT INTO streaming_history (user_id, song_id, played_at, device) VALUES (47, 314, '2025-11-20 12:35:53', 'mobile');
INSERT INTO streaming_history (user_id, song_id, played_at, device) VALUES (62, 2046, '2025-10-17 11:34:18', 'tablet');
INSERT INTO streaming_history (user_id, song_id, played_at, device) VALUES (245, 3319, '2025-12-28 23:41:38', 'mobile');
INSERT INTO streaming_history (user_id, song_id, played_at, device) VALUES (149, 1194, '2025-06-18 07:48:30', 'mobile');
INSERT INTO streaming_history (user_id, song_id, played_at, device) VALUES (89, 5271, '2025-09-19 23:51:58', 'mobile');
INSERT INTO streaming_history (user_id, song_id, played_at, device) VALUES (291, 4994, '2025-09-02 21:26:34', 'mobile');
INSERT INTO streaming_history (user_id, song_id, played_at, device) VALUES (20, 3287, '2025-05-19 00:28:55', 'mobile');
INSERT INTO streaming_history (user_id, song_id, played_at, device) VALUES (30, 5584, '2025-11-12 18:21:34', 'smart_tv');
INSERT INTO streaming_history (user_id, song_id, played_at, device) VALUES (246, 4474, '2025-04-08 04:28:03', 'desktop');
INSERT INTO streaming_history (user_id, song_id, played_at, device) VALUES (95, 4473, '2025-05-09 19:43:51', 'desktop');
INSERT INTO streaming_history (user_id, song_id, played_at, device) VALUES (275, 1520, '2025-09-08 11:15:17', 'mobile');
INSERT INTO streaming_history (user_id, song_id, played_at, device) VALUES (221, 4461, '2025-07-10 16:50:53', 'desktop');
INSERT INTO streaming_history (user_id, song_id, played_at, device) VALUES (120, 5600, '2025-11-12 16:42:02', 'desktop');
INSERT INTO streaming_history (user_id, song_id, played_at, device) VALUES (131, 2886, '2025-12-02 23:41:26', 'desktop');
INSERT INTO streaming_history (user_id, song_id, played_at, device) VALUES (194, 4158, '2025-10-04 09:47:37', 'mobile');
INSERT INTO streaming_history (user_id, song_id, played_at, device) VALUES (153, 6026, '2025-07-14 07:32:57', 'tablet');
INSERT INTO streaming_history (user_id, song_id, played_at, device) VALUES (10, 2458, '2025-09-08 21:39:29', 'smart_tv');
INSERT INTO streaming_history (user_id, song_id, played_at, device) VALUES (62, 4627, '2025-04-14 15:54:27', 'tablet');
INSERT INTO streaming_history (user_id, song_id, played_at, device) VALUES (92, 772, '2025-12-16 03:06:37', 'tablet');
INSERT INTO streaming_history (user_id, song_id, played_at, device) VALUES (288, 5908, '2025-08-05 10:27:27', 'mobile');
INSERT INTO streaming_history (user_id, song_id, played_at, device) VALUES (257, 215, '2025-04-20 21:54:45', 'mobile');
INSERT INTO streaming_history (user_id, song_id, played_at, device) VALUES (26, 4559, '2025-10-05 11:54:35', 'desktop');
INSERT INTO streaming_history (user_id, song_id, played_at, device) VALUES (72, 5400, '2025-09-26 03:41:25', 'tablet');
INSERT INTO streaming_history (user_id, song_id, played_at, device) VALUES (4, 2372, '2026-01-07 09:50:58', 'mobile');
INSERT INTO streaming_history (user_id, song_id, played_at, device) VALUES (163, 3367, '2025-07-22 19:58:32', 'mobile');
INSERT INTO streaming_history (user_id, song_id, played_at, device) VALUES (198, 21, '2025-07-28 15:54:20', 'smart_tv');
INSERT INTO streaming_history (user_id, song_id, played_at, device) VALUES (152, 2175, '2025-07-06 05:19:38', 'mobile');
INSERT INTO streaming_history (user_id, song_id, played_at, device) VALUES (151, 3189, '2025-07-03 17:07:27', 'smart_tv');
INSERT INTO streaming_history (user_id, song_id, played_at, device) VALUES (161, 5986, '2026-02-20 20:24:11', 'desktop');
INSERT INTO streaming_history (user_id, song_id, played_at, device) VALUES (65, 4302, '2025-11-16 07:07:32', 'smart_tv');
INSERT INTO streaming_history (user_id, song_id, played_at, device) VALUES (178, 2069, '2025-11-27 07:21:11', 'tablet');
INSERT INTO streaming_history (user_id, song_id, played_at, device) VALUES (62, 4813, '2025-09-01 19:39:10', 'mobile');
INSERT INTO streaming_history (user_id, song_id, played_at, device) VALUES (41, 561, '2025-06-04 06:57:42', 'desktop');
INSERT INTO streaming_history (user_id, song_id, played_at, device) VALUES (257, 198, '2025-09-12 08:22:08', 'desktop');
INSERT INTO streaming_history (user_id, song_id, played_at, device) VALUES (87, 3293, '2025-11-16 13:52:09', 'smart_tv');
INSERT INTO streaming_history (user_id, song_id, played_at, device) VALUES (34, 781, '2025-12-29 13:03:54', 'mobile');
INSERT INTO streaming_history (user_id, song_id, played_at, device) VALUES (285, 2947, '2026-03-08 17:40:31', 'desktop');
INSERT INTO streaming_history (user_id, song_id, played_at, device) VALUES (231, 2090, '2026-03-24 13:32:17', 'tablet');
INSERT INTO streaming_history (user_id, song_id, played_at, device) VALUES (226, 4352, '2026-03-09 19:57:45', 'smart_tv');
INSERT INTO streaming_history (user_id, song_id, played_at, device) VALUES (99, 810, '2026-01-18 13:42:55', 'desktop');
INSERT INTO streaming_history (user_id, song_id, played_at, device) VALUES (219, 1970, '2025-07-27 18:45:24', 'tablet');
INSERT INTO streaming_history (user_id, song_id, played_at, device) VALUES (221, 5799, '2025-09-09 23:16:16', 'desktop');
INSERT INTO streaming_history (user_id, song_id, played_at, device) VALUES (157, 1523, '2025-08-10 09:27:35', 'mobile');
INSERT INTO streaming_history (user_id, song_id, played_at, device) VALUES (235, 4357, '2025-12-22 00:50:23', 'tablet');
INSERT INTO streaming_history (user_id, song_id, played_at, device) VALUES (227, 4762, '2025-07-31 01:27:18', 'desktop');
INSERT INTO streaming_history (user_id, song_id, played_at, device) VALUES (154, 1247, '2026-01-02 16:43:07', 'smart_tv');
INSERT INTO streaming_history (user_id, song_id, played_at, device) VALUES (172, 5054, '2025-05-14 09:18:32', 'smart_tv');
INSERT INTO streaming_history (user_id, song_id, played_at, device) VALUES (15, 5523, '2025-09-22 18:24:20', 'smart_tv');
INSERT INTO streaming_history (user_id, song_id, played_at, device) VALUES (78, 3894, '2025-10-13 07:36:29', 'mobile');
INSERT INTO streaming_history (user_id, song_id, played_at, device) VALUES (234, 2880, '2026-03-13 01:32:43', 'desktop');
INSERT INTO streaming_history (user_id, song_id, played_at, device) VALUES (265, 4182, '2026-01-15 19:38:43', 'tablet');
INSERT INTO streaming_history (user_id, song_id, played_at, device) VALUES (267, 4956, '2026-01-01 18:23:41', 'tablet');
INSERT INTO streaming_history (user_id, song_id, played_at, device) VALUES (268, 5335, '2026-02-23 22:21:09', 'smart_tv');
INSERT INTO streaming_history (user_id, song_id, played_at, device) VALUES (63, 595, '2025-04-23 12:09:25', 'mobile');
INSERT INTO streaming_history (user_id, song_id, played_at, device) VALUES (11, 1231, '2025-09-12 09:48:20', 'mobile');
INSERT INTO streaming_history (user_id, song_id, played_at, device) VALUES (234, 4276, '2025-12-23 23:36:32', 'smart_tv');
INSERT INTO streaming_history (user_id, song_id, played_at, device) VALUES (117, 2477, '2025-04-19 23:57:16', 'desktop');
INSERT INTO streaming_history (user_id, song_id, played_at, device) VALUES (272, 807, '2025-04-04 16:07:43', 'mobile');
INSERT INTO streaming_history (user_id, song_id, played_at, device) VALUES (6, 16, '2025-05-31 20:59:28', 'desktop');
INSERT INTO streaming_history (user_id, song_id, played_at, device) VALUES (83, 3089, '2025-06-13 22:47:09', 'tablet');
INSERT INTO streaming_history (user_id, song_id, played_at, device) VALUES (172, 5797, '2026-01-12 13:29:15', 'mobile');
INSERT INTO streaming_history (user_id, song_id, played_at, device) VALUES (191, 3073, '2025-11-19 07:12:03', 'desktop');
INSERT INTO streaming_history (user_id, song_id, played_at, device) VALUES (130, 4853, '2025-06-16 04:56:26', 'smart_tv');
INSERT INTO streaming_history (user_id, song_id, played_at, device) VALUES (260, 2065, '2025-06-16 00:01:55', 'smart_tv');
INSERT INTO streaming_history (user_id, song_id, played_at, device) VALUES (210, 4012, '2025-08-01 11:32:25', 'tablet');
INSERT INTO streaming_history (user_id, song_id, played_at, device) VALUES (65, 2464, '2025-12-08 23:27:58', 'mobile');
INSERT INTO streaming_history (user_id, song_id, played_at, device) VALUES (88, 181, '2025-04-19 19:28:42', 'mobile');
INSERT INTO streaming_history (user_id, song_id, played_at, device) VALUES (20, 1586, '2026-01-27 18:26:23', 'desktop');
INSERT INTO streaming_history (user_id, song_id, played_at, device) VALUES (124, 128, '2026-01-07 17:08:52', 'desktop');
INSERT INTO streaming_history (user_id, song_id, played_at, device) VALUES (253, 301, '2025-07-27 16:26:52', 'desktop');
INSERT INTO streaming_history (user_id, song_id, played_at, device) VALUES (164, 3102, '2025-11-19 22:53:02', 'smart_tv');
INSERT INTO streaming_history (user_id, song_id, played_at, device) VALUES (91, 5377, '2026-02-08 21:09:55', 'smart_tv');
INSERT INTO streaming_history (user_id, song_id, played_at, device) VALUES (178, 1229, '2026-03-13 23:23:50', 'smart_tv');
INSERT INTO streaming_history (user_id, song_id, played_at, device) VALUES (257, 5704, '2025-04-08 17:47:54', 'tablet');
INSERT INTO streaming_history (user_id, song_id, played_at, device) VALUES (244, 2095, '2025-04-05 03:04:20', 'mobile');
INSERT INTO streaming_history (user_id, song_id, played_at, device) VALUES (42, 2989, '2026-01-15 13:08:24', 'desktop');
INSERT INTO streaming_history (user_id, song_id, played_at, device) VALUES (38, 1801, '2025-05-09 22:59:52', 'desktop');
INSERT INTO streaming_history (user_id, song_id, played_at, device) VALUES (150, 3938, '2025-07-08 22:42:04', 'tablet');
INSERT INTO streaming_history (user_id, song_id, played_at, device) VALUES (154, 4277, '2025-12-11 13:28:05', 'desktop');
INSERT INTO streaming_history (user_id, song_id, played_at, device) VALUES (222, 737, '2026-02-19 04:08:19', 'mobile');
INSERT INTO streaming_history (user_id, song_id, played_at, device) VALUES (154, 5113, '2025-10-22 00:40:21', 'mobile');
INSERT INTO streaming_history (user_id, song_id, played_at, device) VALUES (271, 4130, '2025-04-13 00:48:37', 'desktop');
INSERT INTO streaming_history (user_id, song_id, played_at, device) VALUES (177, 1344, '2025-06-16 19:46:13', 'mobile');
INSERT INTO streaming_history (user_id, song_id, played_at, device) VALUES (114, 4753, '2025-08-04 13:37:38', 'tablet');
INSERT INTO streaming_history (user_id, song_id, played_at, device) VALUES (30, 1164, '2025-05-09 20:41:36', 'desktop');
INSERT INTO streaming_history (user_id, song_id, played_at, device) VALUES (63, 5377, '2025-06-10 05:05:00', 'smart_tv');
INSERT INTO streaming_history (user_id, song_id, played_at, device) VALUES (266, 3569, '2025-05-09 15:43:36', 'tablet');
INSERT INTO streaming_history (user_id, song_id, played_at, device) VALUES (52, 3745, '2025-10-15 11:09:28', 'mobile');
INSERT INTO streaming_history (user_id, song_id, played_at, device) VALUES (224, 4776, '2025-09-17 17:31:38', 'desktop');
INSERT INTO streaming_history (user_id, song_id, played_at, device) VALUES (181, 4297, '2025-07-05 16:02:02', 'desktop');
INSERT INTO streaming_history (user_id, song_id, played_at, device) VALUES (196, 696, '2025-04-18 14:04:38', 'mobile');
INSERT INTO streaming_history (user_id, song_id, played_at, device) VALUES (5, 4072, '2025-10-14 10:27:23', 'smart_tv');
INSERT INTO streaming_history (user_id, song_id, played_at, device) VALUES (66, 6098, '2026-01-02 21:06:11', 'desktop');
INSERT INTO streaming_history (user_id, song_id, played_at, device) VALUES (250, 3379, '2025-10-03 05:01:44', 'mobile');
INSERT INTO streaming_history (user_id, song_id, played_at, device) VALUES (106, 3386, '2025-07-08 23:51:50', 'mobile');
INSERT INTO streaming_history (user_id, song_id, played_at, device) VALUES (275, 598, '2026-03-06 17:26:30', 'mobile');
INSERT INTO streaming_history (user_id, song_id, played_at, device) VALUES (117, 2776, '2025-07-27 23:49:17', 'desktop');
INSERT INTO streaming_history (user_id, song_id, played_at, device) VALUES (47, 4238, '2026-03-03 01:25:23', 'tablet');
INSERT INTO streaming_history (user_id, song_id, played_at, device) VALUES (293, 527, '2025-10-13 08:05:50', 'desktop');
INSERT INTO streaming_history (user_id, song_id, played_at, device) VALUES (53, 2872, '2025-12-19 07:59:17', 'desktop');
INSERT INTO streaming_history (user_id, song_id, played_at, device) VALUES (62, 5885, '2025-06-30 02:43:59', 'desktop');
INSERT INTO streaming_history (user_id, song_id, played_at, device) VALUES (163, 1556, '2025-11-20 16:20:31', 'tablet');
INSERT INTO streaming_history (user_id, song_id, played_at, device) VALUES (167, 1549, '2026-02-01 19:12:01', 'mobile');
INSERT INTO streaming_history (user_id, song_id, played_at, device) VALUES (13, 3198, '2025-04-02 21:22:35', 'desktop');
INSERT INTO streaming_history (user_id, song_id, played_at, device) VALUES (289, 5993, '2026-02-23 01:57:59', 'smart_tv');
INSERT INTO streaming_history (user_id, song_id, played_at, device) VALUES (135, 547, '2025-05-29 19:00:25', 'desktop');
INSERT INTO streaming_history (user_id, song_id, played_at, device) VALUES (175, 4414, '2025-11-19 17:31:13', 'smart_tv');
INSERT INTO streaming_history (user_id, song_id, played_at, device) VALUES (141, 1302, '2025-04-20 22:14:58', 'smart_tv');
INSERT INTO streaming_history (user_id, song_id, played_at, device) VALUES (244, 4400, '2025-10-28 00:49:37', 'tablet');
INSERT INTO streaming_history (user_id, song_id, played_at, device) VALUES (146, 3889, '2025-05-28 05:16:31', 'mobile');
INSERT INTO streaming_history (user_id, song_id, played_at, device) VALUES (17, 4751, '2025-12-23 13:31:24', 'smart_tv');
INSERT INTO streaming_history (user_id, song_id, played_at, device) VALUES (1, 5780, '2025-08-15 09:14:56', 'smart_tv');
INSERT INTO streaming_history (user_id, song_id, played_at, device) VALUES (227, 138, '2026-03-25 10:41:02', 'smart_tv');
INSERT INTO streaming_history (user_id, song_id, played_at, device) VALUES (127, 1783, '2025-08-24 15:19:21', 'mobile');
INSERT INTO streaming_history (user_id, song_id, played_at, device) VALUES (86, 5621, '2025-10-03 00:42:18', 'desktop');
INSERT INTO streaming_history (user_id, song_id, played_at, device) VALUES (130, 2148, '2026-02-02 01:58:23', 'tablet');
INSERT INTO streaming_history (user_id, song_id, played_at, device) VALUES (239, 4733, '2025-05-07 13:01:50', 'tablet');
INSERT INTO streaming_history (user_id, song_id, played_at, device) VALUES (248, 2915, '2026-02-02 13:02:56', 'mobile');
INSERT INTO streaming_history (user_id, song_id, played_at, device) VALUES (47, 443, '2025-04-28 04:29:46', 'desktop');
INSERT INTO streaming_history (user_id, song_id, played_at, device) VALUES (221, 5459, '2025-12-26 00:06:34', 'smart_tv');
INSERT INTO streaming_history (user_id, song_id, played_at, device) VALUES (107, 4620, '2025-07-10 11:22:47', 'smart_tv');
INSERT INTO streaming_history (user_id, song_id, played_at, device) VALUES (123, 980, '2025-07-11 23:15:02', 'tablet');
INSERT INTO streaming_history (user_id, song_id, played_at, device) VALUES (44, 4337, '2026-03-25 08:40:24', 'smart_tv');
INSERT INTO streaming_history (user_id, song_id, played_at, device) VALUES (4, 2037, '2025-11-09 08:39:11', 'smart_tv');
INSERT INTO streaming_history (user_id, song_id, played_at, device) VALUES (163, 642, '2025-10-13 15:36:59', 'desktop');
INSERT INTO streaming_history (user_id, song_id, played_at, device) VALUES (148, 5540, '2025-09-28 13:34:30', 'mobile');
INSERT INTO streaming_history (user_id, song_id, played_at, device) VALUES (77, 3933, '2025-05-10 20:53:41', 'smart_tv');
INSERT INTO streaming_history (user_id, song_id, played_at, device) VALUES (7, 2940, '2025-06-21 19:31:22', 'desktop');
INSERT INTO streaming_history (user_id, song_id, played_at, device) VALUES (152, 1537, '2026-02-21 08:39:00', 'smart_tv');
INSERT INTO streaming_history (user_id, song_id, played_at, device) VALUES (183, 2225, '2026-03-04 07:53:44', 'desktop');
INSERT INTO streaming_history (user_id, song_id, played_at, device) VALUES (211, 4391, '2025-04-29 21:32:59', 'desktop');
INSERT INTO streaming_history (user_id, song_id, played_at, device) VALUES (10, 546, '2025-04-16 21:00:44', 'smart_tv');
INSERT INTO streaming_history (user_id, song_id, played_at, device) VALUES (245, 2198, '2025-06-06 21:53:27', 'desktop');
INSERT INTO streaming_history (user_id, song_id, played_at, device) VALUES (95, 1568, '2026-01-19 11:23:22', 'desktop');
INSERT INTO streaming_history (user_id, song_id, played_at, device) VALUES (288, 6117, '2025-06-12 18:28:45', 'tablet');
INSERT INTO streaming_history (user_id, song_id, played_at, device) VALUES (91, 5797, '2025-06-24 06:18:46', 'desktop');
INSERT INTO streaming_history (user_id, song_id, played_at, device) VALUES (279, 4886, '2025-05-19 08:20:57', 'tablet');
INSERT INTO streaming_history (user_id, song_id, played_at, device) VALUES (39, 4094, '2025-09-14 04:45:21', 'mobile');
INSERT INTO streaming_history (user_id, song_id, played_at, device) VALUES (245, 3901, '2025-10-02 08:32:03', 'tablet');
INSERT INTO streaming_history (user_id, song_id, played_at, device) VALUES (190, 5391, '2025-11-23 18:47:54', 'mobile');
INSERT INTO streaming_history (user_id, song_id, played_at, device) VALUES (74, 419, '2025-10-04 09:44:00', 'tablet');
INSERT INTO streaming_history (user_id, song_id, played_at, device) VALUES (226, 5155, '2026-03-05 04:53:32', 'tablet');
INSERT INTO streaming_history (user_id, song_id, played_at, device) VALUES (289, 2274, '2025-11-26 08:51:17', 'tablet');
INSERT INTO streaming_history (user_id, song_id, played_at, device) VALUES (123, 479, '2025-04-16 15:59:06', 'desktop');
INSERT INTO streaming_history (user_id, song_id, played_at, device) VALUES (130, 4316, '2025-03-26 12:21:30', 'tablet');
INSERT INTO streaming_history (user_id, song_id, played_at, device) VALUES (43, 41, '2025-07-16 02:58:13', 'mobile');
INSERT INTO streaming_history (user_id, song_id, played_at, device) VALUES (127, 3119, '2026-01-21 12:06:57', 'tablet');
INSERT INTO streaming_history (user_id, song_id, played_at, device) VALUES (223, 822, '2026-03-08 01:13:39', 'smart_tv');
INSERT INTO streaming_history (user_id, song_id, played_at, device) VALUES (271, 3165, '2025-09-11 19:45:35', 'mobile');
INSERT INTO streaming_history (user_id, song_id, played_at, device) VALUES (69, 3956, '2025-06-04 20:18:58', 'smart_tv');
INSERT INTO streaming_history (user_id, song_id, played_at, device) VALUES (259, 3659, '2026-02-13 14:16:24', 'tablet');
INSERT INTO streaming_history (user_id, song_id, played_at, device) VALUES (27, 2827, '2025-04-11 12:22:15', 'mobile');
INSERT INTO streaming_history (user_id, song_id, played_at, device) VALUES (30, 2639, '2025-11-01 17:17:08', 'mobile');
INSERT INTO streaming_history (user_id, song_id, played_at, device) VALUES (181, 3160, '2025-10-10 09:40:26', 'smart_tv');
INSERT INTO streaming_history (user_id, song_id, played_at, device) VALUES (166, 4081, '2026-01-08 14:38:53', 'tablet');
INSERT INTO streaming_history (user_id, song_id, played_at, device) VALUES (268, 5536, '2025-09-27 01:23:33', 'mobile');
INSERT INTO streaming_history (user_id, song_id, played_at, device) VALUES (47, 3384, '2025-12-03 14:23:11', 'desktop');
INSERT INTO streaming_history (user_id, song_id, played_at, device) VALUES (112, 4484, '2025-04-18 06:17:16', 'desktop');
INSERT INTO streaming_history (user_id, song_id, played_at, device) VALUES (257, 3451, '2025-12-26 07:47:09', 'desktop');
INSERT INTO streaming_history (user_id, song_id, played_at, device) VALUES (149, 529, '2025-08-04 02:57:25', 'desktop');
INSERT INTO streaming_history (user_id, song_id, played_at, device) VALUES (126, 2521, '2025-06-18 03:23:24', 'tablet');
INSERT INTO streaming_history (user_id, song_id, played_at, device) VALUES (180, 2343, '2025-10-13 01:33:02', 'tablet');
INSERT INTO streaming_history (user_id, song_id, played_at, device) VALUES (19, 2418, '2025-06-14 12:44:59', 'mobile');
INSERT INTO streaming_history (user_id, song_id, played_at, device) VALUES (215, 4483, '2025-04-06 19:19:42', 'mobile');
INSERT INTO streaming_history (user_id, song_id, played_at, device) VALUES (209, 5441, '2025-08-21 10:38:09', 'desktop');
INSERT INTO streaming_history (user_id, song_id, played_at, device) VALUES (71, 2826, '2025-08-31 13:16:50', 'desktop');
INSERT INTO streaming_history (user_id, song_id, played_at, device) VALUES (99, 1249, '2025-12-14 20:40:27', 'smart_tv');
INSERT INTO streaming_history (user_id, song_id, played_at, device) VALUES (9, 1630, '2025-11-15 09:08:57', 'smart_tv');
INSERT INTO streaming_history (user_id, song_id, played_at, device) VALUES (25, 5209, '2025-04-18 13:17:42', 'tablet');
INSERT INTO streaming_history (user_id, song_id, played_at, device) VALUES (140, 1189, '2026-02-22 05:12:55', 'desktop');
INSERT INTO streaming_history (user_id, song_id, played_at, device) VALUES (58, 1190, '2025-05-04 04:33:23', 'desktop');
INSERT INTO streaming_history (user_id, song_id, played_at, device) VALUES (94, 4703, '2025-08-02 00:34:59', 'smart_tv');
INSERT INTO streaming_history (user_id, song_id, played_at, device) VALUES (100, 3981, '2025-10-08 21:34:57', 'tablet');
INSERT INTO streaming_history (user_id, song_id, played_at, device) VALUES (223, 4040, '2025-08-06 15:12:43', 'mobile');
INSERT INTO streaming_history (user_id, song_id, played_at, device) VALUES (179, 5219, '2025-07-18 14:35:24', 'smart_tv');
INSERT INTO streaming_history (user_id, song_id, played_at, device) VALUES (205, 2890, '2025-03-27 21:12:43', 'desktop');
INSERT INTO streaming_history (user_id, song_id, played_at, device) VALUES (127, 5408, '2025-11-03 02:49:23', 'desktop');
INSERT INTO streaming_history (user_id, song_id, played_at, device) VALUES (277, 18, '2025-06-16 03:33:19', 'smart_tv');
INSERT INTO streaming_history (user_id, song_id, played_at, device) VALUES (280, 5674, '2025-12-20 14:49:49', 'mobile');
INSERT INTO streaming_history (user_id, song_id, played_at, device) VALUES (52, 3417, '2025-05-22 05:33:36', 'mobile');
INSERT INTO streaming_history (user_id, song_id, played_at, device) VALUES (247, 320, '2025-11-27 19:42:09', 'mobile');
INSERT INTO streaming_history (user_id, song_id, played_at, device) VALUES (221, 4719, '2025-06-15 20:03:22', 'mobile');
INSERT INTO streaming_history (user_id, song_id, played_at, device) VALUES (197, 40, '2025-03-31 09:55:06', 'desktop');
INSERT INTO streaming_history (user_id, song_id, played_at, device) VALUES (222, 1490, '2025-12-06 18:49:21', 'desktop');
INSERT INTO streaming_history (user_id, song_id, played_at, device) VALUES (292, 5190, '2025-12-14 00:28:02', 'smart_tv');
INSERT INTO streaming_history (user_id, song_id, played_at, device) VALUES (86, 4686, '2025-07-17 21:01:52', 'smart_tv');
INSERT INTO streaming_history (user_id, song_id, played_at, device) VALUES (100, 5991, '2025-07-08 04:20:39', 'smart_tv');
INSERT INTO streaming_history (user_id, song_id, played_at, device) VALUES (50, 958, '2025-05-04 18:46:59', 'mobile');
INSERT INTO streaming_history (user_id, song_id, played_at, device) VALUES (283, 5377, '2025-11-25 05:13:32', 'tablet');
INSERT INTO streaming_history (user_id, song_id, played_at, device) VALUES (82, 981, '2025-05-04 19:01:09', 'desktop');
INSERT INTO streaming_history (user_id, song_id, played_at, device) VALUES (42, 1286, '2025-04-28 11:35:41', 'mobile');
INSERT INTO streaming_history (user_id, song_id, played_at, device) VALUES (78, 1952, '2026-03-01 05:06:22', 'smart_tv');
INSERT INTO streaming_history (user_id, song_id, played_at, device) VALUES (83, 2765, '2026-03-15 02:23:14', 'mobile');
INSERT INTO streaming_history (user_id, song_id, played_at, device) VALUES (232, 3692, '2025-05-07 16:46:20', 'mobile');
INSERT INTO streaming_history (user_id, song_id, played_at, device) VALUES (171, 6014, '2025-03-27 03:14:31', 'desktop');
INSERT INTO streaming_history (user_id, song_id, played_at, device) VALUES (87, 441, '2025-11-09 11:35:31', 'smart_tv');
INSERT INTO streaming_history (user_id, song_id, played_at, device) VALUES (66, 4662, '2025-05-12 14:30:23', 'desktop');
INSERT INTO streaming_history (user_id, song_id, played_at, device) VALUES (136, 2373, '2026-02-20 06:24:51', 'mobile');
INSERT INTO streaming_history (user_id, song_id, played_at, device) VALUES (69, 3716, '2026-02-21 22:42:06', 'smart_tv');
INSERT INTO streaming_history (user_id, song_id, played_at, device) VALUES (204, 1128, '2025-10-29 19:21:41', 'smart_tv');
INSERT INTO streaming_history (user_id, song_id, played_at, device) VALUES (276, 2761, '2025-07-31 02:30:22', 'mobile');
INSERT INTO streaming_history (user_id, song_id, played_at, device) VALUES (24, 5945, '2025-10-12 21:01:31', 'mobile');
INSERT INTO streaming_history (user_id, song_id, played_at, device) VALUES (229, 4932, '2025-06-10 12:34:25', 'smart_tv');
INSERT INTO streaming_history (user_id, song_id, played_at, device) VALUES (81, 2870, '2025-12-14 10:08:22', 'mobile');
INSERT INTO streaming_history (user_id, song_id, played_at, device) VALUES (200, 4995, '2025-12-05 23:49:48', 'mobile');
INSERT INTO streaming_history (user_id, song_id, played_at, device) VALUES (94, 1209, '2025-08-16 00:20:32', 'tablet');
INSERT INTO streaming_history (user_id, song_id, played_at, device) VALUES (295, 36, '2025-10-15 07:08:36', 'smart_tv');
INSERT INTO streaming_history (user_id, song_id, played_at, device) VALUES (276, 2766, '2025-08-12 20:19:19', 'smart_tv');
INSERT INTO streaming_history (user_id, song_id, played_at, device) VALUES (120, 2916, '2025-10-15 09:47:48', 'tablet');
INSERT INTO streaming_history (user_id, song_id, played_at, device) VALUES (233, 3120, '2025-05-23 20:02:25', 'tablet');
INSERT INTO streaming_history (user_id, song_id, played_at, device) VALUES (43, 459, '2026-02-12 09:29:45', 'smart_tv');
INSERT INTO streaming_history (user_id, song_id, played_at, device) VALUES (7, 2461, '2025-08-30 08:56:27', 'smart_tv');
INSERT INTO streaming_history (user_id, song_id, played_at, device) VALUES (49, 4322, '2026-02-14 01:18:59', 'desktop');
INSERT INTO streaming_history (user_id, song_id, played_at, device) VALUES (236, 5660, '2026-01-01 15:10:35', 'tablet');
INSERT INTO streaming_history (user_id, song_id, played_at, device) VALUES (16, 3213, '2026-03-24 00:37:16', 'mobile');
INSERT INTO streaming_history (user_id, song_id, played_at, device) VALUES (93, 1690, '2025-07-01 02:28:49', 'smart_tv');
INSERT INTO streaming_history (user_id, song_id, played_at, device) VALUES (79, 1177, '2025-06-10 11:45:12', 'tablet');
INSERT INTO streaming_history (user_id, song_id, played_at, device) VALUES (288, 2780, '2025-10-30 12:45:09', 'desktop');
INSERT INTO streaming_history (user_id, song_id, played_at, device) VALUES (163, 4588, '2025-10-20 09:36:23', 'desktop');
INSERT INTO streaming_history (user_id, song_id, played_at, device) VALUES (167, 2078, '2025-09-11 15:07:06', 'mobile');
INSERT INTO streaming_history (user_id, song_id, played_at, device) VALUES (65, 2359, '2025-12-06 11:28:55', 'tablet');
INSERT INTO streaming_history (user_id, song_id, played_at, device) VALUES (175, 4849, '2026-02-09 07:31:30', 'smart_tv');
INSERT INTO streaming_history (user_id, song_id, played_at, device) VALUES (142, 2874, '2025-07-30 04:06:53', 'smart_tv');
INSERT INTO streaming_history (user_id, song_id, played_at, device) VALUES (112, 4619, '2026-03-05 18:43:16', 'mobile');
INSERT INTO streaming_history (user_id, song_id, played_at, device) VALUES (88, 1882, '2025-10-26 09:02:56', 'mobile');
INSERT INTO streaming_history (user_id, song_id, played_at, device) VALUES (171, 1577, '2026-02-13 22:11:03', 'smart_tv');
INSERT INTO streaming_history (user_id, song_id, played_at, device) VALUES (145, 3331, '2025-06-06 10:44:03', 'mobile');
INSERT INTO streaming_history (user_id, song_id, played_at, device) VALUES (19, 4032, '2025-08-24 03:24:43', 'desktop');
INSERT INTO streaming_history (user_id, song_id, played_at, device) VALUES (5, 172, '2025-09-05 14:04:19', 'mobile');
INSERT INTO streaming_history (user_id, song_id, played_at, device) VALUES (219, 1890, '2025-04-08 00:53:18', 'desktop');
INSERT INTO streaming_history (user_id, song_id, played_at, device) VALUES (79, 2942, '2025-09-07 18:09:11', 'mobile');
INSERT INTO streaming_history (user_id, song_id, played_at, device) VALUES (96, 5715, '2026-01-27 18:40:33', 'smart_tv');
INSERT INTO streaming_history (user_id, song_id, played_at, device) VALUES (28, 5302, '2025-08-08 05:00:02', 'mobile');
INSERT INTO streaming_history (user_id, song_id, played_at, device) VALUES (69, 528, '2025-07-12 15:57:17', 'mobile');
INSERT INTO streaming_history (user_id, song_id, played_at, device) VALUES (159, 1812, '2026-03-02 12:29:41', 'mobile');
INSERT INTO streaming_history (user_id, song_id, played_at, device) VALUES (117, 5550, '2025-08-01 13:23:32', 'smart_tv');
INSERT INTO streaming_history (user_id, song_id, played_at, device) VALUES (231, 2218, '2025-09-20 04:38:07', 'desktop');
INSERT INTO streaming_history (user_id, song_id, played_at, device) VALUES (175, 2775, '2025-04-15 07:34:12', 'mobile');
INSERT INTO streaming_history (user_id, song_id, played_at, device) VALUES (162, 5011, '2025-04-02 05:21:04', 'smart_tv');
INSERT INTO streaming_history (user_id, song_id, played_at, device) VALUES (218, 935, '2025-08-30 20:33:51', 'mobile');
INSERT INTO streaming_history (user_id, song_id, played_at, device) VALUES (97, 458, '2025-09-08 19:50:59', 'smart_tv');
INSERT INTO streaming_history (user_id, song_id, played_at, device) VALUES (263, 5473, '2025-10-20 19:14:40', 'mobile');
INSERT INTO streaming_history (user_id, song_id, played_at, device) VALUES (3, 1069, '2026-01-30 12:20:30', 'smart_tv');
INSERT INTO streaming_history (user_id, song_id, played_at, device) VALUES (45, 2086, '2025-04-10 00:56:06', 'mobile');
INSERT INTO streaming_history (user_id, song_id, played_at, device) VALUES (31, 3308, '2026-03-15 09:00:14', 'smart_tv');
INSERT INTO streaming_history (user_id, song_id, played_at, device) VALUES (259, 3001, '2026-01-27 03:55:07', 'desktop');
INSERT INTO streaming_history (user_id, song_id, played_at, device) VALUES (269, 2398, '2026-03-24 05:32:06', 'tablet');
INSERT INTO streaming_history (user_id, song_id, played_at, device) VALUES (291, 1340, '2025-06-18 11:40:34', 'mobile');
INSERT INTO streaming_history (user_id, song_id, played_at, device) VALUES (209, 4021, '2025-08-21 01:25:01', 'mobile');
INSERT INTO streaming_history (user_id, song_id, played_at, device) VALUES (182, 1824, '2025-08-06 07:24:53', 'desktop');
INSERT INTO streaming_history (user_id, song_id, played_at, device) VALUES (109, 4163, '2025-06-07 07:27:03', 'tablet');
INSERT INTO streaming_history (user_id, song_id, played_at, device) VALUES (251, 5317, '2025-10-18 00:35:20', 'mobile');
INSERT INTO streaming_history (user_id, song_id, played_at, device) VALUES (247, 3130, '2025-04-12 21:43:53', 'mobile');
INSERT INTO streaming_history (user_id, song_id, played_at, device) VALUES (214, 499, '2025-04-18 00:51:51', 'smart_tv');
INSERT INTO streaming_history (user_id, song_id, played_at, device) VALUES (180, 1390, '2026-01-21 16:46:44', 'desktop');
INSERT INTO streaming_history (user_id, song_id, played_at, device) VALUES (31, 5321, '2025-05-31 16:00:02', 'mobile');
INSERT INTO streaming_history (user_id, song_id, played_at, device) VALUES (42, 3701, '2025-07-02 08:48:29', 'smart_tv');
INSERT INTO streaming_history (user_id, song_id, played_at, device) VALUES (248, 6133, '2025-07-12 21:33:46', 'mobile');
INSERT INTO streaming_history (user_id, song_id, played_at, device) VALUES (220, 3074, '2025-06-12 13:39:27', 'mobile');
INSERT INTO streaming_history (user_id, song_id, played_at, device) VALUES (177, 4944, '2025-09-07 16:34:22', 'mobile');
INSERT INTO streaming_history (user_id, song_id, played_at, device) VALUES (44, 3695, '2025-07-02 05:56:37', 'desktop');
INSERT INTO streaming_history (user_id, song_id, played_at, device) VALUES (79, 2039, '2026-01-09 13:15:24', 'desktop');
INSERT INTO streaming_history (user_id, song_id, played_at, device) VALUES (66, 3978, '2025-06-27 17:14:31', 'desktop');
INSERT INTO streaming_history (user_id, song_id, played_at, device) VALUES (100, 4838, '2026-03-23 01:03:53', 'desktop');
INSERT INTO streaming_history (user_id, song_id, played_at, device) VALUES (101, 4745, '2025-11-23 16:28:34', 'tablet');
INSERT INTO streaming_history (user_id, song_id, played_at, device) VALUES (109, 5152, '2025-05-14 00:20:31', 'smart_tv');
INSERT INTO streaming_history (user_id, song_id, played_at, device) VALUES (112, 1582, '2025-07-08 11:35:56', 'smart_tv');
INSERT INTO streaming_history (user_id, song_id, played_at, device) VALUES (1, 2235, '2026-02-09 23:44:05', 'tablet');
INSERT INTO streaming_history (user_id, song_id, played_at, device) VALUES (180, 105, '2025-12-06 14:13:07', 'tablet');
INSERT INTO streaming_history (user_id, song_id, played_at, device) VALUES (9, 281, '2025-08-20 21:06:38', 'desktop');
INSERT INTO streaming_history (user_id, song_id, played_at, device) VALUES (59, 4909, '2025-06-19 16:49:06', 'mobile');
INSERT INTO streaming_history (user_id, song_id, played_at, device) VALUES (94, 1600, '2025-09-09 14:42:42', 'desktop');
INSERT INTO streaming_history (user_id, song_id, played_at, device) VALUES (32, 1651, '2026-02-16 18:00:07', 'smart_tv');
INSERT INTO streaming_history (user_id, song_id, played_at, device) VALUES (251, 4021, '2025-10-07 18:45:27', 'smart_tv');
INSERT INTO streaming_history (user_id, song_id, played_at, device) VALUES (184, 5620, '2026-01-20 20:57:01', 'mobile');
INSERT INTO streaming_history (user_id, song_id, played_at, device) VALUES (176, 5112, '2025-06-16 08:37:03', 'tablet');
INSERT INTO streaming_history (user_id, song_id, played_at, device) VALUES (164, 4969, '2026-01-04 20:48:26', 'smart_tv');
INSERT INTO streaming_history (user_id, song_id, played_at, device) VALUES (260, 5622, '2025-07-13 16:38:29', 'mobile');
INSERT INTO streaming_history (user_id, song_id, played_at, device) VALUES (183, 3976, '2026-03-23 09:18:14', 'smart_tv');
INSERT INTO streaming_history (user_id, song_id, played_at, device) VALUES (100, 4031, '2025-06-12 22:43:05', 'mobile');
INSERT INTO streaming_history (user_id, song_id, played_at, device) VALUES (277, 4188, '2025-10-02 17:32:13', 'smart_tv');
INSERT INTO streaming_history (user_id, song_id, played_at, device) VALUES (137, 4085, '2025-09-21 13:49:25', 'smart_tv');
INSERT INTO streaming_history (user_id, song_id, played_at, device) VALUES (232, 3377, '2025-06-05 01:09:23', 'mobile');
INSERT INTO streaming_history (user_id, song_id, played_at, device) VALUES (212, 5413, '2025-09-10 20:15:17', 'smart_tv');
INSERT INTO streaming_history (user_id, song_id, played_at, device) VALUES (161, 1489, '2026-03-05 01:54:29', 'smart_tv');
INSERT INTO streaming_history (user_id, song_id, played_at, device) VALUES (50, 2414, '2025-08-25 19:11:39', 'desktop');
INSERT INTO streaming_history (user_id, song_id, played_at, device) VALUES (269, 670, '2025-09-19 05:18:03', 'tablet');
INSERT INTO streaming_history (user_id, song_id, played_at, device) VALUES (248, 2596, '2025-09-06 03:52:46', 'smart_tv');
INSERT INTO streaming_history (user_id, song_id, played_at, device) VALUES (238, 3638, '2025-07-27 18:21:43', 'smart_tv');
INSERT INTO streaming_history (user_id, song_id, played_at, device) VALUES (53, 2870, '2025-04-21 19:54:25', 'mobile');
INSERT INTO streaming_history (user_id, song_id, played_at, device) VALUES (74, 3553, '2025-03-25 17:51:52', 'smart_tv');
INSERT INTO streaming_history (user_id, song_id, played_at, device) VALUES (9, 2251, '2025-09-22 09:01:05', 'desktop');
INSERT INTO streaming_history (user_id, song_id, played_at, device) VALUES (105, 786, '2026-01-29 15:07:44', 'mobile');
INSERT INTO streaming_history (user_id, song_id, played_at, device) VALUES (207, 3956, '2025-11-02 00:21:19', 'mobile');
INSERT INTO streaming_history (user_id, song_id, played_at, device) VALUES (180, 2318, '2026-01-15 23:34:03', 'tablet');
INSERT INTO streaming_history (user_id, song_id, played_at, device) VALUES (266, 2797, '2025-12-28 16:10:23', 'desktop');
INSERT INTO streaming_history (user_id, song_id, played_at, device) VALUES (16, 5979, '2026-01-19 20:03:53', 'mobile');
INSERT INTO streaming_history (user_id, song_id, played_at, device) VALUES (221, 4645, '2025-04-24 15:29:12', 'tablet');
INSERT INTO streaming_history (user_id, song_id, played_at, device) VALUES (223, 4499, '2026-03-09 14:44:09', 'desktop');
INSERT INTO streaming_history (user_id, song_id, played_at, device) VALUES (249, 632, '2025-06-28 12:54:11', 'smart_tv');
INSERT INTO streaming_history (user_id, song_id, played_at, device) VALUES (211, 1267, '2026-03-09 21:52:05', 'mobile');
INSERT INTO streaming_history (user_id, song_id, played_at, device) VALUES (161, 2993, '2025-09-05 18:17:55', 'mobile');
INSERT INTO streaming_history (user_id, song_id, played_at, device) VALUES (161, 705, '2025-04-04 07:14:43', 'desktop');
INSERT INTO streaming_history (user_id, song_id, played_at, device) VALUES (244, 3122, '2025-12-04 08:01:19', 'tablet');
INSERT INTO streaming_history (user_id, song_id, played_at, device) VALUES (243, 5745, '2025-05-29 06:22:16', 'smart_tv');
INSERT INTO streaming_history (user_id, song_id, played_at, device) VALUES (50, 4034, '2025-05-20 08:32:43', 'mobile');
INSERT INTO streaming_history (user_id, song_id, played_at, device) VALUES (10, 1938, '2025-08-27 20:01:41', 'desktop');
INSERT INTO streaming_history (user_id, song_id, played_at, device) VALUES (234, 2996, '2025-09-28 04:25:50', 'smart_tv');
INSERT INTO streaming_history (user_id, song_id, played_at, device) VALUES (138, 103, '2025-08-31 15:05:50', 'mobile');
INSERT INTO streaming_history (user_id, song_id, played_at, device) VALUES (300, 4141, '2025-04-01 08:27:11', 'smart_tv');
INSERT INTO streaming_history (user_id, song_id, played_at, device) VALUES (274, 881, '2025-07-04 16:44:26', 'desktop');
INSERT INTO streaming_history (user_id, song_id, played_at, device) VALUES (240, 5008, '2025-12-06 21:36:46', 'tablet');
INSERT INTO streaming_history (user_id, song_id, played_at, device) VALUES (66, 3597, '2026-03-22 10:39:10', 'tablet');
INSERT INTO streaming_history (user_id, song_id, played_at, device) VALUES (4, 1244, '2025-10-31 05:38:04', 'tablet');
INSERT INTO streaming_history (user_id, song_id, played_at, device) VALUES (59, 234, '2025-05-30 04:26:20', 'desktop');
INSERT INTO streaming_history (user_id, song_id, played_at, device) VALUES (47, 5194, '2026-01-05 06:01:29', 'smart_tv');
INSERT INTO streaming_history (user_id, song_id, played_at, device) VALUES (114, 587, '2025-05-08 07:56:06', 'smart_tv');
INSERT INTO streaming_history (user_id, song_id, played_at, device) VALUES (266, 3497, '2026-01-21 12:19:26', 'smart_tv');
INSERT INTO streaming_history (user_id, song_id, played_at, device) VALUES (216, 2027, '2025-06-05 10:19:33', 'tablet');
INSERT INTO streaming_history (user_id, song_id, played_at, device) VALUES (12, 3398, '2025-08-02 05:55:14', 'tablet');
INSERT INTO streaming_history (user_id, song_id, played_at, device) VALUES (69, 4369, '2025-10-18 17:50:22', 'mobile');
INSERT INTO streaming_history (user_id, song_id, played_at, device) VALUES (39, 4589, '2025-12-06 10:17:47', 'mobile');
INSERT INTO streaming_history (user_id, song_id, played_at, device) VALUES (35, 2686, '2025-08-21 19:14:50', 'smart_tv');
INSERT INTO streaming_history (user_id, song_id, played_at, device) VALUES (267, 2287, '2025-04-27 21:04:52', 'mobile');
INSERT INTO streaming_history (user_id, song_id, played_at, device) VALUES (182, 2710, '2025-05-19 15:53:45', 'desktop');
INSERT INTO streaming_history (user_id, song_id, played_at, device) VALUES (135, 5652, '2025-06-11 13:27:43', 'mobile');
INSERT INTO streaming_history (user_id, song_id, played_at, device) VALUES (50, 5026, '2025-09-16 05:55:17', 'mobile');
INSERT INTO streaming_history (user_id, song_id, played_at, device) VALUES (264, 798, '2025-06-12 10:35:12', 'desktop');
INSERT INTO streaming_history (user_id, song_id, played_at, device) VALUES (34, 5596, '2026-01-22 15:55:18', 'desktop');
INSERT INTO streaming_history (user_id, song_id, played_at, device) VALUES (205, 1890, '2025-10-17 03:16:57', 'tablet');
INSERT INTO streaming_history (user_id, song_id, played_at, device) VALUES (20, 3257, '2026-03-03 18:31:03', 'mobile');
INSERT INTO streaming_history (user_id, song_id, played_at, device) VALUES (206, 554, '2026-02-03 00:19:28', 'smart_tv');
INSERT INTO streaming_history (user_id, song_id, played_at, device) VALUES (215, 3416, '2025-08-01 07:40:39', 'desktop');
INSERT INTO streaming_history (user_id, song_id, played_at, device) VALUES (267, 4398, '2025-05-20 15:22:58', 'tablet');
INSERT INTO streaming_history (user_id, song_id, played_at, device) VALUES (184, 3491, '2025-05-08 08:16:53', 'tablet');
INSERT INTO streaming_history (user_id, song_id, played_at, device) VALUES (20, 6039, '2025-04-26 10:46:18', 'smart_tv');
INSERT INTO streaming_history (user_id, song_id, played_at, device) VALUES (230, 1574, '2026-01-28 03:54:44', 'mobile');
INSERT INTO streaming_history (user_id, song_id, played_at, device) VALUES (152, 1832, '2025-08-02 11:04:25', 'tablet');
INSERT INTO streaming_history (user_id, song_id, played_at, device) VALUES (87, 1928, '2025-08-16 04:22:29', 'smart_tv');
INSERT INTO streaming_history (user_id, song_id, played_at, device) VALUES (293, 3501, '2025-11-28 09:53:57', 'desktop');
INSERT INTO streaming_history (user_id, song_id, played_at, device) VALUES (43, 3072, '2025-03-29 20:59:11', 'desktop');
INSERT INTO streaming_history (user_id, song_id, played_at, device) VALUES (94, 1201, '2026-01-16 23:25:05', 'smart_tv');
INSERT INTO streaming_history (user_id, song_id, played_at, device) VALUES (108, 5878, '2026-01-13 10:18:37', 'mobile');
INSERT INTO streaming_history (user_id, song_id, played_at, device) VALUES (49, 5918, '2025-06-08 10:21:45', 'smart_tv');
INSERT INTO streaming_history (user_id, song_id, played_at, device) VALUES (226, 2391, '2026-03-15 08:01:37', 'desktop');
INSERT INTO streaming_history (user_id, song_id, played_at, device) VALUES (243, 4855, '2025-12-01 19:11:02', 'mobile');
INSERT INTO streaming_history (user_id, song_id, played_at, device) VALUES (37, 1776, '2025-09-19 02:40:14', 'mobile');
INSERT INTO streaming_history (user_id, song_id, played_at, device) VALUES (283, 5294, '2025-10-25 10:34:02', 'desktop');
INSERT INTO streaming_history (user_id, song_id, played_at, device) VALUES (78, 4318, '2025-12-25 02:46:06', 'mobile');
INSERT INTO streaming_history (user_id, song_id, played_at, device) VALUES (202, 4411, '2025-08-19 13:16:08', 'tablet');
INSERT INTO streaming_history (user_id, song_id, played_at, device) VALUES (269, 695, '2025-09-07 09:11:17', 'desktop');
INSERT INTO streaming_history (user_id, song_id, played_at, device) VALUES (99, 5951, '2025-08-11 13:28:14', 'smart_tv');
INSERT INTO streaming_history (user_id, song_id, played_at, device) VALUES (48, 3575, '2025-06-02 03:50:52', 'desktop');
INSERT INTO streaming_history (user_id, song_id, played_at, device) VALUES (49, 3300, '2025-03-27 14:10:14', 'smart_tv');
INSERT INTO streaming_history (user_id, song_id, played_at, device) VALUES (288, 1765, '2025-08-09 10:22:13', 'mobile');
INSERT INTO streaming_history (user_id, song_id, played_at, device) VALUES (175, 3784, '2025-04-22 10:09:23', 'desktop');
INSERT INTO streaming_history (user_id, song_id, played_at, device) VALUES (120, 3154, '2025-11-04 09:00:55', 'tablet');
INSERT INTO streaming_history (user_id, song_id, played_at, device) VALUES (284, 4706, '2025-08-28 23:54:29', 'smart_tv');
INSERT INTO streaming_history (user_id, song_id, played_at, device) VALUES (213, 2772, '2025-07-21 10:47:11', 'tablet');
INSERT INTO streaming_history (user_id, song_id, played_at, device) VALUES (277, 2622, '2025-09-27 11:48:38', 'smart_tv');
INSERT INTO streaming_history (user_id, song_id, played_at, device) VALUES (269, 6069, '2025-09-30 20:45:15', 'mobile');
INSERT INTO streaming_history (user_id, song_id, played_at, device) VALUES (29, 48, '2026-02-07 05:27:47', 'smart_tv');
INSERT INTO streaming_history (user_id, song_id, played_at, device) VALUES (104, 299, '2025-06-20 01:37:43', 'mobile');
INSERT INTO streaming_history (user_id, song_id, played_at, device) VALUES (142, 4502, '2025-05-05 20:51:58', 'desktop');
INSERT INTO streaming_history (user_id, song_id, played_at, device) VALUES (112, 1104, '2025-06-25 09:20:13', 'tablet');
INSERT INTO streaming_history (user_id, song_id, played_at, device) VALUES (47, 5968, '2025-08-01 16:48:17', 'tablet');
INSERT INTO streaming_history (user_id, song_id, played_at, device) VALUES (28, 2778, '2026-01-14 07:19:35', 'mobile');
INSERT INTO streaming_history (user_id, song_id, played_at, device) VALUES (34, 2623, '2025-05-02 11:13:21', 'desktop');
INSERT INTO streaming_history (user_id, song_id, played_at, device) VALUES (169, 2354, '2025-09-07 20:05:53', 'smart_tv');
INSERT INTO streaming_history (user_id, song_id, played_at, device) VALUES (166, 1984, '2025-11-26 12:26:33', 'tablet');
INSERT INTO streaming_history (user_id, song_id, played_at, device) VALUES (83, 3355, '2025-07-25 23:11:27', 'desktop');
INSERT INTO streaming_history (user_id, song_id, played_at, device) VALUES (106, 1404, '2025-05-19 06:52:24', 'smart_tv');
INSERT INTO streaming_history (user_id, song_id, played_at, device) VALUES (85, 1587, '2025-05-31 10:14:28', 'desktop');
INSERT INTO streaming_history (user_id, song_id, played_at, device) VALUES (195, 150, '2025-11-24 17:48:00', 'mobile');
INSERT INTO streaming_history (user_id, song_id, played_at, device) VALUES (277, 3881, '2025-08-17 08:27:23', 'desktop');
INSERT INTO streaming_history (user_id, song_id, played_at, device) VALUES (27, 4110, '2025-11-22 21:49:29', 'mobile');
INSERT INTO streaming_history (user_id, song_id, played_at, device) VALUES (182, 944, '2026-03-07 07:23:14', 'smart_tv');
INSERT INTO streaming_history (user_id, song_id, played_at, device) VALUES (150, 98, '2025-12-05 07:47:57', 'smart_tv');
INSERT INTO streaming_history (user_id, song_id, played_at, device) VALUES (235, 2439, '2025-05-27 20:29:51', 'smart_tv');
INSERT INTO streaming_history (user_id, song_id, played_at, device) VALUES (256, 3897, '2026-03-16 06:36:05', 'tablet');
INSERT INTO streaming_history (user_id, song_id, played_at, device) VALUES (27, 5889, '2026-02-02 07:56:56', 'desktop');
INSERT INTO streaming_history (user_id, song_id, played_at, device) VALUES (158, 6065, '2025-04-15 05:59:47', 'smart_tv');
INSERT INTO streaming_history (user_id, song_id, played_at, device) VALUES (285, 5609, '2025-11-02 09:03:55', 'mobile');
INSERT INTO streaming_history (user_id, song_id, played_at, device) VALUES (173, 3116, '2025-12-15 11:44:02', 'tablet');
INSERT INTO streaming_history (user_id, song_id, played_at, device) VALUES (45, 6041, '2025-05-24 06:22:27', 'tablet');
INSERT INTO streaming_history (user_id, song_id, played_at, device) VALUES (138, 5415, '2025-12-26 12:57:21', 'mobile');
INSERT INTO streaming_history (user_id, song_id, played_at, device) VALUES (172, 6038, '2026-03-01 02:48:29', 'smart_tv');
INSERT INTO streaming_history (user_id, song_id, played_at, device) VALUES (158, 5674, '2025-06-19 07:55:06', 'mobile');
INSERT INTO streaming_history (user_id, song_id, played_at, device) VALUES (62, 1418, '2025-12-02 01:56:55', 'mobile');
INSERT INTO streaming_history (user_id, song_id, played_at, device) VALUES (268, 4447, '2025-05-26 12:04:48', 'smart_tv');
INSERT INTO streaming_history (user_id, song_id, played_at, device) VALUES (192, 550, '2026-03-07 08:05:19', 'desktop');
INSERT INTO streaming_history (user_id, song_id, played_at, device) VALUES (219, 4187, '2025-06-30 14:09:50', 'desktop');
INSERT INTO streaming_history (user_id, song_id, played_at, device) VALUES (56, 4162, '2025-12-03 01:10:38', 'desktop');
INSERT INTO streaming_history (user_id, song_id, played_at, device) VALUES (220, 5917, '2026-01-04 12:42:50', 'tablet');
INSERT INTO streaming_history (user_id, song_id, played_at, device) VALUES (60, 344, '2025-12-01 02:27:59', 'tablet');
INSERT INTO streaming_history (user_id, song_id, played_at, device) VALUES (103, 2088, '2025-04-12 21:28:49', 'mobile');
INSERT INTO streaming_history (user_id, song_id, played_at, device) VALUES (86, 1682, '2026-01-28 11:46:12', 'mobile');
INSERT INTO streaming_history (user_id, song_id, played_at, device) VALUES (135, 5361, '2025-04-14 07:53:37', 'mobile');
INSERT INTO streaming_history (user_id, song_id, played_at, device) VALUES (231, 1707, '2025-04-05 04:46:11', 'mobile');
INSERT INTO streaming_history (user_id, song_id, played_at, device) VALUES (188, 3527, '2026-01-17 19:21:26', 'mobile');
INSERT INTO streaming_history (user_id, song_id, played_at, device) VALUES (190, 103, '2025-10-13 01:50:39', 'smart_tv');
INSERT INTO streaming_history (user_id, song_id, played_at, device) VALUES (205, 4767, '2026-02-22 16:18:20', 'tablet');
INSERT INTO streaming_history (user_id, song_id, played_at, device) VALUES (271, 3030, '2025-12-13 17:00:08', 'tablet');
INSERT INTO streaming_history (user_id, song_id, played_at, device) VALUES (30, 775, '2026-01-18 06:42:20', 'smart_tv');
INSERT INTO streaming_history (user_id, song_id, played_at, device) VALUES (7, 1955, '2025-12-03 16:54:49', 'tablet');
INSERT INTO streaming_history (user_id, song_id, played_at, device) VALUES (228, 2516, '2025-10-16 04:31:01', 'smart_tv');
INSERT INTO streaming_history (user_id, song_id, played_at, device) VALUES (118, 2518, '2025-06-03 11:22:49', 'mobile');
INSERT INTO streaming_history (user_id, song_id, played_at, device) VALUES (69, 5165, '2025-10-06 06:20:05', 'desktop');
INSERT INTO streaming_history (user_id, song_id, played_at, device) VALUES (213, 3191, '2025-10-14 09:46:59', 'mobile');
INSERT INTO streaming_history (user_id, song_id, played_at, device) VALUES (224, 5768, '2025-04-14 23:54:02', 'smart_tv');
INSERT INTO streaming_history (user_id, song_id, played_at, device) VALUES (160, 4239, '2025-04-19 00:37:16', 'tablet');
INSERT INTO streaming_history (user_id, song_id, played_at, device) VALUES (206, 5349, '2025-08-07 21:28:23', 'desktop');
INSERT INTO streaming_history (user_id, song_id, played_at, device) VALUES (260, 2522, '2025-08-18 10:33:17', 'tablet');
INSERT INTO streaming_history (user_id, song_id, played_at, device) VALUES (242, 2517, '2025-06-01 19:08:53', 'smart_tv');
INSERT INTO streaming_history (user_id, song_id, played_at, device) VALUES (270, 5408, '2026-03-05 02:44:54', 'mobile');
INSERT INTO streaming_history (user_id, song_id, played_at, device) VALUES (277, 1065, '2025-12-28 22:59:29', 'tablet');
INSERT INTO streaming_history (user_id, song_id, played_at, device) VALUES (99, 2187, '2025-06-18 06:10:25', 'desktop');
INSERT INTO streaming_history (user_id, song_id, played_at, device) VALUES (55, 3610, '2026-03-21 04:18:40', 'desktop');
INSERT INTO streaming_history (user_id, song_id, played_at, device) VALUES (58, 5164, '2025-04-16 15:39:35', 'mobile');
INSERT INTO streaming_history (user_id, song_id, played_at, device) VALUES (138, 5582, '2026-03-08 11:34:27', 'smart_tv');
INSERT INTO streaming_history (user_id, song_id, played_at, device) VALUES (232, 4584, '2026-02-21 02:52:15', 'mobile');
INSERT INTO streaming_history (user_id, song_id, played_at, device) VALUES (4, 1853, '2025-11-18 15:38:35', 'tablet');
INSERT INTO streaming_history (user_id, song_id, played_at, device) VALUES (190, 6093, '2025-06-09 01:06:08', 'desktop');
INSERT INTO streaming_history (user_id, song_id, played_at, device) VALUES (288, 4022, '2025-06-19 05:36:56', 'tablet');
INSERT INTO streaming_history (user_id, song_id, played_at, device) VALUES (59, 5217, '2025-05-28 12:01:18', 'smart_tv');
INSERT INTO streaming_history (user_id, song_id, played_at, device) VALUES (232, 2073, '2025-04-24 12:27:25', 'smart_tv');
INSERT INTO streaming_history (user_id, song_id, played_at, device) VALUES (21, 1839, '2025-11-11 06:32:28', 'tablet');
INSERT INTO streaming_history (user_id, song_id, played_at, device) VALUES (64, 490, '2025-07-28 23:19:31', 'tablet');
INSERT INTO streaming_history (user_id, song_id, played_at, device) VALUES (33, 4386, '2025-11-07 20:06:13', 'tablet');
INSERT INTO streaming_history (user_id, song_id, played_at, device) VALUES (19, 1361, '2025-04-11 10:06:46', 'mobile');
INSERT INTO streaming_history (user_id, song_id, played_at, device) VALUES (121, 3949, '2025-10-13 22:00:13', 'mobile');
INSERT INTO streaming_history (user_id, song_id, played_at, device) VALUES (138, 5674, '2025-06-20 09:59:44', 'desktop');
INSERT INTO streaming_history (user_id, song_id, played_at, device) VALUES (186, 4830, '2026-03-07 06:07:19', 'tablet');
INSERT INTO streaming_history (user_id, song_id, played_at, device) VALUES (237, 5767, '2026-01-01 20:31:29', 'mobile');
INSERT INTO streaming_history (user_id, song_id, played_at, device) VALUES (161, 1828, '2025-10-29 23:45:57', 'mobile');
INSERT INTO streaming_history (user_id, song_id, played_at, device) VALUES (247, 771, '2025-05-15 20:29:58', 'smart_tv');
INSERT INTO streaming_history (user_id, song_id, played_at, device) VALUES (121, 4299, '2025-09-30 07:55:42', 'mobile');
INSERT INTO streaming_history (user_id, song_id, played_at, device) VALUES (44, 3659, '2026-02-14 17:10:29', 'desktop');
INSERT INTO streaming_history (user_id, song_id, played_at, device) VALUES (241, 6130, '2025-12-11 10:15:37', 'mobile');
INSERT INTO streaming_history (user_id, song_id, played_at, device) VALUES (261, 2858, '2025-12-07 14:31:57', 'mobile');
INSERT INTO streaming_history (user_id, song_id, played_at, device) VALUES (17, 5427, '2025-05-06 23:24:18', 'mobile');
INSERT INTO streaming_history (user_id, song_id, played_at, device) VALUES (251, 5589, '2025-04-25 08:09:08', 'desktop');
INSERT INTO streaming_history (user_id, song_id, played_at, device) VALUES (137, 1897, '2025-09-13 07:11:44', 'smart_tv');
INSERT INTO streaming_history (user_id, song_id, played_at, device) VALUES (127, 2271, '2025-06-18 13:16:19', 'tablet');
INSERT INTO streaming_history (user_id, song_id, played_at, device) VALUES (113, 2952, '2026-03-14 20:02:52', 'desktop');
INSERT INTO streaming_history (user_id, song_id, played_at, device) VALUES (273, 4866, '2026-03-03 02:35:23', 'desktop');
INSERT INTO streaming_history (user_id, song_id, played_at, device) VALUES (51, 3690, '2025-11-06 16:31:50', 'smart_tv');
INSERT INTO streaming_history (user_id, song_id, played_at, device) VALUES (111, 3725, '2025-07-11 14:33:59', 'desktop');
INSERT INTO streaming_history (user_id, song_id, played_at, device) VALUES (219, 1478, '2025-07-21 04:05:28', 'tablet');
INSERT INTO streaming_history (user_id, song_id, played_at, device) VALUES (156, 1252, '2025-06-09 07:48:00', 'mobile');
INSERT INTO streaming_history (user_id, song_id, played_at, device) VALUES (228, 2666, '2025-04-11 12:42:30', 'smart_tv');
INSERT INTO streaming_history (user_id, song_id, played_at, device) VALUES (215, 4882, '2025-11-06 11:49:06', 'desktop');
INSERT INTO streaming_history (user_id, song_id, played_at, device) VALUES (56, 773, '2025-08-22 05:21:01', 'desktop');
INSERT INTO streaming_history (user_id, song_id, played_at, device) VALUES (190, 2592, '2025-09-12 20:39:23', 'smart_tv');
INSERT INTO streaming_history (user_id, song_id, played_at, device) VALUES (278, 5049, '2025-07-30 21:39:11', 'tablet');
INSERT INTO streaming_history (user_id, song_id, played_at, device) VALUES (46, 994, '2025-04-26 00:41:47', 'tablet');
INSERT INTO streaming_history (user_id, song_id, played_at, device) VALUES (105, 4502, '2025-10-25 14:56:37', 'tablet');
INSERT INTO streaming_history (user_id, song_id, played_at, device) VALUES (227, 5334, '2025-10-18 03:35:44', 'tablet');
INSERT INTO streaming_history (user_id, song_id, played_at, device) VALUES (227, 2924, '2025-07-08 12:47:28', 'mobile');
INSERT INTO streaming_history (user_id, song_id, played_at, device) VALUES (230, 2596, '2025-10-03 13:50:00', 'tablet');
INSERT INTO streaming_history (user_id, song_id, played_at, device) VALUES (136, 1401, '2025-11-23 23:14:48', 'smart_tv');
INSERT INTO streaming_history (user_id, song_id, played_at, device) VALUES (152, 6045, '2026-01-17 19:25:58', 'smart_tv');
INSERT INTO streaming_history (user_id, song_id, played_at, device) VALUES (205, 2223, '2025-12-14 09:57:51', 'mobile');
INSERT INTO streaming_history (user_id, song_id, played_at, device) VALUES (111, 4315, '2025-09-08 22:46:13', 'tablet');
INSERT INTO streaming_history (user_id, song_id, played_at, device) VALUES (93, 2736, '2025-05-22 17:07:03', 'mobile');
INSERT INTO streaming_history (user_id, song_id, played_at, device) VALUES (97, 4915, '2025-04-01 23:55:28', 'tablet');
INSERT INTO streaming_history (user_id, song_id, played_at, device) VALUES (154, 2970, '2025-12-31 03:59:44', 'desktop');
INSERT INTO streaming_history (user_id, song_id, played_at, device) VALUES (55, 3991, '2025-08-13 14:00:47', 'smart_tv');
INSERT INTO streaming_history (user_id, song_id, played_at, device) VALUES (294, 5658, '2025-05-08 09:33:10', 'tablet');
INSERT INTO streaming_history (user_id, song_id, played_at, device) VALUES (44, 108, '2026-01-07 23:32:02', 'mobile');
INSERT INTO streaming_history (user_id, song_id, played_at, device) VALUES (93, 4162, '2025-07-01 20:31:41', 'mobile');
INSERT INTO streaming_history (user_id, song_id, played_at, device) VALUES (55, 2791, '2026-01-23 15:32:45', 'desktop');
INSERT INTO streaming_history (user_id, song_id, played_at, device) VALUES (1, 2180, '2025-04-12 16:55:48', 'desktop');
INSERT INTO streaming_history (user_id, song_id, played_at, device) VALUES (209, 4894, '2025-12-06 09:57:53', 'mobile');
INSERT INTO streaming_history (user_id, song_id, played_at, device) VALUES (167, 2901, '2025-07-06 13:36:59', 'mobile');
INSERT INTO streaming_history (user_id, song_id, played_at, device) VALUES (139, 4946, '2025-09-12 13:06:46', 'smart_tv');
INSERT INTO streaming_history (user_id, song_id, played_at, device) VALUES (186, 4933, '2025-10-06 06:31:15', 'tablet');
INSERT INTO streaming_history (user_id, song_id, played_at, device) VALUES (223, 1370, '2025-08-09 20:48:56', 'mobile');
INSERT INTO streaming_history (user_id, song_id, played_at, device) VALUES (116, 2701, '2025-05-24 21:32:45', 'mobile');
INSERT INTO streaming_history (user_id, song_id, played_at, device) VALUES (271, 365, '2025-12-22 12:03:55', 'smart_tv');
INSERT INTO streaming_history (user_id, song_id, played_at, device) VALUES (247, 4125, '2026-02-21 07:06:44', 'smart_tv');
INSERT INTO streaming_history (user_id, song_id, played_at, device) VALUES (47, 5053, '2025-03-31 17:46:40', 'smart_tv');
INSERT INTO streaming_history (user_id, song_id, played_at, device) VALUES (149, 2016, '2025-10-17 19:12:17', 'desktop');
INSERT INTO streaming_history (user_id, song_id, played_at, device) VALUES (179, 5560, '2026-02-14 10:30:02', 'smart_tv');
INSERT INTO streaming_history (user_id, song_id, played_at, device) VALUES (194, 2766, '2026-03-08 18:30:18', 'tablet');
INSERT INTO streaming_history (user_id, song_id, played_at, device) VALUES (78, 6104, '2025-07-02 15:25:33', 'desktop');
INSERT INTO streaming_history (user_id, song_id, played_at, device) VALUES (277, 5538, '2025-09-28 16:06:30', 'tablet');
INSERT INTO streaming_history (user_id, song_id, played_at, device) VALUES (20, 2904, '2025-07-05 06:57:58', 'mobile');
INSERT INTO streaming_history (user_id, song_id, played_at, device) VALUES (268, 2682, '2025-03-27 01:35:19', 'smart_tv');
INSERT INTO streaming_history (user_id, song_id, played_at, device) VALUES (210, 520, '2025-12-20 21:55:14', 'smart_tv');
INSERT INTO streaming_history (user_id, song_id, played_at, device) VALUES (159, 1815, '2025-09-18 23:54:11', 'mobile');
INSERT INTO streaming_history (user_id, song_id, played_at, device) VALUES (1, 4960, '2025-11-01 21:02:17', 'smart_tv');
INSERT INTO streaming_history (user_id, song_id, played_at, device) VALUES (264, 820, '2026-01-20 06:41:57', 'tablet');
INSERT INTO streaming_history (user_id, song_id, played_at, device) VALUES (23, 1950, '2025-05-09 10:12:01', 'tablet');
INSERT INTO streaming_history (user_id, song_id, played_at, device) VALUES (238, 2772, '2025-05-08 06:37:02', 'smart_tv');
INSERT INTO streaming_history (user_id, song_id, played_at, device) VALUES (57, 2748, '2025-07-25 11:35:24', 'mobile');
INSERT INTO streaming_history (user_id, song_id, played_at, device) VALUES (165, 3776, '2025-05-23 10:18:35', 'desktop');
INSERT INTO streaming_history (user_id, song_id, played_at, device) VALUES (164, 4384, '2025-08-03 00:50:08', 'mobile');
INSERT INTO streaming_history (user_id, song_id, played_at, device) VALUES (298, 3187, '2025-08-12 20:49:35', 'desktop');
INSERT INTO streaming_history (user_id, song_id, played_at, device) VALUES (130, 4894, '2026-01-18 01:10:16', 'mobile');
INSERT INTO streaming_history (user_id, song_id, played_at, device) VALUES (131, 3907, '2025-10-21 21:53:48', 'tablet');
INSERT INTO streaming_history (user_id, song_id, played_at, device) VALUES (110, 4376, '2025-04-04 01:53:14', 'tablet');
INSERT INTO streaming_history (user_id, song_id, played_at, device) VALUES (181, 323, '2025-12-11 05:43:08', 'tablet');
INSERT INTO streaming_history (user_id, song_id, played_at, device) VALUES (260, 2922, '2025-07-04 04:59:28', 'mobile');
INSERT INTO streaming_history (user_id, song_id, played_at, device) VALUES (223, 3353, '2026-02-08 07:50:11', 'mobile');
INSERT INTO streaming_history (user_id, song_id, played_at, device) VALUES (255, 5025, '2025-04-12 03:05:30', 'tablet');
INSERT INTO streaming_history (user_id, song_id, played_at, device) VALUES (15, 6034, '2026-01-22 12:27:31', 'mobile');
INSERT INTO streaming_history (user_id, song_id, played_at, device) VALUES (294, 4080, '2025-11-28 20:36:08', 'desktop');
INSERT INTO streaming_history (user_id, song_id, played_at, device) VALUES (62, 5967, '2025-06-29 02:41:24', 'desktop');
INSERT INTO streaming_history (user_id, song_id, played_at, device) VALUES (11, 3689, '2025-12-22 01:25:43', 'tablet');
INSERT INTO streaming_history (user_id, song_id, played_at, device) VALUES (10, 1109, '2025-10-16 05:38:11', 'mobile');
INSERT INTO streaming_history (user_id, song_id, played_at, device) VALUES (281, 432, '2025-09-14 13:54:33', 'tablet');
INSERT INTO streaming_history (user_id, song_id, played_at, device) VALUES (101, 157, '2025-10-19 02:40:51', 'smart_tv');
INSERT INTO streaming_history (user_id, song_id, played_at, device) VALUES (224, 669, '2025-08-26 08:09:20', 'tablet');
INSERT INTO streaming_history (user_id, song_id, played_at, device) VALUES (183, 5562, '2026-01-03 00:02:24', 'mobile');
INSERT INTO streaming_history (user_id, song_id, played_at, device) VALUES (249, 5107, '2025-09-15 17:19:27', 'mobile');
INSERT INTO streaming_history (user_id, song_id, played_at, device) VALUES (150, 4525, '2025-05-31 12:02:13', 'mobile');
INSERT INTO streaming_history (user_id, song_id, played_at, device) VALUES (232, 5534, '2026-01-22 15:10:58', 'tablet');
INSERT INTO streaming_history (user_id, song_id, played_at, device) VALUES (176, 114, '2025-05-18 22:37:42', 'mobile');
INSERT INTO streaming_history (user_id, song_id, played_at, device) VALUES (292, 5732, '2026-02-09 21:59:22', 'smart_tv');
INSERT INTO streaming_history (user_id, song_id, played_at, device) VALUES (285, 3855, '2026-03-04 18:08:42', 'desktop');
INSERT INTO streaming_history (user_id, song_id, played_at, device) VALUES (264, 1374, '2025-03-26 10:26:26', 'smart_tv');
INSERT INTO streaming_history (user_id, song_id, played_at, device) VALUES (210, 3831, '2025-06-14 08:18:09', 'desktop');
INSERT INTO streaming_history (user_id, song_id, played_at, device) VALUES (94, 1042, '2025-11-02 20:48:07', 'tablet');
INSERT INTO streaming_history (user_id, song_id, played_at, device) VALUES (146, 3532, '2026-03-02 06:54:30', 'mobile');
INSERT INTO streaming_history (user_id, song_id, played_at, device) VALUES (193, 1557, '2025-12-12 00:33:02', 'mobile');
INSERT INTO streaming_history (user_id, song_id, played_at, device) VALUES (174, 3298, '2025-06-03 05:32:10', 'tablet');
INSERT INTO streaming_history (user_id, song_id, played_at, device) VALUES (84, 1345, '2025-05-02 19:26:07', 'desktop');
INSERT INTO streaming_history (user_id, song_id, played_at, device) VALUES (286, 6009, '2025-04-30 06:45:49', 'tablet');
INSERT INTO streaming_history (user_id, song_id, played_at, device) VALUES (122, 4037, '2025-09-06 07:36:54', 'mobile');
INSERT INTO streaming_history (user_id, song_id, played_at, device) VALUES (111, 1101, '2025-04-13 11:22:38', 'mobile');
INSERT INTO streaming_history (user_id, song_id, played_at, device) VALUES (31, 2829, '2025-11-12 09:04:54', 'tablet');
INSERT INTO streaming_history (user_id, song_id, played_at, device) VALUES (220, 4089, '2025-04-17 22:06:52', 'tablet');
INSERT INTO streaming_history (user_id, song_id, played_at, device) VALUES (186, 130, '2025-08-26 09:03:33', 'tablet');
INSERT INTO streaming_history (user_id, song_id, played_at, device) VALUES (189, 4542, '2026-02-20 09:50:54', 'tablet');
INSERT INTO streaming_history (user_id, song_id, played_at, device) VALUES (209, 2102, '2026-02-12 17:14:39', 'mobile');
INSERT INTO streaming_history (user_id, song_id, played_at, device) VALUES (288, 5159, '2025-08-18 14:03:34', 'desktop');
INSERT INTO streaming_history (user_id, song_id, played_at, device) VALUES (228, 3664, '2025-07-07 03:31:40', 'mobile');
INSERT INTO streaming_history (user_id, song_id, played_at, device) VALUES (186, 1171, '2025-11-09 01:51:52', 'tablet');
INSERT INTO streaming_history (user_id, song_id, played_at, device) VALUES (87, 1558, '2026-01-06 02:42:47', 'tablet');
INSERT INTO streaming_history (user_id, song_id, played_at, device) VALUES (216, 4582, '2025-06-12 13:25:15', 'smart_tv');
INSERT INTO streaming_history (user_id, song_id, played_at, device) VALUES (98, 4776, '2025-11-23 10:07:27', 'mobile');
INSERT INTO streaming_history (user_id, song_id, played_at, device) VALUES (162, 3790, '2025-06-22 19:36:42', 'mobile');
INSERT INTO streaming_history (user_id, song_id, played_at, device) VALUES (106, 1940, '2025-09-12 21:25:45', 'desktop');
INSERT INTO streaming_history (user_id, song_id, played_at, device) VALUES (287, 1918, '2026-01-02 17:33:53', 'tablet');
INSERT INTO streaming_history (user_id, song_id, played_at, device) VALUES (6, 1648, '2025-05-11 22:44:46', 'tablet');
INSERT INTO streaming_history (user_id, song_id, played_at, device) VALUES (168, 1020, '2026-01-26 10:50:08', 'desktop');
INSERT INTO streaming_history (user_id, song_id, played_at, device) VALUES (128, 5674, '2025-11-21 01:33:22', 'desktop');
INSERT INTO streaming_history (user_id, song_id, played_at, device) VALUES (297, 127, '2025-07-09 11:15:32', 'smart_tv');
INSERT INTO streaming_history (user_id, song_id, played_at, device) VALUES (181, 2535, '2026-02-07 20:56:56', 'mobile');
INSERT INTO streaming_history (user_id, song_id, played_at, device) VALUES (75, 1746, '2025-05-06 11:45:16', 'tablet');
INSERT INTO streaming_history (user_id, song_id, played_at, device) VALUES (47, 5670, '2025-10-01 11:26:54', 'desktop');
INSERT INTO streaming_history (user_id, song_id, played_at, device) VALUES (116, 2353, '2025-07-06 02:09:15', 'desktop');
INSERT INTO streaming_history (user_id, song_id, played_at, device) VALUES (251, 4131, '2025-05-10 07:56:33', 'mobile');
INSERT INTO streaming_history (user_id, song_id, played_at, device) VALUES (114, 1292, '2025-04-07 09:40:38', 'mobile');
INSERT INTO streaming_history (user_id, song_id, played_at, device) VALUES (83, 2819, '2025-05-28 17:44:33', 'smart_tv');
INSERT INTO streaming_history (user_id, song_id, played_at, device) VALUES (93, 353, '2025-06-16 20:29:28', 'mobile');
INSERT INTO streaming_history (user_id, song_id, played_at, device) VALUES (63, 1636, '2025-06-20 17:56:48', 'mobile');
INSERT INTO streaming_history (user_id, song_id, played_at, device) VALUES (295, 2184, '2025-05-10 19:23:38', 'mobile');
INSERT INTO streaming_history (user_id, song_id, played_at, device) VALUES (178, 3335, '2025-11-09 23:02:34', 'tablet');
INSERT INTO streaming_history (user_id, song_id, played_at, device) VALUES (123, 256, '2026-01-19 10:24:07', 'smart_tv');
INSERT INTO streaming_history (user_id, song_id, played_at, device) VALUES (98, 354, '2025-04-15 18:08:00', 'desktop');
INSERT INTO streaming_history (user_id, song_id, played_at, device) VALUES (10, 532, '2025-07-02 00:33:21', 'desktop');
INSERT INTO streaming_history (user_id, song_id, played_at, device) VALUES (141, 2800, '2025-08-07 03:02:33', 'smart_tv');
INSERT INTO streaming_history (user_id, song_id, played_at, device) VALUES (22, 3486, '2025-10-03 10:05:48', 'smart_tv');
INSERT INTO streaming_history (user_id, song_id, played_at, device) VALUES (259, 5428, '2025-06-03 21:43:39', 'smart_tv');
INSERT INTO streaming_history (user_id, song_id, played_at, device) VALUES (38, 787, '2026-03-06 23:08:11', 'smart_tv');
INSERT INTO streaming_history (user_id, song_id, played_at, device) VALUES (44, 7, '2025-04-15 12:21:31', 'smart_tv');
INSERT INTO streaming_history (user_id, song_id, played_at, device) VALUES (195, 770, '2025-06-06 00:06:09', 'mobile');
INSERT INTO streaming_history (user_id, song_id, played_at, device) VALUES (193, 3119, '2025-07-28 16:37:00', 'mobile');
INSERT INTO streaming_history (user_id, song_id, played_at, device) VALUES (252, 3381, '2025-10-25 11:12:01', 'desktop');
INSERT INTO streaming_history (user_id, song_id, played_at, device) VALUES (180, 1580, '2025-08-26 00:34:29', 'mobile');
INSERT INTO streaming_history (user_id, song_id, played_at, device) VALUES (134, 2015, '2025-08-11 06:36:08', 'mobile');
INSERT INTO streaming_history (user_id, song_id, played_at, device) VALUES (24, 3475, '2025-11-19 17:53:38', 'smart_tv');
INSERT INTO streaming_history (user_id, song_id, played_at, device) VALUES (235, 566, '2025-10-20 00:20:48', 'mobile');
INSERT INTO streaming_history (user_id, song_id, played_at, device) VALUES (247, 5807, '2025-12-23 02:30:51', 'tablet');
INSERT INTO streaming_history (user_id, song_id, played_at, device) VALUES (166, 4598, '2025-12-28 20:42:39', 'desktop');
INSERT INTO streaming_history (user_id, song_id, played_at, device) VALUES (274, 6074, '2025-05-27 18:18:03', 'smart_tv');
INSERT INTO streaming_history (user_id, song_id, played_at, device) VALUES (222, 5911, '2025-07-05 15:09:32', 'tablet');
INSERT INTO streaming_history (user_id, song_id, played_at, device) VALUES (136, 5009, '2025-07-17 05:31:46', 'mobile');
INSERT INTO streaming_history (user_id, song_id, played_at, device) VALUES (19, 5863, '2025-05-01 18:44:53', 'smart_tv');
INSERT INTO streaming_history (user_id, song_id, played_at, device) VALUES (152, 5105, '2025-10-27 10:22:46', 'smart_tv');
INSERT INTO streaming_history (user_id, song_id, played_at, device) VALUES (257, 5874, '2025-11-29 00:27:32', 'desktop');
INSERT INTO streaming_history (user_id, song_id, played_at, device) VALUES (28, 4601, '2025-08-02 08:07:34', 'smart_tv');
INSERT INTO streaming_history (user_id, song_id, played_at, device) VALUES (31, 4378, '2025-11-17 21:09:12', 'smart_tv');
INSERT INTO streaming_history (user_id, song_id, played_at, device) VALUES (143, 3212, '2025-07-13 23:02:26', 'smart_tv');
INSERT INTO streaming_history (user_id, song_id, played_at, device) VALUES (219, 822, '2025-09-28 00:09:26', 'desktop');
INSERT INTO streaming_history (user_id, song_id, played_at, device) VALUES (59, 1198, '2025-08-12 10:42:26', 'desktop');
INSERT INTO streaming_history (user_id, song_id, played_at, device) VALUES (229, 3, '2025-07-17 09:43:40', 'mobile');
INSERT INTO streaming_history (user_id, song_id, played_at, device) VALUES (179, 2552, '2025-12-11 09:22:48', 'smart_tv');
INSERT INTO streaming_history (user_id, song_id, played_at, device) VALUES (111, 2918, '2025-12-12 10:05:38', 'smart_tv');
INSERT INTO streaming_history (user_id, song_id, played_at, device) VALUES (5, 2554, '2025-04-28 04:11:06', 'smart_tv');
INSERT INTO streaming_history (user_id, song_id, played_at, device) VALUES (300, 3197, '2025-07-11 07:46:11', 'mobile');
INSERT INTO streaming_history (user_id, song_id, played_at, device) VALUES (245, 4794, '2025-12-06 22:28:01', 'mobile');
INSERT INTO streaming_history (user_id, song_id, played_at, device) VALUES (40, 3287, '2026-02-04 16:38:46', 'tablet');
INSERT INTO streaming_history (user_id, song_id, played_at, device) VALUES (288, 191, '2026-02-05 06:00:49', 'mobile');
INSERT INTO streaming_history (user_id, song_id, played_at, device) VALUES (49, 103, '2025-05-04 13:33:32', 'tablet');
INSERT INTO streaming_history (user_id, song_id, played_at, device) VALUES (126, 5812, '2025-09-09 07:46:58', 'smart_tv');
INSERT INTO streaming_history (user_id, song_id, played_at, device) VALUES (70, 4383, '2025-05-30 18:07:00', 'tablet');
INSERT INTO streaming_history (user_id, song_id, played_at, device) VALUES (24, 5642, '2025-10-05 17:23:33', 'mobile');
INSERT INTO streaming_history (user_id, song_id, played_at, device) VALUES (93, 1732, '2026-01-03 13:59:53', 'mobile');
INSERT INTO streaming_history (user_id, song_id, played_at, device) VALUES (77, 1627, '2025-04-28 11:24:30', 'smart_tv');
INSERT INTO streaming_history (user_id, song_id, played_at, device) VALUES (135, 5167, '2025-09-27 11:38:54', 'desktop');
INSERT INTO streaming_history (user_id, song_id, played_at, device) VALUES (31, 2785, '2025-09-10 17:53:23', 'tablet');
INSERT INTO streaming_history (user_id, song_id, played_at, device) VALUES (97, 3000, '2025-06-18 07:14:24', 'smart_tv');
INSERT INTO streaming_history (user_id, song_id, played_at, device) VALUES (135, 4461, '2025-12-22 03:24:04', 'smart_tv');
INSERT INTO streaming_history (user_id, song_id, played_at, device) VALUES (162, 4855, '2025-08-01 05:30:43', 'smart_tv');
INSERT INTO streaming_history (user_id, song_id, played_at, device) VALUES (232, 469, '2025-09-12 09:14:53', 'mobile');
INSERT INTO streaming_history (user_id, song_id, played_at, device) VALUES (2, 94, '2025-04-05 18:25:54', 'desktop');
INSERT INTO streaming_history (user_id, song_id, played_at, device) VALUES (292, 5385, '2026-03-09 14:55:06', 'tablet');
INSERT INTO streaming_history (user_id, song_id, played_at, device) VALUES (51, 2545, '2026-02-18 22:59:03', 'desktop');
INSERT INTO streaming_history (user_id, song_id, played_at, device) VALUES (6, 3020, '2025-10-27 13:42:44', 'tablet');
INSERT INTO streaming_history (user_id, song_id, played_at, device) VALUES (294, 3282, '2025-11-06 10:11:06', 'mobile');
INSERT INTO streaming_history (user_id, song_id, played_at, device) VALUES (231, 499, '2025-08-02 13:08:44', 'desktop');
INSERT INTO streaming_history (user_id, song_id, played_at, device) VALUES (173, 802, '2026-03-21 05:24:39', 'tablet');
INSERT INTO streaming_history (user_id, song_id, played_at, device) VALUES (33, 497, '2025-10-02 07:36:56', 'smart_tv');
INSERT INTO streaming_history (user_id, song_id, played_at, device) VALUES (4, 3275, '2025-12-14 23:11:12', 'mobile');
INSERT INTO streaming_history (user_id, song_id, played_at, device) VALUES (121, 5064, '2025-05-20 16:33:49', 'tablet');
INSERT INTO streaming_history (user_id, song_id, played_at, device) VALUES (279, 2817, '2025-08-21 11:10:26', 'desktop');
INSERT INTO streaming_history (user_id, song_id, played_at, device) VALUES (254, 2060, '2025-08-19 03:29:56', 'smart_tv');
INSERT INTO streaming_history (user_id, song_id, played_at, device) VALUES (144, 4612, '2026-03-17 06:11:41', 'tablet');
INSERT INTO streaming_history (user_id, song_id, played_at, device) VALUES (228, 200, '2025-10-03 15:24:42', 'desktop');
INSERT INTO streaming_history (user_id, song_id, played_at, device) VALUES (201, 3193, '2025-06-03 13:08:24', 'tablet');
INSERT INTO streaming_history (user_id, song_id, played_at, device) VALUES (39, 2153, '2026-01-03 16:41:47', 'desktop');
INSERT INTO streaming_history (user_id, song_id, played_at, device) VALUES (263, 715, '2025-05-05 00:57:51', 'tablet');
INSERT INTO streaming_history (user_id, song_id, played_at, device) VALUES (289, 4932, '2025-12-26 02:07:15', 'desktop');
INSERT INTO streaming_history (user_id, song_id, played_at, device) VALUES (290, 6046, '2025-08-31 07:41:18', 'desktop');
INSERT INTO streaming_history (user_id, song_id, played_at, device) VALUES (182, 5537, '2025-09-03 02:44:03', 'smart_tv');
INSERT INTO streaming_history (user_id, song_id, played_at, device) VALUES (168, 4739, '2026-01-21 09:44:12', 'desktop');
INSERT INTO streaming_history (user_id, song_id, played_at, device) VALUES (28, 3775, '2025-11-06 02:37:30', 'desktop');
INSERT INTO streaming_history (user_id, song_id, played_at, device) VALUES (209, 2127, '2025-07-05 11:26:20', 'mobile');
INSERT INTO streaming_history (user_id, song_id, played_at, device) VALUES (126, 2321, '2025-05-04 06:52:24', 'mobile');
INSERT INTO streaming_history (user_id, song_id, played_at, device) VALUES (173, 244, '2025-11-17 13:17:49', 'smart_tv');
INSERT INTO streaming_history (user_id, song_id, played_at, device) VALUES (196, 4225, '2025-11-20 14:09:01', 'smart_tv');
INSERT INTO streaming_history (user_id, song_id, played_at, device) VALUES (271, 869, '2025-05-06 23:42:48', 'smart_tv');
INSERT INTO streaming_history (user_id, song_id, played_at, device) VALUES (8, 1975, '2026-03-22 17:56:46', 'mobile');
INSERT INTO streaming_history (user_id, song_id, played_at, device) VALUES (214, 17, '2025-12-23 20:15:14', 'desktop');
INSERT INTO streaming_history (user_id, song_id, played_at, device) VALUES (243, 109, '2026-03-19 11:40:15', 'desktop');
INSERT INTO streaming_history (user_id, song_id, played_at, device) VALUES (252, 1397, '2025-08-03 10:12:49', 'desktop');
INSERT INTO streaming_history (user_id, song_id, played_at, device) VALUES (68, 4635, '2026-02-23 10:44:59', 'desktop');
INSERT INTO streaming_history (user_id, song_id, played_at, device) VALUES (89, 324, '2025-07-31 01:32:17', 'mobile');
INSERT INTO streaming_history (user_id, song_id, played_at, device) VALUES (205, 4708, '2025-03-30 22:24:05', 'desktop');
INSERT INTO streaming_history (user_id, song_id, played_at, device) VALUES (136, 1264, '2025-08-23 03:08:30', 'tablet');
INSERT INTO streaming_history (user_id, song_id, played_at, device) VALUES (92, 2958, '2025-12-30 06:31:22', 'mobile');
INSERT INTO streaming_history (user_id, song_id, played_at, device) VALUES (37, 1366, '2025-09-19 19:12:00', 'tablet');
INSERT INTO streaming_history (user_id, song_id, played_at, device) VALUES (85, 2629, '2025-04-17 04:30:14', 'smart_tv');
INSERT INTO streaming_history (user_id, song_id, played_at, device) VALUES (236, 963, '2026-01-24 20:28:15', 'desktop');
INSERT INTO streaming_history (user_id, song_id, played_at, device) VALUES (197, 702, '2025-04-04 06:46:47', 'desktop');
INSERT INTO streaming_history (user_id, song_id, played_at, device) VALUES (209, 4307, '2025-04-14 22:15:21', 'smart_tv');
INSERT INTO streaming_history (user_id, song_id, played_at, device) VALUES (162, 6122, '2025-07-30 20:23:44', 'desktop');
INSERT INTO streaming_history (user_id, song_id, played_at, device) VALUES (240, 1330, '2025-06-17 18:57:43', 'mobile');
INSERT INTO streaming_history (user_id, song_id, played_at, device) VALUES (300, 2206, '2026-01-04 04:58:45', 'smart_tv');
INSERT INTO streaming_history (user_id, song_id, played_at, device) VALUES (112, 5408, '2026-02-02 05:57:02', 'mobile');
INSERT INTO streaming_history (user_id, song_id, played_at, device) VALUES (262, 4025, '2025-09-15 22:07:23', 'desktop');
INSERT INTO streaming_history (user_id, song_id, played_at, device) VALUES (156, 4054, '2025-04-05 05:55:29', 'smart_tv');
INSERT INTO streaming_history (user_id, song_id, played_at, device) VALUES (197, 2589, '2025-11-29 11:52:23', 'desktop');
INSERT INTO streaming_history (user_id, song_id, played_at, device) VALUES (48, 1551, '2025-05-29 10:44:43', 'mobile');
INSERT INTO streaming_history (user_id, song_id, played_at, device) VALUES (62, 1151, '2025-05-16 09:33:59', 'mobile');
INSERT INTO streaming_history (user_id, song_id, played_at, device) VALUES (251, 859, '2025-09-10 04:03:58', 'smart_tv');
INSERT INTO streaming_history (user_id, song_id, played_at, device) VALUES (25, 2994, '2025-11-26 14:35:07', 'smart_tv');
INSERT INTO streaming_history (user_id, song_id, played_at, device) VALUES (103, 2108, '2025-08-14 17:10:41', 'smart_tv');
INSERT INTO streaming_history (user_id, song_id, played_at, device) VALUES (173, 5480, '2025-06-06 06:56:18', 'smart_tv');
INSERT INTO streaming_history (user_id, song_id, played_at, device) VALUES (24, 2389, '2026-03-15 07:56:51', 'mobile');
INSERT INTO streaming_history (user_id, song_id, played_at, device) VALUES (71, 1707, '2025-06-25 11:09:41', 'desktop');
INSERT INTO streaming_history (user_id, song_id, played_at, device) VALUES (147, 2332, '2025-04-04 22:48:50', 'smart_tv');
INSERT INTO streaming_history (user_id, song_id, played_at, device) VALUES (134, 3366, '2025-10-12 19:53:28', 'smart_tv');
INSERT INTO streaming_history (user_id, song_id, played_at, device) VALUES (296, 5218, '2025-07-06 20:51:36', 'tablet');
INSERT INTO streaming_history (user_id, song_id, played_at, device) VALUES (196, 3994, '2025-11-12 14:22:01', 'desktop');
INSERT INTO streaming_history (user_id, song_id, played_at, device) VALUES (38, 496, '2026-03-12 00:46:16', 'desktop');
INSERT INTO streaming_history (user_id, song_id, played_at, device) VALUES (62, 5026, '2025-12-26 02:14:23', 'tablet');
INSERT INTO streaming_history (user_id, song_id, played_at, device) VALUES (129, 4250, '2025-11-12 17:41:18', 'smart_tv');
INSERT INTO streaming_history (user_id, song_id, played_at, device) VALUES (168, 2873, '2025-08-04 17:59:21', 'tablet');
INSERT INTO streaming_history (user_id, song_id, played_at, device) VALUES (200, 4008, '2025-09-09 15:43:36', 'smart_tv');
INSERT INTO streaming_history (user_id, song_id, played_at, device) VALUES (38, 1424, '2025-05-13 19:27:47', 'tablet');
INSERT INTO streaming_history (user_id, song_id, played_at, device) VALUES (55, 4087, '2025-06-05 10:57:22', 'tablet');
INSERT INTO streaming_history (user_id, song_id, played_at, device) VALUES (93, 2881, '2025-11-27 19:53:13', 'mobile');
INSERT INTO streaming_history (user_id, song_id, played_at, device) VALUES (18, 1607, '2025-10-16 12:00:06', 'mobile');
INSERT INTO streaming_history (user_id, song_id, played_at, device) VALUES (193, 5138, '2025-11-04 15:46:21', 'desktop');
INSERT INTO streaming_history (user_id, song_id, played_at, device) VALUES (228, 1853, '2025-06-05 12:47:28', 'smart_tv');
INSERT INTO streaming_history (user_id, song_id, played_at, device) VALUES (90, 630, '2025-12-01 23:43:51', 'tablet');
INSERT INTO streaming_history (user_id, song_id, played_at, device) VALUES (191, 4798, '2026-03-15 01:58:41', 'smart_tv');
INSERT INTO streaming_history (user_id, song_id, played_at, device) VALUES (120, 1506, '2025-04-29 08:21:42', 'tablet');
INSERT INTO streaming_history (user_id, song_id, played_at, device) VALUES (155, 1313, '2025-09-12 09:58:21', 'tablet');
INSERT INTO streaming_history (user_id, song_id, played_at, device) VALUES (157, 2756, '2025-09-18 13:58:03', 'tablet');
INSERT INTO streaming_history (user_id, song_id, played_at, device) VALUES (39, 966, '2025-08-13 08:59:06', 'desktop');
INSERT INTO streaming_history (user_id, song_id, played_at, device) VALUES (296, 635, '2025-04-01 02:21:27', 'smart_tv');
INSERT INTO streaming_history (user_id, song_id, played_at, device) VALUES (9, 5816, '2025-09-20 09:49:39', 'tablet');
INSERT INTO streaming_history (user_id, song_id, played_at, device) VALUES (152, 1953, '2026-02-07 22:16:25', 'smart_tv');
INSERT INTO streaming_history (user_id, song_id, played_at, device) VALUES (42, 5689, '2025-12-11 06:14:43', 'tablet');
INSERT INTO streaming_history (user_id, song_id, played_at, device) VALUES (139, 2429, '2026-01-06 22:03:46', 'mobile');
INSERT INTO streaming_history (user_id, song_id, played_at, device) VALUES (32, 327, '2026-02-24 09:32:03', 'tablet');
INSERT INTO streaming_history (user_id, song_id, played_at, device) VALUES (135, 6033, '2025-04-01 15:27:20', 'smart_tv');
INSERT INTO streaming_history (user_id, song_id, played_at, device) VALUES (139, 1832, '2025-06-17 05:36:38', 'mobile');
INSERT INTO streaming_history (user_id, song_id, played_at, device) VALUES (107, 5003, '2026-02-15 02:02:52', 'mobile');
INSERT INTO streaming_history (user_id, song_id, played_at, device) VALUES (299, 1558, '2026-03-14 02:05:39', 'desktop');
INSERT INTO streaming_history (user_id, song_id, played_at, device) VALUES (216, 2014, '2025-12-23 10:32:11', 'smart_tv');
INSERT INTO streaming_history (user_id, song_id, played_at, device) VALUES (268, 333, '2025-07-27 03:25:54', 'smart_tv');
INSERT INTO streaming_history (user_id, song_id, played_at, device) VALUES (144, 5818, '2025-11-26 06:17:40', 'mobile');
INSERT INTO streaming_history (user_id, song_id, played_at, device) VALUES (248, 3132, '2025-04-26 16:26:19', 'desktop');
INSERT INTO streaming_history (user_id, song_id, played_at, device) VALUES (11, 2917, '2026-02-17 07:31:08', 'desktop');
INSERT INTO streaming_history (user_id, song_id, played_at, device) VALUES (201, 4170, '2025-11-13 06:57:37', 'smart_tv');
INSERT INTO streaming_history (user_id, song_id, played_at, device) VALUES (123, 155, '2025-11-06 09:59:33', 'tablet');
INSERT INTO streaming_history (user_id, song_id, played_at, device) VALUES (118, 922, '2025-04-20 15:18:02', 'desktop');
INSERT INTO streaming_history (user_id, song_id, played_at, device) VALUES (244, 136, '2026-03-01 20:17:13', 'mobile');
INSERT INTO streaming_history (user_id, song_id, played_at, device) VALUES (141, 2139, '2025-04-17 10:36:16', 'desktop');
INSERT INTO streaming_history (user_id, song_id, played_at, device) VALUES (240, 1558, '2026-03-03 18:31:44', 'desktop');
INSERT INTO streaming_history (user_id, song_id, played_at, device) VALUES (110, 5050, '2025-07-29 05:52:42', 'mobile');
INSERT INTO streaming_history (user_id, song_id, played_at, device) VALUES (100, 5019, '2025-07-12 21:02:38', 'smart_tv');
INSERT INTO streaming_history (user_id, song_id, played_at, device) VALUES (119, 891, '2025-09-19 11:33:12', 'smart_tv');
INSERT INTO streaming_history (user_id, song_id, played_at, device) VALUES (226, 1622, '2025-07-10 16:24:55', 'tablet');
INSERT INTO streaming_history (user_id, song_id, played_at, device) VALUES (167, 5249, '2025-06-22 08:45:06', 'mobile');
INSERT INTO streaming_history (user_id, song_id, played_at, device) VALUES (150, 3334, '2025-05-09 16:40:49', 'mobile');
INSERT INTO streaming_history (user_id, song_id, played_at, device) VALUES (245, 4281, '2026-01-30 01:44:41', 'tablet');
INSERT INTO streaming_history (user_id, song_id, played_at, device) VALUES (163, 2385, '2025-08-29 23:00:31', 'smart_tv');
INSERT INTO streaming_history (user_id, song_id, played_at, device) VALUES (221, 4934, '2025-07-26 12:00:25', 'mobile');
INSERT INTO streaming_history (user_id, song_id, played_at, device) VALUES (39, 5436, '2025-10-09 02:13:08', 'mobile');
INSERT INTO streaming_history (user_id, song_id, played_at, device) VALUES (295, 1539, '2025-06-17 04:51:16', 'mobile');
INSERT INTO streaming_history (user_id, song_id, played_at, device) VALUES (200, 1470, '2025-08-10 19:38:51', 'desktop');
INSERT INTO streaming_history (user_id, song_id, played_at, device) VALUES (187, 4827, '2025-09-21 01:07:26', 'smart_tv');
INSERT INTO streaming_history (user_id, song_id, played_at, device) VALUES (66, 1719, '2026-03-23 05:49:07', 'mobile');
INSERT INTO streaming_history (user_id, song_id, played_at, device) VALUES (108, 5684, '2025-06-02 07:54:59', 'desktop');
INSERT INTO streaming_history (user_id, song_id, played_at, device) VALUES (98, 3323, '2025-07-27 01:54:27', 'desktop');
INSERT INTO streaming_history (user_id, song_id, played_at, device) VALUES (26, 3207, '2026-03-03 22:08:12', 'smart_tv');
INSERT INTO streaming_history (user_id, song_id, played_at, device) VALUES (48, 520, '2025-06-19 13:44:44', 'mobile');
INSERT INTO streaming_history (user_id, song_id, played_at, device) VALUES (150, 4140, '2026-02-16 07:53:05', 'desktop');
INSERT INTO streaming_history (user_id, song_id, played_at, device) VALUES (12, 4010, '2026-03-02 12:37:18', 'smart_tv');
INSERT INTO streaming_history (user_id, song_id, played_at, device) VALUES (4, 2035, '2025-06-19 13:01:55', 'smart_tv');
INSERT INTO streaming_history (user_id, song_id, played_at, device) VALUES (70, 5257, '2026-01-16 23:57:20', 'mobile');
INSERT INTO streaming_history (user_id, song_id, played_at, device) VALUES (288, 5481, '2025-03-29 15:14:16', 'smart_tv');
INSERT INTO streaming_history (user_id, song_id, played_at, device) VALUES (272, 4646, '2025-09-06 01:23:22', 'desktop');
INSERT INTO streaming_history (user_id, song_id, played_at, device) VALUES (86, 5077, '2026-02-08 18:08:57', 'desktop');
INSERT INTO streaming_history (user_id, song_id, played_at, device) VALUES (267, 1046, '2025-11-15 22:57:01', 'desktop');
INSERT INTO streaming_history (user_id, song_id, played_at, device) VALUES (50, 5327, '2025-05-06 05:47:36', 'mobile');
INSERT INTO streaming_history (user_id, song_id, played_at, device) VALUES (126, 1814, '2025-09-02 07:48:13', 'mobile');
INSERT INTO streaming_history (user_id, song_id, played_at, device) VALUES (57, 3777, '2026-02-12 03:19:43', 'tablet');
INSERT INTO streaming_history (user_id, song_id, played_at, device) VALUES (106, 2562, '2025-10-08 06:35:20', 'desktop');
INSERT INTO streaming_history (user_id, song_id, played_at, device) VALUES (82, 2675, '2026-02-12 16:30:56', 'desktop');
INSERT INTO streaming_history (user_id, song_id, played_at, device) VALUES (300, 3774, '2026-01-08 02:25:36', 'desktop');
INSERT INTO streaming_history (user_id, song_id, played_at, device) VALUES (215, 3154, '2025-07-20 07:56:50', 'tablet');
INSERT INTO streaming_history (user_id, song_id, played_at, device) VALUES (119, 1498, '2025-12-15 19:48:49', 'smart_tv');
